ibge_municipio,ubs_records,valid_coordinate_records,latitude_missing,longitude_missing,coordinate_validity_pct,missing_coordinate_records,municipio_nome_ibge,microrregiao_id,microrregiao_nome,mesorregiao_id,mesorregiao_nome,uf_id,uf_sigla,uf_nome,regiao_id,regiao_sigla,regiao_nome,regiao_imediata_id,regiao_imediata_nome,regiao_intermediaria_id,regiao_intermediaria_nome,municipio_nome_sidra,area_km2,densidade_demografica,populacao_residente,ubs_per_10k_population,ubs_per_1000_km2,coordinate_quality_flag,population_pressure_flag,territorial_dispersion_flag
110001,4,4,0,0,100.0,0,,,,,,,,,,,,,,,,,,,,,,good,population_not_loaded,area_not_loaded
110002,16,16,0,0,100.0,0,,,,,,,,,,,,,,,,,,,,,,good,population_not_loaded,area_not_loaded
110003,3,3,0,0,100.0,0,,,,,,,,,,,,,,,,,,,,,,good,population_not_loaded,area_not_loaded
110004,15,15,0,0,100.0,0,,,,,,,,,,,,,,,,,,,,,,good,population_not_loaded,area_not_loaded
110005,6,5,1,1,83.33333333333334,1,,,,,,,,,,,,,,,,,,,,,,monitor,population_not_loaded,area_not_loaded
110006,5,5,0,0,100.0,0,,,,,,,,,,,,,,,,,,,,,,good,population_not_loaded,area_not_loaded
110007,4,4,0,0,100.0,0,,,,,,,,,,,,,,,,,,,,,,good,population_not_loaded,area_not_loaded
110008,3,3,0,0,100.0,0,,,,,,,,,,,,,,,,,,,,,,good,population_not_loaded,area_not_loaded
110009,6,6,0,0,100.0,0,,,,,,,,,,,,,,,,,,,,,,good,population_not_loaded,area_not_loaded
110010,10,9,1,1,90.0,1,,,,,,,,,,,,,,,,,,,,,,monitor,population_not_loaded,area_not_loaded
110011,12,12,0,0,100.0,0,,,,,,,,,,,,,,,,,,,,,,good,population_not_loaded,area_not_loaded
110012,17,17,0,0,100.0,0,,,,,,,,,,,,,,,,,,,,,,good,population_not_loaded,area_not_loaded
110013,9,9,0,0,100.0,0,,,,,,,,,,,,,,,,,,,,,,good,population_not_loaded,area_not_loaded
110014,5,5,0,0,100.0,0,,,,,,,,,,,,,,,,,,,,,,good,population_not_loaded,area_not_loaded
110015,7,7,0,0,100.0,0,,,,,,,,,,,,,,,,,,,,,,good,population_not_loaded,area_not_loaded
110018,8,8,0,0,100.0,0,,,,,,,,,,,,,,,,,,,,,,good,population_not_loaded,area_not_loaded
110020,60,57,3,3,95.0,3,,,,,,,,,,,,,,,,,,,,,,monitor,population_not_loaded,area_not_loaded
110025,9,9,0,0,100.0,0,,,,,,,,,,,,,,,,,,,,,,good,population_not_loaded,area_not_loaded
110026,1,1,0,0,100.0,0,,,,,,,,,,,,,,,,,,,,,,good,population_not_loaded,area_not_loaded
110028,15,11,4,4,73.33333333333333,4,,,,,,,,,,,,,,,,,,,,,,high_attention,population_not_loaded,area_not_loaded
110029,2,2,0,0,100.0,0,,,,,,,,,,,,,,,,,,,,,,good,population_not_loaded,area_not_loaded
110030,10,9,1,1,90.0,1,,,,,,,,,,,,,,,,,,,,,,monitor,population_not_loaded,area_not_loaded
110032,4,4,0,0,100.0,0,,,,,,,,,,,,,,,,,,,,,,good,population_not_loaded,area_not_loaded
110033,4,4,0,0,100.0,0,,,,,,,,,,,,,,,,,,,,,,good,population_not_loaded,area_not_loaded
110034,6,6,0,0,100.0,0,,,,,,,,,,,,,,,,,,,,,,good,population_not_loaded,area_not_loaded
110037,6,6,0,0,100.0,0,,,,,,,,,,,,,,,,,,,,,,good,population_not_loaded,area_not_loaded
110040,5,5,0,0,100.0,0,,,,,,,,,,,,,,,,,,,,,,good,population_not_loaded,area_not_loaded
110045,6,6,0,0,100.0,0,,,,,,,,,,,,,,,,,,,,,,good,population_not_loaded,area_not_loaded
110050,2,2,0,0,100.0,0,,,,,,,,,,,,,,,,,,,,,,good,population_not_loaded,area_not_loaded
110060,3,3,0,0,100.0,0,,,,,,,,,,,,,,,,,,,,,,good,population_not_loaded,area_not_loaded
110070,5,5,0,0,100.0,0,,,,,,,,,,,,,,,,,,,,,,good,population_not_loaded,area_not_loaded
110080,4,4,0,0,100.0,0,,,,,,,,,,,,,,,,,,,,,,good,population_not_loaded,area_not_loaded
110090,2,2,0,0,100.0,0,,,,,,,,,,,,,,,,,,,,,,good,population_not_loaded,area_not_loaded
110092,7,7,0,0,100.0,0,,,,,,,,,,,,,,,,,,,,,,good,population_not_loaded,area_not_loaded
110094,5,3,2,2,60.0,2,,,,,,,,,,,,,,,,,,,,,,high_attention,population_not_loaded,area_not_loaded
110100,4,4,0,0,100.0,0,,,,,,,,,,,,,,,,,,,,,,good,population_not_loaded,area_not_loaded
110110,2,2,0,0,100.0,0,,,,,,,,,,,,,,,,,,,,,,good,population_not_loaded,area_not_loaded
110120,2,2,0,0,100.0,0,,,,,,,,,,,,,,,,,,,,,,good,population_not_loaded,area_not_loaded
110130,2,2,0,0,100.0,0,,,,,,,,,,,,,,,,,,,,,,good,population_not_loaded,area_not_loaded
110140,9,8,1,1,88.88888888888889,1,,,,,,,,,,,,,,,,,,,,,,monitor,population_not_loaded,area_not_loaded
110143,1,1,0,0,100.0,0,,,,,,,,,,,,,,,,,,,,,,good,population_not_loaded,area_not_loaded
110145,3,3,0,0,100.0,0,,,,,,,,,,,,,,,,,,,,,,good,population_not_loaded,area_not_loaded
110146,2,1,1,1,50.0,1,,,,,,,,,,,,,,,,,,,,,,high_attention,population_not_loaded,area_not_loaded
110147,3,3,0,0,100.0,0,,,,,,,,,,,,,,,,,,,,,,good,population_not_loaded,area_not_loaded
110148,3,3,0,0,100.0,0,,,,,,,,,,,,,,,,,,,,,,good,population_not_loaded,area_not_loaded
110149,6,6,0,0,100.0,0,,,,,,,,,,,,,,,,,,,,,,good,population_not_loaded,area_not_loaded
110150,3,3,0,0,100.0,0,,,,,,,,,,,,,,,,,,,,,,good,population_not_loaded,area_not_loaded
110155,1,1,0,0,100.0,0,,,,,,,,,,,,,,,,,,,,,,good,population_not_loaded,area_not_loaded
110160,5,5,0,0,100.0,0,,,,,,,,,,,,,,,,,,,,,,good,population_not_loaded,area_not_loaded
110170,3,3,0,0,100.0,0,,,,,,,,,,,,,,,,,,,,,,good,population_not_loaded,area_not_loaded
110175,3,3,0,0,100.0,0,,,,,,,,,,,,,,,,,,,,,,good,population_not_loaded,area_not_loaded
110180,3,2,1,1,66.66666666666666,1,,,,,,,,,,,,,,,,,,,,,,high_attention,population_not_loaded,area_not_loaded
120001,6,6,0,0,100.0,0,,,,,,,,,,,,,,,,,,,,,,good,population_not_loaded,area_not_loaded
120005,4,4,0,0,100.0,0,,,,,,,,,,,,,,,,,,,,,,good,population_not_loaded,area_not_loaded
120010,10,10,0,0,100.0,0,,,,,,,,,,,,,,,,,,,,,,good,population_not_loaded,area_not_loaded
120013,6,6,0,0,100.0,0,,,,,,,,,,,,,,,,,,,,,,good,population_not_loaded,area_not_loaded
120017,6,6,0,0,100.0,0,,,,,,,,,,,,,,,,,,,,,,good,population_not_loaded,area_not_loaded
120020,30,30,0,0,100.0,0,,,,,,,,,,,,,,,,,,,,,,good,population_not_loaded,area_not_loaded
120025,8,8,0,0,100.0,0,,,,,,,,,,,,,,,,,,,,,,good,population_not_loaded,area_not_loaded
120030,8,8,0,0,100.0,0,,,,,,,,,,,,,,,,,,,,,,good,population_not_loaded,area_not_loaded
120032,5,5,0,0,100.0,0,,,,,,,,,,,,,,,,,,,,,,good,population_not_loaded,area_not_loaded
120033,10,9,1,1,90.0,1,,,,,,,,,,,,,,,,,,,,,,monitor,population_not_loaded,area_not_loaded
120034,4,4,0,0,100.0,0,,,,,,,,,,,,,,,,,,,,,,good,population_not_loaded,area_not_loaded
120035,5,5,0,0,100.0,0,,,,,,,,,,,,,,,,,,,,,,good,population_not_loaded,area_not_loaded
120038,8,8,0,0,100.0,0,,,,,,,,,,,,,,,,,,,,,,good,population_not_loaded,area_not_loaded
120039,5,5,0,0,100.0,0,,,,,,,,,,,,,,,,,,,,,,good,population_not_loaded,area_not_loaded
120040,107,105,2,2,98.13084112149532,2,,,,,,,,,,,,,,,,,,,,,,good,population_not_loaded,area_not_loaded
120042,9,9,0,0,100.0,0,,,,,,,,,,,,,,,,,,,,,,good,population_not_loaded,area_not_loaded
120043,2,2,0,0,100.0,0,,,,,,,,,,,,,,,,,,,,,,good,population_not_loaded,area_not_loaded
120045,11,10,1,1,90.9090909090909,1,,,,,,,,,,,,,,,,,,,,,,monitor,population_not_loaded,area_not_loaded
120050,17,17,0,0,100.0,0,,,,,,,,,,,,,,,,,,,,,,good,population_not_loaded,area_not_loaded
120060,10,10,0,0,100.0,0,,,,,,,,,,,,,,,,,,,,,,good,population_not_loaded,area_not_loaded
120070,8,8,0,0,100.0,0,,,,,,,,,,,,,,,,,,,,,,good,population_not_loaded,area_not_loaded
120080,5,5,0,0,100.0,0,,,,,,,,,,,,,,,,,,,,,,good,population_not_loaded,area_not_loaded
130002,6,6,0,0,100.0,0,,,,,,,,,,,,,,,,,,,,,,good,population_not_loaded,area_not_loaded
130006,3,3,0,0,100.0,0,,,,,,,,,,,,,,,,,,,,,,good,population_not_loaded,area_not_loaded
130008,1,1,0,0,100.0,0,,,,,,,,,,,,,,,,,,,,,,good,population_not_loaded,area_not_loaded
130010,5,5,0,0,100.0,0,,,,,,,,,,,,,,,,,,,,,,good,population_not_loaded,area_not_loaded
130014,8,8,0,0,100.0,0,,,,,,,,,,,,,,,,,,,,,,good,population_not_loaded,area_not_loaded
130020,6,6,0,0,100.0,0,,,,,,,,,,,,,,,,,,,,,,good,population_not_loaded,area_not_loaded
130030,13,13,0,0,100.0,0,,,,,,,,,,,,,,,,,,,,,,good,population_not_loaded,area_not_loaded
130040,7,7,0,0,100.0,0,,,,,,,,,,,,,,,,,,,,,,good,population_not_loaded,area_not_loaded
130050,12,12,0,0,100.0,0,,,,,,,,,,,,,,,,,,,,,,good,population_not_loaded,area_not_loaded
130060,6,6,0,0,100.0,0,,,,,,,,,,,,,,,,,,,,,,good,population_not_loaded,area_not_loaded
130068,3,3,0,0,100.0,0,,,,,,,,,,,,,,,,,,,,,,good,population_not_loaded,area_not_loaded
130070,5,5,0,0,100.0,0,,,,,,,,,,,,,,,,,,,,,,good,population_not_loaded,area_not_loaded
130080,9,9,0,0,100.0,0,,,,,,,,,,,,,,,,,,,,,,good,population_not_loaded,area_not_loaded
130083,4,4,0,0,100.0,0,,,,,,,,,,,,,,,,,,,,,,good,population_not_loaded,area_not_loaded
130090,3,3,0,0,100.0,0,,,,,,,,,,,,,,,,,,,,,,good,population_not_loaded,area_not_loaded
130100,6,6,0,0,100.0,0,,,,,,,,,,,,,,,,,,,,,,good,population_not_loaded,area_not_loaded
130110,13,13,0,0,100.0,0,,,,,,,,,,,,,,,,,,,,,,good,population_not_loaded,area_not_loaded
130120,15,15,0,0,100.0,0,,,,,,,,,,,,,,,,,,,,,,good,population_not_loaded,area_not_loaded
130140,4,4,0,0,100.0,0,,,,,,,,,,,,,,,,,,,,,,good,population_not_loaded,area_not_loaded
130150,4,4,0,0,100.0,0,,,,,,,,,,,,,,,,,,,,,,good,population_not_loaded,area_not_loaded
130160,4,4,0,0,100.0,0,,,,,,,,,,,,,,,,,,,,,,good,population_not_loaded,area_not_loaded
130165,5,5,0,0,100.0,0,,,,,,,,,,,,,,,,,,,,,,good,population_not_loaded,area_not_loaded
130170,15,15,0,0,100.0,0,,,,,,,,,,,,,,,,,,,,,,good,population_not_loaded,area_not_loaded
130180,4,4,0,0,100.0,0,,,,,,,,,,,,,,,,,,,,,,good,population_not_loaded,area_not_loaded
130185,21,20,1,1,95.23809523809523,1,,,,,,,,,,,,,,,,,,,,,,good,population_not_loaded,area_not_loaded
130190,17,17,0,0,100.0,0,,,,,,,,,,,,,,,,,,,,,,good,population_not_loaded,area_not_loaded
130195,5,5,0,0,100.0,0,,,,,,,,,,,,,,,,,,,,,,good,population_not_loaded,area_not_loaded
130200,5,5,0,0,100.0,0,,,,,,,,,,,,,,,,,,,,,,good,population_not_loaded,area_not_loaded
130210,5,5,0,0,100.0,0,,,,,,,,,,,,,,,,,,,,,,good,population_not_loaded,area_not_loaded
130220,3,3,0,0,100.0,0,,,,,,,,,,,,,,,,,,,,,,good,population_not_loaded,area_not_loaded
130230,2,2,0,0,100.0,0,,,,,,,,,,,,,,,,,,,,,,good,population_not_loaded,area_not_loaded
130240,13,13,0,0,100.0,0,,,,,,,,,,,,,,,,,,,,,,good,population_not_loaded,area_not_loaded
130250,21,21,0,0,100.0,0,,,,,,,,,,,,,,,,,,,,,,good,population_not_loaded,area_not_loaded
130255,3,3,0,0,100.0,0,,,,,,,,,,,,,,,,,,,,,,good,population_not_loaded,area_not_loaded
130260,261,255,6,6,97.70114942528735,6,,,,,,,,,,,,,,,,,,,,,,good,population_not_loaded,area_not_loaded
130270,13,13,0,0,100.0,0,,,,,,,,,,,,,,,,,,,,,,good,population_not_loaded,area_not_loaded
130280,5,5,0,0,100.0,0,,,,,,,,,,,,,,,,,,,,,,good,population_not_loaded,area_not_loaded
130290,9,8,1,1,88.88888888888889,1,,,,,,,,,,,,,,,,,,,,,,monitor,population_not_loaded,area_not_loaded
130300,7,7,0,0,100.0,0,,,,,,,,,,,,,,,,,,,,,,good,population_not_loaded,area_not_loaded
130310,7,7,0,0,100.0,0,,,,,,,,,,,,,,,,,,,,,,good,population_not_loaded,area_not_loaded
130320,7,7,0,0,100.0,0,,,,,,,,,,,,,,,,,,,,,,good,population_not_loaded,area_not_loaded
130330,9,9,0,0,100.0,0,,,,,,,,,,,,,,,,,,,,,,good,population_not_loaded,area_not_loaded
130340,21,20,1,1,95.23809523809523,1,,,,,,,,,,,,,,,,,,,,,,good,population_not_loaded,area_not_loaded
130350,4,4,0,0,100.0,0,,,,,,,,,,,,,,,,,,,,,,good,population_not_loaded,area_not_loaded
130353,23,23,0,0,100.0,0,,,,,,,,,,,,,,,,,,,,,,good,population_not_loaded,area_not_loaded
130356,9,9,0,0,100.0,0,,,,,,,,,,,,,,,,,,,,,,good,population_not_loaded,area_not_loaded
130360,5,5,0,0,100.0,0,,,,,,,,,,,,,,,,,,,,,,good,population_not_loaded,area_not_loaded
130370,7,7,0,0,100.0,0,,,,,,,,,,,,,,,,,,,,,,good,population_not_loaded,area_not_loaded
130380,6,6,0,0,100.0,0,,,,,,,,,,,,,,,,,,,,,,good,population_not_loaded,area_not_loaded
130390,6,6,0,0,100.0,0,,,,,,,,,,,,,,,,,,,,,,good,population_not_loaded,area_not_loaded
130395,4,4,0,0,100.0,0,,,,,,,,,,,,,,,,,,,,,,good,population_not_loaded,area_not_loaded
130400,6,6,0,0,100.0,0,,,,,,,,,,,,,,,,,,,,,,good,population_not_loaded,area_not_loaded
130406,8,8,0,0,100.0,0,,,,,,,,,,,,,,,,,,,,,,good,population_not_loaded,area_not_loaded
130410,6,6,0,0,100.0,0,,,,,,,,,,,,,,,,,,,,,,good,population_not_loaded,area_not_loaded
130420,9,9,0,0,100.0,0,,,,,,,,,,,,,,,,,,,,,,good,population_not_loaded,area_not_loaded
130423,5,5,0,0,100.0,0,,,,,,,,,,,,,,,,,,,,,,good,population_not_loaded,area_not_loaded
130426,3,3,0,0,100.0,0,,,,,,,,,,,,,,,,,,,,,,good,population_not_loaded,area_not_loaded
130430,5,5,0,0,100.0,0,,,,,,,,,,,,,,,,,,,,,,good,population_not_loaded,area_not_loaded
130440,5,5,0,0,100.0,0,,,,,,,,,,,,,,,,,,,,,,good,population_not_loaded,area_not_loaded
140002,10,9,1,1,90.0,1,,,,,,,,,,,,,,,,,,,,,,monitor,population_not_loaded,area_not_loaded
140005,8,8,0,0,100.0,0,,,,,,,,,,,,,,,,,,,,,,good,population_not_loaded,area_not_loaded
140010,56,49,6,7,87.5,7,,,,,,,,,,,,,,,,,,,,,,monitor,population_not_loaded,area_not_loaded
140015,11,11,0,0,100.0,0,,,,,,,,,,,,,,,,,,,,,,good,population_not_loaded,area_not_loaded
140017,5,5,0,0,100.0,0,,,,,,,,,,,,,,,,,,,,,,good,population_not_loaded,area_not_loaded
140020,10,9,1,1,90.0,1,,,,,,,,,,,,,,,,,,,,,,monitor,population_not_loaded,area_not_loaded
140023,3,3,0,0,100.0,0,,,,,,,,,,,,,,,,,,,,,,good,population_not_loaded,area_not_loaded
140028,5,5,0,0,100.0,0,,,,,,,,,,,,,,,,,,,,,,good,population_not_loaded,area_not_loaded
140030,8,8,0,0,100.0,0,,,,,,,,,,,,,,,,,,,,,,good,population_not_loaded,area_not_loaded
140040,11,8,3,3,72.72727272727273,3,,,,,,,,,,,,,,,,,,,,,,high_attention,population_not_loaded,area_not_loaded
140045,12,12,0,0,100.0,0,,,,,,,,,,,,,,,,,,,,,,good,population_not_loaded,area_not_loaded
140047,14,14,0,0,100.0,0,,,,,,,,,,,,,,,,,,,,,,good,population_not_loaded,area_not_loaded
140050,2,2,0,0,100.0,0,,,,,,,,,,,,,,,,,,,,,,good,population_not_loaded,area_not_loaded
140060,5,5,0,0,100.0,0,,,,,,,,,,,,,,,,,,,,,,good,population_not_loaded,area_not_loaded
140070,8,7,1,1,87.5,1,,,,,,,,,,,,,,,,,,,,,,monitor,population_not_loaded,area_not_loaded
150010,30,30,0,0,100.0,0,,,,,,,,,,,,,,,,,,,,,,good,population_not_loaded,area_not_loaded
150013,3,3,0,0,100.0,0,,,,,,,,,,,,,,,,,,,,,,good,population_not_loaded,area_not_loaded
150020,11,11,0,0,100.0,0,,,,,,,,,,,,,,,,,,,,,,good,population_not_loaded,area_not_loaded
150030,6,6,0,0,100.0,0,,,,,,,,,,,,,,,,,,,,,,good,population_not_loaded,area_not_loaded
150034,9,9,0,0,100.0,0,,,,,,,,,,,,,,,,,,,,,,good,population_not_loaded,area_not_loaded
150040,6,6,0,0,100.0,0,,,,,,,,,,,,,,,,,,,,,,good,population_not_loaded,area_not_loaded
150050,9,9,0,0,100.0,0,,,,,,,,,,,,,,,,,,,,,,good,population_not_loaded,area_not_loaded
150060,28,28,0,0,100.0,0,,,,,,,,,,,,,,,,,,,,,,good,population_not_loaded,area_not_loaded
150070,1,1,0,0,100.0,0,,,,,,,,,,,,,,,,,,,,,,good,population_not_loaded,area_not_loaded
150080,72,68,4,4,94.44444444444444,4,,,,,,,,,,,,,,,,,,,,,,monitor,population_not_loaded,area_not_loaded
150085,10,10,0,0,100.0,0,,,,,,,,,,,,,,,,,,,,,,good,population_not_loaded,area_not_loaded
150090,4,4,0,0,100.0,0,,,,,,,,,,,,,,,,,,,,,,good,population_not_loaded,area_not_loaded
150095,9,9,0,0,100.0,0,,,,,,,,,,,,,,,,,,,,,,good,population_not_loaded,area_not_loaded
150100,7,7,0,0,100.0,0,,,,,,,,,,,,,,,,,,,,,,good,population_not_loaded,area_not_loaded
150110,6,6,0,0,100.0,0,,,,,,,,,,,,,,,,,,,,,,good,population_not_loaded,area_not_loaded
150120,14,14,0,0,100.0,0,,,,,,,,,,,,,,,,,,,,,,good,population_not_loaded,area_not_loaded
150125,2,2,0,0,100.0,0,,,,,,,,,,,,,,,,,,,,,,good,population_not_loaded,area_not_loaded
150130,31,30,1,1,96.7741935483871,1,,,,,,,,,,,,,,,,,,,,,,good,population_not_loaded,area_not_loaded
150140,98,95,3,3,96.93877551020408,3,,,,,,,,,,,,,,,,,,,,,,good,population_not_loaded,area_not_loaded
150145,10,10,0,0,100.0,0,,,,,,,,,,,,,,,,,,,,,,good,population_not_loaded,area_not_loaded
150150,18,18,0,0,100.0,0,,,,,,,,,,,,,,,,,,,,,,good,population_not_loaded,area_not_loaded
150157,5,5,0,0,100.0,0,,,,,,,,,,,,,,,,,,,,,,good,population_not_loaded,area_not_loaded
150160,9,9,0,0,100.0,0,,,,,,,,,,,,,,,,,,,,,,good,population_not_loaded,area_not_loaded
150170,33,33,0,0,100.0,0,,,,,,,,,,,,,,,,,,,,,,good,population_not_loaded,area_not_loaded
150172,7,7,0,0,100.0,0,,,,,,,,,,,,,,,,,,,,,,good,population_not_loaded,area_not_loaded
150175,4,4,0,0,100.0,0,,,,,,,,,,,,,,,,,,,,,,good,population_not_loaded,area_not_loaded
150178,18,18,0,0,100.0,0,,,,,,,,,,,,,,,,,,,,,,good,population_not_loaded,area_not_loaded
150180,21,21,0,0,100.0,0,,,,,,,,,,,,,,,,,,,,,,good,population_not_loaded,area_not_loaded
150190,10,10,0,0,100.0,0,,,,,,,,,,,,,,,,,,,,,,good,population_not_loaded,area_not_loaded
150195,15,15,0,0,100.0,0,,,,,,,,,,,,,,,,,,,,,,good,population_not_loaded,area_not_loaded
150200,9,9,0,0,100.0,0,,,,,,,,,,,,,,,,,,,,,,good,population_not_loaded,area_not_loaded
150210,30,30,0,0,100.0,0,,,,,,,,,,,,,,,,,,,,,,good,population_not_loaded,area_not_loaded
150215,14,14,0,0,100.0,0,,,,,,,,,,,,,,,,,,,,,,good,population_not_loaded,area_not_loaded
150220,24,23,1,1,95.83333333333334,1,,,,,,,,,,,,,,,,,,,,,,good,population_not_loaded,area_not_loaded
150230,15,15,0,0,100.0,0,,,,,,,,,,,,,,,,,,,,,,good,population_not_loaded,area_not_loaded
150240,50,47,3,3,94.0,3,,,,,,,,,,,,,,,,,,,,,,monitor,population_not_loaded,area_not_loaded
150250,5,5,0,0,100.0,0,,,,,,,,,,,,,,,,,,,,,,good,population_not_loaded,area_not_loaded
150260,5,5,0,0,100.0,0,,,,,,,,,,,,,,,,,,,,,,good,population_not_loaded,area_not_loaded
150270,15,15,0,0,100.0,0,,,,,,,,,,,,,,,,,,,,,,good,population_not_loaded,area_not_loaded
150275,8,8,0,0,100.0,0,,,,,,,,,,,,,,,,,,,,,,good,population_not_loaded,area_not_loaded
150276,6,6,0,0,100.0,0,,,,,,,,,,,,,,,,,,,,,,good,population_not_loaded,area_not_loaded
150277,7,7,0,0,100.0,0,,,,,,,,,,,,,,,,,,,,,,good,population_not_loaded,area_not_loaded
150280,8,8,0,0,100.0,0,,,,,,,,,,,,,,,,,,,,,,good,population_not_loaded,area_not_loaded
150285,6,6,0,0,100.0,0,,,,,,,,,,,,,,,,,,,,,,good,population_not_loaded,area_not_loaded
150290,14,14,0,0,100.0,0,,,,,,,,,,,,,,,,,,,,,,good,population_not_loaded,area_not_loaded
150293,14,14,0,0,100.0,0,,,,,,,,,,,,,,,,,,,,,,good,population_not_loaded,area_not_loaded
150295,8,8,0,0,100.0,0,,,,,,,,,,,,,,,,,,,,,,good,population_not_loaded,area_not_loaded
150300,5,5,0,0,100.0,0,,,,,,,,,,,,,,,,,,,,,,good,population_not_loaded,area_not_loaded
150304,10,9,1,1,90.0,1,,,,,,,,,,,,,,,,,,,,,,monitor,population_not_loaded,area_not_loaded
150307,10,10,0,0,100.0,0,,,,,,,,,,,,,,,,,,,,,,good,population_not_loaded,area_not_loaded
150309,10,10,0,0,100.0,0,,,,,,,,,,,,,,,,,,,,,,good,population_not_loaded,area_not_loaded
150310,6,6,0,0,100.0,0,,,,,,,,,,,,,,,,,,,,,,good,population_not_loaded,area_not_loaded
150320,17,17,0,0,100.0,0,,,,,,,,,,,,,,,,,,,,,,good,population_not_loaded,area_not_loaded
150330,17,17,0,0,100.0,0,,,,,,,,,,,,,,,,,,,,,,good,population_not_loaded,area_not_loaded
150340,6,6,0,0,100.0,0,,,,,,,,,,,,,,,,,,,,,,good,population_not_loaded,area_not_loaded
150345,19,19,0,0,100.0,0,,,,,,,,,,,,,,,,,,,,,,good,population_not_loaded,area_not_loaded
150350,5,5,0,0,100.0,0,,,,,,,,,,,,,,,,,,,,,,good,population_not_loaded,area_not_loaded
150360,25,25,0,0,100.0,0,,,,,,,,,,,,,,,,,,,,,,good,population_not_loaded,area_not_loaded
150370,11,11,0,0,100.0,0,,,,,,,,,,,,,,,,,,,,,,good,population_not_loaded,area_not_loaded
150375,3,3,0,0,100.0,0,,,,,,,,,,,,,,,,,,,,,,good,population_not_loaded,area_not_loaded
150380,16,13,3,3,81.25,3,,,,,,,,,,,,,,,,,,,,,,monitor,population_not_loaded,area_not_loaded
150390,15,14,1,1,93.33333333333333,1,,,,,,,,,,,,,,,,,,,,,,monitor,population_not_loaded,area_not_loaded
150400,10,10,0,0,100.0,0,,,,,,,,,,,,,,,,,,,,,,good,population_not_loaded,area_not_loaded
150405,9,9,0,0,100.0,0,,,,,,,,,,,,,,,,,,,,,,good,population_not_loaded,area_not_loaded
150410,5,5,0,0,100.0,0,,,,,,,,,,,,,,,,,,,,,,good,population_not_loaded,area_not_loaded
150420,21,21,0,0,100.0,0,,,,,,,,,,,,,,,,,,,,,,good,population_not_loaded,area_not_loaded
150430,11,11,0,0,100.0,0,,,,,,,,,,,,,,,,,,,,,,good,population_not_loaded,area_not_loaded
150440,10,10,0,0,100.0,0,,,,,,,,,,,,,,,,,,,,,,good,population_not_loaded,area_not_loaded
150442,20,20,0,0,100.0,0,,,,,,,,,,,,,,,,,,,,,,good,population_not_loaded,area_not_loaded
150445,9,8,1,1,88.88888888888889,1,,,,,,,,,,,,,,,,,,,,,,monitor,population_not_loaded,area_not_loaded
150450,6,6,0,0,100.0,0,,,,,,,,,,,,,,,,,,,,,,good,population_not_loaded,area_not_loaded
150460,8,8,0,0,100.0,0,,,,,,,,,,,,,,,,,,,,,,good,population_not_loaded,area_not_loaded
150470,15,15,0,0,100.0,0,,,,,,,,,,,,,,,,,,,,,,good,population_not_loaded,area_not_loaded
150475,12,12,0,0,100.0,0,,,,,,,,,,,,,,,,,,,,,,good,population_not_loaded,area_not_loaded
150480,16,16,0,0,100.0,0,,,,,,,,,,,,,,,,,,,,,,good,population_not_loaded,area_not_loaded
150490,7,7,0,0,100.0,0,,,,,,,,,,,,,,,,,,,,,,good,population_not_loaded,area_not_loaded
150495,8,8,0,0,100.0,0,,,,,,,,,,,,,,,,,,,,,,good,population_not_loaded,area_not_loaded
150500,8,8,0,0,100.0,0,,,,,,,,,,,,,,,,,,,,,,good,population_not_loaded,area_not_loaded
150503,9,9,0,0,100.0,0,,,,,,,,,,,,,,,,,,,,,,good,population_not_loaded,area_not_loaded
150506,1,1,0,0,100.0,0,,,,,,,,,,,,,,,,,,,,,,good,population_not_loaded,area_not_loaded
150510,15,15,0,0,100.0,0,,,,,,,,,,,,,,,,,,,,,,good,population_not_loaded,area_not_loaded
150520,8,8,0,0,100.0,0,,,,,,,,,,,,,,,,,,,,,,good,population_not_loaded,area_not_loaded
150530,10,10,0,0,100.0,0,,,,,,,,,,,,,,,,,,,,,,good,population_not_loaded,area_not_loaded
150540,8,8,0,0,100.0,0,,,,,,,,,,,,,,,,,,,,,,good,population_not_loaded,area_not_loaded
150543,11,10,1,1,90.9090909090909,1,,,,,,,,,,,,,,,,,,,,,,monitor,population_not_loaded,area_not_loaded
150548,14,14,0,0,100.0,0,,,,,,,,,,,,,,,,,,,,,,good,population_not_loaded,area_not_loaded
150549,2,2,0,0,100.0,0,,,,,,,,,,,,,,,,,,,,,,good,population_not_loaded,area_not_loaded
150550,27,27,0,0,100.0,0,,,,,,,,,,,,,,,,,,,,,,good,population_not_loaded,area_not_loaded
150553,27,27,0,0,100.0,0,,,,,,,,,,,,,,,,,,,,,,good,population_not_loaded,area_not_loaded
150555,5,5,0,0,100.0,0,,,,,,,,,,,,,,,,,,,,,,good,population_not_loaded,area_not_loaded
150560,5,5,0,0,100.0,0,,,,,,,,,,,,,,,,,,,,,,good,population_not_loaded,area_not_loaded
150563,7,7,0,0,100.0,0,,,,,,,,,,,,,,,,,,,,,,good,population_not_loaded,area_not_loaded
150570,7,7,0,0,100.0,0,,,,,,,,,,,,,,,,,,,,,,good,population_not_loaded,area_not_loaded
150580,16,15,1,1,93.75,1,,,,,,,,,,,,,,,,,,,,,,monitor,population_not_loaded,area_not_loaded
150590,17,17,0,0,100.0,0,,,,,,,,,,,,,,,,,,,,,,good,population_not_loaded,area_not_loaded
150600,9,8,1,1,88.88888888888889,1,,,,,,,,,,,,,,,,,,,,,,monitor,population_not_loaded,area_not_loaded
150610,6,6,0,0,100.0,0,,,,,,,,,,,,,,,,,,,,,,good,population_not_loaded,area_not_loaded
150611,2,2,0,0,100.0,0,,,,,,,,,,,,,,,,,,,,,,good,population_not_loaded,area_not_loaded
150613,18,16,2,2,88.88888888888889,2,,,,,,,,,,,,,,,,,,,,,,monitor,population_not_loaded,area_not_loaded
150616,8,7,1,1,87.5,1,,,,,,,,,,,,,,,,,,,,,,monitor,population_not_loaded,area_not_loaded
150618,14,14,0,0,100.0,0,,,,,,,,,,,,,,,,,,,,,,good,population_not_loaded,area_not_loaded
150619,13,13,0,0,100.0,0,,,,,,,,,,,,,,,,,,,,,,good,population_not_loaded,area_not_loaded
150620,17,17,0,0,100.0,0,,,,,,,,,,,,,,,,,,,,,,good,population_not_loaded,area_not_loaded
150630,10,10,0,0,100.0,0,,,,,,,,,,,,,,,,,,,,,,good,population_not_loaded,area_not_loaded
150635,6,6,0,0,100.0,0,,,,,,,,,,,,,,,,,,,,,,good,population_not_loaded,area_not_loaded
150640,1,1,0,0,100.0,0,,,,,,,,,,,,,,,,,,,,,,good,population_not_loaded,area_not_loaded
150650,28,28,0,0,100.0,0,,,,,,,,,,,,,,,,,,,,,,good,population_not_loaded,area_not_loaded
150655,1,1,0,0,100.0,0,,,,,,,,,,,,,,,,,,,,,,good,population_not_loaded,area_not_loaded
150658,11,11,0,0,100.0,0,,,,,,,,,,,,,,,,,,,,,,good,population_not_loaded,area_not_loaded
150660,13,13,0,0,100.0,0,,,,,,,,,,,,,,,,,,,,,,good,population_not_loaded,area_not_loaded
150670,14,14,0,0,100.0,0,,,,,,,,,,,,,,,,,,,,,,good,population_not_loaded,area_not_loaded
150680,75,73,2,2,97.33333333333334,2,,,,,,,,,,,,,,,,,,,,,,good,population_not_loaded,area_not_loaded
150690,5,5,0,0,100.0,0,,,,,,,,,,,,,,,,,,,,,,good,population_not_loaded,area_not_loaded
150700,14,14,0,0,100.0,0,,,,,,,,,,,,,,,,,,,,,,good,population_not_loaded,area_not_loaded
150710,9,9,0,0,100.0,0,,,,,,,,,,,,,,,,,,,,,,good,population_not_loaded,area_not_loaded
150715,8,8,0,0,100.0,0,,,,,,,,,,,,,,,,,,,,,,good,population_not_loaded,area_not_loaded
150720,19,19,0,0,100.0,0,,,,,,,,,,,,,,,,,,,,,,good,population_not_loaded,area_not_loaded
150730,19,17,2,2,89.47368421052632,2,,,,,,,,,,,,,,,,,,,,,,monitor,population_not_loaded,area_not_loaded
150740,10,10,0,0,100.0,0,,,,,,,,,,,,,,,,,,,,,,good,population_not_loaded,area_not_loaded
150745,13,12,1,1,92.3076923076923,1,,,,,,,,,,,,,,,,,,,,,,monitor,population_not_loaded,area_not_loaded
150746,5,5,0,0,100.0,0,,,,,,,,,,,,,,,,,,,,,,good,population_not_loaded,area_not_loaded
150747,10,10,0,0,100.0,0,,,,,,,,,,,,,,,,,,,,,,good,population_not_loaded,area_not_loaded
150750,6,6,0,0,100.0,0,,,,,,,,,,,,,,,,,,,,,,good,population_not_loaded,area_not_loaded
150760,15,15,0,0,100.0,0,,,,,,,,,,,,,,,,,,,,,,good,population_not_loaded,area_not_loaded
150770,11,11,0,0,100.0,0,,,,,,,,,,,,,,,,,,,,,,good,population_not_loaded,area_not_loaded
150775,2,2,0,0,100.0,0,,,,,,,,,,,,,,,,,,,,,,good,population_not_loaded,area_not_loaded
150780,6,6,0,0,100.0,0,,,,,,,,,,,,,,,,,,,,,,good,population_not_loaded,area_not_loaded
150795,10,10,0,0,100.0,0,,,,,,,,,,,,,,,,,,,,,,good,population_not_loaded,area_not_loaded
150796,6,6,0,0,100.0,0,,,,,,,,,,,,,,,,,,,,,,good,population_not_loaded,area_not_loaded
150800,18,18,0,0,100.0,0,,,,,,,,,,,,,,,,,,,,,,good,population_not_loaded,area_not_loaded
150803,14,14,0,0,100.0,0,,,,,,,,,,,,,,,,,,,,,,good,population_not_loaded,area_not_loaded
150805,8,8,0,0,100.0,0,,,,,,,,,,,,,,,,,,,,,,good,population_not_loaded,area_not_loaded
150808,10,10,0,0,100.0,0,,,,,,,,,,,,,,,,,,,,,,good,population_not_loaded,area_not_loaded
150810,24,24,0,0,100.0,0,,,,,,,,,,,,,,,,,,,,,,good,population_not_loaded,area_not_loaded
150812,9,9,0,0,100.0,0,,,,,,,,,,,,,,,,,,,,,,good,population_not_loaded,area_not_loaded
150815,7,7,0,0,100.0,0,,,,,,,,,,,,,,,,,,,,,,good,population_not_loaded,area_not_loaded
150820,14,14,0,0,100.0,0,,,,,,,,,,,,,,,,,,,,,,good,population_not_loaded,area_not_loaded
150830,25,25,0,0,100.0,0,,,,,,,,,,,,,,,,,,,,,,good,population_not_loaded,area_not_loaded
150835,11,11,0,0,100.0,0,,,,,,,,,,,,,,,,,,,,,,good,population_not_loaded,area_not_loaded
150840,15,15,0,0,100.0,0,,,,,,,,,,,,,,,,,,,,,,good,population_not_loaded,area_not_loaded
160005,7,7,0,0,100.0,0,,,,,,,,,,,,,,,,,,,,,,good,population_not_loaded,area_not_loaded
160010,9,9,0,0,100.0,0,,,,,,,,,,,,,,,,,,,,,,good,population_not_loaded,area_not_loaded
160015,12,12,0,0,100.0,0,,,,,,,,,,,,,,,,,,,,,,good,population_not_loaded,area_not_loaded
160020,6,6,0,0,100.0,0,,,,,,,,,,,,,,,,,,,,,,good,population_not_loaded,area_not_loaded
160021,3,3,0,0,100.0,0,,,,,,,,,,,,,,,,,,,,,,good,population_not_loaded,area_not_loaded
160023,7,7,0,0,100.0,0,,,,,,,,,,,,,,,,,,,,,,good,population_not_loaded,area_not_loaded
160025,7,7,0,0,100.0,0,,,,,,,,,,,,,,,,,,,,,,good,population_not_loaded,area_not_loaded
160027,10,10,0,0,100.0,0,,,,,,,,,,,,,,,,,,,,,,good,population_not_loaded,area_not_loaded
160030,40,35,5,3,87.5,5,,,,,,,,,,,,,,,,,,,,,,monitor,population_not_loaded,area_not_loaded
160040,10,9,1,1,90.0,1,,,,,,,,,,,,,,,,,,,,,,monitor,population_not_loaded,area_not_loaded
160050,7,7,0,0,100.0,0,,,,,,,,,,,,,,,,,,,,,,good,population_not_loaded,area_not_loaded
160053,8,8,0,0,100.0,0,,,,,,,,,,,,,,,,,,,,,,good,population_not_loaded,area_not_loaded
160055,3,3,0,0,100.0,0,,,,,,,,,,,,,,,,,,,,,,good,population_not_loaded,area_not_loaded
160060,16,16,0,0,100.0,0,,,,,,,,,,,,,,,,,,,,,,good,population_not_loaded,area_not_loaded
160070,9,9,0,0,100.0,0,,,,,,,,,,,,,,,,,,,,,,good,population_not_loaded,area_not_loaded
160080,8,8,0,0,100.0,0,,,,,,,,,,,,,,,,,,,,,,good,population_not_loaded,area_not_loaded
170025,1,1,0,0,100.0,0,,,,,,,,,,,,,,,,,,,,,,good,population_not_loaded,area_not_loaded
170030,3,2,1,1,66.66666666666666,1,,,,,,,,,,,,,,,,,,,,,,high_attention,population_not_loaded,area_not_loaded
170035,2,2,0,0,100.0,0,,,,,,,,,,,,,,,,,,,,,,good,population_not_loaded,area_not_loaded
170040,1,1,0,0,100.0,0,,,,,,,,,,,,,,,,,,,,,,good,population_not_loaded,area_not_loaded
170070,5,5,0,0,100.0,0,,,,,,,,,,,,,,,,,,,,,,good,population_not_loaded,area_not_loaded
170100,3,3,0,0,100.0,0,,,,,,,,,,,,,,,,,,,,,,good,population_not_loaded,area_not_loaded
170105,2,2,0,0,100.0,0,,,,,,,,,,,,,,,,,,,,,,good,population_not_loaded,area_not_loaded
170110,2,2,0,0,100.0,0,,,,,,,,,,,,,,,,,,,,,,good,population_not_loaded,area_not_loaded
170130,3,3,0,0,100.0,0,,,,,,,,,,,,,,,,,,,,,,good,population_not_loaded,area_not_loaded
170190,2,2,0,0,100.0,0,,,,,,,,,,,,,,,,,,,,,,good,population_not_loaded,area_not_loaded
170200,3,3,0,0,100.0,0,,,,,,,,,,,,,,,,,,,,,,good,population_not_loaded,area_not_loaded
170210,23,23,0,0,100.0,0,,,,,,,,,,,,,,,,,,,,,,good,population_not_loaded,area_not_loaded
170215,3,3,0,0,100.0,0,,,,,,,,,,,,,,,,,,,,,,good,population_not_loaded,area_not_loaded
170220,12,12,0,0,100.0,0,,,,,,,,,,,,,,,,,,,,,,good,population_not_loaded,area_not_loaded
170230,1,1,0,0,100.0,0,,,,,,,,,,,,,,,,,,,,,,good,population_not_loaded,area_not_loaded
170240,6,6,0,0,100.0,0,,,,,,,,,,,,,,,,,,,,,,good,population_not_loaded,area_not_loaded
170255,6,6,0,0,100.0,0,,,,,,,,,,,,,,,,,,,,,,good,population_not_loaded,area_not_loaded
170270,2,1,1,1,50.0,1,,,,,,,,,,,,,,,,,,,,,,high_attention,population_not_loaded,area_not_loaded
170290,5,5,0,0,100.0,0,,,,,,,,,,,,,,,,,,,,,,good,population_not_loaded,area_not_loaded
170300,5,5,0,0,100.0,0,,,,,,,,,,,,,,,,,,,,,,good,population_not_loaded,area_not_loaded
170305,1,1,0,0,100.0,0,,,,,,,,,,,,,,,,,,,,,,good,population_not_loaded,area_not_loaded
170307,2,2,0,0,100.0,0,,,,,,,,,,,,,,,,,,,,,,good,population_not_loaded,area_not_loaded
170310,2,2,0,0,100.0,0,,,,,,,,,,,,,,,,,,,,,,good,population_not_loaded,area_not_loaded
170320,1,1,0,0,100.0,0,,,,,,,,,,,,,,,,,,,,,,good,population_not_loaded,area_not_loaded
170330,2,2,0,0,100.0,0,,,,,,,,,,,,,,,,,,,,,,good,population_not_loaded,area_not_loaded
170360,1,1,0,0,100.0,0,,,,,,,,,,,,,,,,,,,,,,good,population_not_loaded,area_not_loaded
170370,2,2,0,0,100.0,0,,,,,,,,,,,,,,,,,,,,,,good,population_not_loaded,area_not_loaded
170380,7,7,0,0,100.0,0,,,,,,,,,,,,,,,,,,,,,,good,population_not_loaded,area_not_loaded
170382,1,1,0,0,100.0,0,,,,,,,,,,,,,,,,,,,,,,good,population_not_loaded,area_not_loaded
170384,1,1,0,0,100.0,0,,,,,,,,,,,,,,,,,,,,,,good,population_not_loaded,area_not_loaded
170386,3,3,0,0,100.0,0,,,,,,,,,,,,,,,,,,,,,,good,population_not_loaded,area_not_loaded
170388,1,1,0,0,100.0,0,,,,,,,,,,,,,,,,,,,,,,good,population_not_loaded,area_not_loaded
170389,2,2,0,0,100.0,0,,,,,,,,,,,,,,,,,,,,,,good,population_not_loaded,area_not_loaded
170390,2,2,0,0,100.0,0,,,,,,,,,,,,,,,,,,,,,,good,population_not_loaded,area_not_loaded
170410,1,1,0,0,100.0,0,,,,,,,,,,,,,,,,,,,,,,good,population_not_loaded,area_not_loaded
170460,1,1,0,0,100.0,0,,,,,,,,,,,,,,,,,,,,,,good,population_not_loaded,area_not_loaded
170510,1,1,0,0,100.0,0,,,,,,,,,,,,,,,,,,,,,,good,population_not_loaded,area_not_loaded
170550,12,12,0,0,100.0,0,,,,,,,,,,,,,,,,,,,,,,good,population_not_loaded,area_not_loaded
170555,1,1,0,0,100.0,0,,,,,,,,,,,,,,,,,,,,,,good,population_not_loaded,area_not_loaded
170560,2,2,0,0,100.0,0,,,,,,,,,,,,,,,,,,,,,,good,population_not_loaded,area_not_loaded
170600,2,2,0,0,100.0,0,,,,,,,,,,,,,,,,,,,,,,good,population_not_loaded,area_not_loaded
170610,3,2,1,1,66.66666666666666,1,,,,,,,,,,,,,,,,,,,,,,high_attention,population_not_loaded,area_not_loaded
170625,1,1,0,0,100.0,0,,,,,,,,,,,,,,,,,,,,,,good,population_not_loaded,area_not_loaded
170700,7,7,0,0,100.0,0,,,,,,,,,,,,,,,,,,,,,,good,population_not_loaded,area_not_loaded
170710,3,3,0,0,100.0,0,,,,,,,,,,,,,,,,,,,,,,good,population_not_loaded,area_not_loaded
170720,2,2,0,0,100.0,0,,,,,,,,,,,,,,,,,,,,,,good,population_not_loaded,area_not_loaded
170730,2,2,0,0,100.0,0,,,,,,,,,,,,,,,,,,,,,,good,population_not_loaded,area_not_loaded
170740,3,3,0,0,100.0,0,,,,,,,,,,,,,,,,,,,,,,good,population_not_loaded,area_not_loaded
170755,2,2,0,0,100.0,0,,,,,,,,,,,,,,,,,,,,,,good,population_not_loaded,area_not_loaded
170765,3,2,1,1,66.66666666666666,1,,,,,,,,,,,,,,,,,,,,,,high_attention,population_not_loaded,area_not_loaded
170770,4,4,0,0,100.0,0,,,,,,,,,,,,,,,,,,,,,,good,population_not_loaded,area_not_loaded
170820,7,7,0,0,100.0,0,,,,,,,,,,,,,,,,,,,,,,good,population_not_loaded,area_not_loaded
170825,1,1,0,0,100.0,0,,,,,,,,,,,,,,,,,,,,,,good,population_not_loaded,area_not_loaded
170830,2,2,0,0,100.0,0,,,,,,,,,,,,,,,,,,,,,,good,population_not_loaded,area_not_loaded
170900,4,4,0,0,100.0,0,,,,,,,,,,,,,,,,,,,,,,good,population_not_loaded,area_not_loaded
170930,8,8,0,0,100.0,0,,,,,,,,,,,,,,,,,,,,,,good,population_not_loaded,area_not_loaded
170950,15,15,0,0,100.0,0,,,,,,,,,,,,,,,,,,,,,,good,population_not_loaded,area_not_loaded
170980,1,1,0,0,100.0,0,,,,,,,,,,,,,,,,,,,,,,good,population_not_loaded,area_not_loaded
171050,2,2,0,0,100.0,0,,,,,,,,,,,,,,,,,,,,,,good,population_not_loaded,area_not_loaded
171070,3,3,0,0,100.0,0,,,,,,,,,,,,,,,,,,,,,,good,population_not_loaded,area_not_loaded
171090,1,1,0,0,100.0,0,,,,,,,,,,,,,,,,,,,,,,good,population_not_loaded,area_not_loaded
171110,1,1,0,0,100.0,0,,,,,,,,,,,,,,,,,,,,,,good,population_not_loaded,area_not_loaded
171150,2,2,0,0,100.0,0,,,,,,,,,,,,,,,,,,,,,,good,population_not_loaded,area_not_loaded
171180,1,1,0,0,100.0,0,,,,,,,,,,,,,,,,,,,,,,good,population_not_loaded,area_not_loaded
171190,6,6,0,0,100.0,0,,,,,,,,,,,,,,,,,,,,,,good,population_not_loaded,area_not_loaded
171195,2,2,0,0,100.0,0,,,,,,,,,,,,,,,,,,,,,,good,population_not_loaded,area_not_loaded
171200,2,2,0,0,100.0,0,,,,,,,,,,,,,,,,,,,,,,good,population_not_loaded,area_not_loaded
171215,2,2,0,0,100.0,0,,,,,,,,,,,,,,,,,,,,,,good,population_not_loaded,area_not_loaded
171240,2,2,0,0,100.0,0,,,,,,,,,,,,,,,,,,,,,,good,population_not_loaded,area_not_loaded
171245,1,1,0,0,100.0,0,,,,,,,,,,,,,,,,,,,,,,good,population_not_loaded,area_not_loaded
171250,2,2,0,0,100.0,0,,,,,,,,,,,,,,,,,,,,,,good,population_not_loaded,area_not_loaded
171270,1,1,0,0,100.0,0,,,,,,,,,,,,,,,,,,,,,,good,population_not_loaded,area_not_loaded
171280,2,2,0,0,100.0,0,,,,,,,,,,,,,,,,,,,,,,good,population_not_loaded,area_not_loaded
171320,8,8,0,0,100.0,0,,,,,,,,,,,,,,,,,,,,,,good,population_not_loaded,area_not_loaded
171330,4,4,0,0,100.0,0,,,,,,,,,,,,,,,,,,,,,,good,population_not_loaded,area_not_loaded
171360,2,2,0,0,100.0,0,,,,,,,,,,,,,,,,,,,,,,good,population_not_loaded,area_not_loaded
171370,1,1,0,0,100.0,0,,,,,,,,,,,,,,,,,,,,,,good,population_not_loaded,area_not_loaded
171380,1,1,0,0,100.0,0,,,,,,,,,,,,,,,,,,,,,,good,population_not_loaded,area_not_loaded
171395,2,2,0,0,100.0,0,,,,,,,,,,,,,,,,,,,,,,good,population_not_loaded,area_not_loaded
171420,6,6,0,0,100.0,0,,,,,,,,,,,,,,,,,,,,,,good,population_not_loaded,area_not_loaded
171430,2,2,0,0,100.0,0,,,,,,,,,,,,,,,,,,,,,,good,population_not_loaded,area_not_loaded
171488,3,3,0,0,100.0,0,,,,,,,,,,,,,,,,,,,,,,good,population_not_loaded,area_not_loaded
171500,2,2,0,0,100.0,0,,,,,,,,,,,,,,,,,,,,,,good,population_not_loaded,area_not_loaded
171510,2,2,0,0,100.0,0,,,,,,,,,,,,,,,,,,,,,,good,population_not_loaded,area_not_loaded
171515,2,2,0,0,100.0,0,,,,,,,,,,,,,,,,,,,,,,good,population_not_loaded,area_not_loaded
171525,1,1,0,0,100.0,0,,,,,,,,,,,,,,,,,,,,,,good,population_not_loaded,area_not_loaded
171550,1,1,0,0,100.0,0,,,,,,,,,,,,,,,,,,,,,,good,population_not_loaded,area_not_loaded
171570,1,1,0,0,100.0,0,,,,,,,,,,,,,,,,,,,,,,good,population_not_loaded,area_not_loaded
171575,3,3,0,0,100.0,0,,,,,,,,,,,,,,,,,,,,,,good,population_not_loaded,area_not_loaded
171610,11,11,0,0,100.0,0,,,,,,,,,,,,,,,,,,,,,,good,population_not_loaded,area_not_loaded
171620,2,2,0,0,100.0,0,,,,,,,,,,,,,,,,,,,,,,good,population_not_loaded,area_not_loaded
171630,1,1,0,0,100.0,0,,,,,,,,,,,,,,,,,,,,,,good,population_not_loaded,area_not_loaded
171650,6,6,0,0,100.0,0,,,,,,,,,,,,,,,,,,,,,,good,population_not_loaded,area_not_loaded
171660,6,6,0,0,100.0,0,,,,,,,,,,,,,,,,,,,,,,good,population_not_loaded,area_not_loaded
171665,3,3,0,0,100.0,0,,,,,,,,,,,,,,,,,,,,,,good,population_not_loaded,area_not_loaded
171670,4,4,0,0,100.0,0,,,,,,,,,,,,,,,,,,,,,,good,population_not_loaded,area_not_loaded
171700,2,2,0,0,100.0,0,,,,,,,,,,,,,,,,,,,,,,good,population_not_loaded,area_not_loaded
171720,1,1,0,0,100.0,0,,,,,,,,,,,,,,,,,,,,,,good,population_not_loaded,area_not_loaded
171750,4,4,0,0,100.0,0,,,,,,,,,,,,,,,,,,,,,,good,population_not_loaded,area_not_loaded
171780,1,1,0,0,100.0,0,,,,,,,,,,,,,,,,,,,,,,good,population_not_loaded,area_not_loaded
171790,3,3,0,0,100.0,0,,,,,,,,,,,,,,,,,,,,,,good,population_not_loaded,area_not_loaded
171800,1,1,0,0,100.0,0,,,,,,,,,,,,,,,,,,,,,,good,population_not_loaded,area_not_loaded
171820,20,20,0,0,100.0,0,,,,,,,,,,,,,,,,,,,,,,good,population_not_loaded,area_not_loaded
171830,3,3,0,0,100.0,0,,,,,,,,,,,,,,,,,,,,,,good,population_not_loaded,area_not_loaded
171845,1,1,0,0,100.0,0,,,,,,,,,,,,,,,,,,,,,,good,population_not_loaded,area_not_loaded
171850,2,2,0,0,100.0,0,,,,,,,,,,,,,,,,,,,,,,good,population_not_loaded,area_not_loaded
171855,2,2,0,0,100.0,0,,,,,,,,,,,,,,,,,,,,,,good,population_not_loaded,area_not_loaded
171865,1,1,0,0,100.0,0,,,,,,,,,,,,,,,,,,,,,,good,population_not_loaded,area_not_loaded
171870,2,2,0,0,100.0,0,,,,,,,,,,,,,,,,,,,,,,good,population_not_loaded,area_not_loaded
171875,3,3,0,0,100.0,0,,,,,,,,,,,,,,,,,,,,,,good,population_not_loaded,area_not_loaded
171880,2,2,0,0,100.0,0,,,,,,,,,,,,,,,,,,,,,,good,population_not_loaded,area_not_loaded
171884,1,1,0,0,100.0,0,,,,,,,,,,,,,,,,,,,,,,good,population_not_loaded,area_not_loaded
171886,2,2,0,0,100.0,0,,,,,,,,,,,,,,,,,,,,,,good,population_not_loaded,area_not_loaded
171889,1,1,0,0,100.0,0,,,,,,,,,,,,,,,,,,,,,,good,population_not_loaded,area_not_loaded
171890,2,2,0,0,100.0,0,,,,,,,,,,,,,,,,,,,,,,good,population_not_loaded,area_not_loaded
171900,1,1,0,0,100.0,0,,,,,,,,,,,,,,,,,,,,,,good,population_not_loaded,area_not_loaded
172000,1,1,0,0,100.0,0,,,,,,,,,,,,,,,,,,,,,,good,population_not_loaded,area_not_loaded
172010,3,3,0,0,100.0,0,,,,,,,,,,,,,,,,,,,,,,good,population_not_loaded,area_not_loaded
172015,1,1,0,0,100.0,0,,,,,,,,,,,,,,,,,,,,,,good,population_not_loaded,area_not_loaded
172020,3,3,0,0,100.0,0,,,,,,,,,,,,,,,,,,,,,,good,population_not_loaded,area_not_loaded
172025,2,2,0,0,100.0,0,,,,,,,,,,,,,,,,,,,,,,good,population_not_loaded,area_not_loaded
172030,2,2,0,0,100.0,0,,,,,,,,,,,,,,,,,,,,,,good,population_not_loaded,area_not_loaded
172049,1,1,0,0,100.0,0,,,,,,,,,,,,,,,,,,,,,,good,population_not_loaded,area_not_loaded
172065,2,2,0,0,100.0,0,,,,,,,,,,,,,,,,,,,,,,good,population_not_loaded,area_not_loaded
172080,6,6,0,0,100.0,0,,,,,,,,,,,,,,,,,,,,,,good,population_not_loaded,area_not_loaded
172085,1,1,0,0,100.0,0,,,,,,,,,,,,,,,,,,,,,,good,population_not_loaded,area_not_loaded
172090,3,3,0,0,100.0,0,,,,,,,,,,,,,,,,,,,,,,good,population_not_loaded,area_not_loaded
172093,1,1,0,0,100.0,0,,,,,,,,,,,,,,,,,,,,,,good,population_not_loaded,area_not_loaded
172097,1,1,0,0,100.0,0,,,,,,,,,,,,,,,,,,,,,,good,population_not_loaded,area_not_loaded
172100,51,51,0,0,100.0,0,,,,,,,,,,,,,,,,,,,,,,good,population_not_loaded,area_not_loaded
172110,1,1,0,0,100.0,0,,,,,,,,,,,,,,,,,,,,,,good,population_not_loaded,area_not_loaded
172120,5,5,0,0,100.0,0,,,,,,,,,,,,,,,,,,,,,,good,population_not_loaded,area_not_loaded
172125,1,1,0,0,100.0,0,,,,,,,,,,,,,,,,,,,,,,good,population_not_loaded,area_not_loaded
172130,1,1,0,0,100.0,0,,,,,,,,,,,,,,,,,,,,,,good,population_not_loaded,area_not_loaded
172208,3,3,0,0,100.0,0,,,,,,,,,,,,,,,,,,,,,,good,population_not_loaded,area_not_loaded
172210,4,4,0,0,100.0,0,,,,,,,,,,,,,,,,,,,,,,good,population_not_loaded,area_not_loaded
210005,35,34,1,1,97.14285714285714,1,,,,,,,,,,,,,,,,,,,,,,good,population_not_loaded,area_not_loaded
210010,3,3,0,0,100.0,0,,,,,,,,,,,,,,,,,,,,,,good,population_not_loaded,area_not_loaded
210015,7,7,0,0,100.0,0,,,,,,,,,,,,,,,,,,,,,,good,population_not_loaded,area_not_loaded
210020,9,9,0,0,100.0,0,,,,,,,,,,,,,,,,,,,,,,good,population_not_loaded,area_not_loaded
210030,4,3,1,1,75.0,1,,,,,,,,,,,,,,,,,,,,,,high_attention,population_not_loaded,area_not_loaded
210040,7,7,0,0,100.0,0,,,,,,,,,,,,,,,,,,,,,,good,population_not_loaded,area_not_loaded
210043,1,1,0,0,100.0,0,,,,,,,,,,,,,,,,,,,,,,good,population_not_loaded,area_not_loaded
210047,17,16,1,1,94.11764705882352,1,,,,,,,,,,,,,,,,,,,,,,monitor,population_not_loaded,area_not_loaded
210050,5,5,0,0,100.0,0,,,,,,,,,,,,,,,,,,,,,,good,population_not_loaded,area_not_loaded
210055,2,2,0,0,100.0,0,,,,,,,,,,,,,,,,,,,,,,good,population_not_loaded,area_not_loaded
210060,18,18,0,0,100.0,0,,,,,,,,,,,,,,,,,,,,,,good,population_not_loaded,area_not_loaded
210070,16,16,0,0,100.0,0,,,,,,,,,,,,,,,,,,,,,,good,population_not_loaded,area_not_loaded
210080,9,8,1,1,88.88888888888889,1,,,,,,,,,,,,,,,,,,,,,,monitor,population_not_loaded,area_not_loaded
210083,8,8,0,0,100.0,0,,,,,,,,,,,,,,,,,,,,,,good,population_not_loaded,area_not_loaded
210087,9,9,0,0,100.0,0,,,,,,,,,,,,,,,,,,,,,,good,population_not_loaded,area_not_loaded
210090,18,18,0,0,100.0,0,,,,,,,,,,,,,,,,,,,,,,good,population_not_loaded,area_not_loaded
210095,12,11,1,1,91.66666666666666,1,,,,,,,,,,,,,,,,,,,,,,monitor,population_not_loaded,area_not_loaded
210100,14,14,0,0,100.0,0,,,,,,,,,,,,,,,,,,,,,,good,population_not_loaded,area_not_loaded
210110,12,12,0,0,100.0,0,,,,,,,,,,,,,,,,,,,,,,good,population_not_loaded,area_not_loaded
210120,26,23,3,3,88.46153846153845,3,,,,,,,,,,,,,,,,,,,,,,monitor,population_not_loaded,area_not_loaded
210125,11,11,0,0,100.0,0,,,,,,,,,,,,,,,,,,,,,,good,population_not_loaded,area_not_loaded
210130,8,7,1,1,87.5,1,,,,,,,,,,,,,,,,,,,,,,monitor,population_not_loaded,area_not_loaded
210135,5,4,1,1,80.0,1,,,,,,,,,,,,,,,,,,,,,,high_attention,population_not_loaded,area_not_loaded
210140,36,35,1,1,97.22222222222221,1,,,,,,,,,,,,,,,,,,,,,,good,population_not_loaded,area_not_loaded
210150,11,11,0,0,100.0,0,,,,,,,,,,,,,,,,,,,,,,good,population_not_loaded,area_not_loaded
210160,30,29,1,1,96.66666666666667,1,,,,,,,,,,,,,,,,,,,,,,good,population_not_loaded,area_not_loaded
210170,33,28,5,5,84.84848484848484,5,,,,,,,,,,,,,,,,,,,,,,monitor,population_not_loaded,area_not_loaded
210173,6,6,0,0,100.0,0,,,,,,,,,,,,,,,,,,,,,,good,population_not_loaded,area_not_loaded
210177,8,8,0,0,100.0,0,,,,,,,,,,,,,,,,,,,,,,good,population_not_loaded,area_not_loaded
210180,5,3,2,2,60.0,2,,,,,,,,,,,,,,,,,,,,,,high_attention,population_not_loaded,area_not_loaded
210190,9,9,0,0,100.0,0,,,,,,,,,,,,,,,,,,,,,,good,population_not_loaded,area_not_loaded
210193,4,4,0,0,100.0,0,,,,,,,,,,,,,,,,,,,,,,good,population_not_loaded,area_not_loaded
210197,3,3,0,0,100.0,0,,,,,,,,,,,,,,,,,,,,,,good,population_not_loaded,area_not_loaded
210200,22,22,0,0,100.0,0,,,,,,,,,,,,,,,,,,,,,,good,population_not_loaded,area_not_loaded
210203,10,10,0,0,100.0,0,,,,,,,,,,,,,,,,,,,,,,good,population_not_loaded,area_not_loaded
210207,9,9,0,0,100.0,0,,,,,,,,,,,,,,,,,,,,,,good,population_not_loaded,area_not_loaded
210210,14,14,0,0,100.0,0,,,,,,,,,,,,,,,,,,,,,,good,population_not_loaded,area_not_loaded
210215,5,5,0,0,100.0,0,,,,,,,,,,,,,,,,,,,,,,good,population_not_loaded,area_not_loaded
210220,12,12,0,0,100.0,0,,,,,,,,,,,,,,,,,,,,,,good,population_not_loaded,area_not_loaded
210230,12,12,0,0,100.0,0,,,,,,,,,,,,,,,,,,,,,,good,population_not_loaded,area_not_loaded
210235,7,7,0,0,100.0,0,,,,,,,,,,,,,,,,,,,,,,good,population_not_loaded,area_not_loaded
210237,5,5,0,0,100.0,0,,,,,,,,,,,,,,,,,,,,,,good,population_not_loaded,area_not_loaded
210240,4,4,0,0,100.0,0,,,,,,,,,,,,,,,,,,,,,,good,population_not_loaded,area_not_loaded
210250,6,6,0,0,100.0,0,,,,,,,,,,,,,,,,,,,,,,good,population_not_loaded,area_not_loaded
210255,5,5,0,0,100.0,0,,,,,,,,,,,,,,,,,,,,,,good,population_not_loaded,area_not_loaded
210260,6,6,0,0,100.0,0,,,,,,,,,,,,,,,,,,,,,,good,population_not_loaded,area_not_loaded
210270,10,10,0,0,100.0,0,,,,,,,,,,,,,,,,,,,,,,good,population_not_loaded,area_not_loaded
210275,6,6,0,0,100.0,0,,,,,,,,,,,,,,,,,,,,,,good,population_not_loaded,area_not_loaded
210280,11,11,0,0,100.0,0,,,,,,,,,,,,,,,,,,,,,,good,population_not_loaded,area_not_loaded
210290,10,10,0,0,100.0,0,,,,,,,,,,,,,,,,,,,,,,good,population_not_loaded,area_not_loaded
210300,42,40,2,2,95.23809523809523,2,,,,,,,,,,,,,,,,,,,,,,good,population_not_loaded,area_not_loaded
210310,7,7,0,0,100.0,0,,,,,,,,,,,,,,,,,,,,,,good,population_not_loaded,area_not_loaded
210312,4,4,0,0,100.0,0,,,,,,,,,,,,,,,,,,,,,,good,population_not_loaded,area_not_loaded
210315,7,7,0,0,100.0,0,,,,,,,,,,,,,,,,,,,,,,good,population_not_loaded,area_not_loaded
210317,8,8,0,0,100.0,0,,,,,,,,,,,,,,,,,,,,,,good,population_not_loaded,area_not_loaded
210320,31,30,1,1,96.7741935483871,1,,,,,,,,,,,,,,,,,,,,,,good,population_not_loaded,area_not_loaded
210325,7,7,0,0,100.0,0,,,,,,,,,,,,,,,,,,,,,,good,population_not_loaded,area_not_loaded
210330,25,24,1,1,96.0,1,,,,,,,,,,,,,,,,,,,,,,good,population_not_loaded,area_not_loaded
210340,12,12,0,0,100.0,0,,,,,,,,,,,,,,,,,,,,,,good,population_not_loaded,area_not_loaded
210350,21,21,0,0,100.0,0,,,,,,,,,,,,,,,,,,,,,,good,population_not_loaded,area_not_loaded
210355,5,5,0,0,100.0,0,,,,,,,,,,,,,,,,,,,,,,good,population_not_loaded,area_not_loaded
210360,20,19,1,1,95.0,1,,,,,,,,,,,,,,,,,,,,,,monitor,population_not_loaded,area_not_loaded
210370,13,13,0,0,100.0,0,,,,,,,,,,,,,,,,,,,,,,good,population_not_loaded,area_not_loaded
210375,9,9,0,0,100.0,0,,,,,,,,,,,,,,,,,,,,,,good,population_not_loaded,area_not_loaded
210380,10,10,0,0,100.0,0,,,,,,,,,,,,,,,,,,,,,,good,population_not_loaded,area_not_loaded
210390,5,5,0,0,100.0,0,,,,,,,,,,,,,,,,,,,,,,good,population_not_loaded,area_not_loaded
210400,11,10,1,1,90.9090909090909,1,,,,,,,,,,,,,,,,,,,,,,monitor,population_not_loaded,area_not_loaded
210405,11,11,0,0,100.0,0,,,,,,,,,,,,,,,,,,,,,,good,population_not_loaded,area_not_loaded
210407,2,2,0,0,100.0,0,,,,,,,,,,,,,,,,,,,,,,good,population_not_loaded,area_not_loaded
210408,5,5,0,0,100.0,0,,,,,,,,,,,,,,,,,,,,,,good,population_not_loaded,area_not_loaded
210409,10,10,0,0,100.0,0,,,,,,,,,,,,,,,,,,,,,,good,population_not_loaded,area_not_loaded
210410,6,6,0,0,100.0,0,,,,,,,,,,,,,,,,,,,,,,good,population_not_loaded,area_not_loaded
210420,9,9,0,0,100.0,0,,,,,,,,,,,,,,,,,,,,,,good,population_not_loaded,area_not_loaded
210430,6,6,0,0,100.0,0,,,,,,,,,,,,,,,,,,,,,,good,population_not_loaded,area_not_loaded
210440,9,9,0,0,100.0,0,,,,,,,,,,,,,,,,,,,,,,good,population_not_loaded,area_not_loaded
210450,5,5,0,0,100.0,0,,,,,,,,,,,,,,,,,,,,,,good,population_not_loaded,area_not_loaded
210455,9,9,0,0,100.0,0,,,,,,,,,,,,,,,,,,,,,,good,population_not_loaded,area_not_loaded
210460,8,8,0,0,100.0,0,,,,,,,,,,,,,,,,,,,,,,good,population_not_loaded,area_not_loaded
210462,4,4,0,0,100.0,0,,,,,,,,,,,,,,,,,,,,,,good,population_not_loaded,area_not_loaded
210465,6,6,0,0,100.0,0,,,,,,,,,,,,,,,,,,,,,,good,population_not_loaded,area_not_loaded
210467,13,13,0,0,100.0,0,,,,,,,,,,,,,,,,,,,,,,good,population_not_loaded,area_not_loaded
210470,3,3,0,0,100.0,0,,,,,,,,,,,,,,,,,,,,,,good,population_not_loaded,area_not_loaded
210480,22,22,0,0,100.0,0,,,,,,,,,,,,,,,,,,,,,,good,population_not_loaded,area_not_loaded
210490,8,8,0,0,100.0,0,,,,,,,,,,,,,,,,,,,,,,good,population_not_loaded,area_not_loaded
210500,16,16,0,0,100.0,0,,,,,,,,,,,,,,,,,,,,,,good,population_not_loaded,area_not_loaded
210510,14,14,0,0,100.0,0,,,,,,,,,,,,,,,,,,,,,,good,population_not_loaded,area_not_loaded
210515,9,9,0,0,100.0,0,,,,,,,,,,,,,,,,,,,,,,good,population_not_loaded,area_not_loaded
210520,6,6,0,0,100.0,0,,,,,,,,,,,,,,,,,,,,,,good,population_not_loaded,area_not_loaded
210530,38,38,0,0,100.0,0,,,,,,,,,,,,,,,,,,,,,,good,population_not_loaded,area_not_loaded
210535,11,11,0,0,100.0,0,,,,,,,,,,,,,,,,,,,,,,good,population_not_loaded,area_not_loaded
210540,20,20,0,0,100.0,0,,,,,,,,,,,,,,,,,,,,,,good,population_not_loaded,area_not_loaded
210542,10,9,1,1,90.0,1,,,,,,,,,,,,,,,,,,,,,,monitor,population_not_loaded,area_not_loaded
210545,5,5,0,0,100.0,0,,,,,,,,,,,,,,,,,,,,,,good,population_not_loaded,area_not_loaded
210547,14,14,0,0,100.0,0,,,,,,,,,,,,,,,,,,,,,,good,population_not_loaded,area_not_loaded
210550,9,9,0,0,100.0,0,,,,,,,,,,,,,,,,,,,,,,good,population_not_loaded,area_not_loaded
210560,11,11,0,0,100.0,0,,,,,,,,,,,,,,,,,,,,,,good,population_not_loaded,area_not_loaded
210565,3,3,0,0,100.0,0,,,,,,,,,,,,,,,,,,,,,,good,population_not_loaded,area_not_loaded
210570,19,19,0,0,100.0,0,,,,,,,,,,,,,,,,,,,,,,good,population_not_loaded,area_not_loaded
210580,5,5,0,0,100.0,0,,,,,,,,,,,,,,,,,,,,,,good,population_not_loaded,area_not_loaded
210590,1,1,0,0,100.0,0,,,,,,,,,,,,,,,,,,,,,,good,population_not_loaded,area_not_loaded
210592,5,5,0,0,100.0,0,,,,,,,,,,,,,,,,,,,,,,good,population_not_loaded,area_not_loaded
210594,6,6,0,0,100.0,0,,,,,,,,,,,,,,,,,,,,,,good,population_not_loaded,area_not_loaded
210596,6,6,0,0,100.0,0,,,,,,,,,,,,,,,,,,,,,,good,population_not_loaded,area_not_loaded
210598,6,6,0,0,100.0,0,,,,,,,,,,,,,,,,,,,,,,good,population_not_loaded,area_not_loaded
210600,2,2,0,0,100.0,0,,,,,,,,,,,,,,,,,,,,,,good,population_not_loaded,area_not_loaded
210610,7,7,0,0,100.0,0,,,,,,,,,,,,,,,,,,,,,,good,population_not_loaded,area_not_loaded
210620,1,1,0,0,100.0,0,,,,,,,,,,,,,,,,,,,,,,good,population_not_loaded,area_not_loaded
210630,7,7,0,0,100.0,0,,,,,,,,,,,,,,,,,,,,,,good,population_not_loaded,area_not_loaded
210632,10,10,0,0,100.0,0,,,,,,,,,,,,,,,,,,,,,,good,population_not_loaded,area_not_loaded
210635,4,4,0,0,100.0,0,,,,,,,,,,,,,,,,,,,,,,good,population_not_loaded,area_not_loaded
210637,6,5,1,1,83.33333333333334,1,,,,,,,,,,,,,,,,,,,,,,monitor,population_not_loaded,area_not_loaded
210640,11,10,1,1,90.9090909090909,1,,,,,,,,,,,,,,,,,,,,,,monitor,population_not_loaded,area_not_loaded
210650,13,13,0,0,100.0,0,,,,,,,,,,,,,,,,,,,,,,good,population_not_loaded,area_not_loaded
210660,8,8,0,0,100.0,0,,,,,,,,,,,,,,,,,,,,,,good,population_not_loaded,area_not_loaded
210663,8,8,0,0,100.0,0,,,,,,,,,,,,,,,,,,,,,,good,population_not_loaded,area_not_loaded
210667,5,5,0,0,100.0,0,,,,,,,,,,,,,,,,,,,,,,good,population_not_loaded,area_not_loaded
210670,12,12,0,0,100.0,0,,,,,,,,,,,,,,,,,,,,,,good,population_not_loaded,area_not_loaded
210675,9,9,0,0,100.0,0,,,,,,,,,,,,,,,,,,,,,,good,population_not_loaded,area_not_loaded
210680,8,8,0,0,100.0,0,,,,,,,,,,,,,,,,,,,,,,good,population_not_loaded,area_not_loaded
210690,12,12,0,0,100.0,0,,,,,,,,,,,,,,,,,,,,,,good,population_not_loaded,area_not_loaded
210700,6,5,1,1,83.33333333333334,1,,,,,,,,,,,,,,,,,,,,,,monitor,population_not_loaded,area_not_loaded
210710,11,11,0,0,100.0,0,,,,,,,,,,,,,,,,,,,,,,good,population_not_loaded,area_not_loaded
210720,8,8,0,0,100.0,0,,,,,,,,,,,,,,,,,,,,,,good,population_not_loaded,area_not_loaded
210725,1,1,0,0,100.0,0,,,,,,,,,,,,,,,,,,,,,,good,population_not_loaded,area_not_loaded
210730,2,2,0,0,100.0,0,,,,,,,,,,,,,,,,,,,,,,good,population_not_loaded,area_not_loaded
210735,8,7,1,1,87.5,1,,,,,,,,,,,,,,,,,,,,,,monitor,population_not_loaded,area_not_loaded
210740,10,10,0,0,100.0,0,,,,,,,,,,,,,,,,,,,,,,good,population_not_loaded,area_not_loaded
210745,7,7,0,0,100.0,0,,,,,,,,,,,,,,,,,,,,,,good,population_not_loaded,area_not_loaded
210750,22,21,1,1,95.45454545454545,1,,,,,,,,,,,,,,,,,,,,,,good,population_not_loaded,area_not_loaded
210760,13,13,0,0,100.0,0,,,,,,,,,,,,,,,,,,,,,,good,population_not_loaded,area_not_loaded
210770,11,11,0,0,100.0,0,,,,,,,,,,,,,,,,,,,,,,good,population_not_loaded,area_not_loaded
210780,15,15,0,0,100.0,0,,,,,,,,,,,,,,,,,,,,,,good,population_not_loaded,area_not_loaded
210790,9,9,0,0,100.0,0,,,,,,,,,,,,,,,,,,,,,,good,population_not_loaded,area_not_loaded
210800,14,14,0,0,100.0,0,,,,,,,,,,,,,,,,,,,,,,good,population_not_loaded,area_not_loaded
210805,9,9,0,0,100.0,0,,,,,,,,,,,,,,,,,,,,,,good,population_not_loaded,area_not_loaded
210810,10,10,0,0,100.0,0,,,,,,,,,,,,,,,,,,,,,,good,population_not_loaded,area_not_loaded
210820,11,11,0,0,100.0,0,,,,,,,,,,,,,,,,,,,,,,good,population_not_loaded,area_not_loaded
210825,10,10,0,0,100.0,0,,,,,,,,,,,,,,,,,,,,,,good,population_not_loaded,area_not_loaded
210830,16,16,0,0,100.0,0,,,,,,,,,,,,,,,,,,,,,,good,population_not_loaded,area_not_loaded
210840,6,5,1,1,83.33333333333334,1,,,,,,,,,,,,,,,,,,,,,,monitor,population_not_loaded,area_not_loaded
210845,7,7,0,0,100.0,0,,,,,,,,,,,,,,,,,,,,,,good,population_not_loaded,area_not_loaded
210850,14,14,0,0,100.0,0,,,,,,,,,,,,,,,,,,,,,,good,population_not_loaded,area_not_loaded
210860,31,31,0,0,100.0,0,,,,,,,,,,,,,,,,,,,,,,good,population_not_loaded,area_not_loaded
210870,8,8,0,0,100.0,0,,,,,,,,,,,,,,,,,,,,,,good,population_not_loaded,area_not_loaded
210880,11,11,0,0,100.0,0,,,,,,,,,,,,,,,,,,,,,,good,population_not_loaded,area_not_loaded
210890,9,8,1,1,88.88888888888889,1,,,,,,,,,,,,,,,,,,,,,,monitor,population_not_loaded,area_not_loaded
210900,8,8,0,0,100.0,0,,,,,,,,,,,,,,,,,,,,,,good,population_not_loaded,area_not_loaded
210905,3,3,0,0,100.0,0,,,,,,,,,,,,,,,,,,,,,,good,population_not_loaded,area_not_loaded
210910,21,20,1,1,95.23809523809523,1,,,,,,,,,,,,,,,,,,,,,,good,population_not_loaded,area_not_loaded
210920,5,5,0,0,100.0,0,,,,,,,,,,,,,,,,,,,,,,good,population_not_loaded,area_not_loaded
210923,3,2,1,1,66.66666666666666,1,,,,,,,,,,,,,,,,,,,,,,high_attention,population_not_loaded,area_not_loaded
210927,19,18,1,1,94.73684210526315,1,,,,,,,,,,,,,,,,,,,,,,monitor,population_not_loaded,area_not_loaded
210930,5,4,1,1,80.0,1,,,,,,,,,,,,,,,,,,,,,,high_attention,population_not_loaded,area_not_loaded
210940,8,8,0,0,100.0,0,,,,,,,,,,,,,,,,,,,,,,good,population_not_loaded,area_not_loaded
210945,6,6,0,0,100.0,0,,,,,,,,,,,,,,,,,,,,,,good,population_not_loaded,area_not_loaded
210950,5,5,0,0,100.0,0,,,,,,,,,,,,,,,,,,,,,,good,population_not_loaded,area_not_loaded
210955,5,5,0,0,100.0,0,,,,,,,,,,,,,,,,,,,,,,good,population_not_loaded,area_not_loaded
210960,20,19,1,1,95.0,1,,,,,,,,,,,,,,,,,,,,,,monitor,population_not_loaded,area_not_loaded
210970,4,4,0,0,100.0,0,,,,,,,,,,,,,,,,,,,,,,good,population_not_loaded,area_not_loaded
210975,3,3,0,0,100.0,0,,,,,,,,,,,,,,,,,,,,,,good,population_not_loaded,area_not_loaded
210980,11,10,1,1,90.9090909090909,1,,,,,,,,,,,,,,,,,,,,,,monitor,population_not_loaded,area_not_loaded
210990,23,22,1,1,95.65217391304348,1,,,,,,,,,,,,,,,,,,,,,,good,population_not_loaded,area_not_loaded
211000,27,26,1,1,96.29629629629629,1,,,,,,,,,,,,,,,,,,,,,,good,population_not_loaded,area_not_loaded
211003,9,9,0,0,100.0,0,,,,,,,,,,,,,,,,,,,,,,good,population_not_loaded,area_not_loaded
211010,13,13,0,0,100.0,0,,,,,,,,,,,,,,,,,,,,,,good,population_not_loaded,area_not_loaded
211020,22,22,0,0,100.0,0,,,,,,,,,,,,,,,,,,,,,,good,population_not_loaded,area_not_loaded
211023,5,5,0,0,100.0,0,,,,,,,,,,,,,,,,,,,,,,good,population_not_loaded,area_not_loaded
211027,9,9,0,0,100.0,0,,,,,,,,,,,,,,,,,,,,,,good,population_not_loaded,area_not_loaded
211030,12,8,4,4,66.66666666666666,4,,,,,,,,,,,,,,,,,,,,,,high_attention,population_not_loaded,area_not_loaded
211040,11,11,0,0,100.0,0,,,,,,,,,,,,,,,,,,,,,,good,population_not_loaded,area_not_loaded
211050,24,24,0,0,100.0,0,,,,,,,,,,,,,,,,,,,,,,good,population_not_loaded,area_not_loaded
211060,12,12,0,0,100.0,0,,,,,,,,,,,,,,,,,,,,,,good,population_not_loaded,area_not_loaded
211065,5,5,0,0,100.0,0,,,,,,,,,,,,,,,,,,,,,,good,population_not_loaded,area_not_loaded
211070,19,19,0,0,100.0,0,,,,,,,,,,,,,,,,,,,,,,good,population_not_loaded,area_not_loaded
211080,4,4,0,0,100.0,0,,,,,,,,,,,,,,,,,,,,,,good,population_not_loaded,area_not_loaded
211085,4,4,0,0,100.0,0,,,,,,,,,,,,,,,,,,,,,,good,population_not_loaded,area_not_loaded
211090,12,12,0,0,100.0,0,,,,,,,,,,,,,,,,,,,,,,good,population_not_loaded,area_not_loaded
211100,10,10,0,0,100.0,0,,,,,,,,,,,,,,,,,,,,,,good,population_not_loaded,area_not_loaded
211102,5,5,0,0,100.0,0,,,,,,,,,,,,,,,,,,,,,,good,population_not_loaded,area_not_loaded
211105,6,6,0,0,100.0,0,,,,,,,,,,,,,,,,,,,,,,good,population_not_loaded,area_not_loaded
211107,9,9,0,0,100.0,0,,,,,,,,,,,,,,,,,,,,,,good,population_not_loaded,area_not_loaded
211110,11,11,0,0,100.0,0,,,,,,,,,,,,,,,,,,,,,,good,population_not_loaded,area_not_loaded
211120,37,37,0,0,100.0,0,,,,,,,,,,,,,,,,,,,,,,good,population_not_loaded,area_not_loaded
211125,4,4,0,0,100.0,0,,,,,,,,,,,,,,,,,,,,,,good,population_not_loaded,area_not_loaded
211130,71,71,0,0,100.0,0,,,,,,,,,,,,,,,,,,,,,,good,population_not_loaded,area_not_loaded
211140,10,10,0,0,100.0,0,,,,,,,,,,,,,,,,,,,,,,good,population_not_loaded,area_not_loaded
211150,11,11,0,0,100.0,0,,,,,,,,,,,,,,,,,,,,,,good,population_not_loaded,area_not_loaded
211153,4,4,0,0,100.0,0,,,,,,,,,,,,,,,,,,,,,,good,population_not_loaded,area_not_loaded
211157,1,1,0,0,100.0,0,,,,,,,,,,,,,,,,,,,,,,good,population_not_loaded,area_not_loaded
211160,12,12,0,0,100.0,0,,,,,,,,,,,,,,,,,,,,,,good,population_not_loaded,area_not_loaded
211163,3,3,0,0,100.0,0,,,,,,,,,,,,,,,,,,,,,,good,population_not_loaded,area_not_loaded
211167,4,4,0,0,100.0,0,,,,,,,,,,,,,,,,,,,,,,good,population_not_loaded,area_not_loaded
211170,11,11,0,0,100.0,0,,,,,,,,,,,,,,,,,,,,,,good,population_not_loaded,area_not_loaded
211172,6,5,1,1,83.33333333333334,1,,,,,,,,,,,,,,,,,,,,,,monitor,population_not_loaded,area_not_loaded
211174,7,7,0,0,100.0,0,,,,,,,,,,,,,,,,,,,,,,good,population_not_loaded,area_not_loaded
211176,8,8,0,0,100.0,0,,,,,,,,,,,,,,,,,,,,,,good,population_not_loaded,area_not_loaded
211178,5,5,0,0,100.0,0,,,,,,,,,,,,,,,,,,,,,,good,population_not_loaded,area_not_loaded
211180,10,10,0,0,100.0,0,,,,,,,,,,,,,,,,,,,,,,good,population_not_loaded,area_not_loaded
211190,5,5,0,0,100.0,0,,,,,,,,,,,,,,,,,,,,,,good,population_not_loaded,area_not_loaded
211195,2,2,0,0,100.0,0,,,,,,,,,,,,,,,,,,,,,,good,population_not_loaded,area_not_loaded
211200,1,1,0,0,100.0,0,,,,,,,,,,,,,,,,,,,,,,good,population_not_loaded,area_not_loaded
211210,10,10,0,0,100.0,0,,,,,,,,,,,,,,,,,,,,,,good,population_not_loaded,area_not_loaded
211220,48,48,0,0,100.0,0,,,,,,,,,,,,,,,,,,,,,,good,population_not_loaded,area_not_loaded
211223,14,14,0,0,100.0,0,,,,,,,,,,,,,,,,,,,,,,good,population_not_loaded,area_not_loaded
211227,3,3,0,0,100.0,0,,,,,,,,,,,,,,,,,,,,,,good,population_not_loaded,area_not_loaded
211230,19,19,0,0,100.0,0,,,,,,,,,,,,,,,,,,,,,,good,population_not_loaded,area_not_loaded
211240,10,10,0,0,100.0,0,,,,,,,,,,,,,,,,,,,,,,good,population_not_loaded,area_not_loaded
211245,2,2,0,0,100.0,0,,,,,,,,,,,,,,,,,,,,,,good,population_not_loaded,area_not_loaded
211250,24,24,0,0,100.0,0,,,,,,,,,,,,,,,,,,,,,,good,population_not_loaded,area_not_loaded
211260,13,13,0,0,100.0,0,,,,,,,,,,,,,,,,,,,,,,good,population_not_loaded,area_not_loaded
211270,18,18,0,0,100.0,0,,,,,,,,,,,,,,,,,,,,,,good,population_not_loaded,area_not_loaded
211280,26,26,0,0,100.0,0,,,,,,,,,,,,,,,,,,,,,,good,population_not_loaded,area_not_loaded
211285,6,6,0,0,100.0,0,,,,,,,,,,,,,,,,,,,,,,good,population_not_loaded,area_not_loaded
211290,13,13,0,0,100.0,0,,,,,,,,,,,,,,,,,,,,,,good,population_not_loaded,area_not_loaded
211300,19,16,3,3,84.21052631578947,3,,,,,,,,,,,,,,,,,,,,,,monitor,population_not_loaded,area_not_loaded
211400,21,17,4,4,80.95238095238095,4,,,,,,,,,,,,,,,,,,,,,,monitor,population_not_loaded,area_not_loaded
220005,3,3,0,0,100.0,0,,,,,,,,,,,,,,,,,,,,,,good,population_not_loaded,area_not_loaded
220010,5,4,1,1,80.0,1,,,,,,,,,,,,,,,,,,,,,,high_attention,population_not_loaded,area_not_loaded
220020,8,8,0,0,100.0,0,,,,,,,,,,,,,,,,,,,,,,good,population_not_loaded,area_not_loaded
220025,4,4,0,0,100.0,0,,,,,,,,,,,,,,,,,,,,,,good,population_not_loaded,area_not_loaded
220027,3,3,0,0,100.0,0,,,,,,,,,,,,,,,,,,,,,,good,population_not_loaded,area_not_loaded
220030,7,7,0,0,100.0,0,,,,,,,,,,,,,,,,,,,,,,good,population_not_loaded,area_not_loaded
220040,7,7,0,0,100.0,0,,,,,,,,,,,,,,,,,,,,,,good,population_not_loaded,area_not_loaded
220045,3,3,0,0,100.0,0,,,,,,,,,,,,,,,,,,,,,,good,population_not_loaded,area_not_loaded
220050,13,13,0,0,100.0,0,,,,,,,,,,,,,,,,,,,,,,good,population_not_loaded,area_not_loaded
220060,9,9,0,0,100.0,0,,,,,,,,,,,,,,,,,,,,,,good,population_not_loaded,area_not_loaded
220070,2,2,0,0,100.0,0,,,,,,,,,,,,,,,,,,,,,,good,population_not_loaded,area_not_loaded
220080,2,2,0,0,100.0,0,,,,,,,,,,,,,,,,,,,,,,good,population_not_loaded,area_not_loaded
220090,5,5,0,0,100.0,0,,,,,,,,,,,,,,,,,,,,,,good,population_not_loaded,area_not_loaded
220095,1,1,0,0,100.0,0,,,,,,,,,,,,,,,,,,,,,,good,population_not_loaded,area_not_loaded
220100,4,4,0,0,100.0,0,,,,,,,,,,,,,,,,,,,,,,good,population_not_loaded,area_not_loaded
220105,2,2,0,0,100.0,0,,,,,,,,,,,,,,,,,,,,,,good,population_not_loaded,area_not_loaded
220110,5,5,0,0,100.0,0,,,,,,,,,,,,,,,,,,,,,,good,population_not_loaded,area_not_loaded
220115,8,8,0,0,100.0,0,,,,,,,,,,,,,,,,,,,,,,good,population_not_loaded,area_not_loaded
220117,2,2,0,0,100.0,0,,,,,,,,,,,,,,,,,,,,,,good,population_not_loaded,area_not_loaded
220120,23,22,1,1,95.65217391304348,1,,,,,,,,,,,,,,,,,,,,,,good,population_not_loaded,area_not_loaded
220130,2,2,0,0,100.0,0,,,,,,,,,,,,,,,,,,,,,,good,population_not_loaded,area_not_loaded
220140,4,4,0,0,100.0,0,,,,,,,,,,,,,,,,,,,,,,good,population_not_loaded,area_not_loaded
220150,2,2,0,0,100.0,0,,,,,,,,,,,,,,,,,,,,,,good,population_not_loaded,area_not_loaded
220157,2,2,0,0,100.0,0,,,,,,,,,,,,,,,,,,,,,,good,population_not_loaded,area_not_loaded
220160,15,15,0,0,100.0,0,,,,,,,,,,,,,,,,,,,,,,good,population_not_loaded,area_not_loaded
220170,1,1,0,0,100.0,0,,,,,,,,,,,,,,,,,,,,,,good,population_not_loaded,area_not_loaded
220173,3,3,0,0,100.0,0,,,,,,,,,,,,,,,,,,,,,,good,population_not_loaded,area_not_loaded
220177,3,3,0,0,100.0,0,,,,,,,,,,,,,,,,,,,,,,good,population_not_loaded,area_not_loaded
220180,4,4,0,0,100.0,0,,,,,,,,,,,,,,,,,,,,,,good,population_not_loaded,area_not_loaded
220190,12,12,0,0,100.0,0,,,,,,,,,,,,,,,,,,,,,,good,population_not_loaded,area_not_loaded
220191,1,1,0,0,100.0,0,,,,,,,,,,,,,,,,,,,,,,good,population_not_loaded,area_not_loaded
220192,2,2,0,0,100.0,0,,,,,,,,,,,,,,,,,,,,,,good,population_not_loaded,area_not_loaded
220194,3,3,0,0,100.0,0,,,,,,,,,,,,,,,,,,,,,,good,population_not_loaded,area_not_loaded
220196,4,4,0,0,100.0,0,,,,,,,,,,,,,,,,,,,,,,good,population_not_loaded,area_not_loaded
220198,2,2,0,0,100.0,0,,,,,,,,,,,,,,,,,,,,,,good,population_not_loaded,area_not_loaded
220200,11,10,1,1,90.9090909090909,1,,,,,,,,,,,,,,,,,,,,,,monitor,population_not_loaded,area_not_loaded
220202,2,2,0,0,100.0,0,,,,,,,,,,,,,,,,,,,,,,good,population_not_loaded,area_not_loaded
220205,4,4,0,0,100.0,0,,,,,,,,,,,,,,,,,,,,,,good,population_not_loaded,area_not_loaded
220207,3,3,0,0,100.0,0,,,,,,,,,,,,,,,,,,,,,,good,population_not_loaded,area_not_loaded
220208,2,2,0,0,100.0,0,,,,,,,,,,,,,,,,,,,,,,good,population_not_loaded,area_not_loaded
220209,5,4,1,1,80.0,1,,,,,,,,,,,,,,,,,,,,,,high_attention,population_not_loaded,area_not_loaded
220210,5,5,0,0,100.0,0,,,,,,,,,,,,,,,,,,,,,,good,population_not_loaded,area_not_loaded
220211,3,3,0,0,100.0,0,,,,,,,,,,,,,,,,,,,,,,good,population_not_loaded,area_not_loaded
220213,3,3,0,0,100.0,0,,,,,,,,,,,,,,,,,,,,,,good,population_not_loaded,area_not_loaded
220217,4,4,0,0,100.0,0,,,,,,,,,,,,,,,,,,,,,,good,population_not_loaded,area_not_loaded
220220,4,4,0,0,100.0,0,,,,,,,,,,,,,,,,,,,,,,good,population_not_loaded,area_not_loaded
220225,2,2,0,0,100.0,0,,,,,,,,,,,,,,,,,,,,,,good,population_not_loaded,area_not_loaded
220230,9,9,0,0,100.0,0,,,,,,,,,,,,,,,,,,,,,,good,population_not_loaded,area_not_loaded
220240,5,4,1,1,80.0,1,,,,,,,,,,,,,,,,,,,,,,high_attention,population_not_loaded,area_not_loaded
220245,2,2,0,0,100.0,0,,,,,,,,,,,,,,,,,,,,,,good,population_not_loaded,area_not_loaded
220250,3,3,0,0,100.0,0,,,,,,,,,,,,,,,,,,,,,,good,population_not_loaded,area_not_loaded
220253,1,1,0,0,100.0,0,,,,,,,,,,,,,,,,,,,,,,good,population_not_loaded,area_not_loaded
220255,3,3,0,0,100.0,0,,,,,,,,,,,,,,,,,,,,,,good,population_not_loaded,area_not_loaded
220260,8,8,0,0,100.0,0,,,,,,,,,,,,,,,,,,,,,,good,population_not_loaded,area_not_loaded
220265,3,3,0,0,100.0,0,,,,,,,,,,,,,,,,,,,,,,good,population_not_loaded,area_not_loaded
220270,8,8,0,0,100.0,0,,,,,,,,,,,,,,,,,,,,,,good,population_not_loaded,area_not_loaded
220271,4,4,0,0,100.0,0,,,,,,,,,,,,,,,,,,,,,,good,population_not_loaded,area_not_loaded
220272,3,3,0,0,100.0,0,,,,,,,,,,,,,,,,,,,,,,good,population_not_loaded,area_not_loaded
220273,1,1,0,0,100.0,0,,,,,,,,,,,,,,,,,,,,,,good,population_not_loaded,area_not_loaded
220275,5,4,1,1,80.0,1,,,,,,,,,,,,,,,,,,,,,,high_attention,population_not_loaded,area_not_loaded
220277,3,3,0,0,100.0,0,,,,,,,,,,,,,,,,,,,,,,good,population_not_loaded,area_not_loaded
220280,1,1,0,0,100.0,0,,,,,,,,,,,,,,,,,,,,,,good,population_not_loaded,area_not_loaded
220285,2,2,0,0,100.0,0,,,,,,,,,,,,,,,,,,,,,,good,population_not_loaded,area_not_loaded
220290,13,13,0,0,100.0,0,,,,,,,,,,,,,,,,,,,,,,good,population_not_loaded,area_not_loaded
220300,4,4,0,0,100.0,0,,,,,,,,,,,,,,,,,,,,,,good,population_not_loaded,area_not_loaded
220310,9,9,0,0,100.0,0,,,,,,,,,,,,,,,,,,,,,,good,population_not_loaded,area_not_loaded
220320,5,5,0,0,100.0,0,,,,,,,,,,,,,,,,,,,,,,good,population_not_loaded,area_not_loaded
220323,2,2,0,0,100.0,0,,,,,,,,,,,,,,,,,,,,,,good,population_not_loaded,area_not_loaded
220325,3,3,0,0,100.0,0,,,,,,,,,,,,,,,,,,,,,,good,population_not_loaded,area_not_loaded
220327,5,5,0,0,100.0,0,,,,,,,,,,,,,,,,,,,,,,good,population_not_loaded,area_not_loaded
220330,9,9,0,0,100.0,0,,,,,,,,,,,,,,,,,,,,,,good,population_not_loaded,area_not_loaded
220335,4,4,0,0,100.0,0,,,,,,,,,,,,,,,,,,,,,,good,population_not_loaded,area_not_loaded
220340,4,4,0,0,100.0,0,,,,,,,,,,,,,,,,,,,,,,good,population_not_loaded,area_not_loaded
220342,1,1,0,0,100.0,0,,,,,,,,,,,,,,,,,,,,,,good,population_not_loaded,area_not_loaded
220345,6,6,0,0,100.0,0,,,,,,,,,,,,,,,,,,,,,,good,population_not_loaded,area_not_loaded
220350,7,7,0,0,100.0,0,,,,,,,,,,,,,,,,,,,,,,good,population_not_loaded,area_not_loaded
220360,4,4,0,0,100.0,0,,,,,,,,,,,,,,,,,,,,,,good,population_not_loaded,area_not_loaded
220370,23,22,1,1,95.65217391304348,1,,,,,,,,,,,,,,,,,,,,,,good,population_not_loaded,area_not_loaded
220375,2,2,0,0,100.0,0,,,,,,,,,,,,,,,,,,,,,,good,population_not_loaded,area_not_loaded
220380,3,3,0,0,100.0,0,,,,,,,,,,,,,,,,,,,,,,good,population_not_loaded,area_not_loaded
220385,5,5,0,0,100.0,0,,,,,,,,,,,,,,,,,,,,,,good,population_not_loaded,area_not_loaded
220390,26,26,0,0,100.0,0,,,,,,,,,,,,,,,,,,,,,,good,population_not_loaded,area_not_loaded
220400,4,4,0,0,100.0,0,,,,,,,,,,,,,,,,,,,,,,good,population_not_loaded,area_not_loaded
220410,2,2,0,0,100.0,0,,,,,,,,,,,,,,,,,,,,,,good,population_not_loaded,area_not_loaded
220415,2,2,0,0,100.0,0,,,,,,,,,,,,,,,,,,,,,,good,population_not_loaded,area_not_loaded
220420,5,5,0,0,100.0,0,,,,,,,,,,,,,,,,,,,,,,good,population_not_loaded,area_not_loaded
220430,11,11,0,0,100.0,0,,,,,,,,,,,,,,,,,,,,,,good,population_not_loaded,area_not_loaded
220435,3,3,0,0,100.0,0,,,,,,,,,,,,,,,,,,,,,,good,population_not_loaded,area_not_loaded
220440,3,3,0,0,100.0,0,,,,,,,,,,,,,,,,,,,,,,good,population_not_loaded,area_not_loaded
220450,5,5,0,0,100.0,0,,,,,,,,,,,,,,,,,,,,,,good,population_not_loaded,area_not_loaded
220455,1,1,0,0,100.0,0,,,,,,,,,,,,,,,,,,,,,,good,population_not_loaded,area_not_loaded
220460,3,3,0,0,100.0,0,,,,,,,,,,,,,,,,,,,,,,good,population_not_loaded,area_not_loaded
220465,6,6,0,0,100.0,0,,,,,,,,,,,,,,,,,,,,,,good,population_not_loaded,area_not_loaded
220470,9,9,0,0,100.0,0,,,,,,,,,,,,,,,,,,,,,,good,population_not_loaded,area_not_loaded
220480,5,5,0,0,100.0,0,,,,,,,,,,,,,,,,,,,,,,good,population_not_loaded,area_not_loaded
220490,5,4,1,1,80.0,1,,,,,,,,,,,,,,,,,,,,,,high_attention,population_not_loaded,area_not_loaded
220500,1,1,0,0,100.0,0,,,,,,,,,,,,,,,,,,,,,,good,population_not_loaded,area_not_loaded
220510,7,7,0,0,100.0,0,,,,,,,,,,,,,,,,,,,,,,good,population_not_loaded,area_not_loaded
220515,3,3,0,0,100.0,0,,,,,,,,,,,,,,,,,,,,,,good,population_not_loaded,area_not_loaded
220520,11,11,0,0,100.0,0,,,,,,,,,,,,,,,,,,,,,,good,population_not_loaded,area_not_loaded
220525,3,3,0,0,100.0,0,,,,,,,,,,,,,,,,,,,,,,good,population_not_loaded,area_not_loaded
220527,6,6,0,0,100.0,0,,,,,,,,,,,,,,,,,,,,,,good,population_not_loaded,area_not_loaded
220530,2,2,0,0,100.0,0,,,,,,,,,,,,,,,,,,,,,,good,population_not_loaded,area_not_loaded
220535,2,2,0,0,100.0,0,,,,,,,,,,,,,,,,,,,,,,good,population_not_loaded,area_not_loaded
220540,8,8,0,0,100.0,0,,,,,,,,,,,,,,,,,,,,,,good,population_not_loaded,area_not_loaded
220545,3,3,0,0,100.0,0,,,,,,,,,,,,,,,,,,,,,,good,population_not_loaded,area_not_loaded
220550,22,22,0,0,100.0,0,,,,,,,,,,,,,,,,,,,,,,good,population_not_loaded,area_not_loaded
220551,2,2,0,0,100.0,0,,,,,,,,,,,,,,,,,,,,,,good,population_not_loaded,area_not_loaded
220552,1,1,0,0,100.0,0,,,,,,,,,,,,,,,,,,,,,,good,population_not_loaded,area_not_loaded
220553,1,1,0,0,100.0,0,,,,,,,,,,,,,,,,,,,,,,good,population_not_loaded,area_not_loaded
220554,1,1,0,0,100.0,0,,,,,,,,,,,,,,,,,,,,,,good,population_not_loaded,area_not_loaded
220555,2,2,0,0,100.0,0,,,,,,,,,,,,,,,,,,,,,,good,population_not_loaded,area_not_loaded
220556,2,2,0,0,100.0,0,,,,,,,,,,,,,,,,,,,,,,good,population_not_loaded,area_not_loaded
220557,3,3,0,0,100.0,0,,,,,,,,,,,,,,,,,,,,,,good,population_not_loaded,area_not_loaded
220558,2,2,0,0,100.0,0,,,,,,,,,,,,,,,,,,,,,,good,population_not_loaded,area_not_loaded
220559,4,4,0,0,100.0,0,,,,,,,,,,,,,,,,,,,,,,good,population_not_loaded,area_not_loaded
220560,3,3,0,0,100.0,0,,,,,,,,,,,,,,,,,,,,,,good,population_not_loaded,area_not_loaded
220570,15,15,0,0,100.0,0,,,,,,,,,,,,,,,,,,,,,,good,population_not_loaded,area_not_loaded
220580,15,14,1,1,93.33333333333333,1,,,,,,,,,,,,,,,,,,,,,,monitor,population_not_loaded,area_not_loaded
220585,5,5,0,0,100.0,0,,,,,,,,,,,,,,,,,,,,,,good,population_not_loaded,area_not_loaded
220590,4,4,0,0,100.0,0,,,,,,,,,,,,,,,,,,,,,,good,population_not_loaded,area_not_loaded
220595,3,3,0,0,100.0,0,,,,,,,,,,,,,,,,,,,,,,good,population_not_loaded,area_not_loaded
220600,2,2,0,0,100.0,0,,,,,,,,,,,,,,,,,,,,,,good,population_not_loaded,area_not_loaded
220605,4,4,0,0,100.0,0,,,,,,,,,,,,,,,,,,,,,,good,population_not_loaded,area_not_loaded
220610,1,1,0,0,100.0,0,,,,,,,,,,,,,,,,,,,,,,good,population_not_loaded,area_not_loaded
220620,11,11,0,0,100.0,0,,,,,,,,,,,,,,,,,,,,,,good,population_not_loaded,area_not_loaded
220630,5,5,0,0,100.0,0,,,,,,,,,,,,,,,,,,,,,,good,population_not_loaded,area_not_loaded
220635,4,4,0,0,100.0,0,,,,,,,,,,,,,,,,,,,,,,good,population_not_loaded,area_not_loaded
220640,5,5,0,0,100.0,0,,,,,,,,,,,,,,,,,,,,,,good,population_not_loaded,area_not_loaded
220650,8,8,0,0,100.0,0,,,,,,,,,,,,,,,,,,,,,,good,population_not_loaded,area_not_loaded
220660,4,4,0,0,100.0,0,,,,,,,,,,,,,,,,,,,,,,good,population_not_loaded,area_not_loaded
220665,1,1,0,0,100.0,0,,,,,,,,,,,,,,,,,,,,,,good,population_not_loaded,area_not_loaded
220667,5,5,0,0,100.0,0,,,,,,,,,,,,,,,,,,,,,,good,population_not_loaded,area_not_loaded
220669,3,2,1,1,66.66666666666666,1,,,,,,,,,,,,,,,,,,,,,,high_attention,population_not_loaded,area_not_loaded
220670,8,8,0,0,100.0,0,,,,,,,,,,,,,,,,,,,,,,good,population_not_loaded,area_not_loaded
220672,5,5,0,0,100.0,0,,,,,,,,,,,,,,,,,,,,,,good,population_not_loaded,area_not_loaded
220675,3,3,0,0,100.0,0,,,,,,,,,,,,,,,,,,,,,,good,population_not_loaded,area_not_loaded
220680,5,5,0,0,100.0,0,,,,,,,,,,,,,,,,,,,,,,good,population_not_loaded,area_not_loaded
220690,3,3,0,0,100.0,0,,,,,,,,,,,,,,,,,,,,,,good,population_not_loaded,area_not_loaded
220695,4,4,0,0,100.0,0,,,,,,,,,,,,,,,,,,,,,,good,population_not_loaded,area_not_loaded
220700,21,21,0,0,100.0,0,,,,,,,,,,,,,,,,,,,,,,good,population_not_loaded,area_not_loaded
220710,6,6,0,0,100.0,0,,,,,,,,,,,,,,,,,,,,,,good,population_not_loaded,area_not_loaded
220720,6,6,0,0,100.0,0,,,,,,,,,,,,,,,,,,,,,,good,population_not_loaded,area_not_loaded
220730,1,1,0,0,100.0,0,,,,,,,,,,,,,,,,,,,,,,good,population_not_loaded,area_not_loaded
220735,4,4,0,0,100.0,0,,,,,,,,,,,,,,,,,,,,,,good,population_not_loaded,area_not_loaded
220740,4,4,0,0,100.0,0,,,,,,,,,,,,,,,,,,,,,,good,population_not_loaded,area_not_loaded
220750,9,9,0,0,100.0,0,,,,,,,,,,,,,,,,,,,,,,good,population_not_loaded,area_not_loaded
220755,1,1,0,0,100.0,0,,,,,,,,,,,,,,,,,,,,,,good,population_not_loaded,area_not_loaded
220760,7,7,0,0,100.0,0,,,,,,,,,,,,,,,,,,,,,,good,population_not_loaded,area_not_loaded
220770,38,37,1,1,97.36842105263158,1,,,,,,,,,,,,,,,,,,,,,,good,population_not_loaded,area_not_loaded
220775,2,2,0,0,100.0,0,,,,,,,,,,,,,,,,,,,,,,good,population_not_loaded,area_not_loaded
220777,7,7,0,0,100.0,0,,,,,,,,,,,,,,,,,,,,,,good,population_not_loaded,area_not_loaded
220779,4,4,0,0,100.0,0,,,,,,,,,,,,,,,,,,,,,,good,population_not_loaded,area_not_loaded
220780,12,12,0,0,100.0,0,,,,,,,,,,,,,,,,,,,,,,good,population_not_loaded,area_not_loaded
220785,2,2,0,0,100.0,0,,,,,,,,,,,,,,,,,,,,,,good,population_not_loaded,area_not_loaded
220790,15,15,0,0,100.0,0,,,,,,,,,,,,,,,,,,,,,,good,population_not_loaded,area_not_loaded
220793,2,2,0,0,100.0,0,,,,,,,,,,,,,,,,,,,,,,good,population_not_loaded,area_not_loaded
220795,2,2,0,0,100.0,0,,,,,,,,,,,,,,,,,,,,,,good,population_not_loaded,area_not_loaded
220800,37,34,3,3,91.8918918918919,3,,,,,,,,,,,,,,,,,,,,,,monitor,population_not_loaded,area_not_loaded
220810,1,1,0,0,100.0,0,,,,,,,,,,,,,,,,,,,,,,good,population_not_loaded,area_not_loaded
220820,9,8,1,1,88.88888888888889,1,,,,,,,,,,,,,,,,,,,,,,monitor,population_not_loaded,area_not_loaded
220830,14,14,0,0,100.0,0,,,,,,,,,,,,,,,,,,,,,,good,population_not_loaded,area_not_loaded
220840,31,31,0,0,100.0,0,,,,,,,,,,,,,,,,,,,,,,good,population_not_loaded,area_not_loaded
220850,7,7,0,0,100.0,0,,,,,,,,,,,,,,,,,,,,,,good,population_not_loaded,area_not_loaded
220855,2,1,1,1,50.0,1,,,,,,,,,,,,,,,,,,,,,,high_attention,population_not_loaded,area_not_loaded
220860,2,2,0,0,100.0,0,,,,,,,,,,,,,,,,,,,,,,good,population_not_loaded,area_not_loaded
220865,5,5,0,0,100.0,0,,,,,,,,,,,,,,,,,,,,,,good,population_not_loaded,area_not_loaded
220870,3,3,0,0,100.0,0,,,,,,,,,,,,,,,,,,,,,,good,population_not_loaded,area_not_loaded
220880,9,9,0,0,100.0,0,,,,,,,,,,,,,,,,,,,,,,good,population_not_loaded,area_not_loaded
220885,2,2,0,0,100.0,0,,,,,,,,,,,,,,,,,,,,,,good,population_not_loaded,area_not_loaded
220887,1,1,0,0,100.0,0,,,,,,,,,,,,,,,,,,,,,,good,population_not_loaded,area_not_loaded
220900,4,4,0,0,100.0,0,,,,,,,,,,,,,,,,,,,,,,good,population_not_loaded,area_not_loaded
220910,2,0,2,2,0.0,2,,,,,,,,,,,,,,,,,,,,,,high_attention,population_not_loaded,area_not_loaded
220915,3,3,0,0,100.0,0,,,,,,,,,,,,,,,,,,,,,,good,population_not_loaded,area_not_loaded
220920,3,3,0,0,100.0,0,,,,,,,,,,,,,,,,,,,,,,good,population_not_loaded,area_not_loaded
220930,1,1,0,0,100.0,0,,,,,,,,,,,,,,,,,,,,,,good,population_not_loaded,area_not_loaded
220935,2,2,0,0,100.0,0,,,,,,,,,,,,,,,,,,,,,,good,population_not_loaded,area_not_loaded
220937,3,3,0,0,100.0,0,,,,,,,,,,,,,,,,,,,,,,good,population_not_loaded,area_not_loaded
220940,4,4,0,0,100.0,0,,,,,,,,,,,,,,,,,,,,,,good,population_not_loaded,area_not_loaded
220945,4,4,0,0,100.0,0,,,,,,,,,,,,,,,,,,,,,,good,population_not_loaded,area_not_loaded
220950,3,3,0,0,100.0,0,,,,,,,,,,,,,,,,,,,,,,good,population_not_loaded,area_not_loaded
220955,3,3,0,0,100.0,0,,,,,,,,,,,,,,,,,,,,,,good,population_not_loaded,area_not_loaded
220960,4,2,2,2,50.0,2,,,,,,,,,,,,,,,,,,,,,,high_attention,population_not_loaded,area_not_loaded
220965,3,3,0,0,100.0,0,,,,,,,,,,,,,,,,,,,,,,good,population_not_loaded,area_not_loaded
220970,3,3,0,0,100.0,0,,,,,,,,,,,,,,,,,,,,,,good,population_not_loaded,area_not_loaded
220975,2,2,0,0,100.0,0,,,,,,,,,,,,,,,,,,,,,,good,population_not_loaded,area_not_loaded
220980,3,2,1,1,66.66666666666666,1,,,,,,,,,,,,,,,,,,,,,,high_attention,population_not_loaded,area_not_loaded
220985,4,4,0,0,100.0,0,,,,,,,,,,,,,,,,,,,,,,good,population_not_loaded,area_not_loaded
220987,3,3,0,0,100.0,0,,,,,,,,,,,,,,,,,,,,,,good,population_not_loaded,area_not_loaded
220990,1,1,0,0,100.0,0,,,,,,,,,,,,,,,,,,,,,,good,population_not_loaded,area_not_loaded
220995,2,2,0,0,100.0,0,,,,,,,,,,,,,,,,,,,,,,good,population_not_loaded,area_not_loaded
220997,4,4,0,0,100.0,0,,,,,,,,,,,,,,,,,,,,,,good,population_not_loaded,area_not_loaded
221000,6,6,0,0,100.0,0,,,,,,,,,,,,,,,,,,,,,,good,population_not_loaded,area_not_loaded
221005,6,6,0,0,100.0,0,,,,,,,,,,,,,,,,,,,,,,good,population_not_loaded,area_not_loaded
221010,2,2,0,0,100.0,0,,,,,,,,,,,,,,,,,,,,,,good,population_not_loaded,area_not_loaded
221020,7,7,0,0,100.0,0,,,,,,,,,,,,,,,,,,,,,,good,population_not_loaded,area_not_loaded
221030,3,3,0,0,100.0,0,,,,,,,,,,,,,,,,,,,,,,good,population_not_loaded,area_not_loaded
221035,7,7,0,0,100.0,0,,,,,,,,,,,,,,,,,,,,,,good,population_not_loaded,area_not_loaded
221037,1,1,0,0,100.0,0,,,,,,,,,,,,,,,,,,,,,,good,population_not_loaded,area_not_loaded
221038,2,2,0,0,100.0,0,,,,,,,,,,,,,,,,,,,,,,good,population_not_loaded,area_not_loaded
221039,1,1,0,0,100.0,0,,,,,,,,,,,,,,,,,,,,,,good,population_not_loaded,area_not_loaded
221040,11,11,0,0,100.0,0,,,,,,,,,,,,,,,,,,,,,,good,population_not_loaded,area_not_loaded
221050,8,8,0,0,100.0,0,,,,,,,,,,,,,,,,,,,,,,good,population_not_loaded,area_not_loaded
221060,15,14,1,1,93.33333333333333,1,,,,,,,,,,,,,,,,,,,,,,monitor,population_not_loaded,area_not_loaded
221062,2,2,0,0,100.0,0,,,,,,,,,,,,,,,,,,,,,,good,population_not_loaded,area_not_loaded
221063,5,5,0,0,100.0,0,,,,,,,,,,,,,,,,,,,,,,good,population_not_loaded,area_not_loaded
221065,4,4,0,0,100.0,0,,,,,,,,,,,,,,,,,,,,,,good,population_not_loaded,area_not_loaded
221070,8,8,0,0,100.0,0,,,,,,,,,,,,,,,,,,,,,,good,population_not_loaded,area_not_loaded
221080,4,4,0,0,100.0,0,,,,,,,,,,,,,,,,,,,,,,good,population_not_loaded,area_not_loaded
221090,4,4,0,0,100.0,0,,,,,,,,,,,,,,,,,,,,,,good,population_not_loaded,area_not_loaded
221093,3,3,0,0,100.0,0,,,,,,,,,,,,,,,,,,,,,,good,population_not_loaded,area_not_loaded
221095,1,1,0,0,100.0,0,,,,,,,,,,,,,,,,,,,,,,good,population_not_loaded,area_not_loaded
221097,4,4,0,0,100.0,0,,,,,,,,,,,,,,,,,,,,,,good,population_not_loaded,area_not_loaded
221100,98,95,3,3,96.93877551020408,3,,,,,,,,,,,,,,,,,,,,,,good,population_not_loaded,area_not_loaded
221110,18,18,0,0,100.0,0,,,,,,,,,,,,,,,,,,,,,,good,population_not_loaded,area_not_loaded
221120,10,10,0,0,100.0,0,,,,,,,,,,,,,,,,,,,,,,good,population_not_loaded,area_not_loaded
221130,10,10,0,0,100.0,0,,,,,,,,,,,,,,,,,,,,,,good,population_not_loaded,area_not_loaded
221135,2,2,0,0,100.0,0,,,,,,,,,,,,,,,,,,,,,,good,population_not_loaded,area_not_loaded
221140,5,5,0,0,100.0,0,,,,,,,,,,,,,,,,,,,,,,good,population_not_loaded,area_not_loaded
221150,3,3,0,0,100.0,0,,,,,,,,,,,,,,,,,,,,,,good,population_not_loaded,area_not_loaded
221160,1,1,0,0,100.0,0,,,,,,,,,,,,,,,,,,,,,,good,population_not_loaded,area_not_loaded
221170,2,2,0,0,100.0,0,,,,,,,,,,,,,,,,,,,,,,good,population_not_loaded,area_not_loaded
230010,5,5,0,0,100.0,0,,,,,,,,,,,,,,,,,,,,,,good,population_not_loaded,area_not_loaded
230015,6,6,0,0,100.0,0,,,,,,,,,,,,,,,,,,,,,,good,population_not_loaded,area_not_loaded
230020,26,25,1,1,96.15384615384616,1,,,,,,,,,,,,,,,,,,,,,,good,population_not_loaded,area_not_loaded
230030,23,19,4,4,82.6086956521739,4,,,,,,,,,,,,,,,,,,,,,,monitor,population_not_loaded,area_not_loaded
230040,8,8,0,0,100.0,0,,,,,,,,,,,,,,,,,,,,,,good,population_not_loaded,area_not_loaded
230050,7,6,1,1,85.71428571428571,1,,,,,,,,,,,,,,,,,,,,,,monitor,population_not_loaded,area_not_loaded
230060,4,4,0,0,100.0,0,,,,,,,,,,,,,,,,,,,,,,good,population_not_loaded,area_not_loaded
230070,7,7,0,0,100.0,0,,,,,,,,,,,,,,,,,,,,,,good,population_not_loaded,area_not_loaded
230075,17,16,1,1,94.11764705882352,1,,,,,,,,,,,,,,,,,,,,,,monitor,population_not_loaded,area_not_loaded
230080,4,4,0,0,100.0,0,,,,,,,,,,,,,,,,,,,,,,good,population_not_loaded,area_not_loaded
230090,8,8,0,0,100.0,0,,,,,,,,,,,,,,,,,,,,,,good,population_not_loaded,area_not_loaded
230100,41,41,0,0,100.0,0,,,,,,,,,,,,,,,,,,,,,,good,population_not_loaded,area_not_loaded
230110,24,24,0,0,100.0,0,,,,,,,,,,,,,,,,,,,,,,good,population_not_loaded,area_not_loaded
230120,12,12,0,0,100.0,0,,,,,,,,,,,,,,,,,,,,,,good,population_not_loaded,area_not_loaded
230125,4,4,0,0,100.0,0,,,,,,,,,,,,,,,,,,,,,,good,population_not_loaded,area_not_loaded
230130,9,9,0,0,100.0,0,,,,,,,,,,,,,,,,,,,,,,good,population_not_loaded,area_not_loaded
230140,7,7,0,0,100.0,0,,,,,,,,,,,,,,,,,,,,,,good,population_not_loaded,area_not_loaded
230150,3,3,0,0,100.0,0,,,,,,,,,,,,,,,,,,,,,,good,population_not_loaded,area_not_loaded
230160,13,11,2,2,84.61538461538461,2,,,,,,,,,,,,,,,,,,,,,,monitor,population_not_loaded,area_not_loaded
230170,12,12,0,0,100.0,0,,,,,,,,,,,,,,,,,,,,,,good,population_not_loaded,area_not_loaded
230180,3,3,0,0,100.0,0,,,,,,,,,,,,,,,,,,,,,,good,population_not_loaded,area_not_loaded
230185,11,11,0,0,100.0,0,,,,,,,,,,,,,,,,,,,,,,good,population_not_loaded,area_not_loaded
230190,26,26,0,0,100.0,0,,,,,,,,,,,,,,,,,,,,,,good,population_not_loaded,area_not_loaded
230195,14,14,0,0,100.0,0,,,,,,,,,,,,,,,,,,,,,,good,population_not_loaded,area_not_loaded
230200,11,11,0,0,100.0,0,,,,,,,,,,,,,,,,,,,,,,good,population_not_loaded,area_not_loaded
230205,8,8,0,0,100.0,0,,,,,,,,,,,,,,,,,,,,,,good,population_not_loaded,area_not_loaded
230210,12,12,0,0,100.0,0,,,,,,,,,,,,,,,,,,,,,,good,population_not_loaded,area_not_loaded
230220,24,23,1,1,95.83333333333334,1,,,,,,,,,,,,,,,,,,,,,,good,population_not_loaded,area_not_loaded
230230,17,17,0,0,100.0,0,,,,,,,,,,,,,,,,,,,,,,good,population_not_loaded,area_not_loaded
230240,12,12,0,0,100.0,0,,,,,,,,,,,,,,,,,,,,,,good,population_not_loaded,area_not_loaded
230250,25,25,0,0,100.0,0,,,,,,,,,,,,,,,,,,,,,,good,population_not_loaded,area_not_loaded
230260,24,22,2,2,91.66666666666666,2,,,,,,,,,,,,,,,,,,,,,,monitor,population_not_loaded,area_not_loaded
230270,19,19,0,0,100.0,0,,,,,,,,,,,,,,,,,,,,,,good,population_not_loaded,area_not_loaded
230280,19,19,0,0,100.0,0,,,,,,,,,,,,,,,,,,,,,,good,population_not_loaded,area_not_loaded
230290,1,1,0,0,100.0,0,,,,,,,,,,,,,,,,,,,,,,good,population_not_loaded,area_not_loaded
230300,7,7,0,0,100.0,0,,,,,,,,,,,,,,,,,,,,,,good,population_not_loaded,area_not_loaded
230310,11,11,0,0,100.0,0,,,,,,,,,,,,,,,,,,,,,,good,population_not_loaded,area_not_loaded
230320,1,1,0,0,100.0,0,,,,,,,,,,,,,,,,,,,,,,good,population_not_loaded,area_not_loaded
230330,9,9,0,0,100.0,0,,,,,,,,,,,,,,,,,,,,,,good,population_not_loaded,area_not_loaded
230340,13,11,2,2,84.61538461538461,2,,,,,,,,,,,,,,,,,,,,,,monitor,population_not_loaded,area_not_loaded
230350,17,17,0,0,100.0,0,,,,,,,,,,,,,,,,,,,,,,good,population_not_loaded,area_not_loaded
230360,8,8,0,0,100.0,0,,,,,,,,,,,,,,,,,,,,,,good,population_not_loaded,area_not_loaded
230365,6,5,1,1,83.33333333333334,1,,,,,,,,,,,,,,,,,,,,,,monitor,population_not_loaded,area_not_loaded
230370,53,52,1,1,98.11320754716981,1,,,,,,,,,,,,,,,,,,,,,,good,population_not_loaded,area_not_loaded
230380,12,11,1,1,91.66666666666666,1,,,,,,,,,,,,,,,,,,,,,,monitor,population_not_loaded,area_not_loaded
230390,7,7,0,0,100.0,0,,,,,,,,,,,,,,,,,,,,,,good,population_not_loaded,area_not_loaded
230393,6,6,0,0,100.0,0,,,,,,,,,,,,,,,,,,,,,,good,population_not_loaded,area_not_loaded
230395,10,10,0,0,100.0,0,,,,,,,,,,,,,,,,,,,,,,good,population_not_loaded,area_not_loaded
230400,11,10,1,1,90.9090909090909,1,,,,,,,,,,,,,,,,,,,,,,monitor,population_not_loaded,area_not_loaded
230410,33,33,0,0,100.0,0,,,,,,,,,,,,,,,,,,,,,,good,population_not_loaded,area_not_loaded
230420,37,37,0,0,100.0,0,,,,,,,,,,,,,,,,,,,,,,good,population_not_loaded,area_not_loaded
230423,11,11,0,0,100.0,0,,,,,,,,,,,,,,,,,,,,,,good,population_not_loaded,area_not_loaded
230425,14,14,0,0,100.0,0,,,,,,,,,,,,,,,,,,,,,,good,population_not_loaded,area_not_loaded
230426,4,4,0,0,100.0,0,,,,,,,,,,,,,,,,,,,,,,good,population_not_loaded,area_not_loaded
230427,2,1,1,1,50.0,1,,,,,,,,,,,,,,,,,,,,,,high_attention,population_not_loaded,area_not_loaded
230428,18,18,0,0,100.0,0,,,,,,,,,,,,,,,,,,,,,,good,population_not_loaded,area_not_loaded
230430,1,1,0,0,100.0,0,,,,,,,,,,,,,,,,,,,,,,good,population_not_loaded,area_not_loaded
230435,9,9,0,0,100.0,0,,,,,,,,,,,,,,,,,,,,,,good,population_not_loaded,area_not_loaded
230440,140,139,1,1,99.28571428571429,1,,,,,,,,,,,,,,,,,,,,,,good,population_not_loaded,area_not_loaded
230445,8,8,0,0,100.0,0,,,,,,,,,,,,,,,,,,,,,,good,population_not_loaded,area_not_loaded
230450,6,6,0,0,100.0,0,,,,,,,,,,,,,,,,,,,,,,good,population_not_loaded,area_not_loaded
230460,5,5,0,0,100.0,0,,,,,,,,,,,,,,,,,,,,,,good,population_not_loaded,area_not_loaded
230465,7,7,0,0,100.0,0,,,,,,,,,,,,,,,,,,,,,,good,population_not_loaded,area_not_loaded
230470,16,16,0,0,100.0,0,,,,,,,,,,,,,,,,,,,,,,good,population_not_loaded,area_not_loaded
230480,3,3,0,0,100.0,0,,,,,,,,,,,,,,,,,,,,,,good,population_not_loaded,area_not_loaded
230490,2,1,1,1,50.0,1,,,,,,,,,,,,,,,,,,,,,,high_attention,population_not_loaded,area_not_loaded
230495,14,13,1,1,92.85714285714286,1,,,,,,,,,,,,,,,,,,,,,,monitor,population_not_loaded,area_not_loaded
230500,20,20,0,0,100.0,0,,,,,,,,,,,,,,,,,,,,,,good,population_not_loaded,area_not_loaded
230510,3,3,0,0,100.0,0,,,,,,,,,,,,,,,,,,,,,,good,population_not_loaded,area_not_loaded
230520,9,9,0,0,100.0,0,,,,,,,,,,,,,,,,,,,,,,good,population_not_loaded,area_not_loaded
230523,21,20,1,1,95.23809523809523,1,,,,,,,,,,,,,,,,,,,,,,good,population_not_loaded,area_not_loaded
230526,7,7,0,0,100.0,0,,,,,,,,,,,,,,,,,,,,,,good,population_not_loaded,area_not_loaded
230530,12,12,0,0,100.0,0,,,,,,,,,,,,,,,,,,,,,,good,population_not_loaded,area_not_loaded
230533,6,6,0,0,100.0,0,,,,,,,,,,,,,,,,,,,,,,good,population_not_loaded,area_not_loaded
230535,8,8,0,0,100.0,0,,,,,,,,,,,,,,,,,,,,,,good,population_not_loaded,area_not_loaded
230540,26,25,1,1,96.15384615384616,1,,,,,,,,,,,,,,,,,,,,,,good,population_not_loaded,area_not_loaded
230550,32,31,1,1,96.875,1,,,,,,,,,,,,,,,,,,,,,,good,population_not_loaded,area_not_loaded
230560,10,10,0,0,100.0,0,,,,,,,,,,,,,,,,,,,,,,good,population_not_loaded,area_not_loaded
230565,6,6,0,0,100.0,0,,,,,,,,,,,,,,,,,,,,,,good,population_not_loaded,area_not_loaded
230570,6,6,0,0,100.0,0,,,,,,,,,,,,,,,,,,,,,,good,population_not_loaded,area_not_loaded
230580,19,19,0,0,100.0,0,,,,,,,,,,,,,,,,,,,,,,good,population_not_loaded,area_not_loaded
230590,6,6,0,0,100.0,0,,,,,,,,,,,,,,,,,,,,,,good,population_not_loaded,area_not_loaded
230600,8,6,2,2,75.0,2,,,,,,,,,,,,,,,,,,,,,,high_attention,population_not_loaded,area_not_loaded
230610,9,9,0,0,100.0,0,,,,,,,,,,,,,,,,,,,,,,good,population_not_loaded,area_not_loaded
230620,4,4,0,0,100.0,0,,,,,,,,,,,,,,,,,,,,,,good,population_not_loaded,area_not_loaded
230625,24,24,0,0,100.0,0,,,,,,,,,,,,,,,,,,,,,,good,population_not_loaded,area_not_loaded
230630,23,23,0,0,100.0,0,,,,,,,,,,,,,,,,,,,,,,good,population_not_loaded,area_not_loaded
230640,46,44,2,2,95.65217391304348,2,,,,,,,,,,,,,,,,,,,,,,good,population_not_loaded,area_not_loaded
230650,1,1,0,0,100.0,0,,,,,,,,,,,,,,,,,,,,,,good,population_not_loaded,area_not_loaded
230655,17,15,2,2,88.23529411764706,2,,,,,,,,,,,,,,,,,,,,,,monitor,population_not_loaded,area_not_loaded
230660,17,17,0,0,100.0,0,,,,,,,,,,,,,,,,,,,,,,good,population_not_loaded,area_not_loaded
230670,7,7,0,0,100.0,0,,,,,,,,,,,,,,,,,,,,,,good,population_not_loaded,area_not_loaded
230680,3,3,0,0,100.0,0,,,,,,,,,,,,,,,,,,,,,,good,population_not_loaded,area_not_loaded
230690,13,13,0,0,100.0,0,,,,,,,,,,,,,,,,,,,,,,good,population_not_loaded,area_not_loaded
230700,16,15,1,1,93.75,1,,,,,,,,,,,,,,,,,,,,,,monitor,population_not_loaded,area_not_loaded
230710,1,0,1,1,0.0,1,,,,,,,,,,,,,,,,,,,,,,high_attention,population_not_loaded,area_not_loaded
230720,4,4,0,0,100.0,0,,,,,,,,,,,,,,,,,,,,,,good,population_not_loaded,area_not_loaded
230725,9,8,1,1,88.88888888888889,1,,,,,,,,,,,,,,,,,,,,,,monitor,population_not_loaded,area_not_loaded
230730,54,53,1,1,98.14814814814815,1,,,,,,,,,,,,,,,,,,,,,,good,population_not_loaded,area_not_loaded
230740,12,12,0,0,100.0,0,,,,,,,,,,,,,,,,,,,,,,good,population_not_loaded,area_not_loaded
230750,13,13,0,0,100.0,0,,,,,,,,,,,,,,,,,,,,,,good,population_not_loaded,area_not_loaded
230760,21,21,0,0,100.0,0,,,,,,,,,,,,,,,,,,,,,,good,population_not_loaded,area_not_loaded
230763,6,6,0,0,100.0,0,,,,,,,,,,,,,,,,,,,,,,good,population_not_loaded,area_not_loaded
230765,35,33,2,2,94.28571428571428,2,,,,,,,,,,,,,,,,,,,,,,monitor,population_not_loaded,area_not_loaded
230770,35,34,1,1,97.14285714285714,1,,,,,,,,,,,,,,,,,,,,,,good,population_not_loaded,area_not_loaded
230780,10,10,0,0,100.0,0,,,,,,,,,,,,,,,,,,,,,,good,population_not_loaded,area_not_loaded
230790,12,6,6,6,50.0,6,,,,,,,,,,,,,,,,,,,,,,high_attention,population_not_loaded,area_not_loaded
230800,14,13,1,1,92.85714285714286,1,,,,,,,,,,,,,,,,,,,,,,monitor,population_not_loaded,area_not_loaded
230810,26,26,0,0,100.0,0,,,,,,,,,,,,,,,,,,,,,,good,population_not_loaded,area_not_loaded
230820,7,7,0,0,100.0,0,,,,,,,,,,,,,,,,,,,,,,good,population_not_loaded,area_not_loaded
230830,15,15,0,0,100.0,0,,,,,,,,,,,,,,,,,,,,,,good,population_not_loaded,area_not_loaded
230835,7,7,0,0,100.0,0,,,,,,,,,,,,,,,,,,,,,,good,population_not_loaded,area_not_loaded
230837,6,6,0,0,100.0,0,,,,,,,,,,,,,,,,,,,,,,good,population_not_loaded,area_not_loaded
230840,18,16,2,2,88.88888888888889,2,,,,,,,,,,,,,,,,,,,,,,monitor,population_not_loaded,area_not_loaded
230850,13,13,0,0,100.0,0,,,,,,,,,,,,,,,,,,,,,,good,population_not_loaded,area_not_loaded
230860,8,8,0,0,100.0,0,,,,,,,,,,,,,,,,,,,,,,good,population_not_loaded,area_not_loaded
230870,31,26,5,5,83.87096774193549,5,,,,,,,,,,,,,,,,,,,,,,monitor,population_not_loaded,area_not_loaded
230880,5,5,0,0,100.0,0,,,,,,,,,,,,,,,,,,,,,,good,population_not_loaded,area_not_loaded
230890,9,9,0,0,100.0,0,,,,,,,,,,,,,,,,,,,,,,good,population_not_loaded,area_not_loaded
230900,7,5,2,2,71.42857142857143,2,,,,,,,,,,,,,,,,,,,,,,high_attention,population_not_loaded,area_not_loaded
230910,5,5,0,0,100.0,0,,,,,,,,,,,,,,,,,,,,,,good,population_not_loaded,area_not_loaded
230920,6,6,0,0,100.0,0,,,,,,,,,,,,,,,,,,,,,,good,population_not_loaded,area_not_loaded
230930,2,2,0,0,100.0,0,,,,,,,,,,,,,,,,,,,,,,good,population_not_loaded,area_not_loaded
230940,13,13,0,0,100.0,0,,,,,,,,,,,,,,,,,,,,,,good,population_not_loaded,area_not_loaded
230945,14,14,0,0,100.0,0,,,,,,,,,,,,,,,,,,,,,,good,population_not_loaded,area_not_loaded
230950,11,11,0,0,100.0,0,,,,,,,,,,,,,,,,,,,,,,good,population_not_loaded,area_not_loaded
230960,20,20,0,0,100.0,0,,,,,,,,,,,,,,,,,,,,,,good,population_not_loaded,area_not_loaded
230970,20,20,0,0,100.0,0,,,,,,,,,,,,,,,,,,,,,,good,population_not_loaded,area_not_loaded
230980,6,6,0,0,100.0,0,,,,,,,,,,,,,,,,,,,,,,good,population_not_loaded,area_not_loaded
230990,4,4,0,0,100.0,0,,,,,,,,,,,,,,,,,,,,,,good,population_not_loaded,area_not_loaded
231000,7,5,2,2,71.42857142857143,2,,,,,,,,,,,,,,,,,,,,,,high_attention,population_not_loaded,area_not_loaded
231010,5,5,0,0,100.0,0,,,,,,,,,,,,,,,,,,,,,,good,population_not_loaded,area_not_loaded
231020,21,20,1,1,95.23809523809523,1,,,,,,,,,,,,,,,,,,,,,,good,population_not_loaded,area_not_loaded
231025,14,14,0,0,100.0,0,,,,,,,,,,,,,,,,,,,,,,good,population_not_loaded,area_not_loaded
231030,9,8,1,1,88.88888888888889,1,,,,,,,,,,,,,,,,,,,,,,monitor,population_not_loaded,area_not_loaded
231040,6,6,0,0,100.0,0,,,,,,,,,,,,,,,,,,,,,,good,population_not_loaded,area_not_loaded
231050,24,18,6,6,75.0,6,,,,,,,,,,,,,,,,,,,,,,high_attention,population_not_loaded,area_not_loaded
231060,9,8,1,1,88.88888888888889,1,,,,,,,,,,,,,,,,,,,,,,monitor,population_not_loaded,area_not_loaded
231070,17,16,1,1,94.11764705882352,1,,,,,,,,,,,,,,,,,,,,,,monitor,population_not_loaded,area_not_loaded
231080,9,9,0,0,100.0,0,,,,,,,,,,,,,,,,,,,,,,good,population_not_loaded,area_not_loaded
231085,1,1,0,0,100.0,0,,,,,,,,,,,,,,,,,,,,,,good,population_not_loaded,area_not_loaded
231090,8,8,0,0,100.0,0,,,,,,,,,,,,,,,,,,,,,,good,population_not_loaded,area_not_loaded
231100,3,2,1,1,66.66666666666666,1,,,,,,,,,,,,,,,,,,,,,,high_attention,population_not_loaded,area_not_loaded
231110,9,8,1,1,88.88888888888889,1,,,,,,,,,,,,,,,,,,,,,,monitor,population_not_loaded,area_not_loaded
231120,6,6,0,0,100.0,0,,,,,,,,,,,,,,,,,,,,,,good,population_not_loaded,area_not_loaded
231123,5,4,1,1,80.0,1,,,,,,,,,,,,,,,,,,,,,,high_attention,population_not_loaded,area_not_loaded
231126,11,11,0,0,100.0,0,,,,,,,,,,,,,,,,,,,,,,good,population_not_loaded,area_not_loaded
231130,22,22,0,0,100.0,0,,,,,,,,,,,,,,,,,,,,,,good,population_not_loaded,area_not_loaded
231135,9,9,0,0,100.0,0,,,,,,,,,,,,,,,,,,,,,,good,population_not_loaded,area_not_loaded
231140,31,30,1,1,96.7741935483871,1,,,,,,,,,,,,,,,,,,,,,,good,population_not_loaded,area_not_loaded
231150,9,6,3,3,66.66666666666666,3,,,,,,,,,,,,,,,,,,,,,,high_attention,population_not_loaded,area_not_loaded
231160,14,14,0,0,100.0,0,,,,,,,,,,,,,,,,,,,,,,good,population_not_loaded,area_not_loaded
231170,9,8,1,1,88.88888888888889,1,,,,,,,,,,,,,,,,,,,,,,monitor,population_not_loaded,area_not_loaded
231180,32,28,4,4,87.5,4,,,,,,,,,,,,,,,,,,,,,,monitor,population_not_loaded,area_not_loaded
231190,2,2,0,0,100.0,0,,,,,,,,,,,,,,,,,,,,,,good,population_not_loaded,area_not_loaded
231195,10,10,0,0,100.0,0,,,,,,,,,,,,,,,,,,,,,,good,population_not_loaded,area_not_loaded
231200,12,12,0,0,100.0,0,,,,,,,,,,,,,,,,,,,,,,good,population_not_loaded,area_not_loaded
231210,7,6,1,1,85.71428571428571,1,,,,,,,,,,,,,,,,,,,,,,monitor,population_not_loaded,area_not_loaded
231220,14,13,1,1,92.85714285714286,1,,,,,,,,,,,,,,,,,,,,,,monitor,population_not_loaded,area_not_loaded
231230,20,19,1,1,95.0,1,,,,,,,,,,,,,,,,,,,,,,monitor,population_not_loaded,area_not_loaded
231240,22,22,0,0,100.0,0,,,,,,,,,,,,,,,,,,,,,,good,population_not_loaded,area_not_loaded
231250,2,2,0,0,100.0,0,,,,,,,,,,,,,,,,,,,,,,good,population_not_loaded,area_not_loaded
231260,7,7,0,0,100.0,0,,,,,,,,,,,,,,,,,,,,,,good,population_not_loaded,area_not_loaded
231270,13,12,1,1,92.3076923076923,1,,,,,,,,,,,,,,,,,,,,,,monitor,population_not_loaded,area_not_loaded
231280,5,5,0,0,100.0,0,,,,,,,,,,,,,,,,,,,,,,good,population_not_loaded,area_not_loaded
231290,45,42,3,3,93.33333333333333,3,,,,,,,,,,,,,,,,,,,,,,monitor,population_not_loaded,area_not_loaded
231300,9,9,0,0,100.0,0,,,,,,,,,,,,,,,,,,,,,,good,population_not_loaded,area_not_loaded
231310,10,10,0,0,100.0,0,,,,,,,,,,,,,,,,,,,,,,good,population_not_loaded,area_not_loaded
231320,14,14,0,0,100.0,0,,,,,,,,,,,,,,,,,,,,,,good,population_not_loaded,area_not_loaded
231325,4,4,0,0,100.0,0,,,,,,,,,,,,,,,,,,,,,,good,population_not_loaded,area_not_loaded
231330,22,21,1,1,95.45454545454545,1,,,,,,,,,,,,,,,,,,,,,,good,population_not_loaded,area_not_loaded
231335,8,8,0,0,100.0,0,,,,,,,,,,,,,,,,,,,,,,good,population_not_loaded,area_not_loaded
231340,29,29,0,0,100.0,0,,,,,,,,,,,,,,,,,,,,,,good,population_not_loaded,area_not_loaded
231350,26,26,0,0,100.0,0,,,,,,,,,,,,,,,,,,,,,,good,population_not_loaded,area_not_loaded
231355,8,8,0,0,100.0,0,,,,,,,,,,,,,,,,,,,,,,good,population_not_loaded,area_not_loaded
231360,15,15,0,0,100.0,0,,,,,,,,,,,,,,,,,,,,,,good,population_not_loaded,area_not_loaded
231370,4,4,0,0,100.0,0,,,,,,,,,,,,,,,,,,,,,,good,population_not_loaded,area_not_loaded
231375,7,7,0,0,100.0,0,,,,,,,,,,,,,,,,,,,,,,good,population_not_loaded,area_not_loaded
231380,12,12,0,0,100.0,0,,,,,,,,,,,,,,,,,,,,,,good,population_not_loaded,area_not_loaded
231390,8,8,0,0,100.0,0,,,,,,,,,,,,,,,,,,,,,,good,population_not_loaded,area_not_loaded
231395,8,7,1,1,87.5,1,,,,,,,,,,,,,,,,,,,,,,monitor,population_not_loaded,area_not_loaded
231400,15,13,2,2,86.66666666666667,2,,,,,,,,,,,,,,,,,,,,,,monitor,population_not_loaded,area_not_loaded
231410,19,18,1,1,94.73684210526315,1,,,,,,,,,,,,,,,,,,,,,,monitor,population_not_loaded,area_not_loaded
240010,6,6,0,0,100.0,0,,,,,,,,,,,,,,,,,,,,,,good,population_not_loaded,area_not_loaded
240020,18,18,0,0,100.0,0,,,,,,,,,,,,,,,,,,,,,,good,population_not_loaded,area_not_loaded
240030,5,3,2,2,60.0,2,,,,,,,,,,,,,,,,,,,,,,high_attention,population_not_loaded,area_not_loaded
240040,2,2,0,0,100.0,0,,,,,,,,,,,,,,,,,,,,,,good,population_not_loaded,area_not_loaded
240050,7,7,0,0,100.0,0,,,,,,,,,,,,,,,,,,,,,,good,population_not_loaded,area_not_loaded
240060,3,3,0,0,100.0,0,,,,,,,,,,,,,,,,,,,,,,good,population_not_loaded,area_not_loaded
240070,7,7,0,0,100.0,0,,,,,,,,,,,,,,,,,,,,,,good,population_not_loaded,area_not_loaded
240080,6,6,0,0,100.0,0,,,,,,,,,,,,,,,,,,,,,,good,population_not_loaded,area_not_loaded
240090,3,3,0,0,100.0,0,,,,,,,,,,,,,,,,,,,,,,good,population_not_loaded,area_not_loaded
240100,9,9,0,0,100.0,0,,,,,,,,,,,,,,,,,,,,,,good,population_not_loaded,area_not_loaded
240110,9,9,0,0,100.0,0,,,,,,,,,,,,,,,,,,,,,,good,population_not_loaded,area_not_loaded
240120,7,7,0,0,100.0,0,,,,,,,,,,,,,,,,,,,,,,good,population_not_loaded,area_not_loaded
240130,3,3,0,0,100.0,0,,,,,,,,,,,,,,,,,,,,,,good,population_not_loaded,area_not_loaded
240140,6,6,0,0,100.0,0,,,,,,,,,,,,,,,,,,,,,,good,population_not_loaded,area_not_loaded
240145,11,11,0,0,100.0,0,,,,,,,,,,,,,,,,,,,,,,good,population_not_loaded,area_not_loaded
240150,1,1,0,0,100.0,0,,,,,,,,,,,,,,,,,,,,,,good,population_not_loaded,area_not_loaded
240160,2,2,0,0,100.0,0,,,,,,,,,,,,,,,,,,,,,,good,population_not_loaded,area_not_loaded
240165,1,1,0,0,100.0,0,,,,,,,,,,,,,,,,,,,,,,good,population_not_loaded,area_not_loaded
240170,6,6,0,0,100.0,0,,,,,,,,,,,,,,,,,,,,,,good,population_not_loaded,area_not_loaded
240180,6,6,0,0,100.0,0,,,,,,,,,,,,,,,,,,,,,,good,population_not_loaded,area_not_loaded
240185,2,2,0,0,100.0,0,,,,,,,,,,,,,,,,,,,,,,good,population_not_loaded,area_not_loaded
240190,5,5,0,0,100.0,0,,,,,,,,,,,,,,,,,,,,,,good,population_not_loaded,area_not_loaded
240200,26,25,1,1,96.15384615384616,1,,,,,,,,,,,,,,,,,,,,,,good,population_not_loaded,area_not_loaded
240210,8,7,1,1,87.5,1,,,,,,,,,,,,,,,,,,,,,,monitor,population_not_loaded,area_not_loaded
240220,15,15,0,0,100.0,0,,,,,,,,,,,,,,,,,,,,,,good,population_not_loaded,area_not_loaded
240230,9,9,0,0,100.0,0,,,,,,,,,,,,,,,,,,,,,,good,population_not_loaded,area_not_loaded
240240,3,3,0,0,100.0,0,,,,,,,,,,,,,,,,,,,,,,good,population_not_loaded,area_not_loaded
240250,4,4,0,0,100.0,0,,,,,,,,,,,,,,,,,,,,,,good,population_not_loaded,area_not_loaded
240260,35,35,0,0,100.0,0,,,,,,,,,,,,,,,,,,,,,,good,population_not_loaded,area_not_loaded
240270,5,5,0,0,100.0,0,,,,,,,,,,,,,,,,,,,,,,good,population_not_loaded,area_not_loaded
240280,1,1,0,0,100.0,0,,,,,,,,,,,,,,,,,,,,,,good,population_not_loaded,area_not_loaded
240290,1,1,0,0,100.0,0,,,,,,,,,,,,,,,,,,,,,,good,population_not_loaded,area_not_loaded
240300,3,3,0,0,100.0,0,,,,,,,,,,,,,,,,,,,,,,good,population_not_loaded,area_not_loaded
240310,19,19,0,0,100.0,0,,,,,,,,,,,,,,,,,,,,,,good,population_not_loaded,area_not_loaded
240320,3,3,0,0,100.0,0,,,,,,,,,,,,,,,,,,,,,,good,population_not_loaded,area_not_loaded
240325,32,30,2,2,93.75,2,,,,,,,,,,,,,,,,,,,,,,monitor,population_not_loaded,area_not_loaded
240330,3,3,0,0,100.0,0,,,,,,,,,,,,,,,,,,,,,,good,population_not_loaded,area_not_loaded
240340,4,3,1,1,75.0,1,,,,,,,,,,,,,,,,,,,,,,high_attention,population_not_loaded,area_not_loaded
240350,7,6,1,1,85.71428571428571,1,,,,,,,,,,,,,,,,,,,,,,monitor,population_not_loaded,area_not_loaded
240360,10,10,0,0,100.0,0,,,,,,,,,,,,,,,,,,,,,,good,population_not_loaded,area_not_loaded
240370,2,2,0,0,100.0,0,,,,,,,,,,,,,,,,,,,,,,good,population_not_loaded,area_not_loaded
240375,2,2,0,0,100.0,0,,,,,,,,,,,,,,,,,,,,,,good,population_not_loaded,area_not_loaded
240380,1,1,0,0,100.0,0,,,,,,,,,,,,,,,,,,,,,,good,population_not_loaded,area_not_loaded
240390,1,1,0,0,100.0,0,,,,,,,,,,,,,,,,,,,,,,good,population_not_loaded,area_not_loaded
240400,3,3,0,0,100.0,0,,,,,,,,,,,,,,,,,,,,,,good,population_not_loaded,area_not_loaded
240410,2,2,0,0,100.0,0,,,,,,,,,,,,,,,,,,,,,,good,population_not_loaded,area_not_loaded
240420,16,15,1,1,93.75,1,,,,,,,,,,,,,,,,,,,,,,monitor,population_not_loaded,area_not_loaded
240430,5,5,0,0,100.0,0,,,,,,,,,,,,,,,,,,,,,,good,population_not_loaded,area_not_loaded
240440,5,5,0,0,100.0,0,,,,,,,,,,,,,,,,,,,,,,good,population_not_loaded,area_not_loaded
240450,9,7,2,2,77.77777777777779,2,,,,,,,,,,,,,,,,,,,,,,high_attention,population_not_loaded,area_not_loaded
240460,7,7,0,0,100.0,0,,,,,,,,,,,,,,,,,,,,,,good,population_not_loaded,area_not_loaded
240470,9,9,0,0,100.0,0,,,,,,,,,,,,,,,,,,,,,,good,population_not_loaded,area_not_loaded
240480,2,2,0,0,100.0,0,,,,,,,,,,,,,,,,,,,,,,good,population_not_loaded,area_not_loaded
240485,5,5,0,0,100.0,0,,,,,,,,,,,,,,,,,,,,,,good,population_not_loaded,area_not_loaded
240490,3,3,0,0,100.0,0,,,,,,,,,,,,,,,,,,,,,,good,population_not_loaded,area_not_loaded
240500,4,4,0,0,100.0,0,,,,,,,,,,,,,,,,,,,,,,good,population_not_loaded,area_not_loaded
240510,3,3,0,0,100.0,0,,,,,,,,,,,,,,,,,,,,,,good,population_not_loaded,area_not_loaded
240520,2,2,0,0,100.0,0,,,,,,,,,,,,,,,,,,,,,,good,population_not_loaded,area_not_loaded
240530,9,9,0,0,100.0,0,,,,,,,,,,,,,,,,,,,,,,good,population_not_loaded,area_not_loaded
240540,3,3,0,0,100.0,0,,,,,,,,,,,,,,,,,,,,,,good,population_not_loaded,area_not_loaded
240550,3,3,0,0,100.0,0,,,,,,,,,,,,,,,,,,,,,,good,population_not_loaded,area_not_loaded
240560,7,7,0,0,100.0,0,,,,,,,,,,,,,,,,,,,,,,good,population_not_loaded,area_not_loaded
240570,6,6,0,0,100.0,0,,,,,,,,,,,,,,,,,,,,,,good,population_not_loaded,area_not_loaded
240580,20,20,0,0,100.0,0,,,,,,,,,,,,,,,,,,,,,,good,population_not_loaded,area_not_loaded
240590,1,1,0,0,100.0,0,,,,,,,,,,,,,,,,,,,,,,good,population_not_loaded,area_not_loaded
240600,5,5,0,0,100.0,0,,,,,,,,,,,,,,,,,,,,,,good,population_not_loaded,area_not_loaded
240610,9,9,0,0,100.0,0,,,,,,,,,,,,,,,,,,,,,,good,population_not_loaded,area_not_loaded
240615,3,3,0,0,100.0,0,,,,,,,,,,,,,,,,,,,,,,good,population_not_loaded,area_not_loaded
240620,3,3,0,0,100.0,0,,,,,,,,,,,,,,,,,,,,,,good,population_not_loaded,area_not_loaded
240630,4,4,0,0,100.0,0,,,,,,,,,,,,,,,,,,,,,,good,population_not_loaded,area_not_loaded
240640,1,1,0,0,100.0,0,,,,,,,,,,,,,,,,,,,,,,good,population_not_loaded,area_not_loaded
240650,5,5,0,0,100.0,0,,,,,,,,,,,,,,,,,,,,,,good,population_not_loaded,area_not_loaded
240660,4,4,0,0,100.0,0,,,,,,,,,,,,,,,,,,,,,,good,population_not_loaded,area_not_loaded
240670,7,7,0,0,100.0,0,,,,,,,,,,,,,,,,,,,,,,good,population_not_loaded,area_not_loaded
240680,4,3,1,1,75.0,1,,,,,,,,,,,,,,,,,,,,,,high_attention,population_not_loaded,area_not_loaded
240690,3,3,0,0,100.0,0,,,,,,,,,,,,,,,,,,,,,,good,population_not_loaded,area_not_loaded
240700,3,3,0,0,100.0,0,,,,,,,,,,,,,,,,,,,,,,good,population_not_loaded,area_not_loaded
240710,31,30,1,1,96.7741935483871,1,,,,,,,,,,,,,,,,,,,,,,good,population_not_loaded,area_not_loaded
240720,11,11,0,0,100.0,0,,,,,,,,,,,,,,,,,,,,,,good,population_not_loaded,area_not_loaded
240725,4,4,0,0,100.0,0,,,,,,,,,,,,,,,,,,,,,,good,population_not_loaded,area_not_loaded
240730,3,3,0,0,100.0,0,,,,,,,,,,,,,,,,,,,,,,good,population_not_loaded,area_not_loaded
240740,3,3,0,0,100.0,0,,,,,,,,,,,,,,,,,,,,,,good,population_not_loaded,area_not_loaded
240750,6,6,0,0,100.0,0,,,,,,,,,,,,,,,,,,,,,,good,population_not_loaded,area_not_loaded
240760,3,3,0,0,100.0,0,,,,,,,,,,,,,,,,,,,,,,good,population_not_loaded,area_not_loaded
240770,7,7,0,0,100.0,0,,,,,,,,,,,,,,,,,,,,,,good,population_not_loaded,area_not_loaded
240780,10,10,0,0,100.0,0,,,,,,,,,,,,,,,,,,,,,,good,population_not_loaded,area_not_loaded
240790,1,1,0,0,100.0,0,,,,,,,,,,,,,,,,,,,,,,good,population_not_loaded,area_not_loaded
240800,53,53,0,0,100.0,0,,,,,,,,,,,,,,,,,,,,,,good,population_not_loaded,area_not_loaded
240810,83,66,17,17,79.51807228915662,17,,,,,,,,,,,,,,,,,,,,,,high_attention,population_not_loaded,area_not_loaded
240820,12,12,0,0,100.0,0,,,,,,,,,,,,,,,,,,,,,,good,population_not_loaded,area_not_loaded
240830,16,16,0,0,100.0,0,,,,,,,,,,,,,,,,,,,,,,good,population_not_loaded,area_not_loaded
240840,4,4,0,0,100.0,0,,,,,,,,,,,,,,,,,,,,,,good,population_not_loaded,area_not_loaded
240850,2,2,0,0,100.0,0,,,,,,,,,,,,,,,,,,,,,,good,population_not_loaded,area_not_loaded
240860,2,2,0,0,100.0,0,,,,,,,,,,,,,,,,,,,,,,good,population_not_loaded,area_not_loaded
240870,1,1,0,0,100.0,0,,,,,,,,,,,,,,,,,,,,,,good,population_not_loaded,area_not_loaded
240880,3,3,0,0,100.0,0,,,,,,,,,,,,,,,,,,,,,,good,population_not_loaded,area_not_loaded
240890,8,8,0,0,100.0,0,,,,,,,,,,,,,,,,,,,,,,good,population_not_loaded,area_not_loaded
240895,6,5,1,1,83.33333333333334,1,,,,,,,,,,,,,,,,,,,,,,monitor,population_not_loaded,area_not_loaded
240910,8,8,0,0,100.0,0,,,,,,,,,,,,,,,,,,,,,,good,population_not_loaded,area_not_loaded
240920,2,2,0,0,100.0,0,,,,,,,,,,,,,,,,,,,,,,good,population_not_loaded,area_not_loaded
240930,6,6,0,0,100.0,0,,,,,,,,,,,,,,,,,,,,,,good,population_not_loaded,area_not_loaded
240933,2,2,0,0,100.0,0,,,,,,,,,,,,,,,,,,,,,,good,population_not_loaded,area_not_loaded
240940,14,14,0,0,100.0,0,,,,,,,,,,,,,,,,,,,,,,good,population_not_loaded,area_not_loaded
240950,6,5,1,1,83.33333333333334,1,,,,,,,,,,,,,,,,,,,,,,monitor,population_not_loaded,area_not_loaded
240970,6,5,1,1,83.33333333333334,1,,,,,,,,,,,,,,,,,,,,,,monitor,population_not_loaded,area_not_loaded
240980,7,7,0,0,100.0,0,,,,,,,,,,,,,,,,,,,,,,good,population_not_loaded,area_not_loaded
240990,6,6,0,0,100.0,0,,,,,,,,,,,,,,,,,,,,,,good,population_not_loaded,area_not_loaded
241000,2,2,0,0,100.0,0,,,,,,,,,,,,,,,,,,,,,,good,population_not_loaded,area_not_loaded
241010,8,8,0,0,100.0,0,,,,,,,,,,,,,,,,,,,,,,good,population_not_loaded,area_not_loaded
241020,4,4,0,0,100.0,0,,,,,,,,,,,,,,,,,,,,,,good,population_not_loaded,area_not_loaded
241025,2,2,0,0,100.0,0,,,,,,,,,,,,,,,,,,,,,,good,population_not_loaded,area_not_loaded
241030,5,5,0,0,100.0,0,,,,,,,,,,,,,,,,,,,,,,good,population_not_loaded,area_not_loaded
241040,6,6,0,0,100.0,0,,,,,,,,,,,,,,,,,,,,,,good,population_not_loaded,area_not_loaded
241050,3,3,0,0,100.0,0,,,,,,,,,,,,,,,,,,,,,,good,population_not_loaded,area_not_loaded
241060,2,2,0,0,100.0,0,,,,,,,,,,,,,,,,,,,,,,good,population_not_loaded,area_not_loaded
241070,2,2,0,0,100.0,0,,,,,,,,,,,,,,,,,,,,,,good,population_not_loaded,area_not_loaded
241080,2,2,0,0,100.0,0,,,,,,,,,,,,,,,,,,,,,,good,population_not_loaded,area_not_loaded
241090,3,3,0,0,100.0,0,,,,,,,,,,,,,,,,,,,,,,good,population_not_loaded,area_not_loaded
241100,2,2,0,0,100.0,0,,,,,,,,,,,,,,,,,,,,,,good,population_not_loaded,area_not_loaded
241105,4,4,0,0,100.0,0,,,,,,,,,,,,,,,,,,,,,,good,population_not_loaded,area_not_loaded
241110,4,4,0,0,100.0,0,,,,,,,,,,,,,,,,,,,,,,good,population_not_loaded,area_not_loaded
241120,8,8,0,0,100.0,0,,,,,,,,,,,,,,,,,,,,,,good,population_not_loaded,area_not_loaded
241140,7,7,0,0,100.0,0,,,,,,,,,,,,,,,,,,,,,,good,population_not_loaded,area_not_loaded
241142,1,1,0,0,100.0,0,,,,,,,,,,,,,,,,,,,,,,good,population_not_loaded,area_not_loaded
241150,16,16,0,0,100.0,0,,,,,,,,,,,,,,,,,,,,,,good,population_not_loaded,area_not_loaded
241160,1,1,0,0,100.0,0,,,,,,,,,,,,,,,,,,,,,,good,population_not_loaded,area_not_loaded
241170,2,2,0,0,100.0,0,,,,,,,,,,,,,,,,,,,,,,good,population_not_loaded,area_not_loaded
241180,3,3,0,0,100.0,0,,,,,,,,,,,,,,,,,,,,,,good,population_not_loaded,area_not_loaded
241190,1,1,0,0,100.0,0,,,,,,,,,,,,,,,,,,,,,,good,population_not_loaded,area_not_loaded
241200,35,33,2,2,94.28571428571428,2,,,,,,,,,,,,,,,,,,,,,,monitor,population_not_loaded,area_not_loaded
241210,3,3,0,0,100.0,0,,,,,,,,,,,,,,,,,,,,,,good,population_not_loaded,area_not_loaded
241220,23,18,5,5,78.26086956521739,5,,,,,,,,,,,,,,,,,,,,,,high_attention,population_not_loaded,area_not_loaded
241230,5,5,0,0,100.0,0,,,,,,,,,,,,,,,,,,,,,,good,population_not_loaded,area_not_loaded
241240,2,2,0,0,100.0,0,,,,,,,,,,,,,,,,,,,,,,good,population_not_loaded,area_not_loaded
241250,12,11,1,1,91.66666666666666,1,,,,,,,,,,,,,,,,,,,,,,monitor,population_not_loaded,area_not_loaded
241255,5,5,0,0,100.0,0,,,,,,,,,,,,,,,,,,,,,,good,population_not_loaded,area_not_loaded
241260,9,9,0,0,100.0,0,,,,,,,,,,,,,,,,,,,,,,good,population_not_loaded,area_not_loaded
241270,1,1,0,0,100.0,0,,,,,,,,,,,,,,,,,,,,,,good,population_not_loaded,area_not_loaded
241280,3,3,0,0,100.0,0,,,,,,,,,,,,,,,,,,,,,,good,population_not_loaded,area_not_loaded
241290,5,5,0,0,100.0,0,,,,,,,,,,,,,,,,,,,,,,good,population_not_loaded,area_not_loaded
241300,3,3,0,0,100.0,0,,,,,,,,,,,,,,,,,,,,,,good,population_not_loaded,area_not_loaded
241310,3,3,0,0,100.0,0,,,,,,,,,,,,,,,,,,,,,,good,population_not_loaded,area_not_loaded
241320,2,2,0,0,100.0,0,,,,,,,,,,,,,,,,,,,,,,good,population_not_loaded,area_not_loaded
241330,3,3,0,0,100.0,0,,,,,,,,,,,,,,,,,,,,,,good,population_not_loaded,area_not_loaded
241335,6,6,0,0,100.0,0,,,,,,,,,,,,,,,,,,,,,,good,population_not_loaded,area_not_loaded
241340,3,3,0,0,100.0,0,,,,,,,,,,,,,,,,,,,,,,good,population_not_loaded,area_not_loaded
241350,4,4,0,0,100.0,0,,,,,,,,,,,,,,,,,,,,,,good,population_not_loaded,area_not_loaded
241355,3,3,0,0,100.0,0,,,,,,,,,,,,,,,,,,,,,,good,population_not_loaded,area_not_loaded
241360,4,4,0,0,100.0,0,,,,,,,,,,,,,,,,,,,,,,good,population_not_loaded,area_not_loaded
241370,3,3,0,0,100.0,0,,,,,,,,,,,,,,,,,,,,,,good,population_not_loaded,area_not_loaded
241380,2,2,0,0,100.0,0,,,,,,,,,,,,,,,,,,,,,,good,population_not_loaded,area_not_loaded
241390,6,6,0,0,100.0,0,,,,,,,,,,,,,,,,,,,,,,good,population_not_loaded,area_not_loaded
241400,8,8,0,0,100.0,0,,,,,,,,,,,,,,,,,,,,,,good,population_not_loaded,area_not_loaded
241410,3,3,0,0,100.0,0,,,,,,,,,,,,,,,,,,,,,,good,population_not_loaded,area_not_loaded
241415,2,2,0,0,100.0,0,,,,,,,,,,,,,,,,,,,,,,good,population_not_loaded,area_not_loaded
241420,9,9,0,0,100.0,0,,,,,,,,,,,,,,,,,,,,,,good,population_not_loaded,area_not_loaded
241430,2,2,0,0,100.0,0,,,,,,,,,,,,,,,,,,,,,,good,population_not_loaded,area_not_loaded
241440,18,18,0,0,100.0,0,,,,,,,,,,,,,,,,,,,,,,good,population_not_loaded,area_not_loaded
241445,3,3,0,0,100.0,0,,,,,,,,,,,,,,,,,,,,,,good,population_not_loaded,area_not_loaded
241450,10,10,0,0,100.0,0,,,,,,,,,,,,,,,,,,,,,,good,population_not_loaded,area_not_loaded
241460,11,11,0,0,100.0,0,,,,,,,,,,,,,,,,,,,,,,good,population_not_loaded,area_not_loaded
241470,2,2,0,0,100.0,0,,,,,,,,,,,,,,,,,,,,,,good,population_not_loaded,area_not_loaded
241475,4,4,0,0,100.0,0,,,,,,,,,,,,,,,,,,,,,,good,population_not_loaded,area_not_loaded
241480,6,6,0,0,100.0,0,,,,,,,,,,,,,,,,,,,,,,good,population_not_loaded,area_not_loaded
241490,2,2,0,0,100.0,0,,,,,,,,,,,,,,,,,,,,,,good,population_not_loaded,area_not_loaded
241500,2,2,0,0,100.0,0,,,,,,,,,,,,,,,,,,,,,,good,population_not_loaded,area_not_loaded
250010,5,5,0,0,100.0,0,,,,,,,,,,,,,,,,,,,,,,good,population_not_loaded,area_not_loaded
250020,3,3,0,0,100.0,0,,,,,,,,,,,,,,,,,,,,,,good,population_not_loaded,area_not_loaded
250030,15,15,0,0,100.0,0,,,,,,,,,,,,,,,,,,,,,,good,population_not_loaded,area_not_loaded
250040,11,11,0,0,100.0,0,,,,,,,,,,,,,,,,,,,,,,good,population_not_loaded,area_not_loaded
250050,8,8,0,0,100.0,0,,,,,,,,,,,,,,,,,,,,,,good,population_not_loaded,area_not_loaded
250053,4,4,0,0,100.0,0,,,,,,,,,,,,,,,,,,,,,,good,population_not_loaded,area_not_loaded
250057,2,2,0,0,100.0,0,,,,,,,,,,,,,,,,,,,,,,good,population_not_loaded,area_not_loaded
250060,12,12,0,0,100.0,0,,,,,,,,,,,,,,,,,,,,,,good,population_not_loaded,area_not_loaded
250070,11,11,0,0,100.0,0,,,,,,,,,,,,,,,,,,,,,,good,population_not_loaded,area_not_loaded
250073,2,2,0,0,100.0,0,,,,,,,,,,,,,,,,,,,,,,good,population_not_loaded,area_not_loaded
250077,3,3,0,0,100.0,0,,,,,,,,,,,,,,,,,,,,,,good,population_not_loaded,area_not_loaded
250080,10,10,0,0,100.0,0,,,,,,,,,,,,,,,,,,,,,,good,population_not_loaded,area_not_loaded
250090,8,7,1,1,87.5,1,,,,,,,,,,,,,,,,,,,,,,monitor,population_not_loaded,area_not_loaded
250100,10,10,0,0,100.0,0,,,,,,,,,,,,,,,,,,,,,,good,population_not_loaded,area_not_loaded
250110,14,14,0,0,100.0,0,,,,,,,,,,,,,,,,,,,,,,good,population_not_loaded,area_not_loaded
250115,1,1,0,0,100.0,0,,,,,,,,,,,,,,,,,,,,,,good,population_not_loaded,area_not_loaded
250120,4,4,0,0,100.0,0,,,,,,,,,,,,,,,,,,,,,,good,population_not_loaded,area_not_loaded
250130,10,10,0,0,100.0,0,,,,,,,,,,,,,,,,,,,,,,good,population_not_loaded,area_not_loaded
250135,2,2,0,0,100.0,0,,,,,,,,,,,,,,,,,,,,,,good,population_not_loaded,area_not_loaded
250140,5,5,0,0,100.0,0,,,,,,,,,,,,,,,,,,,,,,good,population_not_loaded,area_not_loaded
250150,9,9,0,0,100.0,0,,,,,,,,,,,,,,,,,,,,,,good,population_not_loaded,area_not_loaded
250153,4,4,0,0,100.0,0,,,,,,,,,,,,,,,,,,,,,,good,population_not_loaded,area_not_loaded
250157,6,6,0,0,100.0,0,,,,,,,,,,,,,,,,,,,,,,good,population_not_loaded,area_not_loaded
250160,9,9,0,0,100.0,0,,,,,,,,,,,,,,,,,,,,,,good,population_not_loaded,area_not_loaded
250170,4,4,0,0,100.0,0,,,,,,,,,,,,,,,,,,,,,,good,population_not_loaded,area_not_loaded
250180,32,32,0,0,100.0,0,,,,,,,,,,,,,,,,,,,,,,good,population_not_loaded,area_not_loaded
250190,8,8,0,0,100.0,0,,,,,,,,,,,,,,,,,,,,,,good,population_not_loaded,area_not_loaded
250200,10,10,0,0,100.0,0,,,,,,,,,,,,,,,,,,,,,,good,population_not_loaded,area_not_loaded
250205,3,3,0,0,100.0,0,,,,,,,,,,,,,,,,,,,,,,good,population_not_loaded,area_not_loaded
250210,4,4,0,0,100.0,0,,,,,,,,,,,,,,,,,,,,,,good,population_not_loaded,area_not_loaded
250215,5,5,0,0,100.0,0,,,,,,,,,,,,,,,,,,,,,,good,population_not_loaded,area_not_loaded
250220,2,2,0,0,100.0,0,,,,,,,,,,,,,,,,,,,,,,good,population_not_loaded,area_not_loaded
250230,2,2,0,0,100.0,0,,,,,,,,,,,,,,,,,,,,,,good,population_not_loaded,area_not_loaded
250240,6,6,0,0,100.0,0,,,,,,,,,,,,,,,,,,,,,,good,population_not_loaded,area_not_loaded
250250,10,10,0,0,100.0,0,,,,,,,,,,,,,,,,,,,,,,good,population_not_loaded,area_not_loaded
250260,7,6,1,1,85.71428571428571,1,,,,,,,,,,,,,,,,,,,,,,monitor,population_not_loaded,area_not_loaded
250270,2,2,0,0,100.0,0,,,,,,,,,,,,,,,,,,,,,,good,population_not_loaded,area_not_loaded
250280,6,6,0,0,100.0,0,,,,,,,,,,,,,,,,,,,,,,good,population_not_loaded,area_not_loaded
250290,3,3,0,0,100.0,0,,,,,,,,,,,,,,,,,,,,,,good,population_not_loaded,area_not_loaded
250300,13,12,1,1,92.3076923076923,1,,,,,,,,,,,,,,,,,,,,,,monitor,population_not_loaded,area_not_loaded
250310,4,4,0,0,100.0,0,,,,,,,,,,,,,,,,,,,,,,good,population_not_loaded,area_not_loaded
250320,23,23,0,0,100.0,0,,,,,,,,,,,,,,,,,,,,,,good,population_not_loaded,area_not_loaded
250330,6,6,0,0,100.0,0,,,,,,,,,,,,,,,,,,,,,,good,population_not_loaded,area_not_loaded
250340,5,4,1,1,80.0,1,,,,,,,,,,,,,,,,,,,,,,high_attention,population_not_loaded,area_not_loaded
250350,8,8,0,0,100.0,0,,,,,,,,,,,,,,,,,,,,,,good,population_not_loaded,area_not_loaded
250355,4,4,0,0,100.0,0,,,,,,,,,,,,,,,,,,,,,,good,population_not_loaded,area_not_loaded
250360,5,5,0,0,100.0,0,,,,,,,,,,,,,,,,,,,,,,good,population_not_loaded,area_not_loaded
250370,43,38,5,5,88.37209302325581,5,,,,,,,,,,,,,,,,,,,,,,monitor,population_not_loaded,area_not_loaded
250375,2,2,0,0,100.0,0,,,,,,,,,,,,,,,,,,,,,,good,population_not_loaded,area_not_loaded
250380,3,3,0,0,100.0,0,,,,,,,,,,,,,,,,,,,,,,good,population_not_loaded,area_not_loaded
250390,2,2,0,0,100.0,0,,,,,,,,,,,,,,,,,,,,,,good,population_not_loaded,area_not_loaded
250400,103,101,2,2,98.05825242718447,2,,,,,,,,,,,,,,,,,,,,,,good,population_not_loaded,area_not_loaded
250403,3,3,0,0,100.0,0,,,,,,,,,,,,,,,,,,,,,,good,population_not_loaded,area_not_loaded
250407,3,3,0,0,100.0,0,,,,,,,,,,,,,,,,,,,,,,good,population_not_loaded,area_not_loaded
250410,2,1,1,1,50.0,1,,,,,,,,,,,,,,,,,,,,,,high_attention,population_not_loaded,area_not_loaded
250415,3,3,0,0,100.0,0,,,,,,,,,,,,,,,,,,,,,,good,population_not_loaded,area_not_loaded
250420,2,2,0,0,100.0,0,,,,,,,,,,,,,,,,,,,,,,good,population_not_loaded,area_not_loaded
250430,18,17,1,1,94.44444444444444,1,,,,,,,,,,,,,,,,,,,,,,monitor,population_not_loaded,area_not_loaded
250435,4,4,0,0,100.0,0,,,,,,,,,,,,,,,,,,,,,,good,population_not_loaded,area_not_loaded
250440,13,13,0,0,100.0,0,,,,,,,,,,,,,,,,,,,,,,good,population_not_loaded,area_not_loaded
250450,4,4,0,0,100.0,0,,,,,,,,,,,,,,,,,,,,,,good,population_not_loaded,area_not_loaded
250460,13,13,0,0,100.0,0,,,,,,,,,,,,,,,,,,,,,,good,population_not_loaded,area_not_loaded
250470,6,5,1,1,83.33333333333334,1,,,,,,,,,,,,,,,,,,,,,,monitor,population_not_loaded,area_not_loaded
250480,36,35,1,1,97.22222222222221,1,,,,,,,,,,,,,,,,,,,,,,good,population_not_loaded,area_not_loaded
250485,2,2,0,0,100.0,0,,,,,,,,,,,,,,,,,,,,,,good,population_not_loaded,area_not_loaded
250490,8,8,0,0,100.0,0,,,,,,,,,,,,,,,,,,,,,,good,population_not_loaded,area_not_loaded
250500,5,4,1,1,80.0,1,,,,,,,,,,,,,,,,,,,,,,high_attention,population_not_loaded,area_not_loaded
250510,10,10,0,0,100.0,0,,,,,,,,,,,,,,,,,,,,,,good,population_not_loaded,area_not_loaded
250520,2,2,0,0,100.0,0,,,,,,,,,,,,,,,,,,,,,,good,population_not_loaded,area_not_loaded
250523,3,3,0,0,100.0,0,,,,,,,,,,,,,,,,,,,,,,good,population_not_loaded,area_not_loaded
250527,3,3,0,0,100.0,0,,,,,,,,,,,,,,,,,,,,,,good,population_not_loaded,area_not_loaded
250530,1,1,0,0,100.0,0,,,,,,,,,,,,,,,,,,,,,,good,population_not_loaded,area_not_loaded
250535,3,3,0,0,100.0,0,,,,,,,,,,,,,,,,,,,,,,good,population_not_loaded,area_not_loaded
250540,4,4,0,0,100.0,0,,,,,,,,,,,,,,,,,,,,,,good,population_not_loaded,area_not_loaded
250550,3,3,0,0,100.0,0,,,,,,,,,,,,,,,,,,,,,,good,population_not_loaded,area_not_loaded
250560,4,4,0,0,100.0,0,,,,,,,,,,,,,,,,,,,,,,good,population_not_loaded,area_not_loaded
250570,6,6,0,0,100.0,0,,,,,,,,,,,,,,,,,,,,,,good,population_not_loaded,area_not_loaded
250580,2,2,0,0,100.0,0,,,,,,,,,,,,,,,,,,,,,,good,population_not_loaded,area_not_loaded
250590,3,2,1,1,66.66666666666666,1,,,,,,,,,,,,,,,,,,,,,,high_attention,population_not_loaded,area_not_loaded
250600,16,16,0,0,100.0,0,,,,,,,,,,,,,,,,,,,,,,good,population_not_loaded,area_not_loaded
250610,5,5,0,0,100.0,0,,,,,,,,,,,,,,,,,,,,,,good,population_not_loaded,area_not_loaded
250620,3,3,0,0,100.0,0,,,,,,,,,,,,,,,,,,,,,,good,population_not_loaded,area_not_loaded
250625,6,5,1,1,83.33333333333334,1,,,,,,,,,,,,,,,,,,,,,,monitor,population_not_loaded,area_not_loaded
250630,25,24,1,1,96.0,1,,,,,,,,,,,,,,,,,,,,,,good,population_not_loaded,area_not_loaded
250640,7,7,0,0,100.0,0,,,,,,,,,,,,,,,,,,,,,,good,population_not_loaded,area_not_loaded
250650,3,3,0,0,100.0,0,,,,,,,,,,,,,,,,,,,,,,good,population_not_loaded,area_not_loaded
250660,3,3,0,0,100.0,0,,,,,,,,,,,,,,,,,,,,,,good,population_not_loaded,area_not_loaded
250670,6,6,0,0,100.0,0,,,,,,,,,,,,,,,,,,,,,,good,population_not_loaded,area_not_loaded
250680,9,9,0,0,100.0,0,,,,,,,,,,,,,,,,,,,,,,good,population_not_loaded,area_not_loaded
250690,12,12,0,0,100.0,0,,,,,,,,,,,,,,,,,,,,,,good,population_not_loaded,area_not_loaded
250700,12,11,1,1,91.66666666666666,1,,,,,,,,,,,,,,,,,,,,,,monitor,population_not_loaded,area_not_loaded
250710,8,8,0,0,100.0,0,,,,,,,,,,,,,,,,,,,,,,good,population_not_loaded,area_not_loaded
250720,7,6,1,1,85.71428571428571,1,,,,,,,,,,,,,,,,,,,,,,monitor,population_not_loaded,area_not_loaded
250730,8,8,0,0,100.0,0,,,,,,,,,,,,,,,,,,,,,,good,population_not_loaded,area_not_loaded
250740,5,4,1,1,80.0,1,,,,,,,,,,,,,,,,,,,,,,high_attention,population_not_loaded,area_not_loaded
250750,138,123,15,15,89.13043478260869,15,,,,,,,,,,,,,,,,,,,,,,monitor,population_not_loaded,area_not_loaded
250760,5,5,0,0,100.0,0,,,,,,,,,,,,,,,,,,,,,,good,population_not_loaded,area_not_loaded
250770,9,9,0,0,100.0,0,,,,,,,,,,,,,,,,,,,,,,good,population_not_loaded,area_not_loaded
250780,3,3,0,0,100.0,0,,,,,,,,,,,,,,,,,,,,,,good,population_not_loaded,area_not_loaded
250790,6,6,0,0,100.0,0,,,,,,,,,,,,,,,,,,,,,,good,population_not_loaded,area_not_loaded
250800,7,7,0,0,100.0,0,,,,,,,,,,,,,,,,,,,,,,good,population_not_loaded,area_not_loaded
250810,3,2,1,1,66.66666666666666,1,,,,,,,,,,,,,,,,,,,,,,high_attention,population_not_loaded,area_not_loaded
250820,5,5,0,0,100.0,0,,,,,,,,,,,,,,,,,,,,,,good,population_not_loaded,area_not_loaded
250830,14,14,0,0,100.0,0,,,,,,,,,,,,,,,,,,,,,,good,population_not_loaded,area_not_loaded
250840,1,1,0,0,100.0,0,,,,,,,,,,,,,,,,,,,,,,good,population_not_loaded,area_not_loaded
250850,7,4,3,3,57.14285714285714,3,,,,,,,,,,,,,,,,,,,,,,high_attention,population_not_loaded,area_not_loaded
250855,4,4,0,0,100.0,0,,,,,,,,,,,,,,,,,,,,,,good,population_not_loaded,area_not_loaded
250860,6,6,0,0,100.0,0,,,,,,,,,,,,,,,,,,,,,,good,population_not_loaded,area_not_loaded
250870,3,3,0,0,100.0,0,,,,,,,,,,,,,,,,,,,,,,good,population_not_loaded,area_not_loaded
250880,3,3,0,0,100.0,0,,,,,,,,,,,,,,,,,,,,,,good,population_not_loaded,area_not_loaded
250890,20,20,0,0,100.0,0,,,,,,,,,,,,,,,,,,,,,,good,population_not_loaded,area_not_loaded
250900,7,7,0,0,100.0,0,,,,,,,,,,,,,,,,,,,,,,good,population_not_loaded,area_not_loaded
250905,5,5,0,0,100.0,0,,,,,,,,,,,,,,,,,,,,,,good,population_not_loaded,area_not_loaded
250910,13,13,0,0,100.0,0,,,,,,,,,,,,,,,,,,,,,,good,population_not_loaded,area_not_loaded
250915,3,3,0,0,100.0,0,,,,,,,,,,,,,,,,,,,,,,good,population_not_loaded,area_not_loaded
250920,9,8,1,1,88.88888888888889,1,,,,,,,,,,,,,,,,,,,,,,monitor,population_not_loaded,area_not_loaded
250930,7,6,1,1,85.71428571428571,1,,,,,,,,,,,,,,,,,,,,,,monitor,population_not_loaded,area_not_loaded
250933,5,3,2,2,60.0,2,,,,,,,,,,,,,,,,,,,,,,high_attention,population_not_loaded,area_not_loaded
250937,1,1,0,0,100.0,0,,,,,,,,,,,,,,,,,,,,,,good,population_not_loaded,area_not_loaded
250939,3,3,0,0,100.0,0,,,,,,,,,,,,,,,,,,,,,,good,population_not_loaded,area_not_loaded
250940,7,7,0,0,100.0,0,,,,,,,,,,,,,,,,,,,,,,good,population_not_loaded,area_not_loaded
250950,6,5,1,1,83.33333333333334,1,,,,,,,,,,,,,,,,,,,,,,monitor,population_not_loaded,area_not_loaded
250960,2,1,1,1,50.0,1,,,,,,,,,,,,,,,,,,,,,,high_attention,population_not_loaded,area_not_loaded
250970,31,31,0,0,100.0,0,,,,,,,,,,,,,,,,,,,,,,good,population_not_loaded,area_not_loaded
250980,6,6,0,0,100.0,0,,,,,,,,,,,,,,,,,,,,,,good,population_not_loaded,area_not_loaded
250990,6,6,0,0,100.0,0,,,,,,,,,,,,,,,,,,,,,,good,population_not_loaded,area_not_loaded
251000,6,6,0,0,100.0,0,,,,,,,,,,,,,,,,,,,,,,good,population_not_loaded,area_not_loaded
251010,5,5,0,0,100.0,0,,,,,,,,,,,,,,,,,,,,,,good,population_not_loaded,area_not_loaded
251020,4,4,0,0,100.0,0,,,,,,,,,,,,,,,,,,,,,,good,population_not_loaded,area_not_loaded
251030,2,2,0,0,100.0,0,,,,,,,,,,,,,,,,,,,,,,good,population_not_loaded,area_not_loaded
251040,3,3,0,0,100.0,0,,,,,,,,,,,,,,,,,,,,,,good,population_not_loaded,area_not_loaded
251050,2,2,0,0,100.0,0,,,,,,,,,,,,,,,,,,,,,,good,population_not_loaded,area_not_loaded
251060,2,2,0,0,100.0,0,,,,,,,,,,,,,,,,,,,,,,good,population_not_loaded,area_not_loaded
251065,2,2,0,0,100.0,0,,,,,,,,,,,,,,,,,,,,,,good,population_not_loaded,area_not_loaded
251070,2,2,0,0,100.0,0,,,,,,,,,,,,,,,,,,,,,,good,population_not_loaded,area_not_loaded
251080,45,45,0,0,100.0,0,,,,,,,,,,,,,,,,,,,,,,good,population_not_loaded,area_not_loaded
251090,7,7,0,0,100.0,0,,,,,,,,,,,,,,,,,,,,,,good,population_not_loaded,area_not_loaded
251100,2,2,0,0,100.0,0,,,,,,,,,,,,,,,,,,,,,,good,population_not_loaded,area_not_loaded
251110,4,4,0,0,100.0,0,,,,,,,,,,,,,,,,,,,,,,good,population_not_loaded,area_not_loaded
251120,17,17,0,0,100.0,0,,,,,,,,,,,,,,,,,,,,,,good,population_not_loaded,area_not_loaded
251130,15,12,3,3,80.0,3,,,,,,,,,,,,,,,,,,,,,,high_attention,population_not_loaded,area_not_loaded
251150,8,8,0,0,100.0,0,,,,,,,,,,,,,,,,,,,,,,good,population_not_loaded,area_not_loaded
251160,3,3,0,0,100.0,0,,,,,,,,,,,,,,,,,,,,,,good,population_not_loaded,area_not_loaded
251170,3,3,0,0,100.0,0,,,,,,,,,,,,,,,,,,,,,,good,population_not_loaded,area_not_loaded
251180,4,4,0,0,100.0,0,,,,,,,,,,,,,,,,,,,,,,good,population_not_loaded,area_not_loaded
251190,9,9,0,0,100.0,0,,,,,,,,,,,,,,,,,,,,,,good,population_not_loaded,area_not_loaded
251200,10,10,0,0,100.0,0,,,,,,,,,,,,,,,,,,,,,,good,population_not_loaded,area_not_loaded
251203,5,5,0,0,100.0,0,,,,,,,,,,,,,,,,,,,,,,good,population_not_loaded,area_not_loaded
251207,7,7,0,0,100.0,0,,,,,,,,,,,,,,,,,,,,,,good,population_not_loaded,area_not_loaded
251210,15,15,0,0,100.0,0,,,,,,,,,,,,,,,,,,,,,,good,population_not_loaded,area_not_loaded
251220,4,4,0,0,100.0,0,,,,,,,,,,,,,,,,,,,,,,good,population_not_loaded,area_not_loaded
251230,13,13,0,0,100.0,0,,,,,,,,,,,,,,,,,,,,,,good,population_not_loaded,area_not_loaded
251240,8,8,0,0,100.0,0,,,,,,,,,,,,,,,,,,,,,,good,population_not_loaded,area_not_loaded
251250,19,19,0,0,100.0,0,,,,,,,,,,,,,,,,,,,,,,good,population_not_loaded,area_not_loaded
251260,1,1,0,0,100.0,0,,,,,,,,,,,,,,,,,,,,,,good,population_not_loaded,area_not_loaded
251270,10,10,0,0,100.0,0,,,,,,,,,,,,,,,,,,,,,,good,population_not_loaded,area_not_loaded
251272,4,4,0,0,100.0,0,,,,,,,,,,,,,,,,,,,,,,good,population_not_loaded,area_not_loaded
251274,2,2,0,0,100.0,0,,,,,,,,,,,,,,,,,,,,,,good,population_not_loaded,area_not_loaded
251275,3,3,0,0,100.0,0,,,,,,,,,,,,,,,,,,,,,,good,population_not_loaded,area_not_loaded
251276,3,3,0,0,100.0,0,,,,,,,,,,,,,,,,,,,,,,good,population_not_loaded,area_not_loaded
251278,2,2,0,0,100.0,0,,,,,,,,,,,,,,,,,,,,,,good,population_not_loaded,area_not_loaded
251280,4,4,0,0,100.0,0,,,,,,,,,,,,,,,,,,,,,,good,population_not_loaded,area_not_loaded
251290,9,9,0,0,100.0,0,,,,,,,,,,,,,,,,,,,,,,good,population_not_loaded,area_not_loaded
251300,2,2,0,0,100.0,0,,,,,,,,,,,,,,,,,,,,,,good,population_not_loaded,area_not_loaded
251310,6,6,0,0,100.0,0,,,,,,,,,,,,,,,,,,,,,,good,population_not_loaded,area_not_loaded
251315,5,5,0,0,100.0,0,,,,,,,,,,,,,,,,,,,,,,good,population_not_loaded,area_not_loaded
251320,3,3,0,0,100.0,0,,,,,,,,,,,,,,,,,,,,,,good,population_not_loaded,area_not_loaded
251330,5,5,0,0,100.0,0,,,,,,,,,,,,,,,,,,,,,,good,population_not_loaded,area_not_loaded
251335,2,2,0,0,100.0,0,,,,,,,,,,,,,,,,,,,,,,good,population_not_loaded,area_not_loaded
251340,7,7,0,0,100.0,0,,,,,,,,,,,,,,,,,,,,,,good,population_not_loaded,area_not_loaded
251350,4,4,0,0,100.0,0,,,,,,,,,,,,,,,,,,,,,,good,population_not_loaded,area_not_loaded
251360,5,5,0,0,100.0,0,,,,,,,,,,,,,,,,,,,,,,good,population_not_loaded,area_not_loaded
251365,5,4,1,1,80.0,1,,,,,,,,,,,,,,,,,,,,,,high_attention,population_not_loaded,area_not_loaded
251370,48,48,0,0,100.0,0,,,,,,,,,,,,,,,,,,,,,,good,population_not_loaded,area_not_loaded
251380,2,2,0,0,100.0,0,,,,,,,,,,,,,,,,,,,,,,good,population_not_loaded,area_not_loaded
251385,1,1,0,0,100.0,0,,,,,,,,,,,,,,,,,,,,,,good,population_not_loaded,area_not_loaded
251390,17,17,0,0,100.0,0,,,,,,,,,,,,,,,,,,,,,,good,population_not_loaded,area_not_loaded
251392,3,3,0,0,100.0,0,,,,,,,,,,,,,,,,,,,,,,good,population_not_loaded,area_not_loaded
251394,1,1,0,0,100.0,0,,,,,,,,,,,,,,,,,,,,,,good,population_not_loaded,area_not_loaded
251396,2,2,0,0,100.0,0,,,,,,,,,,,,,,,,,,,,,,good,population_not_loaded,area_not_loaded
251398,4,3,1,1,75.0,1,,,,,,,,,,,,,,,,,,,,,,high_attention,population_not_loaded,area_not_loaded
251400,3,3,0,0,100.0,0,,,,,,,,,,,,,,,,,,,,,,good,population_not_loaded,area_not_loaded
251410,5,5,0,0,100.0,0,,,,,,,,,,,,,,,,,,,,,,good,population_not_loaded,area_not_loaded
251420,5,5,0,0,100.0,0,,,,,,,,,,,,,,,,,,,,,,good,population_not_loaded,area_not_loaded
251430,1,1,0,0,100.0,0,,,,,,,,,,,,,,,,,,,,,,good,population_not_loaded,area_not_loaded
251440,2,2,0,0,100.0,0,,,,,,,,,,,,,,,,,,,,,,good,population_not_loaded,area_not_loaded
251445,5,5,0,0,100.0,0,,,,,,,,,,,,,,,,,,,,,,good,population_not_loaded,area_not_loaded
251450,11,11,0,0,100.0,0,,,,,,,,,,,,,,,,,,,,,,good,population_not_loaded,area_not_loaded
251455,2,2,0,0,100.0,0,,,,,,,,,,,,,,,,,,,,,,good,population_not_loaded,area_not_loaded
251460,2,2,0,0,100.0,0,,,,,,,,,,,,,,,,,,,,,,good,population_not_loaded,area_not_loaded
251465,1,1,0,0,100.0,0,,,,,,,,,,,,,,,,,,,,,,good,population_not_loaded,area_not_loaded
251470,2,2,0,0,100.0,0,,,,,,,,,,,,,,,,,,,,,,good,population_not_loaded,area_not_loaded
251480,3,3,0,0,100.0,0,,,,,,,,,,,,,,,,,,,,,,good,population_not_loaded,area_not_loaded
251490,4,4,0,0,100.0,0,,,,,,,,,,,,,,,,,,,,,,good,population_not_loaded,area_not_loaded
251500,5,5,0,0,100.0,0,,,,,,,,,,,,,,,,,,,,,,good,population_not_loaded,area_not_loaded
251510,7,7,0,0,100.0,0,,,,,,,,,,,,,,,,,,,,,,good,population_not_loaded,area_not_loaded
251520,2,2,0,0,100.0,0,,,,,,,,,,,,,,,,,,,,,,good,population_not_loaded,area_not_loaded
251530,21,21,0,0,100.0,0,,,,,,,,,,,,,,,,,,,,,,good,population_not_loaded,area_not_loaded
251540,5,5,0,0,100.0,0,,,,,,,,,,,,,,,,,,,,,,good,population_not_loaded,area_not_loaded
251550,10,9,1,1,90.0,1,,,,,,,,,,,,,,,,,,,,,,monitor,population_not_loaded,area_not_loaded
251560,2,2,0,0,100.0,0,,,,,,,,,,,,,,,,,,,,,,good,population_not_loaded,area_not_loaded
251570,2,2,0,0,100.0,0,,,,,,,,,,,,,,,,,,,,,,good,population_not_loaded,area_not_loaded
251580,5,5,0,0,100.0,0,,,,,,,,,,,,,,,,,,,,,,good,population_not_loaded,area_not_loaded
251593,3,3,0,0,100.0,0,,,,,,,,,,,,,,,,,,,,,,good,population_not_loaded,area_not_loaded
251597,4,4,0,0,100.0,0,,,,,,,,,,,,,,,,,,,,,,good,population_not_loaded,area_not_loaded
251600,12,12,0,0,100.0,0,,,,,,,,,,,,,,,,,,,,,,good,population_not_loaded,area_not_loaded
251610,8,8,0,0,100.0,0,,,,,,,,,,,,,,,,,,,,,,good,population_not_loaded,area_not_loaded
251615,2,2,0,0,100.0,0,,,,,,,,,,,,,,,,,,,,,,good,population_not_loaded,area_not_loaded
251620,47,43,4,4,91.48936170212765,4,,,,,,,,,,,,,,,,,,,,,,monitor,population_not_loaded,area_not_loaded
251630,10,10,0,0,100.0,0,,,,,,,,,,,,,,,,,,,,,,good,population_not_loaded,area_not_loaded
251640,4,4,0,0,100.0,0,,,,,,,,,,,,,,,,,,,,,,good,population_not_loaded,area_not_loaded
251650,9,7,2,2,77.77777777777779,2,,,,,,,,,,,,,,,,,,,,,,high_attention,population_not_loaded,area_not_loaded
251660,9,9,0,0,100.0,0,,,,,,,,,,,,,,,,,,,,,,good,population_not_loaded,area_not_loaded
251670,14,14,0,0,100.0,0,,,,,,,,,,,,,,,,,,,,,,good,population_not_loaded,area_not_loaded
251675,1,1,0,0,100.0,0,,,,,,,,,,,,,,,,,,,,,,good,population_not_loaded,area_not_loaded
251680,3,3,0,0,100.0,0,,,,,,,,,,,,,,,,,,,,,,good,population_not_loaded,area_not_loaded
251690,17,17,0,0,100.0,0,,,,,,,,,,,,,,,,,,,,,,good,population_not_loaded,area_not_loaded
251700,7,7,0,0,100.0,0,,,,,,,,,,,,,,,,,,,,,,good,population_not_loaded,area_not_loaded
251710,3,3,0,0,100.0,0,,,,,,,,,,,,,,,,,,,,,,good,population_not_loaded,area_not_loaded
251720,3,3,0,0,100.0,0,,,,,,,,,,,,,,,,,,,,,,good,population_not_loaded,area_not_loaded
251740,2,2,0,0,100.0,0,,,,,,,,,,,,,,,,,,,,,,good,population_not_loaded,area_not_loaded
260005,36,33,3,3,91.66666666666666,3,,,,,,,,,,,,,,,,,,,,,,monitor,population_not_loaded,area_not_loaded
260010,21,17,4,4,80.95238095238095,4,,,,,,,,,,,,,,,,,,,,,,monitor,population_not_loaded,area_not_loaded
260020,13,13,0,0,100.0,0,,,,,,,,,,,,,,,,,,,,,,good,population_not_loaded,area_not_loaded
260030,14,13,1,1,92.85714285714286,1,,,,,,,,,,,,,,,,,,,,,,monitor,population_not_loaded,area_not_loaded
260040,18,17,1,1,94.44444444444444,1,,,,,,,,,,,,,,,,,,,,,,monitor,population_not_loaded,area_not_loaded
260050,25,25,0,0,100.0,0,,,,,,,,,,,,,,,,,,,,,,good,population_not_loaded,area_not_loaded
260060,8,8,0,0,100.0,0,,,,,,,,,,,,,,,,,,,,,,good,population_not_loaded,area_not_loaded
260070,23,22,1,1,95.65217391304348,1,,,,,,,,,,,,,,,,,,,,,,good,population_not_loaded,area_not_loaded
260080,12,12,0,0,100.0,0,,,,,,,,,,,,,,,,,,,,,,good,population_not_loaded,area_not_loaded
260090,9,9,0,0,100.0,0,,,,,,,,,,,,,,,,,,,,,,good,population_not_loaded,area_not_loaded
260100,9,8,1,1,88.88888888888889,1,,,,,,,,,,,,,,,,,,,,,,monitor,population_not_loaded,area_not_loaded
260105,9,9,0,0,100.0,0,,,,,,,,,,,,,,,,,,,,,,good,population_not_loaded,area_not_loaded
260110,44,44,0,0,100.0,0,,,,,,,,,,,,,,,,,,,,,,good,population_not_loaded,area_not_loaded
260120,31,30,1,1,96.7741935483871,1,,,,,,,,,,,,,,,,,,,,,,good,population_not_loaded,area_not_loaded
260130,8,8,0,0,100.0,0,,,,,,,,,,,,,,,,,,,,,,good,population_not_loaded,area_not_loaded
260140,17,16,1,1,94.11764705882352,1,,,,,,,,,,,,,,,,,,,,,,monitor,population_not_loaded,area_not_loaded
260150,7,7,0,0,100.0,0,,,,,,,,,,,,,,,,,,,,,,good,population_not_loaded,area_not_loaded
260160,11,10,1,1,90.9090909090909,1,,,,,,,,,,,,,,,,,,,,,,monitor,population_not_loaded,area_not_loaded
260170,30,29,1,1,96.66666666666667,1,,,,,,,,,,,,,,,,,,,,,,good,population_not_loaded,area_not_loaded
260180,12,7,5,5,58.333333333333336,5,,,,,,,,,,,,,,,,,,,,,,high_attention,population_not_loaded,area_not_loaded
260190,25,25,0,0,100.0,0,,,,,,,,,,,,,,,,,,,,,,good,population_not_loaded,area_not_loaded
260210,17,17,0,0,100.0,0,,,,,,,,,,,,,,,,,,,,,,good,population_not_loaded,area_not_loaded
260220,18,18,0,0,100.0,0,,,,,,,,,,,,,,,,,,,,,,good,population_not_loaded,area_not_loaded
260230,14,14,0,0,100.0,0,,,,,,,,,,,,,,,,,,,,,,good,population_not_loaded,area_not_loaded
260240,7,7,0,0,100.0,0,,,,,,,,,,,,,,,,,,,,,,good,population_not_loaded,area_not_loaded
260250,5,5,0,0,100.0,0,,,,,,,,,,,,,,,,,,,,,,good,population_not_loaded,area_not_loaded
260260,16,14,2,2,87.5,2,,,,,,,,,,,,,,,,,,,,,,monitor,population_not_loaded,area_not_loaded
260270,7,7,0,0,100.0,0,,,,,,,,,,,,,,,,,,,,,,good,population_not_loaded,area_not_loaded
260280,28,28,0,0,100.0,0,,,,,,,,,,,,,,,,,,,,,,good,population_not_loaded,area_not_loaded
260290,53,53,0,0,100.0,0,,,,,,,,,,,,,,,,,,,,,,good,population_not_loaded,area_not_loaded
260300,21,19,2,2,90.47619047619048,2,,,,,,,,,,,,,,,,,,,,,,monitor,population_not_loaded,area_not_loaded
260310,1,0,1,1,0.0,1,,,,,,,,,,,,,,,,,,,,,,high_attention,population_not_loaded,area_not_loaded
260320,16,16,0,0,100.0,0,,,,,,,,,,,,,,,,,,,,,,good,population_not_loaded,area_not_loaded
260330,5,5,0,0,100.0,0,,,,,,,,,,,,,,,,,,,,,,good,population_not_loaded,area_not_loaded
260340,4,4,0,0,100.0,0,,,,,,,,,,,,,,,,,,,,,,good,population_not_loaded,area_not_loaded
260345,46,45,1,1,97.82608695652173,1,,,,,,,,,,,,,,,,,,,,,,good,population_not_loaded,area_not_loaded
260350,6,6,0,0,100.0,0,,,,,,,,,,,,,,,,,,,,,,good,population_not_loaded,area_not_loaded
260360,5,5,0,0,100.0,0,,,,,,,,,,,,,,,,,,,,,,good,population_not_loaded,area_not_loaded
260370,14,14,0,0,100.0,0,,,,,,,,,,,,,,,,,,,,,,good,population_not_loaded,area_not_loaded
260380,12,12,0,0,100.0,0,,,,,,,,,,,,,,,,,,,,,,good,population_not_loaded,area_not_loaded
260390,11,11,0,0,100.0,0,,,,,,,,,,,,,,,,,,,,,,good,population_not_loaded,area_not_loaded
260392,7,4,3,3,57.14285714285714,3,,,,,,,,,,,,,,,,,,,,,,high_attention,population_not_loaded,area_not_loaded
260400,28,26,2,2,92.85714285714286,2,,,,,,,,,,,,,,,,,,,,,,monitor,population_not_loaded,area_not_loaded
260410,76,75,1,1,98.68421052631578,1,,,,,,,,,,,,,,,,,,,,,,good,population_not_loaded,area_not_loaded
260415,8,8,0,0,100.0,0,,,,,,,,,,,,,,,,,,,,,,good,population_not_loaded,area_not_loaded
260420,16,16,0,0,100.0,0,,,,,,,,,,,,,,,,,,,,,,good,population_not_loaded,area_not_loaded
260430,6,6,0,0,100.0,0,,,,,,,,,,,,,,,,,,,,,,good,population_not_loaded,area_not_loaded
260440,8,8,0,0,100.0,0,,,,,,,,,,,,,,,,,,,,,,good,population_not_loaded,area_not_loaded
260450,9,9,0,0,100.0,0,,,,,,,,,,,,,,,,,,,,,,good,population_not_loaded,area_not_loaded
260460,15,13,2,2,86.66666666666667,2,,,,,,,,,,,,,,,,,,,,,,monitor,population_not_loaded,area_not_loaded
260470,11,11,0,0,100.0,0,,,,,,,,,,,,,,,,,,,,,,good,population_not_loaded,area_not_loaded
260480,8,8,0,0,100.0,0,,,,,,,,,,,,,,,,,,,,,,good,population_not_loaded,area_not_loaded
260490,12,12,0,0,100.0,0,,,,,,,,,,,,,,,,,,,,,,good,population_not_loaded,area_not_loaded
260500,10,10,0,0,100.0,0,,,,,,,,,,,,,,,,,,,,,,good,population_not_loaded,area_not_loaded
260510,20,17,3,3,85.0,3,,,,,,,,,,,,,,,,,,,,,,monitor,population_not_loaded,area_not_loaded
260515,8,8,0,0,100.0,0,,,,,,,,,,,,,,,,,,,,,,good,population_not_loaded,area_not_loaded
260520,10,8,2,2,80.0,2,,,,,,,,,,,,,,,,,,,,,,high_attention,population_not_loaded,area_not_loaded
260530,14,14,0,0,100.0,0,,,,,,,,,,,,,,,,,,,,,,good,population_not_loaded,area_not_loaded
260540,13,13,0,0,100.0,0,,,,,,,,,,,,,,,,,,,,,,good,population_not_loaded,area_not_loaded
260545,3,0,0,0,0.0,3,,,,,,,,,,,,,,,,,,,,,,high_attention,population_not_loaded,area_not_loaded
260550,6,6,0,0,100.0,0,,,,,,,,,,,,,,,,,,,,,,good,population_not_loaded,area_not_loaded
260560,11,10,1,1,90.9090909090909,1,,,,,,,,,,,,,,,,,,,,,,monitor,population_not_loaded,area_not_loaded
260570,13,13,0,0,100.0,0,,,,,,,,,,,,,,,,,,,,,,good,population_not_loaded,area_not_loaded
260580,11,11,0,0,100.0,0,,,,,,,,,,,,,,,,,,,,,,good,population_not_loaded,area_not_loaded
260590,4,4,0,0,100.0,0,,,,,,,,,,,,,,,,,,,,,,good,population_not_loaded,area_not_loaded
260600,50,50,0,0,100.0,0,,,,,,,,,,,,,,,,,,,,,,good,population_not_loaded,area_not_loaded
260610,12,12,0,0,100.0,0,,,,,,,,,,,,,,,,,,,,,,good,population_not_loaded,area_not_loaded
260620,31,30,1,1,96.7741935483871,1,,,,,,,,,,,,,,,,,,,,,,good,population_not_loaded,area_not_loaded
260630,6,6,0,0,100.0,0,,,,,,,,,,,,,,,,,,,,,,good,population_not_loaded,area_not_loaded
260640,24,22,2,2,91.66666666666666,2,,,,,,,,,,,,,,,,,,,,,,monitor,population_not_loaded,area_not_loaded
260650,14,13,1,1,92.85714285714286,1,,,,,,,,,,,,,,,,,,,,,,monitor,population_not_loaded,area_not_loaded
260660,13,13,0,0,100.0,0,,,,,,,,,,,,,,,,,,,,,,good,population_not_loaded,area_not_loaded
260670,4,4,0,0,100.0,0,,,,,,,,,,,,,,,,,,,,,,good,population_not_loaded,area_not_loaded
260680,39,39,0,0,100.0,0,,,,,,,,,,,,,,,,,,,,,,good,population_not_loaded,area_not_loaded
260690,5,5,0,0,100.0,0,,,,,,,,,,,,,,,,,,,,,,good,population_not_loaded,area_not_loaded
260700,9,9,0,0,100.0,0,,,,,,,,,,,,,,,,,,,,,,good,population_not_loaded,area_not_loaded
260710,3,2,1,1,66.66666666666666,1,,,,,,,,,,,,,,,,,,,,,,high_attention,population_not_loaded,area_not_loaded
260720,31,31,0,0,100.0,0,,,,,,,,,,,,,,,,,,,,,,good,population_not_loaded,area_not_loaded
260730,13,13,0,0,100.0,0,,,,,,,,,,,,,,,,,,,,,,good,population_not_loaded,area_not_loaded
260740,3,3,0,0,100.0,0,,,,,,,,,,,,,,,,,,,,,,good,population_not_loaded,area_not_loaded
260750,11,11,0,0,100.0,0,,,,,,,,,,,,,,,,,,,,,,good,population_not_loaded,area_not_loaded
260760,13,13,0,0,100.0,0,,,,,,,,,,,,,,,,,,,,,,good,population_not_loaded,area_not_loaded
260765,17,17,0,0,100.0,0,,,,,,,,,,,,,,,,,,,,,,good,population_not_loaded,area_not_loaded
260770,7,7,0,0,100.0,0,,,,,,,,,,,,,,,,,,,,,,good,population_not_loaded,area_not_loaded
260775,12,12,0,0,100.0,0,,,,,,,,,,,,,,,,,,,,,,good,population_not_loaded,area_not_loaded
260780,12,12,0,0,100.0,0,,,,,,,,,,,,,,,,,,,,,,good,population_not_loaded,area_not_loaded
260790,134,125,9,9,93.28358208955224,9,,,,,,,,,,,,,,,,,,,,,,monitor,population_not_loaded,area_not_loaded
260795,7,7,0,0,100.0,0,,,,,,,,,,,,,,,,,,,,,,good,population_not_loaded,area_not_loaded
260800,9,9,0,0,100.0,0,,,,,,,,,,,,,,,,,,,,,,good,population_not_loaded,area_not_loaded
260805,7,7,0,0,100.0,0,,,,,,,,,,,,,,,,,,,,,,good,population_not_loaded,area_not_loaded
260810,15,15,0,0,100.0,0,,,,,,,,,,,,,,,,,,,,,,good,population_not_loaded,area_not_loaded
260820,9,8,1,1,88.88888888888889,1,,,,,,,,,,,,,,,,,,,,,,monitor,population_not_loaded,area_not_loaded
260825,8,8,0,0,100.0,0,,,,,,,,,,,,,,,,,,,,,,good,population_not_loaded,area_not_loaded
260830,10,10,0,0,100.0,0,,,,,,,,,,,,,,,,,,,,,,good,population_not_loaded,area_not_loaded
260840,8,8,0,0,100.0,0,,,,,,,,,,,,,,,,,,,,,,good,population_not_loaded,area_not_loaded
260845,11,10,1,1,90.9090909090909,1,,,,,,,,,,,,,,,,,,,,,,monitor,population_not_loaded,area_not_loaded
260850,10,10,0,0,100.0,0,,,,,,,,,,,,,,,,,,,,,,good,population_not_loaded,area_not_loaded
260860,6,6,0,0,100.0,0,,,,,,,,,,,,,,,,,,,,,,good,population_not_loaded,area_not_loaded
260870,7,7,0,0,100.0,0,,,,,,,,,,,,,,,,,,,,,,good,population_not_loaded,area_not_loaded
260875,11,11,0,0,100.0,0,,,,,,,,,,,,,,,,,,,,,,good,population_not_loaded,area_not_loaded
260880,17,17,0,0,100.0,0,,,,,,,,,,,,,,,,,,,,,,good,population_not_loaded,area_not_loaded
260890,21,21,0,0,100.0,0,,,,,,,,,,,,,,,,,,,,,,good,population_not_loaded,area_not_loaded
260900,14,14,0,0,100.0,0,,,,,,,,,,,,,,,,,,,,,,good,population_not_loaded,area_not_loaded
260910,10,9,1,1,90.0,1,,,,,,,,,,,,,,,,,,,,,,monitor,population_not_loaded,area_not_loaded
260915,9,9,0,0,100.0,0,,,,,,,,,,,,,,,,,,,,,,good,population_not_loaded,area_not_loaded
260920,5,5,0,0,100.0,0,,,,,,,,,,,,,,,,,,,,,,good,population_not_loaded,area_not_loaded
260930,8,8,0,0,100.0,0,,,,,,,,,,,,,,,,,,,,,,good,population_not_loaded,area_not_loaded
260940,17,16,1,1,94.11764705882352,1,,,,,,,,,,,,,,,,,,,,,,monitor,population_not_loaded,area_not_loaded
260950,17,16,1,1,94.11764705882352,1,,,,,,,,,,,,,,,,,,,,,,monitor,population_not_loaded,area_not_loaded
260960,54,46,8,8,85.18518518518519,8,,,,,,,,,,,,,,,,,,,,,,monitor,population_not_loaded,area_not_loaded
260970,11,11,0,0,100.0,0,,,,,,,,,,,,,,,,,,,,,,good,population_not_loaded,area_not_loaded
260980,10,10,0,0,100.0,0,,,,,,,,,,,,,,,,,,,,,,good,population_not_loaded,area_not_loaded
260990,27,25,2,2,92.5925925925926,2,,,,,,,,,,,,,,,,,,,,,,monitor,population_not_loaded,area_not_loaded
261000,32,31,1,1,96.875,1,,,,,,,,,,,,,,,,,,,,,,good,population_not_loaded,area_not_loaded
261010,5,5,0,0,100.0,0,,,,,,,,,,,,,,,,,,,,,,good,population_not_loaded,area_not_loaded
261020,16,16,0,0,100.0,0,,,,,,,,,,,,,,,,,,,,,,good,population_not_loaded,area_not_loaded
261030,7,7,0,0,100.0,0,,,,,,,,,,,,,,,,,,,,,,good,population_not_loaded,area_not_loaded
261040,15,15,0,0,100.0,0,,,,,,,,,,,,,,,,,,,,,,good,population_not_loaded,area_not_loaded
261050,20,20,0,0,100.0,0,,,,,,,,,,,,,,,,,,,,,,good,population_not_loaded,area_not_loaded
261060,25,25,0,0,100.0,0,,,,,,,,,,,,,,,,,,,,,,good,population_not_loaded,area_not_loaded
261070,62,61,1,1,98.38709677419355,1,,,,,,,,,,,,,,,,,,,,,,good,population_not_loaded,area_not_loaded
261080,12,12,0,0,100.0,0,,,,,,,,,,,,,,,,,,,,,,good,population_not_loaded,area_not_loaded
261090,20,20,0,0,100.0,0,,,,,,,,,,,,,,,,,,,,,,good,population_not_loaded,area_not_loaded
261100,13,13,0,0,100.0,0,,,,,,,,,,,,,,,,,,,,,,good,population_not_loaded,area_not_loaded
261110,62,61,1,1,98.38709677419355,1,,,,,,,,,,,,,,,,,,,,,,good,population_not_loaded,area_not_loaded
261120,6,6,0,0,100.0,0,,,,,,,,,,,,,,,,,,,,,,good,population_not_loaded,area_not_loaded
261130,15,15,0,0,100.0,0,,,,,,,,,,,,,,,,,,,,,,good,population_not_loaded,area_not_loaded
261140,6,6,0,0,100.0,0,,,,,,,,,,,,,,,,,,,,,,good,population_not_loaded,area_not_loaded
261150,15,15,0,0,100.0,0,,,,,,,,,,,,,,,,,,,,,,good,population_not_loaded,area_not_loaded
261153,4,3,1,1,75.0,1,,,,,,,,,,,,,,,,,,,,,,high_attention,population_not_loaded,area_not_loaded
261160,181,179,2,2,98.89502762430939,2,,,,,,,,,,,,,,,,,,,,,,good,population_not_loaded,area_not_loaded
261170,9,9,0,0,100.0,0,,,,,,,,,,,,,,,,,,,,,,good,population_not_loaded,area_not_loaded
261180,12,12,0,0,100.0,0,,,,,,,,,,,,,,,,,,,,,,good,population_not_loaded,area_not_loaded
261190,12,12,0,0,100.0,0,,,,,,,,,,,,,,,,,,,,,,good,population_not_loaded,area_not_loaded
261200,6,6,0,0,100.0,0,,,,,,,,,,,,,,,,,,,,,,good,population_not_loaded,area_not_loaded
261210,8,8,0,0,100.0,0,,,,,,,,,,,,,,,,,,,,,,good,population_not_loaded,area_not_loaded
261220,22,21,1,1,95.45454545454545,1,,,,,,,,,,,,,,,,,,,,,,good,population_not_loaded,area_not_loaded
261230,9,9,0,0,100.0,0,,,,,,,,,,,,,,,,,,,,,,good,population_not_loaded,area_not_loaded
261240,11,11,0,0,100.0,0,,,,,,,,,,,,,,,,,,,,,,good,population_not_loaded,area_not_loaded
261245,7,7,0,0,100.0,0,,,,,,,,,,,,,,,,,,,,,,good,population_not_loaded,area_not_loaded
261247,6,6,0,0,100.0,0,,,,,,,,,,,,,,,,,,,,,,good,population_not_loaded,area_not_loaded
261250,27,27,0,0,100.0,0,,,,,,,,,,,,,,,,,,,,,,good,population_not_loaded,area_not_loaded
261255,8,8,0,0,100.0,0,,,,,,,,,,,,,,,,,,,,,,good,population_not_loaded,area_not_loaded
261260,17,17,0,0,100.0,0,,,,,,,,,,,,,,,,,,,,,,good,population_not_loaded,area_not_loaded
261270,8,8,0,0,100.0,0,,,,,,,,,,,,,,,,,,,,,,good,population_not_loaded,area_not_loaded
261280,6,6,0,0,100.0,0,,,,,,,,,,,,,,,,,,,,,,good,population_not_loaded,area_not_loaded
261290,3,3,0,0,100.0,0,,,,,,,,,,,,,,,,,,,,,,good,population_not_loaded,area_not_loaded
261300,15,14,1,1,93.33333333333333,1,,,,,,,,,,,,,,,,,,,,,,monitor,population_not_loaded,area_not_loaded
261310,15,15,0,0,100.0,0,,,,,,,,,,,,,,,,,,,,,,good,population_not_loaded,area_not_loaded
261320,15,15,0,0,100.0,0,,,,,,,,,,,,,,,,,,,,,,good,population_not_loaded,area_not_loaded
261330,12,12,0,0,100.0,0,,,,,,,,,,,,,,,,,,,,,,good,population_not_loaded,area_not_loaded
261340,11,11,0,0,100.0,0,,,,,,,,,,,,,,,,,,,,,,good,population_not_loaded,area_not_loaded
261350,14,14,0,0,100.0,0,,,,,,,,,,,,,,,,,,,,,,good,population_not_loaded,area_not_loaded
261360,18,18,0,0,100.0,0,,,,,,,,,,,,,,,,,,,,,,good,population_not_loaded,area_not_loaded
261370,40,39,1,1,97.5,1,,,,,,,,,,,,,,,,,,,,,,good,population_not_loaded,area_not_loaded
261380,10,10,0,0,100.0,0,,,,,,,,,,,,,,,,,,,,,,good,population_not_loaded,area_not_loaded
261390,26,24,2,2,92.3076923076923,2,,,,,,,,,,,,,,,,,,,,,,monitor,population_not_loaded,area_not_loaded
261400,10,10,0,0,100.0,0,,,,,,,,,,,,,,,,,,,,,,good,population_not_loaded,area_not_loaded
261410,19,19,0,0,100.0,0,,,,,,,,,,,,,,,,,,,,,,good,population_not_loaded,area_not_loaded
261420,17,17,0,0,100.0,0,,,,,,,,,,,,,,,,,,,,,,good,population_not_loaded,area_not_loaded
261430,6,6,0,0,100.0,0,,,,,,,,,,,,,,,,,,,,,,good,population_not_loaded,area_not_loaded
261440,3,3,0,0,100.0,0,,,,,,,,,,,,,,,,,,,,,,good,population_not_loaded,area_not_loaded
261450,22,22,0,0,100.0,0,,,,,,,,,,,,,,,,,,,,,,good,population_not_loaded,area_not_loaded
261460,14,14,0,0,100.0,0,,,,,,,,,,,,,,,,,,,,,,good,population_not_loaded,area_not_loaded
261470,9,9,0,0,100.0,0,,,,,,,,,,,,,,,,,,,,,,good,population_not_loaded,area_not_loaded
261480,8,8,0,0,100.0,0,,,,,,,,,,,,,,,,,,,,,,good,population_not_loaded,area_not_loaded
261485,12,12,0,0,100.0,0,,,,,,,,,,,,,,,,,,,,,,good,population_not_loaded,area_not_loaded
261500,11,11,0,0,100.0,0,,,,,,,,,,,,,,,,,,,,,,good,population_not_loaded,area_not_loaded
261510,7,7,0,0,100.0,0,,,,,,,,,,,,,,,,,,,,,,good,population_not_loaded,area_not_loaded
261520,5,5,0,0,100.0,0,,,,,,,,,,,,,,,,,,,,,,good,population_not_loaded,area_not_loaded
261530,33,31,2,2,93.93939393939394,2,,,,,,,,,,,,,,,,,,,,,,monitor,population_not_loaded,area_not_loaded
261540,12,11,1,1,91.66666666666666,1,,,,,,,,,,,,,,,,,,,,,,monitor,population_not_loaded,area_not_loaded
261550,9,9,0,0,100.0,0,,,,,,,,,,,,,,,,,,,,,,good,population_not_loaded,area_not_loaded
261560,13,11,2,2,84.61538461538461,2,,,,,,,,,,,,,,,,,,,,,,monitor,population_not_loaded,area_not_loaded
261570,7,7,0,0,100.0,0,,,,,,,,,,,,,,,,,,,,,,good,population_not_loaded,area_not_loaded
261580,14,14,0,0,100.0,0,,,,,,,,,,,,,,,,,,,,,,good,population_not_loaded,area_not_loaded
261590,5,5,0,0,100.0,0,,,,,,,,,,,,,,,,,,,,,,good,population_not_loaded,area_not_loaded
261600,9,9,0,0,100.0,0,,,,,,,,,,,,,,,,,,,,,,good,population_not_loaded,area_not_loaded
261610,5,5,0,0,100.0,0,,,,,,,,,,,,,,,,,,,,,,good,population_not_loaded,area_not_loaded
261618,5,5,0,0,100.0,0,,,,,,,,,,,,,,,,,,,,,,good,population_not_loaded,area_not_loaded
261620,9,9,0,0,100.0,0,,,,,,,,,,,,,,,,,,,,,,good,population_not_loaded,area_not_loaded
261630,14,14,0,0,100.0,0,,,,,,,,,,,,,,,,,,,,,,good,population_not_loaded,area_not_loaded
261640,47,45,2,2,95.74468085106383,2,,,,,,,,,,,,,,,,,,,,,,good,population_not_loaded,area_not_loaded
261650,8,7,1,1,87.5,1,,,,,,,,,,,,,,,,,,,,,,monitor,population_not_loaded,area_not_loaded
270010,9,8,1,1,88.88888888888889,1,,,,,,,,,,,,,,,,,,,,,,monitor,population_not_loaded,area_not_loaded
270020,8,8,0,0,100.0,0,,,,,,,,,,,,,,,,,,,,,,good,population_not_loaded,area_not_loaded
270030,47,45,2,2,95.74468085106383,2,,,,,,,,,,,,,,,,,,,,,,good,population_not_loaded,area_not_loaded
270040,19,18,1,1,94.73684210526315,1,,,,,,,,,,,,,,,,,,,,,,monitor,population_not_loaded,area_not_loaded
270050,5,5,0,0,100.0,0,,,,,,,,,,,,,,,,,,,,,,good,population_not_loaded,area_not_loaded
270060,4,4,0,0,100.0,0,,,,,,,,,,,,,,,,,,,,,,good,population_not_loaded,area_not_loaded
270070,9,7,2,2,77.77777777777779,2,,,,,,,,,,,,,,,,,,,,,,high_attention,population_not_loaded,area_not_loaded
270080,4,4,0,0,100.0,0,,,,,,,,,,,,,,,,,,,,,,good,population_not_loaded,area_not_loaded
270090,3,3,0,0,100.0,0,,,,,,,,,,,,,,,,,,,,,,good,population_not_loaded,area_not_loaded
270100,11,11,0,0,100.0,0,,,,,,,,,,,,,,,,,,,,,,good,population_not_loaded,area_not_loaded
270110,6,6,0,0,100.0,0,,,,,,,,,,,,,,,,,,,,,,good,population_not_loaded,area_not_loaded
270120,5,5,0,0,100.0,0,,,,,,,,,,,,,,,,,,,,,,good,population_not_loaded,area_not_loaded
270130,9,9,0,0,100.0,0,,,,,,,,,,,,,,,,,,,,,,good,population_not_loaded,area_not_loaded
270135,3,3,0,0,100.0,0,,,,,,,,,,,,,,,,,,,,,,good,population_not_loaded,area_not_loaded
270140,18,17,1,1,94.44444444444444,1,,,,,,,,,,,,,,,,,,,,,,monitor,population_not_loaded,area_not_loaded
270150,8,7,1,1,87.5,1,,,,,,,,,,,,,,,,,,,,,,monitor,population_not_loaded,area_not_loaded
270160,10,10,0,0,100.0,0,,,,,,,,,,,,,,,,,,,,,,good,population_not_loaded,area_not_loaded
270170,8,8,0,0,100.0,0,,,,,,,,,,,,,,,,,,,,,,good,population_not_loaded,area_not_loaded
270180,6,5,1,1,83.33333333333334,1,,,,,,,,,,,,,,,,,,,,,,monitor,population_not_loaded,area_not_loaded
270190,5,5,0,0,100.0,0,,,,,,,,,,,,,,,,,,,,,,good,population_not_loaded,area_not_loaded
270200,6,6,0,0,100.0,0,,,,,,,,,,,,,,,,,,,,,,good,population_not_loaded,area_not_loaded
270210,8,8,0,0,100.0,0,,,,,,,,,,,,,,,,,,,,,,good,population_not_loaded,area_not_loaded
270220,5,3,2,2,60.0,2,,,,,,,,,,,,,,,,,,,,,,high_attention,population_not_loaded,area_not_loaded
270230,20,20,0,0,100.0,0,,,,,,,,,,,,,,,,,,,,,,good,population_not_loaded,area_not_loaded
270235,10,10,0,0,100.0,0,,,,,,,,,,,,,,,,,,,,,,good,population_not_loaded,area_not_loaded
270240,16,16,0,0,100.0,0,,,,,,,,,,,,,,,,,,,,,,good,population_not_loaded,area_not_loaded
270250,6,5,1,1,83.33333333333334,1,,,,,,,,,,,,,,,,,,,,,,monitor,population_not_loaded,area_not_loaded
270255,7,7,0,0,100.0,0,,,,,,,,,,,,,,,,,,,,,,good,population_not_loaded,area_not_loaded
270260,9,9,0,0,100.0,0,,,,,,,,,,,,,,,,,,,,,,good,population_not_loaded,area_not_loaded
270270,2,2,0,0,100.0,0,,,,,,,,,,,,,,,,,,,,,,good,population_not_loaded,area_not_loaded
270280,5,5,0,0,100.0,0,,,,,,,,,,,,,,,,,,,,,,good,population_not_loaded,area_not_loaded
270290,18,18,0,0,100.0,0,,,,,,,,,,,,,,,,,,,,,,good,population_not_loaded,area_not_loaded
270300,6,6,0,0,100.0,0,,,,,,,,,,,,,,,,,,,,,,good,population_not_loaded,area_not_loaded
270310,13,13,0,0,100.0,0,,,,,,,,,,,,,,,,,,,,,,good,population_not_loaded,area_not_loaded
270320,10,10,0,0,100.0,0,,,,,,,,,,,,,,,,,,,,,,good,population_not_loaded,area_not_loaded
270330,6,6,0,0,100.0,0,,,,,,,,,,,,,,,,,,,,,,good,population_not_loaded,area_not_loaded
270340,3,3,0,0,100.0,0,,,,,,,,,,,,,,,,,,,,,,good,population_not_loaded,area_not_loaded
270350,3,3,0,0,100.0,0,,,,,,,,,,,,,,,,,,,,,,good,population_not_loaded,area_not_loaded
270360,4,4,0,0,100.0,0,,,,,,,,,,,,,,,,,,,,,,good,population_not_loaded,area_not_loaded
270370,3,3,0,0,100.0,0,,,,,,,,,,,,,,,,,,,,,,good,population_not_loaded,area_not_loaded
270375,8,7,1,1,87.5,1,,,,,,,,,,,,,,,,,,,,,,monitor,population_not_loaded,area_not_loaded
270380,1,1,0,0,100.0,0,,,,,,,,,,,,,,,,,,,,,,good,population_not_loaded,area_not_loaded
270390,3,3,0,0,100.0,0,,,,,,,,,,,,,,,,,,,,,,good,population_not_loaded,area_not_loaded
270400,11,11,0,0,100.0,0,,,,,,,,,,,,,,,,,,,,,,good,population_not_loaded,area_not_loaded
270410,6,6,0,0,100.0,0,,,,,,,,,,,,,,,,,,,,,,good,population_not_loaded,area_not_loaded
270420,16,13,3,3,81.25,3,,,,,,,,,,,,,,,,,,,,,,monitor,population_not_loaded,area_not_loaded
270430,97,92,5,5,94.84536082474226,5,,,,,,,,,,,,,,,,,,,,,,monitor,population_not_loaded,area_not_loaded
270440,7,7,0,0,100.0,0,,,,,,,,,,,,,,,,,,,,,,good,population_not_loaded,area_not_loaded
270450,10,10,0,0,100.0,0,,,,,,,,,,,,,,,,,,,,,,good,population_not_loaded,area_not_loaded
270460,4,4,0,0,100.0,0,,,,,,,,,,,,,,,,,,,,,,good,population_not_loaded,area_not_loaded
270470,20,20,0,0,100.0,0,,,,,,,,,,,,,,,,,,,,,,good,population_not_loaded,area_not_loaded
270480,6,6,0,0,100.0,0,,,,,,,,,,,,,,,,,,,,,,good,population_not_loaded,area_not_loaded
270490,2,2,0,0,100.0,0,,,,,,,,,,,,,,,,,,,,,,good,population_not_loaded,area_not_loaded
270500,7,7,0,0,100.0,0,,,,,,,,,,,,,,,,,,,,,,good,population_not_loaded,area_not_loaded
270510,10,10,0,0,100.0,0,,,,,,,,,,,,,,,,,,,,,,good,population_not_loaded,area_not_loaded
270520,6,6,0,0,100.0,0,,,,,,,,,,,,,,,,,,,,,,good,population_not_loaded,area_not_loaded
270530,3,3,0,0,100.0,0,,,,,,,,,,,,,,,,,,,,,,good,population_not_loaded,area_not_loaded
270540,4,4,0,0,100.0,0,,,,,,,,,,,,,,,,,,,,,,good,population_not_loaded,area_not_loaded
270550,11,11,0,0,100.0,0,,,,,,,,,,,,,,,,,,,,,,good,population_not_loaded,area_not_loaded
270560,6,5,1,1,83.33333333333334,1,,,,,,,,,,,,,,,,,,,,,,monitor,population_not_loaded,area_not_loaded
270570,9,8,1,1,88.88888888888889,1,,,,,,,,,,,,,,,,,,,,,,monitor,population_not_loaded,area_not_loaded
270580,3,3,0,0,100.0,0,,,,,,,,,,,,,,,,,,,,,,good,population_not_loaded,area_not_loaded
270590,3,3,0,0,100.0,0,,,,,,,,,,,,,,,,,,,,,,good,population_not_loaded,area_not_loaded
270600,5,5,0,0,100.0,0,,,,,,,,,,,,,,,,,,,,,,good,population_not_loaded,area_not_loaded
270610,5,5,0,0,100.0,0,,,,,,,,,,,,,,,,,,,,,,good,population_not_loaded,area_not_loaded
270620,3,3,0,0,100.0,0,,,,,,,,,,,,,,,,,,,,,,good,population_not_loaded,area_not_loaded
270630,25,25,0,0,100.0,0,,,,,,,,,,,,,,,,,,,,,,good,population_not_loaded,area_not_loaded
270640,9,9,0,0,100.0,0,,,,,,,,,,,,,,,,,,,,,,good,population_not_loaded,area_not_loaded
270642,6,6,0,0,100.0,0,,,,,,,,,,,,,,,,,,,,,,good,population_not_loaded,area_not_loaded
270644,5,5,0,0,100.0,0,,,,,,,,,,,,,,,,,,,,,,good,population_not_loaded,area_not_loaded
270650,7,7,0,0,100.0,0,,,,,,,,,,,,,,,,,,,,,,good,population_not_loaded,area_not_loaded
270660,4,4,0,0,100.0,0,,,,,,,,,,,,,,,,,,,,,,good,population_not_loaded,area_not_loaded
270670,22,22,0,0,100.0,0,,,,,,,,,,,,,,,,,,,,,,good,population_not_loaded,area_not_loaded
270680,8,8,0,0,100.0,0,,,,,,,,,,,,,,,,,,,,,,good,population_not_loaded,area_not_loaded
270690,13,13,0,0,100.0,0,,,,,,,,,,,,,,,,,,,,,,good,population_not_loaded,area_not_loaded
270700,1,1,0,0,100.0,0,,,,,,,,,,,,,,,,,,,,,,good,population_not_loaded,area_not_loaded
270710,7,7,0,0,100.0,0,,,,,,,,,,,,,,,,,,,,,,good,population_not_loaded,area_not_loaded
270720,7,7,0,0,100.0,0,,,,,,,,,,,,,,,,,,,,,,good,population_not_loaded,area_not_loaded
270730,11,11,0,0,100.0,0,,,,,,,,,,,,,,,,,,,,,,good,population_not_loaded,area_not_loaded
270740,4,4,0,0,100.0,0,,,,,,,,,,,,,,,,,,,,,,good,population_not_loaded,area_not_loaded
270750,9,9,0,0,100.0,0,,,,,,,,,,,,,,,,,,,,,,good,population_not_loaded,area_not_loaded
270760,7,5,2,2,71.42857142857143,2,,,,,,,,,,,,,,,,,,,,,,high_attention,population_not_loaded,area_not_loaded
270770,26,26,0,0,100.0,0,,,,,,,,,,,,,,,,,,,,,,good,population_not_loaded,area_not_loaded
270780,3,3,0,0,100.0,0,,,,,,,,,,,,,,,,,,,,,,good,population_not_loaded,area_not_loaded
270790,5,5,0,0,100.0,0,,,,,,,,,,,,,,,,,,,,,,good,population_not_loaded,area_not_loaded
270800,19,19,0,0,100.0,0,,,,,,,,,,,,,,,,,,,,,,good,population_not_loaded,area_not_loaded
270810,5,5,0,0,100.0,0,,,,,,,,,,,,,,,,,,,,,,good,population_not_loaded,area_not_loaded
270820,3,3,0,0,100.0,0,,,,,,,,,,,,,,,,,,,,,,good,population_not_loaded,area_not_loaded
270830,11,11,0,0,100.0,0,,,,,,,,,,,,,,,,,,,,,,good,population_not_loaded,area_not_loaded
270840,14,14,0,0,100.0,0,,,,,,,,,,,,,,,,,,,,,,good,population_not_loaded,area_not_loaded
270850,12,12,0,0,100.0,0,,,,,,,,,,,,,,,,,,,,,,good,population_not_loaded,area_not_loaded
270860,17,13,4,4,76.47058823529412,4,,,,,,,,,,,,,,,,,,,,,,high_attention,population_not_loaded,area_not_loaded
270870,4,4,0,0,100.0,0,,,,,,,,,,,,,,,,,,,,,,good,population_not_loaded,area_not_loaded
270880,18,18,0,0,100.0,0,,,,,,,,,,,,,,,,,,,,,,good,population_not_loaded,area_not_loaded
270890,8,8,0,0,100.0,0,,,,,,,,,,,,,,,,,,,,,,good,population_not_loaded,area_not_loaded
270895,6,5,1,1,83.33333333333334,1,,,,,,,,,,,,,,,,,,,,,,monitor,population_not_loaded,area_not_loaded
270900,3,3,0,0,100.0,0,,,,,,,,,,,,,,,,,,,,,,good,population_not_loaded,area_not_loaded
270910,8,8,0,0,100.0,0,,,,,,,,,,,,,,,,,,,,,,good,population_not_loaded,area_not_loaded
270915,23,21,2,2,91.30434782608695,2,,,,,,,,,,,,,,,,,,,,,,monitor,population_not_loaded,area_not_loaded
270920,10,10,0,0,100.0,0,,,,,,,,,,,,,,,,,,,,,,good,population_not_loaded,area_not_loaded
270930,25,25,0,0,100.0,0,,,,,,,,,,,,,,,,,,,,,,good,population_not_loaded,area_not_loaded
270940,13,11,2,2,84.61538461538461,2,,,,,,,,,,,,,,,,,,,,,,monitor,population_not_loaded,area_not_loaded
280010,1,1,0,0,100.0,0,,,,,,,,,,,,,,,,,,,,,,good,population_not_loaded,area_not_loaded
280020,8,8,0,0,100.0,0,,,,,,,,,,,,,,,,,,,,,,good,population_not_loaded,area_not_loaded
280030,47,47,0,0,100.0,0,,,,,,,,,,,,,,,,,,,,,,good,population_not_loaded,area_not_loaded
280040,5,5,0,0,100.0,0,,,,,,,,,,,,,,,,,,,,,,good,population_not_loaded,area_not_loaded
280050,9,9,0,0,100.0,0,,,,,,,,,,,,,,,,,,,,,,good,population_not_loaded,area_not_loaded
280060,13,11,2,2,84.61538461538461,2,,,,,,,,,,,,,,,,,,,,,,monitor,population_not_loaded,area_not_loaded
280067,14,14,0,0,100.0,0,,,,,,,,,,,,,,,,,,,,,,good,population_not_loaded,area_not_loaded
280070,2,2,0,0,100.0,0,,,,,,,,,,,,,,,,,,,,,,good,population_not_loaded,area_not_loaded
280100,6,6,0,0,100.0,0,,,,,,,,,,,,,,,,,,,,,,good,population_not_loaded,area_not_loaded
280110,4,3,1,1,75.0,1,,,,,,,,,,,,,,,,,,,,,,high_attention,population_not_loaded,area_not_loaded
280120,10,9,1,1,90.0,1,,,,,,,,,,,,,,,,,,,,,,monitor,population_not_loaded,area_not_loaded
280130,4,4,0,0,100.0,0,,,,,,,,,,,,,,,,,,,,,,good,population_not_loaded,area_not_loaded
280140,4,4,0,0,100.0,0,,,,,,,,,,,,,,,,,,,,,,good,population_not_loaded,area_not_loaded
280150,7,6,1,1,85.71428571428571,1,,,,,,,,,,,,,,,,,,,,,,monitor,population_not_loaded,area_not_loaded
280160,3,3,0,0,100.0,0,,,,,,,,,,,,,,,,,,,,,,good,population_not_loaded,area_not_loaded
280170,1,1,0,0,100.0,0,,,,,,,,,,,,,,,,,,,,,,good,population_not_loaded,area_not_loaded
280190,2,2,0,0,100.0,0,,,,,,,,,,,,,,,,,,,,,,good,population_not_loaded,area_not_loaded
280200,3,3,0,0,100.0,0,,,,,,,,,,,,,,,,,,,,,,good,population_not_loaded,area_not_loaded
280210,17,17,0,0,100.0,0,,,,,,,,,,,,,,,,,,,,,,good,population_not_loaded,area_not_loaded
280220,2,2,0,0,100.0,0,,,,,,,,,,,,,,,,,,,,,,good,population_not_loaded,area_not_loaded
280230,8,8,0,0,100.0,0,,,,,,,,,,,,,,,,,,,,,,good,population_not_loaded,area_not_loaded
280240,7,5,2,2,71.42857142857143,2,,,,,,,,,,,,,,,,,,,,,,high_attention,population_not_loaded,area_not_loaded
280250,2,2,0,0,100.0,0,,,,,,,,,,,,,,,,,,,,,,good,population_not_loaded,area_not_loaded
280260,2,2,0,0,100.0,0,,,,,,,,,,,,,,,,,,,,,,good,population_not_loaded,area_not_loaded
280270,3,3,0,0,100.0,0,,,,,,,,,,,,,,,,,,,,,,good,population_not_loaded,area_not_loaded
280280,6,6,0,0,100.0,0,,,,,,,,,,,,,,,,,,,,,,good,population_not_loaded,area_not_loaded
280290,25,24,1,1,96.0,1,,,,,,,,,,,,,,,,,,,,,,good,population_not_loaded,area_not_loaded
280300,15,14,1,1,93.33333333333333,1,,,,,,,,,,,,,,,,,,,,,,monitor,population_not_loaded,area_not_loaded
280320,15,15,0,0,100.0,0,,,,,,,,,,,,,,,,,,,,,,good,population_not_loaded,area_not_loaded
280330,9,9,0,0,100.0,0,,,,,,,,,,,,,,,,,,,,,,good,population_not_loaded,area_not_loaded
280340,12,12,0,0,100.0,0,,,,,,,,,,,,,,,,,,,,,,good,population_not_loaded,area_not_loaded
280350,28,22,6,6,78.57142857142857,6,,,,,,,,,,,,,,,,,,,,,,high_attention,population_not_loaded,area_not_loaded
280360,9,9,0,0,100.0,0,,,,,,,,,,,,,,,,,,,,,,good,population_not_loaded,area_not_loaded
280370,3,3,0,0,100.0,0,,,,,,,,,,,,,,,,,,,,,,good,population_not_loaded,area_not_loaded
280380,2,2,0,0,100.0,0,,,,,,,,,,,,,,,,,,,,,,good,population_not_loaded,area_not_loaded
280390,3,3,0,0,100.0,0,,,,,,,,,,,,,,,,,,,,,,good,population_not_loaded,area_not_loaded
280400,6,6,0,0,100.0,0,,,,,,,,,,,,,,,,,,,,,,good,population_not_loaded,area_not_loaded
280410,3,3,0,0,100.0,0,,,,,,,,,,,,,,,,,,,,,,good,population_not_loaded,area_not_loaded
280420,5,5,0,0,100.0,0,,,,,,,,,,,,,,,,,,,,,,good,population_not_loaded,area_not_loaded
280430,7,7,0,0,100.0,0,,,,,,,,,,,,,,,,,,,,,,good,population_not_loaded,area_not_loaded
280440,9,8,1,1,88.88888888888889,1,,,,,,,,,,,,,,,,,,,,,,monitor,population_not_loaded,area_not_loaded
280445,4,4,0,0,100.0,0,,,,,,,,,,,,,,,,,,,,,,good,population_not_loaded,area_not_loaded
280450,16,10,6,6,62.5,6,,,,,,,,,,,,,,,,,,,,,,high_attention,population_not_loaded,area_not_loaded
280460,10,10,0,0,100.0,0,,,,,,,,,,,,,,,,,,,,,,good,population_not_loaded,area_not_loaded
280470,3,2,1,1,66.66666666666666,1,,,,,,,,,,,,,,,,,,,,,,high_attention,population_not_loaded,area_not_loaded
280480,43,30,13,13,69.76744186046511,13,,,,,,,,,,,,,,,,,,,,,,high_attention,population_not_loaded,area_not_loaded
280490,8,8,0,0,100.0,0,,,,,,,,,,,,,,,,,,,,,,good,population_not_loaded,area_not_loaded
280500,4,4,0,0,100.0,0,,,,,,,,,,,,,,,,,,,,,,good,population_not_loaded,area_not_loaded
280510,4,3,1,1,75.0,1,,,,,,,,,,,,,,,,,,,,,,high_attention,population_not_loaded,area_not_loaded
280520,3,3,0,0,100.0,0,,,,,,,,,,,,,,,,,,,,,,good,population_not_loaded,area_not_loaded
280530,3,3,0,0,100.0,0,,,,,,,,,,,,,,,,,,,,,,good,population_not_loaded,area_not_loaded
280540,11,11,0,0,100.0,0,,,,,,,,,,,,,,,,,,,,,,good,population_not_loaded,area_not_loaded
280550,8,6,2,2,75.0,2,,,,,,,,,,,,,,,,,,,,,,high_attention,population_not_loaded,area_not_loaded
280560,2,2,0,0,100.0,0,,,,,,,,,,,,,,,,,,,,,,good,population_not_loaded,area_not_loaded
280570,9,8,1,1,88.88888888888889,1,,,,,,,,,,,,,,,,,,,,,,monitor,population_not_loaded,area_not_loaded
280580,5,5,0,0,100.0,0,,,,,,,,,,,,,,,,,,,,,,good,population_not_loaded,area_not_loaded
280590,6,6,0,0,100.0,0,,,,,,,,,,,,,,,,,,,,,,good,population_not_loaded,area_not_loaded
280600,1,1,0,0,100.0,0,,,,,,,,,,,,,,,,,,,,,,good,population_not_loaded,area_not_loaded
280610,4,4,0,0,100.0,0,,,,,,,,,,,,,,,,,,,,,,good,population_not_loaded,area_not_loaded
280620,11,10,1,1,90.9090909090909,1,,,,,,,,,,,,,,,,,,,,,,monitor,population_not_loaded,area_not_loaded
280630,8,8,0,0,100.0,0,,,,,,,,,,,,,,,,,,,,,,good,population_not_loaded,area_not_loaded
280640,4,4,0,0,100.0,0,,,,,,,,,,,,,,,,,,,,,,good,population_not_loaded,area_not_loaded
280650,2,2,0,0,100.0,0,,,,,,,,,,,,,,,,,,,,,,good,population_not_loaded,area_not_loaded
280660,1,1,0,0,100.0,0,,,,,,,,,,,,,,,,,,,,,,good,population_not_loaded,area_not_loaded
280670,22,22,0,0,100.0,0,,,,,,,,,,,,,,,,,,,,,,good,population_not_loaded,area_not_loaded
280680,2,2,0,0,100.0,0,,,,,,,,,,,,,,,,,,,,,,good,population_not_loaded,area_not_loaded
280690,2,2,0,0,100.0,0,,,,,,,,,,,,,,,,,,,,,,good,population_not_loaded,area_not_loaded
280700,2,2,0,0,100.0,0,,,,,,,,,,,,,,,,,,,,,,good,population_not_loaded,area_not_loaded
280710,20,16,4,4,80.0,4,,,,,,,,,,,,,,,,,,,,,,high_attention,population_not_loaded,area_not_loaded
280720,3,3,0,0,100.0,0,,,,,,,,,,,,,,,,,,,,,,good,population_not_loaded,area_not_loaded
280730,2,2,0,0,100.0,0,,,,,,,,,,,,,,,,,,,,,,good,population_not_loaded,area_not_loaded
280740,18,16,2,2,88.88888888888889,2,,,,,,,,,,,,,,,,,,,,,,monitor,population_not_loaded,area_not_loaded
280750,4,4,0,0,100.0,0,,,,,,,,,,,,,,,,,,,,,,good,population_not_loaded,area_not_loaded
280760,6,6,0,0,100.0,0,,,,,,,,,,,,,,,,,,,,,,good,population_not_loaded,area_not_loaded
290010,5,5,0,0,100.0,0,,,,,,,,,,,,,,,,,,,,,,good,population_not_loaded,area_not_loaded
290020,8,8,0,0,100.0,0,,,,,,,,,,,,,,,,,,,,,,good,population_not_loaded,area_not_loaded
290030,7,7,0,0,100.0,0,,,,,,,,,,,,,,,,,,,,,,good,population_not_loaded,area_not_loaded
290035,7,7,0,0,100.0,0,,,,,,,,,,,,,,,,,,,,,,good,population_not_loaded,area_not_loaded
290040,9,9,0,0,100.0,0,,,,,,,,,,,,,,,,,,,,,,good,population_not_loaded,area_not_loaded
290050,8,6,2,2,75.0,2,,,,,,,,,,,,,,,,,,,,,,high_attention,population_not_loaded,area_not_loaded
290060,2,2,0,0,100.0,0,,,,,,,,,,,,,,,,,,,,,,good,population_not_loaded,area_not_loaded
290070,41,40,1,1,97.5609756097561,1,,,,,,,,,,,,,,,,,,,,,,good,population_not_loaded,area_not_loaded
290080,11,11,0,0,100.0,0,,,,,,,,,,,,,,,,,,,,,,good,population_not_loaded,area_not_loaded
290090,3,3,0,0,100.0,0,,,,,,,,,,,,,,,,,,,,,,good,population_not_loaded,area_not_loaded
290100,11,11,0,0,100.0,0,,,,,,,,,,,,,,,,,,,,,,good,population_not_loaded,area_not_loaded
290110,12,12,0,0,100.0,0,,,,,,,,,,,,,,,,,,,,,,good,population_not_loaded,area_not_loaded
290115,14,11,3,3,78.57142857142857,3,,,,,,,,,,,,,,,,,,,,,,high_attention,population_not_loaded,area_not_loaded
290120,10,9,1,1,90.0,1,,,,,,,,,,,,,,,,,,,,,,monitor,population_not_loaded,area_not_loaded
290130,5,5,0,0,100.0,0,,,,,,,,,,,,,,,,,,,,,,good,population_not_loaded,area_not_loaded
290135,7,7,0,0,100.0,0,,,,,,,,,,,,,,,,,,,,,,good,population_not_loaded,area_not_loaded
290140,5,5,0,0,100.0,0,,,,,,,,,,,,,,,,,,,,,,good,population_not_loaded,area_not_loaded
290150,7,7,0,0,100.0,0,,,,,,,,,,,,,,,,,,,,,,good,population_not_loaded,area_not_loaded
290160,2,2,0,0,100.0,0,,,,,,,,,,,,,,,,,,,,,,good,population_not_loaded,area_not_loaded
290170,5,5,0,0,100.0,0,,,,,,,,,,,,,,,,,,,,,,good,population_not_loaded,area_not_loaded
290180,6,5,1,1,83.33333333333334,1,,,,,,,,,,,,,,,,,,,,,,monitor,population_not_loaded,area_not_loaded
290190,7,7,0,0,100.0,0,,,,,,,,,,,,,,,,,,,,,,good,population_not_loaded,area_not_loaded
290195,6,6,0,0,100.0,0,,,,,,,,,,,,,,,,,,,,,,good,population_not_loaded,area_not_loaded
290200,7,7,0,0,100.0,0,,,,,,,,,,,,,,,,,,,,,,good,population_not_loaded,area_not_loaded
290205,4,4,0,0,100.0,0,,,,,,,,,,,,,,,,,,,,,,good,population_not_loaded,area_not_loaded
290210,25,25,0,0,100.0,0,,,,,,,,,,,,,,,,,,,,,,good,population_not_loaded,area_not_loaded
290220,4,4,0,0,100.0,0,,,,,,,,,,,,,,,,,,,,,,good,population_not_loaded,area_not_loaded
290225,5,5,0,0,100.0,0,,,,,,,,,,,,,,,,,,,,,,good,population_not_loaded,area_not_loaded
290230,4,4,0,0,100.0,0,,,,,,,,,,,,,,,,,,,,,,good,population_not_loaded,area_not_loaded
290240,8,8,0,0,100.0,0,,,,,,,,,,,,,,,,,,,,,,good,population_not_loaded,area_not_loaded
290250,6,6,0,0,100.0,0,,,,,,,,,,,,,,,,,,,,,,good,population_not_loaded,area_not_loaded
290260,6,6,0,0,100.0,0,,,,,,,,,,,,,,,,,,,,,,good,population_not_loaded,area_not_loaded
290265,7,7,0,0,100.0,0,,,,,,,,,,,,,,,,,,,,,,good,population_not_loaded,area_not_loaded
290270,2,2,0,0,100.0,0,,,,,,,,,,,,,,,,,,,,,,good,population_not_loaded,area_not_loaded
290280,9,9,0,0,100.0,0,,,,,,,,,,,,,,,,,,,,,,good,population_not_loaded,area_not_loaded
290290,11,11,0,0,100.0,0,,,,,,,,,,,,,,,,,,,,,,good,population_not_loaded,area_not_loaded
290300,6,6,0,0,100.0,0,,,,,,,,,,,,,,,,,,,,,,good,population_not_loaded,area_not_loaded
290310,3,3,0,0,100.0,0,,,,,,,,,,,,,,,,,,,,,,good,population_not_loaded,area_not_loaded
290320,53,53,0,0,100.0,0,,,,,,,,,,,,,,,,,,,,,,good,population_not_loaded,area_not_loaded
290323,6,6,0,0,100.0,0,,,,,,,,,,,,,,,,,,,,,,good,population_not_loaded,area_not_loaded
290327,9,9,0,0,100.0,0,,,,,,,,,,,,,,,,,,,,,,good,population_not_loaded,area_not_loaded
290330,5,4,1,1,80.0,1,,,,,,,,,,,,,,,,,,,,,,high_attention,population_not_loaded,area_not_loaded
290340,11,11,0,0,100.0,0,,,,,,,,,,,,,,,,,,,,,,good,population_not_loaded,area_not_loaded
290350,6,6,0,0,100.0,0,,,,,,,,,,,,,,,,,,,,,,good,population_not_loaded,area_not_loaded
290360,8,8,0,0,100.0,0,,,,,,,,,,,,,,,,,,,,,,good,population_not_loaded,area_not_loaded
290370,9,8,1,1,88.88888888888889,1,,,,,,,,,,,,,,,,,,,,,,monitor,population_not_loaded,area_not_loaded
290380,10,10,0,0,100.0,0,,,,,,,,,,,,,,,,,,,,,,good,population_not_loaded,area_not_loaded
290390,26,26,0,0,100.0,0,,,,,,,,,,,,,,,,,,,,,,good,population_not_loaded,area_not_loaded
290395,5,5,0,0,100.0,0,,,,,,,,,,,,,,,,,,,,,,good,population_not_loaded,area_not_loaded
290400,6,6,0,0,100.0,0,,,,,,,,,,,,,,,,,,,,,,good,population_not_loaded,area_not_loaded
290405,8,8,0,0,100.0,0,,,,,,,,,,,,,,,,,,,,,,good,population_not_loaded,area_not_loaded
290410,9,9,0,0,100.0,0,,,,,,,,,,,,,,,,,,,,,,good,population_not_loaded,area_not_loaded
290420,9,9,0,0,100.0,0,,,,,,,,,,,,,,,,,,,,,,good,population_not_loaded,area_not_loaded
290430,7,7,0,0,100.0,0,,,,,,,,,,,,,,,,,,,,,,good,population_not_loaded,area_not_loaded
290440,5,5,0,0,100.0,0,,,,,,,,,,,,,,,,,,,,,,good,population_not_loaded,area_not_loaded
290450,5,5,0,0,100.0,0,,,,,,,,,,,,,,,,,,,,,,good,population_not_loaded,area_not_loaded
290460,18,18,0,0,100.0,0,,,,,,,,,,,,,,,,,,,,,,good,population_not_loaded,area_not_loaded
290470,9,9,0,0,100.0,0,,,,,,,,,,,,,,,,,,,,,,good,population_not_loaded,area_not_loaded
290475,6,5,1,1,83.33333333333334,1,,,,,,,,,,,,,,,,,,,,,,monitor,population_not_loaded,area_not_loaded
290480,5,4,1,1,80.0,1,,,,,,,,,,,,,,,,,,,,,,high_attention,population_not_loaded,area_not_loaded
290485,10,10,0,0,100.0,0,,,,,,,,,,,,,,,,,,,,,,good,population_not_loaded,area_not_loaded
290490,13,13,0,0,100.0,0,,,,,,,,,,,,,,,,,,,,,,good,population_not_loaded,area_not_loaded
290500,9,9,0,0,100.0,0,,,,,,,,,,,,,,,,,,,,,,good,population_not_loaded,area_not_loaded
290510,2,2,0,0,100.0,0,,,,,,,,,,,,,,,,,,,,,,good,population_not_loaded,area_not_loaded
290515,9,9,0,0,100.0,0,,,,,,,,,,,,,,,,,,,,,,good,population_not_loaded,area_not_loaded
290520,15,15,0,0,100.0,0,,,,,,,,,,,,,,,,,,,,,,good,population_not_loaded,area_not_loaded
290530,12,12,0,0,100.0,0,,,,,,,,,,,,,,,,,,,,,,good,population_not_loaded,area_not_loaded
290540,9,9,0,0,100.0,0,,,,,,,,,,,,,,,,,,,,,,good,population_not_loaded,area_not_loaded
290550,5,5,0,0,100.0,0,,,,,,,,,,,,,,,,,,,,,,good,population_not_loaded,area_not_loaded
290560,14,13,1,1,92.85714285714286,1,,,,,,,,,,,,,,,,,,,,,,monitor,population_not_loaded,area_not_loaded
290570,45,44,1,1,97.77777777777777,1,,,,,,,,,,,,,,,,,,,,,,good,population_not_loaded,area_not_loaded
290580,19,19,0,0,100.0,0,,,,,,,,,,,,,,,,,,,,,,good,population_not_loaded,area_not_loaded
290590,10,10,0,0,100.0,0,,,,,,,,,,,,,,,,,,,,,,good,population_not_loaded,area_not_loaded
290600,8,7,1,1,87.5,1,,,,,,,,,,,,,,,,,,,,,,monitor,population_not_loaded,area_not_loaded
290610,5,4,1,1,80.0,1,,,,,,,,,,,,,,,,,,,,,,high_attention,population_not_loaded,area_not_loaded
290620,16,16,0,0,100.0,0,,,,,,,,,,,,,,,,,,,,,,good,population_not_loaded,area_not_loaded
290630,12,11,1,1,91.66666666666666,1,,,,,,,,,,,,,,,,,,,,,,monitor,population_not_loaded,area_not_loaded
290640,4,4,0,0,100.0,0,,,,,,,,,,,,,,,,,,,,,,good,population_not_loaded,area_not_loaded
290650,30,25,5,5,83.33333333333334,5,,,,,,,,,,,,,,,,,,,,,,monitor,population_not_loaded,area_not_loaded
290660,7,7,0,0,100.0,0,,,,,,,,,,,,,,,,,,,,,,good,population_not_loaded,area_not_loaded
290670,11,11,0,0,100.0,0,,,,,,,,,,,,,,,,,,,,,,good,population_not_loaded,area_not_loaded
290680,16,16,0,0,100.0,0,,,,,,,,,,,,,,,,,,,,,,good,population_not_loaded,area_not_loaded
290682,7,7,0,0,100.0,0,,,,,,,,,,,,,,,,,,,,,,good,population_not_loaded,area_not_loaded
290685,6,6,0,0,100.0,0,,,,,,,,,,,,,,,,,,,,,,good,population_not_loaded,area_not_loaded
290687,8,8,0,0,100.0,0,,,,,,,,,,,,,,,,,,,,,,good,population_not_loaded,area_not_loaded
290689,6,6,0,0,100.0,0,,,,,,,,,,,,,,,,,,,,,,good,population_not_loaded,area_not_loaded
290690,10,10,0,0,100.0,0,,,,,,,,,,,,,,,,,,,,,,good,population_not_loaded,area_not_loaded
290700,4,4,0,0,100.0,0,,,,,,,,,,,,,,,,,,,,,,good,population_not_loaded,area_not_loaded
290710,10,10,0,0,100.0,0,,,,,,,,,,,,,,,,,,,,,,good,population_not_loaded,area_not_loaded
290720,19,18,1,1,94.73684210526315,1,,,,,,,,,,,,,,,,,,,,,,monitor,population_not_loaded,area_not_loaded
290730,12,12,0,0,100.0,0,,,,,,,,,,,,,,,,,,,,,,good,population_not_loaded,area_not_loaded
290740,2,2,0,0,100.0,0,,,,,,,,,,,,,,,,,,,,,,good,population_not_loaded,area_not_loaded
290750,16,16,0,0,100.0,0,,,,,,,,,,,,,,,,,,,,,,good,population_not_loaded,area_not_loaded
290755,4,4,0,0,100.0,0,,,,,,,,,,,,,,,,,,,,,,good,population_not_loaded,area_not_loaded
290760,9,9,0,0,100.0,0,,,,,,,,,,,,,,,,,,,,,,good,population_not_loaded,area_not_loaded
290770,4,4,0,0,100.0,0,,,,,,,,,,,,,,,,,,,,,,good,population_not_loaded,area_not_loaded
290780,11,11,0,0,100.0,0,,,,,,,,,,,,,,,,,,,,,,good,population_not_loaded,area_not_loaded
290790,8,8,0,0,100.0,0,,,,,,,,,,,,,,,,,,,,,,good,population_not_loaded,area_not_loaded
290800,7,7,0,0,100.0,0,,,,,,,,,,,,,,,,,,,,,,good,population_not_loaded,area_not_loaded
290810,9,9,0,0,100.0,0,,,,,,,,,,,,,,,,,,,,,,good,population_not_loaded,area_not_loaded
290820,8,8,0,0,100.0,0,,,,,,,,,,,,,,,,,,,,,,good,population_not_loaded,area_not_loaded
290830,6,6,0,0,100.0,0,,,,,,,,,,,,,,,,,,,,,,good,population_not_loaded,area_not_loaded
290840,27,26,1,1,96.29629629629629,1,,,,,,,,,,,,,,,,,,,,,,good,population_not_loaded,area_not_loaded
290850,17,17,0,0,100.0,0,,,,,,,,,,,,,,,,,,,,,,good,population_not_loaded,area_not_loaded
290860,10,10,0,0,100.0,0,,,,,,,,,,,,,,,,,,,,,,good,population_not_loaded,area_not_loaded
290870,10,10,0,0,100.0,0,,,,,,,,,,,,,,,,,,,,,,good,population_not_loaded,area_not_loaded
290880,3,3,0,0,100.0,0,,,,,,,,,,,,,,,,,,,,,,good,population_not_loaded,area_not_loaded
290890,8,8,0,0,100.0,0,,,,,,,,,,,,,,,,,,,,,,good,population_not_loaded,area_not_loaded
290900,5,5,0,0,100.0,0,,,,,,,,,,,,,,,,,,,,,,good,population_not_loaded,area_not_loaded
290910,6,6,0,0,100.0,0,,,,,,,,,,,,,,,,,,,,,,good,population_not_loaded,area_not_loaded
290920,8,8,0,0,100.0,0,,,,,,,,,,,,,,,,,,,,,,good,population_not_loaded,area_not_loaded
290930,14,14,0,0,100.0,0,,,,,,,,,,,,,,,,,,,,,,good,population_not_loaded,area_not_loaded
290940,6,6,0,0,100.0,0,,,,,,,,,,,,,,,,,,,,,,good,population_not_loaded,area_not_loaded
290950,5,5,0,0,100.0,0,,,,,,,,,,,,,,,,,,,,,,good,population_not_loaded,area_not_loaded
290960,9,9,0,0,100.0,0,,,,,,,,,,,,,,,,,,,,,,good,population_not_loaded,area_not_loaded
290970,6,6,0,0,100.0,0,,,,,,,,,,,,,,,,,,,,,,good,population_not_loaded,area_not_loaded
290980,17,17,0,0,100.0,0,,,,,,,,,,,,,,,,,,,,,,good,population_not_loaded,area_not_loaded
290990,18,18,0,0,100.0,0,,,,,,,,,,,,,,,,,,,,,,good,population_not_loaded,area_not_loaded
291000,3,3,0,0,100.0,0,,,,,,,,,,,,,,,,,,,,,,good,population_not_loaded,area_not_loaded
291005,16,16,0,0,100.0,0,,,,,,,,,,,,,,,,,,,,,,good,population_not_loaded,area_not_loaded
291010,6,6,0,0,100.0,0,,,,,,,,,,,,,,,,,,,,,,good,population_not_loaded,area_not_loaded
291020,2,2,0,0,100.0,0,,,,,,,,,,,,,,,,,,,,,,good,population_not_loaded,area_not_loaded
291030,6,6,0,0,100.0,0,,,,,,,,,,,,,,,,,,,,,,good,population_not_loaded,area_not_loaded
291040,10,9,1,1,90.0,1,,,,,,,,,,,,,,,,,,,,,,monitor,population_not_loaded,area_not_loaded
291050,13,13,0,0,100.0,0,,,,,,,,,,,,,,,,,,,,,,good,population_not_loaded,area_not_loaded
291060,14,14,0,0,100.0,0,,,,,,,,,,,,,,,,,,,,,,good,population_not_loaded,area_not_loaded
291070,20,19,1,1,95.0,1,,,,,,,,,,,,,,,,,,,,,,monitor,population_not_loaded,area_not_loaded
291072,34,27,7,7,79.41176470588235,7,,,,,,,,,,,,,,,,,,,,,,high_attention,population_not_loaded,area_not_loaded
291075,10,10,0,0,100.0,0,,,,,,,,,,,,,,,,,,,,,,good,population_not_loaded,area_not_loaded
291077,3,3,0,0,100.0,0,,,,,,,,,,,,,,,,,,,,,,good,population_not_loaded,area_not_loaded
291080,123,118,5,5,95.9349593495935,5,,,,,,,,,,,,,,,,,,,,,,good,population_not_loaded,area_not_loaded
291085,9,9,0,0,100.0,0,,,,,,,,,,,,,,,,,,,,,,good,population_not_loaded,area_not_loaded
291090,3,3,0,0,100.0,0,,,,,,,,,,,,,,,,,,,,,,good,population_not_loaded,area_not_loaded
291100,5,5,0,0,100.0,0,,,,,,,,,,,,,,,,,,,,,,good,population_not_loaded,area_not_loaded
291110,12,12,0,0,100.0,0,,,,,,,,,,,,,,,,,,,,,,good,population_not_loaded,area_not_loaded
291120,13,13,0,0,100.0,0,,,,,,,,,,,,,,,,,,,,,,good,population_not_loaded,area_not_loaded
291125,3,3,0,0,100.0,0,,,,,,,,,,,,,,,,,,,,,,good,population_not_loaded,area_not_loaded
291130,5,5,0,0,100.0,0,,,,,,,,,,,,,,,,,,,,,,good,population_not_loaded,area_not_loaded
291140,7,6,1,1,85.71428571428571,1,,,,,,,,,,,,,,,,,,,,,,monitor,population_not_loaded,area_not_loaded
291150,6,6,0,0,100.0,0,,,,,,,,,,,,,,,,,,,,,,good,population_not_loaded,area_not_loaded
291160,9,9,0,0,100.0,0,,,,,,,,,,,,,,,,,,,,,,good,population_not_loaded,area_not_loaded
291165,7,7,0,0,100.0,0,,,,,,,,,,,,,,,,,,,,,,good,population_not_loaded,area_not_loaded
291170,27,27,0,0,100.0,0,,,,,,,,,,,,,,,,,,,,,,good,population_not_loaded,area_not_loaded
291180,9,8,1,1,88.88888888888889,1,,,,,,,,,,,,,,,,,,,,,,monitor,population_not_loaded,area_not_loaded
291185,6,6,0,0,100.0,0,,,,,,,,,,,,,,,,,,,,,,good,population_not_loaded,area_not_loaded
291190,13,13,0,0,100.0,0,,,,,,,,,,,,,,,,,,,,,,good,population_not_loaded,area_not_loaded
291200,4,4,0,0,100.0,0,,,,,,,,,,,,,,,,,,,,,,good,population_not_loaded,area_not_loaded
291210,11,11,0,0,100.0,0,,,,,,,,,,,,,,,,,,,,,,good,population_not_loaded,area_not_loaded
291220,10,10,0,0,100.0,0,,,,,,,,,,,,,,,,,,,,,,good,population_not_loaded,area_not_loaded
291230,8,8,0,0,100.0,0,,,,,,,,,,,,,,,,,,,,,,good,population_not_loaded,area_not_loaded
291240,9,9,0,0,100.0,0,,,,,,,,,,,,,,,,,,,,,,good,population_not_loaded,area_not_loaded
291250,14,14,0,0,100.0,0,,,,,,,,,,,,,,,,,,,,,,good,population_not_loaded,area_not_loaded
291260,2,2,0,0,100.0,0,,,,,,,,,,,,,,,,,,,,,,good,population_not_loaded,area_not_loaded
291270,8,8,0,0,100.0,0,,,,,,,,,,,,,,,,,,,,,,good,population_not_loaded,area_not_loaded
291280,6,6,0,0,100.0,0,,,,,,,,,,,,,,,,,,,,,,good,population_not_loaded,area_not_loaded
291290,8,8,0,0,100.0,0,,,,,,,,,,,,,,,,,,,,,,good,population_not_loaded,area_not_loaded
291300,7,7,0,0,100.0,0,,,,,,,,,,,,,,,,,,,,,,good,population_not_loaded,area_not_loaded
291310,9,8,1,1,88.88888888888889,1,,,,,,,,,,,,,,,,,,,,,,monitor,population_not_loaded,area_not_loaded
291320,10,9,1,1,90.0,1,,,,,,,,,,,,,,,,,,,,,,monitor,population_not_loaded,area_not_loaded
291330,3,3,0,0,100.0,0,,,,,,,,,,,,,,,,,,,,,,good,population_not_loaded,area_not_loaded
291340,8,8,0,0,100.0,0,,,,,,,,,,,,,,,,,,,,,,good,population_not_loaded,area_not_loaded
291345,8,8,0,0,100.0,0,,,,,,,,,,,,,,,,,,,,,,good,population_not_loaded,area_not_loaded
291350,8,8,0,0,100.0,0,,,,,,,,,,,,,,,,,,,,,,good,population_not_loaded,area_not_loaded
291360,34,34,0,0,100.0,0,,,,,,,,,,,,,,,,,,,,,,good,population_not_loaded,area_not_loaded
291370,14,14,0,0,100.0,0,,,,,,,,,,,,,,,,,,,,,,good,population_not_loaded,area_not_loaded
291380,6,6,0,0,100.0,0,,,,,,,,,,,,,,,,,,,,,,good,population_not_loaded,area_not_loaded
291390,15,14,1,1,93.33333333333333,1,,,,,,,,,,,,,,,,,,,,,,monitor,population_not_loaded,area_not_loaded
291400,14,14,0,0,100.0,0,,,,,,,,,,,,,,,,,,,,,,good,population_not_loaded,area_not_loaded
291410,5,5,0,0,100.0,0,,,,,,,,,,,,,,,,,,,,,,good,population_not_loaded,area_not_loaded
291420,4,4,0,0,100.0,0,,,,,,,,,,,,,,,,,,,,,,good,population_not_loaded,area_not_loaded
291430,5,5,0,0,100.0,0,,,,,,,,,,,,,,,,,,,,,,good,population_not_loaded,area_not_loaded
291440,10,10,0,0,100.0,0,,,,,,,,,,,,,,,,,,,,,,good,population_not_loaded,area_not_loaded
291450,13,12,1,1,92.3076923076923,1,,,,,,,,,,,,,,,,,,,,,,monitor,population_not_loaded,area_not_loaded
291460,24,24,0,0,100.0,0,,,,,,,,,,,,,,,,,,,,,,good,population_not_loaded,area_not_loaded
291465,14,14,0,0,100.0,0,,,,,,,,,,,,,,,,,,,,,,good,population_not_loaded,area_not_loaded
291470,22,22,0,0,100.0,0,,,,,,,,,,,,,,,,,,,,,,good,population_not_loaded,area_not_loaded
291480,37,37,0,0,100.0,0,,,,,,,,,,,,,,,,,,,,,,good,population_not_loaded,area_not_loaded
291490,14,14,0,0,100.0,0,,,,,,,,,,,,,,,,,,,,,,good,population_not_loaded,area_not_loaded
291500,7,7,0,0,100.0,0,,,,,,,,,,,,,,,,,,,,,,good,population_not_loaded,area_not_loaded
291510,6,6,0,0,100.0,0,,,,,,,,,,,,,,,,,,,,,,good,population_not_loaded,area_not_loaded
291520,8,7,1,1,87.5,1,,,,,,,,,,,,,,,,,,,,,,monitor,population_not_loaded,area_not_loaded
291530,3,3,0,0,100.0,0,,,,,,,,,,,,,,,,,,,,,,good,population_not_loaded,area_not_loaded
291535,9,9,0,0,100.0,0,,,,,,,,,,,,,,,,,,,,,,good,population_not_loaded,area_not_loaded
291540,4,4,0,0,100.0,0,,,,,,,,,,,,,,,,,,,,,,good,population_not_loaded,area_not_loaded
291550,7,7,0,0,100.0,0,,,,,,,,,,,,,,,,,,,,,,good,population_not_loaded,area_not_loaded
291560,25,25,0,0,100.0,0,,,,,,,,,,,,,,,,,,,,,,good,population_not_loaded,area_not_loaded
291570,5,5,0,0,100.0,0,,,,,,,,,,,,,,,,,,,,,,good,population_not_loaded,area_not_loaded
291580,8,8,0,0,100.0,0,,,,,,,,,,,,,,,,,,,,,,good,population_not_loaded,area_not_loaded
291590,3,3,0,0,100.0,0,,,,,,,,,,,,,,,,,,,,,,good,population_not_loaded,area_not_loaded
291600,8,8,0,0,100.0,0,,,,,,,,,,,,,,,,,,,,,,good,population_not_loaded,area_not_loaded
291610,10,9,1,1,90.0,1,,,,,,,,,,,,,,,,,,,,,,monitor,population_not_loaded,area_not_loaded
291620,7,7,0,0,100.0,0,,,,,,,,,,,,,,,,,,,,,,good,population_not_loaded,area_not_loaded
291630,5,5,0,0,100.0,0,,,,,,,,,,,,,,,,,,,,,,good,population_not_loaded,area_not_loaded
291640,22,22,0,0,100.0,0,,,,,,,,,,,,,,,,,,,,,,good,population_not_loaded,area_not_loaded
291650,14,14,0,0,100.0,0,,,,,,,,,,,,,,,,,,,,,,good,population_not_loaded,area_not_loaded
291660,4,4,0,0,100.0,0,,,,,,,,,,,,,,,,,,,,,,good,population_not_loaded,area_not_loaded
291670,4,4,0,0,100.0,0,,,,,,,,,,,,,,,,,,,,,,good,population_not_loaded,area_not_loaded
291680,8,8,0,0,100.0,0,,,,,,,,,,,,,,,,,,,,,,good,population_not_loaded,area_not_loaded
291685,7,7,0,0,100.0,0,,,,,,,,,,,,,,,,,,,,,,good,population_not_loaded,area_not_loaded
291690,7,7,0,0,100.0,0,,,,,,,,,,,,,,,,,,,,,,good,population_not_loaded,area_not_loaded
291700,16,15,1,1,93.75,1,,,,,,,,,,,,,,,,,,,,,,monitor,population_not_loaded,area_not_loaded
291710,8,8,0,0,100.0,0,,,,,,,,,,,,,,,,,,,,,,good,population_not_loaded,area_not_loaded
291720,11,11,0,0,100.0,0,,,,,,,,,,,,,,,,,,,,,,good,population_not_loaded,area_not_loaded
291730,13,13,0,0,100.0,0,,,,,,,,,,,,,,,,,,,,,,good,population_not_loaded,area_not_loaded
291733,4,4,0,0,100.0,0,,,,,,,,,,,,,,,,,,,,,,good,population_not_loaded,area_not_loaded
291735,5,5,0,0,100.0,0,,,,,,,,,,,,,,,,,,,,,,good,population_not_loaded,area_not_loaded
291740,7,7,0,0,100.0,0,,,,,,,,,,,,,,,,,,,,,,good,population_not_loaded,area_not_loaded
291750,22,22,0,0,100.0,0,,,,,,,,,,,,,,,,,,,,,,good,population_not_loaded,area_not_loaded
291760,18,18,0,0,100.0,0,,,,,,,,,,,,,,,,,,,,,,good,population_not_loaded,area_not_loaded
291770,18,15,3,3,83.33333333333334,3,,,,,,,,,,,,,,,,,,,,,,monitor,population_not_loaded,area_not_loaded
291780,9,9,0,0,100.0,0,,,,,,,,,,,,,,,,,,,,,,good,population_not_loaded,area_not_loaded
291790,5,5,0,0,100.0,0,,,,,,,,,,,,,,,,,,,,,,good,population_not_loaded,area_not_loaded
291800,34,34,0,0,100.0,0,,,,,,,,,,,,,,,,,,,,,,good,population_not_loaded,area_not_loaded
291810,15,15,0,0,100.0,0,,,,,,,,,,,,,,,,,,,,,,good,population_not_loaded,area_not_loaded
291820,8,8,0,0,100.0,0,,,,,,,,,,,,,,,,,,,,,,good,population_not_loaded,area_not_loaded
291835,8,8,0,0,100.0,0,,,,,,,,,,,,,,,,,,,,,,good,population_not_loaded,area_not_loaded
291840,58,57,1,1,98.27586206896551,1,,,,,,,,,,,,,,,,,,,,,,good,population_not_loaded,area_not_loaded
291845,5,5,0,0,100.0,0,,,,,,,,,,,,,,,,,,,,,,good,population_not_loaded,area_not_loaded
291850,6,6,0,0,100.0,0,,,,,,,,,,,,,,,,,,,,,,good,population_not_loaded,area_not_loaded
291855,3,3,0,0,100.0,0,,,,,,,,,,,,,,,,,,,,,,good,population_not_loaded,area_not_loaded
291860,4,4,0,0,100.0,0,,,,,,,,,,,,,,,,,,,,,,good,population_not_loaded,area_not_loaded
291870,2,2,0,0,100.0,0,,,,,,,,,,,,,,,,,,,,,,good,population_not_loaded,area_not_loaded
291875,7,7,0,0,100.0,0,,,,,,,,,,,,,,,,,,,,,,good,population_not_loaded,area_not_loaded
291880,9,9,0,0,100.0,0,,,,,,,,,,,,,,,,,,,,,,good,population_not_loaded,area_not_loaded
291890,5,5,0,0,100.0,0,,,,,,,,,,,,,,,,,,,,,,good,population_not_loaded,area_not_loaded
291900,1,1,0,0,100.0,0,,,,,,,,,,,,,,,,,,,,,,good,population_not_loaded,area_not_loaded
291905,4,4,0,0,100.0,0,,,,,,,,,,,,,,,,,,,,,,good,population_not_loaded,area_not_loaded
291910,1,1,0,0,100.0,0,,,,,,,,,,,,,,,,,,,,,,good,population_not_loaded,area_not_loaded
291915,13,13,0,0,100.0,0,,,,,,,,,,,,,,,,,,,,,,good,population_not_loaded,area_not_loaded
291920,20,18,2,2,90.0,2,,,,,,,,,,,,,,,,,,,,,,monitor,population_not_loaded,area_not_loaded
291930,5,5,0,0,100.0,0,,,,,,,,,,,,,,,,,,,,,,good,population_not_loaded,area_not_loaded
291940,8,8,0,0,100.0,0,,,,,,,,,,,,,,,,,,,,,,good,population_not_loaded,area_not_loaded
291950,14,14,0,0,100.0,0,,,,,,,,,,,,,,,,,,,,,,good,population_not_loaded,area_not_loaded
291955,34,26,8,8,76.47058823529412,8,,,,,,,,,,,,,,,,,,,,,,high_attention,population_not_loaded,area_not_loaded
291960,3,3,0,0,100.0,0,,,,,,,,,,,,,,,,,,,,,,good,population_not_loaded,area_not_loaded
291970,6,6,0,0,100.0,0,,,,,,,,,,,,,,,,,,,,,,good,population_not_loaded,area_not_loaded
291980,17,17,0,0,100.0,0,,,,,,,,,,,,,,,,,,,,,,good,population_not_loaded,area_not_loaded
291990,5,4,1,1,80.0,1,,,,,,,,,,,,,,,,,,,,,,high_attention,population_not_loaded,area_not_loaded
291992,6,6,0,0,100.0,0,,,,,,,,,,,,,,,,,,,,,,good,population_not_loaded,area_not_loaded
291995,6,6,0,0,100.0,0,,,,,,,,,,,,,,,,,,,,,,good,population_not_loaded,area_not_loaded
292000,4,4,0,0,100.0,0,,,,,,,,,,,,,,,,,,,,,,good,population_not_loaded,area_not_loaded
292010,8,8,0,0,100.0,0,,,,,,,,,,,,,,,,,,,,,,good,population_not_loaded,area_not_loaded
292020,6,6,0,0,100.0,0,,,,,,,,,,,,,,,,,,,,,,good,population_not_loaded,area_not_loaded
292030,6,6,0,0,100.0,0,,,,,,,,,,,,,,,,,,,,,,good,population_not_loaded,area_not_loaded
292040,5,5,0,0,100.0,0,,,,,,,,,,,,,,,,,,,,,,good,population_not_loaded,area_not_loaded
292045,8,8,0,0,100.0,0,,,,,,,,,,,,,,,,,,,,,,good,population_not_loaded,area_not_loaded
292050,7,7,0,0,100.0,0,,,,,,,,,,,,,,,,,,,,,,good,population_not_loaded,area_not_loaded
292060,15,14,1,1,93.33333333333333,1,,,,,,,,,,,,,,,,,,,,,,monitor,population_not_loaded,area_not_loaded
292070,11,11,0,0,100.0,0,,,,,,,,,,,,,,,,,,,,,,good,population_not_loaded,area_not_loaded
292080,6,6,0,0,100.0,0,,,,,,,,,,,,,,,,,,,,,,good,population_not_loaded,area_not_loaded
292090,8,8,0,0,100.0,0,,,,,,,,,,,,,,,,,,,,,,good,population_not_loaded,area_not_loaded
292100,19,19,0,0,100.0,0,,,,,,,,,,,,,,,,,,,,,,good,population_not_loaded,area_not_loaded
292105,5,5,0,0,100.0,0,,,,,,,,,,,,,,,,,,,,,,good,population_not_loaded,area_not_loaded
292110,11,11,0,0,100.0,0,,,,,,,,,,,,,,,,,,,,,,good,population_not_loaded,area_not_loaded
292120,12,12,0,0,100.0,0,,,,,,,,,,,,,,,,,,,,,,good,population_not_loaded,area_not_loaded
292130,5,4,1,1,80.0,1,,,,,,,,,,,,,,,,,,,,,,high_attention,population_not_loaded,area_not_loaded
292140,9,9,0,0,100.0,0,,,,,,,,,,,,,,,,,,,,,,good,population_not_loaded,area_not_loaded
292145,5,5,0,0,100.0,0,,,,,,,,,,,,,,,,,,,,,,good,population_not_loaded,area_not_loaded
292150,18,18,0,0,100.0,0,,,,,,,,,,,,,,,,,,,,,,good,population_not_loaded,area_not_loaded
292160,3,3,0,0,100.0,0,,,,,,,,,,,,,,,,,,,,,,good,population_not_loaded,area_not_loaded
292170,24,23,1,1,95.83333333333334,1,,,,,,,,,,,,,,,,,,,,,,good,population_not_loaded,area_not_loaded
292180,7,6,1,1,85.71428571428571,1,,,,,,,,,,,,,,,,,,,,,,monitor,population_not_loaded,area_not_loaded
292190,6,6,0,0,100.0,0,,,,,,,,,,,,,,,,,,,,,,good,population_not_loaded,area_not_loaded
292200,15,15,0,0,100.0,0,,,,,,,,,,,,,,,,,,,,,,good,population_not_loaded,area_not_loaded
292205,6,6,0,0,100.0,0,,,,,,,,,,,,,,,,,,,,,,good,population_not_loaded,area_not_loaded
292210,6,6,0,0,100.0,0,,,,,,,,,,,,,,,,,,,,,,good,population_not_loaded,area_not_loaded
292220,4,4,0,0,100.0,0,,,,,,,,,,,,,,,,,,,,,,good,population_not_loaded,area_not_loaded
292225,5,5,0,0,100.0,0,,,,,,,,,,,,,,,,,,,,,,good,population_not_loaded,area_not_loaded
292230,10,10,0,0,100.0,0,,,,,,,,,,,,,,,,,,,,,,good,population_not_loaded,area_not_loaded
292240,10,10,0,0,100.0,0,,,,,,,,,,,,,,,,,,,,,,good,population_not_loaded,area_not_loaded
292250,12,12,0,0,100.0,0,,,,,,,,,,,,,,,,,,,,,,good,population_not_loaded,area_not_loaded
292260,9,9,0,0,100.0,0,,,,,,,,,,,,,,,,,,,,,,good,population_not_loaded,area_not_loaded
292265,9,9,0,0,100.0,0,,,,,,,,,,,,,,,,,,,,,,good,population_not_loaded,area_not_loaded
292270,10,9,1,1,90.0,1,,,,,,,,,,,,,,,,,,,,,,monitor,population_not_loaded,area_not_loaded
292273,4,4,0,0,100.0,0,,,,,,,,,,,,,,,,,,,,,,good,population_not_loaded,area_not_loaded
292275,3,3,0,0,100.0,0,,,,,,,,,,,,,,,,,,,,,,good,population_not_loaded,area_not_loaded
292280,7,7,0,0,100.0,0,,,,,,,,,,,,,,,,,,,,,,good,population_not_loaded,area_not_loaded
292285,5,5,0,0,100.0,0,,,,,,,,,,,,,,,,,,,,,,good,population_not_loaded,area_not_loaded
292290,10,10,0,0,100.0,0,,,,,,,,,,,,,,,,,,,,,,good,population_not_loaded,area_not_loaded
292300,12,12,0,0,100.0,0,,,,,,,,,,,,,,,,,,,,,,good,population_not_loaded,area_not_loaded
292303,7,6,1,1,85.71428571428571,1,,,,,,,,,,,,,,,,,,,,,,monitor,population_not_loaded,area_not_loaded
292305,1,1,0,0,100.0,0,,,,,,,,,,,,,,,,,,,,,,good,population_not_loaded,area_not_loaded
292310,8,8,0,0,100.0,0,,,,,,,,,,,,,,,,,,,,,,good,population_not_loaded,area_not_loaded
292320,13,13,0,0,100.0,0,,,,,,,,,,,,,,,,,,,,,,good,population_not_loaded,area_not_loaded
292330,6,6,0,0,100.0,0,,,,,,,,,,,,,,,,,,,,,,good,population_not_loaded,area_not_loaded
292335,8,8,0,0,100.0,0,,,,,,,,,,,,,,,,,,,,,,good,population_not_loaded,area_not_loaded
292340,9,9,0,0,100.0,0,,,,,,,,,,,,,,,,,,,,,,good,population_not_loaded,area_not_loaded
292350,5,5,0,0,100.0,0,,,,,,,,,,,,,,,,,,,,,,good,population_not_loaded,area_not_loaded
292360,14,14,0,0,100.0,0,,,,,,,,,,,,,,,,,,,,,,good,population_not_loaded,area_not_loaded
292370,8,8,0,0,100.0,0,,,,,,,,,,,,,,,,,,,,,,good,population_not_loaded,area_not_loaded
292380,12,11,1,1,91.66666666666666,1,,,,,,,,,,,,,,,,,,,,,,monitor,population_not_loaded,area_not_loaded
292390,2,2,0,0,100.0,0,,,,,,,,,,,,,,,,,,,,,,good,population_not_loaded,area_not_loaded
292400,29,29,0,0,100.0,0,,,,,,,,,,,,,,,,,,,,,,good,population_not_loaded,area_not_loaded
292405,7,7,0,0,100.0,0,,,,,,,,,,,,,,,,,,,,,,good,population_not_loaded,area_not_loaded
292410,3,3,0,0,100.0,0,,,,,,,,,,,,,,,,,,,,,,good,population_not_loaded,area_not_loaded
292420,8,8,0,0,100.0,0,,,,,,,,,,,,,,,,,,,,,,good,population_not_loaded,area_not_loaded
292440,2,2,0,0,100.0,0,,,,,,,,,,,,,,,,,,,,,,good,population_not_loaded,area_not_loaded
292450,9,9,0,0,100.0,0,,,,,,,,,,,,,,,,,,,,,,good,population_not_loaded,area_not_loaded
292460,13,13,0,0,100.0,0,,,,,,,,,,,,,,,,,,,,,,good,population_not_loaded,area_not_loaded
292465,7,6,1,1,85.71428571428571,1,,,,,,,,,,,,,,,,,,,,,,monitor,population_not_loaded,area_not_loaded
292467,6,6,0,0,100.0,0,,,,,,,,,,,,,,,,,,,,,,good,population_not_loaded,area_not_loaded
292470,7,7,0,0,100.0,0,,,,,,,,,,,,,,,,,,,,,,good,population_not_loaded,area_not_loaded
292480,7,7,0,0,100.0,0,,,,,,,,,,,,,,,,,,,,,,good,population_not_loaded,area_not_loaded
292490,5,5,0,0,100.0,0,,,,,,,,,,,,,,,,,,,,,,good,population_not_loaded,area_not_loaded
292500,10,10,0,0,100.0,0,,,,,,,,,,,,,,,,,,,,,,good,population_not_loaded,area_not_loaded
292510,14,14,0,0,100.0,0,,,,,,,,,,,,,,,,,,,,,,good,population_not_loaded,area_not_loaded
292520,15,14,1,1,93.33333333333333,1,,,,,,,,,,,,,,,,,,,,,,monitor,population_not_loaded,area_not_loaded
292525,14,10,4,4,71.42857142857143,4,,,,,,,,,,,,,,,,,,,,,,high_attention,population_not_loaded,area_not_loaded
292530,49,47,2,2,95.91836734693877,2,,,,,,,,,,,,,,,,,,,,,,good,population_not_loaded,area_not_loaded
292540,6,6,0,0,100.0,0,,,,,,,,,,,,,,,,,,,,,,good,population_not_loaded,area_not_loaded
292550,11,11,0,0,100.0,0,,,,,,,,,,,,,,,,,,,,,,good,population_not_loaded,area_not_loaded
292560,8,8,0,0,100.0,0,,,,,,,,,,,,,,,,,,,,,,good,population_not_loaded,area_not_loaded
292570,8,8,0,0,100.0,0,,,,,,,,,,,,,,,,,,,,,,good,population_not_loaded,area_not_loaded
292575,10,10,0,0,100.0,0,,,,,,,,,,,,,,,,,,,,,,good,population_not_loaded,area_not_loaded
292580,8,8,0,0,100.0,0,,,,,,,,,,,,,,,,,,,,,,good,population_not_loaded,area_not_loaded
292590,13,13,0,0,100.0,0,,,,,,,,,,,,,,,,,,,,,,good,population_not_loaded,area_not_loaded
292593,5,5,0,0,100.0,0,,,,,,,,,,,,,,,,,,,,,,good,population_not_loaded,area_not_loaded
292595,10,10,0,0,100.0,0,,,,,,,,,,,,,,,,,,,,,,good,population_not_loaded,area_not_loaded
292600,14,14,0,0,100.0,0,,,,,,,,,,,,,,,,,,,,,,good,population_not_loaded,area_not_loaded
292610,9,9,0,0,100.0,0,,,,,,,,,,,,,,,,,,,,,,good,population_not_loaded,area_not_loaded
292620,8,8,0,0,100.0,0,,,,,,,,,,,,,,,,,,,,,,good,population_not_loaded,area_not_loaded
292630,14,14,0,0,100.0,0,,,,,,,,,,,,,,,,,,,,,,good,population_not_loaded,area_not_loaded
292640,14,14,0,0,100.0,0,,,,,,,,,,,,,,,,,,,,,,good,population_not_loaded,area_not_loaded
292650,8,8,0,0,100.0,0,,,,,,,,,,,,,,,,,,,,,,good,population_not_loaded,area_not_loaded
292660,31,29,2,2,93.54838709677419,2,,,,,,,,,,,,,,,,,,,,,,monitor,population_not_loaded,area_not_loaded
292665,6,5,1,1,83.33333333333334,1,,,,,,,,,,,,,,,,,,,,,,monitor,population_not_loaded,area_not_loaded
292670,9,8,1,1,88.88888888888889,1,,,,,,,,,,,,,,,,,,,,,,monitor,population_not_loaded,area_not_loaded
292680,9,9,0,0,100.0,0,,,,,,,,,,,,,,,,,,,,,,good,population_not_loaded,area_not_loaded
292690,6,6,0,0,100.0,0,,,,,,,,,,,,,,,,,,,,,,good,population_not_loaded,area_not_loaded
292700,14,14,0,0,100.0,0,,,,,,,,,,,,,,,,,,,,,,good,population_not_loaded,area_not_loaded
292710,7,7,0,0,100.0,0,,,,,,,,,,,,,,,,,,,,,,good,population_not_loaded,area_not_loaded
292720,12,12,0,0,100.0,0,,,,,,,,,,,,,,,,,,,,,,good,population_not_loaded,area_not_loaded
292730,6,6,0,0,100.0,0,,,,,,,,,,,,,,,,,,,,,,good,population_not_loaded,area_not_loaded
292740,178,176,2,2,98.87640449438202,2,,,,,,,,,,,,,,,,,,,,,,good,population_not_loaded,area_not_loaded
292750,9,9,0,0,100.0,0,,,,,,,,,,,,,,,,,,,,,,good,population_not_loaded,area_not_loaded
292760,9,8,1,1,88.88888888888889,1,,,,,,,,,,,,,,,,,,,,,,monitor,population_not_loaded,area_not_loaded
292770,15,15,0,0,100.0,0,,,,,,,,,,,,,,,,,,,,,,good,population_not_loaded,area_not_loaded
292780,3,3,0,0,100.0,0,,,,,,,,,,,,,,,,,,,,,,good,population_not_loaded,area_not_loaded
292790,6,6,0,0,100.0,0,,,,,,,,,,,,,,,,,,,,,,good,population_not_loaded,area_not_loaded
292800,13,13,0,0,100.0,0,,,,,,,,,,,,,,,,,,,,,,good,population_not_loaded,area_not_loaded
292805,5,5,0,0,100.0,0,,,,,,,,,,,,,,,,,,,,,,good,population_not_loaded,area_not_loaded
292810,15,15,0,0,100.0,0,,,,,,,,,,,,,,,,,,,,,,good,population_not_loaded,area_not_loaded
292820,9,9,0,0,100.0,0,,,,,,,,,,,,,,,,,,,,,,good,population_not_loaded,area_not_loaded
292830,4,4,0,0,100.0,0,,,,,,,,,,,,,,,,,,,,,,good,population_not_loaded,area_not_loaded
292840,10,10,0,0,100.0,0,,,,,,,,,,,,,,,,,,,,,,good,population_not_loaded,area_not_loaded
292850,6,6,0,0,100.0,0,,,,,,,,,,,,,,,,,,,,,,good,population_not_loaded,area_not_loaded
292860,19,17,2,2,89.47368421052632,2,,,,,,,,,,,,,,,,,,,,,,monitor,population_not_loaded,area_not_loaded
292870,30,28,2,2,93.33333333333333,2,,,,,,,,,,,,,,,,,,,,,,monitor,population_not_loaded,area_not_loaded
292880,14,14,0,0,100.0,0,,,,,,,,,,,,,,,,,,,,,,good,population_not_loaded,area_not_loaded
292890,18,18,0,0,100.0,0,,,,,,,,,,,,,,,,,,,,,,good,population_not_loaded,area_not_loaded
292895,8,8,0,0,100.0,0,,,,,,,,,,,,,,,,,,,,,,good,population_not_loaded,area_not_loaded
292900,6,6,0,0,100.0,0,,,,,,,,,,,,,,,,,,,,,,good,population_not_loaded,area_not_loaded
292905,8,8,0,0,100.0,0,,,,,,,,,,,,,,,,,,,,,,good,population_not_loaded,area_not_loaded
292910,6,6,0,0,100.0,0,,,,,,,,,,,,,,,,,,,,,,good,population_not_loaded,area_not_loaded
292920,17,17,0,0,100.0,0,,,,,,,,,,,,,,,,,,,,,,good,population_not_loaded,area_not_loaded
292925,11,11,0,0,100.0,0,,,,,,,,,,,,,,,,,,,,,,good,population_not_loaded,area_not_loaded
292930,12,12,0,0,100.0,0,,,,,,,,,,,,,,,,,,,,,,good,population_not_loaded,area_not_loaded
292935,3,3,0,0,100.0,0,,,,,,,,,,,,,,,,,,,,,,good,population_not_loaded,area_not_loaded
292937,7,7,0,0,100.0,0,,,,,,,,,,,,,,,,,,,,,,good,population_not_loaded,area_not_loaded
292940,7,6,1,1,85.71428571428571,1,,,,,,,,,,,,,,,,,,,,,,monitor,population_not_loaded,area_not_loaded
292950,17,16,1,1,94.11764705882352,1,,,,,,,,,,,,,,,,,,,,,,monitor,population_not_loaded,area_not_loaded
292960,8,8,0,0,100.0,0,,,,,,,,,,,,,,,,,,,,,,good,population_not_loaded,area_not_loaded
292970,6,6,0,0,100.0,0,,,,,,,,,,,,,,,,,,,,,,good,population_not_loaded,area_not_loaded
292975,6,6,0,0,100.0,0,,,,,,,,,,,,,,,,,,,,,,good,population_not_loaded,area_not_loaded
292980,5,5,0,0,100.0,0,,,,,,,,,,,,,,,,,,,,,,good,population_not_loaded,area_not_loaded
292990,11,11,0,0,100.0,0,,,,,,,,,,,,,,,,,,,,,,good,population_not_loaded,area_not_loaded
293000,5,5,0,0,100.0,0,,,,,,,,,,,,,,,,,,,,,,good,population_not_loaded,area_not_loaded
293010,19,19,0,0,100.0,0,,,,,,,,,,,,,,,,,,,,,,good,population_not_loaded,area_not_loaded
293015,1,1,0,0,100.0,0,,,,,,,,,,,,,,,,,,,,,,good,population_not_loaded,area_not_loaded
293020,8,8,0,0,100.0,0,,,,,,,,,,,,,,,,,,,,,,good,population_not_loaded,area_not_loaded
293030,8,8,0,0,100.0,0,,,,,,,,,,,,,,,,,,,,,,good,population_not_loaded,area_not_loaded
293040,9,9,0,0,100.0,0,,,,,,,,,,,,,,,,,,,,,,good,population_not_loaded,area_not_loaded
293050,26,25,1,1,96.15384615384616,1,,,,,,,,,,,,,,,,,,,,,,good,population_not_loaded,area_not_loaded
293060,5,5,0,0,100.0,0,,,,,,,,,,,,,,,,,,,,,,good,population_not_loaded,area_not_loaded
293070,19,19,0,0,100.0,0,,,,,,,,,,,,,,,,,,,,,,good,population_not_loaded,area_not_loaded
293075,7,7,0,0,100.0,0,,,,,,,,,,,,,,,,,,,,,,good,population_not_loaded,area_not_loaded
293076,6,6,0,0,100.0,0,,,,,,,,,,,,,,,,,,,,,,good,population_not_loaded,area_not_loaded
293077,10,10,0,0,100.0,0,,,,,,,,,,,,,,,,,,,,,,good,population_not_loaded,area_not_loaded
293080,10,10,0,0,100.0,0,,,,,,,,,,,,,,,,,,,,,,good,population_not_loaded,area_not_loaded
293090,1,1,0,0,100.0,0,,,,,,,,,,,,,,,,,,,,,,good,population_not_loaded,area_not_loaded
293100,10,10,0,0,100.0,0,,,,,,,,,,,,,,,,,,,,,,good,population_not_loaded,area_not_loaded
293105,11,11,0,0,100.0,0,,,,,,,,,,,,,,,,,,,,,,good,population_not_loaded,area_not_loaded
293110,6,6,0,0,100.0,0,,,,,,,,,,,,,,,,,,,,,,good,population_not_loaded,area_not_loaded
293120,12,11,1,1,91.66666666666666,1,,,,,,,,,,,,,,,,,,,,,,monitor,population_not_loaded,area_not_loaded
293130,5,5,0,0,100.0,0,,,,,,,,,,,,,,,,,,,,,,good,population_not_loaded,area_not_loaded
293135,45,44,1,1,97.77777777777777,1,,,,,,,,,,,,,,,,,,,,,,good,population_not_loaded,area_not_loaded
293140,5,5,0,0,100.0,0,,,,,,,,,,,,,,,,,,,,,,good,population_not_loaded,area_not_loaded
293150,12,12,0,0,100.0,0,,,,,,,,,,,,,,,,,,,,,,good,population_not_loaded,area_not_loaded
293160,7,7,0,0,100.0,0,,,,,,,,,,,,,,,,,,,,,,good,population_not_loaded,area_not_loaded
293170,5,5,0,0,100.0,0,,,,,,,,,,,,,,,,,,,,,,good,population_not_loaded,area_not_loaded
293180,11,11,0,0,100.0,0,,,,,,,,,,,,,,,,,,,,,,good,population_not_loaded,area_not_loaded
293190,22,21,1,1,95.45454545454545,1,,,,,,,,,,,,,,,,,,,,,,good,population_not_loaded,area_not_loaded
293200,3,3,0,0,100.0,0,,,,,,,,,,,,,,,,,,,,,,good,population_not_loaded,area_not_loaded
293210,7,7,0,0,100.0,0,,,,,,,,,,,,,,,,,,,,,,good,population_not_loaded,area_not_loaded
293220,9,9,0,0,100.0,0,,,,,,,,,,,,,,,,,,,,,,good,population_not_loaded,area_not_loaded
293230,8,8,0,0,100.0,0,,,,,,,,,,,,,,,,,,,,,,good,population_not_loaded,area_not_loaded
293240,5,5,0,0,100.0,0,,,,,,,,,,,,,,,,,,,,,,good,population_not_loaded,area_not_loaded
293245,11,10,1,1,90.9090909090909,1,,,,,,,,,,,,,,,,,,,,,,monitor,population_not_loaded,area_not_loaded
293250,10,10,0,0,100.0,0,,,,,,,,,,,,,,,,,,,,,,good,population_not_loaded,area_not_loaded
293260,6,6,0,0,100.0,0,,,,,,,,,,,,,,,,,,,,,,good,population_not_loaded,area_not_loaded
293270,9,9,0,0,100.0,0,,,,,,,,,,,,,,,,,,,,,,good,population_not_loaded,area_not_loaded
293280,5,5,0,0,100.0,0,,,,,,,,,,,,,,,,,,,,,,good,population_not_loaded,area_not_loaded
293290,32,32,0,0,100.0,0,,,,,,,,,,,,,,,,,,,,,,good,population_not_loaded,area_not_loaded
293300,14,14,0,0,100.0,0,,,,,,,,,,,,,,,,,,,,,,good,population_not_loaded,area_not_loaded
293305,6,6,0,0,100.0,0,,,,,,,,,,,,,,,,,,,,,,good,population_not_loaded,area_not_loaded
293310,4,3,1,1,75.0,1,,,,,,,,,,,,,,,,,,,,,,high_attention,population_not_loaded,area_not_loaded
293315,8,8,0,0,100.0,0,,,,,,,,,,,,,,,,,,,,,,good,population_not_loaded,area_not_loaded
293317,5,5,0,0,100.0,0,,,,,,,,,,,,,,,,,,,,,,good,population_not_loaded,area_not_loaded
293320,14,14,0,0,100.0,0,,,,,,,,,,,,,,,,,,,,,,good,population_not_loaded,area_not_loaded
293325,3,3,0,0,100.0,0,,,,,,,,,,,,,,,,,,,,,,good,population_not_loaded,area_not_loaded
293330,51,51,0,0,100.0,0,,,,,,,,,,,,,,,,,,,,,,good,population_not_loaded,area_not_loaded
293340,4,4,0,0,100.0,0,,,,,,,,,,,,,,,,,,,,,,good,population_not_loaded,area_not_loaded
293345,1,1,0,0,100.0,0,,,,,,,,,,,,,,,,,,,,,,good,population_not_loaded,area_not_loaded
293350,9,8,1,1,88.88888888888889,1,,,,,,,,,,,,,,,,,,,,,,monitor,population_not_loaded,area_not_loaded
293360,12,12,0,0,100.0,0,,,,,,,,,,,,,,,,,,,,,,good,population_not_loaded,area_not_loaded
310010,2,2,0,0,100.0,0,,,,,,,,,,,,,,,,,,,,,,good,population_not_loaded,area_not_loaded
310020,7,6,1,1,85.71428571428571,1,,,,,,,,,,,,,,,,,,,,,,monitor,population_not_loaded,area_not_loaded
310030,2,2,0,0,100.0,0,,,,,,,,,,,,,,,,,,,,,,good,population_not_loaded,area_not_loaded
310040,4,4,0,0,100.0,0,,,,,,,,,,,,,,,,,,,,,,good,population_not_loaded,area_not_loaded
310050,5,4,1,1,80.0,1,,,,,,,,,,,,,,,,,,,,,,high_attention,population_not_loaded,area_not_loaded
310060,4,4,0,0,100.0,0,,,,,,,,,,,,,,,,,,,,,,good,population_not_loaded,area_not_loaded
310070,2,2,0,0,100.0,0,,,,,,,,,,,,,,,,,,,,,,good,population_not_loaded,area_not_loaded
310080,5,5,0,0,100.0,0,,,,,,,,,,,,,,,,,,,,,,good,population_not_loaded,area_not_loaded
310090,9,9,0,0,100.0,0,,,,,,,,,,,,,,,,,,,,,,good,population_not_loaded,area_not_loaded
310100,7,7,0,0,100.0,0,,,,,,,,,,,,,,,,,,,,,,good,population_not_loaded,area_not_loaded
310110,9,9,0,0,100.0,0,,,,,,,,,,,,,,,,,,,,,,good,population_not_loaded,area_not_loaded
310120,4,4,0,0,100.0,0,,,,,,,,,,,,,,,,,,,,,,good,population_not_loaded,area_not_loaded
310130,2,1,1,1,50.0,1,,,,,,,,,,,,,,,,,,,,,,high_attention,population_not_loaded,area_not_loaded
310140,1,1,0,0,100.0,0,,,,,,,,,,,,,,,,,,,,,,good,population_not_loaded,area_not_loaded
310150,13,12,1,1,92.3076923076923,1,,,,,,,,,,,,,,,,,,,,,,monitor,population_not_loaded,area_not_loaded
310160,29,28,1,1,96.55172413793103,1,,,,,,,,,,,,,,,,,,,,,,good,population_not_loaded,area_not_loaded
310163,2,2,0,0,100.0,0,,,,,,,,,,,,,,,,,,,,,,good,population_not_loaded,area_not_loaded
310170,11,11,0,0,100.0,0,,,,,,,,,,,,,,,,,,,,,,good,population_not_loaded,area_not_loaded
310180,3,3,0,0,100.0,0,,,,,,,,,,,,,,,,,,,,,,good,population_not_loaded,area_not_loaded
310190,8,6,2,2,75.0,2,,,,,,,,,,,,,,,,,,,,,,high_attention,population_not_loaded,area_not_loaded
310200,5,5,0,0,100.0,0,,,,,,,,,,,,,,,,,,,,,,good,population_not_loaded,area_not_loaded
310205,3,3,0,0,100.0,0,,,,,,,,,,,,,,,,,,,,,,good,population_not_loaded,area_not_loaded
310210,2,2,0,0,100.0,0,,,,,,,,,,,,,,,,,,,,,,good,population_not_loaded,area_not_loaded
310220,2,2,0,0,100.0,0,,,,,,,,,,,,,,,,,,,,,,good,population_not_loaded,area_not_loaded
310230,6,6,0,0,100.0,0,,,,,,,,,,,,,,,,,,,,,,good,population_not_loaded,area_not_loaded
310240,3,3,0,0,100.0,0,,,,,,,,,,,,,,,,,,,,,,good,population_not_loaded,area_not_loaded
310250,3,3,0,0,100.0,0,,,,,,,,,,,,,,,,,,,,,,good,population_not_loaded,area_not_loaded
310260,11,11,0,0,100.0,0,,,,,,,,,,,,,,,,,,,,,,good,population_not_loaded,area_not_loaded
310270,6,6,0,0,100.0,0,,,,,,,,,,,,,,,,,,,,,,good,population_not_loaded,area_not_loaded
310280,4,4,0,0,100.0,0,,,,,,,,,,,,,,,,,,,,,,good,population_not_loaded,area_not_loaded
310285,5,5,0,0,100.0,0,,,,,,,,,,,,,,,,,,,,,,good,population_not_loaded,area_not_loaded
310290,4,4,0,0,100.0,0,,,,,,,,,,,,,,,,,,,,,,good,population_not_loaded,area_not_loaded
310300,7,7,0,0,100.0,0,,,,,,,,,,,,,,,,,,,,,,good,population_not_loaded,area_not_loaded
310310,1,1,0,0,100.0,0,,,,,,,,,,,,,,,,,,,,,,good,population_not_loaded,area_not_loaded
310320,2,2,0,0,100.0,0,,,,,,,,,,,,,,,,,,,,,,good,population_not_loaded,area_not_loaded
310330,1,1,0,0,100.0,0,,,,,,,,,,,,,,,,,,,,,,good,population_not_loaded,area_not_loaded
310340,14,14,0,0,100.0,0,,,,,,,,,,,,,,,,,,,,,,good,population_not_loaded,area_not_loaded
310350,31,31,0,0,100.0,0,,,,,,,,,,,,,,,,,,,,,,good,population_not_loaded,area_not_loaded
310360,1,1,0,0,100.0,0,,,,,,,,,,,,,,,,,,,,,,good,population_not_loaded,area_not_loaded
310370,5,5,0,0,100.0,0,,,,,,,,,,,,,,,,,,,,,,good,population_not_loaded,area_not_loaded
310375,3,3,0,0,100.0,0,,,,,,,,,,,,,,,,,,,,,,good,population_not_loaded,area_not_loaded
310380,2,2,0,0,100.0,0,,,,,,,,,,,,,,,,,,,,,,good,population_not_loaded,area_not_loaded
310390,6,6,0,0,100.0,0,,,,,,,,,,,,,,,,,,,,,,good,population_not_loaded,area_not_loaded
310400,26,22,4,4,84.61538461538461,4,,,,,,,,,,,,,,,,,,,,,,monitor,population_not_loaded,area_not_loaded
310410,5,5,0,0,100.0,0,,,,,,,,,,,,,,,,,,,,,,good,population_not_loaded,area_not_loaded
310420,15,15,0,0,100.0,0,,,,,,,,,,,,,,,,,,,,,,good,population_not_loaded,area_not_loaded
310430,5,5,0,0,100.0,0,,,,,,,,,,,,,,,,,,,,,,good,population_not_loaded,area_not_loaded
310440,3,3,0,0,100.0,0,,,,,,,,,,,,,,,,,,,,,,good,population_not_loaded,area_not_loaded
310445,2,2,0,0,100.0,0,,,,,,,,,,,,,,,,,,,,,,good,population_not_loaded,area_not_loaded
310450,11,9,2,2,81.81818181818183,2,,,,,,,,,,,,,,,,,,,,,,monitor,population_not_loaded,area_not_loaded
310460,9,9,0,0,100.0,0,,,,,,,,,,,,,,,,,,,,,,good,population_not_loaded,area_not_loaded
310470,7,7,0,0,100.0,0,,,,,,,,,,,,,,,,,,,,,,good,population_not_loaded,area_not_loaded
310480,1,1,0,0,100.0,0,,,,,,,,,,,,,,,,,,,,,,good,population_not_loaded,area_not_loaded
310490,9,9,0,0,100.0,0,,,,,,,,,,,,,,,,,,,,,,good,population_not_loaded,area_not_loaded
310500,2,2,0,0,100.0,0,,,,,,,,,,,,,,,,,,,,,,good,population_not_loaded,area_not_loaded
310510,8,8,0,0,100.0,0,,,,,,,,,,,,,,,,,,,,,,good,population_not_loaded,area_not_loaded
310520,2,2,0,0,100.0,0,,,,,,,,,,,,,,,,,,,,,,good,population_not_loaded,area_not_loaded
310530,3,3,0,0,100.0,0,,,,,,,,,,,,,,,,,,,,,,good,population_not_loaded,area_not_loaded
310540,11,10,1,1,90.9090909090909,1,,,,,,,,,,,,,,,,,,,,,,monitor,population_not_loaded,area_not_loaded
310550,4,4,0,0,100.0,0,,,,,,,,,,,,,,,,,,,,,,good,population_not_loaded,area_not_loaded
310560,24,24,0,0,100.0,0,,,,,,,,,,,,,,,,,,,,,,good,population_not_loaded,area_not_loaded
310570,4,4,0,0,100.0,0,,,,,,,,,,,,,,,,,,,,,,good,population_not_loaded,area_not_loaded
310590,7,7,0,0,100.0,0,,,,,,,,,,,,,,,,,,,,,,good,population_not_loaded,area_not_loaded
310600,5,5,0,0,100.0,0,,,,,,,,,,,,,,,,,,,,,,good,population_not_loaded,area_not_loaded
310610,1,1,0,0,100.0,0,,,,,,,,,,,,,,,,,,,,,,good,population_not_loaded,area_not_loaded
310620,170,170,0,0,100.0,0,,,,,,,,,,,,,,,,,,,,,,good,population_not_loaded,area_not_loaded
310630,13,11,2,2,84.61538461538461,2,,,,,,,,,,,,,,,,,,,,,,monitor,population_not_loaded,area_not_loaded
310640,5,5,0,0,100.0,0,,,,,,,,,,,,,,,,,,,,,,good,population_not_loaded,area_not_loaded
310650,6,5,1,1,83.33333333333334,1,,,,,,,,,,,,,,,,,,,,,,monitor,population_not_loaded,area_not_loaded
310660,2,2,0,0,100.0,0,,,,,,,,,,,,,,,,,,,,,,good,population_not_loaded,area_not_loaded
310665,3,3,0,0,100.0,0,,,,,,,,,,,,,,,,,,,,,,good,population_not_loaded,area_not_loaded
310670,43,42,1,1,97.67441860465115,1,,,,,,,,,,,,,,,,,,,,,,good,population_not_loaded,area_not_loaded
310680,4,2,2,2,50.0,2,,,,,,,,,,,,,,,,,,,,,,high_attention,population_not_loaded,area_not_loaded
310700,2,2,0,0,100.0,0,,,,,,,,,,,,,,,,,,,,,,good,population_not_loaded,area_not_loaded
310710,17,17,0,0,100.0,0,,,,,,,,,,,,,,,,,,,,,,good,population_not_loaded,area_not_loaded
310720,2,2,0,0,100.0,0,,,,,,,,,,,,,,,,,,,,,,good,population_not_loaded,area_not_loaded
310730,14,13,1,1,92.85714285714286,1,,,,,,,,,,,,,,,,,,,,,,monitor,population_not_loaded,area_not_loaded
310740,18,18,0,0,100.0,0,,,,,,,,,,,,,,,,,,,,,,good,population_not_loaded,area_not_loaded
310750,2,2,0,0,100.0,0,,,,,,,,,,,,,,,,,,,,,,good,population_not_loaded,area_not_loaded
310760,3,3,0,0,100.0,0,,,,,,,,,,,,,,,,,,,,,,good,population_not_loaded,area_not_loaded
310770,2,2,0,0,100.0,0,,,,,,,,,,,,,,,,,,,,,,good,population_not_loaded,area_not_loaded
310780,2,2,0,0,100.0,0,,,,,,,,,,,,,,,,,,,,,,good,population_not_loaded,area_not_loaded
310790,4,4,0,0,100.0,0,,,,,,,,,,,,,,,,,,,,,,good,population_not_loaded,area_not_loaded
310800,8,8,0,0,100.0,0,,,,,,,,,,,,,,,,,,,,,,good,population_not_loaded,area_not_loaded
310810,1,1,0,0,100.0,0,,,,,,,,,,,,,,,,,,,,,,good,population_not_loaded,area_not_loaded
310820,3,3,0,0,100.0,0,,,,,,,,,,,,,,,,,,,,,,good,population_not_loaded,area_not_loaded
310825,12,12,0,0,100.0,0,,,,,,,,,,,,,,,,,,,,,,good,population_not_loaded,area_not_loaded
310830,2,2,0,0,100.0,0,,,,,,,,,,,,,,,,,,,,,,good,population_not_loaded,area_not_loaded
310840,9,8,1,1,88.88888888888889,1,,,,,,,,,,,,,,,,,,,,,,monitor,population_not_loaded,area_not_loaded
310850,4,4,0,0,100.0,0,,,,,,,,,,,,,,,,,,,,,,good,population_not_loaded,area_not_loaded
310855,8,8,0,0,100.0,0,,,,,,,,,,,,,,,,,,,,,,good,population_not_loaded,area_not_loaded
310860,16,16,0,0,100.0,0,,,,,,,,,,,,,,,,,,,,,,good,population_not_loaded,area_not_loaded
310870,3,3,0,0,100.0,0,,,,,,,,,,,,,,,,,,,,,,good,population_not_loaded,area_not_loaded
310880,3,3,0,0,100.0,0,,,,,,,,,,,,,,,,,,,,,,good,population_not_loaded,area_not_loaded
310890,6,6,0,0,100.0,0,,,,,,,,,,,,,,,,,,,,,,good,population_not_loaded,area_not_loaded
310900,19,18,1,1,94.73684210526315,1,,,,,,,,,,,,,,,,,,,,,,monitor,population_not_loaded,area_not_loaded
310910,5,5,0,0,100.0,0,,,,,,,,,,,,,,,,,,,,,,good,population_not_loaded,area_not_loaded
310920,4,4,0,0,100.0,0,,,,,,,,,,,,,,,,,,,,,,good,population_not_loaded,area_not_loaded
310925,1,1,0,0,100.0,0,,,,,,,,,,,,,,,,,,,,,,good,population_not_loaded,area_not_loaded
310930,10,10,0,0,100.0,0,,,,,,,,,,,,,,,,,,,,,,good,population_not_loaded,area_not_loaded
310940,7,7,0,0,100.0,0,,,,,,,,,,,,,,,,,,,,,,good,population_not_loaded,area_not_loaded
310945,2,2,0,0,100.0,0,,,,,,,,,,,,,,,,,,,,,,good,population_not_loaded,area_not_loaded
310950,4,4,0,0,100.0,0,,,,,,,,,,,,,,,,,,,,,,good,population_not_loaded,area_not_loaded
310960,1,1,0,0,100.0,0,,,,,,,,,,,,,,,,,,,,,,good,population_not_loaded,area_not_loaded
310970,2,2,0,0,100.0,0,,,,,,,,,,,,,,,,,,,,,,good,population_not_loaded,area_not_loaded
310980,1,1,0,0,100.0,0,,,,,,,,,,,,,,,,,,,,,,good,population_not_loaded,area_not_loaded
310990,2,2,0,0,100.0,0,,,,,,,,,,,,,,,,,,,,,,good,population_not_loaded,area_not_loaded
311000,11,11,0,0,100.0,0,,,,,,,,,,,,,,,,,,,,,,good,population_not_loaded,area_not_loaded
311010,3,3,0,0,100.0,0,,,,,,,,,,,,,,,,,,,,,,good,population_not_loaded,area_not_loaded
311020,2,2,0,0,100.0,0,,,,,,,,,,,,,,,,,,,,,,good,population_not_loaded,area_not_loaded
311030,5,5,0,0,100.0,0,,,,,,,,,,,,,,,,,,,,,,good,population_not_loaded,area_not_loaded
311040,3,3,0,0,100.0,0,,,,,,,,,,,,,,,,,,,,,,good,population_not_loaded,area_not_loaded
311050,9,8,1,1,88.88888888888889,1,,,,,,,,,,,,,,,,,,,,,,monitor,population_not_loaded,area_not_loaded
311060,14,14,0,0,100.0,0,,,,,,,,,,,,,,,,,,,,,,good,population_not_loaded,area_not_loaded
311070,7,7,0,0,100.0,0,,,,,,,,,,,,,,,,,,,,,,good,population_not_loaded,area_not_loaded
311080,2,2,0,0,100.0,0,,,,,,,,,,,,,,,,,,,,,,good,population_not_loaded,area_not_loaded
311090,8,7,1,1,87.5,1,,,,,,,,,,,,,,,,,,,,,,monitor,population_not_loaded,area_not_loaded
311100,10,10,0,0,100.0,0,,,,,,,,,,,,,,,,,,,,,,good,population_not_loaded,area_not_loaded
311110,7,6,1,1,85.71428571428571,1,,,,,,,,,,,,,,,,,,,,,,monitor,population_not_loaded,area_not_loaded
311115,1,1,0,0,100.0,0,,,,,,,,,,,,,,,,,,,,,,good,population_not_loaded,area_not_loaded
311120,18,18,0,0,100.0,0,,,,,,,,,,,,,,,,,,,,,,good,population_not_loaded,area_not_loaded
311130,6,6,0,0,100.0,0,,,,,,,,,,,,,,,,,,,,,,good,population_not_loaded,area_not_loaded
311140,2,2,0,0,100.0,0,,,,,,,,,,,,,,,,,,,,,,good,population_not_loaded,area_not_loaded
311150,6,5,1,1,83.33333333333334,1,,,,,,,,,,,,,,,,,,,,,,monitor,population_not_loaded,area_not_loaded
311160,14,13,1,1,92.85714285714286,1,,,,,,,,,,,,,,,,,,,,,,monitor,population_not_loaded,area_not_loaded
311170,4,4,0,0,100.0,0,,,,,,,,,,,,,,,,,,,,,,good,population_not_loaded,area_not_loaded
311180,7,7,0,0,100.0,0,,,,,,,,,,,,,,,,,,,,,,good,population_not_loaded,area_not_loaded
311190,2,2,0,0,100.0,0,,,,,,,,,,,,,,,,,,,,,,good,population_not_loaded,area_not_loaded
311200,6,6,0,0,100.0,0,,,,,,,,,,,,,,,,,,,,,,good,population_not_loaded,area_not_loaded
311205,3,3,0,0,100.0,0,,,,,,,,,,,,,,,,,,,,,,good,population_not_loaded,area_not_loaded
311210,1,1,0,0,100.0,0,,,,,,,,,,,,,,,,,,,,,,good,population_not_loaded,area_not_loaded
311220,2,2,0,0,100.0,0,,,,,,,,,,,,,,,,,,,,,,good,population_not_loaded,area_not_loaded
311230,17,17,0,0,100.0,0,,,,,,,,,,,,,,,,,,,,,,good,population_not_loaded,area_not_loaded
311240,3,3,0,0,100.0,0,,,,,,,,,,,,,,,,,,,,,,good,population_not_loaded,area_not_loaded
311250,4,4,0,0,100.0,0,,,,,,,,,,,,,,,,,,,,,,good,population_not_loaded,area_not_loaded
311260,5,5,0,0,100.0,0,,,,,,,,,,,,,,,,,,,,,,good,population_not_loaded,area_not_loaded
311265,4,4,0,0,100.0,0,,,,,,,,,,,,,,,,,,,,,,good,population_not_loaded,area_not_loaded
311270,12,11,1,1,91.66666666666666,1,,,,,,,,,,,,,,,,,,,,,,monitor,population_not_loaded,area_not_loaded
311280,5,5,0,0,100.0,0,,,,,,,,,,,,,,,,,,,,,,good,population_not_loaded,area_not_loaded
311290,7,6,1,1,85.71428571428571,1,,,,,,,,,,,,,,,,,,,,,,monitor,population_not_loaded,area_not_loaded
311300,7,7,0,0,100.0,0,,,,,,,,,,,,,,,,,,,,,,good,population_not_loaded,area_not_loaded
311310,2,2,0,0,100.0,0,,,,,,,,,,,,,,,,,,,,,,good,population_not_loaded,area_not_loaded
311320,10,10,0,0,100.0,0,,,,,,,,,,,,,,,,,,,,,,good,population_not_loaded,area_not_loaded
311330,13,13,0,0,100.0,0,,,,,,,,,,,,,,,,,,,,,,good,population_not_loaded,area_not_loaded
311340,31,31,0,0,100.0,0,,,,,,,,,,,,,,,,,,,,,,good,population_not_loaded,area_not_loaded
311350,3,3,0,0,100.0,0,,,,,,,,,,,,,,,,,,,,,,good,population_not_loaded,area_not_loaded
311360,1,1,0,0,100.0,0,,,,,,,,,,,,,,,,,,,,,,good,population_not_loaded,area_not_loaded
311370,7,7,0,0,100.0,0,,,,,,,,,,,,,,,,,,,,,,good,population_not_loaded,area_not_loaded
311380,3,2,1,1,66.66666666666666,1,,,,,,,,,,,,,,,,,,,,,,high_attention,population_not_loaded,area_not_loaded
311390,4,4,0,0,100.0,0,,,,,,,,,,,,,,,,,,,,,,good,population_not_loaded,area_not_loaded
311400,5,5,0,0,100.0,0,,,,,,,,,,,,,,,,,,,,,,good,population_not_loaded,area_not_loaded
311410,7,7,0,0,100.0,0,,,,,,,,,,,,,,,,,,,,,,good,population_not_loaded,area_not_loaded
311420,9,9,0,0,100.0,0,,,,,,,,,,,,,,,,,,,,,,good,population_not_loaded,area_not_loaded
311430,11,11,0,0,100.0,0,,,,,,,,,,,,,,,,,,,,,,good,population_not_loaded,area_not_loaded
311440,11,11,0,0,100.0,0,,,,,,,,,,,,,,,,,,,,,,good,population_not_loaded,area_not_loaded
311450,7,7,0,0,100.0,0,,,,,,,,,,,,,,,,,,,,,,good,population_not_loaded,area_not_loaded
311455,5,5,0,0,100.0,0,,,,,,,,,,,,,,,,,,,,,,good,population_not_loaded,area_not_loaded
311460,2,2,0,0,100.0,0,,,,,,,,,,,,,,,,,,,,,,good,population_not_loaded,area_not_loaded
311470,2,2,0,0,100.0,0,,,,,,,,,,,,,,,,,,,,,,good,population_not_loaded,area_not_loaded
311480,2,2,0,0,100.0,0,,,,,,,,,,,,,,,,,,,,,,good,population_not_loaded,area_not_loaded
311490,2,1,1,1,50.0,1,,,,,,,,,,,,,,,,,,,,,,high_attention,population_not_loaded,area_not_loaded
311500,2,2,0,0,100.0,0,,,,,,,,,,,,,,,,,,,,,,good,population_not_loaded,area_not_loaded
311510,8,7,1,1,87.5,1,,,,,,,,,,,,,,,,,,,,,,monitor,population_not_loaded,area_not_loaded
311520,1,1,0,0,100.0,0,,,,,,,,,,,,,,,,,,,,,,good,population_not_loaded,area_not_loaded
311530,25,22,3,3,88.0,3,,,,,,,,,,,,,,,,,,,,,,monitor,population_not_loaded,area_not_loaded
311535,2,2,0,0,100.0,0,,,,,,,,,,,,,,,,,,,,,,good,population_not_loaded,area_not_loaded
311540,1,1,0,0,100.0,0,,,,,,,,,,,,,,,,,,,,,,good,population_not_loaded,area_not_loaded
311545,3,3,0,0,100.0,0,,,,,,,,,,,,,,,,,,,,,,good,population_not_loaded,area_not_loaded
311547,3,3,0,0,100.0,0,,,,,,,,,,,,,,,,,,,,,,good,population_not_loaded,area_not_loaded
311550,10,10,0,0,100.0,0,,,,,,,,,,,,,,,,,,,,,,good,population_not_loaded,area_not_loaded
311560,2,2,0,0,100.0,0,,,,,,,,,,,,,,,,,,,,,,good,population_not_loaded,area_not_loaded
311570,4,4,0,0,100.0,0,,,,,,,,,,,,,,,,,,,,,,good,population_not_loaded,area_not_loaded
311580,5,5,0,0,100.0,0,,,,,,,,,,,,,,,,,,,,,,good,population_not_loaded,area_not_loaded
311590,2,2,0,0,100.0,0,,,,,,,,,,,,,,,,,,,,,,good,population_not_loaded,area_not_loaded
311600,2,2,0,0,100.0,0,,,,,,,,,,,,,,,,,,,,,,good,population_not_loaded,area_not_loaded
311610,7,7,0,0,100.0,0,,,,,,,,,,,,,,,,,,,,,,good,population_not_loaded,area_not_loaded
311615,3,3,0,0,100.0,0,,,,,,,,,,,,,,,,,,,,,,good,population_not_loaded,area_not_loaded
311620,3,3,0,0,100.0,0,,,,,,,,,,,,,,,,,,,,,,good,population_not_loaded,area_not_loaded
311630,1,1,0,0,100.0,0,,,,,,,,,,,,,,,,,,,,,,good,population_not_loaded,area_not_loaded
311640,3,3,0,0,100.0,0,,,,,,,,,,,,,,,,,,,,,,good,population_not_loaded,area_not_loaded
311650,5,5,0,0,100.0,0,,,,,,,,,,,,,,,,,,,,,,good,population_not_loaded,area_not_loaded
311660,10,10,0,0,100.0,0,,,,,,,,,,,,,,,,,,,,,,good,population_not_loaded,area_not_loaded
311670,4,4,0,0,100.0,0,,,,,,,,,,,,,,,,,,,,,,good,population_not_loaded,area_not_loaded
311680,2,2,0,0,100.0,0,,,,,,,,,,,,,,,,,,,,,,good,population_not_loaded,area_not_loaded
311690,1,1,0,0,100.0,0,,,,,,,,,,,,,,,,,,,,,,good,population_not_loaded,area_not_loaded
311700,5,5,0,0,100.0,0,,,,,,,,,,,,,,,,,,,,,,good,population_not_loaded,area_not_loaded
311710,4,4,0,0,100.0,0,,,,,,,,,,,,,,,,,,,,,,good,population_not_loaded,area_not_loaded
311720,2,2,0,0,100.0,0,,,,,,,,,,,,,,,,,,,,,,good,population_not_loaded,area_not_loaded
311730,13,8,5,5,61.53846153846154,5,,,,,,,,,,,,,,,,,,,,,,high_attention,population_not_loaded,area_not_loaded
311740,2,2,0,0,100.0,0,,,,,,,,,,,,,,,,,,,,,,good,population_not_loaded,area_not_loaded
311750,2,2,0,0,100.0,0,,,,,,,,,,,,,,,,,,,,,,good,population_not_loaded,area_not_loaded
311760,5,5,0,0,100.0,0,,,,,,,,,,,,,,,,,,,,,,good,population_not_loaded,area_not_loaded
311770,6,6,0,0,100.0,0,,,,,,,,,,,,,,,,,,,,,,good,population_not_loaded,area_not_loaded
311780,6,6,0,0,100.0,0,,,,,,,,,,,,,,,,,,,,,,good,population_not_loaded,area_not_loaded
311783,4,4,0,0,100.0,0,,,,,,,,,,,,,,,,,,,,,,good,population_not_loaded,area_not_loaded
311787,4,4,0,0,100.0,0,,,,,,,,,,,,,,,,,,,,,,good,population_not_loaded,area_not_loaded
311790,6,6,0,0,100.0,0,,,,,,,,,,,,,,,,,,,,,,good,population_not_loaded,area_not_loaded
311800,21,21,0,0,100.0,0,,,,,,,,,,,,,,,,,,,,,,good,population_not_loaded,area_not_loaded
311810,3,3,0,0,100.0,0,,,,,,,,,,,,,,,,,,,,,,good,population_not_loaded,area_not_loaded
311820,6,4,2,2,66.66666666666666,2,,,,,,,,,,,,,,,,,,,,,,high_attention,population_not_loaded,area_not_loaded
311830,34,34,0,0,100.0,0,,,,,,,,,,,,,,,,,,,,,,good,population_not_loaded,area_not_loaded
311840,7,7,0,0,100.0,0,,,,,,,,,,,,,,,,,,,,,,good,population_not_loaded,area_not_loaded
311850,1,1,0,0,100.0,0,,,,,,,,,,,,,,,,,,,,,,good,population_not_loaded,area_not_loaded
311860,136,86,50,50,63.23529411764706,50,,,,,,,,,,,,,,,,,,,,,,high_attention,population_not_loaded,area_not_loaded
311870,4,4,0,0,100.0,0,,,,,,,,,,,,,,,,,,,,,,good,population_not_loaded,area_not_loaded
311880,12,12,0,0,100.0,0,,,,,,,,,,,,,,,,,,,,,,good,population_not_loaded,area_not_loaded
311890,5,4,1,1,80.0,1,,,,,,,,,,,,,,,,,,,,,,high_attention,population_not_loaded,area_not_loaded
311900,4,4,0,0,100.0,0,,,,,,,,,,,,,,,,,,,,,,good,population_not_loaded,area_not_loaded
311910,10,9,1,1,90.0,1,,,,,,,,,,,,,,,,,,,,,,monitor,population_not_loaded,area_not_loaded
311920,6,6,0,0,100.0,0,,,,,,,,,,,,,,,,,,,,,,good,population_not_loaded,area_not_loaded
311930,15,15,0,0,100.0,0,,,,,,,,,,,,,,,,,,,,,,good,population_not_loaded,area_not_loaded
311940,19,18,1,1,94.73684210526315,1,,,,,,,,,,,,,,,,,,,,,,monitor,population_not_loaded,area_not_loaded
311950,3,3,0,0,100.0,0,,,,,,,,,,,,,,,,,,,,,,good,population_not_loaded,area_not_loaded
311960,1,1,0,0,100.0,0,,,,,,,,,,,,,,,,,,,,,,good,population_not_loaded,area_not_loaded
311970,2,2,0,0,100.0,0,,,,,,,,,,,,,,,,,,,,,,good,population_not_loaded,area_not_loaded
311980,2,2,0,0,100.0,0,,,,,,,,,,,,,,,,,,,,,,good,population_not_loaded,area_not_loaded
311990,1,1,0,0,100.0,0,,,,,,,,,,,,,,,,,,,,,,good,population_not_loaded,area_not_loaded
311995,2,2,0,0,100.0,0,,,,,,,,,,,,,,,,,,,,,,good,population_not_loaded,area_not_loaded
312000,1,1,0,0,100.0,0,,,,,,,,,,,,,,,,,,,,,,good,population_not_loaded,area_not_loaded
312010,3,2,1,1,66.66666666666666,1,,,,,,,,,,,,,,,,,,,,,,high_attention,population_not_loaded,area_not_loaded
312015,4,4,0,0,100.0,0,,,,,,,,,,,,,,,,,,,,,,good,population_not_loaded,area_not_loaded
312020,6,6,0,0,100.0,0,,,,,,,,,,,,,,,,,,,,,,good,population_not_loaded,area_not_loaded
312030,2,2,0,0,100.0,0,,,,,,,,,,,,,,,,,,,,,,good,population_not_loaded,area_not_loaded
312040,1,1,0,0,100.0,0,,,,,,,,,,,,,,,,,,,,,,good,population_not_loaded,area_not_loaded
312050,4,4,0,0,100.0,0,,,,,,,,,,,,,,,,,,,,,,good,population_not_loaded,area_not_loaded
312060,2,2,0,0,100.0,0,,,,,,,,,,,,,,,,,,,,,,good,population_not_loaded,area_not_loaded
312070,4,4,0,0,100.0,0,,,,,,,,,,,,,,,,,,,,,,good,population_not_loaded,area_not_loaded
312080,7,7,0,0,100.0,0,,,,,,,,,,,,,,,,,,,,,,good,population_not_loaded,area_not_loaded
312083,3,3,0,0,100.0,0,,,,,,,,,,,,,,,,,,,,,,good,population_not_loaded,area_not_loaded
312087,6,5,1,1,83.33333333333334,1,,,,,,,,,,,,,,,,,,,,,,monitor,population_not_loaded,area_not_loaded
312090,30,29,1,1,96.66666666666667,1,,,,,,,,,,,,,,,,,,,,,,good,population_not_loaded,area_not_loaded
312110,7,7,0,0,100.0,0,,,,,,,,,,,,,,,,,,,,,,good,population_not_loaded,area_not_loaded
312120,8,8,0,0,100.0,0,,,,,,,,,,,,,,,,,,,,,,good,population_not_loaded,area_not_loaded
312125,3,3,0,0,100.0,0,,,,,,,,,,,,,,,,,,,,,,good,population_not_loaded,area_not_loaded
312130,2,2,0,0,100.0,0,,,,,,,,,,,,,,,,,,,,,,good,population_not_loaded,area_not_loaded
312140,5,5,0,0,100.0,0,,,,,,,,,,,,,,,,,,,,,,good,population_not_loaded,area_not_loaded
312150,2,2,0,0,100.0,0,,,,,,,,,,,,,,,,,,,,,,good,population_not_loaded,area_not_loaded
312160,18,18,0,0,100.0,0,,,,,,,,,,,,,,,,,,,,,,good,population_not_loaded,area_not_loaded
312170,4,4,0,0,100.0,0,,,,,,,,,,,,,,,,,,,,,,good,population_not_loaded,area_not_loaded
312180,2,2,0,0,100.0,0,,,,,,,,,,,,,,,,,,,,,,good,population_not_loaded,area_not_loaded
312190,3,3,0,0,100.0,0,,,,,,,,,,,,,,,,,,,,,,good,population_not_loaded,area_not_loaded
312200,8,8,0,0,100.0,0,,,,,,,,,,,,,,,,,,,,,,good,population_not_loaded,area_not_loaded
312210,3,2,1,1,66.66666666666666,1,,,,,,,,,,,,,,,,,,,,,,high_attention,population_not_loaded,area_not_loaded
312220,4,4,0,0,100.0,0,,,,,,,,,,,,,,,,,,,,,,good,population_not_loaded,area_not_loaded
312230,60,60,0,0,100.0,0,,,,,,,,,,,,,,,,,,,,,,good,population_not_loaded,area_not_loaded
312235,3,3,0,0,100.0,0,,,,,,,,,,,,,,,,,,,,,,good,population_not_loaded,area_not_loaded
312240,3,3,0,0,100.0,0,,,,,,,,,,,,,,,,,,,,,,good,population_not_loaded,area_not_loaded
312245,4,4,0,0,100.0,0,,,,,,,,,,,,,,,,,,,,,,good,population_not_loaded,area_not_loaded
312247,2,2,0,0,100.0,0,,,,,,,,,,,,,,,,,,,,,,good,population_not_loaded,area_not_loaded
312250,2,2,0,0,100.0,0,,,,,,,,,,,,,,,,,,,,,,good,population_not_loaded,area_not_loaded
312260,2,2,0,0,100.0,0,,,,,,,,,,,,,,,,,,,,,,good,population_not_loaded,area_not_loaded
312270,3,3,0,0,100.0,0,,,,,,,,,,,,,,,,,,,,,,good,population_not_loaded,area_not_loaded
312280,2,2,0,0,100.0,0,,,,,,,,,,,,,,,,,,,,,,good,population_not_loaded,area_not_loaded
312290,4,4,0,0,100.0,0,,,,,,,,,,,,,,,,,,,,,,good,population_not_loaded,area_not_loaded
312300,4,3,1,1,75.0,1,,,,,,,,,,,,,,,,,,,,,,high_attention,population_not_loaded,area_not_loaded
312310,2,2,0,0,100.0,0,,,,,,,,,,,,,,,,,,,,,,good,population_not_loaded,area_not_loaded
312320,5,5,0,0,100.0,0,,,,,,,,,,,,,,,,,,,,,,good,population_not_loaded,area_not_loaded
312330,2,2,0,0,100.0,0,,,,,,,,,,,,,,,,,,,,,,good,population_not_loaded,area_not_loaded
312340,2,2,0,0,100.0,0,,,,,,,,,,,,,,,,,,,,,,good,population_not_loaded,area_not_loaded
312350,1,1,0,0,100.0,0,,,,,,,,,,,,,,,,,,,,,,good,population_not_loaded,area_not_loaded
312352,4,4,0,0,100.0,0,,,,,,,,,,,,,,,,,,,,,,good,population_not_loaded,area_not_loaded
312360,12,11,1,1,91.66666666666666,1,,,,,,,,,,,,,,,,,,,,,,monitor,population_not_loaded,area_not_loaded
312370,3,3,0,0,100.0,0,,,,,,,,,,,,,,,,,,,,,,good,population_not_loaded,area_not_loaded
312380,3,3,0,0,100.0,0,,,,,,,,,,,,,,,,,,,,,,good,population_not_loaded,area_not_loaded
312385,3,3,0,0,100.0,0,,,,,,,,,,,,,,,,,,,,,,good,population_not_loaded,area_not_loaded
312390,4,4,0,0,100.0,0,,,,,,,,,,,,,,,,,,,,,,good,population_not_loaded,area_not_loaded
312400,10,9,1,1,90.0,1,,,,,,,,,,,,,,,,,,,,,,monitor,population_not_loaded,area_not_loaded
312410,17,17,0,0,100.0,0,,,,,,,,,,,,,,,,,,,,,,good,population_not_loaded,area_not_loaded
312420,2,2,0,0,100.0,0,,,,,,,,,,,,,,,,,,,,,,good,population_not_loaded,area_not_loaded
312430,9,6,3,3,66.66666666666666,3,,,,,,,,,,,,,,,,,,,,,,high_attention,population_not_loaded,area_not_loaded
312440,2,2,0,0,100.0,0,,,,,,,,,,,,,,,,,,,,,,good,population_not_loaded,area_not_loaded
312450,6,6,0,0,100.0,0,,,,,,,,,,,,,,,,,,,,,,good,population_not_loaded,area_not_loaded
312460,1,1,0,0,100.0,0,,,,,,,,,,,,,,,,,,,,,,good,population_not_loaded,area_not_loaded
312470,3,3,0,0,100.0,0,,,,,,,,,,,,,,,,,,,,,,good,population_not_loaded,area_not_loaded
312480,3,3,0,0,100.0,0,,,,,,,,,,,,,,,,,,,,,,good,population_not_loaded,area_not_loaded
312490,8,7,1,1,87.5,1,,,,,,,,,,,,,,,,,,,,,,monitor,population_not_loaded,area_not_loaded
312500,2,2,0,0,100.0,0,,,,,,,,,,,,,,,,,,,,,,good,population_not_loaded,area_not_loaded
312510,26,26,0,0,100.0,0,,,,,,,,,,,,,,,,,,,,,,good,population_not_loaded,area_not_loaded
312520,2,2,0,0,100.0,0,,,,,,,,,,,,,,,,,,,,,,good,population_not_loaded,area_not_loaded
312530,2,2,0,0,100.0,0,,,,,,,,,,,,,,,,,,,,,,good,population_not_loaded,area_not_loaded
312540,3,3,0,0,100.0,0,,,,,,,,,,,,,,,,,,,,,,good,population_not_loaded,area_not_loaded
312550,2,2,0,0,100.0,0,,,,,,,,,,,,,,,,,,,,,,good,population_not_loaded,area_not_loaded
312560,3,3,0,0,100.0,0,,,,,,,,,,,,,,,,,,,,,,good,population_not_loaded,area_not_loaded
312570,8,8,0,0,100.0,0,,,,,,,,,,,,,,,,,,,,,,good,population_not_loaded,area_not_loaded
312580,2,2,0,0,100.0,0,,,,,,,,,,,,,,,,,,,,,,good,population_not_loaded,area_not_loaded
312590,1,1,0,0,100.0,0,,,,,,,,,,,,,,,,,,,,,,good,population_not_loaded,area_not_loaded
312595,5,5,0,0,100.0,0,,,,,,,,,,,,,,,,,,,,,,good,population_not_loaded,area_not_loaded
312600,2,2,0,0,100.0,0,,,,,,,,,,,,,,,,,,,,,,good,population_not_loaded,area_not_loaded
312610,18,18,0,0,100.0,0,,,,,,,,,,,,,,,,,,,,,,good,population_not_loaded,area_not_loaded
312620,2,2,0,0,100.0,0,,,,,,,,,,,,,,,,,,,,,,good,population_not_loaded,area_not_loaded
312630,1,1,0,0,100.0,0,,,,,,,,,,,,,,,,,,,,,,good,population_not_loaded,area_not_loaded
312640,3,3,0,0,100.0,0,,,,,,,,,,,,,,,,,,,,,,good,population_not_loaded,area_not_loaded
312650,6,6,0,0,100.0,0,,,,,,,,,,,,,,,,,,,,,,good,population_not_loaded,area_not_loaded
312660,4,4,0,0,100.0,0,,,,,,,,,,,,,,,,,,,,,,good,population_not_loaded,area_not_loaded
312670,12,9,3,3,75.0,3,,,,,,,,,,,,,,,,,,,,,,high_attention,population_not_loaded,area_not_loaded
312675,3,3,0,0,100.0,0,,,,,,,,,,,,,,,,,,,,,,good,population_not_loaded,area_not_loaded
312680,3,3,0,0,100.0,0,,,,,,,,,,,,,,,,,,,,,,good,population_not_loaded,area_not_loaded
312690,6,6,0,0,100.0,0,,,,,,,,,,,,,,,,,,,,,,good,population_not_loaded,area_not_loaded
312695,1,1,0,0,100.0,0,,,,,,,,,,,,,,,,,,,,,,good,population_not_loaded,area_not_loaded
312700,7,7,0,0,100.0,0,,,,,,,,,,,,,,,,,,,,,,good,population_not_loaded,area_not_loaded
312705,2,2,0,0,100.0,0,,,,,,,,,,,,,,,,,,,,,,good,population_not_loaded,area_not_loaded
312707,4,4,0,0,100.0,0,,,,,,,,,,,,,,,,,,,,,,good,population_not_loaded,area_not_loaded
312710,13,11,2,2,84.61538461538461,2,,,,,,,,,,,,,,,,,,,,,,monitor,population_not_loaded,area_not_loaded
312720,3,3,0,0,100.0,0,,,,,,,,,,,,,,,,,,,,,,good,population_not_loaded,area_not_loaded
312730,5,5,0,0,100.0,0,,,,,,,,,,,,,,,,,,,,,,good,population_not_loaded,area_not_loaded
312733,3,3,0,0,100.0,0,,,,,,,,,,,,,,,,,,,,,,good,population_not_loaded,area_not_loaded
312735,2,2,0,0,100.0,0,,,,,,,,,,,,,,,,,,,,,,good,population_not_loaded,area_not_loaded
312737,3,3,0,0,100.0,0,,,,,,,,,,,,,,,,,,,,,,good,population_not_loaded,area_not_loaded
312738,4,4,0,0,100.0,0,,,,,,,,,,,,,,,,,,,,,,good,population_not_loaded,area_not_loaded
312740,2,2,0,0,100.0,0,,,,,,,,,,,,,,,,,,,,,,good,population_not_loaded,area_not_loaded
312750,2,2,0,0,100.0,0,,,,,,,,,,,,,,,,,,,,,,good,population_not_loaded,area_not_loaded
312760,6,6,0,0,100.0,0,,,,,,,,,,,,,,,,,,,,,,good,population_not_loaded,area_not_loaded
312770,68,55,13,13,80.88235294117648,13,,,,,,,,,,,,,,,,,,,,,,monitor,population_not_loaded,area_not_loaded
312780,6,6,0,0,100.0,0,,,,,,,,,,,,,,,,,,,,,,good,population_not_loaded,area_not_loaded
312790,1,1,0,0,100.0,0,,,,,,,,,,,,,,,,,,,,,,good,population_not_loaded,area_not_loaded
312800,15,15,0,0,100.0,0,,,,,,,,,,,,,,,,,,,,,,good,population_not_loaded,area_not_loaded
312810,7,6,1,1,85.71428571428571,1,,,,,,,,,,,,,,,,,,,,,,monitor,population_not_loaded,area_not_loaded
312820,6,6,0,0,100.0,0,,,,,,,,,,,,,,,,,,,,,,good,population_not_loaded,area_not_loaded
312825,3,3,0,0,100.0,0,,,,,,,,,,,,,,,,,,,,,,good,population_not_loaded,area_not_loaded
312830,10,10,0,0,100.0,0,,,,,,,,,,,,,,,,,,,,,,good,population_not_loaded,area_not_loaded
312840,3,3,0,0,100.0,0,,,,,,,,,,,,,,,,,,,,,,good,population_not_loaded,area_not_loaded
312850,1,1,0,0,100.0,0,,,,,,,,,,,,,,,,,,,,,,good,population_not_loaded,area_not_loaded
312860,3,3,0,0,100.0,0,,,,,,,,,,,,,,,,,,,,,,good,population_not_loaded,area_not_loaded
312870,10,10,0,0,100.0,0,,,,,,,,,,,,,,,,,,,,,,good,population_not_loaded,area_not_loaded
312880,3,3,0,0,100.0,0,,,,,,,,,,,,,,,,,,,,,,good,population_not_loaded,area_not_loaded
312890,5,5,0,0,100.0,0,,,,,,,,,,,,,,,,,,,,,,good,population_not_loaded,area_not_loaded
312900,4,2,2,2,50.0,2,,,,,,,,,,,,,,,,,,,,,,high_attention,population_not_loaded,area_not_loaded
312910,3,3,0,0,100.0,0,,,,,,,,,,,,,,,,,,,,,,good,population_not_loaded,area_not_loaded
312920,3,3,0,0,100.0,0,,,,,,,,,,,,,,,,,,,,,,good,population_not_loaded,area_not_loaded
312930,2,2,0,0,100.0,0,,,,,,,,,,,,,,,,,,,,,,good,population_not_loaded,area_not_loaded
312940,1,1,0,0,100.0,0,,,,,,,,,,,,,,,,,,,,,,good,population_not_loaded,area_not_loaded
312950,7,7,0,0,100.0,0,,,,,,,,,,,,,,,,,,,,,,good,population_not_loaded,area_not_loaded
312960,4,4,0,0,100.0,0,,,,,,,,,,,,,,,,,,,,,,good,population_not_loaded,area_not_loaded
312965,4,4,0,0,100.0,0,,,,,,,,,,,,,,,,,,,,,,good,population_not_loaded,area_not_loaded
312970,6,6,0,0,100.0,0,,,,,,,,,,,,,,,,,,,,,,good,population_not_loaded,area_not_loaded
312980,29,29,0,0,100.0,0,,,,,,,,,,,,,,,,,,,,,,good,population_not_loaded,area_not_loaded
312990,2,2,0,0,100.0,0,,,,,,,,,,,,,,,,,,,,,,good,population_not_loaded,area_not_loaded
313000,1,1,0,0,100.0,0,,,,,,,,,,,,,,,,,,,,,,good,population_not_loaded,area_not_loaded
313005,7,7,0,0,100.0,0,,,,,,,,,,,,,,,,,,,,,,good,population_not_loaded,area_not_loaded
313010,14,12,2,2,85.71428571428571,2,,,,,,,,,,,,,,,,,,,,,,monitor,population_not_loaded,area_not_loaded
313020,6,6,0,0,100.0,0,,,,,,,,,,,,,,,,,,,,,,good,population_not_loaded,area_not_loaded
313030,4,4,0,0,100.0,0,,,,,,,,,,,,,,,,,,,,,,good,population_not_loaded,area_not_loaded
313040,6,6,0,0,100.0,0,,,,,,,,,,,,,,,,,,,,,,good,population_not_loaded,area_not_loaded
313050,6,6,0,0,100.0,0,,,,,,,,,,,,,,,,,,,,,,good,population_not_loaded,area_not_loaded
313055,5,5,0,0,100.0,0,,,,,,,,,,,,,,,,,,,,,,good,population_not_loaded,area_not_loaded
313060,2,2,0,0,100.0,0,,,,,,,,,,,,,,,,,,,,,,good,population_not_loaded,area_not_loaded
313065,5,5,0,0,100.0,0,,,,,,,,,,,,,,,,,,,,,,good,population_not_loaded,area_not_loaded
313070,4,4,0,0,100.0,0,,,,,,,,,,,,,,,,,,,,,,good,population_not_loaded,area_not_loaded
313080,3,3,0,0,100.0,0,,,,,,,,,,,,,,,,,,,,,,good,population_not_loaded,area_not_loaded
313090,11,11,0,0,100.0,0,,,,,,,,,,,,,,,,,,,,,,good,population_not_loaded,area_not_loaded
313100,2,2,0,0,100.0,0,,,,,,,,,,,,,,,,,,,,,,good,population_not_loaded,area_not_loaded
313110,3,3,0,0,100.0,0,,,,,,,,,,,,,,,,,,,,,,good,population_not_loaded,area_not_loaded
313115,3,3,0,0,100.0,0,,,,,,,,,,,,,,,,,,,,,,good,population_not_loaded,area_not_loaded
313120,9,8,1,1,88.88888888888889,1,,,,,,,,,,,,,,,,,,,,,,monitor,population_not_loaded,area_not_loaded
313130,22,22,0,0,100.0,0,,,,,,,,,,,,,,,,,,,,,,good,population_not_loaded,area_not_loaded
313140,2,2,0,0,100.0,0,,,,,,,,,,,,,,,,,,,,,,good,population_not_loaded,area_not_loaded
313150,1,1,0,0,100.0,0,,,,,,,,,,,,,,,,,,,,,,good,population_not_loaded,area_not_loaded
313160,4,4,0,0,100.0,0,,,,,,,,,,,,,,,,,,,,,,good,population_not_loaded,area_not_loaded
313170,31,25,6,6,80.64516129032258,6,,,,,,,,,,,,,,,,,,,,,,monitor,population_not_loaded,area_not_loaded
313180,5,5,0,0,100.0,0,,,,,,,,,,,,,,,,,,,,,,good,population_not_loaded,area_not_loaded
313190,11,11,0,0,100.0,0,,,,,,,,,,,,,,,,,,,,,,good,population_not_loaded,area_not_loaded
313200,2,2,0,0,100.0,0,,,,,,,,,,,,,,,,,,,,,,good,population_not_loaded,area_not_loaded
313210,5,5,0,0,100.0,0,,,,,,,,,,,,,,,,,,,,,,good,population_not_loaded,area_not_loaded
313220,7,7,0,0,100.0,0,,,,,,,,,,,,,,,,,,,,,,good,population_not_loaded,area_not_loaded
313230,5,5,0,0,100.0,0,,,,,,,,,,,,,,,,,,,,,,good,population_not_loaded,area_not_loaded
313240,23,23,0,0,100.0,0,,,,,,,,,,,,,,,,,,,,,,good,population_not_loaded,area_not_loaded
313250,18,17,1,1,94.44444444444444,1,,,,,,,,,,,,,,,,,,,,,,monitor,population_not_loaded,area_not_loaded
313260,3,3,0,0,100.0,0,,,,,,,,,,,,,,,,,,,,,,good,population_not_loaded,area_not_loaded
313270,12,12,0,0,100.0,0,,,,,,,,,,,,,,,,,,,,,,good,population_not_loaded,area_not_loaded
313280,1,1,0,0,100.0,0,,,,,,,,,,,,,,,,,,,,,,good,population_not_loaded,area_not_loaded
313290,5,5,0,0,100.0,0,,,,,,,,,,,,,,,,,,,,,,good,population_not_loaded,area_not_loaded
313300,7,7,0,0,100.0,0,,,,,,,,,,,,,,,,,,,,,,good,population_not_loaded,area_not_loaded
313310,6,5,1,1,83.33333333333334,1,,,,,,,,,,,,,,,,,,,,,,monitor,population_not_loaded,area_not_loaded
313320,3,3,0,0,100.0,0,,,,,,,,,,,,,,,,,,,,,,good,population_not_loaded,area_not_loaded
313330,17,11,6,6,64.70588235294117,6,,,,,,,,,,,,,,,,,,,,,,high_attention,population_not_loaded,area_not_loaded
313340,5,5,0,0,100.0,0,,,,,,,,,,,,,,,,,,,,,,good,population_not_loaded,area_not_loaded
313350,9,9,0,0,100.0,0,,,,,,,,,,,,,,,,,,,,,,good,population_not_loaded,area_not_loaded
313360,4,4,0,0,100.0,0,,,,,,,,,,,,,,,,,,,,,,good,population_not_loaded,area_not_loaded
313370,9,8,1,1,88.88888888888889,1,,,,,,,,,,,,,,,,,,,,,,monitor,population_not_loaded,area_not_loaded
313375,8,7,1,1,87.5,1,,,,,,,,,,,,,,,,,,,,,,monitor,population_not_loaded,area_not_loaded
313380,23,23,0,0,100.0,0,,,,,,,,,,,,,,,,,,,,,,good,population_not_loaded,area_not_loaded
313390,2,2,0,0,100.0,0,,,,,,,,,,,,,,,,,,,,,,good,population_not_loaded,area_not_loaded
313400,6,6,0,0,100.0,0,,,,,,,,,,,,,,,,,,,,,,good,population_not_loaded,area_not_loaded
313410,3,3,0,0,100.0,0,,,,,,,,,,,,,,,,,,,,,,good,population_not_loaded,area_not_loaded
313420,15,15,0,0,100.0,0,,,,,,,,,,,,,,,,,,,,,,good,population_not_loaded,area_not_loaded
313430,1,1,0,0,100.0,0,,,,,,,,,,,,,,,,,,,,,,good,population_not_loaded,area_not_loaded
313440,11,11,0,0,100.0,0,,,,,,,,,,,,,,,,,,,,,,good,population_not_loaded,area_not_loaded
313450,1,1,0,0,100.0,0,,,,,,,,,,,,,,,,,,,,,,good,population_not_loaded,area_not_loaded
313460,6,6,0,0,100.0,0,,,,,,,,,,,,,,,,,,,,,,good,population_not_loaded,area_not_loaded
313470,6,6,0,0,100.0,0,,,,,,,,,,,,,,,,,,,,,,good,population_not_loaded,area_not_loaded
313480,4,3,1,1,75.0,1,,,,,,,,,,,,,,,,,,,,,,high_attention,population_not_loaded,area_not_loaded
313490,9,8,1,1,88.88888888888889,1,,,,,,,,,,,,,,,,,,,,,,monitor,population_not_loaded,area_not_loaded
313500,2,2,0,0,100.0,0,,,,,,,,,,,,,,,,,,,,,,good,population_not_loaded,area_not_loaded
313505,15,13,2,2,86.66666666666667,2,,,,,,,,,,,,,,,,,,,,,,monitor,population_not_loaded,area_not_loaded
313507,2,2,0,0,100.0,0,,,,,,,,,,,,,,,,,,,,,,good,population_not_loaded,area_not_loaded
313510,19,19,0,0,100.0,0,,,,,,,,,,,,,,,,,,,,,,good,population_not_loaded,area_not_loaded
313520,25,25,0,0,100.0,0,,,,,,,,,,,,,,,,,,,,,,good,population_not_loaded,area_not_loaded
313530,2,2,0,0,100.0,0,,,,,,,,,,,,,,,,,,,,,,good,population_not_loaded,area_not_loaded
313535,6,6,0,0,100.0,0,,,,,,,,,,,,,,,,,,,,,,good,population_not_loaded,area_not_loaded
313540,1,1,0,0,100.0,0,,,,,,,,,,,,,,,,,,,,,,good,population_not_loaded,area_not_loaded
313545,5,5,0,0,100.0,0,,,,,,,,,,,,,,,,,,,,,,good,population_not_loaded,area_not_loaded
313550,8,8,0,0,100.0,0,,,,,,,,,,,,,,,,,,,,,,good,population_not_loaded,area_not_loaded
313560,5,5,0,0,100.0,0,,,,,,,,,,,,,,,,,,,,,,good,population_not_loaded,area_not_loaded
313570,3,3,0,0,100.0,0,,,,,,,,,,,,,,,,,,,,,,good,population_not_loaded,area_not_loaded
313580,10,10,0,0,100.0,0,,,,,,,,,,,,,,,,,,,,,,good,population_not_loaded,area_not_loaded
313590,3,3,0,0,100.0,0,,,,,,,,,,,,,,,,,,,,,,good,population_not_loaded,area_not_loaded
313600,8,8,0,0,100.0,0,,,,,,,,,,,,,,,,,,,,,,good,population_not_loaded,area_not_loaded
313610,2,2,0,0,100.0,0,,,,,,,,,,,,,,,,,,,,,,good,population_not_loaded,area_not_loaded
313620,14,13,1,1,92.85714285714286,1,,,,,,,,,,,,,,,,,,,,,,monitor,population_not_loaded,area_not_loaded
313630,17,17,0,0,100.0,0,,,,,,,,,,,,,,,,,,,,,,good,population_not_loaded,area_not_loaded
313640,4,4,0,0,100.0,0,,,,,,,,,,,,,,,,,,,,,,good,population_not_loaded,area_not_loaded
313650,6,6,0,0,100.0,0,,,,,,,,,,,,,,,,,,,,,,good,population_not_loaded,area_not_loaded
313652,2,2,0,0,100.0,0,,,,,,,,,,,,,,,,,,,,,,good,population_not_loaded,area_not_loaded
313655,3,3,0,0,100.0,0,,,,,,,,,,,,,,,,,,,,,,good,population_not_loaded,area_not_loaded
313657,3,3,0,0,100.0,0,,,,,,,,,,,,,,,,,,,,,,good,population_not_loaded,area_not_loaded
313660,2,2,0,0,100.0,0,,,,,,,,,,,,,,,,,,,,,,good,population_not_loaded,area_not_loaded
313665,14,14,0,0,100.0,0,,,,,,,,,,,,,,,,,,,,,,good,population_not_loaded,area_not_loaded
313670,62,62,0,0,100.0,0,,,,,,,,,,,,,,,,,,,,,,good,population_not_loaded,area_not_loaded
313680,3,3,0,0,100.0,0,,,,,,,,,,,,,,,,,,,,,,good,population_not_loaded,area_not_loaded
313690,6,6,0,0,100.0,0,,,,,,,,,,,,,,,,,,,,,,good,population_not_loaded,area_not_loaded
313695,2,2,0,0,100.0,0,,,,,,,,,,,,,,,,,,,,,,good,population_not_loaded,area_not_loaded
313700,5,5,0,0,100.0,0,,,,,,,,,,,,,,,,,,,,,,good,population_not_loaded,area_not_loaded
313710,6,6,0,0,100.0,0,,,,,,,,,,,,,,,,,,,,,,good,population_not_loaded,area_not_loaded
313720,16,16,0,0,100.0,0,,,,,,,,,,,,,,,,,,,,,,good,population_not_loaded,area_not_loaded
313730,3,3,0,0,100.0,0,,,,,,,,,,,,,,,,,,,,,,good,population_not_loaded,area_not_loaded
313740,5,5,0,0,100.0,0,,,,,,,,,,,,,,,,,,,,,,good,population_not_loaded,area_not_loaded
313750,6,5,1,1,83.33333333333334,1,,,,,,,,,,,,,,,,,,,,,,monitor,population_not_loaded,area_not_loaded
313753,4,3,1,1,75.0,1,,,,,,,,,,,,,,,,,,,,,,high_attention,population_not_loaded,area_not_loaded
313760,22,21,1,1,95.45454545454545,1,,,,,,,,,,,,,,,,,,,,,,good,population_not_loaded,area_not_loaded
313770,1,1,0,0,100.0,0,,,,,,,,,,,,,,,,,,,,,,good,population_not_loaded,area_not_loaded
313780,3,3,0,0,100.0,0,,,,,,,,,,,,,,,,,,,,,,good,population_not_loaded,area_not_loaded
313790,1,1,0,0,100.0,0,,,,,,,,,,,,,,,,,,,,,,good,population_not_loaded,area_not_loaded
313800,5,4,1,1,80.0,1,,,,,,,,,,,,,,,,,,,,,,high_attention,population_not_loaded,area_not_loaded
313810,5,5,0,0,100.0,0,,,,,,,,,,,,,,,,,,,,,,good,population_not_loaded,area_not_loaded
313820,22,21,1,1,95.45454545454545,1,,,,,,,,,,,,,,,,,,,,,,good,population_not_loaded,area_not_loaded
313830,1,1,0,0,100.0,0,,,,,,,,,,,,,,,,,,,,,,good,population_not_loaded,area_not_loaded
313835,2,2,0,0,100.0,0,,,,,,,,,,,,,,,,,,,,,,good,population_not_loaded,area_not_loaded
313840,17,17,0,0,100.0,0,,,,,,,,,,,,,,,,,,,,,,good,population_not_loaded,area_not_loaded
313850,2,2,0,0,100.0,0,,,,,,,,,,,,,,,,,,,,,,good,population_not_loaded,area_not_loaded
313860,8,8,0,0,100.0,0,,,,,,,,,,,,,,,,,,,,,,good,population_not_loaded,area_not_loaded
313862,4,4,0,0,100.0,0,,,,,,,,,,,,,,,,,,,,,,good,population_not_loaded,area_not_loaded
313865,5,5,0,0,100.0,0,,,,,,,,,,,,,,,,,,,,,,good,population_not_loaded,area_not_loaded
313867,5,5,0,0,100.0,0,,,,,,,,,,,,,,,,,,,,,,good,population_not_loaded,area_not_loaded
313868,3,3,0,0,100.0,0,,,,,,,,,,,,,,,,,,,,,,good,population_not_loaded,area_not_loaded
313870,3,3,0,0,100.0,0,,,,,,,,,,,,,,,,,,,,,,good,population_not_loaded,area_not_loaded
313880,5,5,0,0,100.0,0,,,,,,,,,,,,,,,,,,,,,,good,population_not_loaded,area_not_loaded
313890,4,4,0,0,100.0,0,,,,,,,,,,,,,,,,,,,,,,good,population_not_loaded,area_not_loaded
313900,15,14,1,1,93.33333333333333,1,,,,,,,,,,,,,,,,,,,,,,monitor,population_not_loaded,area_not_loaded
313910,2,2,0,0,100.0,0,,,,,,,,,,,,,,,,,,,,,,good,population_not_loaded,area_not_loaded
313920,9,9,0,0,100.0,0,,,,,,,,,,,,,,,,,,,,,,good,population_not_loaded,area_not_loaded
313925,2,2,0,0,100.0,0,,,,,,,,,,,,,,,,,,,,,,good,population_not_loaded,area_not_loaded
313930,7,7,0,0,100.0,0,,,,,,,,,,,,,,,,,,,,,,good,population_not_loaded,area_not_loaded
313940,28,28,0,0,100.0,0,,,,,,,,,,,,,,,,,,,,,,good,population_not_loaded,area_not_loaded
313950,9,9,0,0,100.0,0,,,,,,,,,,,,,,,,,,,,,,good,population_not_loaded,area_not_loaded
313960,13,13,0,0,100.0,0,,,,,,,,,,,,,,,,,,,,,,good,population_not_loaded,area_not_loaded
313970,3,3,0,0,100.0,0,,,,,,,,,,,,,,,,,,,,,,good,population_not_loaded,area_not_loaded
313980,3,3,0,0,100.0,0,,,,,,,,,,,,,,,,,,,,,,good,population_not_loaded,area_not_loaded
313990,7,7,0,0,100.0,0,,,,,,,,,,,,,,,,,,,,,,good,population_not_loaded,area_not_loaded
314000,26,26,0,0,100.0,0,,,,,,,,,,,,,,,,,,,,,,good,population_not_loaded,area_not_loaded
314010,2,2,0,0,100.0,0,,,,,,,,,,,,,,,,,,,,,,good,population_not_loaded,area_not_loaded
314015,5,5,0,0,100.0,0,,,,,,,,,,,,,,,,,,,,,,good,population_not_loaded,area_not_loaded
314020,2,2,0,0,100.0,0,,,,,,,,,,,,,,,,,,,,,,good,population_not_loaded,area_not_loaded
314030,3,3,0,0,100.0,0,,,,,,,,,,,,,,,,,,,,,,good,population_not_loaded,area_not_loaded
314040,2,2,0,0,100.0,0,,,,,,,,,,,,,,,,,,,,,,good,population_not_loaded,area_not_loaded
314050,5,5,0,0,100.0,0,,,,,,,,,,,,,,,,,,,,,,good,population_not_loaded,area_not_loaded
314053,1,1,0,0,100.0,0,,,,,,,,,,,,,,,,,,,,,,good,population_not_loaded,area_not_loaded
314055,2,2,0,0,100.0,0,,,,,,,,,,,,,,,,,,,,,,good,population_not_loaded,area_not_loaded
314060,2,2,0,0,100.0,0,,,,,,,,,,,,,,,,,,,,,,good,population_not_loaded,area_not_loaded
314070,15,14,1,1,93.33333333333333,1,,,,,,,,,,,,,,,,,,,,,,monitor,population_not_loaded,area_not_loaded
314080,5,5,0,0,100.0,0,,,,,,,,,,,,,,,,,,,,,,good,population_not_loaded,area_not_loaded
314085,6,6,0,0,100.0,0,,,,,,,,,,,,,,,,,,,,,,good,population_not_loaded,area_not_loaded
314090,12,12,0,0,100.0,0,,,,,,,,,,,,,,,,,,,,,,good,population_not_loaded,area_not_loaded
314100,5,4,1,1,80.0,1,,,,,,,,,,,,,,,,,,,,,,high_attention,population_not_loaded,area_not_loaded
314110,12,11,1,1,91.66666666666666,1,,,,,,,,,,,,,,,,,,,,,,monitor,population_not_loaded,area_not_loaded
314120,2,2,0,0,100.0,0,,,,,,,,,,,,,,,,,,,,,,good,population_not_loaded,area_not_loaded
314130,2,2,0,0,100.0,0,,,,,,,,,,,,,,,,,,,,,,good,population_not_loaded,area_not_loaded
314140,9,9,0,0,100.0,0,,,,,,,,,,,,,,,,,,,,,,good,population_not_loaded,area_not_loaded
314150,3,3,0,0,100.0,0,,,,,,,,,,,,,,,,,,,,,,good,population_not_loaded,area_not_loaded
314160,5,5,0,0,100.0,0,,,,,,,,,,,,,,,,,,,,,,good,population_not_loaded,area_not_loaded
314170,3,3,0,0,100.0,0,,,,,,,,,,,,,,,,,,,,,,good,population_not_loaded,area_not_loaded
314180,13,13,0,0,100.0,0,,,,,,,,,,,,,,,,,,,,,,good,population_not_loaded,area_not_loaded
314190,1,1,0,0,100.0,0,,,,,,,,,,,,,,,,,,,,,,good,population_not_loaded,area_not_loaded
314200,8,8,0,0,100.0,0,,,,,,,,,,,,,,,,,,,,,,good,population_not_loaded,area_not_loaded
314210,5,5,0,0,100.0,0,,,,,,,,,,,,,,,,,,,,,,good,population_not_loaded,area_not_loaded
314220,5,5,0,0,100.0,0,,,,,,,,,,,,,,,,,,,,,,good,population_not_loaded,area_not_loaded
314225,4,4,0,0,100.0,0,,,,,,,,,,,,,,,,,,,,,,good,population_not_loaded,area_not_loaded
314230,2,2,0,0,100.0,0,,,,,,,,,,,,,,,,,,,,,,good,population_not_loaded,area_not_loaded
314240,4,4,0,0,100.0,0,,,,,,,,,,,,,,,,,,,,,,good,population_not_loaded,area_not_loaded
314250,1,1,0,0,100.0,0,,,,,,,,,,,,,,,,,,,,,,good,population_not_loaded,area_not_loaded
314260,4,4,0,0,100.0,0,,,,,,,,,,,,,,,,,,,,,,good,population_not_loaded,area_not_loaded
314270,9,9,0,0,100.0,0,,,,,,,,,,,,,,,,,,,,,,good,population_not_loaded,area_not_loaded
314280,6,6,0,0,100.0,0,,,,,,,,,,,,,,,,,,,,,,good,population_not_loaded,area_not_loaded
314290,16,14,2,2,87.5,2,,,,,,,,,,,,,,,,,,,,,,monitor,population_not_loaded,area_not_loaded
314300,7,7,0,0,100.0,0,,,,,,,,,,,,,,,,,,,,,,good,population_not_loaded,area_not_loaded
314310,14,13,1,1,92.85714285714286,1,,,,,,,,,,,,,,,,,,,,,,monitor,population_not_loaded,area_not_loaded
314315,4,3,1,1,75.0,1,,,,,,,,,,,,,,,,,,,,,,high_attention,population_not_loaded,area_not_loaded
314320,10,10,0,0,100.0,0,,,,,,,,,,,,,,,,,,,,,,good,population_not_loaded,area_not_loaded
314330,140,100,40,40,71.42857142857143,40,,,,,,,,,,,,,,,,,,,,,,high_attention,population_not_loaded,area_not_loaded
314340,1,1,0,0,100.0,0,,,,,,,,,,,,,,,,,,,,,,good,population_not_loaded,area_not_loaded
314345,5,5,0,0,100.0,0,,,,,,,,,,,,,,,,,,,,,,good,population_not_loaded,area_not_loaded
314350,5,5,0,0,100.0,0,,,,,,,,,,,,,,,,,,,,,,good,population_not_loaded,area_not_loaded
314360,1,1,0,0,100.0,0,,,,,,,,,,,,,,,,,,,,,,good,population_not_loaded,area_not_loaded
314370,2,1,1,1,50.0,1,,,,,,,,,,,,,,,,,,,,,,high_attention,population_not_loaded,area_not_loaded
314380,3,3,0,0,100.0,0,,,,,,,,,,,,,,,,,,,,,,good,population_not_loaded,area_not_loaded
314390,38,37,1,1,97.36842105263158,1,,,,,,,,,,,,,,,,,,,,,,good,population_not_loaded,area_not_loaded
314400,12,12,0,0,100.0,0,,,,,,,,,,,,,,,,,,,,,,good,population_not_loaded,area_not_loaded
314410,8,8,0,0,100.0,0,,,,,,,,,,,,,,,,,,,,,,good,population_not_loaded,area_not_loaded
314420,1,1,0,0,100.0,0,,,,,,,,,,,,,,,,,,,,,,good,population_not_loaded,area_not_loaded
314430,3,3,0,0,100.0,0,,,,,,,,,,,,,,,,,,,,,,good,population_not_loaded,area_not_loaded
314435,5,4,1,1,80.0,1,,,,,,,,,,,,,,,,,,,,,,high_attention,population_not_loaded,area_not_loaded
314437,1,1,0,0,100.0,0,,,,,,,,,,,,,,,,,,,,,,good,population_not_loaded,area_not_loaded
314440,4,4,0,0,100.0,0,,,,,,,,,,,,,,,,,,,,,,good,population_not_loaded,area_not_loaded
314450,4,4,0,0,100.0,0,,,,,,,,,,,,,,,,,,,,,,good,population_not_loaded,area_not_loaded
314460,8,8,0,0,100.0,0,,,,,,,,,,,,,,,,,,,,,,good,population_not_loaded,area_not_loaded
314465,5,5,0,0,100.0,0,,,,,,,,,,,,,,,,,,,,,,good,population_not_loaded,area_not_loaded
314467,4,4,0,0,100.0,0,,,,,,,,,,,,,,,,,,,,,,good,population_not_loaded,area_not_loaded
314470,6,6,0,0,100.0,0,,,,,,,,,,,,,,,,,,,,,,good,population_not_loaded,area_not_loaded
314480,22,22,0,0,100.0,0,,,,,,,,,,,,,,,,,,,,,,good,population_not_loaded,area_not_loaded
314490,1,1,0,0,100.0,0,,,,,,,,,,,,,,,,,,,,,,good,population_not_loaded,area_not_loaded
314500,4,4,0,0,100.0,0,,,,,,,,,,,,,,,,,,,,,,good,population_not_loaded,area_not_loaded
314505,2,2,0,0,100.0,0,,,,,,,,,,,,,,,,,,,,,,good,population_not_loaded,area_not_loaded
314510,9,9,0,0,100.0,0,,,,,,,,,,,,,,,,,,,,,,good,population_not_loaded,area_not_loaded
314520,28,28,0,0,100.0,0,,,,,,,,,,,,,,,,,,,,,,good,population_not_loaded,area_not_loaded
314530,10,10,0,0,100.0,0,,,,,,,,,,,,,,,,,,,,,,good,population_not_loaded,area_not_loaded
314535,6,6,0,0,100.0,0,,,,,,,,,,,,,,,,,,,,,,good,population_not_loaded,area_not_loaded
314537,4,3,1,1,75.0,1,,,,,,,,,,,,,,,,,,,,,,high_attention,population_not_loaded,area_not_loaded
314540,1,1,0,0,100.0,0,,,,,,,,,,,,,,,,,,,,,,good,population_not_loaded,area_not_loaded
314545,3,3,0,0,100.0,0,,,,,,,,,,,,,,,,,,,,,,good,population_not_loaded,area_not_loaded
314550,1,1,0,0,100.0,0,,,,,,,,,,,,,,,,,,,,,,good,population_not_loaded,area_not_loaded
314560,15,14,1,1,93.33333333333333,1,,,,,,,,,,,,,,,,,,,,,,monitor,population_not_loaded,area_not_loaded
314570,1,1,0,0,100.0,0,,,,,,,,,,,,,,,,,,,,,,good,population_not_loaded,area_not_loaded
314580,1,1,0,0,100.0,0,,,,,,,,,,,,,,,,,,,,,,good,population_not_loaded,area_not_loaded
314585,2,2,0,0,100.0,0,,,,,,,,,,,,,,,,,,,,,,good,population_not_loaded,area_not_loaded
314587,4,4,0,0,100.0,0,,,,,,,,,,,,,,,,,,,,,,good,population_not_loaded,area_not_loaded
314590,21,13,8,8,61.904761904761905,8,,,,,,,,,,,,,,,,,,,,,,high_attention,population_not_loaded,area_not_loaded
314600,11,9,2,2,81.81818181818183,2,,,,,,,,,,,,,,,,,,,,,,monitor,population_not_loaded,area_not_loaded
314610,26,25,1,1,96.15384615384616,1,,,,,,,,,,,,,,,,,,,,,,good,population_not_loaded,area_not_loaded
314620,6,5,1,1,83.33333333333334,1,,,,,,,,,,,,,,,,,,,,,,monitor,population_not_loaded,area_not_loaded
314625,2,2,0,0,100.0,0,,,,,,,,,,,,,,,,,,,,,,good,population_not_loaded,area_not_loaded
314630,9,9,0,0,100.0,0,,,,,,,,,,,,,,,,,,,,,,good,population_not_loaded,area_not_loaded
314640,3,3,0,0,100.0,0,,,,,,,,,,,,,,,,,,,,,,good,population_not_loaded,area_not_loaded
314650,3,2,1,1,66.66666666666666,1,,,,,,,,,,,,,,,,,,,,,,high_attention,population_not_loaded,area_not_loaded
314655,2,2,0,0,100.0,0,,,,,,,,,,,,,,,,,,,,,,good,population_not_loaded,area_not_loaded
314660,1,1,0,0,100.0,0,,,,,,,,,,,,,,,,,,,,,,good,population_not_loaded,area_not_loaded
314670,4,4,0,0,100.0,0,,,,,,,,,,,,,,,,,,,,,,good,population_not_loaded,area_not_loaded
314675,4,4,0,0,100.0,0,,,,,,,,,,,,,,,,,,,,,,good,population_not_loaded,area_not_loaded
314690,7,7,0,0,100.0,0,,,,,,,,,,,,,,,,,,,,,,good,population_not_loaded,area_not_loaded
314700,18,17,1,1,94.44444444444444,1,,,,,,,,,,,,,,,,,,,,,,monitor,population_not_loaded,area_not_loaded
314710,27,27,0,0,100.0,0,,,,,,,,,,,,,,,,,,,,,,good,population_not_loaded,area_not_loaded
314720,9,9,0,0,100.0,0,,,,,,,,,,,,,,,,,,,,,,good,population_not_loaded,area_not_loaded
314730,8,8,0,0,100.0,0,,,,,,,,,,,,,,,,,,,,,,good,population_not_loaded,area_not_loaded
314740,4,4,0,0,100.0,0,,,,,,,,,,,,,,,,,,,,,,good,population_not_loaded,area_not_loaded
314750,1,1,0,0,100.0,0,,,,,,,,,,,,,,,,,,,,,,good,population_not_loaded,area_not_loaded
314760,9,8,1,1,88.88888888888889,1,,,,,,,,,,,,,,,,,,,,,,monitor,population_not_loaded,area_not_loaded
314770,4,4,0,0,100.0,0,,,,,,,,,,,,,,,,,,,,,,good,population_not_loaded,area_not_loaded
314780,2,2,0,0,100.0,0,,,,,,,,,,,,,,,,,,,,,,good,population_not_loaded,area_not_loaded
314790,30,29,1,1,96.66666666666667,1,,,,,,,,,,,,,,,,,,,,,,good,population_not_loaded,area_not_loaded
314795,3,3,0,0,100.0,0,,,,,,,,,,,,,,,,,,,,,,good,population_not_loaded,area_not_loaded
314800,37,34,3,3,91.8918918918919,3,,,,,,,,,,,,,,,,,,,,,,monitor,population_not_loaded,area_not_loaded
314810,19,19,0,0,100.0,0,,,,,,,,,,,,,,,,,,,,,,good,population_not_loaded,area_not_loaded
314820,3,3,0,0,100.0,0,,,,,,,,,,,,,,,,,,,,,,good,population_not_loaded,area_not_loaded
314830,4,4,0,0,100.0,0,,,,,,,,,,,,,,,,,,,,,,good,population_not_loaded,area_not_loaded
314840,3,3,0,0,100.0,0,,,,,,,,,,,,,,,,,,,,,,good,population_not_loaded,area_not_loaded
314850,4,4,0,0,100.0,0,,,,,,,,,,,,,,,,,,,,,,good,population_not_loaded,area_not_loaded
314860,3,3,0,0,100.0,0,,,,,,,,,,,,,,,,,,,,,,good,population_not_loaded,area_not_loaded
314870,8,8,0,0,100.0,0,,,,,,,,,,,,,,,,,,,,,,good,population_not_loaded,area_not_loaded
314875,4,4,0,0,100.0,0,,,,,,,,,,,,,,,,,,,,,,good,population_not_loaded,area_not_loaded
314880,3,3,0,0,100.0,0,,,,,,,,,,,,,,,,,,,,,,good,population_not_loaded,area_not_loaded
314890,3,2,1,1,66.66666666666666,1,,,,,,,,,,,,,,,,,,,,,,high_attention,population_not_loaded,area_not_loaded
314900,2,2,0,0,100.0,0,,,,,,,,,,,,,,,,,,,,,,good,population_not_loaded,area_not_loaded
314910,5,5,0,0,100.0,0,,,,,,,,,,,,,,,,,,,,,,good,population_not_loaded,area_not_loaded
314915,8,8,0,0,100.0,0,,,,,,,,,,,,,,,,,,,,,,good,population_not_loaded,area_not_loaded
314920,1,1,0,0,100.0,0,,,,,,,,,,,,,,,,,,,,,,good,population_not_loaded,area_not_loaded
314930,22,21,1,1,95.45454545454545,1,,,,,,,,,,,,,,,,,,,,,,good,population_not_loaded,area_not_loaded
314940,1,1,0,0,100.0,0,,,,,,,,,,,,,,,,,,,,,,good,population_not_loaded,area_not_loaded
314950,2,2,0,0,100.0,0,,,,,,,,,,,,,,,,,,,,,,good,population_not_loaded,area_not_loaded
314960,3,3,0,0,100.0,0,,,,,,,,,,,,,,,,,,,,,,good,population_not_loaded,area_not_loaded
314970,6,6,0,0,100.0,0,,,,,,,,,,,,,,,,,,,,,,good,population_not_loaded,area_not_loaded
314980,7,6,1,1,85.71428571428571,1,,,,,,,,,,,,,,,,,,,,,,monitor,population_not_loaded,area_not_loaded
314990,11,11,0,0,100.0,0,,,,,,,,,,,,,,,,,,,,,,good,population_not_loaded,area_not_loaded
314995,4,3,1,1,75.0,1,,,,,,,,,,,,,,,,,,,,,,high_attention,population_not_loaded,area_not_loaded
315000,2,2,0,0,100.0,0,,,,,,,,,,,,,,,,,,,,,,good,population_not_loaded,area_not_loaded
315010,1,1,0,0,100.0,0,,,,,,,,,,,,,,,,,,,,,,good,population_not_loaded,area_not_loaded
315015,4,4,0,0,100.0,0,,,,,,,,,,,,,,,,,,,,,,good,population_not_loaded,area_not_loaded
315020,3,3,0,0,100.0,0,,,,,,,,,,,,,,,,,,,,,,good,population_not_loaded,area_not_loaded
315030,3,3,0,0,100.0,0,,,,,,,,,,,,,,,,,,,,,,good,population_not_loaded,area_not_loaded
315040,4,4,0,0,100.0,0,,,,,,,,,,,,,,,,,,,,,,good,population_not_loaded,area_not_loaded
315050,3,3,0,0,100.0,0,,,,,,,,,,,,,,,,,,,,,,good,population_not_loaded,area_not_loaded
315053,2,2,0,0,100.0,0,,,,,,,,,,,,,,,,,,,,,,good,population_not_loaded,area_not_loaded
315057,1,1,0,0,100.0,0,,,,,,,,,,,,,,,,,,,,,,good,population_not_loaded,area_not_loaded
315060,4,4,0,0,100.0,0,,,,,,,,,,,,,,,,,,,,,,good,population_not_loaded,area_not_loaded
315070,1,1,0,0,100.0,0,,,,,,,,,,,,,,,,,,,,,,good,population_not_loaded,area_not_loaded
315080,1,1,0,0,100.0,0,,,,,,,,,,,,,,,,,,,,,,good,population_not_loaded,area_not_loaded
315090,4,4,0,0,100.0,0,,,,,,,,,,,,,,,,,,,,,,good,population_not_loaded,area_not_loaded
315100,1,1,0,0,100.0,0,,,,,,,,,,,,,,,,,,,,,,good,population_not_loaded,area_not_loaded
315110,4,4,0,0,100.0,0,,,,,,,,,,,,,,,,,,,,,,good,population_not_loaded,area_not_loaded
315120,20,20,0,0,100.0,0,,,,,,,,,,,,,,,,,,,,,,good,population_not_loaded,area_not_loaded
315130,7,7,0,0,100.0,0,,,,,,,,,,,,,,,,,,,,,,good,population_not_loaded,area_not_loaded
315140,11,11,0,0,100.0,0,,,,,,,,,,,,,,,,,,,,,,good,population_not_loaded,area_not_loaded
315150,16,16,0,0,100.0,0,,,,,,,,,,,,,,,,,,,,,,good,population_not_loaded,area_not_loaded
315160,5,5,0,0,100.0,0,,,,,,,,,,,,,,,,,,,,,,good,population_not_loaded,area_not_loaded
315170,7,7,0,0,100.0,0,,,,,,,,,,,,,,,,,,,,,,good,population_not_loaded,area_not_loaded
315180,41,37,4,4,90.2439024390244,4,,,,,,,,,,,,,,,,,,,,,,monitor,population_not_loaded,area_not_loaded
315190,4,4,0,0,100.0,0,,,,,,,,,,,,,,,,,,,,,,good,population_not_loaded,area_not_loaded
315200,10,8,2,2,80.0,2,,,,,,,,,,,,,,,,,,,,,,high_attention,population_not_loaded,area_not_loaded
315210,15,11,4,4,73.33333333333333,4,,,,,,,,,,,,,,,,,,,,,,high_attention,population_not_loaded,area_not_loaded
315213,4,4,0,0,100.0,0,,,,,,,,,,,,,,,,,,,,,,good,population_not_loaded,area_not_loaded
315217,7,7,0,0,100.0,0,,,,,,,,,,,,,,,,,,,,,,good,population_not_loaded,area_not_loaded
315220,17,17,0,0,100.0,0,,,,,,,,,,,,,,,,,,,,,,good,population_not_loaded,area_not_loaded
315230,6,5,1,1,83.33333333333334,1,,,,,,,,,,,,,,,,,,,,,,monitor,population_not_loaded,area_not_loaded
315240,7,6,1,1,85.71428571428571,1,,,,,,,,,,,,,,,,,,,,,,monitor,population_not_loaded,area_not_loaded
315250,27,26,1,1,96.29629629629629,1,,,,,,,,,,,,,,,,,,,,,,good,population_not_loaded,area_not_loaded
315260,2,2,0,0,100.0,0,,,,,,,,,,,,,,,,,,,,,,good,population_not_loaded,area_not_loaded
315270,3,3,0,0,100.0,0,,,,,,,,,,,,,,,,,,,,,,good,population_not_loaded,area_not_loaded
315280,9,8,1,1,88.88888888888889,1,,,,,,,,,,,,,,,,,,,,,,monitor,population_not_loaded,area_not_loaded
315290,5,5,0,0,100.0,0,,,,,,,,,,,,,,,,,,,,,,good,population_not_loaded,area_not_loaded
315300,2,2,0,0,100.0,0,,,,,,,,,,,,,,,,,,,,,,good,population_not_loaded,area_not_loaded
315310,4,4,0,0,100.0,0,,,,,,,,,,,,,,,,,,,,,,good,population_not_loaded,area_not_loaded
315320,1,1,0,0,100.0,0,,,,,,,,,,,,,,,,,,,,,,good,population_not_loaded,area_not_loaded
315330,2,2,0,0,100.0,0,,,,,,,,,,,,,,,,,,,,,,good,population_not_loaded,area_not_loaded
315340,8,8,0,0,100.0,0,,,,,,,,,,,,,,,,,,,,,,good,population_not_loaded,area_not_loaded
315350,3,3,0,0,100.0,0,,,,,,,,,,,,,,,,,,,,,,good,population_not_loaded,area_not_loaded
315360,6,5,1,1,83.33333333333334,1,,,,,,,,,,,,,,,,,,,,,,monitor,population_not_loaded,area_not_loaded
315370,1,1,0,0,100.0,0,,,,,,,,,,,,,,,,,,,,,,good,population_not_loaded,area_not_loaded
315380,1,1,0,0,100.0,0,,,,,,,,,,,,,,,,,,,,,,good,population_not_loaded,area_not_loaded
315390,4,4,0,0,100.0,0,,,,,,,,,,,,,,,,,,,,,,good,population_not_loaded,area_not_loaded
315400,9,9,0,0,100.0,0,,,,,,,,,,,,,,,,,,,,,,good,population_not_loaded,area_not_loaded
315410,4,4,0,0,100.0,0,,,,,,,,,,,,,,,,,,,,,,good,population_not_loaded,area_not_loaded
315415,5,5,0,0,100.0,0,,,,,,,,,,,,,,,,,,,,,,good,population_not_loaded,area_not_loaded
315420,5,5,0,0,100.0,0,,,,,,,,,,,,,,,,,,,,,,good,population_not_loaded,area_not_loaded
315430,6,6,0,0,100.0,0,,,,,,,,,,,,,,,,,,,,,,good,population_not_loaded,area_not_loaded
315440,5,5,0,0,100.0,0,,,,,,,,,,,,,,,,,,,,,,good,population_not_loaded,area_not_loaded
315445,6,6,0,0,100.0,0,,,,,,,,,,,,,,,,,,,,,,good,population_not_loaded,area_not_loaded
315450,6,5,1,1,83.33333333333334,1,,,,,,,,,,,,,,,,,,,,,,monitor,population_not_loaded,area_not_loaded
315460,72,70,2,2,97.22222222222221,2,,,,,,,,,,,,,,,,,,,,,,good,population_not_loaded,area_not_loaded
315470,2,2,0,0,100.0,0,,,,,,,,,,,,,,,,,,,,,,good,population_not_loaded,area_not_loaded
315480,3,3,0,0,100.0,0,,,,,,,,,,,,,,,,,,,,,,good,population_not_loaded,area_not_loaded
315490,7,7,0,0,100.0,0,,,,,,,,,,,,,,,,,,,,,,good,population_not_loaded,area_not_loaded
315500,2,2,0,0,100.0,0,,,,,,,,,,,,,,,,,,,,,,good,population_not_loaded,area_not_loaded
315510,4,4,0,0,100.0,0,,,,,,,,,,,,,,,,,,,,,,good,population_not_loaded,area_not_loaded
315520,1,1,0,0,100.0,0,,,,,,,,,,,,,,,,,,,,,,good,population_not_loaded,area_not_loaded
315530,3,3,0,0,100.0,0,,,,,,,,,,,,,,,,,,,,,,good,population_not_loaded,area_not_loaded
315540,4,4,0,0,100.0,0,,,,,,,,,,,,,,,,,,,,,,good,population_not_loaded,area_not_loaded
315550,5,5,0,0,100.0,0,,,,,,,,,,,,,,,,,,,,,,good,population_not_loaded,area_not_loaded
315560,16,15,1,1,93.75,1,,,,,,,,,,,,,,,,,,,,,,monitor,population_not_loaded,area_not_loaded
315570,3,3,0,0,100.0,0,,,,,,,,,,,,,,,,,,,,,,good,population_not_loaded,area_not_loaded
315580,7,7,0,0,100.0,0,,,,,,,,,,,,,,,,,,,,,,good,population_not_loaded,area_not_loaded
315590,4,4,0,0,100.0,0,,,,,,,,,,,,,,,,,,,,,,good,population_not_loaded,area_not_loaded
315600,5,5,0,0,100.0,0,,,,,,,,,,,,,,,,,,,,,,good,population_not_loaded,area_not_loaded
315610,2,2,0,0,100.0,0,,,,,,,,,,,,,,,,,,,,,,good,population_not_loaded,area_not_loaded
315620,1,1,0,0,100.0,0,,,,,,,,,,,,,,,,,,,,,,good,population_not_loaded,area_not_loaded
315630,3,3,0,0,100.0,0,,,,,,,,,,,,,,,,,,,,,,good,population_not_loaded,area_not_loaded
315640,1,1,0,0,100.0,0,,,,,,,,,,,,,,,,,,,,,,good,population_not_loaded,area_not_loaded
315645,2,2,0,0,100.0,0,,,,,,,,,,,,,,,,,,,,,,good,population_not_loaded,area_not_loaded
315650,5,5,0,0,100.0,0,,,,,,,,,,,,,,,,,,,,,,good,population_not_loaded,area_not_loaded
315660,5,5,0,0,100.0,0,,,,,,,,,,,,,,,,,,,,,,good,population_not_loaded,area_not_loaded
315670,22,21,1,1,95.45454545454545,1,,,,,,,,,,,,,,,,,,,,,,good,population_not_loaded,area_not_loaded
315680,7,6,1,1,85.71428571428571,1,,,,,,,,,,,,,,,,,,,,,,monitor,population_not_loaded,area_not_loaded
315690,10,8,2,2,80.0,2,,,,,,,,,,,,,,,,,,,,,,high_attention,population_not_loaded,area_not_loaded
315700,13,13,0,0,100.0,0,,,,,,,,,,,,,,,,,,,,,,good,population_not_loaded,area_not_loaded
315710,3,3,0,0,100.0,0,,,,,,,,,,,,,,,,,,,,,,good,population_not_loaded,area_not_loaded
315720,11,11,0,0,100.0,0,,,,,,,,,,,,,,,,,,,,,,good,population_not_loaded,area_not_loaded
315725,2,2,0,0,100.0,0,,,,,,,,,,,,,,,,,,,,,,good,population_not_loaded,area_not_loaded
315727,2,2,0,0,100.0,0,,,,,,,,,,,,,,,,,,,,,,good,population_not_loaded,area_not_loaded
315730,1,1,0,0,100.0,0,,,,,,,,,,,,,,,,,,,,,,good,population_not_loaded,area_not_loaded
315733,4,4,0,0,100.0,0,,,,,,,,,,,,,,,,,,,,,,good,population_not_loaded,area_not_loaded
315737,2,2,0,0,100.0,0,,,,,,,,,,,,,,,,,,,,,,good,population_not_loaded,area_not_loaded
315740,2,2,0,0,100.0,0,,,,,,,,,,,,,,,,,,,,,,good,population_not_loaded,area_not_loaded
315750,3,3,0,0,100.0,0,,,,,,,,,,,,,,,,,,,,,,good,population_not_loaded,area_not_loaded
315760,3,3,0,0,100.0,0,,,,,,,,,,,,,,,,,,,,,,good,population_not_loaded,area_not_loaded
315765,4,4,0,0,100.0,0,,,,,,,,,,,,,,,,,,,,,,good,population_not_loaded,area_not_loaded
315770,3,2,1,1,66.66666666666666,1,,,,,,,,,,,,,,,,,,,,,,high_attention,population_not_loaded,area_not_loaded
315780,33,31,2,2,93.93939393939394,2,,,,,,,,,,,,,,,,,,,,,,monitor,population_not_loaded,area_not_loaded
315790,2,2,0,0,100.0,0,,,,,,,,,,,,,,,,,,,,,,good,population_not_loaded,area_not_loaded
315800,3,3,0,0,100.0,0,,,,,,,,,,,,,,,,,,,,,,good,population_not_loaded,area_not_loaded
315810,2,2,0,0,100.0,0,,,,,,,,,,,,,,,,,,,,,,good,population_not_loaded,area_not_loaded
315820,1,1,0,0,100.0,0,,,,,,,,,,,,,,,,,,,,,,good,population_not_loaded,area_not_loaded
315830,4,4,0,0,100.0,0,,,,,,,,,,,,,,,,,,,,,,good,population_not_loaded,area_not_loaded
315840,2,2,0,0,100.0,0,,,,,,,,,,,,,,,,,,,,,,good,population_not_loaded,area_not_loaded
315850,5,3,2,2,60.0,2,,,,,,,,,,,,,,,,,,,,,,high_attention,population_not_loaded,area_not_loaded
315860,1,1,0,0,100.0,0,,,,,,,,,,,,,,,,,,,,,,good,population_not_loaded,area_not_loaded
315870,1,1,0,0,100.0,0,,,,,,,,,,,,,,,,,,,,,,good,population_not_loaded,area_not_loaded
315880,3,3,0,0,100.0,0,,,,,,,,,,,,,,,,,,,,,,good,population_not_loaded,area_not_loaded
315890,1,1,0,0,100.0,0,,,,,,,,,,,,,,,,,,,,,,good,population_not_loaded,area_not_loaded
315895,12,12,0,0,100.0,0,,,,,,,,,,,,,,,,,,,,,,good,population_not_loaded,area_not_loaded
315900,3,3,0,0,100.0,0,,,,,,,,,,,,,,,,,,,,,,good,population_not_loaded,area_not_loaded
315910,2,2,0,0,100.0,0,,,,,,,,,,,,,,,,,,,,,,good,population_not_loaded,area_not_loaded
315920,4,4,0,0,100.0,0,,,,,,,,,,,,,,,,,,,,,,good,population_not_loaded,area_not_loaded
315930,3,2,1,1,66.66666666666666,1,,,,,,,,,,,,,,,,,,,,,,high_attention,population_not_loaded,area_not_loaded
315935,4,4,0,0,100.0,0,,,,,,,,,,,,,,,,,,,,,,good,population_not_loaded,area_not_loaded
315940,1,1,0,0,100.0,0,,,,,,,,,,,,,,,,,,,,,,good,population_not_loaded,area_not_loaded
315950,3,3,0,0,100.0,0,,,,,,,,,,,,,,,,,,,,,,good,population_not_loaded,area_not_loaded
315960,12,12,0,0,100.0,0,,,,,,,,,,,,,,,,,,,,,,good,population_not_loaded,area_not_loaded
315970,1,1,0,0,100.0,0,,,,,,,,,,,,,,,,,,,,,,good,population_not_loaded,area_not_loaded
315980,7,7,0,0,100.0,0,,,,,,,,,,,,,,,,,,,,,,good,population_not_loaded,area_not_loaded
315990,6,6,0,0,100.0,0,,,,,,,,,,,,,,,,,,,,,,good,population_not_loaded,area_not_loaded
316000,3,3,0,0,100.0,0,,,,,,,,,,,,,,,,,,,,,,good,population_not_loaded,area_not_loaded
316010,3,3,0,0,100.0,0,,,,,,,,,,,,,,,,,,,,,,good,population_not_loaded,area_not_loaded
316020,2,2,0,0,100.0,0,,,,,,,,,,,,,,,,,,,,,,good,population_not_loaded,area_not_loaded
316030,5,5,0,0,100.0,0,,,,,,,,,,,,,,,,,,,,,,good,population_not_loaded,area_not_loaded
316040,13,13,0,0,100.0,0,,,,,,,,,,,,,,,,,,,,,,good,population_not_loaded,area_not_loaded
316045,5,5,0,0,100.0,0,,,,,,,,,,,,,,,,,,,,,,good,population_not_loaded,area_not_loaded
316050,1,1,0,0,100.0,0,,,,,,,,,,,,,,,,,,,,,,good,population_not_loaded,area_not_loaded
316060,1,1,0,0,100.0,0,,,,,,,,,,,,,,,,,,,,,,good,population_not_loaded,area_not_loaded
316070,20,20,0,0,100.0,0,,,,,,,,,,,,,,,,,,,,,,good,population_not_loaded,area_not_loaded
316080,4,4,0,0,100.0,0,,,,,,,,,,,,,,,,,,,,,,good,population_not_loaded,area_not_loaded
316090,1,1,0,0,100.0,0,,,,,,,,,,,,,,,,,,,,,,good,population_not_loaded,area_not_loaded
316095,3,3,0,0,100.0,0,,,,,,,,,,,,,,,,,,,,,,good,population_not_loaded,area_not_loaded
316100,2,2,0,0,100.0,0,,,,,,,,,,,,,,,,,,,,,,good,population_not_loaded,area_not_loaded
316105,2,2,0,0,100.0,0,,,,,,,,,,,,,,,,,,,,,,good,population_not_loaded,area_not_loaded
316110,20,20,0,0,100.0,0,,,,,,,,,,,,,,,,,,,,,,good,population_not_loaded,area_not_loaded
316120,3,3,0,0,100.0,0,,,,,,,,,,,,,,,,,,,,,,good,population_not_loaded,area_not_loaded
316130,3,3,0,0,100.0,0,,,,,,,,,,,,,,,,,,,,,,good,population_not_loaded,area_not_loaded
316140,3,3,0,0,100.0,0,,,,,,,,,,,,,,,,,,,,,,good,population_not_loaded,area_not_loaded
316150,5,5,0,0,100.0,0,,,,,,,,,,,,,,,,,,,,,,good,population_not_loaded,area_not_loaded
316160,2,2,0,0,100.0,0,,,,,,,,,,,,,,,,,,,,,,good,population_not_loaded,area_not_loaded
316165,2,2,0,0,100.0,0,,,,,,,,,,,,,,,,,,,,,,good,population_not_loaded,area_not_loaded
316170,3,3,0,0,100.0,0,,,,,,,,,,,,,,,,,,,,,,good,population_not_loaded,area_not_loaded
316180,6,6,0,0,100.0,0,,,,,,,,,,,,,,,,,,,,,,good,population_not_loaded,area_not_loaded
316190,5,5,0,0,100.0,0,,,,,,,,,,,,,,,,,,,,,,good,population_not_loaded,area_not_loaded
316200,10,10,0,0,100.0,0,,,,,,,,,,,,,,,,,,,,,,good,population_not_loaded,area_not_loaded
316210,15,15,0,0,100.0,0,,,,,,,,,,,,,,,,,,,,,,good,population_not_loaded,area_not_loaded
316220,4,4,0,0,100.0,0,,,,,,,,,,,,,,,,,,,,,,good,population_not_loaded,area_not_loaded
316225,3,3,0,0,100.0,0,,,,,,,,,,,,,,,,,,,,,,good,population_not_loaded,area_not_loaded
316230,2,2,0,0,100.0,0,,,,,,,,,,,,,,,,,,,,,,good,population_not_loaded,area_not_loaded
316240,16,14,2,2,87.5,2,,,,,,,,,,,,,,,,,,,,,,monitor,population_not_loaded,area_not_loaded
316245,5,5,0,0,100.0,0,,,,,,,,,,,,,,,,,,,,,,good,population_not_loaded,area_not_loaded
316250,24,24,0,0,100.0,0,,,,,,,,,,,,,,,,,,,,,,good,population_not_loaded,area_not_loaded
316255,3,3,0,0,100.0,0,,,,,,,,,,,,,,,,,,,,,,good,population_not_loaded,area_not_loaded
316257,3,3,0,0,100.0,0,,,,,,,,,,,,,,,,,,,,,,good,population_not_loaded,area_not_loaded
316260,5,5,0,0,100.0,0,,,,,,,,,,,,,,,,,,,,,,good,population_not_loaded,area_not_loaded
316265,1,1,0,0,100.0,0,,,,,,,,,,,,,,,,,,,,,,good,population_not_loaded,area_not_loaded
316270,8,8,0,0,100.0,0,,,,,,,,,,,,,,,,,,,,,,good,population_not_loaded,area_not_loaded
316280,10,10,0,0,100.0,0,,,,,,,,,,,,,,,,,,,,,,good,population_not_loaded,area_not_loaded
316290,4,4,0,0,100.0,0,,,,,,,,,,,,,,,,,,,,,,good,population_not_loaded,area_not_loaded
316292,12,12,0,0,100.0,0,,,,,,,,,,,,,,,,,,,,,,good,population_not_loaded,area_not_loaded
316294,3,3,0,0,100.0,0,,,,,,,,,,,,,,,,,,,,,,good,population_not_loaded,area_not_loaded
316295,9,9,0,0,100.0,0,,,,,,,,,,,,,,,,,,,,,,good,population_not_loaded,area_not_loaded
316300,2,2,0,0,100.0,0,,,,,,,,,,,,,,,,,,,,,,good,population_not_loaded,area_not_loaded
316310,3,3,0,0,100.0,0,,,,,,,,,,,,,,,,,,,,,,good,population_not_loaded,area_not_loaded
316320,3,3,0,0,100.0,0,,,,,,,,,,,,,,,,,,,,,,good,population_not_loaded,area_not_loaded
316330,2,2,0,0,100.0,0,,,,,,,,,,,,,,,,,,,,,,good,population_not_loaded,area_not_loaded
316340,3,3,0,0,100.0,0,,,,,,,,,,,,,,,,,,,,,,good,population_not_loaded,area_not_loaded
316350,4,2,2,2,50.0,2,,,,,,,,,,,,,,,,,,,,,,high_attention,population_not_loaded,area_not_loaded
316360,2,2,0,0,100.0,0,,,,,,,,,,,,,,,,,,,,,,good,population_not_loaded,area_not_loaded
316370,15,14,1,1,93.33333333333333,1,,,,,,,,,,,,,,,,,,,,,,monitor,population_not_loaded,area_not_loaded
316380,4,4,0,0,100.0,0,,,,,,,,,,,,,,,,,,,,,,good,population_not_loaded,area_not_loaded
316390,3,3,0,0,100.0,0,,,,,,,,,,,,,,,,,,,,,,good,population_not_loaded,area_not_loaded
316400,4,3,1,1,75.0,1,,,,,,,,,,,,,,,,,,,,,,high_attention,population_not_loaded,area_not_loaded
316410,4,4,0,0,100.0,0,,,,,,,,,,,,,,,,,,,,,,good,population_not_loaded,area_not_loaded
316420,7,7,0,0,100.0,0,,,,,,,,,,,,,,,,,,,,,,good,population_not_loaded,area_not_loaded
316430,3,3,0,0,100.0,0,,,,,,,,,,,,,,,,,,,,,,good,population_not_loaded,area_not_loaded
316440,2,2,0,0,100.0,0,,,,,,,,,,,,,,,,,,,,,,good,population_not_loaded,area_not_loaded
316443,2,2,0,0,100.0,0,,,,,,,,,,,,,,,,,,,,,,good,population_not_loaded,area_not_loaded
316447,2,2,0,0,100.0,0,,,,,,,,,,,,,,,,,,,,,,good,population_not_loaded,area_not_loaded
316450,4,4,0,0,100.0,0,,,,,,,,,,,,,,,,,,,,,,good,population_not_loaded,area_not_loaded
316460,9,4,5,5,44.44444444444444,5,,,,,,,,,,,,,,,,,,,,,,high_attention,population_not_loaded,area_not_loaded
316470,29,28,1,1,96.55172413793103,1,,,,,,,,,,,,,,,,,,,,,,good,population_not_loaded,area_not_loaded
316480,1,1,0,0,100.0,0,,,,,,,,,,,,,,,,,,,,,,good,population_not_loaded,area_not_loaded
316490,2,2,0,0,100.0,0,,,,,,,,,,,,,,,,,,,,,,good,population_not_loaded,area_not_loaded
316500,4,4,0,0,100.0,0,,,,,,,,,,,,,,,,,,,,,,good,population_not_loaded,area_not_loaded
316510,3,3,0,0,100.0,0,,,,,,,,,,,,,,,,,,,,,,good,population_not_loaded,area_not_loaded
316520,4,4,0,0,100.0,0,,,,,,,,,,,,,,,,,,,,,,good,population_not_loaded,area_not_loaded
316530,4,4,0,0,100.0,0,,,,,,,,,,,,,,,,,,,,,,good,population_not_loaded,area_not_loaded
316540,3,3,0,0,100.0,0,,,,,,,,,,,,,,,,,,,,,,good,population_not_loaded,area_not_loaded
316550,2,2,0,0,100.0,0,,,,,,,,,,,,,,,,,,,,,,good,population_not_loaded,area_not_loaded
316553,11,11,0,0,100.0,0,,,,,,,,,,,,,,,,,,,,,,good,population_not_loaded,area_not_loaded
316555,4,4,0,0,100.0,0,,,,,,,,,,,,,,,,,,,,,,good,population_not_loaded,area_not_loaded
316556,2,2,0,0,100.0,0,,,,,,,,,,,,,,,,,,,,,,good,population_not_loaded,area_not_loaded
316557,3,3,0,0,100.0,0,,,,,,,,,,,,,,,,,,,,,,good,population_not_loaded,area_not_loaded
316560,2,2,0,0,100.0,0,,,,,,,,,,,,,,,,,,,,,,good,population_not_loaded,area_not_loaded
316570,5,4,1,1,80.0,1,,,,,,,,,,,,,,,,,,,,,,high_attention,population_not_loaded,area_not_loaded
316580,2,2,0,0,100.0,0,,,,,,,,,,,,,,,,,,,,,,good,population_not_loaded,area_not_loaded
316590,2,2,0,0,100.0,0,,,,,,,,,,,,,,,,,,,,,,good,population_not_loaded,area_not_loaded
316600,1,1,0,0,100.0,0,,,,,,,,,,,,,,,,,,,,,,good,population_not_loaded,area_not_loaded
316610,2,2,0,0,100.0,0,,,,,,,,,,,,,,,,,,,,,,good,population_not_loaded,area_not_loaded
316620,3,3,0,0,100.0,0,,,,,,,,,,,,,,,,,,,,,,good,population_not_loaded,area_not_loaded
316630,2,2,0,0,100.0,0,,,,,,,,,,,,,,,,,,,,,,good,population_not_loaded,area_not_loaded
316640,1,1,0,0,100.0,0,,,,,,,,,,,,,,,,,,,,,,good,population_not_loaded,area_not_loaded
316650,1,1,0,0,100.0,0,,,,,,,,,,,,,,,,,,,,,,good,population_not_loaded,area_not_loaded
316660,1,1,0,0,100.0,0,,,,,,,,,,,,,,,,,,,,,,good,population_not_loaded,area_not_loaded
316670,5,4,1,1,80.0,1,,,,,,,,,,,,,,,,,,,,,,high_attention,population_not_loaded,area_not_loaded
316680,5,5,0,0,100.0,0,,,,,,,,,,,,,,,,,,,,,,good,population_not_loaded,area_not_loaded
316690,3,3,0,0,100.0,0,,,,,,,,,,,,,,,,,,,,,,good,population_not_loaded,area_not_loaded
316695,4,4,0,0,100.0,0,,,,,,,,,,,,,,,,,,,,,,good,population_not_loaded,area_not_loaded
316700,1,1,0,0,100.0,0,,,,,,,,,,,,,,,,,,,,,,good,population_not_loaded,area_not_loaded
316710,8,8,0,0,100.0,0,,,,,,,,,,,,,,,,,,,,,,good,population_not_loaded,area_not_loaded
316720,68,64,4,4,94.11764705882352,4,,,,,,,,,,,,,,,,,,,,,,monitor,population_not_loaded,area_not_loaded
316730,2,2,0,0,100.0,0,,,,,,,,,,,,,,,,,,,,,,good,population_not_loaded,area_not_loaded
316740,2,2,0,0,100.0,0,,,,,,,,,,,,,,,,,,,,,,good,population_not_loaded,area_not_loaded
316750,2,2,0,0,100.0,0,,,,,,,,,,,,,,,,,,,,,,good,population_not_loaded,area_not_loaded
316760,10,10,0,0,100.0,0,,,,,,,,,,,,,,,,,,,,,,good,population_not_loaded,area_not_loaded
316770,5,5,0,0,100.0,0,,,,,,,,,,,,,,,,,,,,,,good,population_not_loaded,area_not_loaded
316780,2,2,0,0,100.0,0,,,,,,,,,,,,,,,,,,,,,,good,population_not_loaded,area_not_loaded
316790,3,3,0,0,100.0,0,,,,,,,,,,,,,,,,,,,,,,good,population_not_loaded,area_not_loaded
316800,14,12,2,2,85.71428571428571,2,,,,,,,,,,,,,,,,,,,,,,monitor,population_not_loaded,area_not_loaded
316805,4,3,1,1,75.0,1,,,,,,,,,,,,,,,,,,,,,,high_attention,population_not_loaded,area_not_loaded
316810,2,2,0,0,100.0,0,,,,,,,,,,,,,,,,,,,,,,good,population_not_loaded,area_not_loaded
316830,3,3,0,0,100.0,0,,,,,,,,,,,,,,,,,,,,,,good,population_not_loaded,area_not_loaded
316840,9,9,0,0,100.0,0,,,,,,,,,,,,,,,,,,,,,,good,population_not_loaded,area_not_loaded
316850,6,6,0,0,100.0,0,,,,,,,,,,,,,,,,,,,,,,good,population_not_loaded,area_not_loaded
316860,55,52,3,3,94.54545454545455,3,,,,,,,,,,,,,,,,,,,,,,monitor,population_not_loaded,area_not_loaded
316870,18,18,0,0,100.0,0,,,,,,,,,,,,,,,,,,,,,,good,population_not_loaded,area_not_loaded
316880,6,6,0,0,100.0,0,,,,,,,,,,,,,,,,,,,,,,good,population_not_loaded,area_not_loaded
316890,3,3,0,0,100.0,0,,,,,,,,,,,,,,,,,,,,,,good,population_not_loaded,area_not_loaded
316900,10,7,3,3,70.0,3,,,,,,,,,,,,,,,,,,,,,,high_attention,population_not_loaded,area_not_loaded
316905,2,2,0,0,100.0,0,,,,,,,,,,,,,,,,,,,,,,good,population_not_loaded,area_not_loaded
316910,1,1,0,0,100.0,0,,,,,,,,,,,,,,,,,,,,,,good,population_not_loaded,area_not_loaded
316920,5,5,0,0,100.0,0,,,,,,,,,,,,,,,,,,,,,,good,population_not_loaded,area_not_loaded
316930,18,16,2,2,88.88888888888889,2,,,,,,,,,,,,,,,,,,,,,,monitor,population_not_loaded,area_not_loaded
316935,12,11,1,1,91.66666666666666,1,,,,,,,,,,,,,,,,,,,,,,monitor,population_not_loaded,area_not_loaded
316940,17,17,0,0,100.0,0,,,,,,,,,,,,,,,,,,,,,,good,population_not_loaded,area_not_loaded
316950,4,4,0,0,100.0,0,,,,,,,,,,,,,,,,,,,,,,good,population_not_loaded,area_not_loaded
316960,6,6,0,0,100.0,0,,,,,,,,,,,,,,,,,,,,,,good,population_not_loaded,area_not_loaded
316970,9,9,0,0,100.0,0,,,,,,,,,,,,,,,,,,,,,,good,population_not_loaded,area_not_loaded
316980,2,2,0,0,100.0,0,,,,,,,,,,,,,,,,,,,,,,good,population_not_loaded,area_not_loaded
316990,39,29,10,10,74.35897435897436,10,,,,,,,,,,,,,,,,,,,,,,high_attention,population_not_loaded,area_not_loaded
317000,11,11,0,0,100.0,0,,,,,,,,,,,,,,,,,,,,,,good,population_not_loaded,area_not_loaded
317005,6,6,0,0,100.0,0,,,,,,,,,,,,,,,,,,,,,,good,population_not_loaded,area_not_loaded
317010,40,38,2,2,95.0,2,,,,,,,,,,,,,,,,,,,,,,monitor,population_not_loaded,area_not_loaded
317020,81,81,0,0,100.0,0,,,,,,,,,,,,,,,,,,,,,,good,population_not_loaded,area_not_loaded
317030,2,1,1,1,50.0,1,,,,,,,,,,,,,,,,,,,,,,high_attention,population_not_loaded,area_not_loaded
317040,20,20,0,0,100.0,0,,,,,,,,,,,,,,,,,,,,,,good,population_not_loaded,area_not_loaded
317043,2,2,0,0,100.0,0,,,,,,,,,,,,,,,,,,,,,,good,population_not_loaded,area_not_loaded
317047,4,4,0,0,100.0,0,,,,,,,,,,,,,,,,,,,,,,good,population_not_loaded,area_not_loaded
317050,2,1,1,1,50.0,1,,,,,,,,,,,,,,,,,,,,,,high_attention,population_not_loaded,area_not_loaded
317052,5,5,0,0,100.0,0,,,,,,,,,,,,,,,,,,,,,,good,population_not_loaded,area_not_loaded
317057,3,3,0,0,100.0,0,,,,,,,,,,,,,,,,,,,,,,good,population_not_loaded,area_not_loaded
317060,3,3,0,0,100.0,0,,,,,,,,,,,,,,,,,,,,,,good,population_not_loaded,area_not_loaded
317065,4,4,0,0,100.0,0,,,,,,,,,,,,,,,,,,,,,,good,population_not_loaded,area_not_loaded
317070,25,24,1,1,96.0,1,,,,,,,,,,,,,,,,,,,,,,good,population_not_loaded,area_not_loaded
317075,4,3,1,1,75.0,1,,,,,,,,,,,,,,,,,,,,,,high_attention,population_not_loaded,area_not_loaded
317080,12,12,0,0,100.0,0,,,,,,,,,,,,,,,,,,,,,,good,population_not_loaded,area_not_loaded
317090,12,11,1,1,91.66666666666666,1,,,,,,,,,,,,,,,,,,,,,,monitor,population_not_loaded,area_not_loaded
317100,12,10,2,2,83.33333333333334,2,,,,,,,,,,,,,,,,,,,,,,monitor,population_not_loaded,area_not_loaded
317103,6,5,1,1,83.33333333333334,1,,,,,,,,,,,,,,,,,,,,,,monitor,population_not_loaded,area_not_loaded
317107,3,3,0,0,100.0,0,,,,,,,,,,,,,,,,,,,,,,good,population_not_loaded,area_not_loaded
317110,1,1,0,0,100.0,0,,,,,,,,,,,,,,,,,,,,,,good,population_not_loaded,area_not_loaded
317115,1,1,0,0,100.0,0,,,,,,,,,,,,,,,,,,,,,,good,population_not_loaded,area_not_loaded
317120,22,22,0,0,100.0,0,,,,,,,,,,,,,,,,,,,,,,good,population_not_loaded,area_not_loaded
317130,20,20,0,0,100.0,0,,,,,,,,,,,,,,,,,,,,,,good,population_not_loaded,area_not_loaded
317140,2,2,0,0,100.0,0,,,,,,,,,,,,,,,,,,,,,,good,population_not_loaded,area_not_loaded
317150,4,4,0,0,100.0,0,,,,,,,,,,,,,,,,,,,,,,good,population_not_loaded,area_not_loaded
317160,7,7,0,0,100.0,0,,,,,,,,,,,,,,,,,,,,,,good,population_not_loaded,area_not_loaded
317170,4,3,1,1,75.0,1,,,,,,,,,,,,,,,,,,,,,,high_attention,population_not_loaded,area_not_loaded
317180,4,4,0,0,100.0,0,,,,,,,,,,,,,,,,,,,,,,good,population_not_loaded,area_not_loaded
317190,4,4,0,0,100.0,0,,,,,,,,,,,,,,,,,,,,,,good,population_not_loaded,area_not_loaded
317200,12,12,0,0,100.0,0,,,,,,,,,,,,,,,,,,,,,,good,population_not_loaded,area_not_loaded
317210,3,3,0,0,100.0,0,,,,,,,,,,,,,,,,,,,,,,good,population_not_loaded,area_not_loaded
317220,1,1,0,0,100.0,0,,,,,,,,,,,,,,,,,,,,,,good,population_not_loaded,area_not_loaded
320010,8,8,0,0,100.0,0,,,,,,,,,,,,,,,,,,,,,,good,population_not_loaded,area_not_loaded
320013,6,6,0,0,100.0,0,,,,,,,,,,,,,,,,,,,,,,good,population_not_loaded,area_not_loaded
320016,9,6,3,3,66.66666666666666,3,,,,,,,,,,,,,,,,,,,,,,high_attention,population_not_loaded,area_not_loaded
320020,11,11,0,0,100.0,0,,,,,,,,,,,,,,,,,,,,,,good,population_not_loaded,area_not_loaded
320030,15,6,9,9,40.0,9,,,,,,,,,,,,,,,,,,,,,,high_attention,population_not_loaded,area_not_loaded
320035,4,4,0,0,100.0,0,,,,,,,,,,,,,,,,,,,,,,good,population_not_loaded,area_not_loaded
320040,22,10,12,12,45.45454545454545,12,,,,,,,,,,,,,,,,,,,,,,high_attention,population_not_loaded,area_not_loaded
320050,3,3,0,0,100.0,0,,,,,,,,,,,,,,,,,,,,,,good,population_not_loaded,area_not_loaded
320060,22,22,0,0,100.0,0,,,,,,,,,,,,,,,,,,,,,,good,population_not_loaded,area_not_loaded
320070,8,8,0,0,100.0,0,,,,,,,,,,,,,,,,,,,,,,good,population_not_loaded,area_not_loaded
320080,14,14,0,0,100.0,0,,,,,,,,,,,,,,,,,,,,,,good,population_not_loaded,area_not_loaded
320090,17,16,1,1,94.11764705882352,1,,,,,,,,,,,,,,,,,,,,,,monitor,population_not_loaded,area_not_loaded
320100,6,6,0,0,100.0,0,,,,,,,,,,,,,,,,,,,,,,good,population_not_loaded,area_not_loaded
320110,4,4,0,0,100.0,0,,,,,,,,,,,,,,,,,,,,,,good,population_not_loaded,area_not_loaded
320115,7,5,2,2,71.42857142857143,2,,,,,,,,,,,,,,,,,,,,,,high_attention,population_not_loaded,area_not_loaded
320120,43,41,2,2,95.34883720930233,2,,,,,,,,,,,,,,,,,,,,,,good,population_not_loaded,area_not_loaded
320130,39,37,2,2,94.87179487179486,2,,,,,,,,,,,,,,,,,,,,,,monitor,population_not_loaded,area_not_loaded
320140,11,10,1,1,90.9090909090909,1,,,,,,,,,,,,,,,,,,,,,,monitor,population_not_loaded,area_not_loaded
320150,46,46,0,0,100.0,0,,,,,,,,,,,,,,,,,,,,,,good,population_not_loaded,area_not_loaded
320160,11,11,0,0,100.0,0,,,,,,,,,,,,,,,,,,,,,,good,population_not_loaded,area_not_loaded
320170,7,7,0,0,100.0,0,,,,,,,,,,,,,,,,,,,,,,good,population_not_loaded,area_not_loaded
320180,3,3,0,0,100.0,0,,,,,,,,,,,,,,,,,,,,,,good,population_not_loaded,area_not_loaded
320190,13,13,0,0,100.0,0,,,,,,,,,,,,,,,,,,,,,,good,population_not_loaded,area_not_loaded
320200,4,4,0,0,100.0,0,,,,,,,,,,,,,,,,,,,,,,good,population_not_loaded,area_not_loaded
320210,9,9,0,0,100.0,0,,,,,,,,,,,,,,,,,,,,,,good,population_not_loaded,area_not_loaded
320220,4,4,0,0,100.0,0,,,,,,,,,,,,,,,,,,,,,,good,population_not_loaded,area_not_loaded
320225,5,5,0,0,100.0,0,,,,,,,,,,,,,,,,,,,,,,good,population_not_loaded,area_not_loaded
320230,13,12,1,1,92.3076923076923,1,,,,,,,,,,,,,,,,,,,,,,monitor,population_not_loaded,area_not_loaded
320240,30,25,5,5,83.33333333333334,5,,,,,,,,,,,,,,,,,,,,,,monitor,population_not_loaded,area_not_loaded
320245,7,7,0,0,100.0,0,,,,,,,,,,,,,,,,,,,,,,good,population_not_loaded,area_not_loaded
320250,4,4,0,0,100.0,0,,,,,,,,,,,,,,,,,,,,,,good,population_not_loaded,area_not_loaded
320255,6,6,0,0,100.0,0,,,,,,,,,,,,,,,,,,,,,,good,population_not_loaded,area_not_loaded
320260,7,7,0,0,100.0,0,,,,,,,,,,,,,,,,,,,,,,good,population_not_loaded,area_not_loaded
320265,6,6,0,0,100.0,0,,,,,,,,,,,,,,,,,,,,,,good,population_not_loaded,area_not_loaded
320270,10,9,1,1,90.0,1,,,,,,,,,,,,,,,,,,,,,,monitor,population_not_loaded,area_not_loaded
320280,17,17,0,0,100.0,0,,,,,,,,,,,,,,,,,,,,,,good,population_not_loaded,area_not_loaded
320290,2,2,0,0,100.0,0,,,,,,,,,,,,,,,,,,,,,,good,population_not_loaded,area_not_loaded
320300,11,11,0,0,100.0,0,,,,,,,,,,,,,,,,,,,,,,good,population_not_loaded,area_not_loaded
320305,17,15,2,2,88.23529411764706,2,,,,,,,,,,,,,,,,,,,,,,monitor,population_not_loaded,area_not_loaded
320310,4,4,0,0,100.0,0,,,,,,,,,,,,,,,,,,,,,,good,population_not_loaded,area_not_loaded
320313,12,12,0,0,100.0,0,,,,,,,,,,,,,,,,,,,,,,good,population_not_loaded,area_not_loaded
320316,6,6,0,0,100.0,0,,,,,,,,,,,,,,,,,,,,,,good,population_not_loaded,area_not_loaded
320320,31,31,0,0,100.0,0,,,,,,,,,,,,,,,,,,,,,,good,population_not_loaded,area_not_loaded
320330,2,2,0,0,100.0,0,,,,,,,,,,,,,,,,,,,,,,good,population_not_loaded,area_not_loaded
320332,15,15,0,0,100.0,0,,,,,,,,,,,,,,,,,,,,,,good,population_not_loaded,area_not_loaded
320334,11,9,2,2,81.81818181818183,2,,,,,,,,,,,,,,,,,,,,,,monitor,population_not_loaded,area_not_loaded
320335,10,6,4,4,60.0,4,,,,,,,,,,,,,,,,,,,,,,high_attention,population_not_loaded,area_not_loaded
320340,12,11,1,1,91.66666666666666,1,,,,,,,,,,,,,,,,,,,,,,monitor,population_not_loaded,area_not_loaded
320350,8,8,0,0,100.0,0,,,,,,,,,,,,,,,,,,,,,,good,population_not_loaded,area_not_loaded
320360,5,5,0,0,100.0,0,,,,,,,,,,,,,,,,,,,,,,good,population_not_loaded,area_not_loaded
320380,9,7,2,2,77.77777777777779,2,,,,,,,,,,,,,,,,,,,,,,high_attention,population_not_loaded,area_not_loaded
320390,17,16,1,1,94.11764705882352,1,,,,,,,,,,,,,,,,,,,,,,monitor,population_not_loaded,area_not_loaded
320400,9,9,0,0,100.0,0,,,,,,,,,,,,,,,,,,,,,,good,population_not_loaded,area_not_loaded
320405,7,6,1,1,85.71428571428571,1,,,,,,,,,,,,,,,,,,,,,,monitor,population_not_loaded,area_not_loaded
320410,9,9,0,0,100.0,0,,,,,,,,,,,,,,,,,,,,,,good,population_not_loaded,area_not_loaded
320420,9,9,0,0,100.0,0,,,,,,,,,,,,,,,,,,,,,,good,population_not_loaded,area_not_loaded
320425,3,3,0,0,100.0,0,,,,,,,,,,,,,,,,,,,,,,good,population_not_loaded,area_not_loaded
320430,11,11,0,0,100.0,0,,,,,,,,,,,,,,,,,,,,,,good,population_not_loaded,area_not_loaded
320440,7,7,0,0,100.0,0,,,,,,,,,,,,,,,,,,,,,,good,population_not_loaded,area_not_loaded
320450,6,6,0,0,100.0,0,,,,,,,,,,,,,,,,,,,,,,good,population_not_loaded,area_not_loaded
320455,16,16,0,0,100.0,0,,,,,,,,,,,,,,,,,,,,,,good,population_not_loaded,area_not_loaded
320460,13,10,3,3,76.92307692307693,3,,,,,,,,,,,,,,,,,,,,,,high_attention,population_not_loaded,area_not_loaded
320465,5,5,0,0,100.0,0,,,,,,,,,,,,,,,,,,,,,,good,population_not_loaded,area_not_loaded
320470,5,4,1,1,80.0,1,,,,,,,,,,,,,,,,,,,,,,high_attention,population_not_loaded,area_not_loaded
320480,5,5,0,0,100.0,0,,,,,,,,,,,,,,,,,,,,,,good,population_not_loaded,area_not_loaded
320490,37,36,1,1,97.2972972972973,1,,,,,,,,,,,,,,,,,,,,,,good,population_not_loaded,area_not_loaded
320495,5,5,0,0,100.0,0,,,,,,,,,,,,,,,,,,,,,,good,population_not_loaded,area_not_loaded
320500,42,41,1,1,97.61904761904762,1,,,,,,,,,,,,,,,,,,,,,,good,population_not_loaded,area_not_loaded
320501,7,7,0,0,100.0,0,,,,,,,,,,,,,,,,,,,,,,good,population_not_loaded,area_not_loaded
320503,12,11,1,1,91.66666666666666,1,,,,,,,,,,,,,,,,,,,,,,monitor,population_not_loaded,area_not_loaded
320506,5,5,0,0,100.0,0,,,,,,,,,,,,,,,,,,,,,,good,population_not_loaded,area_not_loaded
320510,29,28,1,1,96.55172413793103,1,,,,,,,,,,,,,,,,,,,,,,good,population_not_loaded,area_not_loaded
320515,2,2,0,0,100.0,0,,,,,,,,,,,,,,,,,,,,,,good,population_not_loaded,area_not_loaded
320517,7,7,0,0,100.0,0,,,,,,,,,,,,,,,,,,,,,,good,population_not_loaded,area_not_loaded
320520,36,34,2,2,94.44444444444444,2,,,,,,,,,,,,,,,,,,,,,,monitor,population_not_loaded,area_not_loaded
320530,32,30,2,2,93.75,2,,,,,,,,,,,,,,,,,,,,,,monitor,population_not_loaded,area_not_loaded
330010,55,50,5,5,90.9090909090909,5,,,,,,,,,,,,,,,,,,,,,,monitor,population_not_loaded,area_not_loaded
330015,8,8,0,0,100.0,0,,,,,,,,,,,,,,,,,,,,,,good,population_not_loaded,area_not_loaded
330022,6,6,0,0,100.0,0,,,,,,,,,,,,,,,,,,,,,,good,population_not_loaded,area_not_loaded
330023,22,20,2,2,90.9090909090909,2,,,,,,,,,,,,,,,,,,,,,,monitor,population_not_loaded,area_not_loaded
330025,9,9,0,0,100.0,0,,,,,,,,,,,,,,,,,,,,,,good,population_not_loaded,area_not_loaded
330030,28,27,1,1,96.42857142857143,1,,,,,,,,,,,,,,,,,,,,,,good,population_not_loaded,area_not_loaded
330040,52,50,2,2,96.15384615384616,2,,,,,,,,,,,,,,,,,,,,,,good,population_not_loaded,area_not_loaded
330045,57,52,5,5,91.22807017543859,5,,,,,,,,,,,,,,,,,,,,,,monitor,population_not_loaded,area_not_loaded
330050,9,8,1,1,88.88888888888889,1,,,,,,,,,,,,,,,,,,,,,,monitor,population_not_loaded,area_not_loaded
330060,38,29,9,9,76.31578947368422,9,,,,,,,,,,,,,,,,,,,,,,high_attention,population_not_loaded,area_not_loaded
330070,3,3,0,0,100.0,0,,,,,,,,,,,,,,,,,,,,,,good,population_not_loaded,area_not_loaded
330080,29,22,7,7,75.86206896551724,7,,,,,,,,,,,,,,,,,,,,,,high_attention,population_not_loaded,area_not_loaded
330090,7,5,2,2,71.42857142857143,2,,,,,,,,,,,,,,,,,,,,,,high_attention,population_not_loaded,area_not_loaded
330093,5,5,0,0,100.0,0,,,,,,,,,,,,,,,,,,,,,,good,population_not_loaded,area_not_loaded
330095,4,4,0,0,100.0,0,,,,,,,,,,,,,,,,,,,,,,good,population_not_loaded,area_not_loaded
330100,92,85,7,7,92.3913043478261,7,,,,,,,,,,,,,,,,,,,,,,monitor,population_not_loaded,area_not_loaded
330115,11,10,1,1,90.9090909090909,1,,,,,,,,,,,,,,,,,,,,,,monitor,population_not_loaded,area_not_loaded
330120,7,7,0,0,100.0,0,,,,,,,,,,,,,,,,,,,,,,good,population_not_loaded,area_not_loaded
330130,13,13,0,0,100.0,0,,,,,,,,,,,,,,,,,,,,,,good,population_not_loaded,area_not_loaded
330140,3,3,0,0,100.0,0,,,,,,,,,,,,,,,,,,,,,,good,population_not_loaded,area_not_loaded
330150,7,7,0,0,100.0,0,,,,,,,,,,,,,,,,,,,,,,good,population_not_loaded,area_not_loaded
330160,7,7,0,0,100.0,0,,,,,,,,,,,,,,,,,,,,,,good,population_not_loaded,area_not_loaded
330170,82,71,11,11,86.58536585365853,11,,,,,,,,,,,,,,,,,,,,,,monitor,population_not_loaded,area_not_loaded
330180,6,6,0,0,100.0,0,,,,,,,,,,,,,,,,,,,,,,good,population_not_loaded,area_not_loaded
330187,13,12,1,1,92.3076923076923,1,,,,,,,,,,,,,,,,,,,,,,monitor,population_not_loaded,area_not_loaded
330190,41,40,1,1,97.5609756097561,1,,,,,,,,,,,,,,,,,,,,,,good,population_not_loaded,area_not_loaded
330200,40,28,12,12,70.0,12,,,,,,,,,,,,,,,,,,,,,,high_attention,population_not_loaded,area_not_loaded
330205,8,8,0,0,100.0,0,,,,,,,,,,,,,,,,,,,,,,good,population_not_loaded,area_not_loaded
330210,4,4,0,0,100.0,0,,,,,,,,,,,,,,,,,,,,,,good,population_not_loaded,area_not_loaded
330220,29,29,0,0,100.0,0,,,,,,,,,,,,,,,,,,,,,,good,population_not_loaded,area_not_loaded
330225,8,8,0,0,100.0,0,,,,,,,,,,,,,,,,,,,,,,good,population_not_loaded,area_not_loaded
330227,15,13,2,2,86.66666666666667,2,,,,,,,,,,,,,,,,,,,,,,monitor,population_not_loaded,area_not_loaded
330230,6,6,0,0,100.0,0,,,,,,,,,,,,,,,,,,,,,,good,population_not_loaded,area_not_loaded
330240,63,60,3,3,95.23809523809523,3,,,,,,,,,,,,,,,,,,,,,,good,population_not_loaded,area_not_loaded
330245,4,4,0,0,100.0,0,,,,,,,,,,,,,,,,,,,,,,good,population_not_loaded,area_not_loaded
330250,78,56,22,22,71.7948717948718,22,,,,,,,,,,,,,,,,,,,,,,high_attention,population_not_loaded,area_not_loaded
330260,18,18,0,0,100.0,0,,,,,,,,,,,,,,,,,,,,,,good,population_not_loaded,area_not_loaded
330270,31,30,1,1,96.7741935483871,1,,,,,,,,,,,,,,,,,,,,,,good,population_not_loaded,area_not_loaded
330280,13,13,0,0,100.0,0,,,,,,,,,,,,,,,,,,,,,,good,population_not_loaded,area_not_loaded
330285,27,25,2,2,92.5925925925926,2,,,,,,,,,,,,,,,,,,,,,,monitor,population_not_loaded,area_not_loaded
330290,13,13,0,0,100.0,0,,,,,,,,,,,,,,,,,,,,,,good,population_not_loaded,area_not_loaded
330300,13,11,2,2,84.61538461538461,2,,,,,,,,,,,,,,,,,,,,,,monitor,population_not_loaded,area_not_loaded
330310,7,7,0,0,100.0,0,,,,,,,,,,,,,,,,,,,,,,good,population_not_loaded,area_not_loaded
330320,17,16,1,1,94.11764705882352,1,,,,,,,,,,,,,,,,,,,,,,monitor,population_not_loaded,area_not_loaded
330330,74,63,11,11,85.13513513513513,11,,,,,,,,,,,,,,,,,,,,,,monitor,population_not_loaded,area_not_loaded
330340,29,28,1,1,96.55172413793103,1,,,,,,,,,,,,,,,,,,,,,,good,population_not_loaded,area_not_loaded
330350,64,64,0,0,100.0,0,,,,,,,,,,,,,,,,,,,,,,good,population_not_loaded,area_not_loaded
330360,13,12,1,1,92.3076923076923,1,,,,,,,,,,,,,,,,,,,,,,monitor,population_not_loaded,area_not_loaded
330370,24,22,2,2,91.66666666666666,2,,,,,,,,,,,,,,,,,,,,,,monitor,population_not_loaded,area_not_loaded
330380,21,13,8,8,61.904761904761905,8,,,,,,,,,,,,,,,,,,,,,,high_attention,population_not_loaded,area_not_loaded
330385,9,9,0,0,100.0,0,,,,,,,,,,,,,,,,,,,,,,good,population_not_loaded,area_not_loaded
330390,55,53,2,2,96.36363636363636,2,,,,,,,,,,,,,,,,,,,,,,good,population_not_loaded,area_not_loaded
330395,13,13,0,0,100.0,0,,,,,,,,,,,,,,,,,,,,,,good,population_not_loaded,area_not_loaded
330400,13,13,0,0,100.0,0,,,,,,,,,,,,,,,,,,,,,,good,population_not_loaded,area_not_loaded
330410,12,9,3,3,75.0,3,,,,,,,,,,,,,,,,,,,,,,high_attention,population_not_loaded,area_not_loaded
330411,8,8,0,0,100.0,0,,,,,,,,,,,,,,,,,,,,,,good,population_not_loaded,area_not_loaded
330412,4,4,0,0,100.0,0,,,,,,,,,,,,,,,,,,,,,,good,population_not_loaded,area_not_loaded
330414,23,21,2,2,91.30434782608695,2,,,,,,,,,,,,,,,,,,,,,,monitor,population_not_loaded,area_not_loaded
330415,9,9,0,0,100.0,0,,,,,,,,,,,,,,,,,,,,,,good,population_not_loaded,area_not_loaded
330420,36,32,4,4,88.88888888888889,4,,,,,,,,,,,,,,,,,,,,,,monitor,population_not_loaded,area_not_loaded
330430,21,21,0,0,100.0,0,,,,,,,,,,,,,,,,,,,,,,good,population_not_loaded,area_not_loaded
330440,12,9,3,3,75.0,3,,,,,,,,,,,,,,,,,,,,,,high_attention,population_not_loaded,area_not_loaded
330450,5,5,0,0,100.0,0,,,,,,,,,,,,,,,,,,,,,,good,population_not_loaded,area_not_loaded
330452,14,14,0,0,100.0,0,,,,,,,,,,,,,,,,,,,,,,good,population_not_loaded,area_not_loaded
330455,383,342,41,41,89.29503916449086,41,,,,,,,,,,,,,,,,,,,,,,monitor,population_not_loaded,area_not_loaded
330460,1,1,0,0,100.0,0,,,,,,,,,,,,,,,,,,,,,,good,population_not_loaded,area_not_loaded
330470,24,12,12,12,50.0,12,,,,,,,,,,,,,,,,,,,,,,high_attention,population_not_loaded,area_not_loaded
330475,20,20,0,0,100.0,0,,,,,,,,,,,,,,,,,,,,,,good,population_not_loaded,area_not_loaded
330480,9,8,1,1,88.88888888888889,1,,,,,,,,,,,,,,,,,,,,,,monitor,population_not_loaded,area_not_loaded
330490,131,126,5,5,96.18320610687023,5,,,,,,,,,,,,,,,,,,,,,,good,population_not_loaded,area_not_loaded
330500,15,15,0,0,100.0,0,,,,,,,,,,,,,,,,,,,,,,good,population_not_loaded,area_not_loaded
330510,22,22,0,0,100.0,0,,,,,,,,,,,,,,,,,,,,,,good,population_not_loaded,area_not_loaded
330513,5,5,0,0,100.0,0,,,,,,,,,,,,,,,,,,,,,,good,population_not_loaded,area_not_loaded
330520,30,28,2,2,93.33333333333333,2,,,,,,,,,,,,,,,,,,,,,,monitor,population_not_loaded,area_not_loaded
330530,5,5,0,0,100.0,0,,,,,,,,,,,,,,,,,,,,,,good,population_not_loaded,area_not_loaded
330540,9,9,0,0,100.0,0,,,,,,,,,,,,,,,,,,,,,,good,population_not_loaded,area_not_loaded
330550,25,23,2,2,92.0,2,,,,,,,,,,,,,,,,,,,,,,monitor,population_not_loaded,area_not_loaded
330555,22,19,3,3,86.36363636363636,3,,,,,,,,,,,,,,,,,,,,,,monitor,population_not_loaded,area_not_loaded
330560,13,13,0,0,100.0,0,,,,,,,,,,,,,,,,,,,,,,good,population_not_loaded,area_not_loaded
330570,6,6,0,0,100.0,0,,,,,,,,,,,,,,,,,,,,,,good,population_not_loaded,area_not_loaded
330575,13,12,1,1,92.3076923076923,1,,,,,,,,,,,,,,,,,,,,,,monitor,population_not_loaded,area_not_loaded
330580,33,30,3,3,90.9090909090909,3,,,,,,,,,,,,,,,,,,,,,,monitor,population_not_loaded,area_not_loaded
330590,5,5,0,0,100.0,0,,,,,,,,,,,,,,,,,,,,,,good,population_not_loaded,area_not_loaded
330600,30,30,0,0,100.0,0,,,,,,,,,,,,,,,,,,,,,,good,population_not_loaded,area_not_loaded
330610,30,28,2,2,93.33333333333333,2,,,,,,,,,,,,,,,,,,,,,,monitor,population_not_loaded,area_not_loaded
330615,7,6,1,1,85.71428571428571,1,,,,,,,,,,,,,,,,,,,,,,monitor,population_not_loaded,area_not_loaded
330620,14,14,0,0,100.0,0,,,,,,,,,,,,,,,,,,,,,,good,population_not_loaded,area_not_loaded
330630,52,52,0,0,100.0,0,,,,,,,,,,,,,,,,,,,,,,good,population_not_loaded,area_not_loaded
350010,9,9,0,0,100.0,0,,,,,,,,,,,,,,,,,,,,,,good,population_not_loaded,area_not_loaded
350020,1,1,0,0,100.0,0,,,,,,,,,,,,,,,,,,,,,,good,population_not_loaded,area_not_loaded
350030,7,7,0,0,100.0,0,,,,,,,,,,,,,,,,,,,,,,good,population_not_loaded,area_not_loaded
350040,3,3,0,0,100.0,0,,,,,,,,,,,,,,,,,,,,,,good,population_not_loaded,area_not_loaded
350050,7,5,2,2,71.42857142857143,2,,,,,,,,,,,,,,,,,,,,,,high_attention,population_not_loaded,area_not_loaded
350055,3,3,0,0,100.0,0,,,,,,,,,,,,,,,,,,,,,,good,population_not_loaded,area_not_loaded
350060,1,1,0,0,100.0,0,,,,,,,,,,,,,,,,,,,,,,good,population_not_loaded,area_not_loaded
350070,8,8,0,0,100.0,0,,,,,,,,,,,,,,,,,,,,,,good,population_not_loaded,area_not_loaded
350075,2,2,0,0,100.0,0,,,,,,,,,,,,,,,,,,,,,,good,population_not_loaded,area_not_loaded
350080,2,2,0,0,100.0,0,,,,,,,,,,,,,,,,,,,,,,good,population_not_loaded,area_not_loaded
350090,3,3,0,0,100.0,0,,,,,,,,,,,,,,,,,,,,,,good,population_not_loaded,area_not_loaded
350100,9,9,0,0,100.0,0,,,,,,,,,,,,,,,,,,,,,,good,population_not_loaded,area_not_loaded
350110,3,3,0,0,100.0,0,,,,,,,,,,,,,,,,,,,,,,good,population_not_loaded,area_not_loaded
350115,2,2,0,0,100.0,0,,,,,,,,,,,,,,,,,,,,,,good,population_not_loaded,area_not_loaded
350120,3,3,0,0,100.0,0,,,,,,,,,,,,,,,,,,,,,,good,population_not_loaded,area_not_loaded
350130,9,9,0,0,100.0,0,,,,,,,,,,,,,,,,,,,,,,good,population_not_loaded,area_not_loaded
350140,3,3,0,0,100.0,0,,,,,,,,,,,,,,,,,,,,,,good,population_not_loaded,area_not_loaded
350150,1,1,0,0,100.0,0,,,,,,,,,,,,,,,,,,,,,,good,population_not_loaded,area_not_loaded
350160,26,23,3,3,88.46153846153845,3,,,,,,,,,,,,,,,,,,,,,,monitor,population_not_loaded,area_not_loaded
350170,7,6,1,1,85.71428571428571,1,,,,,,,,,,,,,,,,,,,,,,monitor,population_not_loaded,area_not_loaded
350180,3,3,0,0,100.0,0,,,,,,,,,,,,,,,,,,,,,,good,population_not_loaded,area_not_loaded
350190,19,19,0,0,100.0,0,,,,,,,,,,,,,,,,,,,,,,good,population_not_loaded,area_not_loaded
350200,2,2,0,0,100.0,0,,,,,,,,,,,,,,,,,,,,,,good,population_not_loaded,area_not_loaded
350210,9,9,0,0,100.0,0,,,,,,,,,,,,,,,,,,,,,,good,population_not_loaded,area_not_loaded
350220,5,1,4,4,20.0,4,,,,,,,,,,,,,,,,,,,,,,high_attention,population_not_loaded,area_not_loaded
350230,4,4,0,0,100.0,0,,,,,,,,,,,,,,,,,,,,,,good,population_not_loaded,area_not_loaded
350240,2,2,0,0,100.0,0,,,,,,,,,,,,,,,,,,,,,,good,population_not_loaded,area_not_loaded
350250,11,11,0,0,100.0,0,,,,,,,,,,,,,,,,,,,,,,good,population_not_loaded,area_not_loaded
350260,2,2,0,0,100.0,0,,,,,,,,,,,,,,,,,,,,,,good,population_not_loaded,area_not_loaded
350270,9,9,0,0,100.0,0,,,,,,,,,,,,,,,,,,,,,,good,population_not_loaded,area_not_loaded
350275,4,3,1,1,75.0,1,,,,,,,,,,,,,,,,,,,,,,high_attention,population_not_loaded,area_not_loaded
350280,21,21,0,0,100.0,0,,,,,,,,,,,,,,,,,,,,,,good,population_not_loaded,area_not_loaded
350290,9,9,0,0,100.0,0,,,,,,,,,,,,,,,,,,,,,,good,population_not_loaded,area_not_loaded
350300,5,5,0,0,100.0,0,,,,,,,,,,,,,,,,,,,,,,good,population_not_loaded,area_not_loaded
350310,1,1,0,0,100.0,0,,,,,,,,,,,,,,,,,,,,,,good,population_not_loaded,area_not_loaded
350315,2,2,0,0,100.0,0,,,,,,,,,,,,,,,,,,,,,,good,population_not_loaded,area_not_loaded
350320,45,43,2,2,95.55555555555556,2,,,,,,,,,,,,,,,,,,,,,,good,population_not_loaded,area_not_loaded
350330,26,25,1,1,96.15384615384616,1,,,,,,,,,,,,,,,,,,,,,,good,population_not_loaded,area_not_loaded
350335,1,1,0,0,100.0,0,,,,,,,,,,,,,,,,,,,,,,good,population_not_loaded,area_not_loaded
350340,4,4,0,0,100.0,0,,,,,,,,,,,,,,,,,,,,,,good,population_not_loaded,area_not_loaded
350350,1,1,0,0,100.0,0,,,,,,,,,,,,,,,,,,,,,,good,population_not_loaded,area_not_loaded
350360,3,3,0,0,100.0,0,,,,,,,,,,,,,,,,,,,,,,good,population_not_loaded,area_not_loaded
350370,3,3,0,0,100.0,0,,,,,,,,,,,,,,,,,,,,,,good,population_not_loaded,area_not_loaded
350380,18,18,0,0,100.0,0,,,,,,,,,,,,,,,,,,,,,,good,population_not_loaded,area_not_loaded
350390,8,8,0,0,100.0,0,,,,,,,,,,,,,,,,,,,,,,good,population_not_loaded,area_not_loaded
350395,1,1,0,0,100.0,0,,,,,,,,,,,,,,,,,,,,,,good,population_not_loaded,area_not_loaded
350400,24,23,1,1,95.83333333333334,1,,,,,,,,,,,,,,,,,,,,,,good,population_not_loaded,area_not_loaded
350410,19,19,0,0,100.0,0,,,,,,,,,,,,,,,,,,,,,,good,population_not_loaded,area_not_loaded
350420,6,6,0,0,100.0,0,,,,,,,,,,,,,,,,,,,,,,good,population_not_loaded,area_not_loaded
350430,3,3,0,0,100.0,0,,,,,,,,,,,,,,,,,,,,,,good,population_not_loaded,area_not_loaded
350440,6,5,1,1,83.33333333333334,1,,,,,,,,,,,,,,,,,,,,,,monitor,population_not_loaded,area_not_loaded
350450,23,23,0,0,100.0,0,,,,,,,,,,,,,,,,,,,,,,good,population_not_loaded,area_not_loaded
350460,3,3,0,0,100.0,0,,,,,,,,,,,,,,,,,,,,,,good,population_not_loaded,area_not_loaded
350470,4,4,0,0,100.0,0,,,,,,,,,,,,,,,,,,,,,,good,population_not_loaded,area_not_loaded
350480,4,4,0,0,100.0,0,,,,,,,,,,,,,,,,,,,,,,good,population_not_loaded,area_not_loaded
350490,5,5,0,0,100.0,0,,,,,,,,,,,,,,,,,,,,,,good,population_not_loaded,area_not_loaded
350500,2,2,0,0,100.0,0,,,,,,,,,,,,,,,,,,,,,,good,population_not_loaded,area_not_loaded
350510,1,1,0,0,100.0,0,,,,,,,,,,,,,,,,,,,,,,good,population_not_loaded,area_not_loaded
350520,7,7,0,0,100.0,0,,,,,,,,,,,,,,,,,,,,,,good,population_not_loaded,area_not_loaded
350530,8,8,0,0,100.0,0,,,,,,,,,,,,,,,,,,,,,,good,population_not_loaded,area_not_loaded
350535,4,3,1,1,75.0,1,,,,,,,,,,,,,,,,,,,,,,high_attention,population_not_loaded,area_not_loaded
350540,1,1,0,0,100.0,0,,,,,,,,,,,,,,,,,,,,,,good,population_not_loaded,area_not_loaded
350550,19,18,1,1,94.73684210526315,1,,,,,,,,,,,,,,,,,,,,,,monitor,population_not_loaded,area_not_loaded
350560,10,10,0,0,100.0,0,,,,,,,,,,,,,,,,,,,,,,good,population_not_loaded,area_not_loaded
350570,23,23,0,0,100.0,0,,,,,,,,,,,,,,,,,,,,,,good,population_not_loaded,area_not_loaded
350580,6,6,0,0,100.0,0,,,,,,,,,,,,,,,,,,,,,,good,population_not_loaded,area_not_loaded
350590,10,10,0,0,100.0,0,,,,,,,,,,,,,,,,,,,,,,good,population_not_loaded,area_not_loaded
350600,29,28,1,1,96.55172413793103,1,,,,,,,,,,,,,,,,,,,,,,good,population_not_loaded,area_not_loaded
350610,19,19,0,0,100.0,0,,,,,,,,,,,,,,,,,,,,,,good,population_not_loaded,area_not_loaded
350620,2,2,0,0,100.0,0,,,,,,,,,,,,,,,,,,,,,,good,population_not_loaded,area_not_loaded
350630,6,6,0,0,100.0,0,,,,,,,,,,,,,,,,,,,,,,good,population_not_loaded,area_not_loaded
350635,7,6,1,1,85.71428571428571,1,,,,,,,,,,,,,,,,,,,,,,monitor,population_not_loaded,area_not_loaded
350640,1,1,0,0,100.0,0,,,,,,,,,,,,,,,,,,,,,,good,population_not_loaded,area_not_loaded
350650,13,13,0,0,100.0,0,,,,,,,,,,,,,,,,,,,,,,good,population_not_loaded,area_not_loaded
350660,6,6,0,0,100.0,0,,,,,,,,,,,,,,,,,,,,,,good,population_not_loaded,area_not_loaded
350670,4,4,0,0,100.0,0,,,,,,,,,,,,,,,,,,,,,,good,population_not_loaded,area_not_loaded
350680,4,4,0,0,100.0,0,,,,,,,,,,,,,,,,,,,,,,good,population_not_loaded,area_not_loaded
350690,6,6,0,0,100.0,0,,,,,,,,,,,,,,,,,,,,,,good,population_not_loaded,area_not_loaded
350700,10,10,0,0,100.0,0,,,,,,,,,,,,,,,,,,,,,,good,population_not_loaded,area_not_loaded
350710,3,3,0,0,100.0,0,,,,,,,,,,,,,,,,,,,,,,good,population_not_loaded,area_not_loaded
350715,2,2,0,0,100.0,0,,,,,,,,,,,,,,,,,,,,,,good,population_not_loaded,area_not_loaded
350720,1,1,0,0,100.0,0,,,,,,,,,,,,,,,,,,,,,,good,population_not_loaded,area_not_loaded
350730,2,2,0,0,100.0,0,,,,,,,,,,,,,,,,,,,,,,good,population_not_loaded,area_not_loaded
350740,4,3,1,1,75.0,1,,,,,,,,,,,,,,,,,,,,,,high_attention,population_not_loaded,area_not_loaded
350745,3,3,0,0,100.0,0,,,,,,,,,,,,,,,,,,,,,,good,population_not_loaded,area_not_loaded
350750,28,23,5,5,82.14285714285714,5,,,,,,,,,,,,,,,,,,,,,,monitor,population_not_loaded,area_not_loaded
350760,35,30,5,5,85.71428571428571,5,,,,,,,,,,,,,,,,,,,,,,monitor,population_not_loaded,area_not_loaded
350770,1,1,0,0,100.0,0,,,,,,,,,,,,,,,,,,,,,,good,population_not_loaded,area_not_loaded
350775,2,2,0,0,100.0,0,,,,,,,,,,,,,,,,,,,,,,good,population_not_loaded,area_not_loaded
350780,6,6,0,0,100.0,0,,,,,,,,,,,,,,,,,,,,,,good,population_not_loaded,area_not_loaded
350790,7,7,0,0,100.0,0,,,,,,,,,,,,,,,,,,,,,,good,population_not_loaded,area_not_loaded
350800,6,6,0,0,100.0,0,,,,,,,,,,,,,,,,,,,,,,good,population_not_loaded,area_not_loaded
350810,2,2,0,0,100.0,0,,,,,,,,,,,,,,,,,,,,,,good,population_not_loaded,area_not_loaded
350820,2,2,0,0,100.0,0,,,,,,,,,,,,,,,,,,,,,,good,population_not_loaded,area_not_loaded
350830,2,2,0,0,100.0,0,,,,,,,,,,,,,,,,,,,,,,good,population_not_loaded,area_not_loaded
350840,8,8,0,0,100.0,0,,,,,,,,,,,,,,,,,,,,,,good,population_not_loaded,area_not_loaded
350850,29,21,8,8,72.41379310344827,8,,,,,,,,,,,,,,,,,,,,,,high_attention,population_not_loaded,area_not_loaded
350860,13,12,1,1,92.3076923076923,1,,,,,,,,,,,,,,,,,,,,,,monitor,population_not_loaded,area_not_loaded
350870,7,7,0,0,100.0,0,,,,,,,,,,,,,,,,,,,,,,good,population_not_loaded,area_not_loaded
350880,7,7,0,0,100.0,0,,,,,,,,,,,,,,,,,,,,,,good,population_not_loaded,area_not_loaded
350890,2,2,0,0,100.0,0,,,,,,,,,,,,,,,,,,,,,,good,population_not_loaded,area_not_loaded
350900,18,17,1,1,94.44444444444444,1,,,,,,,,,,,,,,,,,,,,,,monitor,population_not_loaded,area_not_loaded
350910,5,5,0,0,100.0,0,,,,,,,,,,,,,,,,,,,,,,good,population_not_loaded,area_not_loaded
350920,12,11,1,1,91.66666666666666,1,,,,,,,,,,,,,,,,,,,,,,monitor,population_not_loaded,area_not_loaded
350925,12,12,0,0,100.0,0,,,,,,,,,,,,,,,,,,,,,,good,population_not_loaded,area_not_loaded
350930,4,4,0,0,100.0,0,,,,,,,,,,,,,,,,,,,,,,good,population_not_loaded,area_not_loaded
350940,12,7,5,5,58.333333333333336,5,,,,,,,,,,,,,,,,,,,,,,high_attention,population_not_loaded,area_not_loaded
350945,1,1,0,0,100.0,0,,,,,,,,,,,,,,,,,,,,,,good,population_not_loaded,area_not_loaded
350950,69,69,0,0,100.0,0,,,,,,,,,,,,,,,,,,,,,,good,population_not_loaded,area_not_loaded
350960,10,8,2,2,80.0,2,,,,,,,,,,,,,,,,,,,,,,high_attention,population_not_loaded,area_not_loaded
350970,8,7,1,1,87.5,1,,,,,,,,,,,,,,,,,,,,,,monitor,population_not_loaded,area_not_loaded
350980,3,3,0,0,100.0,0,,,,,,,,,,,,,,,,,,,,,,good,population_not_loaded,area_not_loaded
350990,6,6,0,0,100.0,0,,,,,,,,,,,,,,,,,,,,,,good,population_not_loaded,area_not_loaded
350995,2,2,0,0,100.0,0,,,,,,,,,,,,,,,,,,,,,,good,population_not_loaded,area_not_loaded
351000,6,6,0,0,100.0,0,,,,,,,,,,,,,,,,,,,,,,good,population_not_loaded,area_not_loaded
351010,1,1,0,0,100.0,0,,,,,,,,,,,,,,,,,,,,,,good,population_not_loaded,area_not_loaded
351015,3,3,0,0,100.0,0,,,,,,,,,,,,,,,,,,,,,,good,population_not_loaded,area_not_loaded
351020,13,13,0,0,100.0,0,,,,,,,,,,,,,,,,,,,,,,good,population_not_loaded,area_not_loaded
351030,6,6,0,0,100.0,0,,,,,,,,,,,,,,,,,,,,,,good,population_not_loaded,area_not_loaded
351040,9,9,0,0,100.0,0,,,,,,,,,,,,,,,,,,,,,,good,population_not_loaded,area_not_loaded
351050,14,13,1,1,92.85714285714286,1,,,,,,,,,,,,,,,,,,,,,,monitor,population_not_loaded,area_not_loaded
351060,15,15,0,0,100.0,0,,,,,,,,,,,,,,,,,,,,,,good,population_not_loaded,area_not_loaded
351070,6,6,0,0,100.0,0,,,,,,,,,,,,,,,,,,,,,,good,population_not_loaded,area_not_loaded
351080,8,8,0,0,100.0,0,,,,,,,,,,,,,,,,,,,,,,good,population_not_loaded,area_not_loaded
351090,2,2,0,0,100.0,0,,,,,,,,,,,,,,,,,,,,,,good,population_not_loaded,area_not_loaded
351100,6,6,0,0,100.0,0,,,,,,,,,,,,,,,,,,,,,,good,population_not_loaded,area_not_loaded
351110,27,24,3,3,88.88888888888889,3,,,,,,,,,,,,,,,,,,,,,,monitor,population_not_loaded,area_not_loaded
351120,2,2,0,0,100.0,0,,,,,,,,,,,,,,,,,,,,,,good,population_not_loaded,area_not_loaded
351130,3,3,0,0,100.0,0,,,,,,,,,,,,,,,,,,,,,,good,population_not_loaded,area_not_loaded
351140,13,12,1,1,92.3076923076923,1,,,,,,,,,,,,,,,,,,,,,,monitor,population_not_loaded,area_not_loaded
351150,9,9,0,0,100.0,0,,,,,,,,,,,,,,,,,,,,,,good,population_not_loaded,area_not_loaded
351160,4,4,0,0,100.0,0,,,,,,,,,,,,,,,,,,,,,,good,population_not_loaded,area_not_loaded
351170,5,5,0,0,100.0,0,,,,,,,,,,,,,,,,,,,,,,good,population_not_loaded,area_not_loaded
351190,1,1,0,0,100.0,0,,,,,,,,,,,,,,,,,,,,,,good,population_not_loaded,area_not_loaded
351200,5,5,0,0,100.0,0,,,,,,,,,,,,,,,,,,,,,,good,population_not_loaded,area_not_loaded
351210,3,3,0,0,100.0,0,,,,,,,,,,,,,,,,,,,,,,good,population_not_loaded,area_not_loaded
351220,11,11,0,0,100.0,0,,,,,,,,,,,,,,,,,,,,,,good,population_not_loaded,area_not_loaded
351230,6,6,0,0,100.0,0,,,,,,,,,,,,,,,,,,,,,,good,population_not_loaded,area_not_loaded
351240,7,7,0,0,100.0,0,,,,,,,,,,,,,,,,,,,,,,good,population_not_loaded,area_not_loaded
351250,1,1,0,0,100.0,0,,,,,,,,,,,,,,,,,,,,,,good,population_not_loaded,area_not_loaded
351260,2,2,0,0,100.0,0,,,,,,,,,,,,,,,,,,,,,,good,population_not_loaded,area_not_loaded
351270,1,1,0,0,100.0,0,,,,,,,,,,,,,,,,,,,,,,good,population_not_loaded,area_not_loaded
351280,10,10,0,0,100.0,0,,,,,,,,,,,,,,,,,,,,,,good,population_not_loaded,area_not_loaded
351290,2,1,1,1,50.0,1,,,,,,,,,,,,,,,,,,,,,,high_attention,population_not_loaded,area_not_loaded
351300,32,32,0,0,100.0,0,,,,,,,,,,,,,,,,,,,,,,good,population_not_loaded,area_not_loaded
351310,15,15,0,0,100.0,0,,,,,,,,,,,,,,,,,,,,,,good,population_not_loaded,area_not_loaded
351320,5,5,0,0,100.0,0,,,,,,,,,,,,,,,,,,,,,,good,population_not_loaded,area_not_loaded
351330,3,2,1,1,66.66666666666666,1,,,,,,,,,,,,,,,,,,,,,,high_attention,population_not_loaded,area_not_loaded
351340,14,14,0,0,100.0,0,,,,,,,,,,,,,,,,,,,,,,good,population_not_loaded,area_not_loaded
351350,18,18,0,0,100.0,0,,,,,,,,,,,,,,,,,,,,,,good,population_not_loaded,area_not_loaded
351360,7,7,0,0,100.0,0,,,,,,,,,,,,,,,,,,,,,,good,population_not_loaded,area_not_loaded
351370,13,12,1,1,92.3076923076923,1,,,,,,,,,,,,,,,,,,,,,,monitor,population_not_loaded,area_not_loaded
351380,21,21,0,0,100.0,0,,,,,,,,,,,,,,,,,,,,,,good,population_not_loaded,area_not_loaded
351385,1,1,0,0,100.0,0,,,,,,,,,,,,,,,,,,,,,,good,population_not_loaded,area_not_loaded
351390,5,5,0,0,100.0,0,,,,,,,,,,,,,,,,,,,,,,good,population_not_loaded,area_not_loaded
351400,2,2,0,0,100.0,0,,,,,,,,,,,,,,,,,,,,,,good,population_not_loaded,area_not_loaded
351410,5,5,0,0,100.0,0,,,,,,,,,,,,,,,,,,,,,,good,population_not_loaded,area_not_loaded
351420,2,2,0,0,100.0,0,,,,,,,,,,,,,,,,,,,,,,good,population_not_loaded,area_not_loaded
351430,1,1,0,0,100.0,0,,,,,,,,,,,,,,,,,,,,,,good,population_not_loaded,area_not_loaded
351440,13,13,0,0,100.0,0,,,,,,,,,,,,,,,,,,,,,,good,population_not_loaded,area_not_loaded
351450,6,5,1,1,83.33333333333334,1,,,,,,,,,,,,,,,,,,,,,,monitor,population_not_loaded,area_not_loaded
351460,3,3,0,0,100.0,0,,,,,,,,,,,,,,,,,,,,,,good,population_not_loaded,area_not_loaded
351470,2,2,0,0,100.0,0,,,,,,,,,,,,,,,,,,,,,,good,population_not_loaded,area_not_loaded
351480,10,10,0,0,100.0,0,,,,,,,,,,,,,,,,,,,,,,good,population_not_loaded,area_not_loaded
351490,4,4,0,0,100.0,0,,,,,,,,,,,,,,,,,,,,,,good,population_not_loaded,area_not_loaded
351492,1,1,0,0,100.0,0,,,,,,,,,,,,,,,,,,,,,,good,population_not_loaded,area_not_loaded
351495,1,1,0,0,100.0,0,,,,,,,,,,,,,,,,,,,,,,good,population_not_loaded,area_not_loaded
351500,21,21,0,0,100.0,0,,,,,,,,,,,,,,,,,,,,,,good,population_not_loaded,area_not_loaded
351510,1,1,0,0,100.0,0,,,,,,,,,,,,,,,,,,,,,,good,population_not_loaded,area_not_loaded
351512,1,1,0,0,100.0,0,,,,,,,,,,,,,,,,,,,,,,good,population_not_loaded,area_not_loaded
351515,5,5,0,0,100.0,0,,,,,,,,,,,,,,,,,,,,,,good,population_not_loaded,area_not_loaded
351518,7,7,0,0,100.0,0,,,,,,,,,,,,,,,,,,,,,,good,population_not_loaded,area_not_loaded
351519,3,3,0,0,100.0,0,,,,,,,,,,,,,,,,,,,,,,good,population_not_loaded,area_not_loaded
351520,3,3,0,0,100.0,0,,,,,,,,,,,,,,,,,,,,,,good,population_not_loaded,area_not_loaded
351530,1,1,0,0,100.0,0,,,,,,,,,,,,,,,,,,,,,,good,population_not_loaded,area_not_loaded
351540,4,4,0,0,100.0,0,,,,,,,,,,,,,,,,,,,,,,good,population_not_loaded,area_not_loaded
351550,20,19,1,1,95.0,1,,,,,,,,,,,,,,,,,,,,,,monitor,population_not_loaded,area_not_loaded
351560,3,3,0,0,100.0,0,,,,,,,,,,,,,,,,,,,,,,good,population_not_loaded,area_not_loaded
351565,1,1,0,0,100.0,0,,,,,,,,,,,,,,,,,,,,,,good,population_not_loaded,area_not_loaded
351570,14,14,0,0,100.0,0,,,,,,,,,,,,,,,,,,,,,,good,population_not_loaded,area_not_loaded
351580,1,1,0,0,100.0,0,,,,,,,,,,,,,,,,,,,,,,good,population_not_loaded,area_not_loaded
351590,2,2,0,0,100.0,0,,,,,,,,,,,,,,,,,,,,,,good,population_not_loaded,area_not_loaded
351600,4,4,0,0,100.0,0,,,,,,,,,,,,,,,,,,,,,,good,population_not_loaded,area_not_loaded
351610,3,3,0,0,100.0,0,,,,,,,,,,,,,,,,,,,,,,good,population_not_loaded,area_not_loaded
351620,25,25,0,0,100.0,0,,,,,,,,,,,,,,,,,,,,,,good,population_not_loaded,area_not_loaded
351630,14,14,0,0,100.0,0,,,,,,,,,,,,,,,,,,,,,,good,population_not_loaded,area_not_loaded
351640,25,25,0,0,100.0,0,,,,,,,,,,,,,,,,,,,,,,good,population_not_loaded,area_not_loaded
351650,1,1,0,0,100.0,0,,,,,,,,,,,,,,,,,,,,,,good,population_not_loaded,area_not_loaded
351660,4,4,0,0,100.0,0,,,,,,,,,,,,,,,,,,,,,,good,population_not_loaded,area_not_loaded
351670,13,13,0,0,100.0,0,,,,,,,,,,,,,,,,,,,,,,good,population_not_loaded,area_not_loaded
351680,1,1,0,0,100.0,0,,,,,,,,,,,,,,,,,,,,,,good,population_not_loaded,area_not_loaded
351685,3,3,0,0,100.0,0,,,,,,,,,,,,,,,,,,,,,,good,population_not_loaded,area_not_loaded
351690,3,3,0,0,100.0,0,,,,,,,,,,,,,,,,,,,,,,good,population_not_loaded,area_not_loaded
351700,5,5,0,0,100.0,0,,,,,,,,,,,,,,,,,,,,,,good,population_not_loaded,area_not_loaded
351710,2,2,0,0,100.0,0,,,,,,,,,,,,,,,,,,,,,,good,population_not_loaded,area_not_loaded
351720,3,3,0,0,100.0,0,,,,,,,,,,,,,,,,,,,,,,good,population_not_loaded,area_not_loaded
351730,3,3,0,0,100.0,0,,,,,,,,,,,,,,,,,,,,,,good,population_not_loaded,area_not_loaded
351740,8,7,1,1,87.5,1,,,,,,,,,,,,,,,,,,,,,,monitor,population_not_loaded,area_not_loaded
351750,10,9,1,1,90.0,1,,,,,,,,,,,,,,,,,,,,,,monitor,population_not_loaded,area_not_loaded
351760,1,1,0,0,100.0,0,,,,,,,,,,,,,,,,,,,,,,good,population_not_loaded,area_not_loaded
351770,7,7,0,0,100.0,0,,,,,,,,,,,,,,,,,,,,,,good,population_not_loaded,area_not_loaded
351780,3,2,1,1,66.66666666666666,1,,,,,,,,,,,,,,,,,,,,,,high_attention,population_not_loaded,area_not_loaded
351790,3,3,0,0,100.0,0,,,,,,,,,,,,,,,,,,,,,,good,population_not_loaded,area_not_loaded
351800,1,1,0,0,100.0,0,,,,,,,,,,,,,,,,,,,,,,good,population_not_loaded,area_not_loaded
351810,3,3,0,0,100.0,0,,,,,,,,,,,,,,,,,,,,,,good,population_not_loaded,area_not_loaded
351820,6,4,2,2,66.66666666666666,2,,,,,,,,,,,,,,,,,,,,,,high_attention,population_not_loaded,area_not_loaded
351830,4,3,1,1,75.0,1,,,,,,,,,,,,,,,,,,,,,,high_attention,population_not_loaded,area_not_loaded
351840,14,14,0,0,100.0,0,,,,,,,,,,,,,,,,,,,,,,good,population_not_loaded,area_not_loaded
351850,10,9,1,1,90.0,1,,,,,,,,,,,,,,,,,,,,,,monitor,population_not_loaded,area_not_loaded
351860,8,8,0,0,100.0,0,,,,,,,,,,,,,,,,,,,,,,good,population_not_loaded,area_not_loaded
351870,24,23,1,1,95.83333333333334,1,,,,,,,,,,,,,,,,,,,,,,good,population_not_loaded,area_not_loaded
351880,74,74,0,0,100.0,0,,,,,,,,,,,,,,,,,,,,,,good,population_not_loaded,area_not_loaded
351885,4,4,0,0,100.0,0,,,,,,,,,,,,,,,,,,,,,,good,population_not_loaded,area_not_loaded
351890,2,2,0,0,100.0,0,,,,,,,,,,,,,,,,,,,,,,good,population_not_loaded,area_not_loaded
351900,2,1,1,1,50.0,1,,,,,,,,,,,,,,,,,,,,,,high_attention,population_not_loaded,area_not_loaded
351905,4,4,0,0,100.0,0,,,,,,,,,,,,,,,,,,,,,,good,population_not_loaded,area_not_loaded
351907,23,21,2,2,91.30434782608695,2,,,,,,,,,,,,,,,,,,,,,,monitor,population_not_loaded,area_not_loaded
351910,5,4,1,1,80.0,1,,,,,,,,,,,,,,,,,,,,,,high_attention,population_not_loaded,area_not_loaded
351920,2,2,0,0,100.0,0,,,,,,,,,,,,,,,,,,,,,,good,population_not_loaded,area_not_loaded
351925,8,7,1,1,87.5,1,,,,,,,,,,,,,,,,,,,,,,monitor,population_not_loaded,area_not_loaded
351930,12,11,1,1,91.66666666666666,1,,,,,,,,,,,,,,,,,,,,,,monitor,population_not_loaded,area_not_loaded
351940,3,3,0,0,100.0,0,,,,,,,,,,,,,,,,,,,,,,good,population_not_loaded,area_not_loaded
351950,3,3,0,0,100.0,0,,,,,,,,,,,,,,,,,,,,,,good,population_not_loaded,area_not_loaded
351960,13,12,1,1,92.3076923076923,1,,,,,,,,,,,,,,,,,,,,,,monitor,population_not_loaded,area_not_loaded
351970,3,1,2,2,33.33333333333333,2,,,,,,,,,,,,,,,,,,,,,,high_attention,population_not_loaded,area_not_loaded
351980,6,6,0,0,100.0,0,,,,,,,,,,,,,,,,,,,,,,good,population_not_loaded,area_not_loaded
351990,4,4,0,0,100.0,0,,,,,,,,,,,,,,,,,,,,,,good,population_not_loaded,area_not_loaded
352000,4,4,0,0,100.0,0,,,,,,,,,,,,,,,,,,,,,,good,population_not_loaded,area_not_loaded
352010,7,7,0,0,100.0,0,,,,,,,,,,,,,,,,,,,,,,good,population_not_loaded,area_not_loaded
352020,5,3,2,2,60.0,2,,,,,,,,,,,,,,,,,,,,,,high_attention,population_not_loaded,area_not_loaded
352030,10,9,1,1,90.0,1,,,,,,,,,,,,,,,,,,,,,,monitor,population_not_loaded,area_not_loaded
352040,14,14,0,0,100.0,0,,,,,,,,,,,,,,,,,,,,,,good,population_not_loaded,area_not_loaded
352042,8,8,0,0,100.0,0,,,,,,,,,,,,,,,,,,,,,,good,population_not_loaded,area_not_loaded
352044,16,15,1,1,93.75,1,,,,,,,,,,,,,,,,,,,,,,monitor,population_not_loaded,area_not_loaded
352050,17,17,0,0,100.0,0,,,,,,,,,,,,,,,,,,,,,,good,population_not_loaded,area_not_loaded
352060,3,3,0,0,100.0,0,,,,,,,,,,,,,,,,,,,,,,good,population_not_loaded,area_not_loaded
352070,1,1,0,0,100.0,0,,,,,,,,,,,,,,,,,,,,,,good,population_not_loaded,area_not_loaded
352080,1,1,0,0,100.0,0,,,,,,,,,,,,,,,,,,,,,,good,population_not_loaded,area_not_loaded
352090,3,3,0,0,100.0,0,,,,,,,,,,,,,,,,,,,,,,good,population_not_loaded,area_not_loaded
352100,6,6,0,0,100.0,0,,,,,,,,,,,,,,,,,,,,,,good,population_not_loaded,area_not_loaded
352110,3,3,0,0,100.0,0,,,,,,,,,,,,,,,,,,,,,,good,population_not_loaded,area_not_loaded
352115,2,2,0,0,100.0,0,,,,,,,,,,,,,,,,,,,,,,good,population_not_loaded,area_not_loaded
352120,2,2,0,0,100.0,0,,,,,,,,,,,,,,,,,,,,,,good,population_not_loaded,area_not_loaded
352130,7,7,0,0,100.0,0,,,,,,,,,,,,,,,,,,,,,,good,population_not_loaded,area_not_loaded
352140,4,4,0,0,100.0,0,,,,,,,,,,,,,,,,,,,,,,good,population_not_loaded,area_not_loaded
352150,2,1,1,1,50.0,1,,,,,,,,,,,,,,,,,,,,,,high_attention,population_not_loaded,area_not_loaded
352160,5,5,0,0,100.0,0,,,,,,,,,,,,,,,,,,,,,,good,population_not_loaded,area_not_loaded
352170,11,11,0,0,100.0,0,,,,,,,,,,,,,,,,,,,,,,good,population_not_loaded,area_not_loaded
352180,9,8,1,1,88.88888888888889,1,,,,,,,,,,,,,,,,,,,,,,monitor,population_not_loaded,area_not_loaded
352190,5,5,0,0,100.0,0,,,,,,,,,,,,,,,,,,,,,,good,population_not_loaded,area_not_loaded
352200,1,1,0,0,100.0,0,,,,,,,,,,,,,,,,,,,,,,good,population_not_loaded,area_not_loaded
352210,11,11,0,0,100.0,0,,,,,,,,,,,,,,,,,,,,,,good,population_not_loaded,area_not_loaded
352215,1,1,0,0,100.0,0,,,,,,,,,,,,,,,,,,,,,,good,population_not_loaded,area_not_loaded
352220,15,15,0,0,100.0,0,,,,,,,,,,,,,,,,,,,,,,good,population_not_loaded,area_not_loaded
352230,28,23,5,5,82.14285714285714,5,,,,,,,,,,,,,,,,,,,,,,monitor,population_not_loaded,area_not_loaded
352240,27,26,1,1,96.29629629629629,1,,,,,,,,,,,,,,,,,,,,,,good,population_not_loaded,area_not_loaded
352250,16,16,0,0,100.0,0,,,,,,,,,,,,,,,,,,,,,,good,population_not_loaded,area_not_loaded
352260,18,15,3,3,83.33333333333334,3,,,,,,,,,,,,,,,,,,,,,,monitor,population_not_loaded,area_not_loaded
352265,2,2,0,0,100.0,0,,,,,,,,,,,,,,,,,,,,,,good,population_not_loaded,area_not_loaded
352270,8,8,0,0,100.0,0,,,,,,,,,,,,,,,,,,,,,,good,population_not_loaded,area_not_loaded
352280,4,4,0,0,100.0,0,,,,,,,,,,,,,,,,,,,,,,good,population_not_loaded,area_not_loaded
352290,4,4,0,0,100.0,0,,,,,,,,,,,,,,,,,,,,,,good,population_not_loaded,area_not_loaded
352300,2,2,0,0,100.0,0,,,,,,,,,,,,,,,,,,,,,,good,population_not_loaded,area_not_loaded
352310,18,18,0,0,100.0,0,,,,,,,,,,,,,,,,,,,,,,good,population_not_loaded,area_not_loaded
352320,10,9,1,1,90.0,1,,,,,,,,,,,,,,,,,,,,,,monitor,population_not_loaded,area_not_loaded
352330,8,8,0,0,100.0,0,,,,,,,,,,,,,,,,,,,,,,good,population_not_loaded,area_not_loaded
352340,25,25,0,0,100.0,0,,,,,,,,,,,,,,,,,,,,,,good,population_not_loaded,area_not_loaded
352350,4,4,0,0,100.0,0,,,,,,,,,,,,,,,,,,,,,,good,population_not_loaded,area_not_loaded
352360,7,6,1,1,85.71428571428571,1,,,,,,,,,,,,,,,,,,,,,,monitor,population_not_loaded,area_not_loaded
352370,3,3,0,0,100.0,0,,,,,,,,,,,,,,,,,,,,,,good,population_not_loaded,area_not_loaded
352380,2,2,0,0,100.0,0,,,,,,,,,,,,,,,,,,,,,,good,population_not_loaded,area_not_loaded
352390,18,18,0,0,100.0,0,,,,,,,,,,,,,,,,,,,,,,good,population_not_loaded,area_not_loaded
352400,14,13,1,1,92.85714285714286,1,,,,,,,,,,,,,,,,,,,,,,monitor,population_not_loaded,area_not_loaded
352410,13,13,0,0,100.0,0,,,,,,,,,,,,,,,,,,,,,,good,population_not_loaded,area_not_loaded
352420,2,2,0,0,100.0,0,,,,,,,,,,,,,,,,,,,,,,good,population_not_loaded,area_not_loaded
352430,12,12,0,0,100.0,0,,,,,,,,,,,,,,,,,,,,,,good,population_not_loaded,area_not_loaded
352440,19,19,0,0,100.0,0,,,,,,,,,,,,,,,,,,,,,,good,population_not_loaded,area_not_loaded
352450,3,3,0,0,100.0,0,,,,,,,,,,,,,,,,,,,,,,good,population_not_loaded,area_not_loaded
352460,8,8,0,0,100.0,0,,,,,,,,,,,,,,,,,,,,,,good,population_not_loaded,area_not_loaded
352470,13,13,0,0,100.0,0,,,,,,,,,,,,,,,,,,,,,,good,population_not_loaded,area_not_loaded
352480,12,12,0,0,100.0,0,,,,,,,,,,,,,,,,,,,,,,good,population_not_loaded,area_not_loaded
352490,3,2,1,1,66.66666666666666,1,,,,,,,,,,,,,,,,,,,,,,high_attention,population_not_loaded,area_not_loaded
352500,10,10,0,0,100.0,0,,,,,,,,,,,,,,,,,,,,,,good,population_not_loaded,area_not_loaded
352510,12,12,0,0,100.0,0,,,,,,,,,,,,,,,,,,,,,,good,population_not_loaded,area_not_loaded
352520,5,5,0,0,100.0,0,,,,,,,,,,,,,,,,,,,,,,good,population_not_loaded,area_not_loaded
352530,21,20,1,1,95.23809523809523,1,,,,,,,,,,,,,,,,,,,,,,good,population_not_loaded,area_not_loaded
352540,2,2,0,0,100.0,0,,,,,,,,,,,,,,,,,,,,,,good,population_not_loaded,area_not_loaded
352550,3,2,1,1,66.66666666666666,1,,,,,,,,,,,,,,,,,,,,,,high_attention,population_not_loaded,area_not_loaded
352560,3,3,0,0,100.0,0,,,,,,,,,,,,,,,,,,,,,,good,population_not_loaded,area_not_loaded
352570,10,10,0,0,100.0,0,,,,,,,,,,,,,,,,,,,,,,good,population_not_loaded,area_not_loaded
352580,2,2,0,0,100.0,0,,,,,,,,,,,,,,,,,,,,,,good,population_not_loaded,area_not_loaded
352585,1,1,0,0,100.0,0,,,,,,,,,,,,,,,,,,,,,,good,population_not_loaded,area_not_loaded
352590,40,39,1,1,97.5,1,,,,,,,,,,,,,,,,,,,,,,good,population_not_loaded,area_not_loaded
352600,11,11,0,0,100.0,0,,,,,,,,,,,,,,,,,,,,,,good,population_not_loaded,area_not_loaded
352610,8,8,0,0,100.0,0,,,,,,,,,,,,,,,,,,,,,,good,population_not_loaded,area_not_loaded
352620,9,9,0,0,100.0,0,,,,,,,,,,,,,,,,,,,,,,good,population_not_loaded,area_not_loaded
352630,4,4,0,0,100.0,0,,,,,,,,,,,,,,,,,,,,,,good,population_not_loaded,area_not_loaded
352640,8,8,0,0,100.0,0,,,,,,,,,,,,,,,,,,,,,,good,population_not_loaded,area_not_loaded
352650,6,6,0,0,100.0,0,,,,,,,,,,,,,,,,,,,,,,good,population_not_loaded,area_not_loaded
352660,5,4,1,1,80.0,1,,,,,,,,,,,,,,,,,,,,,,high_attention,population_not_loaded,area_not_loaded
352670,19,19,0,0,100.0,0,,,,,,,,,,,,,,,,,,,,,,good,population_not_loaded,area_not_loaded
352680,13,13,0,0,100.0,0,,,,,,,,,,,,,,,,,,,,,,good,population_not_loaded,area_not_loaded
352690,34,34,0,0,100.0,0,,,,,,,,,,,,,,,,,,,,,,good,population_not_loaded,area_not_loaded
352700,4,4,0,0,100.0,0,,,,,,,,,,,,,,,,,,,,,,good,population_not_loaded,area_not_loaded
352710,14,14,0,0,100.0,0,,,,,,,,,,,,,,,,,,,,,,good,population_not_loaded,area_not_loaded
352720,21,18,3,3,85.71428571428571,3,,,,,,,,,,,,,,,,,,,,,,monitor,population_not_loaded,area_not_loaded
352725,2,2,0,0,100.0,0,,,,,,,,,,,,,,,,,,,,,,good,population_not_loaded,area_not_loaded
352730,7,7,0,0,100.0,0,,,,,,,,,,,,,,,,,,,,,,good,population_not_loaded,area_not_loaded
352740,11,7,4,4,63.63636363636363,4,,,,,,,,,,,,,,,,,,,,,,high_attention,population_not_loaded,area_not_loaded
352750,1,1,0,0,100.0,0,,,,,,,,,,,,,,,,,,,,,,good,population_not_loaded,area_not_loaded
352760,9,8,1,1,88.88888888888889,1,,,,,,,,,,,,,,,,,,,,,,monitor,population_not_loaded,area_not_loaded
352770,1,1,0,0,100.0,0,,,,,,,,,,,,,,,,,,,,,,good,population_not_loaded,area_not_loaded
352780,1,1,0,0,100.0,0,,,,,,,,,,,,,,,,,,,,,,good,population_not_loaded,area_not_loaded
352790,1,1,0,0,100.0,0,,,,,,,,,,,,,,,,,,,,,,good,population_not_loaded,area_not_loaded
352800,4,4,0,0,100.0,0,,,,,,,,,,,,,,,,,,,,,,good,population_not_loaded,area_not_loaded
352810,2,2,0,0,100.0,0,,,,,,,,,,,,,,,,,,,,,,good,population_not_loaded,area_not_loaded
352820,1,1,0,0,100.0,0,,,,,,,,,,,,,,,,,,,,,,good,population_not_loaded,area_not_loaded
352830,1,1,0,0,100.0,0,,,,,,,,,,,,,,,,,,,,,,good,population_not_loaded,area_not_loaded
352840,18,14,4,4,77.77777777777779,4,,,,,,,,,,,,,,,,,,,,,,high_attention,population_not_loaded,area_not_loaded
352850,18,18,0,0,100.0,0,,,,,,,,,,,,,,,,,,,,,,good,population_not_loaded,area_not_loaded
352860,2,2,0,0,100.0,0,,,,,,,,,,,,,,,,,,,,,,good,population_not_loaded,area_not_loaded
352870,2,2,0,0,100.0,0,,,,,,,,,,,,,,,,,,,,,,good,population_not_loaded,area_not_loaded
352880,5,5,0,0,100.0,0,,,,,,,,,,,,,,,,,,,,,,good,population_not_loaded,area_not_loaded
352885,1,1,0,0,100.0,0,,,,,,,,,,,,,,,,,,,,,,good,population_not_loaded,area_not_loaded
352890,2,2,0,0,100.0,0,,,,,,,,,,,,,,,,,,,,,,good,population_not_loaded,area_not_loaded
352900,60,60,0,0,100.0,0,,,,,,,,,,,,,,,,,,,,,,good,population_not_loaded,area_not_loaded
352910,2,2,0,0,100.0,0,,,,,,,,,,,,,,,,,,,,,,good,population_not_loaded,area_not_loaded
352920,14,14,0,0,100.0,0,,,,,,,,,,,,,,,,,,,,,,good,population_not_loaded,area_not_loaded
352930,19,19,0,0,100.0,0,,,,,,,,,,,,,,,,,,,,,,good,population_not_loaded,area_not_loaded
352940,25,25,0,0,100.0,0,,,,,,,,,,,,,,,,,,,,,,good,population_not_loaded,area_not_loaded
352950,2,2,0,0,100.0,0,,,,,,,,,,,,,,,,,,,,,,good,population_not_loaded,area_not_loaded
352960,1,1,0,0,100.0,0,,,,,,,,,,,,,,,,,,,,,,good,population_not_loaded,area_not_loaded
352965,1,1,0,0,100.0,0,,,,,,,,,,,,,,,,,,,,,,good,population_not_loaded,area_not_loaded
352970,10,9,1,1,90.0,1,,,,,,,,,,,,,,,,,,,,,,monitor,population_not_loaded,area_not_loaded
352980,3,3,0,0,100.0,0,,,,,,,,,,,,,,,,,,,,,,good,population_not_loaded,area_not_loaded
352990,10,10,0,0,100.0,0,,,,,,,,,,,,,,,,,,,,,,good,population_not_loaded,area_not_loaded
353000,2,2,0,0,100.0,0,,,,,,,,,,,,,,,,,,,,,,good,population_not_loaded,area_not_loaded
353010,8,8,0,0,100.0,0,,,,,,,,,,,,,,,,,,,,,,good,population_not_loaded,area_not_loaded
353020,10,9,1,1,90.0,1,,,,,,,,,,,,,,,,,,,,,,monitor,population_not_loaded,area_not_loaded
353030,7,6,1,1,85.71428571428571,1,,,,,,,,,,,,,,,,,,,,,,monitor,population_not_loaded,area_not_loaded
353040,1,1,0,0,100.0,0,,,,,,,,,,,,,,,,,,,,,,good,population_not_loaded,area_not_loaded
353050,20,14,6,6,70.0,6,,,,,,,,,,,,,,,,,,,,,,high_attention,population_not_loaded,area_not_loaded
353060,37,36,1,1,97.2972972972973,1,,,,,,,,,,,,,,,,,,,,,,good,population_not_loaded,area_not_loaded
353070,27,25,2,2,92.5925925925926,2,,,,,,,,,,,,,,,,,,,,,,monitor,population_not_loaded,area_not_loaded
353080,14,14,0,0,100.0,0,,,,,,,,,,,,,,,,,,,,,,good,population_not_loaded,area_not_loaded
353090,2,2,0,0,100.0,0,,,,,,,,,,,,,,,,,,,,,,good,population_not_loaded,area_not_loaded
353100,1,1,0,0,100.0,0,,,,,,,,,,,,,,,,,,,,,,good,population_not_loaded,area_not_loaded
353110,11,11,0,0,100.0,0,,,,,,,,,,,,,,,,,,,,,,good,population_not_loaded,area_not_loaded
353120,3,3,0,0,100.0,0,,,,,,,,,,,,,,,,,,,,,,good,population_not_loaded,area_not_loaded
353130,10,10,0,0,100.0,0,,,,,,,,,,,,,,,,,,,,,,good,population_not_loaded,area_not_loaded
353140,7,7,0,0,100.0,0,,,,,,,,,,,,,,,,,,,,,,good,population_not_loaded,area_not_loaded
353150,10,10,0,0,100.0,0,,,,,,,,,,,,,,,,,,,,,,good,population_not_loaded,area_not_loaded
353160,2,2,0,0,100.0,0,,,,,,,,,,,,,,,,,,,,,,good,population_not_loaded,area_not_loaded
353170,2,2,0,0,100.0,0,,,,,,,,,,,,,,,,,,,,,,good,population_not_loaded,area_not_loaded
353180,12,11,1,1,91.66666666666666,1,,,,,,,,,,,,,,,,,,,,,,monitor,population_not_loaded,area_not_loaded
353190,13,13,0,0,100.0,0,,,,,,,,,,,,,,,,,,,,,,good,population_not_loaded,area_not_loaded
353200,6,5,1,1,83.33333333333334,1,,,,,,,,,,,,,,,,,,,,,,monitor,population_not_loaded,area_not_loaded
353205,2,2,0,0,100.0,0,,,,,,,,,,,,,,,,,,,,,,good,population_not_loaded,area_not_loaded
353210,2,1,1,1,50.0,1,,,,,,,,,,,,,,,,,,,,,,high_attention,population_not_loaded,area_not_loaded
353215,2,2,0,0,100.0,0,,,,,,,,,,,,,,,,,,,,,,good,population_not_loaded,area_not_loaded
353220,3,3,0,0,100.0,0,,,,,,,,,,,,,,,,,,,,,,good,population_not_loaded,area_not_loaded
353230,2,2,0,0,100.0,0,,,,,,,,,,,,,,,,,,,,,,good,population_not_loaded,area_not_loaded
353240,4,4,0,0,100.0,0,,,,,,,,,,,,,,,,,,,,,,good,population_not_loaded,area_not_loaded
353250,4,4,0,0,100.0,0,,,,,,,,,,,,,,,,,,,,,,good,population_not_loaded,area_not_loaded
353260,5,5,0,0,100.0,0,,,,,,,,,,,,,,,,,,,,,,good,population_not_loaded,area_not_loaded
353270,1,1,0,0,100.0,0,,,,,,,,,,,,,,,,,,,,,,good,population_not_loaded,area_not_loaded
353280,2,2,0,0,100.0,0,,,,,,,,,,,,,,,,,,,,,,good,population_not_loaded,area_not_loaded
353282,6,6,0,0,100.0,0,,,,,,,,,,,,,,,,,,,,,,good,population_not_loaded,area_not_loaded
353284,2,2,0,0,100.0,0,,,,,,,,,,,,,,,,,,,,,,good,population_not_loaded,area_not_loaded
353286,1,1,0,0,100.0,0,,,,,,,,,,,,,,,,,,,,,,good,population_not_loaded,area_not_loaded
353290,5,5,0,0,100.0,0,,,,,,,,,,,,,,,,,,,,,,good,population_not_loaded,area_not_loaded
353300,2,2,0,0,100.0,0,,,,,,,,,,,,,,,,,,,,,,good,population_not_loaded,area_not_loaded
353310,2,2,0,0,100.0,0,,,,,,,,,,,,,,,,,,,,,,good,population_not_loaded,area_not_loaded
353320,3,3,0,0,100.0,0,,,,,,,,,,,,,,,,,,,,,,good,population_not_loaded,area_not_loaded
353325,1,1,0,0,100.0,0,,,,,,,,,,,,,,,,,,,,,,good,population_not_loaded,area_not_loaded
353330,1,1,0,0,100.0,0,,,,,,,,,,,,,,,,,,,,,,good,population_not_loaded,area_not_loaded
353340,7,7,0,0,100.0,0,,,,,,,,,,,,,,,,,,,,,,good,population_not_loaded,area_not_loaded
353350,8,8,0,0,100.0,0,,,,,,,,,,,,,,,,,,,,,,good,population_not_loaded,area_not_loaded
353360,7,7,0,0,100.0,0,,,,,,,,,,,,,,,,,,,,,,good,population_not_loaded,area_not_loaded
353370,2,2,0,0,100.0,0,,,,,,,,,,,,,,,,,,,,,,good,population_not_loaded,area_not_loaded
353380,2,2,0,0,100.0,0,,,,,,,,,,,,,,,,,,,,,,good,population_not_loaded,area_not_loaded
353390,9,9,0,0,100.0,0,,,,,,,,,,,,,,,,,,,,,,good,population_not_loaded,area_not_loaded
353400,2,2,0,0,100.0,0,,,,,,,,,,,,,,,,,,,,,,good,population_not_loaded,area_not_loaded
353410,4,4,0,0,100.0,0,,,,,,,,,,,,,,,,,,,,,,good,population_not_loaded,area_not_loaded
353420,1,1,0,0,100.0,0,,,,,,,,,,,,,,,,,,,,,,good,population_not_loaded,area_not_loaded
353430,9,8,1,1,88.88888888888889,1,,,,,,,,,,,,,,,,,,,,,,monitor,population_not_loaded,area_not_loaded
353440,38,37,1,1,97.36842105263158,1,,,,,,,,,,,,,,,,,,,,,,good,population_not_loaded,area_not_loaded
353450,1,1,0,0,100.0,0,,,,,,,,,,,,,,,,,,,,,,good,population_not_loaded,area_not_loaded
353460,10,10,0,0,100.0,0,,,,,,,,,,,,,,,,,,,,,,good,population_not_loaded,area_not_loaded
353470,18,18,0,0,100.0,0,,,,,,,,,,,,,,,,,,,,,,good,population_not_loaded,area_not_loaded
353475,3,3,0,0,100.0,0,,,,,,,,,,,,,,,,,,,,,,good,population_not_loaded,area_not_loaded
353480,4,4,0,0,100.0,0,,,,,,,,,,,,,,,,,,,,,,good,population_not_loaded,area_not_loaded
353490,9,9,0,0,100.0,0,,,,,,,,,,,,,,,,,,,,,,good,population_not_loaded,area_not_loaded
353500,1,1,0,0,100.0,0,,,,,,,,,,,,,,,,,,,,,,good,population_not_loaded,area_not_loaded
353510,4,4,0,0,100.0,0,,,,,,,,,,,,,,,,,,,,,,good,population_not_loaded,area_not_loaded
353520,4,3,1,1,75.0,1,,,,,,,,,,,,,,,,,,,,,,high_attention,population_not_loaded,area_not_loaded
353530,6,6,0,0,100.0,0,,,,,,,,,,,,,,,,,,,,,,good,population_not_loaded,area_not_loaded
353540,6,6,0,0,100.0,0,,,,,,,,,,,,,,,,,,,,,,good,population_not_loaded,area_not_loaded
353550,13,13,0,0,100.0,0,,,,,,,,,,,,,,,,,,,,,,good,population_not_loaded,area_not_loaded
353560,7,7,0,0,100.0,0,,,,,,,,,,,,,,,,,,,,,,good,population_not_loaded,area_not_loaded
353570,3,3,0,0,100.0,0,,,,,,,,,,,,,,,,,,,,,,good,population_not_loaded,area_not_loaded
353580,7,7,0,0,100.0,0,,,,,,,,,,,,,,,,,,,,,,good,population_not_loaded,area_not_loaded
353590,1,1,0,0,100.0,0,,,,,,,,,,,,,,,,,,,,,,good,population_not_loaded,area_not_loaded
353600,4,4,0,0,100.0,0,,,,,,,,,,,,,,,,,,,,,,good,population_not_loaded,area_not_loaded
353610,1,1,0,0,100.0,0,,,,,,,,,,,,,,,,,,,,,,good,population_not_loaded,area_not_loaded
353620,9,9,0,0,100.0,0,,,,,,,,,,,,,,,,,,,,,,good,population_not_loaded,area_not_loaded
353625,1,1,0,0,100.0,0,,,,,,,,,,,,,,,,,,,,,,good,population_not_loaded,area_not_loaded
353630,7,7,0,0,100.0,0,,,,,,,,,,,,,,,,,,,,,,good,population_not_loaded,area_not_loaded
353640,3,3,0,0,100.0,0,,,,,,,,,,,,,,,,,,,,,,good,population_not_loaded,area_not_loaded
353650,12,12,0,0,100.0,0,,,,,,,,,,,,,,,,,,,,,,good,population_not_loaded,area_not_loaded
353657,1,1,0,0,100.0,0,,,,,,,,,,,,,,,,,,,,,,good,population_not_loaded,area_not_loaded
353660,2,2,0,0,100.0,0,,,,,,,,,,,,,,,,,,,,,,good,population_not_loaded,area_not_loaded
353670,14,14,0,0,100.0,0,,,,,,,,,,,,,,,,,,,,,,good,population_not_loaded,area_not_loaded
353680,3,2,1,1,66.66666666666666,1,,,,,,,,,,,,,,,,,,,,,,high_attention,population_not_loaded,area_not_loaded
353690,1,1,0,0,100.0,0,,,,,,,,,,,,,,,,,,,,,,good,population_not_loaded,area_not_loaded
353700,9,9,0,0,100.0,0,,,,,,,,,,,,,,,,,,,,,,good,population_not_loaded,area_not_loaded
353710,11,11,0,0,100.0,0,,,,,,,,,,,,,,,,,,,,,,good,population_not_loaded,area_not_loaded
353715,1,1,0,0,100.0,0,,,,,,,,,,,,,,,,,,,,,,good,population_not_loaded,area_not_loaded
353720,6,6,0,0,100.0,0,,,,,,,,,,,,,,,,,,,,,,good,population_not_loaded,area_not_loaded
353730,11,9,2,2,81.81818181818183,2,,,,,,,,,,,,,,,,,,,,,,monitor,population_not_loaded,area_not_loaded
353740,6,6,0,0,100.0,0,,,,,,,,,,,,,,,,,,,,,,good,population_not_loaded,area_not_loaded
353750,2,2,0,0,100.0,0,,,,,,,,,,,,,,,,,,,,,,good,population_not_loaded,area_not_loaded
353760,14,13,1,1,92.85714285714286,1,,,,,,,,,,,,,,,,,,,,,,monitor,population_not_loaded,area_not_loaded
353770,1,1,0,0,100.0,0,,,,,,,,,,,,,,,,,,,,,,good,population_not_loaded,area_not_loaded
353780,9,8,1,1,88.88888888888889,1,,,,,,,,,,,,,,,,,,,,,,monitor,population_not_loaded,area_not_loaded
353790,9,8,1,1,88.88888888888889,1,,,,,,,,,,,,,,,,,,,,,,monitor,population_not_loaded,area_not_loaded
353800,32,31,1,1,96.875,1,,,,,,,,,,,,,,,,,,,,,,good,population_not_loaded,area_not_loaded
353810,4,4,0,0,100.0,0,,,,,,,,,,,,,,,,,,,,,,good,population_not_loaded,area_not_loaded
353830,3,3,0,0,100.0,0,,,,,,,,,,,,,,,,,,,,,,good,population_not_loaded,area_not_loaded
353850,5,5,0,0,100.0,0,,,,,,,,,,,,,,,,,,,,,,good,population_not_loaded,area_not_loaded
353860,3,3,0,0,100.0,0,,,,,,,,,,,,,,,,,,,,,,good,population_not_loaded,area_not_loaded
353870,85,78,7,7,91.76470588235294,7,,,,,,,,,,,,,,,,,,,,,,monitor,population_not_loaded,area_not_loaded
353880,10,10,0,0,100.0,0,,,,,,,,,,,,,,,,,,,,,,good,population_not_loaded,area_not_loaded
353890,10,10,0,0,100.0,0,,,,,,,,,,,,,,,,,,,,,,good,population_not_loaded,area_not_loaded
353900,3,3,0,0,100.0,0,,,,,,,,,,,,,,,,,,,,,,good,population_not_loaded,area_not_loaded
353910,4,4,0,0,100.0,0,,,,,,,,,,,,,,,,,,,,,,good,population_not_loaded,area_not_loaded
353920,9,9,0,0,100.0,0,,,,,,,,,,,,,,,,,,,,,,good,population_not_loaded,area_not_loaded
353930,20,17,3,3,85.0,3,,,,,,,,,,,,,,,,,,,,,,monitor,population_not_loaded,area_not_loaded
353940,1,1,0,0,100.0,0,,,,,,,,,,,,,,,,,,,,,,good,population_not_loaded,area_not_loaded
353950,9,7,2,2,77.77777777777779,2,,,,,,,,,,,,,,,,,,,,,,high_attention,population_not_loaded,area_not_loaded
353960,2,2,0,0,100.0,0,,,,,,,,,,,,,,,,,,,,,,good,population_not_loaded,area_not_loaded
353970,1,1,0,0,100.0,0,,,,,,,,,,,,,,,,,,,,,,good,population_not_loaded,area_not_loaded
353980,17,15,2,2,88.23529411764706,2,,,,,,,,,,,,,,,,,,,,,,monitor,population_not_loaded,area_not_loaded
353990,1,1,0,0,100.0,0,,,,,,,,,,,,,,,,,,,,,,good,population_not_loaded,area_not_loaded
354000,10,10,0,0,100.0,0,,,,,,,,,,,,,,,,,,,,,,good,population_not_loaded,area_not_loaded
354020,14,13,1,1,92.85714285714286,1,,,,,,,,,,,,,,,,,,,,,,monitor,population_not_loaded,area_not_loaded
354025,1,1,0,0,100.0,0,,,,,,,,,,,,,,,,,,,,,,good,population_not_loaded,area_not_loaded
354030,2,2,0,0,100.0,0,,,,,,,,,,,,,,,,,,,,,,good,population_not_loaded,area_not_loaded
354040,1,1,0,0,100.0,0,,,,,,,,,,,,,,,,,,,,,,good,population_not_loaded,area_not_loaded
354060,13,11,2,2,84.61538461538461,2,,,,,,,,,,,,,,,,,,,,,,monitor,population_not_loaded,area_not_loaded
354070,12,12,0,0,100.0,0,,,,,,,,,,,,,,,,,,,,,,good,population_not_loaded,area_not_loaded
354075,9,9,0,0,100.0,0,,,,,,,,,,,,,,,,,,,,,,good,population_not_loaded,area_not_loaded
354080,5,5,0,0,100.0,0,,,,,,,,,,,,,,,,,,,,,,good,population_not_loaded,area_not_loaded
354085,2,2,0,0,100.0,0,,,,,,,,,,,,,,,,,,,,,,good,population_not_loaded,area_not_loaded
354090,3,3,0,0,100.0,0,,,,,,,,,,,,,,,,,,,,,,good,population_not_loaded,area_not_loaded
354100,32,32,0,0,100.0,0,,,,,,,,,,,,,,,,,,,,,,good,population_not_loaded,area_not_loaded
354105,2,2,0,0,100.0,0,,,,,,,,,,,,,,,,,,,,,,good,population_not_loaded,area_not_loaded
354110,2,2,0,0,100.0,0,,,,,,,,,,,,,,,,,,,,,,good,population_not_loaded,area_not_loaded
354120,10,10,0,0,100.0,0,,,,,,,,,,,,,,,,,,,,,,good,population_not_loaded,area_not_loaded
354130,14,13,1,1,92.85714285714286,1,,,,,,,,,,,,,,,,,,,,,,monitor,population_not_loaded,area_not_loaded
354140,34,33,1,1,97.05882352941177,1,,,,,,,,,,,,,,,,,,,,,,good,population_not_loaded,area_not_loaded
354150,13,13,0,0,100.0,0,,,,,,,,,,,,,,,,,,,,,,good,population_not_loaded,area_not_loaded
354160,15,13,2,2,86.66666666666667,2,,,,,,,,,,,,,,,,,,,,,,monitor,population_not_loaded,area_not_loaded
354165,1,1,0,0,100.0,0,,,,,,,,,,,,,,,,,,,,,,good,population_not_loaded,area_not_loaded
354170,5,5,0,0,100.0,0,,,,,,,,,,,,,,,,,,,,,,good,population_not_loaded,area_not_loaded
354180,2,2,0,0,100.0,0,,,,,,,,,,,,,,,,,,,,,,good,population_not_loaded,area_not_loaded
354190,4,4,0,0,100.0,0,,,,,,,,,,,,,,,,,,,,,,good,population_not_loaded,area_not_loaded
354200,4,4,0,0,100.0,0,,,,,,,,,,,,,,,,,,,,,,good,population_not_loaded,area_not_loaded
354210,3,3,0,0,100.0,0,,,,,,,,,,,,,,,,,,,,,,good,population_not_loaded,area_not_loaded
354220,13,12,1,1,92.3076923076923,1,,,,,,,,,,,,,,,,,,,,,,monitor,population_not_loaded,area_not_loaded
354230,2,2,0,0,100.0,0,,,,,,,,,,,,,,,,,,,,,,good,population_not_loaded,area_not_loaded
354240,11,11,0,0,100.0,0,,,,,,,,,,,,,,,,,,,,,,good,population_not_loaded,area_not_loaded
354250,4,4,0,0,100.0,0,,,,,,,,,,,,,,,,,,,,,,good,population_not_loaded,area_not_loaded
354260,22,21,1,1,95.45454545454545,1,,,,,,,,,,,,,,,,,,,,,,good,population_not_loaded,area_not_loaded
354270,3,3,0,0,100.0,0,,,,,,,,,,,,,,,,,,,,,,good,population_not_loaded,area_not_loaded
354280,2,2,0,0,100.0,0,,,,,,,,,,,,,,,,,,,,,,good,population_not_loaded,area_not_loaded
354290,4,3,1,1,75.0,1,,,,,,,,,,,,,,,,,,,,,,high_attention,population_not_loaded,area_not_loaded
354300,6,6,0,0,100.0,0,,,,,,,,,,,,,,,,,,,,,,good,population_not_loaded,area_not_loaded
354310,3,3,0,0,100.0,0,,,,,,,,,,,,,,,,,,,,,,good,population_not_loaded,area_not_loaded
354320,1,1,0,0,100.0,0,,,,,,,,,,,,,,,,,,,,,,good,population_not_loaded,area_not_loaded
354323,1,1,0,0,100.0,0,,,,,,,,,,,,,,,,,,,,,,good,population_not_loaded,area_not_loaded
354325,1,1,0,0,100.0,0,,,,,,,,,,,,,,,,,,,,,,good,population_not_loaded,area_not_loaded
354330,13,13,0,0,100.0,0,,,,,,,,,,,,,,,,,,,,,,good,population_not_loaded,area_not_loaded
354340,53,52,1,1,98.11320754716981,1,,,,,,,,,,,,,,,,,,,,,,good,population_not_loaded,area_not_loaded
354350,2,1,1,1,50.0,1,,,,,,,,,,,,,,,,,,,,,,high_attention,population_not_loaded,area_not_loaded
354360,2,2,0,0,100.0,0,,,,,,,,,,,,,,,,,,,,,,good,population_not_loaded,area_not_loaded
354370,2,2,0,0,100.0,0,,,,,,,,,,,,,,,,,,,,,,good,population_not_loaded,area_not_loaded
354380,4,4,0,0,100.0,0,,,,,,,,,,,,,,,,,,,,,,good,population_not_loaded,area_not_loaded
354390,24,24,0,0,100.0,0,,,,,,,,,,,,,,,,,,,,,,good,population_not_loaded,area_not_loaded
354400,5,3,2,2,60.0,2,,,,,,,,,,,,,,,,,,,,,,high_attention,population_not_loaded,area_not_loaded
354410,8,8,0,0,100.0,0,,,,,,,,,,,,,,,,,,,,,,good,population_not_loaded,area_not_loaded
354420,6,6,0,0,100.0,0,,,,,,,,,,,,,,,,,,,,,,good,population_not_loaded,area_not_loaded
354425,2,2,0,0,100.0,0,,,,,,,,,,,,,,,,,,,,,,good,population_not_loaded,area_not_loaded
354440,2,2,0,0,100.0,0,,,,,,,,,,,,,,,,,,,,,,good,population_not_loaded,area_not_loaded
354450,2,2,0,0,100.0,0,,,,,,,,,,,,,,,,,,,,,,good,population_not_loaded,area_not_loaded
354460,3,3,0,0,100.0,0,,,,,,,,,,,,,,,,,,,,,,good,population_not_loaded,area_not_loaded
354470,1,1,0,0,100.0,0,,,,,,,,,,,,,,,,,,,,,,good,population_not_loaded,area_not_loaded
354480,3,3,0,0,100.0,0,,,,,,,,,,,,,,,,,,,,,,good,population_not_loaded,area_not_loaded
354490,5,5,0,0,100.0,0,,,,,,,,,,,,,,,,,,,,,,good,population_not_loaded,area_not_loaded
354500,2,2,0,0,100.0,0,,,,,,,,,,,,,,,,,,,,,,good,population_not_loaded,area_not_loaded
354510,3,3,0,0,100.0,0,,,,,,,,,,,,,,,,,,,,,,good,population_not_loaded,area_not_loaded
354515,2,2,0,0,100.0,0,,,,,,,,,,,,,,,,,,,,,,good,population_not_loaded,area_not_loaded
354520,13,11,2,2,84.61538461538461,2,,,,,,,,,,,,,,,,,,,,,,monitor,population_not_loaded,area_not_loaded
354530,11,10,1,1,90.9090909090909,1,,,,,,,,,,,,,,,,,,,,,,monitor,population_not_loaded,area_not_loaded
354540,3,3,0,0,100.0,0,,,,,,,,,,,,,,,,,,,,,,good,population_not_loaded,area_not_loaded
354550,2,2,0,0,100.0,0,,,,,,,,,,,,,,,,,,,,,,good,population_not_loaded,area_not_loaded
354560,5,5,0,0,100.0,0,,,,,,,,,,,,,,,,,,,,,,good,population_not_loaded,area_not_loaded
354570,2,2,0,0,100.0,0,,,,,,,,,,,,,,,,,,,,,,good,population_not_loaded,area_not_loaded
354580,19,19,0,0,100.0,0,,,,,,,,,,,,,,,,,,,,,,good,population_not_loaded,area_not_loaded
354600,9,2,7,7,22.22222222222222,7,,,,,,,,,,,,,,,,,,,,,,high_attention,population_not_loaded,area_not_loaded
354610,1,1,0,0,100.0,0,,,,,,,,,,,,,,,,,,,,,,good,population_not_loaded,area_not_loaded
354620,2,2,0,0,100.0,0,,,,,,,,,,,,,,,,,,,,,,good,population_not_loaded,area_not_loaded
354625,2,2,0,0,100.0,0,,,,,,,,,,,,,,,,,,,,,,good,population_not_loaded,area_not_loaded
354630,6,6,0,0,100.0,0,,,,,,,,,,,,,,,,,,,,,,good,population_not_loaded,area_not_loaded
354640,11,10,1,1,90.9090909090909,1,,,,,,,,,,,,,,,,,,,,,,monitor,population_not_loaded,area_not_loaded
354650,1,1,0,0,100.0,0,,,,,,,,,,,,,,,,,,,,,,good,population_not_loaded,area_not_loaded
354660,9,9,0,0,100.0,0,,,,,,,,,,,,,,,,,,,,,,good,population_not_loaded,area_not_loaded
354670,5,5,0,0,100.0,0,,,,,,,,,,,,,,,,,,,,,,good,population_not_loaded,area_not_loaded
354680,12,12,0,0,100.0,0,,,,,,,,,,,,,,,,,,,,,,good,population_not_loaded,area_not_loaded
354690,2,2,0,0,100.0,0,,,,,,,,,,,,,,,,,,,,,,good,population_not_loaded,area_not_loaded
354700,2,2,0,0,100.0,0,,,,,,,,,,,,,,,,,,,,,,good,population_not_loaded,area_not_loaded
354710,2,2,0,0,100.0,0,,,,,,,,,,,,,,,,,,,,,,good,population_not_loaded,area_not_loaded
354720,1,1,0,0,100.0,0,,,,,,,,,,,,,,,,,,,,,,good,population_not_loaded,area_not_loaded
354730,14,13,1,1,92.85714285714286,1,,,,,,,,,,,,,,,,,,,,,,monitor,population_not_loaded,area_not_loaded
354740,1,1,0,0,100.0,0,,,,,,,,,,,,,,,,,,,,,,good,population_not_loaded,area_not_loaded
354750,6,6,0,0,100.0,0,,,,,,,,,,,,,,,,,,,,,,good,population_not_loaded,area_not_loaded
354760,5,5,0,0,100.0,0,,,,,,,,,,,,,,,,,,,,,,good,population_not_loaded,area_not_loaded
354765,1,1,0,0,100.0,0,,,,,,,,,,,,,,,,,,,,,,good,population_not_loaded,area_not_loaded
354770,6,6,0,0,100.0,0,,,,,,,,,,,,,,,,,,,,,,good,population_not_loaded,area_not_loaded
354780,38,38,0,0,100.0,0,,,,,,,,,,,,,,,,,,,,,,good,population_not_loaded,area_not_loaded
354790,5,5,0,0,100.0,0,,,,,,,,,,,,,,,,,,,,,,good,population_not_loaded,area_not_loaded
354800,7,7,0,0,100.0,0,,,,,,,,,,,,,,,,,,,,,,good,population_not_loaded,area_not_loaded
354805,1,1,0,0,100.0,0,,,,,,,,,,,,,,,,,,,,,,good,population_not_loaded,area_not_loaded
354810,2,2,0,0,100.0,0,,,,,,,,,,,,,,,,,,,,,,good,population_not_loaded,area_not_loaded
354820,1,1,0,0,100.0,0,,,,,,,,,,,,,,,,,,,,,,good,population_not_loaded,area_not_loaded
354830,2,2,0,0,100.0,0,,,,,,,,,,,,,,,,,,,,,,good,population_not_loaded,area_not_loaded
354840,1,1,0,0,100.0,0,,,,,,,,,,,,,,,,,,,,,,good,population_not_loaded,area_not_loaded
354850,38,37,1,1,97.36842105263158,1,,,,,,,,,,,,,,,,,,,,,,good,population_not_loaded,area_not_loaded
354860,2,2,0,0,100.0,0,,,,,,,,,,,,,,,,,,,,,,good,population_not_loaded,area_not_loaded
354870,38,38,0,0,100.0,0,,,,,,,,,,,,,,,,,,,,,,good,population_not_loaded,area_not_loaded
354880,16,15,1,1,93.75,1,,,,,,,,,,,,,,,,,,,,,,monitor,population_not_loaded,area_not_loaded
354890,35,35,0,0,100.0,0,,,,,,,,,,,,,,,,,,,,,,good,population_not_loaded,area_not_loaded
354900,2,2,0,0,100.0,0,,,,,,,,,,,,,,,,,,,,,,good,population_not_loaded,area_not_loaded
354910,14,14,0,0,100.0,0,,,,,,,,,,,,,,,,,,,,,,good,population_not_loaded,area_not_loaded
354920,1,1,0,0,100.0,0,,,,,,,,,,,,,,,,,,,,,,good,population_not_loaded,area_not_loaded
354925,2,2,0,0,100.0,0,,,,,,,,,,,,,,,,,,,,,,good,population_not_loaded,area_not_loaded
354930,1,1,0,0,100.0,0,,,,,,,,,,,,,,,,,,,,,,good,population_not_loaded,area_not_loaded
354940,11,11,0,0,100.0,0,,,,,,,,,,,,,,,,,,,,,,good,population_not_loaded,area_not_loaded
354950,5,5,0,0,100.0,0,,,,,,,,,,,,,,,,,,,,,,good,population_not_loaded,area_not_loaded
354960,1,1,0,0,100.0,0,,,,,,,,,,,,,,,,,,,,,,good,population_not_loaded,area_not_loaded
354970,11,11,0,0,100.0,0,,,,,,,,,,,,,,,,,,,,,,good,population_not_loaded,area_not_loaded
354980,33,33,0,0,100.0,0,,,,,,,,,,,,,,,,,,,,,,good,population_not_loaded,area_not_loaded
354990,40,40,0,0,100.0,0,,,,,,,,,,,,,,,,,,,,,,good,population_not_loaded,area_not_loaded
354995,3,3,0,0,100.0,0,,,,,,,,,,,,,,,,,,,,,,good,population_not_loaded,area_not_loaded
355000,4,4,0,0,100.0,0,,,,,,,,,,,,,,,,,,,,,,good,population_not_loaded,area_not_loaded
355010,8,8,0,0,100.0,0,,,,,,,,,,,,,,,,,,,,,,good,population_not_loaded,area_not_loaded
355020,15,11,4,4,73.33333333333333,4,,,,,,,,,,,,,,,,,,,,,,high_attention,population_not_loaded,area_not_loaded
355030,645,555,90,90,86.04651162790698,90,,,,,,,,,,,,,,,,,,,,,,monitor,population_not_loaded,area_not_loaded
355040,11,10,1,1,90.9090909090909,1,,,,,,,,,,,,,,,,,,,,,,monitor,population_not_loaded,area_not_loaded
355050,4,4,0,0,100.0,0,,,,,,,,,,,,,,,,,,,,,,good,population_not_loaded,area_not_loaded
355060,13,13,0,0,100.0,0,,,,,,,,,,,,,,,,,,,,,,good,population_not_loaded,area_not_loaded
355070,29,29,0,0,100.0,0,,,,,,,,,,,,,,,,,,,,,,good,population_not_loaded,area_not_loaded
355080,6,6,0,0,100.0,0,,,,,,,,,,,,,,,,,,,,,,good,population_not_loaded,area_not_loaded
355090,6,6,0,0,100.0,0,,,,,,,,,,,,,,,,,,,,,,good,population_not_loaded,area_not_loaded
355100,31,31,0,0,100.0,0,,,,,,,,,,,,,,,,,,,,,,good,population_not_loaded,area_not_loaded
355110,2,2,0,0,100.0,0,,,,,,,,,,,,,,,,,,,,,,good,population_not_loaded,area_not_loaded
355120,1,1,0,0,100.0,0,,,,,,,,,,,,,,,,,,,,,,good,population_not_loaded,area_not_loaded
355130,1,1,0,0,100.0,0,,,,,,,,,,,,,,,,,,,,,,good,population_not_loaded,area_not_loaded
355140,8,8,0,0,100.0,0,,,,,,,,,,,,,,,,,,,,,,good,population_not_loaded,area_not_loaded
355150,8,7,1,1,87.5,1,,,,,,,,,,,,,,,,,,,,,,monitor,population_not_loaded,area_not_loaded
355160,10,10,0,0,100.0,0,,,,,,,,,,,,,,,,,,,,,,good,population_not_loaded,area_not_loaded
355170,14,10,4,4,71.42857142857143,4,,,,,,,,,,,,,,,,,,,,,,high_attention,population_not_loaded,area_not_loaded
355180,5,5,0,0,100.0,0,,,,,,,,,,,,,,,,,,,,,,good,population_not_loaded,area_not_loaded
355190,3,3,0,0,100.0,0,,,,,,,,,,,,,,,,,,,,,,good,population_not_loaded,area_not_loaded
355200,3,3,0,0,100.0,0,,,,,,,,,,,,,,,,,,,,,,good,population_not_loaded,area_not_loaded
355210,15,15,0,0,100.0,0,,,,,,,,,,,,,,,,,,,,,,good,population_not_loaded,area_not_loaded
355220,33,33,0,0,100.0,0,,,,,,,,,,,,,,,,,,,,,,good,population_not_loaded,area_not_loaded
355230,2,2,0,0,100.0,0,,,,,,,,,,,,,,,,,,,,,,good,population_not_loaded,area_not_loaded
355240,27,26,1,1,96.29629629629629,1,,,,,,,,,,,,,,,,,,,,,,good,population_not_loaded,area_not_loaded
355250,26,26,0,0,100.0,0,,,,,,,,,,,,,,,,,,,,,,good,population_not_loaded,area_not_loaded
355255,1,1,0,0,100.0,0,,,,,,,,,,,,,,,,,,,,,,good,population_not_loaded,area_not_loaded
355260,2,2,0,0,100.0,0,,,,,,,,,,,,,,,,,,,,,,good,population_not_loaded,area_not_loaded
355270,5,5,0,0,100.0,0,,,,,,,,,,,,,,,,,,,,,,good,population_not_loaded,area_not_loaded
355280,15,14,1,1,93.33333333333333,1,,,,,,,,,,,,,,,,,,,,,,monitor,population_not_loaded,area_not_loaded
355290,4,4,0,0,100.0,0,,,,,,,,,,,,,,,,,,,,,,good,population_not_loaded,area_not_loaded
355300,5,5,0,0,100.0,0,,,,,,,,,,,,,,,,,,,,,,good,population_not_loaded,area_not_loaded
355310,3,3,0,0,100.0,0,,,,,,,,,,,,,,,,,,,,,,good,population_not_loaded,area_not_loaded
355320,5,4,1,1,80.0,1,,,,,,,,,,,,,,,,,,,,,,high_attention,population_not_loaded,area_not_loaded
355330,10,10,0,0,100.0,0,,,,,,,,,,,,,,,,,,,,,,good,population_not_loaded,area_not_loaded
355340,9,9,0,0,100.0,0,,,,,,,,,,,,,,,,,,,,,,good,population_not_loaded,area_not_loaded
355350,3,3,0,0,100.0,0,,,,,,,,,,,,,,,,,,,,,,good,population_not_loaded,area_not_loaded
355360,6,6,0,0,100.0,0,,,,,,,,,,,,,,,,,,,,,,good,population_not_loaded,area_not_loaded
355365,1,1,0,0,100.0,0,,,,,,,,,,,,,,,,,,,,,,good,population_not_loaded,area_not_loaded
355370,10,10,0,0,100.0,0,,,,,,,,,,,,,,,,,,,,,,good,population_not_loaded,area_not_loaded
355380,7,7,0,0,100.0,0,,,,,,,,,,,,,,,,,,,,,,good,population_not_loaded,area_not_loaded
355385,3,3,0,0,100.0,0,,,,,,,,,,,,,,,,,,,,,,good,population_not_loaded,area_not_loaded
355395,4,4,0,0,100.0,0,,,,,,,,,,,,,,,,,,,,,,good,population_not_loaded,area_not_loaded
355400,21,19,2,2,90.47619047619048,2,,,,,,,,,,,,,,,,,,,,,,monitor,population_not_loaded,area_not_loaded
355410,58,49,9,9,84.48275862068965,9,,,,,,,,,,,,,,,,,,,,,,monitor,population_not_loaded,area_not_loaded
355420,3,3,0,0,100.0,0,,,,,,,,,,,,,,,,,,,,,,good,population_not_loaded,area_not_loaded
355430,12,12,0,0,100.0,0,,,,,,,,,,,,,,,,,,,,,,good,population_not_loaded,area_not_loaded
355440,5,5,0,0,100.0,0,,,,,,,,,,,,,,,,,,,,,,good,population_not_loaded,area_not_loaded
355450,6,6,0,0,100.0,0,,,,,,,,,,,,,,,,,,,,,,good,population_not_loaded,area_not_loaded
355460,1,1,0,0,100.0,0,,,,,,,,,,,,,,,,,,,,,,good,population_not_loaded,area_not_loaded
355465,1,1,0,0,100.0,0,,,,,,,,,,,,,,,,,,,,,,good,population_not_loaded,area_not_loaded
355470,2,2,0,0,100.0,0,,,,,,,,,,,,,,,,,,,,,,good,population_not_loaded,area_not_loaded
355475,1,1,0,0,100.0,0,,,,,,,,,,,,,,,,,,,,,,good,population_not_loaded,area_not_loaded
355480,11,11,0,0,100.0,0,,,,,,,,,,,,,,,,,,,,,,good,population_not_loaded,area_not_loaded
355490,2,2,0,0,100.0,0,,,,,,,,,,,,,,,,,,,,,,good,population_not_loaded,area_not_loaded
355495,1,1,0,0,100.0,0,,,,,,,,,,,,,,,,,,,,,,good,population_not_loaded,area_not_loaded
355500,16,15,1,1,93.75,1,,,,,,,,,,,,,,,,,,,,,,monitor,population_not_loaded,area_not_loaded
355510,7,7,0,0,100.0,0,,,,,,,,,,,,,,,,,,,,,,good,population_not_loaded,area_not_loaded
355520,2,1,1,1,50.0,1,,,,,,,,,,,,,,,,,,,,,,high_attention,population_not_loaded,area_not_loaded
355530,2,2,0,0,100.0,0,,,,,,,,,,,,,,,,,,,,,,good,population_not_loaded,area_not_loaded
355535,1,1,0,0,100.0,0,,,,,,,,,,,,,,,,,,,,,,good,population_not_loaded,area_not_loaded
355540,24,22,2,2,91.66666666666666,2,,,,,,,,,,,,,,,,,,,,,,monitor,population_not_loaded,area_not_loaded
355550,2,2,0,0,100.0,0,,,,,,,,,,,,,,,,,,,,,,good,population_not_loaded,area_not_loaded
355560,3,3,0,0,100.0,0,,,,,,,,,,,,,,,,,,,,,,good,population_not_loaded,area_not_loaded
355570,1,1,0,0,100.0,0,,,,,,,,,,,,,,,,,,,,,,good,population_not_loaded,area_not_loaded
355580,3,3,0,0,100.0,0,,,,,,,,,,,,,,,,,,,,,,good,population_not_loaded,area_not_loaded
355590,1,1,0,0,100.0,0,,,,,,,,,,,,,,,,,,,,,,good,population_not_loaded,area_not_loaded
355600,5,5,0,0,100.0,0,,,,,,,,,,,,,,,,,,,,,,good,population_not_loaded,area_not_loaded
355610,9,8,1,1,88.88888888888889,1,,,,,,,,,,,,,,,,,,,,,,monitor,population_not_loaded,area_not_loaded
355620,16,15,1,1,93.75,1,,,,,,,,,,,,,,,,,,,,,,monitor,population_not_loaded,area_not_loaded
355630,7,7,0,0,100.0,0,,,,,,,,,,,,,,,,,,,,,,good,population_not_loaded,area_not_loaded
355635,3,3,0,0,100.0,0,,,,,,,,,,,,,,,,,,,,,,good,population_not_loaded,area_not_loaded
355640,9,7,2,2,77.77777777777779,2,,,,,,,,,,,,,,,,,,,,,,high_attention,population_not_loaded,area_not_loaded
355645,10,10,0,0,100.0,0,,,,,,,,,,,,,,,,,,,,,,good,population_not_loaded,area_not_loaded
355650,14,13,1,1,92.85714285714286,1,,,,,,,,,,,,,,,,,,,,,,monitor,population_not_loaded,area_not_loaded
355660,3,3,0,0,100.0,0,,,,,,,,,,,,,,,,,,,,,,good,population_not_loaded,area_not_loaded
355670,9,8,1,1,88.88888888888889,1,,,,,,,,,,,,,,,,,,,,,,monitor,population_not_loaded,area_not_loaded
355680,5,5,0,0,100.0,0,,,,,,,,,,,,,,,,,,,,,,good,population_not_loaded,area_not_loaded
355690,3,2,1,1,66.66666666666666,1,,,,,,,,,,,,,,,,,,,,,,high_attention,population_not_loaded,area_not_loaded
355695,1,1,0,0,100.0,0,,,,,,,,,,,,,,,,,,,,,,good,population_not_loaded,area_not_loaded
355700,19,18,1,1,94.73684210526315,1,,,,,,,,,,,,,,,,,,,,,,monitor,population_not_loaded,area_not_loaded
355710,18,16,2,2,88.88888888888889,2,,,,,,,,,,,,,,,,,,,,,,monitor,population_not_loaded,area_not_loaded
355715,1,1,0,0,100.0,0,,,,,,,,,,,,,,,,,,,,,,good,population_not_loaded,area_not_loaded
355720,4,4,0,0,100.0,0,,,,,,,,,,,,,,,,,,,,,,good,population_not_loaded,area_not_loaded
355730,5,5,0,0,100.0,0,,,,,,,,,,,,,,,,,,,,,,good,population_not_loaded,area_not_loaded
410010,3,3,0,0,100.0,0,,,,,,,,,,,,,,,,,,,,,,good,population_not_loaded,area_not_loaded
410020,1,0,1,1,0.0,1,,,,,,,,,,,,,,,,,,,,,,high_attention,population_not_loaded,area_not_loaded
410030,4,4,0,0,100.0,0,,,,,,,,,,,,,,,,,,,,,,good,population_not_loaded,area_not_loaded
410040,13,13,0,0,100.0,0,,,,,,,,,,,,,,,,,,,,,,good,population_not_loaded,area_not_loaded
410045,1,1,0,0,100.0,0,,,,,,,,,,,,,,,,,,,,,,good,population_not_loaded,area_not_loaded
410050,1,1,0,0,100.0,0,,,,,,,,,,,,,,,,,,,,,,good,population_not_loaded,area_not_loaded
410060,5,5,0,0,100.0,0,,,,,,,,,,,,,,,,,,,,,,good,population_not_loaded,area_not_loaded
410070,4,4,0,0,100.0,0,,,,,,,,,,,,,,,,,,,,,,good,population_not_loaded,area_not_loaded
410080,4,4,0,0,100.0,0,,,,,,,,,,,,,,,,,,,,,,good,population_not_loaded,area_not_loaded
410090,3,3,0,0,100.0,0,,,,,,,,,,,,,,,,,,,,,,good,population_not_loaded,area_not_loaded
410100,7,6,1,1,85.71428571428571,1,,,,,,,,,,,,,,,,,,,,,,monitor,population_not_loaded,area_not_loaded
410105,2,2,0,0,100.0,0,,,,,,,,,,,,,,,,,,,,,,good,population_not_loaded,area_not_loaded
410110,8,8,0,0,100.0,0,,,,,,,,,,,,,,,,,,,,,,good,population_not_loaded,area_not_loaded
410115,1,1,0,0,100.0,0,,,,,,,,,,,,,,,,,,,,,,good,population_not_loaded,area_not_loaded
410120,5,5,0,0,100.0,0,,,,,,,,,,,,,,,,,,,,,,good,population_not_loaded,area_not_loaded
410140,35,33,2,2,94.28571428571428,2,,,,,,,,,,,,,,,,,,,,,,monitor,population_not_loaded,area_not_loaded
410150,31,31,0,0,100.0,0,,,,,,,,,,,,,,,,,,,,,,good,population_not_loaded,area_not_loaded
410160,13,8,5,5,61.53846153846154,5,,,,,,,,,,,,,,,,,,,,,,high_attention,population_not_loaded,area_not_loaded
410165,2,1,1,1,50.0,1,,,,,,,,,,,,,,,,,,,,,,high_attention,population_not_loaded,area_not_loaded
410170,1,1,0,0,100.0,0,,,,,,,,,,,,,,,,,,,,,,good,population_not_loaded,area_not_loaded
410180,19,19,0,0,100.0,0,,,,,,,,,,,,,,,,,,,,,,good,population_not_loaded,area_not_loaded
410185,1,1,0,0,100.0,0,,,,,,,,,,,,,,,,,,,,,,good,population_not_loaded,area_not_loaded
410190,3,3,0,0,100.0,0,,,,,,,,,,,,,,,,,,,,,,good,population_not_loaded,area_not_loaded
410200,13,13,0,0,100.0,0,,,,,,,,,,,,,,,,,,,,,,good,population_not_loaded,area_not_loaded
410210,8,8,0,0,100.0,0,,,,,,,,,,,,,,,,,,,,,,good,population_not_loaded,area_not_loaded
410220,2,2,0,0,100.0,0,,,,,,,,,,,,,,,,,,,,,,good,population_not_loaded,area_not_loaded
410230,7,7,0,0,100.0,0,,,,,,,,,,,,,,,,,,,,,,good,population_not_loaded,area_not_loaded
410240,11,11,0,0,100.0,0,,,,,,,,,,,,,,,,,,,,,,good,population_not_loaded,area_not_loaded
410250,7,7,0,0,100.0,0,,,,,,,,,,,,,,,,,,,,,,good,population_not_loaded,area_not_loaded
410260,4,4,0,0,100.0,0,,,,,,,,,,,,,,,,,,,,,,good,population_not_loaded,area_not_loaded
410270,2,2,0,0,100.0,0,,,,,,,,,,,,,,,,,,,,,,good,population_not_loaded,area_not_loaded
410275,1,1,0,0,100.0,0,,,,,,,,,,,,,,,,,,,,,,good,population_not_loaded,area_not_loaded
410280,5,5,0,0,100.0,0,,,,,,,,,,,,,,,,,,,,,,good,population_not_loaded,area_not_loaded
410290,5,5,0,0,100.0,0,,,,,,,,,,,,,,,,,,,,,,good,population_not_loaded,area_not_loaded
410300,1,1,0,0,100.0,0,,,,,,,,,,,,,,,,,,,,,,good,population_not_loaded,area_not_loaded
410302,2,2,0,0,100.0,0,,,,,,,,,,,,,,,,,,,,,,good,population_not_loaded,area_not_loaded
410304,3,3,0,0,100.0,0,,,,,,,,,,,,,,,,,,,,,,good,population_not_loaded,area_not_loaded
410305,6,6,0,0,100.0,0,,,,,,,,,,,,,,,,,,,,,,good,population_not_loaded,area_not_loaded
410310,4,3,1,1,75.0,1,,,,,,,,,,,,,,,,,,,,,,high_attention,population_not_loaded,area_not_loaded
410315,1,1,0,0,100.0,0,,,,,,,,,,,,,,,,,,,,,,good,population_not_loaded,area_not_loaded
410320,4,4,0,0,100.0,0,,,,,,,,,,,,,,,,,,,,,,good,population_not_loaded,area_not_loaded
410322,3,3,0,0,100.0,0,,,,,,,,,,,,,,,,,,,,,,good,population_not_loaded,area_not_loaded
410330,3,3,0,0,100.0,0,,,,,,,,,,,,,,,,,,,,,,good,population_not_loaded,area_not_loaded
410335,1,1,0,0,100.0,0,,,,,,,,,,,,,,,,,,,,,,good,population_not_loaded,area_not_loaded
410337,2,2,0,0,100.0,0,,,,,,,,,,,,,,,,,,,,,,good,population_not_loaded,area_not_loaded
410340,1,1,0,0,100.0,0,,,,,,,,,,,,,,,,,,,,,,good,population_not_loaded,area_not_loaded
410345,5,4,1,1,80.0,1,,,,,,,,,,,,,,,,,,,,,,high_attention,population_not_loaded,area_not_loaded
410347,3,3,0,0,100.0,0,,,,,,,,,,,,,,,,,,,,,,good,population_not_loaded,area_not_loaded
410350,3,3,0,0,100.0,0,,,,,,,,,,,,,,,,,,,,,,good,population_not_loaded,area_not_loaded
410370,13,13,0,0,100.0,0,,,,,,,,,,,,,,,,,,,,,,good,population_not_loaded,area_not_loaded
410380,2,2,0,0,100.0,0,,,,,,,,,,,,,,,,,,,,,,good,population_not_loaded,area_not_loaded
410390,9,7,2,2,77.77777777777779,2,,,,,,,,,,,,,,,,,,,,,,high_attention,population_not_loaded,area_not_loaded
410395,3,3,0,0,100.0,0,,,,,,,,,,,,,,,,,,,,,,good,population_not_loaded,area_not_loaded
410400,8,8,0,0,100.0,0,,,,,,,,,,,,,,,,,,,,,,good,population_not_loaded,area_not_loaded
410405,3,3,0,0,100.0,0,,,,,,,,,,,,,,,,,,,,,,good,population_not_loaded,area_not_loaded
410410,4,4,0,0,100.0,0,,,,,,,,,,,,,,,,,,,,,,good,population_not_loaded,area_not_loaded
410420,20,20,0,0,100.0,0,,,,,,,,,,,,,,,,,,,,,,good,population_not_loaded,area_not_loaded
410425,7,7,0,0,100.0,0,,,,,,,,,,,,,,,,,,,,,,good,population_not_loaded,area_not_loaded
410430,27,19,8,8,70.37037037037037,8,,,,,,,,,,,,,,,,,,,,,,high_attention,population_not_loaded,area_not_loaded
410440,5,5,0,0,100.0,0,,,,,,,,,,,,,,,,,,,,,,good,population_not_loaded,area_not_loaded
410442,2,2,0,0,100.0,0,,,,,,,,,,,,,,,,,,,,,,good,population_not_loaded,area_not_loaded
410445,4,4,0,0,100.0,0,,,,,,,,,,,,,,,,,,,,,,good,population_not_loaded,area_not_loaded
410450,2,2,0,0,100.0,0,,,,,,,,,,,,,,,,,,,,,,good,population_not_loaded,area_not_loaded
410460,2,2,0,0,100.0,0,,,,,,,,,,,,,,,,,,,,,,good,population_not_loaded,area_not_loaded
410465,1,1,0,0,100.0,0,,,,,,,,,,,,,,,,,,,,,,good,population_not_loaded,area_not_loaded
410470,4,3,1,1,75.0,1,,,,,,,,,,,,,,,,,,,,,,high_attention,population_not_loaded,area_not_loaded
410480,51,51,0,0,100.0,0,,,,,,,,,,,,,,,,,,,,,,good,population_not_loaded,area_not_loaded
410490,24,22,2,2,91.66666666666666,2,,,,,,,,,,,,,,,,,,,,,,monitor,population_not_loaded,area_not_loaded
410500,6,5,1,1,83.33333333333334,1,,,,,,,,,,,,,,,,,,,,,,monitor,population_not_loaded,area_not_loaded
410510,5,5,0,0,100.0,0,,,,,,,,,,,,,,,,,,,,,,good,population_not_loaded,area_not_loaded
410520,16,16,0,0,100.0,0,,,,,,,,,,,,,,,,,,,,,,good,population_not_loaded,area_not_loaded
410530,4,4,0,0,100.0,0,,,,,,,,,,,,,,,,,,,,,,good,population_not_loaded,area_not_loaded
410540,3,3,0,0,100.0,0,,,,,,,,,,,,,,,,,,,,,,good,population_not_loaded,area_not_loaded
410550,17,16,1,1,94.11764705882352,1,,,,,,,,,,,,,,,,,,,,,,monitor,population_not_loaded,area_not_loaded
410560,5,4,1,1,80.0,1,,,,,,,,,,,,,,,,,,,,,,high_attention,population_not_loaded,area_not_loaded
410570,2,1,1,1,50.0,1,,,,,,,,,,,,,,,,,,,,,,high_attention,population_not_loaded,area_not_loaded
410580,25,25,0,0,100.0,0,,,,,,,,,,,,,,,,,,,,,,good,population_not_loaded,area_not_loaded
410590,6,6,0,0,100.0,0,,,,,,,,,,,,,,,,,,,,,,good,population_not_loaded,area_not_loaded
410600,1,1,0,0,100.0,0,,,,,,,,,,,,,,,,,,,,,,good,population_not_loaded,area_not_loaded
410610,2,1,1,1,50.0,1,,,,,,,,,,,,,,,,,,,,,,high_attention,population_not_loaded,area_not_loaded
410620,5,5,0,0,100.0,0,,,,,,,,,,,,,,,,,,,,,,good,population_not_loaded,area_not_loaded
410630,6,6,0,0,100.0,0,,,,,,,,,,,,,,,,,,,,,,good,population_not_loaded,area_not_loaded
410640,13,13,0,0,100.0,0,,,,,,,,,,,,,,,,,,,,,,good,population_not_loaded,area_not_loaded
410645,6,6,0,0,100.0,0,,,,,,,,,,,,,,,,,,,,,,good,population_not_loaded,area_not_loaded
410650,10,10,0,0,100.0,0,,,,,,,,,,,,,,,,,,,,,,good,population_not_loaded,area_not_loaded
410655,1,1,0,0,100.0,0,,,,,,,,,,,,,,,,,,,,,,good,population_not_loaded,area_not_loaded
410657,1,1,0,0,100.0,0,,,,,,,,,,,,,,,,,,,,,,good,population_not_loaded,area_not_loaded
410660,4,4,0,0,100.0,0,,,,,,,,,,,,,,,,,,,,,,good,population_not_loaded,area_not_loaded
410670,1,1,0,0,100.0,0,,,,,,,,,,,,,,,,,,,,,,good,population_not_loaded,area_not_loaded
410680,6,4,2,2,66.66666666666666,2,,,,,,,,,,,,,,,,,,,,,,high_attention,population_not_loaded,area_not_loaded
410685,1,1,0,0,100.0,0,,,,,,,,,,,,,,,,,,,,,,good,population_not_loaded,area_not_loaded
410690,135,123,12,12,91.11111111111111,12,,,,,,,,,,,,,,,,,,,,,,monitor,population_not_loaded,area_not_loaded
410700,1,1,0,0,100.0,0,,,,,,,,,,,,,,,,,,,,,,good,population_not_loaded,area_not_loaded
410710,2,2,0,0,100.0,0,,,,,,,,,,,,,,,,,,,,,,good,population_not_loaded,area_not_loaded
410712,2,2,0,0,100.0,0,,,,,,,,,,,,,,,,,,,,,,good,population_not_loaded,area_not_loaded
410715,1,1,0,0,100.0,0,,,,,,,,,,,,,,,,,,,,,,good,population_not_loaded,area_not_loaded
410720,18,18,0,0,100.0,0,,,,,,,,,,,,,,,,,,,,,,good,population_not_loaded,area_not_loaded
410725,4,4,0,0,100.0,0,,,,,,,,,,,,,,,,,,,,,,good,population_not_loaded,area_not_loaded
410730,5,4,1,1,80.0,1,,,,,,,,,,,,,,,,,,,,,,high_attention,population_not_loaded,area_not_loaded
410740,1,1,0,0,100.0,0,,,,,,,,,,,,,,,,,,,,,,good,population_not_loaded,area_not_loaded
410750,6,6,0,0,100.0,0,,,,,,,,,,,,,,,,,,,,,,good,population_not_loaded,area_not_loaded
410752,1,1,0,0,100.0,0,,,,,,,,,,,,,,,,,,,,,,good,population_not_loaded,area_not_loaded
410753,1,1,0,0,100.0,0,,,,,,,,,,,,,,,,,,,,,,good,population_not_loaded,area_not_loaded
410754,3,3,0,0,100.0,0,,,,,,,,,,,,,,,,,,,,,,good,population_not_loaded,area_not_loaded
410755,3,3,0,0,100.0,0,,,,,,,,,,,,,,,,,,,,,,good,population_not_loaded,area_not_loaded
410760,7,7,0,0,100.0,0,,,,,,,,,,,,,,,,,,,,,,good,population_not_loaded,area_not_loaded
410765,14,14,0,0,100.0,0,,,,,,,,,,,,,,,,,,,,,,good,population_not_loaded,area_not_loaded
410770,1,1,0,0,100.0,0,,,,,,,,,,,,,,,,,,,,,,good,population_not_loaded,area_not_loaded
410773,1,1,0,0,100.0,0,,,,,,,,,,,,,,,,,,,,,,good,population_not_loaded,area_not_loaded
410775,4,3,1,1,75.0,1,,,,,,,,,,,,,,,,,,,,,,high_attention,population_not_loaded,area_not_loaded
410780,3,3,0,0,100.0,0,,,,,,,,,,,,,,,,,,,,,,good,population_not_loaded,area_not_loaded
410785,2,2,0,0,100.0,0,,,,,,,,,,,,,,,,,,,,,,good,population_not_loaded,area_not_loaded
410790,4,4,0,0,100.0,0,,,,,,,,,,,,,,,,,,,,,,good,population_not_loaded,area_not_loaded
410800,4,4,0,0,100.0,0,,,,,,,,,,,,,,,,,,,,,,good,population_not_loaded,area_not_loaded
410810,1,1,0,0,100.0,0,,,,,,,,,,,,,,,,,,,,,,good,population_not_loaded,area_not_loaded
410820,1,1,0,0,100.0,0,,,,,,,,,,,,,,,,,,,,,,good,population_not_loaded,area_not_loaded
410830,42,34,8,8,80.95238095238095,8,,,,,,,,,,,,,,,,,,,,,,monitor,population_not_loaded,area_not_loaded
410832,4,4,0,0,100.0,0,,,,,,,,,,,,,,,,,,,,,,good,population_not_loaded,area_not_loaded
410840,21,21,0,0,100.0,0,,,,,,,,,,,,,,,,,,,,,,good,population_not_loaded,area_not_loaded
410845,2,2,0,0,100.0,0,,,,,,,,,,,,,,,,,,,,,,good,population_not_loaded,area_not_loaded
410850,5,5,0,0,100.0,0,,,,,,,,,,,,,,,,,,,,,,good,population_not_loaded,area_not_loaded
410855,2,2,0,0,100.0,0,,,,,,,,,,,,,,,,,,,,,,good,population_not_loaded,area_not_loaded
410860,8,7,1,1,87.5,1,,,,,,,,,,,,,,,,,,,,,,monitor,population_not_loaded,area_not_loaded
410865,1,1,0,0,100.0,0,,,,,,,,,,,,,,,,,,,,,,good,population_not_loaded,area_not_loaded
410870,3,2,1,1,66.66666666666666,1,,,,,,,,,,,,,,,,,,,,,,high_attention,population_not_loaded,area_not_loaded
410880,14,14,0,0,100.0,0,,,,,,,,,,,,,,,,,,,,,,good,population_not_loaded,area_not_loaded
410890,1,1,0,0,100.0,0,,,,,,,,,,,,,,,,,,,,,,good,population_not_loaded,area_not_loaded
410900,1,1,0,0,100.0,0,,,,,,,,,,,,,,,,,,,,,,good,population_not_loaded,area_not_loaded
410920,3,3,0,0,100.0,0,,,,,,,,,,,,,,,,,,,,,,good,population_not_loaded,area_not_loaded
410930,7,7,0,0,100.0,0,,,,,,,,,,,,,,,,,,,,,,good,population_not_loaded,area_not_loaded
410940,48,45,3,3,93.75,3,,,,,,,,,,,,,,,,,,,,,,monitor,population_not_loaded,area_not_loaded
410950,1,1,0,0,100.0,0,,,,,,,,,,,,,,,,,,,,,,good,population_not_loaded,area_not_loaded
410960,7,7,0,0,100.0,0,,,,,,,,,,,,,,,,,,,,,,good,population_not_loaded,area_not_loaded
410965,4,4,0,0,100.0,0,,,,,,,,,,,,,,,,,,,,,,good,population_not_loaded,area_not_loaded
410970,9,9,0,0,100.0,0,,,,,,,,,,,,,,,,,,,,,,good,population_not_loaded,area_not_loaded
410975,2,2,0,0,100.0,0,,,,,,,,,,,,,,,,,,,,,,good,population_not_loaded,area_not_loaded
410980,9,9,0,0,100.0,0,,,,,,,,,,,,,,,,,,,,,,good,population_not_loaded,area_not_loaded
410990,4,3,1,1,75.0,1,,,,,,,,,,,,,,,,,,,,,,high_attention,population_not_loaded,area_not_loaded
411000,3,3,0,0,100.0,0,,,,,,,,,,,,,,,,,,,,,,good,population_not_loaded,area_not_loaded
411005,3,3,0,0,100.0,0,,,,,,,,,,,,,,,,,,,,,,good,population_not_loaded,area_not_loaded
411007,6,6,0,0,100.0,0,,,,,,,,,,,,,,,,,,,,,,good,population_not_loaded,area_not_loaded
411010,10,10,0,0,100.0,0,,,,,,,,,,,,,,,,,,,,,,good,population_not_loaded,area_not_loaded
411020,14,14,0,0,100.0,0,,,,,,,,,,,,,,,,,,,,,,good,population_not_loaded,area_not_loaded
411030,1,1,0,0,100.0,0,,,,,,,,,,,,,,,,,,,,,,good,population_not_loaded,area_not_loaded
411040,3,3,0,0,100.0,0,,,,,,,,,,,,,,,,,,,,,,good,population_not_loaded,area_not_loaded
411050,4,4,0,0,100.0,0,,,,,,,,,,,,,,,,,,,,,,good,population_not_loaded,area_not_loaded
411060,3,3,0,0,100.0,0,,,,,,,,,,,,,,,,,,,,,,good,population_not_loaded,area_not_loaded
411065,2,1,1,1,50.0,1,,,,,,,,,,,,,,,,,,,,,,high_attention,population_not_loaded,area_not_loaded
411070,15,15,0,0,100.0,0,,,,,,,,,,,,,,,,,,,,,,good,population_not_loaded,area_not_loaded
411080,2,2,0,0,100.0,0,,,,,,,,,,,,,,,,,,,,,,good,population_not_loaded,area_not_loaded
411090,3,3,0,0,100.0,0,,,,,,,,,,,,,,,,,,,,,,good,population_not_loaded,area_not_loaded
411100,1,1,0,0,100.0,0,,,,,,,,,,,,,,,,,,,,,,good,population_not_loaded,area_not_loaded
411110,1,1,0,0,100.0,0,,,,,,,,,,,,,,,,,,,,,,good,population_not_loaded,area_not_loaded
411120,6,6,0,0,100.0,0,,,,,,,,,,,,,,,,,,,,,,good,population_not_loaded,area_not_loaded
411125,5,5,0,0,100.0,0,,,,,,,,,,,,,,,,,,,,,,good,population_not_loaded,area_not_loaded
411130,4,4,0,0,100.0,0,,,,,,,,,,,,,,,,,,,,,,good,population_not_loaded,area_not_loaded
411140,2,2,0,0,100.0,0,,,,,,,,,,,,,,,,,,,,,,good,population_not_loaded,area_not_loaded
411150,10,10,0,0,100.0,0,,,,,,,,,,,,,,,,,,,,,,good,population_not_loaded,area_not_loaded
411155,4,4,0,0,100.0,0,,,,,,,,,,,,,,,,,,,,,,good,population_not_loaded,area_not_loaded
411160,2,2,0,0,100.0,0,,,,,,,,,,,,,,,,,,,,,,good,population_not_loaded,area_not_loaded
411170,2,2,0,0,100.0,0,,,,,,,,,,,,,,,,,,,,,,good,population_not_loaded,area_not_loaded
411180,12,12,0,0,100.0,0,,,,,,,,,,,,,,,,,,,,,,good,population_not_loaded,area_not_loaded
411190,5,5,0,0,100.0,0,,,,,,,,,,,,,,,,,,,,,,good,population_not_loaded,area_not_loaded
411200,5,4,1,1,80.0,1,,,,,,,,,,,,,,,,,,,,,,high_attention,population_not_loaded,area_not_loaded
411210,6,6,0,0,100.0,0,,,,,,,,,,,,,,,,,,,,,,good,population_not_loaded,area_not_loaded
411220,2,2,0,0,100.0,0,,,,,,,,,,,,,,,,,,,,,,good,population_not_loaded,area_not_loaded
411230,3,3,0,0,100.0,0,,,,,,,,,,,,,,,,,,,,,,good,population_not_loaded,area_not_loaded
411240,1,1,0,0,100.0,0,,,,,,,,,,,,,,,,,,,,,,good,population_not_loaded,area_not_loaded
411250,2,2,0,0,100.0,0,,,,,,,,,,,,,,,,,,,,,,good,population_not_loaded,area_not_loaded
411260,1,1,0,0,100.0,0,,,,,,,,,,,,,,,,,,,,,,good,population_not_loaded,area_not_loaded
411270,3,3,0,0,100.0,0,,,,,,,,,,,,,,,,,,,,,,good,population_not_loaded,area_not_loaded
411275,1,1,0,0,100.0,0,,,,,,,,,,,,,,,,,,,,,,good,population_not_loaded,area_not_loaded
411280,1,1,0,0,100.0,0,,,,,,,,,,,,,,,,,,,,,,good,population_not_loaded,area_not_loaded
411290,2,2,0,0,100.0,0,,,,,,,,,,,,,,,,,,,,,,good,population_not_loaded,area_not_loaded
411295,3,3,0,0,100.0,0,,,,,,,,,,,,,,,,,,,,,,good,population_not_loaded,area_not_loaded
411300,4,4,0,0,100.0,0,,,,,,,,,,,,,,,,,,,,,,good,population_not_loaded,area_not_loaded
411310,1,1,0,0,100.0,0,,,,,,,,,,,,,,,,,,,,,,good,population_not_loaded,area_not_loaded
411320,13,13,0,0,100.0,0,,,,,,,,,,,,,,,,,,,,,,good,population_not_loaded,area_not_loaded
411325,1,1,0,0,100.0,0,,,,,,,,,,,,,,,,,,,,,,good,population_not_loaded,area_not_loaded
411330,9,9,0,0,100.0,0,,,,,,,,,,,,,,,,,,,,,,good,population_not_loaded,area_not_loaded
411340,4,4,0,0,100.0,0,,,,,,,,,,,,,,,,,,,,,,good,population_not_loaded,area_not_loaded
411342,1,1,0,0,100.0,0,,,,,,,,,,,,,,,,,,,,,,good,population_not_loaded,area_not_loaded
411345,2,2,0,0,100.0,0,,,,,,,,,,,,,,,,,,,,,,good,population_not_loaded,area_not_loaded
411350,7,7,0,0,100.0,0,,,,,,,,,,,,,,,,,,,,,,good,population_not_loaded,area_not_loaded
411360,1,1,0,0,100.0,0,,,,,,,,,,,,,,,,,,,,,,good,population_not_loaded,area_not_loaded
411370,57,57,0,0,100.0,0,,,,,,,,,,,,,,,,,,,,,,good,population_not_loaded,area_not_loaded
411373,1,1,0,0,100.0,0,,,,,,,,,,,,,,,,,,,,,,good,population_not_loaded,area_not_loaded
411375,2,2,0,0,100.0,0,,,,,,,,,,,,,,,,,,,,,,good,population_not_loaded,area_not_loaded
411380,2,2,0,0,100.0,0,,,,,,,,,,,,,,,,,,,,,,good,population_not_loaded,area_not_loaded
411390,8,8,0,0,100.0,0,,,,,,,,,,,,,,,,,,,,,,good,population_not_loaded,area_not_loaded
411400,3,3,0,0,100.0,0,,,,,,,,,,,,,,,,,,,,,,good,population_not_loaded,area_not_loaded
411410,6,6,0,0,100.0,0,,,,,,,,,,,,,,,,,,,,,,good,population_not_loaded,area_not_loaded
411420,8,8,0,0,100.0,0,,,,,,,,,,,,,,,,,,,,,,good,population_not_loaded,area_not_loaded
411430,5,5,0,0,100.0,0,,,,,,,,,,,,,,,,,,,,,,good,population_not_loaded,area_not_loaded
411435,4,4,0,0,100.0,0,,,,,,,,,,,,,,,,,,,,,,good,population_not_loaded,area_not_loaded
411440,7,7,0,0,100.0,0,,,,,,,,,,,,,,,,,,,,,,good,population_not_loaded,area_not_loaded
411450,1,1,0,0,100.0,0,,,,,,,,,,,,,,,,,,,,,,good,population_not_loaded,area_not_loaded
411460,20,19,1,1,95.0,1,,,,,,,,,,,,,,,,,,,,,,monitor,population_not_loaded,area_not_loaded
411470,2,2,0,0,100.0,0,,,,,,,,,,,,,,,,,,,,,,good,population_not_loaded,area_not_loaded
411480,9,9,0,0,100.0,0,,,,,,,,,,,,,,,,,,,,,,good,population_not_loaded,area_not_loaded
411490,1,1,0,0,100.0,0,,,,,,,,,,,,,,,,,,,,,,good,population_not_loaded,area_not_loaded
411500,1,1,0,0,100.0,0,,,,,,,,,,,,,,,,,,,,,,good,population_not_loaded,area_not_loaded
411510,2,2,0,0,100.0,0,,,,,,,,,,,,,,,,,,,,,,good,population_not_loaded,area_not_loaded
411520,42,42,0,0,100.0,0,,,,,,,,,,,,,,,,,,,,,,good,population_not_loaded,area_not_loaded
411530,2,2,0,0,100.0,0,,,,,,,,,,,,,,,,,,,,,,good,population_not_loaded,area_not_loaded
411535,2,2,0,0,100.0,0,,,,,,,,,,,,,,,,,,,,,,good,population_not_loaded,area_not_loaded
411540,3,3,0,0,100.0,0,,,,,,,,,,,,,,,,,,,,,,good,population_not_loaded,area_not_loaded
411545,2,2,0,0,100.0,0,,,,,,,,,,,,,,,,,,,,,,good,population_not_loaded,area_not_loaded
411550,2,2,0,0,100.0,0,,,,,,,,,,,,,,,,,,,,,,good,population_not_loaded,area_not_loaded
411560,7,7,0,0,100.0,0,,,,,,,,,,,,,,,,,,,,,,good,population_not_loaded,area_not_loaded
411570,7,7,0,0,100.0,0,,,,,,,,,,,,,,,,,,,,,,good,population_not_loaded,area_not_loaded
411573,3,3,0,0,100.0,0,,,,,,,,,,,,,,,,,,,,,,good,population_not_loaded,area_not_loaded
411575,5,5,0,0,100.0,0,,,,,,,,,,,,,,,,,,,,,,good,population_not_loaded,area_not_loaded
411580,11,11,0,0,100.0,0,,,,,,,,,,,,,,,,,,,,,,good,population_not_loaded,area_not_loaded
411585,1,1,0,0,100.0,0,,,,,,,,,,,,,,,,,,,,,,good,population_not_loaded,area_not_loaded
411590,2,2,0,0,100.0,0,,,,,,,,,,,,,,,,,,,,,,good,population_not_loaded,area_not_loaded
411600,1,1,0,0,100.0,0,,,,,,,,,,,,,,,,,,,,,,good,population_not_loaded,area_not_loaded
411605,6,6,0,0,100.0,0,,,,,,,,,,,,,,,,,,,,,,good,population_not_loaded,area_not_loaded
411610,5,5,0,0,100.0,0,,,,,,,,,,,,,,,,,,,,,,good,population_not_loaded,area_not_loaded
411620,3,3,0,0,100.0,0,,,,,,,,,,,,,,,,,,,,,,good,population_not_loaded,area_not_loaded
411630,3,3,0,0,100.0,0,,,,,,,,,,,,,,,,,,,,,,good,population_not_loaded,area_not_loaded
411640,2,2,0,0,100.0,0,,,,,,,,,,,,,,,,,,,,,,good,population_not_loaded,area_not_loaded
411650,1,1,0,0,100.0,0,,,,,,,,,,,,,,,,,,,,,,good,population_not_loaded,area_not_loaded
411660,1,1,0,0,100.0,0,,,,,,,,,,,,,,,,,,,,,,good,population_not_loaded,area_not_loaded
411670,3,3,0,0,100.0,0,,,,,,,,,,,,,,,,,,,,,,good,population_not_loaded,area_not_loaded
411680,1,1,0,0,100.0,0,,,,,,,,,,,,,,,,,,,,,,good,population_not_loaded,area_not_loaded
411690,9,8,1,1,88.88888888888889,1,,,,,,,,,,,,,,,,,,,,,,monitor,population_not_loaded,area_not_loaded
411695,1,1,0,0,100.0,0,,,,,,,,,,,,,,,,,,,,,,good,population_not_loaded,area_not_loaded
411700,1,1,0,0,100.0,0,,,,,,,,,,,,,,,,,,,,,,good,population_not_loaded,area_not_loaded
411705,4,4,0,0,100.0,0,,,,,,,,,,,,,,,,,,,,,,good,population_not_loaded,area_not_loaded
411710,6,6,0,0,100.0,0,,,,,,,,,,,,,,,,,,,,,,good,population_not_loaded,area_not_loaded
411720,1,1,0,0,100.0,0,,,,,,,,,,,,,,,,,,,,,,good,population_not_loaded,area_not_loaded
411721,2,2,0,0,100.0,0,,,,,,,,,,,,,,,,,,,,,,good,population_not_loaded,area_not_loaded
411722,1,1,0,0,100.0,0,,,,,,,,,,,,,,,,,,,,,,good,population_not_loaded,area_not_loaded
411725,4,4,0,0,100.0,0,,,,,,,,,,,,,,,,,,,,,,good,population_not_loaded,area_not_loaded
411727,8,8,0,0,100.0,0,,,,,,,,,,,,,,,,,,,,,,good,population_not_loaded,area_not_loaded
411729,2,2,0,0,100.0,0,,,,,,,,,,,,,,,,,,,,,,good,population_not_loaded,area_not_loaded
411730,13,13,0,0,100.0,0,,,,,,,,,,,,,,,,,,,,,,good,population_not_loaded,area_not_loaded
411740,3,3,0,0,100.0,0,,,,,,,,,,,,,,,,,,,,,,good,population_not_loaded,area_not_loaded
411745,2,1,1,1,50.0,1,,,,,,,,,,,,,,,,,,,,,,high_attention,population_not_loaded,area_not_loaded
411750,7,6,1,1,85.71428571428571,1,,,,,,,,,,,,,,,,,,,,,,monitor,population_not_loaded,area_not_loaded
411760,10,10,0,0,100.0,0,,,,,,,,,,,,,,,,,,,,,,good,population_not_loaded,area_not_loaded
411770,15,15,0,0,100.0,0,,,,,,,,,,,,,,,,,,,,,,good,population_not_loaded,area_not_loaded
411780,5,5,0,0,100.0,0,,,,,,,,,,,,,,,,,,,,,,good,population_not_loaded,area_not_loaded
411790,10,9,1,1,90.0,1,,,,,,,,,,,,,,,,,,,,,,monitor,population_not_loaded,area_not_loaded
411800,5,4,1,1,80.0,1,,,,,,,,,,,,,,,,,,,,,,high_attention,population_not_loaded,area_not_loaded
411810,4,4,0,0,100.0,0,,,,,,,,,,,,,,,,,,,,,,good,population_not_loaded,area_not_loaded
411820,13,13,0,0,100.0,0,,,,,,,,,,,,,,,,,,,,,,good,population_not_loaded,area_not_loaded
411830,2,2,0,0,100.0,0,,,,,,,,,,,,,,,,,,,,,,good,population_not_loaded,area_not_loaded
411840,23,23,0,0,100.0,0,,,,,,,,,,,,,,,,,,,,,,good,population_not_loaded,area_not_loaded
411845,3,3,0,0,100.0,0,,,,,,,,,,,,,,,,,,,,,,good,population_not_loaded,area_not_loaded
411850,19,19,0,0,100.0,0,,,,,,,,,,,,,,,,,,,,,,good,population_not_loaded,area_not_loaded
411860,3,3,0,0,100.0,0,,,,,,,,,,,,,,,,,,,,,,good,population_not_loaded,area_not_loaded
411870,2,2,0,0,100.0,0,,,,,,,,,,,,,,,,,,,,,,good,population_not_loaded,area_not_loaded
411880,4,4,0,0,100.0,0,,,,,,,,,,,,,,,,,,,,,,good,population_not_loaded,area_not_loaded
411885,3,3,0,0,100.0,0,,,,,,,,,,,,,,,,,,,,,,good,population_not_loaded,area_not_loaded
411890,3,3,0,0,100.0,0,,,,,,,,,,,,,,,,,,,,,,good,population_not_loaded,area_not_loaded
411900,1,1,0,0,100.0,0,,,,,,,,,,,,,,,,,,,,,,good,population_not_loaded,area_not_loaded
411910,8,8,0,0,100.0,0,,,,,,,,,,,,,,,,,,,,,,good,population_not_loaded,area_not_loaded
411915,14,13,1,1,92.85714285714286,1,,,,,,,,,,,,,,,,,,,,,,monitor,population_not_loaded,area_not_loaded
411920,2,2,0,0,100.0,0,,,,,,,,,,,,,,,,,,,,,,good,population_not_loaded,area_not_loaded
411925,1,1,0,0,100.0,0,,,,,,,,,,,,,,,,,,,,,,good,population_not_loaded,area_not_loaded
411930,11,11,0,0,100.0,0,,,,,,,,,,,,,,,,,,,,,,good,population_not_loaded,area_not_loaded
411940,8,8,0,0,100.0,0,,,,,,,,,,,,,,,,,,,,,,good,population_not_loaded,area_not_loaded
411950,21,20,1,1,95.23809523809523,1,,,,,,,,,,,,,,,,,,,,,,good,population_not_loaded,area_not_loaded
411960,2,2,0,0,100.0,0,,,,,,,,,,,,,,,,,,,,,,good,population_not_loaded,area_not_loaded
411965,1,1,0,0,100.0,0,,,,,,,,,,,,,,,,,,,,,,good,population_not_loaded,area_not_loaded
411970,1,1,0,0,100.0,0,,,,,,,,,,,,,,,,,,,,,,good,population_not_loaded,area_not_loaded
411980,4,4,0,0,100.0,0,,,,,,,,,,,,,,,,,,,,,,good,population_not_loaded,area_not_loaded
411990,68,65,3,3,95.58823529411765,3,,,,,,,,,,,,,,,,,,,,,,good,population_not_loaded,area_not_loaded
411995,5,5,0,0,100.0,0,,,,,,,,,,,,,,,,,,,,,,good,population_not_loaded,area_not_loaded
412000,4,4,0,0,100.0,0,,,,,,,,,,,,,,,,,,,,,,good,population_not_loaded,area_not_loaded
412010,2,2,0,0,100.0,0,,,,,,,,,,,,,,,,,,,,,,good,population_not_loaded,area_not_loaded
412015,2,2,0,0,100.0,0,,,,,,,,,,,,,,,,,,,,,,good,population_not_loaded,area_not_loaded
412020,1,1,0,0,100.0,0,,,,,,,,,,,,,,,,,,,,,,good,population_not_loaded,area_not_loaded
412030,3,3,0,0,100.0,0,,,,,,,,,,,,,,,,,,,,,,good,population_not_loaded,area_not_loaded
412033,1,1,0,0,100.0,0,,,,,,,,,,,,,,,,,,,,,,good,population_not_loaded,area_not_loaded
412035,1,1,0,0,100.0,0,,,,,,,,,,,,,,,,,,,,,,good,population_not_loaded,area_not_loaded
412040,3,3,0,0,100.0,0,,,,,,,,,,,,,,,,,,,,,,good,population_not_loaded,area_not_loaded
412050,4,4,0,0,100.0,0,,,,,,,,,,,,,,,,,,,,,,good,population_not_loaded,area_not_loaded
412060,17,17,0,0,100.0,0,,,,,,,,,,,,,,,,,,,,,,good,population_not_loaded,area_not_loaded
412065,3,3,0,0,100.0,0,,,,,,,,,,,,,,,,,,,,,,good,population_not_loaded,area_not_loaded
412070,1,1,0,0,100.0,0,,,,,,,,,,,,,,,,,,,,,,good,population_not_loaded,area_not_loaded
412080,9,9,0,0,100.0,0,,,,,,,,,,,,,,,,,,,,,,good,population_not_loaded,area_not_loaded
412085,1,1,0,0,100.0,0,,,,,,,,,,,,,,,,,,,,,,good,population_not_loaded,area_not_loaded
412090,12,11,1,1,91.66666666666666,1,,,,,,,,,,,,,,,,,,,,,,monitor,population_not_loaded,area_not_loaded
412100,5,5,0,0,100.0,0,,,,,,,,,,,,,,,,,,,,,,good,population_not_loaded,area_not_loaded
412110,1,1,0,0,100.0,0,,,,,,,,,,,,,,,,,,,,,,good,population_not_loaded,area_not_loaded
412130,1,1,0,0,100.0,0,,,,,,,,,,,,,,,,,,,,,,good,population_not_loaded,area_not_loaded
412135,3,2,1,1,66.66666666666666,1,,,,,,,,,,,,,,,,,,,,,,high_attention,population_not_loaded,area_not_loaded
412140,7,7,0,0,100.0,0,,,,,,,,,,,,,,,,,,,,,,good,population_not_loaded,area_not_loaded
412150,5,5,0,0,100.0,0,,,,,,,,,,,,,,,,,,,,,,good,population_not_loaded,area_not_loaded
412160,1,1,0,0,100.0,0,,,,,,,,,,,,,,,,,,,,,,good,population_not_loaded,area_not_loaded
412170,4,4,0,0,100.0,0,,,,,,,,,,,,,,,,,,,,,,good,population_not_loaded,area_not_loaded
412180,3,3,0,0,100.0,0,,,,,,,,,,,,,,,,,,,,,,good,population_not_loaded,area_not_loaded
412190,2,2,0,0,100.0,0,,,,,,,,,,,,,,,,,,,,,,good,population_not_loaded,area_not_loaded
412200,5,5,0,0,100.0,0,,,,,,,,,,,,,,,,,,,,,,good,population_not_loaded,area_not_loaded
412210,2,2,0,0,100.0,0,,,,,,,,,,,,,,,,,,,,,,good,population_not_loaded,area_not_loaded
412215,4,4,0,0,100.0,0,,,,,,,,,,,,,,,,,,,,,,good,population_not_loaded,area_not_loaded
412217,3,3,0,0,100.0,0,,,,,,,,,,,,,,,,,,,,,,good,population_not_loaded,area_not_loaded
412220,10,10,0,0,100.0,0,,,,,,,,,,,,,,,,,,,,,,good,population_not_loaded,area_not_loaded
412230,11,11,0,0,100.0,0,,,,,,,,,,,,,,,,,,,,,,good,population_not_loaded,area_not_loaded
412240,10,10,0,0,100.0,0,,,,,,,,,,,,,,,,,,,,,,good,population_not_loaded,area_not_loaded
412250,3,3,0,0,100.0,0,,,,,,,,,,,,,,,,,,,,,,good,population_not_loaded,area_not_loaded
412260,3,3,0,0,100.0,0,,,,,,,,,,,,,,,,,,,,,,good,population_not_loaded,area_not_loaded
412265,3,3,0,0,100.0,0,,,,,,,,,,,,,,,,,,,,,,good,population_not_loaded,area_not_loaded
412270,2,2,0,0,100.0,0,,,,,,,,,,,,,,,,,,,,,,good,population_not_loaded,area_not_loaded
412280,1,0,1,1,0.0,1,,,,,,,,,,,,,,,,,,,,,,high_attention,population_not_loaded,area_not_loaded
412290,2,2,0,0,100.0,0,,,,,,,,,,,,,,,,,,,,,,good,population_not_loaded,area_not_loaded
412300,7,7,0,0,100.0,0,,,,,,,,,,,,,,,,,,,,,,good,population_not_loaded,area_not_loaded
412310,1,1,0,0,100.0,0,,,,,,,,,,,,,,,,,,,,,,good,population_not_loaded,area_not_loaded
412320,3,3,0,0,100.0,0,,,,,,,,,,,,,,,,,,,,,,good,population_not_loaded,area_not_loaded
412330,6,6,0,0,100.0,0,,,,,,,,,,,,,,,,,,,,,,good,population_not_loaded,area_not_loaded
412340,3,2,1,1,66.66666666666666,1,,,,,,,,,,,,,,,,,,,,,,high_attention,population_not_loaded,area_not_loaded
412350,1,1,0,0,100.0,0,,,,,,,,,,,,,,,,,,,,,,good,population_not_loaded,area_not_loaded
412360,2,1,1,1,50.0,1,,,,,,,,,,,,,,,,,,,,,,high_attention,population_not_loaded,area_not_loaded
412370,2,2,0,0,100.0,0,,,,,,,,,,,,,,,,,,,,,,good,population_not_loaded,area_not_loaded
412380,6,6,0,0,100.0,0,,,,,,,,,,,,,,,,,,,,,,good,population_not_loaded,area_not_loaded
412382,2,2,0,0,100.0,0,,,,,,,,,,,,,,,,,,,,,,good,population_not_loaded,area_not_loaded
412385,2,2,0,0,100.0,0,,,,,,,,,,,,,,,,,,,,,,good,population_not_loaded,area_not_loaded
412395,2,2,0,0,100.0,0,,,,,,,,,,,,,,,,,,,,,,good,population_not_loaded,area_not_loaded
412400,3,3,0,0,100.0,0,,,,,,,,,,,,,,,,,,,,,,good,population_not_loaded,area_not_loaded
412402,6,6,0,0,100.0,0,,,,,,,,,,,,,,,,,,,,,,good,population_not_loaded,area_not_loaded
412405,3,3,0,0,100.0,0,,,,,,,,,,,,,,,,,,,,,,good,population_not_loaded,area_not_loaded
412410,11,11,0,0,100.0,0,,,,,,,,,,,,,,,,,,,,,,good,population_not_loaded,area_not_loaded
412420,1,1,0,0,100.0,0,,,,,,,,,,,,,,,,,,,,,,good,population_not_loaded,area_not_loaded
412430,1,1,0,0,100.0,0,,,,,,,,,,,,,,,,,,,,,,good,population_not_loaded,area_not_loaded
412440,2,2,0,0,100.0,0,,,,,,,,,,,,,,,,,,,,,,good,population_not_loaded,area_not_loaded
412450,3,3,0,0,100.0,0,,,,,,,,,,,,,,,,,,,,,,good,population_not_loaded,area_not_loaded
412460,2,2,0,0,100.0,0,,,,,,,,,,,,,,,,,,,,,,good,population_not_loaded,area_not_loaded
412470,2,2,0,0,100.0,0,,,,,,,,,,,,,,,,,,,,,,good,population_not_loaded,area_not_loaded
412480,3,3,0,0,100.0,0,,,,,,,,,,,,,,,,,,,,,,good,population_not_loaded,area_not_loaded
412490,2,2,0,0,100.0,0,,,,,,,,,,,,,,,,,,,,,,good,population_not_loaded,area_not_loaded
412500,4,3,1,1,75.0,1,,,,,,,,,,,,,,,,,,,,,,high_attention,population_not_loaded,area_not_loaded
412510,3,3,0,0,100.0,0,,,,,,,,,,,,,,,,,,,,,,good,population_not_loaded,area_not_loaded
412520,4,4,0,0,100.0,0,,,,,,,,,,,,,,,,,,,,,,good,population_not_loaded,area_not_loaded
412530,2,2,0,0,100.0,0,,,,,,,,,,,,,,,,,,,,,,good,population_not_loaded,area_not_loaded
412535,2,2,0,0,100.0,0,,,,,,,,,,,,,,,,,,,,,,good,population_not_loaded,area_not_loaded
412540,3,3,0,0,100.0,0,,,,,,,,,,,,,,,,,,,,,,good,population_not_loaded,area_not_loaded
412545,1,1,0,0,100.0,0,,,,,,,,,,,,,,,,,,,,,,good,population_not_loaded,area_not_loaded
412550,31,30,1,1,96.7741935483871,1,,,,,,,,,,,,,,,,,,,,,,good,population_not_loaded,area_not_loaded
412555,1,1,0,0,100.0,0,,,,,,,,,,,,,,,,,,,,,,good,population_not_loaded,area_not_loaded
412560,23,23,0,0,100.0,0,,,,,,,,,,,,,,,,,,,,,,good,population_not_loaded,area_not_loaded
412570,1,1,0,0,100.0,0,,,,,,,,,,,,,,,,,,,,,,good,population_not_loaded,area_not_loaded
412575,6,5,1,1,83.33333333333334,1,,,,,,,,,,,,,,,,,,,,,,monitor,population_not_loaded,area_not_loaded
412580,1,1,0,0,100.0,0,,,,,,,,,,,,,,,,,,,,,,good,population_not_loaded,area_not_loaded
412590,3,3,0,0,100.0,0,,,,,,,,,,,,,,,,,,,,,,good,population_not_loaded,area_not_loaded
412600,2,2,0,0,100.0,0,,,,,,,,,,,,,,,,,,,,,,good,population_not_loaded,area_not_loaded
412610,2,2,0,0,100.0,0,,,,,,,,,,,,,,,,,,,,,,good,population_not_loaded,area_not_loaded
412620,1,1,0,0,100.0,0,,,,,,,,,,,,,,,,,,,,,,good,population_not_loaded,area_not_loaded
412625,13,12,1,1,92.3076923076923,1,,,,,,,,,,,,,,,,,,,,,,monitor,population_not_loaded,area_not_loaded
412630,3,3,0,0,100.0,0,,,,,,,,,,,,,,,,,,,,,,good,population_not_loaded,area_not_loaded
412635,2,2,0,0,100.0,0,,,,,,,,,,,,,,,,,,,,,,good,population_not_loaded,area_not_loaded
412640,4,4,0,0,100.0,0,,,,,,,,,,,,,,,,,,,,,,good,population_not_loaded,area_not_loaded
412650,3,3,0,0,100.0,0,,,,,,,,,,,,,,,,,,,,,,good,population_not_loaded,area_not_loaded
412660,11,10,1,1,90.9090909090909,1,,,,,,,,,,,,,,,,,,,,,,monitor,population_not_loaded,area_not_loaded
412665,2,2,0,0,100.0,0,,,,,,,,,,,,,,,,,,,,,,good,population_not_loaded,area_not_loaded
412667,4,4,0,0,100.0,0,,,,,,,,,,,,,,,,,,,,,,good,population_not_loaded,area_not_loaded
412670,2,2,0,0,100.0,0,,,,,,,,,,,,,,,,,,,,,,good,population_not_loaded,area_not_loaded
412680,4,4,0,0,100.0,0,,,,,,,,,,,,,,,,,,,,,,good,population_not_loaded,area_not_loaded
412690,3,3,0,0,100.0,0,,,,,,,,,,,,,,,,,,,,,,good,population_not_loaded,area_not_loaded
412700,3,3,0,0,100.0,0,,,,,,,,,,,,,,,,,,,,,,good,population_not_loaded,area_not_loaded
412710,22,22,0,0,100.0,0,,,,,,,,,,,,,,,,,,,,,,good,population_not_loaded,area_not_loaded
412720,4,4,0,0,100.0,0,,,,,,,,,,,,,,,,,,,,,,good,population_not_loaded,area_not_loaded
412730,7,7,0,0,100.0,0,,,,,,,,,,,,,,,,,,,,,,good,population_not_loaded,area_not_loaded
412740,5,5,0,0,100.0,0,,,,,,,,,,,,,,,,,,,,,,good,population_not_loaded,area_not_loaded
412750,7,7,0,0,100.0,0,,,,,,,,,,,,,,,,,,,,,,good,population_not_loaded,area_not_loaded
412770,29,28,1,1,96.55172413793103,1,,,,,,,,,,,,,,,,,,,,,,good,population_not_loaded,area_not_loaded
412780,1,1,0,0,100.0,0,,,,,,,,,,,,,,,,,,,,,,good,population_not_loaded,area_not_loaded
412785,1,1,0,0,100.0,0,,,,,,,,,,,,,,,,,,,,,,good,population_not_loaded,area_not_loaded
412788,3,3,0,0,100.0,0,,,,,,,,,,,,,,,,,,,,,,good,population_not_loaded,area_not_loaded
412790,4,4,0,0,100.0,0,,,,,,,,,,,,,,,,,,,,,,good,population_not_loaded,area_not_loaded
412795,2,2,0,0,100.0,0,,,,,,,,,,,,,,,,,,,,,,good,population_not_loaded,area_not_loaded
412796,6,6,0,0,100.0,0,,,,,,,,,,,,,,,,,,,,,,good,population_not_loaded,area_not_loaded
412800,11,11,0,0,100.0,0,,,,,,,,,,,,,,,,,,,,,,good,population_not_loaded,area_not_loaded
412810,26,24,2,2,92.3076923076923,2,,,,,,,,,,,,,,,,,,,,,,monitor,population_not_loaded,area_not_loaded
412820,14,13,1,1,92.85714285714286,1,,,,,,,,,,,,,,,,,,,,,,monitor,population_not_loaded,area_not_loaded
412830,2,2,0,0,100.0,0,,,,,,,,,,,,,,,,,,,,,,good,population_not_loaded,area_not_loaded
412840,2,2,0,0,100.0,0,,,,,,,,,,,,,,,,,,,,,,good,population_not_loaded,area_not_loaded
412850,12,12,0,0,100.0,0,,,,,,,,,,,,,,,,,,,,,,good,population_not_loaded,area_not_loaded
412853,2,2,0,0,100.0,0,,,,,,,,,,,,,,,,,,,,,,good,population_not_loaded,area_not_loaded
412855,1,1,0,0,100.0,0,,,,,,,,,,,,,,,,,,,,,,good,population_not_loaded,area_not_loaded
412860,1,1,0,0,100.0,0,,,,,,,,,,,,,,,,,,,,,,good,population_not_loaded,area_not_loaded
412862,2,2,0,0,100.0,0,,,,,,,,,,,,,,,,,,,,,,good,population_not_loaded,area_not_loaded
412863,3,3,0,0,100.0,0,,,,,,,,,,,,,,,,,,,,,,good,population_not_loaded,area_not_loaded
412865,2,2,0,0,100.0,0,,,,,,,,,,,,,,,,,,,,,,good,population_not_loaded,area_not_loaded
412870,2,2,0,0,100.0,0,,,,,,,,,,,,,,,,,,,,,,good,population_not_loaded,area_not_loaded
412880,2,2,0,0,100.0,0,,,,,,,,,,,,,,,,,,,,,,good,population_not_loaded,area_not_loaded
420005,1,1,0,0,100.0,0,,,,,,,,,,,,,,,,,,,,,,good,population_not_loaded,area_not_loaded
420010,7,7,0,0,100.0,0,,,,,,,,,,,,,,,,,,,,,,good,population_not_loaded,area_not_loaded
420020,5,5,0,0,100.0,0,,,,,,,,,,,,,,,,,,,,,,good,population_not_loaded,area_not_loaded
420030,2,2,0,0,100.0,0,,,,,,,,,,,,,,,,,,,,,,good,population_not_loaded,area_not_loaded
420040,5,5,0,0,100.0,0,,,,,,,,,,,,,,,,,,,,,,good,population_not_loaded,area_not_loaded
420050,3,3,0,0,100.0,0,,,,,,,,,,,,,,,,,,,,,,good,population_not_loaded,area_not_loaded
420055,1,1,0,0,100.0,0,,,,,,,,,,,,,,,,,,,,,,good,population_not_loaded,area_not_loaded
420060,2,2,0,0,100.0,0,,,,,,,,,,,,,,,,,,,,,,good,population_not_loaded,area_not_loaded
420070,3,3,0,0,100.0,0,,,,,,,,,,,,,,,,,,,,,,good,population_not_loaded,area_not_loaded
420075,1,1,0,0,100.0,0,,,,,,,,,,,,,,,,,,,,,,good,population_not_loaded,area_not_loaded
420080,2,2,0,0,100.0,0,,,,,,,,,,,,,,,,,,,,,,good,population_not_loaded,area_not_loaded
420090,4,4,0,0,100.0,0,,,,,,,,,,,,,,,,,,,,,,good,population_not_loaded,area_not_loaded
420100,3,3,0,0,100.0,0,,,,,,,,,,,,,,,,,,,,,,good,population_not_loaded,area_not_loaded
420110,1,1,0,0,100.0,0,,,,,,,,,,,,,,,,,,,,,,good,population_not_loaded,area_not_loaded
420120,3,3,0,0,100.0,0,,,,,,,,,,,,,,,,,,,,,,good,population_not_loaded,area_not_loaded
420125,8,7,1,1,87.5,1,,,,,,,,,,,,,,,,,,,,,,monitor,population_not_loaded,area_not_loaded
420127,2,2,0,0,100.0,0,,,,,,,,,,,,,,,,,,,,,,good,population_not_loaded,area_not_loaded
420130,13,12,1,1,92.3076923076923,1,,,,,,,,,,,,,,,,,,,,,,monitor,population_not_loaded,area_not_loaded
420140,25,18,7,7,72.0,7,,,,,,,,,,,,,,,,,,,,,,high_attention,population_not_loaded,area_not_loaded
420150,3,3,0,0,100.0,0,,,,,,,,,,,,,,,,,,,,,,good,population_not_loaded,area_not_loaded
420160,1,1,0,0,100.0,0,,,,,,,,,,,,,,,,,,,,,,good,population_not_loaded,area_not_loaded
420165,1,1,0,0,100.0,0,,,,,,,,,,,,,,,,,,,,,,good,population_not_loaded,area_not_loaded
420170,3,3,0,0,100.0,0,,,,,,,,,,,,,,,,,,,,,,good,population_not_loaded,area_not_loaded
420180,1,1,0,0,100.0,0,,,,,,,,,,,,,,,,,,,,,,good,population_not_loaded,area_not_loaded
420190,1,1,0,0,100.0,0,,,,,,,,,,,,,,,,,,,,,,good,population_not_loaded,area_not_loaded
420195,7,7,0,0,100.0,0,,,,,,,,,,,,,,,,,,,,,,good,population_not_loaded,area_not_loaded
420200,18,17,1,1,94.44444444444444,1,,,,,,,,,,,,,,,,,,,,,,monitor,population_not_loaded,area_not_loaded
420205,4,4,0,0,100.0,0,,,,,,,,,,,,,,,,,,,,,,good,population_not_loaded,area_not_loaded
420207,9,9,0,0,100.0,0,,,,,,,,,,,,,,,,,,,,,,good,population_not_loaded,area_not_loaded
420208,1,1,0,0,100.0,0,,,,,,,,,,,,,,,,,,,,,,good,population_not_loaded,area_not_loaded
420209,2,2,0,0,100.0,0,,,,,,,,,,,,,,,,,,,,,,good,population_not_loaded,area_not_loaded
420210,9,9,0,0,100.0,0,,,,,,,,,,,,,,,,,,,,,,good,population_not_loaded,area_not_loaded
420213,8,8,0,0,100.0,0,,,,,,,,,,,,,,,,,,,,,,good,population_not_loaded,area_not_loaded
420215,1,1,0,0,100.0,0,,,,,,,,,,,,,,,,,,,,,,good,population_not_loaded,area_not_loaded
420220,5,5,0,0,100.0,0,,,,,,,,,,,,,,,,,,,,,,good,population_not_loaded,area_not_loaded
420230,18,18,0,0,100.0,0,,,,,,,,,,,,,,,,,,,,,,good,population_not_loaded,area_not_loaded
420240,81,81,0,0,100.0,0,,,,,,,,,,,,,,,,,,,,,,good,population_not_loaded,area_not_loaded
420243,1,1,0,0,100.0,0,,,,,,,,,,,,,,,,,,,,,,good,population_not_loaded,area_not_loaded
420245,10,10,0,0,100.0,0,,,,,,,,,,,,,,,,,,,,,,good,population_not_loaded,area_not_loaded
420250,1,1,0,0,100.0,0,,,,,,,,,,,,,,,,,,,,,,good,population_not_loaded,area_not_loaded
420253,1,1,0,0,100.0,0,,,,,,,,,,,,,,,,,,,,,,good,population_not_loaded,area_not_loaded
420257,1,1,0,0,100.0,0,,,,,,,,,,,,,,,,,,,,,,good,population_not_loaded,area_not_loaded
420260,2,2,0,0,100.0,0,,,,,,,,,,,,,,,,,,,,,,good,population_not_loaded,area_not_loaded
420270,4,4,0,0,100.0,0,,,,,,,,,,,,,,,,,,,,,,good,population_not_loaded,area_not_loaded
420280,17,16,1,1,94.11764705882352,1,,,,,,,,,,,,,,,,,,,,,,monitor,population_not_loaded,area_not_loaded
420285,4,3,1,1,75.0,1,,,,,,,,,,,,,,,,,,,,,,high_attention,population_not_loaded,area_not_loaded
420287,2,2,0,0,100.0,0,,,,,,,,,,,,,,,,,,,,,,good,population_not_loaded,area_not_loaded
420290,35,28,7,7,80.0,7,,,,,,,,,,,,,,,,,,,,,,high_attention,population_not_loaded,area_not_loaded
420300,9,9,0,0,100.0,0,,,,,,,,,,,,,,,,,,,,,,good,population_not_loaded,area_not_loaded
420310,4,4,0,0,100.0,0,,,,,,,,,,,,,,,,,,,,,,good,population_not_loaded,area_not_loaded
420315,3,3,0,0,100.0,0,,,,,,,,,,,,,,,,,,,,,,good,population_not_loaded,area_not_loaded
420320,14,14,0,0,100.0,0,,,,,,,,,,,,,,,,,,,,,,good,population_not_loaded,area_not_loaded
420325,1,1,0,0,100.0,0,,,,,,,,,,,,,,,,,,,,,,good,population_not_loaded,area_not_loaded
420330,2,2,0,0,100.0,0,,,,,,,,,,,,,,,,,,,,,,good,population_not_loaded,area_not_loaded
420340,1,1,0,0,100.0,0,,,,,,,,,,,,,,,,,,,,,,good,population_not_loaded,area_not_loaded
420350,4,3,1,1,75.0,1,,,,,,,,,,,,,,,,,,,,,,high_attention,population_not_loaded,area_not_loaded
420360,11,11,0,0,100.0,0,,,,,,,,,,,,,,,,,,,,,,good,population_not_loaded,area_not_loaded
420370,8,8,0,0,100.0,0,,,,,,,,,,,,,,,,,,,,,,good,population_not_loaded,area_not_loaded
420380,24,24,0,0,100.0,0,,,,,,,,,,,,,,,,,,,,,,good,population_not_loaded,area_not_loaded
420390,12,12,0,0,100.0,0,,,,,,,,,,,,,,,,,,,,,,good,population_not_loaded,area_not_loaded
420395,15,15,0,0,100.0,0,,,,,,,,,,,,,,,,,,,,,,good,population_not_loaded,area_not_loaded
420400,1,1,0,0,100.0,0,,,,,,,,,,,,,,,,,,,,,,good,population_not_loaded,area_not_loaded
420410,3,2,1,1,66.66666666666666,1,,,,,,,,,,,,,,,,,,,,,,high_attention,population_not_loaded,area_not_loaded
420415,1,1,0,0,100.0,0,,,,,,,,,,,,,,,,,,,,,,good,population_not_loaded,area_not_loaded
420417,2,2,0,0,100.0,0,,,,,,,,,,,,,,,,,,,,,,good,population_not_loaded,area_not_loaded
420419,1,1,0,0,100.0,0,,,,,,,,,,,,,,,,,,,,,,good,population_not_loaded,area_not_loaded
420420,35,33,2,2,94.28571428571428,2,,,,,,,,,,,,,,,,,,,,,,monitor,population_not_loaded,area_not_loaded
420425,8,8,0,0,100.0,0,,,,,,,,,,,,,,,,,,,,,,good,population_not_loaded,area_not_loaded
420430,21,20,1,1,95.23809523809523,1,,,,,,,,,,,,,,,,,,,,,,good,population_not_loaded,area_not_loaded
420435,2,2,0,0,100.0,0,,,,,,,,,,,,,,,,,,,,,,good,population_not_loaded,area_not_loaded
420440,3,3,0,0,100.0,0,,,,,,,,,,,,,,,,,,,,,,good,population_not_loaded,area_not_loaded
420445,1,1,0,0,100.0,0,,,,,,,,,,,,,,,,,,,,,,good,population_not_loaded,area_not_loaded
420450,6,6,0,0,100.0,0,,,,,,,,,,,,,,,,,,,,,,good,population_not_loaded,area_not_loaded
420455,1,1,0,0,100.0,0,,,,,,,,,,,,,,,,,,,,,,good,population_not_loaded,area_not_loaded
420460,55,54,1,1,98.18181818181819,1,,,,,,,,,,,,,,,,,,,,,,good,population_not_loaded,area_not_loaded
420470,3,2,1,1,66.66666666666666,1,,,,,,,,,,,,,,,,,,,,,,high_attention,population_not_loaded,area_not_loaded
420475,1,1,0,0,100.0,0,,,,,,,,,,,,,,,,,,,,,,good,population_not_loaded,area_not_loaded
420480,13,13,0,0,100.0,0,,,,,,,,,,,,,,,,,,,,,,good,population_not_loaded,area_not_loaded
420490,3,3,0,0,100.0,0,,,,,,,,,,,,,,,,,,,,,,good,population_not_loaded,area_not_loaded
420500,9,6,3,3,66.66666666666666,3,,,,,,,,,,,,,,,,,,,,,,high_attention,population_not_loaded,area_not_loaded
420510,3,2,1,1,66.66666666666666,1,,,,,,,,,,,,,,,,,,,,,,high_attention,population_not_loaded,area_not_loaded
420515,2,2,0,0,100.0,0,,,,,,,,,,,,,,,,,,,,,,good,population_not_loaded,area_not_loaded
420517,4,4,0,0,100.0,0,,,,,,,,,,,,,,,,,,,,,,good,population_not_loaded,area_not_loaded
420519,2,2,0,0,100.0,0,,,,,,,,,,,,,,,,,,,,,,good,population_not_loaded,area_not_loaded
420520,2,2,0,0,100.0,0,,,,,,,,,,,,,,,,,,,,,,good,population_not_loaded,area_not_loaded
420530,7,7,0,0,100.0,0,,,,,,,,,,,,,,,,,,,,,,good,population_not_loaded,area_not_loaded
420535,1,1,0,0,100.0,0,,,,,,,,,,,,,,,,,,,,,,good,population_not_loaded,area_not_loaded
420540,57,56,1,1,98.24561403508771,1,,,,,,,,,,,,,,,,,,,,,,good,population_not_loaded,area_not_loaded
420543,1,1,0,0,100.0,0,,,,,,,,,,,,,,,,,,,,,,good,population_not_loaded,area_not_loaded
420545,15,15,0,0,100.0,0,,,,,,,,,,,,,,,,,,,,,,good,population_not_loaded,area_not_loaded
420550,8,8,0,0,100.0,0,,,,,,,,,,,,,,,,,,,,,,good,population_not_loaded,area_not_loaded
420555,1,1,0,0,100.0,0,,,,,,,,,,,,,,,,,,,,,,good,population_not_loaded,area_not_loaded
420560,1,1,0,0,100.0,0,,,,,,,,,,,,,,,,,,,,,,good,population_not_loaded,area_not_loaded
420570,11,11,0,0,100.0,0,,,,,,,,,,,,,,,,,,,,,,good,population_not_loaded,area_not_loaded
420580,8,8,0,0,100.0,0,,,,,,,,,,,,,,,,,,,,,,good,population_not_loaded,area_not_loaded
420590,24,24,0,0,100.0,0,,,,,,,,,,,,,,,,,,,,,,good,population_not_loaded,area_not_loaded
420600,7,7,0,0,100.0,0,,,,,,,,,,,,,,,,,,,,,,good,population_not_loaded,area_not_loaded
420610,4,4,0,0,100.0,0,,,,,,,,,,,,,,,,,,,,,,good,population_not_loaded,area_not_loaded
420620,11,11,0,0,100.0,0,,,,,,,,,,,,,,,,,,,,,,good,population_not_loaded,area_not_loaded
420630,7,7,0,0,100.0,0,,,,,,,,,,,,,,,,,,,,,,good,population_not_loaded,area_not_loaded
420640,4,4,0,0,100.0,0,,,,,,,,,,,,,,,,,,,,,,good,population_not_loaded,area_not_loaded
420650,10,10,0,0,100.0,0,,,,,,,,,,,,,,,,,,,,,,good,population_not_loaded,area_not_loaded
420660,1,1,0,0,100.0,0,,,,,,,,,,,,,,,,,,,,,,good,population_not_loaded,area_not_loaded
420665,2,2,0,0,100.0,0,,,,,,,,,,,,,,,,,,,,,,good,population_not_loaded,area_not_loaded
420670,10,10,0,0,100.0,0,,,,,,,,,,,,,,,,,,,,,,good,population_not_loaded,area_not_loaded
420675,1,1,0,0,100.0,0,,,,,,,,,,,,,,,,,,,,,,good,population_not_loaded,area_not_loaded
420680,1,1,0,0,100.0,0,,,,,,,,,,,,,,,,,,,,,,good,population_not_loaded,area_not_loaded
420690,8,8,0,0,100.0,0,,,,,,,,,,,,,,,,,,,,,,good,population_not_loaded,area_not_loaded
420700,29,21,8,8,72.41379310344827,8,,,,,,,,,,,,,,,,,,,,,,high_attention,population_not_loaded,area_not_loaded
420710,4,4,0,0,100.0,0,,,,,,,,,,,,,,,,,,,,,,good,population_not_loaded,area_not_loaded
420720,13,7,6,6,53.84615384615385,6,,,,,,,,,,,,,,,,,,,,,,high_attention,population_not_loaded,area_not_loaded
420730,26,26,0,0,100.0,0,,,,,,,,,,,,,,,,,,,,,,good,population_not_loaded,area_not_loaded
420740,3,3,0,0,100.0,0,,,,,,,,,,,,,,,,,,,,,,good,population_not_loaded,area_not_loaded
420750,31,31,0,0,100.0,0,,,,,,,,,,,,,,,,,,,,,,good,population_not_loaded,area_not_loaded
420757,1,1,0,0,100.0,0,,,,,,,,,,,,,,,,,,,,,,good,population_not_loaded,area_not_loaded
420760,2,2,0,0,100.0,0,,,,,,,,,,,,,,,,,,,,,,good,population_not_loaded,area_not_loaded
420765,2,2,0,0,100.0,0,,,,,,,,,,,,,,,,,,,,,,good,population_not_loaded,area_not_loaded
420768,2,2,0,0,100.0,0,,,,,,,,,,,,,,,,,,,,,,good,population_not_loaded,area_not_loaded
420770,2,2,0,0,100.0,0,,,,,,,,,,,,,,,,,,,,,,good,population_not_loaded,area_not_loaded
420775,2,2,0,0,100.0,0,,,,,,,,,,,,,,,,,,,,,,good,population_not_loaded,area_not_loaded
420780,4,4,0,0,100.0,0,,,,,,,,,,,,,,,,,,,,,,good,population_not_loaded,area_not_loaded
420785,1,1,0,0,100.0,0,,,,,,,,,,,,,,,,,,,,,,good,population_not_loaded,area_not_loaded
420790,2,2,0,0,100.0,0,,,,,,,,,,,,,,,,,,,,,,good,population_not_loaded,area_not_loaded
420800,2,2,0,0,100.0,0,,,,,,,,,,,,,,,,,,,,,,good,population_not_loaded,area_not_loaded
420810,9,9,0,0,100.0,0,,,,,,,,,,,,,,,,,,,,,,good,population_not_loaded,area_not_loaded
420820,45,45,0,0,100.0,0,,,,,,,,,,,,,,,,,,,,,,good,population_not_loaded,area_not_loaded
420830,20,20,0,0,100.0,0,,,,,,,,,,,,,,,,,,,,,,good,population_not_loaded,area_not_loaded
420840,7,7,0,0,100.0,0,,,,,,,,,,,,,,,,,,,,,,good,population_not_loaded,area_not_loaded
420845,13,12,1,1,92.3076923076923,1,,,,,,,,,,,,,,,,,,,,,,monitor,population_not_loaded,area_not_loaded
420850,10,9,1,1,90.0,1,,,,,,,,,,,,,,,,,,,,,,monitor,population_not_loaded,area_not_loaded
420860,3,2,1,1,66.66666666666666,1,,,,,,,,,,,,,,,,,,,,,,high_attention,population_not_loaded,area_not_loaded
420870,1,1,0,0,100.0,0,,,,,,,,,,,,,,,,,,,,,,good,population_not_loaded,area_not_loaded
420880,12,12,0,0,100.0,0,,,,,,,,,,,,,,,,,,,,,,good,population_not_loaded,area_not_loaded
420890,38,37,1,1,97.36842105263158,1,,,,,,,,,,,,,,,,,,,,,,good,population_not_loaded,area_not_loaded
420895,1,1,0,0,100.0,0,,,,,,,,,,,,,,,,,,,,,,good,population_not_loaded,area_not_loaded
420900,13,13,0,0,100.0,0,,,,,,,,,,,,,,,,,,,,,,good,population_not_loaded,area_not_loaded
420910,66,62,4,4,93.93939393939394,4,,,,,,,,,,,,,,,,,,,,,,monitor,population_not_loaded,area_not_loaded
420915,2,2,0,0,100.0,0,,,,,,,,,,,,,,,,,,,,,,good,population_not_loaded,area_not_loaded
420917,1,1,0,0,100.0,0,,,,,,,,,,,,,,,,,,,,,,good,population_not_loaded,area_not_loaded
420920,1,1,0,0,100.0,0,,,,,,,,,,,,,,,,,,,,,,good,population_not_loaded,area_not_loaded
420930,33,33,0,0,100.0,0,,,,,,,,,,,,,,,,,,,,,,good,population_not_loaded,area_not_loaded
420940,20,20,0,0,100.0,0,,,,,,,,,,,,,,,,,,,,,,good,population_not_loaded,area_not_loaded
420945,1,1,0,0,100.0,0,,,,,,,,,,,,,,,,,,,,,,good,population_not_loaded,area_not_loaded
420950,2,2,0,0,100.0,0,,,,,,,,,,,,,,,,,,,,,,good,population_not_loaded,area_not_loaded
420960,8,7,1,1,87.5,1,,,,,,,,,,,,,,,,,,,,,,monitor,population_not_loaded,area_not_loaded
420970,1,1,0,0,100.0,0,,,,,,,,,,,,,,,,,,,,,,good,population_not_loaded,area_not_loaded
420980,2,2,0,0,100.0,0,,,,,,,,,,,,,,,,,,,,,,good,population_not_loaded,area_not_loaded
420985,1,1,0,0,100.0,0,,,,,,,,,,,,,,,,,,,,,,good,population_not_loaded,area_not_loaded
420990,5,5,0,0,100.0,0,,,,,,,,,,,,,,,,,,,,,,good,population_not_loaded,area_not_loaded
421000,7,7,0,0,100.0,0,,,,,,,,,,,,,,,,,,,,,,good,population_not_loaded,area_not_loaded
421003,3,3,0,0,100.0,0,,,,,,,,,,,,,,,,,,,,,,good,population_not_loaded,area_not_loaded
421005,1,1,0,0,100.0,0,,,,,,,,,,,,,,,,,,,,,,good,population_not_loaded,area_not_loaded
421010,9,9,0,0,100.0,0,,,,,,,,,,,,,,,,,,,,,,good,population_not_loaded,area_not_loaded
421020,2,2,0,0,100.0,0,,,,,,,,,,,,,,,,,,,,,,good,population_not_loaded,area_not_loaded
421030,1,1,0,0,100.0,0,,,,,,,,,,,,,,,,,,,,,,good,population_not_loaded,area_not_loaded
421040,2,2,0,0,100.0,0,,,,,,,,,,,,,,,,,,,,,,good,population_not_loaded,area_not_loaded
421050,12,10,2,2,83.33333333333334,2,,,,,,,,,,,,,,,,,,,,,,monitor,population_not_loaded,area_not_loaded
421055,1,1,0,0,100.0,0,,,,,,,,,,,,,,,,,,,,,,good,population_not_loaded,area_not_loaded
421060,7,7,0,0,100.0,0,,,,,,,,,,,,,,,,,,,,,,good,population_not_loaded,area_not_loaded
421070,1,1,0,0,100.0,0,,,,,,,,,,,,,,,,,,,,,,good,population_not_loaded,area_not_loaded
421080,1,1,0,0,100.0,0,,,,,,,,,,,,,,,,,,,,,,good,population_not_loaded,area_not_loaded
421085,1,1,0,0,100.0,0,,,,,,,,,,,,,,,,,,,,,,good,population_not_loaded,area_not_loaded
421090,1,1,0,0,100.0,0,,,,,,,,,,,,,,,,,,,,,,good,population_not_loaded,area_not_loaded
421100,4,4,0,0,100.0,0,,,,,,,,,,,,,,,,,,,,,,good,population_not_loaded,area_not_loaded
421105,5,5,0,0,100.0,0,,,,,,,,,,,,,,,,,,,,,,good,population_not_loaded,area_not_loaded
421110,6,5,1,1,83.33333333333334,1,,,,,,,,,,,,,,,,,,,,,,monitor,population_not_loaded,area_not_loaded
421120,11,11,0,0,100.0,0,,,,,,,,,,,,,,,,,,,,,,good,population_not_loaded,area_not_loaded
421125,2,2,0,0,100.0,0,,,,,,,,,,,,,,,,,,,,,,good,population_not_loaded,area_not_loaded
421130,25,23,2,2,92.0,2,,,,,,,,,,,,,,,,,,,,,,monitor,population_not_loaded,area_not_loaded
421140,1,1,0,0,100.0,0,,,,,,,,,,,,,,,,,,,,,,good,population_not_loaded,area_not_loaded
421145,1,1,0,0,100.0,0,,,,,,,,,,,,,,,,,,,,,,good,population_not_loaded,area_not_loaded
421150,5,5,0,0,100.0,0,,,,,,,,,,,,,,,,,,,,,,good,population_not_loaded,area_not_loaded
421160,8,7,1,1,87.5,1,,,,,,,,,,,,,,,,,,,,,,monitor,population_not_loaded,area_not_loaded
421165,1,1,0,0,100.0,0,,,,,,,,,,,,,,,,,,,,,,good,population_not_loaded,area_not_loaded
421170,14,14,0,0,100.0,0,,,,,,,,,,,,,,,,,,,,,,good,population_not_loaded,area_not_loaded
421175,6,6,0,0,100.0,0,,,,,,,,,,,,,,,,,,,,,,good,population_not_loaded,area_not_loaded
421180,3,3,0,0,100.0,0,,,,,,,,,,,,,,,,,,,,,,good,population_not_loaded,area_not_loaded
421185,1,1,0,0,100.0,0,,,,,,,,,,,,,,,,,,,,,,good,population_not_loaded,area_not_loaded
421187,1,1,0,0,100.0,0,,,,,,,,,,,,,,,,,,,,,,good,population_not_loaded,area_not_loaded
421189,1,1,0,0,100.0,0,,,,,,,,,,,,,,,,,,,,,,good,population_not_loaded,area_not_loaded
421190,24,24,0,0,100.0,0,,,,,,,,,,,,,,,,,,,,,,good,population_not_loaded,area_not_loaded
421200,2,2,0,0,100.0,0,,,,,,,,,,,,,,,,,,,,,,good,population_not_loaded,area_not_loaded
421205,4,4,0,0,100.0,0,,,,,,,,,,,,,,,,,,,,,,good,population_not_loaded,area_not_loaded
421210,3,3,0,0,100.0,0,,,,,,,,,,,,,,,,,,,,,,good,population_not_loaded,area_not_loaded
421220,3,2,1,1,66.66666666666666,1,,,,,,,,,,,,,,,,,,,,,,high_attention,population_not_loaded,area_not_loaded
421223,1,1,0,0,100.0,0,,,,,,,,,,,,,,,,,,,,,,good,population_not_loaded,area_not_loaded
421225,4,4,0,0,100.0,0,,,,,,,,,,,,,,,,,,,,,,good,population_not_loaded,area_not_loaded
421227,1,1,0,0,100.0,0,,,,,,,,,,,,,,,,,,,,,,good,population_not_loaded,area_not_loaded
421230,3,3,0,0,100.0,0,,,,,,,,,,,,,,,,,,,,,,good,population_not_loaded,area_not_loaded
421240,2,2,0,0,100.0,0,,,,,,,,,,,,,,,,,,,,,,good,population_not_loaded,area_not_loaded
421250,11,10,1,1,90.9090909090909,1,,,,,,,,,,,,,,,,,,,,,,monitor,population_not_loaded,area_not_loaded
421260,1,1,0,0,100.0,0,,,,,,,,,,,,,,,,,,,,,,good,population_not_loaded,area_not_loaded
421265,5,4,1,1,80.0,1,,,,,,,,,,,,,,,,,,,,,,high_attention,population_not_loaded,area_not_loaded
421270,3,3,0,0,100.0,0,,,,,,,,,,,,,,,,,,,,,,good,population_not_loaded,area_not_loaded
421280,10,10,0,0,100.0,0,,,,,,,,,,,,,,,,,,,,,,good,population_not_loaded,area_not_loaded
421290,9,9,0,0,100.0,0,,,,,,,,,,,,,,,,,,,,,,good,population_not_loaded,area_not_loaded
421300,1,1,0,0,100.0,0,,,,,,,,,,,,,,,,,,,,,,good,population_not_loaded,area_not_loaded
421310,1,1,0,0,100.0,0,,,,,,,,,,,,,,,,,,,,,,good,population_not_loaded,area_not_loaded
421315,1,1,0,0,100.0,0,,,,,,,,,,,,,,,,,,,,,,good,population_not_loaded,area_not_loaded
421320,12,12,0,0,100.0,0,,,,,,,,,,,,,,,,,,,,,,good,population_not_loaded,area_not_loaded
421330,2,2,0,0,100.0,0,,,,,,,,,,,,,,,,,,,,,,good,population_not_loaded,area_not_loaded
421335,4,4,0,0,100.0,0,,,,,,,,,,,,,,,,,,,,,,good,population_not_loaded,area_not_loaded
421340,3,3,0,0,100.0,0,,,,,,,,,,,,,,,,,,,,,,good,population_not_loaded,area_not_loaded
421350,9,9,0,0,100.0,0,,,,,,,,,,,,,,,,,,,,,,good,population_not_loaded,area_not_loaded
421360,13,13,0,0,100.0,0,,,,,,,,,,,,,,,,,,,,,,good,population_not_loaded,area_not_loaded
421370,6,6,0,0,100.0,0,,,,,,,,,,,,,,,,,,,,,,good,population_not_loaded,area_not_loaded
421380,2,2,0,0,100.0,0,,,,,,,,,,,,,,,,,,,,,,good,population_not_loaded,area_not_loaded
421390,1,1,0,0,100.0,0,,,,,,,,,,,,,,,,,,,,,,good,population_not_loaded,area_not_loaded
421400,6,6,0,0,100.0,0,,,,,,,,,,,,,,,,,,,,,,good,population_not_loaded,area_not_loaded
421410,3,3,0,0,100.0,0,,,,,,,,,,,,,,,,,,,,,,good,population_not_loaded,area_not_loaded
421415,1,1,0,0,100.0,0,,,,,,,,,,,,,,,,,,,,,,good,population_not_loaded,area_not_loaded
421420,2,2,0,0,100.0,0,,,,,,,,,,,,,,,,,,,,,,good,population_not_loaded,area_not_loaded
421430,1,1,0,0,100.0,0,,,,,,,,,,,,,,,,,,,,,,good,population_not_loaded,area_not_loaded
421440,2,2,0,0,100.0,0,,,,,,,,,,,,,,,,,,,,,,good,population_not_loaded,area_not_loaded
421450,2,2,0,0,100.0,0,,,,,,,,,,,,,,,,,,,,,,good,population_not_loaded,area_not_loaded
421460,4,3,1,1,75.0,1,,,,,,,,,,,,,,,,,,,,,,high_attention,population_not_loaded,area_not_loaded
421470,1,1,0,0,100.0,0,,,,,,,,,,,,,,,,,,,,,,good,population_not_loaded,area_not_loaded
421480,27,27,0,0,100.0,0,,,,,,,,,,,,,,,,,,,,,,good,population_not_loaded,area_not_loaded
421490,1,1,0,0,100.0,0,,,,,,,,,,,,,,,,,,,,,,good,population_not_loaded,area_not_loaded
421500,12,12,0,0,100.0,0,,,,,,,,,,,,,,,,,,,,,,good,population_not_loaded,area_not_loaded
421505,2,2,0,0,100.0,0,,,,,,,,,,,,,,,,,,,,,,good,population_not_loaded,area_not_loaded
421507,2,2,0,0,100.0,0,,,,,,,,,,,,,,,,,,,,,,good,population_not_loaded,area_not_loaded
421510,8,8,0,0,100.0,0,,,,,,,,,,,,,,,,,,,,,,good,population_not_loaded,area_not_loaded
421520,1,1,0,0,100.0,0,,,,,,,,,,,,,,,,,,,,,,good,population_not_loaded,area_not_loaded
421530,6,5,1,1,83.33333333333334,1,,,,,,,,,,,,,,,,,,,,,,monitor,population_not_loaded,area_not_loaded
421535,1,1,0,0,100.0,0,,,,,,,,,,,,,,,,,,,,,,good,population_not_loaded,area_not_loaded
421540,1,1,0,0,100.0,0,,,,,,,,,,,,,,,,,,,,,,good,population_not_loaded,area_not_loaded
421545,7,7,0,0,100.0,0,,,,,,,,,,,,,,,,,,,,,,good,population_not_loaded,area_not_loaded
421550,5,5,0,0,100.0,0,,,,,,,,,,,,,,,,,,,,,,good,population_not_loaded,area_not_loaded
421555,1,1,0,0,100.0,0,,,,,,,,,,,,,,,,,,,,,,good,population_not_loaded,area_not_loaded
421560,1,1,0,0,100.0,0,,,,,,,,,,,,,,,,,,,,,,good,population_not_loaded,area_not_loaded
421565,5,5,0,0,100.0,0,,,,,,,,,,,,,,,,,,,,,,good,population_not_loaded,area_not_loaded
421567,3,3,0,0,100.0,0,,,,,,,,,,,,,,,,,,,,,,good,population_not_loaded,area_not_loaded
421568,1,1,0,0,100.0,0,,,,,,,,,,,,,,,,,,,,,,good,population_not_loaded,area_not_loaded
421569,1,1,0,0,100.0,0,,,,,,,,,,,,,,,,,,,,,,good,population_not_loaded,area_not_loaded
421570,8,8,0,0,100.0,0,,,,,,,,,,,,,,,,,,,,,,good,population_not_loaded,area_not_loaded
421575,1,1,0,0,100.0,0,,,,,,,,,,,,,,,,,,,,,,good,population_not_loaded,area_not_loaded
421580,26,24,2,2,92.3076923076923,2,,,,,,,,,,,,,,,,,,,,,,monitor,population_not_loaded,area_not_loaded
421590,1,1,0,0,100.0,0,,,,,,,,,,,,,,,,,,,,,,good,population_not_loaded,area_not_loaded
421600,4,4,0,0,100.0,0,,,,,,,,,,,,,,,,,,,,,,good,population_not_loaded,area_not_loaded
421605,4,4,0,0,100.0,0,,,,,,,,,,,,,,,,,,,,,,good,population_not_loaded,area_not_loaded
421610,4,3,1,1,75.0,1,,,,,,,,,,,,,,,,,,,,,,high_attention,population_not_loaded,area_not_loaded
421620,18,15,3,3,83.33333333333334,3,,,,,,,,,,,,,,,,,,,,,,monitor,population_not_loaded,area_not_loaded
421625,2,2,0,0,100.0,0,,,,,,,,,,,,,,,,,,,,,,good,population_not_loaded,area_not_loaded
421630,13,13,0,0,100.0,0,,,,,,,,,,,,,,,,,,,,,,good,population_not_loaded,area_not_loaded
421635,4,4,0,0,100.0,0,,,,,,,,,,,,,,,,,,,,,,good,population_not_loaded,area_not_loaded
421640,3,3,0,0,100.0,0,,,,,,,,,,,,,,,,,,,,,,good,population_not_loaded,area_not_loaded
421650,3,3,0,0,100.0,0,,,,,,,,,,,,,,,,,,,,,,good,population_not_loaded,area_not_loaded
421660,28,28,0,0,100.0,0,,,,,,,,,,,,,,,,,,,,,,good,population_not_loaded,area_not_loaded
421670,5,4,1,1,80.0,1,,,,,,,,,,,,,,,,,,,,,,high_attention,population_not_loaded,area_not_loaded
421680,2,2,0,0,100.0,0,,,,,,,,,,,,,,,,,,,,,,good,population_not_loaded,area_not_loaded
421690,7,6,1,1,85.71428571428571,1,,,,,,,,,,,,,,,,,,,,,,monitor,population_not_loaded,area_not_loaded
421700,6,6,0,0,100.0,0,,,,,,,,,,,,,,,,,,,,,,good,population_not_loaded,area_not_loaded
421710,2,2,0,0,100.0,0,,,,,,,,,,,,,,,,,,,,,,good,population_not_loaded,area_not_loaded
421715,1,1,0,0,100.0,0,,,,,,,,,,,,,,,,,,,,,,good,population_not_loaded,area_not_loaded
421720,18,18,0,0,100.0,0,,,,,,,,,,,,,,,,,,,,,,good,population_not_loaded,area_not_loaded
421725,3,3,0,0,100.0,0,,,,,,,,,,,,,,,,,,,,,,good,population_not_loaded,area_not_loaded
421730,3,2,1,1,66.66666666666666,1,,,,,,,,,,,,,,,,,,,,,,high_attention,population_not_loaded,area_not_loaded
421740,11,11,0,0,100.0,0,,,,,,,,,,,,,,,,,,,,,,good,population_not_loaded,area_not_loaded
421750,7,7,0,0,100.0,0,,,,,,,,,,,,,,,,,,,,,,good,population_not_loaded,area_not_loaded
421755,1,1,0,0,100.0,0,,,,,,,,,,,,,,,,,,,,,,good,population_not_loaded,area_not_loaded
421760,7,7,0,0,100.0,0,,,,,,,,,,,,,,,,,,,,,,good,population_not_loaded,area_not_loaded
421770,8,8,0,0,100.0,0,,,,,,,,,,,,,,,,,,,,,,good,population_not_loaded,area_not_loaded
421775,1,1,0,0,100.0,0,,,,,,,,,,,,,,,,,,,,,,good,population_not_loaded,area_not_loaded
421780,10,10,0,0,100.0,0,,,,,,,,,,,,,,,,,,,,,,good,population_not_loaded,area_not_loaded
421790,3,3,0,0,100.0,0,,,,,,,,,,,,,,,,,,,,,,good,population_not_loaded,area_not_loaded
421795,1,1,0,0,100.0,0,,,,,,,,,,,,,,,,,,,,,,good,population_not_loaded,area_not_loaded
421800,9,9,0,0,100.0,0,,,,,,,,,,,,,,,,,,,,,,good,population_not_loaded,area_not_loaded
421810,3,3,0,0,100.0,0,,,,,,,,,,,,,,,,,,,,,,good,population_not_loaded,area_not_loaded
421820,17,17,0,0,100.0,0,,,,,,,,,,,,,,,,,,,,,,good,population_not_loaded,area_not_loaded
421825,3,3,0,0,100.0,0,,,,,,,,,,,,,,,,,,,,,,good,population_not_loaded,area_not_loaded
421830,3,3,0,0,100.0,0,,,,,,,,,,,,,,,,,,,,,,good,population_not_loaded,area_not_loaded
421835,1,1,0,0,100.0,0,,,,,,,,,,,,,,,,,,,,,,good,population_not_loaded,area_not_loaded
421840,4,4,0,0,100.0,0,,,,,,,,,,,,,,,,,,,,,,good,population_not_loaded,area_not_loaded
421850,2,1,1,1,50.0,1,,,,,,,,,,,,,,,,,,,,,,high_attention,population_not_loaded,area_not_loaded
421860,4,3,1,1,75.0,1,,,,,,,,,,,,,,,,,,,,,,high_attention,population_not_loaded,area_not_loaded
421870,37,36,1,1,97.2972972972973,1,,,,,,,,,,,,,,,,,,,,,,good,population_not_loaded,area_not_loaded
421875,2,2,0,0,100.0,0,,,,,,,,,,,,,,,,,,,,,,good,population_not_loaded,area_not_loaded
421880,7,7,0,0,100.0,0,,,,,,,,,,,,,,,,,,,,,,good,population_not_loaded,area_not_loaded
421885,1,1,0,0,100.0,0,,,,,,,,,,,,,,,,,,,,,,good,population_not_loaded,area_not_loaded
421890,6,6,0,0,100.0,0,,,,,,,,,,,,,,,,,,,,,,good,population_not_loaded,area_not_loaded
421895,1,1,0,0,100.0,0,,,,,,,,,,,,,,,,,,,,,,good,population_not_loaded,area_not_loaded
421900,10,9,1,1,90.0,1,,,,,,,,,,,,,,,,,,,,,,monitor,population_not_loaded,area_not_loaded
421910,1,1,0,0,100.0,0,,,,,,,,,,,,,,,,,,,,,,good,population_not_loaded,area_not_loaded
421915,1,1,0,0,100.0,0,,,,,,,,,,,,,,,,,,,,,,good,population_not_loaded,area_not_loaded
421917,1,1,0,0,100.0,0,,,,,,,,,,,,,,,,,,,,,,good,population_not_loaded,area_not_loaded
421920,2,2,0,0,100.0,0,,,,,,,,,,,,,,,,,,,,,,good,population_not_loaded,area_not_loaded
421930,22,22,0,0,100.0,0,,,,,,,,,,,,,,,,,,,,,,good,population_not_loaded,area_not_loaded
421935,2,2,0,0,100.0,0,,,,,,,,,,,,,,,,,,,,,,good,population_not_loaded,area_not_loaded
421940,1,1,0,0,100.0,0,,,,,,,,,,,,,,,,,,,,,,good,population_not_loaded,area_not_loaded
421950,16,16,0,0,100.0,0,,,,,,,,,,,,,,,,,,,,,,good,population_not_loaded,area_not_loaded
421960,2,1,1,1,50.0,1,,,,,,,,,,,,,,,,,,,,,,high_attention,population_not_loaded,area_not_loaded
421970,12,10,2,2,83.33333333333334,2,,,,,,,,,,,,,,,,,,,,,,monitor,population_not_loaded,area_not_loaded
421985,1,1,0,0,100.0,0,,,,,,,,,,,,,,,,,,,,,,good,population_not_loaded,area_not_loaded
422000,6,6,0,0,100.0,0,,,,,,,,,,,,,,,,,,,,,,good,population_not_loaded,area_not_loaded
430003,2,2,0,0,100.0,0,,,,,,,,,,,,,,,,,,,,,,good,population_not_loaded,area_not_loaded
430005,2,2,0,0,100.0,0,,,,,,,,,,,,,,,,,,,,,,good,population_not_loaded,area_not_loaded
430010,2,2,0,0,100.0,0,,,,,,,,,,,,,,,,,,,,,,good,population_not_loaded,area_not_loaded
430020,3,3,0,0,100.0,0,,,,,,,,,,,,,,,,,,,,,,good,population_not_loaded,area_not_loaded
430030,2,2,0,0,100.0,0,,,,,,,,,,,,,,,,,,,,,,good,population_not_loaded,area_not_loaded
430040,26,23,3,3,88.46153846153845,3,,,,,,,,,,,,,,,,,,,,,,monitor,population_not_loaded,area_not_loaded
430045,1,1,0,0,100.0,0,,,,,,,,,,,,,,,,,,,,,,good,population_not_loaded,area_not_loaded
430050,4,4,0,0,100.0,0,,,,,,,,,,,,,,,,,,,,,,good,population_not_loaded,area_not_loaded
430055,1,1,0,0,100.0,0,,,,,,,,,,,,,,,,,,,,,,good,population_not_loaded,area_not_loaded
430060,20,20,0,0,100.0,0,,,,,,,,,,,,,,,,,,,,,,good,population_not_loaded,area_not_loaded
430064,4,4,0,0,100.0,0,,,,,,,,,,,,,,,,,,,,,,good,population_not_loaded,area_not_loaded
430070,1,1,0,0,100.0,0,,,,,,,,,,,,,,,,,,,,,,good,population_not_loaded,area_not_loaded
430080,2,2,0,0,100.0,0,,,,,,,,,,,,,,,,,,,,,,good,population_not_loaded,area_not_loaded
430085,1,1,0,0,100.0,0,,,,,,,,,,,,,,,,,,,,,,good,population_not_loaded,area_not_loaded
430087,3,3,0,0,100.0,0,,,,,,,,,,,,,,,,,,,,,,good,population_not_loaded,area_not_loaded
430090,1,1,0,0,100.0,0,,,,,,,,,,,,,,,,,,,,,,good,population_not_loaded,area_not_loaded
430105,6,6,0,0,100.0,0,,,,,,,,,,,,,,,,,,,,,,good,population_not_loaded,area_not_loaded
430107,1,1,0,0,100.0,0,,,,,,,,,,,,,,,,,,,,,,good,population_not_loaded,area_not_loaded
430110,4,4,0,0,100.0,0,,,,,,,,,,,,,,,,,,,,,,good,population_not_loaded,area_not_loaded
430120,4,4,0,0,100.0,0,,,,,,,,,,,,,,,,,,,,,,good,population_not_loaded,area_not_loaded
430130,4,4,0,0,100.0,0,,,,,,,,,,,,,,,,,,,,,,good,population_not_loaded,area_not_loaded
430140,4,4,0,0,100.0,0,,,,,,,,,,,,,,,,,,,,,,good,population_not_loaded,area_not_loaded
430150,1,1,0,0,100.0,0,,,,,,,,,,,,,,,,,,,,,,good,population_not_loaded,area_not_loaded
430155,1,1,0,0,100.0,0,,,,,,,,,,,,,,,,,,,,,,good,population_not_loaded,area_not_loaded
430160,19,16,3,3,84.21052631578947,3,,,,,,,,,,,,,,,,,,,,,,monitor,population_not_loaded,area_not_loaded
430165,4,4,0,0,100.0,0,,,,,,,,,,,,,,,,,,,,,,good,population_not_loaded,area_not_loaded
430170,2,1,1,1,50.0,1,,,,,,,,,,,,,,,,,,,,,,high_attention,population_not_loaded,area_not_loaded
430175,2,2,0,0,100.0,0,,,,,,,,,,,,,,,,,,,,,,good,population_not_loaded,area_not_loaded
430180,1,1,0,0,100.0,0,,,,,,,,,,,,,,,,,,,,,,good,population_not_loaded,area_not_loaded
430185,3,3,0,0,100.0,0,,,,,,,,,,,,,,,,,,,,,,good,population_not_loaded,area_not_loaded
430187,4,4,0,0,100.0,0,,,,,,,,,,,,,,,,,,,,,,good,population_not_loaded,area_not_loaded
430190,3,3,0,0,100.0,0,,,,,,,,,,,,,,,,,,,,,,good,population_not_loaded,area_not_loaded
430192,1,1,0,0,100.0,0,,,,,,,,,,,,,,,,,,,,,,good,population_not_loaded,area_not_loaded
430195,1,1,0,0,100.0,0,,,,,,,,,,,,,,,,,,,,,,good,population_not_loaded,area_not_loaded
430200,6,6,0,0,100.0,0,,,,,,,,,,,,,,,,,,,,,,good,population_not_loaded,area_not_loaded
430205,1,1,0,0,100.0,0,,,,,,,,,,,,,,,,,,,,,,good,population_not_loaded,area_not_loaded
430210,21,20,1,1,95.23809523809523,1,,,,,,,,,,,,,,,,,,,,,,good,population_not_loaded,area_not_loaded
430215,1,1,0,0,100.0,0,,,,,,,,,,,,,,,,,,,,,,good,population_not_loaded,area_not_loaded
430220,5,3,2,2,60.0,2,,,,,,,,,,,,,,,,,,,,,,high_attention,population_not_loaded,area_not_loaded
430222,1,1,0,0,100.0,0,,,,,,,,,,,,,,,,,,,,,,good,population_not_loaded,area_not_loaded
430225,1,1,0,0,100.0,0,,,,,,,,,,,,,,,,,,,,,,good,population_not_loaded,area_not_loaded
430230,4,4,0,0,100.0,0,,,,,,,,,,,,,,,,,,,,,,good,population_not_loaded,area_not_loaded
430235,4,4,0,0,100.0,0,,,,,,,,,,,,,,,,,,,,,,good,population_not_loaded,area_not_loaded
430237,1,1,0,0,100.0,0,,,,,,,,,,,,,,,,,,,,,,good,population_not_loaded,area_not_loaded
430240,4,4,0,0,100.0,0,,,,,,,,,,,,,,,,,,,,,,good,population_not_loaded,area_not_loaded
430245,1,1,0,0,100.0,0,,,,,,,,,,,,,,,,,,,,,,good,population_not_loaded,area_not_loaded
430250,3,3,0,0,100.0,0,,,,,,,,,,,,,,,,,,,,,,good,population_not_loaded,area_not_loaded
430258,1,1,0,0,100.0,0,,,,,,,,,,,,,,,,,,,,,,good,population_not_loaded,area_not_loaded
430260,1,1,0,0,100.0,0,,,,,,,,,,,,,,,,,,,,,,good,population_not_loaded,area_not_loaded
430265,1,1,0,0,100.0,0,,,,,,,,,,,,,,,,,,,,,,good,population_not_loaded,area_not_loaded
430270,10,8,2,2,80.0,2,,,,,,,,,,,,,,,,,,,,,,high_attention,population_not_loaded,area_not_loaded
430280,9,8,1,1,88.88888888888889,1,,,,,,,,,,,,,,,,,,,,,,monitor,population_not_loaded,area_not_loaded
430290,6,6,0,0,100.0,0,,,,,,,,,,,,,,,,,,,,,,good,population_not_loaded,area_not_loaded
430300,31,26,5,5,83.87096774193549,5,,,,,,,,,,,,,,,,,,,,,,monitor,population_not_loaded,area_not_loaded
430310,4,1,3,3,25.0,3,,,,,,,,,,,,,,,,,,,,,,high_attention,population_not_loaded,area_not_loaded
430330,3,3,0,0,100.0,0,,,,,,,,,,,,,,,,,,,,,,good,population_not_loaded,area_not_loaded
430340,1,1,0,0,100.0,0,,,,,,,,,,,,,,,,,,,,,,good,population_not_loaded,area_not_loaded
430350,15,15,0,0,100.0,0,,,,,,,,,,,,,,,,,,,,,,good,population_not_loaded,area_not_loaded
430355,1,1,0,0,100.0,0,,,,,,,,,,,,,,,,,,,,,,good,population_not_loaded,area_not_loaded
430360,3,2,1,1,66.66666666666666,1,,,,,,,,,,,,,,,,,,,,,,high_attention,population_not_loaded,area_not_loaded
430367,2,1,1,1,50.0,1,,,,,,,,,,,,,,,,,,,,,,high_attention,population_not_loaded,area_not_loaded
430380,1,1,0,0,100.0,0,,,,,,,,,,,,,,,,,,,,,,good,population_not_loaded,area_not_loaded
430390,18,18,0,0,100.0,0,,,,,,,,,,,,,,,,,,,,,,good,population_not_loaded,area_not_loaded
430400,1,1,0,0,100.0,0,,,,,,,,,,,,,,,,,,,,,,good,population_not_loaded,area_not_loaded
430410,1,1,0,0,100.0,0,,,,,,,,,,,,,,,,,,,,,,good,population_not_loaded,area_not_loaded
430420,8,8,0,0,100.0,0,,,,,,,,,,,,,,,,,,,,,,good,population_not_loaded,area_not_loaded
430430,2,1,1,1,50.0,1,,,,,,,,,,,,,,,,,,,,,,high_attention,population_not_loaded,area_not_loaded
430435,2,2,0,0,100.0,0,,,,,,,,,,,,,,,,,,,,,,good,population_not_loaded,area_not_loaded
430440,8,7,1,1,87.5,1,,,,,,,,,,,,,,,,,,,,,,monitor,population_not_loaded,area_not_loaded
430450,9,9,0,0,100.0,0,,,,,,,,,,,,,,,,,,,,,,good,population_not_loaded,area_not_loaded
430460,46,43,3,3,93.47826086956522,3,,,,,,,,,,,,,,,,,,,,,,monitor,population_not_loaded,area_not_loaded
430461,1,1,0,0,100.0,0,,,,,,,,,,,,,,,,,,,,,,good,population_not_loaded,area_not_loaded
430462,1,1,0,0,100.0,0,,,,,,,,,,,,,,,,,,,,,,good,population_not_loaded,area_not_loaded
430463,17,15,2,2,88.23529411764706,2,,,,,,,,,,,,,,,,,,,,,,monitor,population_not_loaded,area_not_loaded
430465,3,3,0,0,100.0,0,,,,,,,,,,,,,,,,,,,,,,good,population_not_loaded,area_not_loaded
430466,6,6,0,0,100.0,0,,,,,,,,,,,,,,,,,,,,,,good,population_not_loaded,area_not_loaded
430467,2,2,0,0,100.0,0,,,,,,,,,,,,,,,,,,,,,,good,population_not_loaded,area_not_loaded
430468,1,1,0,0,100.0,0,,,,,,,,,,,,,,,,,,,,,,good,population_not_loaded,area_not_loaded
430470,1,1,0,0,100.0,0,,,,,,,,,,,,,,,,,,,,,,good,population_not_loaded,area_not_loaded
430480,4,4,0,0,100.0,0,,,,,,,,,,,,,,,,,,,,,,good,population_not_loaded,area_not_loaded
430485,1,1,0,0,100.0,0,,,,,,,,,,,,,,,,,,,,,,good,population_not_loaded,area_not_loaded
430490,3,3,0,0,100.0,0,,,,,,,,,,,,,,,,,,,,,,good,population_not_loaded,area_not_loaded
430495,2,2,0,0,100.0,0,,,,,,,,,,,,,,,,,,,,,,good,population_not_loaded,area_not_loaded
430500,2,2,0,0,100.0,0,,,,,,,,,,,,,,,,,,,,,,good,population_not_loaded,area_not_loaded
430510,52,52,0,0,100.0,0,,,,,,,,,,,,,,,,,,,,,,good,population_not_loaded,area_not_loaded
430511,1,1,0,0,100.0,0,,,,,,,,,,,,,,,,,,,,,,good,population_not_loaded,area_not_loaded
430512,1,1,0,0,100.0,0,,,,,,,,,,,,,,,,,,,,,,good,population_not_loaded,area_not_loaded
430513,2,2,0,0,100.0,0,,,,,,,,,,,,,,,,,,,,,,good,population_not_loaded,area_not_loaded
430515,2,2,0,0,100.0,0,,,,,,,,,,,,,,,,,,,,,,good,population_not_loaded,area_not_loaded
430517,3,3,0,0,100.0,0,,,,,,,,,,,,,,,,,,,,,,good,population_not_loaded,area_not_loaded
430520,6,6,0,0,100.0,0,,,,,,,,,,,,,,,,,,,,,,good,population_not_loaded,area_not_loaded
430535,6,6,0,0,100.0,0,,,,,,,,,,,,,,,,,,,,,,good,population_not_loaded,area_not_loaded
430537,1,1,0,0,100.0,0,,,,,,,,,,,,,,,,,,,,,,good,population_not_loaded,area_not_loaded
430540,1,1,0,0,100.0,0,,,,,,,,,,,,,,,,,,,,,,good,population_not_loaded,area_not_loaded
430543,2,2,0,0,100.0,0,,,,,,,,,,,,,,,,,,,,,,good,population_not_loaded,area_not_loaded
430544,4,2,2,2,50.0,2,,,,,,,,,,,,,,,,,,,,,,high_attention,population_not_loaded,area_not_loaded
430545,4,4,0,0,100.0,0,,,,,,,,,,,,,,,,,,,,,,good,population_not_loaded,area_not_loaded
430550,1,1,0,0,100.0,0,,,,,,,,,,,,,,,,,,,,,,good,population_not_loaded,area_not_loaded
430558,1,1,0,0,100.0,0,,,,,,,,,,,,,,,,,,,,,,good,population_not_loaded,area_not_loaded
430560,1,1,0,0,100.0,0,,,,,,,,,,,,,,,,,,,,,,good,population_not_loaded,area_not_loaded
430570,1,1,0,0,100.0,0,,,,,,,,,,,,,,,,,,,,,,good,population_not_loaded,area_not_loaded
430580,3,3,0,0,100.0,0,,,,,,,,,,,,,,,,,,,,,,good,population_not_loaded,area_not_loaded
430583,1,1,0,0,100.0,0,,,,,,,,,,,,,,,,,,,,,,good,population_not_loaded,area_not_loaded
430585,1,1,0,0,100.0,0,,,,,,,,,,,,,,,,,,,,,,good,population_not_loaded,area_not_loaded
430587,1,1,0,0,100.0,0,,,,,,,,,,,,,,,,,,,,,,good,population_not_loaded,area_not_loaded
430590,3,3,0,0,100.0,0,,,,,,,,,,,,,,,,,,,,,,good,population_not_loaded,area_not_loaded
430593,1,1,0,0,100.0,0,,,,,,,,,,,,,,,,,,,,,,good,population_not_loaded,area_not_loaded
430595,2,1,1,1,50.0,1,,,,,,,,,,,,,,,,,,,,,,high_attention,population_not_loaded,area_not_loaded
430597,1,1,0,0,100.0,0,,,,,,,,,,,,,,,,,,,,,,good,population_not_loaded,area_not_loaded
430600,1,0,1,1,0.0,1,,,,,,,,,,,,,,,,,,,,,,high_attention,population_not_loaded,area_not_loaded
430605,3,3,0,0,100.0,0,,,,,,,,,,,,,,,,,,,,,,good,population_not_loaded,area_not_loaded
430607,2,2,0,0,100.0,0,,,,,,,,,,,,,,,,,,,,,,good,population_not_loaded,area_not_loaded
430610,24,24,0,0,100.0,0,,,,,,,,,,,,,,,,,,,,,,good,population_not_loaded,area_not_loaded
430613,2,1,1,1,50.0,1,,,,,,,,,,,,,,,,,,,,,,high_attention,population_not_loaded,area_not_loaded
430620,3,3,0,0,100.0,0,,,,,,,,,,,,,,,,,,,,,,good,population_not_loaded,area_not_loaded
430630,1,1,0,0,100.0,0,,,,,,,,,,,,,,,,,,,,,,good,population_not_loaded,area_not_loaded
430632,2,2,0,0,100.0,0,,,,,,,,,,,,,,,,,,,,,,good,population_not_loaded,area_not_loaded
430635,1,1,0,0,100.0,0,,,,,,,,,,,,,,,,,,,,,,good,population_not_loaded,area_not_loaded
430637,1,1,0,0,100.0,0,,,,,,,,,,,,,,,,,,,,,,good,population_not_loaded,area_not_loaded
430640,8,8,0,0,100.0,0,,,,,,,,,,,,,,,,,,,,,,good,population_not_loaded,area_not_loaded
430642,1,1,0,0,100.0,0,,,,,,,,,,,,,,,,,,,,,,good,population_not_loaded,area_not_loaded
430645,1,1,0,0,100.0,0,,,,,,,,,,,,,,,,,,,,,,good,population_not_loaded,area_not_loaded
430650,6,6,0,0,100.0,0,,,,,,,,,,,,,,,,,,,,,,good,population_not_loaded,area_not_loaded
430655,1,1,0,0,100.0,0,,,,,,,,,,,,,,,,,,,,,,good,population_not_loaded,area_not_loaded
430660,8,8,0,0,100.0,0,,,,,,,,,,,,,,,,,,,,,,good,population_not_loaded,area_not_loaded
430670,2,2,0,0,100.0,0,,,,,,,,,,,,,,,,,,,,,,good,population_not_loaded,area_not_loaded
430673,2,2,0,0,100.0,0,,,,,,,,,,,,,,,,,,,,,,good,population_not_loaded,area_not_loaded
430675,1,1,0,0,100.0,0,,,,,,,,,,,,,,,,,,,,,,good,population_not_loaded,area_not_loaded
430676,9,9,0,0,100.0,0,,,,,,,,,,,,,,,,,,,,,,good,population_not_loaded,area_not_loaded
430680,3,2,1,1,66.66666666666666,1,,,,,,,,,,,,,,,,,,,,,,high_attention,population_not_loaded,area_not_loaded
430690,6,6,0,0,100.0,0,,,,,,,,,,,,,,,,,,,,,,good,population_not_loaded,area_not_loaded
430692,2,1,1,1,50.0,1,,,,,,,,,,,,,,,,,,,,,,high_attention,population_not_loaded,area_not_loaded
430693,5,3,2,2,60.0,2,,,,,,,,,,,,,,,,,,,,,,high_attention,population_not_loaded,area_not_loaded
430695,1,1,0,0,100.0,0,,,,,,,,,,,,,,,,,,,,,,good,population_not_loaded,area_not_loaded
430697,1,1,0,0,100.0,0,,,,,,,,,,,,,,,,,,,,,,good,population_not_loaded,area_not_loaded
430700,13,13,0,0,100.0,0,,,,,,,,,,,,,,,,,,,,,,good,population_not_loaded,area_not_loaded
430710,3,3,0,0,100.0,0,,,,,,,,,,,,,,,,,,,,,,good,population_not_loaded,area_not_loaded
430720,1,1,0,0,100.0,0,,,,,,,,,,,,,,,,,,,,,,good,population_not_loaded,area_not_loaded
430730,3,3,0,0,100.0,0,,,,,,,,,,,,,,,,,,,,,,good,population_not_loaded,area_not_loaded
430740,1,1,0,0,100.0,0,,,,,,,,,,,,,,,,,,,,,,good,population_not_loaded,area_not_loaded
430745,1,1,0,0,100.0,0,,,,,,,,,,,,,,,,,,,,,,good,population_not_loaded,area_not_loaded
430750,4,4,0,0,100.0,0,,,,,,,,,,,,,,,,,,,,,,good,population_not_loaded,area_not_loaded
430755,2,2,0,0,100.0,0,,,,,,,,,,,,,,,,,,,,,,good,population_not_loaded,area_not_loaded
430760,10,10,0,0,100.0,0,,,,,,,,,,,,,,,,,,,,,,good,population_not_loaded,area_not_loaded
430770,16,15,1,1,93.75,1,,,,,,,,,,,,,,,,,,,,,,monitor,population_not_loaded,area_not_loaded
430780,8,8,0,0,100.0,0,,,,,,,,,,,,,,,,,,,,,,good,population_not_loaded,area_not_loaded
430781,1,1,0,0,100.0,0,,,,,,,,,,,,,,,,,,,,,,good,population_not_loaded,area_not_loaded
430783,1,1,0,0,100.0,0,,,,,,,,,,,,,,,,,,,,,,good,population_not_loaded,area_not_loaded
430786,1,1,0,0,100.0,0,,,,,,,,,,,,,,,,,,,,,,good,population_not_loaded,area_not_loaded
430790,19,15,4,4,78.94736842105263,4,,,,,,,,,,,,,,,,,,,,,,high_attention,population_not_loaded,area_not_loaded
430800,2,2,0,0,100.0,0,,,,,,,,,,,,,,,,,,,,,,good,population_not_loaded,area_not_loaded
430805,1,1,0,0,100.0,0,,,,,,,,,,,,,,,,,,,,,,good,population_not_loaded,area_not_loaded
430807,1,1,0,0,100.0,0,,,,,,,,,,,,,,,,,,,,,,good,population_not_loaded,area_not_loaded
430810,6,6,0,0,100.0,0,,,,,,,,,,,,,,,,,,,,,,good,population_not_loaded,area_not_loaded
430820,6,6,0,0,100.0,0,,,,,,,,,,,,,,,,,,,,,,good,population_not_loaded,area_not_loaded
430825,1,1,0,0,100.0,0,,,,,,,,,,,,,,,,,,,,,,good,population_not_loaded,area_not_loaded
430830,5,5,0,0,100.0,0,,,,,,,,,,,,,,,,,,,,,,good,population_not_loaded,area_not_loaded
430840,4,4,0,0,100.0,0,,,,,,,,,,,,,,,,,,,,,,good,population_not_loaded,area_not_loaded
430843,1,1,0,0,100.0,0,,,,,,,,,,,,,,,,,,,,,,good,population_not_loaded,area_not_loaded
430845,2,2,0,0,100.0,0,,,,,,,,,,,,,,,,,,,,,,good,population_not_loaded,area_not_loaded
430850,6,6,0,0,100.0,0,,,,,,,,,,,,,,,,,,,,,,good,population_not_loaded,area_not_loaded
430860,6,6,0,0,100.0,0,,,,,,,,,,,,,,,,,,,,,,good,population_not_loaded,area_not_loaded
430865,2,2,0,0,100.0,0,,,,,,,,,,,,,,,,,,,,,,good,population_not_loaded,area_not_loaded
430870,1,1,0,0,100.0,0,,,,,,,,,,,,,,,,,,,,,,good,population_not_loaded,area_not_loaded
430880,3,3,0,0,100.0,0,,,,,,,,,,,,,,,,,,,,,,good,population_not_loaded,area_not_loaded
430885,1,1,0,0,100.0,0,,,,,,,,,,,,,,,,,,,,,,good,population_not_loaded,area_not_loaded
430890,5,5,0,0,100.0,0,,,,,,,,,,,,,,,,,,,,,,good,population_not_loaded,area_not_loaded
430900,6,6,0,0,100.0,0,,,,,,,,,,,,,,,,,,,,,,good,population_not_loaded,area_not_loaded
430905,2,2,0,0,100.0,0,,,,,,,,,,,,,,,,,,,,,,good,population_not_loaded,area_not_loaded
430910,8,8,0,0,100.0,0,,,,,,,,,,,,,,,,,,,,,,good,population_not_loaded,area_not_loaded
430912,1,1,0,0,100.0,0,,,,,,,,,,,,,,,,,,,,,,good,population_not_loaded,area_not_loaded
430915,1,1,0,0,100.0,0,,,,,,,,,,,,,,,,,,,,,,good,population_not_loaded,area_not_loaded
430920,31,30,1,1,96.7741935483871,1,,,,,,,,,,,,,,,,,,,,,,good,population_not_loaded,area_not_loaded
430930,6,6,0,0,100.0,0,,,,,,,,,,,,,,,,,,,,,,good,population_not_loaded,area_not_loaded
430940,6,6,0,0,100.0,0,,,,,,,,,,,,,,,,,,,,,,good,population_not_loaded,area_not_loaded
430950,4,3,1,1,75.0,1,,,,,,,,,,,,,,,,,,,,,,high_attention,population_not_loaded,area_not_loaded
430955,1,1,0,0,100.0,0,,,,,,,,,,,,,,,,,,,,,,good,population_not_loaded,area_not_loaded
430957,1,1,0,0,100.0,0,,,,,,,,,,,,,,,,,,,,,,good,population_not_loaded,area_not_loaded
430960,6,6,0,0,100.0,0,,,,,,,,,,,,,,,,,,,,,,good,population_not_loaded,area_not_loaded
430965,1,1,0,0,100.0,0,,,,,,,,,,,,,,,,,,,,,,good,population_not_loaded,area_not_loaded
430970,3,3,0,0,100.0,0,,,,,,,,,,,,,,,,,,,,,,good,population_not_loaded,area_not_loaded
430975,2,2,0,0,100.0,0,,,,,,,,,,,,,,,,,,,,,,good,population_not_loaded,area_not_loaded
430980,1,1,0,0,100.0,0,,,,,,,,,,,,,,,,,,,,,,good,population_not_loaded,area_not_loaded
430995,1,1,0,0,100.0,0,,,,,,,,,,,,,,,,,,,,,,good,population_not_loaded,area_not_loaded
431000,7,7,0,0,100.0,0,,,,,,,,,,,,,,,,,,,,,,good,population_not_loaded,area_not_loaded
431010,13,12,1,1,92.3076923076923,1,,,,,,,,,,,,,,,,,,,,,,monitor,population_not_loaded,area_not_loaded
431020,25,22,3,3,88.0,3,,,,,,,,,,,,,,,,,,,,,,monitor,population_not_loaded,area_not_loaded
431030,1,1,0,0,100.0,0,,,,,,,,,,,,,,,,,,,,,,good,population_not_loaded,area_not_loaded
431033,8,8,0,0,100.0,0,,,,,,,,,,,,,,,,,,,,,,good,population_not_loaded,area_not_loaded
431036,1,1,0,0,100.0,0,,,,,,,,,,,,,,,,,,,,,,good,population_not_loaded,area_not_loaded
431040,2,2,0,0,100.0,0,,,,,,,,,,,,,,,,,,,,,,good,population_not_loaded,area_not_loaded
431041,2,2,0,0,100.0,0,,,,,,,,,,,,,,,,,,,,,,good,population_not_loaded,area_not_loaded
431043,2,2,0,0,100.0,0,,,,,,,,,,,,,,,,,,,,,,good,population_not_loaded,area_not_loaded
431046,1,1,0,0,100.0,0,,,,,,,,,,,,,,,,,,,,,,good,population_not_loaded,area_not_loaded
431050,2,2,0,0,100.0,0,,,,,,,,,,,,,,,,,,,,,,good,population_not_loaded,area_not_loaded
431053,2,2,0,0,100.0,0,,,,,,,,,,,,,,,,,,,,,,good,population_not_loaded,area_not_loaded
431055,1,1,0,0,100.0,0,,,,,,,,,,,,,,,,,,,,,,good,population_not_loaded,area_not_loaded
431060,15,12,3,3,80.0,3,,,,,,,,,,,,,,,,,,,,,,high_attention,population_not_loaded,area_not_loaded
431065,1,1,0,0,100.0,0,,,,,,,,,,,,,,,,,,,,,,good,population_not_loaded,area_not_loaded
431070,1,1,0,0,100.0,0,,,,,,,,,,,,,,,,,,,,,,good,population_not_loaded,area_not_loaded
431075,1,1,0,0,100.0,0,,,,,,,,,,,,,,,,,,,,,,good,population_not_loaded,area_not_loaded
431080,5,5,0,0,100.0,0,,,,,,,,,,,,,,,,,,,,,,good,population_not_loaded,area_not_loaded
431085,2,2,0,0,100.0,0,,,,,,,,,,,,,,,,,,,,,,good,population_not_loaded,area_not_loaded
431087,1,1,0,0,100.0,0,,,,,,,,,,,,,,,,,,,,,,good,population_not_loaded,area_not_loaded
431090,1,1,0,0,100.0,0,,,,,,,,,,,,,,,,,,,,,,good,population_not_loaded,area_not_loaded
431100,10,10,0,0,100.0,0,,,,,,,,,,,,,,,,,,,,,,good,population_not_loaded,area_not_loaded
431110,4,4,0,0,100.0,0,,,,,,,,,,,,,,,,,,,,,,good,population_not_loaded,area_not_loaded
431112,2,2,0,0,100.0,0,,,,,,,,,,,,,,,,,,,,,,good,population_not_loaded,area_not_loaded
431113,1,1,0,0,100.0,0,,,,,,,,,,,,,,,,,,,,,,good,population_not_loaded,area_not_loaded
431115,3,3,0,0,100.0,0,,,,,,,,,,,,,,,,,,,,,,good,population_not_loaded,area_not_loaded
431120,7,7,0,0,100.0,0,,,,,,,,,,,,,,,,,,,,,,good,population_not_loaded,area_not_loaded
431125,1,1,0,0,100.0,0,,,,,,,,,,,,,,,,,,,,,,good,population_not_loaded,area_not_loaded
431127,2,2,0,0,100.0,0,,,,,,,,,,,,,,,,,,,,,,good,population_not_loaded,area_not_loaded
431130,8,8,0,0,100.0,0,,,,,,,,,,,,,,,,,,,,,,good,population_not_loaded,area_not_loaded
431140,3,3,0,0,100.0,0,,,,,,,,,,,,,,,,,,,,,,good,population_not_loaded,area_not_loaded
431142,1,1,0,0,100.0,0,,,,,,,,,,,,,,,,,,,,,,good,population_not_loaded,area_not_loaded
431160,3,3,0,0,100.0,0,,,,,,,,,,,,,,,,,,,,,,good,population_not_loaded,area_not_loaded
431162,2,2,0,0,100.0,0,,,,,,,,,,,,,,,,,,,,,,good,population_not_loaded,area_not_loaded
431164,1,1,0,0,100.0,0,,,,,,,,,,,,,,,,,,,,,,good,population_not_loaded,area_not_loaded
431170,4,2,2,2,50.0,2,,,,,,,,,,,,,,,,,,,,,,high_attention,population_not_loaded,area_not_loaded
431171,5,4,1,1,80.0,1,,,,,,,,,,,,,,,,,,,,,,high_attention,population_not_loaded,area_not_loaded
431173,3,3,0,0,100.0,0,,,,,,,,,,,,,,,,,,,,,,good,population_not_loaded,area_not_loaded
431175,3,3,0,0,100.0,0,,,,,,,,,,,,,,,,,,,,,,good,population_not_loaded,area_not_loaded
431177,4,4,0,0,100.0,0,,,,,,,,,,,,,,,,,,,,,,good,population_not_loaded,area_not_loaded
431179,1,1,0,0,100.0,0,,,,,,,,,,,,,,,,,,,,,,good,population_not_loaded,area_not_loaded
431180,17,15,2,2,88.23529411764706,2,,,,,,,,,,,,,,,,,,,,,,monitor,population_not_loaded,area_not_loaded
431190,1,1,0,0,100.0,0,,,,,,,,,,,,,,,,,,,,,,good,population_not_loaded,area_not_loaded
431198,2,2,0,0,100.0,0,,,,,,,,,,,,,,,,,,,,,,good,population_not_loaded,area_not_loaded
431200,1,1,0,0,100.0,0,,,,,,,,,,,,,,,,,,,,,,good,population_not_loaded,area_not_loaded
431205,1,1,0,0,100.0,0,,,,,,,,,,,,,,,,,,,,,,good,population_not_loaded,area_not_loaded
431210,1,1,0,0,100.0,0,,,,,,,,,,,,,,,,,,,,,,good,population_not_loaded,area_not_loaded
431213,1,1,0,0,100.0,0,,,,,,,,,,,,,,,,,,,,,,good,population_not_loaded,area_not_loaded
431215,1,1,0,0,100.0,0,,,,,,,,,,,,,,,,,,,,,,good,population_not_loaded,area_not_loaded
431217,1,1,0,0,100.0,0,,,,,,,,,,,,,,,,,,,,,,good,population_not_loaded,area_not_loaded
431220,1,1,0,0,100.0,0,,,,,,,,,,,,,,,,,,,,,,good,population_not_loaded,area_not_loaded
431225,1,1,0,0,100.0,0,,,,,,,,,,,,,,,,,,,,,,good,population_not_loaded,area_not_loaded
431230,1,1,0,0,100.0,0,,,,,,,,,,,,,,,,,,,,,,good,population_not_loaded,area_not_loaded
431235,1,1,0,0,100.0,0,,,,,,,,,,,,,,,,,,,,,,good,population_not_loaded,area_not_loaded
431237,2,2,0,0,100.0,0,,,,,,,,,,,,,,,,,,,,,,good,population_not_loaded,area_not_loaded
431238,1,1,0,0,100.0,0,,,,,,,,,,,,,,,,,,,,,,good,population_not_loaded,area_not_loaded
431240,16,14,2,2,87.5,2,,,,,,,,,,,,,,,,,,,,,,monitor,population_not_loaded,area_not_loaded
431242,1,1,0,0,100.0,0,,,,,,,,,,,,,,,,,,,,,,good,population_not_loaded,area_not_loaded
431244,1,1,0,0,100.0,0,,,,,,,,,,,,,,,,,,,,,,good,population_not_loaded,area_not_loaded
431245,2,2,0,0,100.0,0,,,,,,,,,,,,,,,,,,,,,,good,population_not_loaded,area_not_loaded
431247,1,1,0,0,100.0,0,,,,,,,,,,,,,,,,,,,,,,good,population_not_loaded,area_not_loaded
431250,3,3,0,0,100.0,0,,,,,,,,,,,,,,,,,,,,,,good,population_not_loaded,area_not_loaded
431260,2,2,0,0,100.0,0,,,,,,,,,,,,,,,,,,,,,,good,population_not_loaded,area_not_loaded
431261,2,2,0,0,100.0,0,,,,,,,,,,,,,,,,,,,,,,good,population_not_loaded,area_not_loaded
431262,1,1,0,0,100.0,0,,,,,,,,,,,,,,,,,,,,,,good,population_not_loaded,area_not_loaded
431265,1,1,0,0,100.0,0,,,,,,,,,,,,,,,,,,,,,,good,population_not_loaded,area_not_loaded
431267,1,1,0,0,100.0,0,,,,,,,,,,,,,,,,,,,,,,good,population_not_loaded,area_not_loaded
431270,2,2,0,0,100.0,0,,,,,,,,,,,,,,,,,,,,,,good,population_not_loaded,area_not_loaded
431275,1,1,0,0,100.0,0,,,,,,,,,,,,,,,,,,,,,,good,population_not_loaded,area_not_loaded
431280,1,1,0,0,100.0,0,,,,,,,,,,,,,,,,,,,,,,good,population_not_loaded,area_not_loaded
431290,4,4,0,0,100.0,0,,,,,,,,,,,,,,,,,,,,,,good,population_not_loaded,area_not_loaded
431295,1,1,0,0,100.0,0,,,,,,,,,,,,,,,,,,,,,,good,population_not_loaded,area_not_loaded
431300,1,1,0,0,100.0,0,,,,,,,,,,,,,,,,,,,,,,good,population_not_loaded,area_not_loaded
431303,2,2,0,0,100.0,0,,,,,,,,,,,,,,,,,,,,,,good,population_not_loaded,area_not_loaded
431306,1,0,1,1,0.0,1,,,,,,,,,,,,,,,,,,,,,,high_attention,population_not_loaded,area_not_loaded
431308,1,1,0,0,100.0,0,,,,,,,,,,,,,,,,,,,,,,good,population_not_loaded,area_not_loaded
431310,5,5,0,0,100.0,0,,,,,,,,,,,,,,,,,,,,,,good,population_not_loaded,area_not_loaded
431320,8,8,0,0,100.0,0,,,,,,,,,,,,,,,,,,,,,,good,population_not_loaded,area_not_loaded
431330,2,2,0,0,100.0,0,,,,,,,,,,,,,,,,,,,,,,good,population_not_loaded,area_not_loaded
431333,2,2,0,0,100.0,0,,,,,,,,,,,,,,,,,,,,,,good,population_not_loaded,area_not_loaded
431335,1,1,0,0,100.0,0,,,,,,,,,,,,,,,,,,,,,,good,population_not_loaded,area_not_loaded
431337,7,7,0,0,100.0,0,,,,,,,,,,,,,,,,,,,,,,good,population_not_loaded,area_not_loaded
431339,2,2,0,0,100.0,0,,,,,,,,,,,,,,,,,,,,,,good,population_not_loaded,area_not_loaded
431340,9,9,0,0,100.0,0,,,,,,,,,,,,,,,,,,,,,,good,population_not_loaded,area_not_loaded
431342,2,2,0,0,100.0,0,,,,,,,,,,,,,,,,,,,,,,good,population_not_loaded,area_not_loaded
431344,1,1,0,0,100.0,0,,,,,,,,,,,,,,,,,,,,,,good,population_not_loaded,area_not_loaded
431346,1,1,0,0,100.0,0,,,,,,,,,,,,,,,,,,,,,,good,population_not_loaded,area_not_loaded
431349,1,1,0,0,100.0,0,,,,,,,,,,,,,,,,,,,,,,good,population_not_loaded,area_not_loaded
431350,8,8,0,0,100.0,0,,,,,,,,,,,,,,,,,,,,,,good,population_not_loaded,area_not_loaded
431360,1,1,0,0,100.0,0,,,,,,,,,,,,,,,,,,,,,,good,population_not_loaded,area_not_loaded
431365,5,5,0,0,100.0,0,,,,,,,,,,,,,,,,,,,,,,good,population_not_loaded,area_not_loaded
431370,14,13,1,1,92.85714285714286,1,,,,,,,,,,,,,,,,,,,,,,monitor,population_not_loaded,area_not_loaded
431380,3,3,0,0,100.0,0,,,,,,,,,,,,,,,,,,,,,,good,population_not_loaded,area_not_loaded
431390,13,13,0,0,100.0,0,,,,,,,,,,,,,,,,,,,,,,good,population_not_loaded,area_not_loaded
431395,5,5,0,0,100.0,0,,,,,,,,,,,,,,,,,,,,,,good,population_not_loaded,area_not_loaded
431400,2,1,1,1,50.0,1,,,,,,,,,,,,,,,,,,,,,,high_attention,population_not_loaded,area_not_loaded
431402,1,1,0,0,100.0,0,,,,,,,,,,,,,,,,,,,,,,good,population_not_loaded,area_not_loaded
431403,1,1,0,0,100.0,0,,,,,,,,,,,,,,,,,,,,,,good,population_not_loaded,area_not_loaded
431405,14,14,0,0,100.0,0,,,,,,,,,,,,,,,,,,,,,,good,population_not_loaded,area_not_loaded
431406,1,1,0,0,100.0,0,,,,,,,,,,,,,,,,,,,,,,good,population_not_loaded,area_not_loaded
431407,2,2,0,0,100.0,0,,,,,,,,,,,,,,,,,,,,,,good,population_not_loaded,area_not_loaded
431410,57,44,13,13,77.19298245614034,13,,,,,,,,,,,,,,,,,,,,,,high_attention,population_not_loaded,area_not_loaded
431413,1,1,0,0,100.0,0,,,,,,,,,,,,,,,,,,,,,,good,population_not_loaded,area_not_loaded
431417,1,1,0,0,100.0,0,,,,,,,,,,,,,,,,,,,,,,good,population_not_loaded,area_not_loaded
431420,1,1,0,0,100.0,0,,,,,,,,,,,,,,,,,,,,,,good,population_not_loaded,area_not_loaded
431430,1,1,0,0,100.0,0,,,,,,,,,,,,,,,,,,,,,,good,population_not_loaded,area_not_loaded
431440,54,53,1,1,98.14814814814815,1,,,,,,,,,,,,,,,,,,,,,,good,population_not_loaded,area_not_loaded
431442,1,1,0,0,100.0,0,,,,,,,,,,,,,,,,,,,,,,good,population_not_loaded,area_not_loaded
431445,1,1,0,0,100.0,0,,,,,,,,,,,,,,,,,,,,,,good,population_not_loaded,area_not_loaded
431446,1,1,0,0,100.0,0,,,,,,,,,,,,,,,,,,,,,,good,population_not_loaded,area_not_loaded
431447,3,2,1,1,66.66666666666666,1,,,,,,,,,,,,,,,,,,,,,,high_attention,population_not_loaded,area_not_loaded
431449,2,2,0,0,100.0,0,,,,,,,,,,,,,,,,,,,,,,good,population_not_loaded,area_not_loaded
431450,5,5,0,0,100.0,0,,,,,,,,,,,,,,,,,,,,,,good,population_not_loaded,area_not_loaded
431454,1,1,0,0,100.0,0,,,,,,,,,,,,,,,,,,,,,,good,population_not_loaded,area_not_loaded
431455,1,1,0,0,100.0,0,,,,,,,,,,,,,,,,,,,,,,good,population_not_loaded,area_not_loaded
431460,6,6,0,0,100.0,0,,,,,,,,,,,,,,,,,,,,,,good,population_not_loaded,area_not_loaded
431470,3,3,0,0,100.0,0,,,,,,,,,,,,,,,,,,,,,,good,population_not_loaded,area_not_loaded
431475,1,1,0,0,100.0,0,,,,,,,,,,,,,,,,,,,,,,good,population_not_loaded,area_not_loaded
431477,1,1,0,0,100.0,0,,,,,,,,,,,,,,,,,,,,,,good,population_not_loaded,area_not_loaded
431478,1,1,0,0,100.0,0,,,,,,,,,,,,,,,,,,,,,,good,population_not_loaded,area_not_loaded
431480,6,6,0,0,100.0,0,,,,,,,,,,,,,,,,,,,,,,good,population_not_loaded,area_not_loaded
431490,172,157,15,15,91.27906976744185,15,,,,,,,,,,,,,,,,,,,,,,monitor,population_not_loaded,area_not_loaded
431500,3,3,0,0,100.0,0,,,,,,,,,,,,,,,,,,,,,,good,population_not_loaded,area_not_loaded
431505,1,1,0,0,100.0,0,,,,,,,,,,,,,,,,,,,,,,good,population_not_loaded,area_not_loaded
431507,1,1,0,0,100.0,0,,,,,,,,,,,,,,,,,,,,,,good,population_not_loaded,area_not_loaded
431510,5,4,1,1,80.0,1,,,,,,,,,,,,,,,,,,,,,,high_attention,population_not_loaded,area_not_loaded
431513,1,1,0,0,100.0,0,,,,,,,,,,,,,,,,,,,,,,good,population_not_loaded,area_not_loaded
431514,1,1,0,0,100.0,0,,,,,,,,,,,,,,,,,,,,,,good,population_not_loaded,area_not_loaded
431515,2,2,0,0,100.0,0,,,,,,,,,,,,,,,,,,,,,,good,population_not_loaded,area_not_loaded
431517,1,1,0,0,100.0,0,,,,,,,,,,,,,,,,,,,,,,good,population_not_loaded,area_not_loaded
431520,1,1,0,0,100.0,0,,,,,,,,,,,,,,,,,,,,,,good,population_not_loaded,area_not_loaded
431530,8,8,0,0,100.0,0,,,,,,,,,,,,,,,,,,,,,,good,population_not_loaded,area_not_loaded
431531,1,1,0,0,100.0,0,,,,,,,,,,,,,,,,,,,,,,good,population_not_loaded,area_not_loaded
431532,2,1,1,1,50.0,1,,,,,,,,,,,,,,,,,,,,,,high_attention,population_not_loaded,area_not_loaded
431535,1,1,0,0,100.0,0,,,,,,,,,,,,,,,,,,,,,,good,population_not_loaded,area_not_loaded
431545,1,1,0,0,100.0,0,,,,,,,,,,,,,,,,,,,,,,good,population_not_loaded,area_not_loaded
431550,8,8,0,0,100.0,0,,,,,,,,,,,,,,,,,,,,,,good,population_not_loaded,area_not_loaded
431555,1,1,0,0,100.0,0,,,,,,,,,,,,,,,,,,,,,,good,population_not_loaded,area_not_loaded
431560,18,18,0,0,100.0,0,,,,,,,,,,,,,,,,,,,,,,good,population_not_loaded,area_not_loaded
431570,9,9,0,0,100.0,0,,,,,,,,,,,,,,,,,,,,,,good,population_not_loaded,area_not_loaded
431580,3,3,0,0,100.0,0,,,,,,,,,,,,,,,,,,,,,,good,population_not_loaded,area_not_loaded
431590,1,1,0,0,100.0,0,,,,,,,,,,,,,,,,,,,,,,good,population_not_loaded,area_not_loaded
431595,1,1,0,0,100.0,0,,,,,,,,,,,,,,,,,,,,,,good,population_not_loaded,area_not_loaded
431600,6,5,1,1,83.33333333333334,1,,,,,,,,,,,,,,,,,,,,,,monitor,population_not_loaded,area_not_loaded
431610,3,3,0,0,100.0,0,,,,,,,,,,,,,,,,,,,,,,good,population_not_loaded,area_not_loaded
431620,2,2,0,0,100.0,0,,,,,,,,,,,,,,,,,,,,,,good,population_not_loaded,area_not_loaded
431630,3,2,1,1,66.66666666666666,1,,,,,,,,,,,,,,,,,,,,,,high_attention,population_not_loaded,area_not_loaded
431640,11,11,0,0,100.0,0,,,,,,,,,,,,,,,,,,,,,,good,population_not_loaded,area_not_loaded
431642,2,2,0,0,100.0,0,,,,,,,,,,,,,,,,,,,,,,good,population_not_loaded,area_not_loaded
431643,1,1,0,0,100.0,0,,,,,,,,,,,,,,,,,,,,,,good,population_not_loaded,area_not_loaded
431645,4,4,0,0,100.0,0,,,,,,,,,,,,,,,,,,,,,,good,population_not_loaded,area_not_loaded
431647,1,1,0,0,100.0,0,,,,,,,,,,,,,,,,,,,,,,good,population_not_loaded,area_not_loaded
431650,2,2,0,0,100.0,0,,,,,,,,,,,,,,,,,,,,,,good,population_not_loaded,area_not_loaded
431670,2,2,0,0,100.0,0,,,,,,,,,,,,,,,,,,,,,,good,population_not_loaded,area_not_loaded
431673,1,1,0,0,100.0,0,,,,,,,,,,,,,,,,,,,,,,good,population_not_loaded,area_not_loaded
431675,2,2,0,0,100.0,0,,,,,,,,,,,,,,,,,,,,,,good,population_not_loaded,area_not_loaded
431680,43,43,0,0,100.0,0,,,,,,,,,,,,,,,,,,,,,,good,population_not_loaded,area_not_loaded
431690,43,43,0,0,100.0,0,,,,,,,,,,,,,,,,,,,,,,good,population_not_loaded,area_not_loaded
431697,2,2,0,0,100.0,0,,,,,,,,,,,,,,,,,,,,,,good,population_not_loaded,area_not_loaded
431700,2,2,0,0,100.0,0,,,,,,,,,,,,,,,,,,,,,,good,population_not_loaded,area_not_loaded
431710,15,13,2,2,86.66666666666667,2,,,,,,,,,,,,,,,,,,,,,,monitor,population_not_loaded,area_not_loaded
431720,22,22,0,0,100.0,0,,,,,,,,,,,,,,,,,,,,,,good,population_not_loaded,area_not_loaded
431725,2,1,1,1,50.0,1,,,,,,,,,,,,,,,,,,,,,,high_attention,population_not_loaded,area_not_loaded
431740,14,14,0,0,100.0,0,,,,,,,,,,,,,,,,,,,,,,good,population_not_loaded,area_not_loaded
431750,18,18,0,0,100.0,0,,,,,,,,,,,,,,,,,,,,,,good,population_not_loaded,area_not_loaded
431755,1,1,0,0,100.0,0,,,,,,,,,,,,,,,,,,,,,,good,population_not_loaded,area_not_loaded
431760,9,8,1,1,88.88888888888889,1,,,,,,,,,,,,,,,,,,,,,,monitor,population_not_loaded,area_not_loaded
431770,5,5,0,0,100.0,0,,,,,,,,,,,,,,,,,,,,,,good,population_not_loaded,area_not_loaded
431775,1,1,0,0,100.0,0,,,,,,,,,,,,,,,,,,,,,,good,population_not_loaded,area_not_loaded
431780,7,6,1,1,85.71428571428571,1,,,,,,,,,,,,,,,,,,,,,,monitor,population_not_loaded,area_not_loaded
431790,2,2,0,0,100.0,0,,,,,,,,,,,,,,,,,,,,,,good,population_not_loaded,area_not_loaded
431795,1,1,0,0,100.0,0,,,,,,,,,,,,,,,,,,,,,,good,population_not_loaded,area_not_loaded
431800,28,27,1,1,96.42857142857143,1,,,,,,,,,,,,,,,,,,,,,,good,population_not_loaded,area_not_loaded
431805,2,2,0,0,100.0,0,,,,,,,,,,,,,,,,,,,,,,good,population_not_loaded,area_not_loaded
431810,7,7,0,0,100.0,0,,,,,,,,,,,,,,,,,,,,,,good,population_not_loaded,area_not_loaded
431830,13,13,0,0,100.0,0,,,,,,,,,,,,,,,,,,,,,,good,population_not_loaded,area_not_loaded
431840,8,8,0,0,100.0,0,,,,,,,,,,,,,,,,,,,,,,good,population_not_loaded,area_not_loaded
431842,1,1,0,0,100.0,0,,,,,,,,,,,,,,,,,,,,,,good,population_not_loaded,area_not_loaded
431843,2,2,0,0,100.0,0,,,,,,,,,,,,,,,,,,,,,,good,population_not_loaded,area_not_loaded
431844,1,1,0,0,100.0,0,,,,,,,,,,,,,,,,,,,,,,good,population_not_loaded,area_not_loaded
431845,1,1,0,0,100.0,0,,,,,,,,,,,,,,,,,,,,,,good,population_not_loaded,area_not_loaded
431846,1,1,0,0,100.0,0,,,,,,,,,,,,,,,,,,,,,,good,population_not_loaded,area_not_loaded
431849,1,1,0,0,100.0,0,,,,,,,,,,,,,,,,,,,,,,good,population_not_loaded,area_not_loaded
431850,10,10,0,0,100.0,0,,,,,,,,,,,,,,,,,,,,,,good,population_not_loaded,area_not_loaded
431860,3,3,0,0,100.0,0,,,,,,,,,,,,,,,,,,,,,,good,population_not_loaded,area_not_loaded
431861,1,1,0,0,100.0,0,,,,,,,,,,,,,,,,,,,,,,good,population_not_loaded,area_not_loaded
431862,1,1,0,0,100.0,0,,,,,,,,,,,,,,,,,,,,,,good,population_not_loaded,area_not_loaded
431870,30,28,2,2,93.33333333333333,2,,,,,,,,,,,,,,,,,,,,,,monitor,population_not_loaded,area_not_loaded
431880,15,14,1,1,93.33333333333333,1,,,,,,,,,,,,,,,,,,,,,,monitor,population_not_loaded,area_not_loaded
431890,13,13,0,0,100.0,0,,,,,,,,,,,,,,,,,,,,,,good,population_not_loaded,area_not_loaded
431900,5,5,0,0,100.0,0,,,,,,,,,,,,,,,,,,,,,,good,population_not_loaded,area_not_loaded
431910,2,1,1,1,50.0,1,,,,,,,,,,,,,,,,,,,,,,high_attention,population_not_loaded,area_not_loaded
431912,1,1,0,0,100.0,0,,,,,,,,,,,,,,,,,,,,,,good,population_not_loaded,area_not_loaded
431915,4,4,0,0,100.0,0,,,,,,,,,,,,,,,,,,,,,,good,population_not_loaded,area_not_loaded
431920,3,3,0,0,100.0,0,,,,,,,,,,,,,,,,,,,,,,good,population_not_loaded,area_not_loaded
431930,2,2,0,0,100.0,0,,,,,,,,,,,,,,,,,,,,,,good,population_not_loaded,area_not_loaded
431935,1,1,0,0,100.0,0,,,,,,,,,,,,,,,,,,,,,,good,population_not_loaded,area_not_loaded
431936,1,1,0,0,100.0,0,,,,,,,,,,,,,,,,,,,,,,good,population_not_loaded,area_not_loaded
431937,1,1,0,0,100.0,0,,,,,,,,,,,,,,,,,,,,,,good,population_not_loaded,area_not_loaded
431940,7,7,0,0,100.0,0,,,,,,,,,,,,,,,,,,,,,,good,population_not_loaded,area_not_loaded
431950,6,6,0,0,100.0,0,,,,,,,,,,,,,,,,,,,,,,good,population_not_loaded,area_not_loaded
431960,11,9,2,2,81.81818181818183,2,,,,,,,,,,,,,,,,,,,,,,monitor,population_not_loaded,area_not_loaded
431970,1,1,0,0,100.0,0,,,,,,,,,,,,,,,,,,,,,,good,population_not_loaded,area_not_loaded
431973,1,1,0,0,100.0,0,,,,,,,,,,,,,,,,,,,,,,good,population_not_loaded,area_not_loaded
431975,1,1,0,0,100.0,0,,,,,,,,,,,,,,,,,,,,,,good,population_not_loaded,area_not_loaded
431980,5,5,0,0,100.0,0,,,,,,,,,,,,,,,,,,,,,,good,population_not_loaded,area_not_loaded
431990,20,20,0,0,100.0,0,,,,,,,,,,,,,,,,,,,,,,good,population_not_loaded,area_not_loaded
432000,28,27,1,1,96.42857142857143,1,,,,,,,,,,,,,,,,,,,,,,good,population_not_loaded,area_not_loaded
432010,6,6,0,0,100.0,0,,,,,,,,,,,,,,,,,,,,,,good,population_not_loaded,area_not_loaded
432020,5,5,0,0,100.0,0,,,,,,,,,,,,,,,,,,,,,,good,population_not_loaded,area_not_loaded
432023,1,1,0,0,100.0,0,,,,,,,,,,,,,,,,,,,,,,good,population_not_loaded,area_not_loaded
432026,3,3,0,0,100.0,0,,,,,,,,,,,,,,,,,,,,,,good,population_not_loaded,area_not_loaded
432030,2,2,0,0,100.0,0,,,,,,,,,,,,,,,,,,,,,,good,population_not_loaded,area_not_loaded
432032,1,1,0,0,100.0,0,,,,,,,,,,,,,,,,,,,,,,good,population_not_loaded,area_not_loaded
432035,1,1,0,0,100.0,0,,,,,,,,,,,,,,,,,,,,,,good,population_not_loaded,area_not_loaded
432040,5,5,0,0,100.0,0,,,,,,,,,,,,,,,,,,,,,,good,population_not_loaded,area_not_loaded
432045,1,1,0,0,100.0,0,,,,,,,,,,,,,,,,,,,,,,good,population_not_loaded,area_not_loaded
432055,3,3,0,0,100.0,0,,,,,,,,,,,,,,,,,,,,,,good,population_not_loaded,area_not_loaded
432057,1,1,0,0,100.0,0,,,,,,,,,,,,,,,,,,,,,,good,population_not_loaded,area_not_loaded
432060,3,1,2,2,33.33333333333333,2,,,,,,,,,,,,,,,,,,,,,,high_attention,population_not_loaded,area_not_loaded
432065,2,2,0,0,100.0,0,,,,,,,,,,,,,,,,,,,,,,good,population_not_loaded,area_not_loaded
432067,2,2,0,0,100.0,0,,,,,,,,,,,,,,,,,,,,,,good,population_not_loaded,area_not_loaded
432070,6,6,0,0,100.0,0,,,,,,,,,,,,,,,,,,,,,,good,population_not_loaded,area_not_loaded
432080,15,15,0,0,100.0,0,,,,,,,,,,,,,,,,,,,,,,good,population_not_loaded,area_not_loaded
432085,1,1,0,0,100.0,0,,,,,,,,,,,,,,,,,,,,,,good,population_not_loaded,area_not_loaded
432100,4,4,0,0,100.0,0,,,,,,,,,,,,,,,,,,,,,,good,population_not_loaded,area_not_loaded
432110,6,5,1,1,83.33333333333334,1,,,,,,,,,,,,,,,,,,,,,,monitor,population_not_loaded,area_not_loaded
432120,9,9,0,0,100.0,0,,,,,,,,,,,,,,,,,,,,,,good,population_not_loaded,area_not_loaded
432130,3,3,0,0,100.0,0,,,,,,,,,,,,,,,,,,,,,,good,population_not_loaded,area_not_loaded
432132,1,1,0,0,100.0,0,,,,,,,,,,,,,,,,,,,,,,good,population_not_loaded,area_not_loaded
432140,7,7,0,0,100.0,0,,,,,,,,,,,,,,,,,,,,,,good,population_not_loaded,area_not_loaded
432143,6,6,0,0,100.0,0,,,,,,,,,,,,,,,,,,,,,,good,population_not_loaded,area_not_loaded
432145,9,9,0,0,100.0,0,,,,,,,,,,,,,,,,,,,,,,good,population_not_loaded,area_not_loaded
432146,1,1,0,0,100.0,0,,,,,,,,,,,,,,,,,,,,,,good,population_not_loaded,area_not_loaded
432147,2,2,0,0,100.0,0,,,,,,,,,,,,,,,,,,,,,,good,population_not_loaded,area_not_loaded
432149,1,1,0,0,100.0,0,,,,,,,,,,,,,,,,,,,,,,good,population_not_loaded,area_not_loaded
432150,12,12,0,0,100.0,0,,,,,,,,,,,,,,,,,,,,,,good,population_not_loaded,area_not_loaded
432160,11,11,0,0,100.0,0,,,,,,,,,,,,,,,,,,,,,,good,population_not_loaded,area_not_loaded
432162,1,1,0,0,100.0,0,,,,,,,,,,,,,,,,,,,,,,good,population_not_loaded,area_not_loaded
432163,2,2,0,0,100.0,0,,,,,,,,,,,,,,,,,,,,,,good,population_not_loaded,area_not_loaded
432166,4,4,0,0,100.0,0,,,,,,,,,,,,,,,,,,,,,,good,population_not_loaded,area_not_loaded
432180,11,11,0,0,100.0,0,,,,,,,,,,,,,,,,,,,,,,good,population_not_loaded,area_not_loaded
432185,1,1,0,0,100.0,0,,,,,,,,,,,,,,,,,,,,,,good,population_not_loaded,area_not_loaded
432190,3,1,2,2,33.33333333333333,2,,,,,,,,,,,,,,,,,,,,,,high_attention,population_not_loaded,area_not_loaded
432195,2,2,0,0,100.0,0,,,,,,,,,,,,,,,,,,,,,,good,population_not_loaded,area_not_loaded
432200,10,9,1,1,90.0,1,,,,,,,,,,,,,,,,,,,,,,monitor,population_not_loaded,area_not_loaded
432215,1,1,0,0,100.0,0,,,,,,,,,,,,,,,,,,,,,,good,population_not_loaded,area_not_loaded
432220,5,5,0,0,100.0,0,,,,,,,,,,,,,,,,,,,,,,good,population_not_loaded,area_not_loaded
432225,1,1,0,0,100.0,0,,,,,,,,,,,,,,,,,,,,,,good,population_not_loaded,area_not_loaded
432230,2,2,0,0,100.0,0,,,,,,,,,,,,,,,,,,,,,,good,population_not_loaded,area_not_loaded
432232,2,2,0,0,100.0,0,,,,,,,,,,,,,,,,,,,,,,good,population_not_loaded,area_not_loaded
432234,1,1,0,0,100.0,0,,,,,,,,,,,,,,,,,,,,,,good,population_not_loaded,area_not_loaded
432235,1,1,0,0,100.0,0,,,,,,,,,,,,,,,,,,,,,,good,population_not_loaded,area_not_loaded
432237,1,1,0,0,100.0,0,,,,,,,,,,,,,,,,,,,,,,good,population_not_loaded,area_not_loaded
432240,25,22,3,3,88.0,3,,,,,,,,,,,,,,,,,,,,,,monitor,population_not_loaded,area_not_loaded
432250,18,17,1,1,94.44444444444444,1,,,,,,,,,,,,,,,,,,,,,,monitor,population_not_loaded,area_not_loaded
432253,3,3,0,0,100.0,0,,,,,,,,,,,,,,,,,,,,,,good,population_not_loaded,area_not_loaded
432254,2,2,0,0,100.0,0,,,,,,,,,,,,,,,,,,,,,,good,population_not_loaded,area_not_loaded
432255,1,1,0,0,100.0,0,,,,,,,,,,,,,,,,,,,,,,good,population_not_loaded,area_not_loaded
432260,18,18,0,0,100.0,0,,,,,,,,,,,,,,,,,,,,,,good,population_not_loaded,area_not_loaded
432270,2,1,1,1,50.0,1,,,,,,,,,,,,,,,,,,,,,,high_attention,population_not_loaded,area_not_loaded
432280,6,6,0,0,100.0,0,,,,,,,,,,,,,,,,,,,,,,good,population_not_loaded,area_not_loaded
432285,1,1,0,0,100.0,0,,,,,,,,,,,,,,,,,,,,,,good,population_not_loaded,area_not_loaded
432290,1,1,0,0,100.0,0,,,,,,,,,,,,,,,,,,,,,,good,population_not_loaded,area_not_loaded
432300,24,22,2,2,91.66666666666666,2,,,,,,,,,,,,,,,,,,,,,,monitor,population_not_loaded,area_not_loaded
432310,1,1,0,0,100.0,0,,,,,,,,,,,,,,,,,,,,,,good,population_not_loaded,area_not_loaded
432320,2,2,0,0,100.0,0,,,,,,,,,,,,,,,,,,,,,,good,population_not_loaded,area_not_loaded
432330,2,2,0,0,100.0,0,,,,,,,,,,,,,,,,,,,,,,good,population_not_loaded,area_not_loaded
432335,1,1,0,0,100.0,0,,,,,,,,,,,,,,,,,,,,,,good,population_not_loaded,area_not_loaded
432345,1,1,0,0,100.0,0,,,,,,,,,,,,,,,,,,,,,,good,population_not_loaded,area_not_loaded
432350,1,1,0,0,100.0,0,,,,,,,,,,,,,,,,,,,,,,good,population_not_loaded,area_not_loaded
432360,1,1,0,0,100.0,0,,,,,,,,,,,,,,,,,,,,,,good,population_not_loaded,area_not_loaded
432370,1,1,0,0,100.0,0,,,,,,,,,,,,,,,,,,,,,,good,population_not_loaded,area_not_loaded
432375,1,1,0,0,100.0,0,,,,,,,,,,,,,,,,,,,,,,good,population_not_loaded,area_not_loaded
432377,1,1,0,0,100.0,0,,,,,,,,,,,,,,,,,,,,,,good,population_not_loaded,area_not_loaded
432380,5,5,0,0,100.0,0,,,,,,,,,,,,,,,,,,,,,,good,population_not_loaded,area_not_loaded
500020,5,4,1,1,80.0,1,,,,,,,,,,,,,,,,,,,,,,high_attention,population_not_loaded,area_not_loaded
500025,2,2,0,0,100.0,0,,,,,,,,,,,,,,,,,,,,,,good,population_not_loaded,area_not_loaded
500060,10,10,0,0,100.0,0,,,,,,,,,,,,,,,,,,,,,,good,population_not_loaded,area_not_loaded
500070,10,10,0,0,100.0,0,,,,,,,,,,,,,,,,,,,,,,good,population_not_loaded,area_not_loaded
500080,4,4,0,0,100.0,0,,,,,,,,,,,,,,,,,,,,,,good,population_not_loaded,area_not_loaded
500085,4,4,0,0,100.0,0,,,,,,,,,,,,,,,,,,,,,,good,population_not_loaded,area_not_loaded
500090,3,3,0,0,100.0,0,,,,,,,,,,,,,,,,,,,,,,good,population_not_loaded,area_not_loaded
500100,7,7,0,0,100.0,0,,,,,,,,,,,,,,,,,,,,,,good,population_not_loaded,area_not_loaded
500110,15,15,0,0,100.0,0,,,,,,,,,,,,,,,,,,,,,,good,population_not_loaded,area_not_loaded
500124,5,5,0,0,100.0,0,,,,,,,,,,,,,,,,,,,,,,good,population_not_loaded,area_not_loaded
500150,5,3,2,2,60.0,2,,,,,,,,,,,,,,,,,,,,,,high_attention,population_not_loaded,area_not_loaded
500190,11,10,1,1,90.9090909090909,1,,,,,,,,,,,,,,,,,,,,,,monitor,population_not_loaded,area_not_loaded
500200,5,5,0,0,100.0,0,,,,,,,,,,,,,,,,,,,,,,good,population_not_loaded,area_not_loaded
500210,8,8,0,0,100.0,0,,,,,,,,,,,,,,,,,,,,,,good,population_not_loaded,area_not_loaded
500215,4,4,0,0,100.0,0,,,,,,,,,,,,,,,,,,,,,,good,population_not_loaded,area_not_loaded
500220,6,6,0,0,100.0,0,,,,,,,,,,,,,,,,,,,,,,good,population_not_loaded,area_not_loaded
500230,7,7,0,0,100.0,0,,,,,,,,,,,,,,,,,,,,,,good,population_not_loaded,area_not_loaded
500240,7,7,0,0,100.0,0,,,,,,,,,,,,,,,,,,,,,,good,population_not_loaded,area_not_loaded
500260,10,9,1,1,90.0,1,,,,,,,,,,,,,,,,,,,,,,monitor,population_not_loaded,area_not_loaded
500270,82,82,0,0,100.0,0,,,,,,,,,,,,,,,,,,,,,,good,population_not_loaded,area_not_loaded
500280,3,3,0,0,100.0,0,,,,,,,,,,,,,,,,,,,,,,good,population_not_loaded,area_not_loaded
500290,15,13,2,2,86.66666666666667,2,,,,,,,,,,,,,,,,,,,,,,monitor,population_not_loaded,area_not_loaded
500295,9,9,0,0,100.0,0,,,,,,,,,,,,,,,,,,,,,,good,population_not_loaded,area_not_loaded
500310,4,4,0,0,100.0,0,,,,,,,,,,,,,,,,,,,,,,good,population_not_loaded,area_not_loaded
500315,4,4,0,0,100.0,0,,,,,,,,,,,,,,,,,,,,,,good,population_not_loaded,area_not_loaded
500320,28,26,2,2,92.85714285714286,2,,,,,,,,,,,,,,,,,,,,,,monitor,population_not_loaded,area_not_loaded
500325,7,6,1,1,85.71428571428571,1,,,,,,,,,,,,,,,,,,,,,,monitor,population_not_loaded,area_not_loaded
500330,12,11,1,1,91.66666666666666,1,,,,,,,,,,,,,,,,,,,,,,monitor,population_not_loaded,area_not_loaded
500345,8,7,1,1,87.5,1,,,,,,,,,,,,,,,,,,,,,,monitor,population_not_loaded,area_not_loaded
500348,5,5,0,0,100.0,0,,,,,,,,,,,,,,,,,,,,,,good,population_not_loaded,area_not_loaded
500350,2,2,0,0,100.0,0,,,,,,,,,,,,,,,,,,,,,,good,population_not_loaded,area_not_loaded
500370,38,35,3,3,92.10526315789474,3,,,,,,,,,,,,,,,,,,,,,,monitor,population_not_loaded,area_not_loaded
500375,5,5,0,0,100.0,0,,,,,,,,,,,,,,,,,,,,,,good,population_not_loaded,area_not_loaded
500380,8,7,1,1,87.5,1,,,,,,,,,,,,,,,,,,,,,,monitor,population_not_loaded,area_not_loaded
500390,2,1,1,1,50.0,1,,,,,,,,,,,,,,,,,,,,,,high_attention,population_not_loaded,area_not_loaded
500400,6,6,0,0,100.0,0,,,,,,,,,,,,,,,,,,,,,,good,population_not_loaded,area_not_loaded
500410,2,2,0,0,100.0,0,,,,,,,,,,,,,,,,,,,,,,good,population_not_loaded,area_not_loaded
500430,5,5,0,0,100.0,0,,,,,,,,,,,,,,,,,,,,,,good,population_not_loaded,area_not_loaded
500440,6,6,0,0,100.0,0,,,,,,,,,,,,,,,,,,,,,,good,population_not_loaded,area_not_loaded
500450,9,8,1,1,88.88888888888889,1,,,,,,,,,,,,,,,,,,,,,,monitor,population_not_loaded,area_not_loaded
500460,9,9,0,0,100.0,0,,,,,,,,,,,,,,,,,,,,,,good,population_not_loaded,area_not_loaded
500470,9,9,0,0,100.0,0,,,,,,,,,,,,,,,,,,,,,,good,population_not_loaded,area_not_loaded
500480,6,5,1,1,83.33333333333334,1,,,,,,,,,,,,,,,,,,,,,,monitor,population_not_loaded,area_not_loaded
500490,2,2,0,0,100.0,0,,,,,,,,,,,,,,,,,,,,,,good,population_not_loaded,area_not_loaded
500500,12,10,2,2,83.33333333333334,2,,,,,,,,,,,,,,,,,,,,,,monitor,population_not_loaded,area_not_loaded
500510,4,4,0,0,100.0,0,,,,,,,,,,,,,,,,,,,,,,good,population_not_loaded,area_not_loaded
500515,2,2,0,0,100.0,0,,,,,,,,,,,,,,,,,,,,,,good,population_not_loaded,area_not_loaded
500520,6,6,0,0,100.0,0,,,,,,,,,,,,,,,,,,,,,,good,population_not_loaded,area_not_loaded
500525,5,5,0,0,100.0,0,,,,,,,,,,,,,,,,,,,,,,good,population_not_loaded,area_not_loaded
500540,16,15,1,1,93.75,1,,,,,,,,,,,,,,,,,,,,,,monitor,population_not_loaded,area_not_loaded
500560,11,10,1,1,90.9090909090909,1,,,,,,,,,,,,,,,,,,,,,,monitor,population_not_loaded,area_not_loaded
500568,5,5,0,0,100.0,0,,,,,,,,,,,,,,,,,,,,,,good,population_not_loaded,area_not_loaded
500570,16,16,0,0,100.0,0,,,,,,,,,,,,,,,,,,,,,,good,population_not_loaded,area_not_loaded
500580,5,5,0,0,100.0,0,,,,,,,,,,,,,,,,,,,,,,good,population_not_loaded,area_not_loaded
500600,7,7,0,0,100.0,0,,,,,,,,,,,,,,,,,,,,,,good,population_not_loaded,area_not_loaded
500620,14,13,1,1,92.85714285714286,1,,,,,,,,,,,,,,,,,,,,,,monitor,population_not_loaded,area_not_loaded
500625,3,3,0,0,100.0,0,,,,,,,,,,,,,,,,,,,,,,good,population_not_loaded,area_not_loaded
500627,4,4,0,0,100.0,0,,,,,,,,,,,,,,,,,,,,,,good,population_not_loaded,area_not_loaded
500630,15,15,0,0,100.0,0,,,,,,,,,,,,,,,,,,,,,,good,population_not_loaded,area_not_loaded
500635,4,4,0,0,100.0,0,,,,,,,,,,,,,,,,,,,,,,good,population_not_loaded,area_not_loaded
500640,5,4,1,1,80.0,1,,,,,,,,,,,,,,,,,,,,,,high_attention,population_not_loaded,area_not_loaded
500660,24,24,0,0,100.0,0,,,,,,,,,,,,,,,,,,,,,,good,population_not_loaded,area_not_loaded
500690,7,4,3,3,57.14285714285714,3,,,,,,,,,,,,,,,,,,,,,,high_attention,population_not_loaded,area_not_loaded
500710,8,8,0,0,100.0,0,,,,,,,,,,,,,,,,,,,,,,good,population_not_loaded,area_not_loaded
500720,13,13,0,0,100.0,0,,,,,,,,,,,,,,,,,,,,,,good,population_not_loaded,area_not_loaded
500730,5,3,2,2,60.0,2,,,,,,,,,,,,,,,,,,,,,,high_attention,population_not_loaded,area_not_loaded
500740,12,12,0,0,100.0,0,,,,,,,,,,,,,,,,,,,,,,good,population_not_loaded,area_not_loaded
500750,2,2,0,0,100.0,0,,,,,,,,,,,,,,,,,,,,,,good,population_not_loaded,area_not_loaded
500755,2,1,1,1,50.0,1,,,,,,,,,,,,,,,,,,,,,,high_attention,population_not_loaded,area_not_loaded
500769,14,13,1,1,92.85714285714286,1,,,,,,,,,,,,,,,,,,,,,,monitor,population_not_loaded,area_not_loaded
500770,5,5,0,0,100.0,0,,,,,,,,,,,,,,,,,,,,,,good,population_not_loaded,area_not_loaded
500780,4,4,0,0,100.0,0,,,,,,,,,,,,,,,,,,,,,,good,population_not_loaded,area_not_loaded
500790,15,15,0,0,100.0,0,,,,,,,,,,,,,,,,,,,,,,good,population_not_loaded,area_not_loaded
500793,7,7,0,0,100.0,0,,,,,,,,,,,,,,,,,,,,,,good,population_not_loaded,area_not_loaded
500795,3,2,1,1,66.66666666666666,1,,,,,,,,,,,,,,,,,,,,,,high_attention,population_not_loaded,area_not_loaded
500797,2,2,0,0,100.0,0,,,,,,,,,,,,,,,,,,,,,,good,population_not_loaded,area_not_loaded
500830,20,20,0,0,100.0,0,,,,,,,,,,,,,,,,,,,,,,good,population_not_loaded,area_not_loaded
500840,4,4,0,0,100.0,0,,,,,,,,,,,,,,,,,,,,,,good,population_not_loaded,area_not_loaded
510010,1,1,0,0,100.0,0,,,,,,,,,,,,,,,,,,,,,,good,population_not_loaded,area_not_loaded
510020,16,16,0,0,100.0,0,,,,,,,,,,,,,,,,,,,,,,good,population_not_loaded,area_not_loaded
510025,19,19,0,0,100.0,0,,,,,,,,,,,,,,,,,,,,,,good,population_not_loaded,area_not_loaded
510030,8,8,0,0,100.0,0,,,,,,,,,,,,,,,,,,,,,,good,population_not_loaded,area_not_loaded
510035,3,3,0,0,100.0,0,,,,,,,,,,,,,,,,,,,,,,good,population_not_loaded,area_not_loaded
510040,4,4,0,0,100.0,0,,,,,,,,,,,,,,,,,,,,,,good,population_not_loaded,area_not_loaded
510050,5,5,0,0,100.0,0,,,,,,,,,,,,,,,,,,,,,,good,population_not_loaded,area_not_loaded
510060,4,4,0,0,100.0,0,,,,,,,,,,,,,,,,,,,,,,good,population_not_loaded,area_not_loaded
510080,4,4,0,0,100.0,0,,,,,,,,,,,,,,,,,,,,,,good,population_not_loaded,area_not_loaded
510100,2,1,1,1,50.0,1,,,,,,,,,,,,,,,,,,,,,,high_attention,population_not_loaded,area_not_loaded
510120,1,1,0,0,100.0,0,,,,,,,,,,,,,,,,,,,,,,good,population_not_loaded,area_not_loaded
510125,5,5,0,0,100.0,0,,,,,,,,,,,,,,,,,,,,,,good,population_not_loaded,area_not_loaded
510130,5,5,0,0,100.0,0,,,,,,,,,,,,,,,,,,,,,,good,population_not_loaded,area_not_loaded
510140,6,6,0,0,100.0,0,,,,,,,,,,,,,,,,,,,,,,good,population_not_loaded,area_not_loaded
510160,3,3,0,0,100.0,0,,,,,,,,,,,,,,,,,,,,,,good,population_not_loaded,area_not_loaded
510170,11,11,0,0,100.0,0,,,,,,,,,,,,,,,,,,,,,,good,population_not_loaded,area_not_loaded
510180,23,21,2,2,91.30434782608695,2,,,,,,,,,,,,,,,,,,,,,,monitor,population_not_loaded,area_not_loaded
510183,3,3,0,0,100.0,0,,,,,,,,,,,,,,,,,,,,,,good,population_not_loaded,area_not_loaded
510185,4,4,0,0,100.0,0,,,,,,,,,,,,,,,,,,,,,,good,population_not_loaded,area_not_loaded
510190,8,7,1,1,87.5,1,,,,,,,,,,,,,,,,,,,,,,monitor,population_not_loaded,area_not_loaded
510250,25,22,3,3,88.0,3,,,,,,,,,,,,,,,,,,,,,,monitor,population_not_loaded,area_not_loaded
510260,3,3,0,0,100.0,0,,,,,,,,,,,,,,,,,,,,,,good,population_not_loaded,area_not_loaded
510263,12,12,0,0,100.0,0,,,,,,,,,,,,,,,,,,,,,,good,population_not_loaded,area_not_loaded
510267,17,17,0,0,100.0,0,,,,,,,,,,,,,,,,,,,,,,good,population_not_loaded,area_not_loaded
510268,3,3,0,0,100.0,0,,,,,,,,,,,,,,,,,,,,,,good,population_not_loaded,area_not_loaded
510269,2,2,0,0,100.0,0,,,,,,,,,,,,,,,,,,,,,,good,population_not_loaded,area_not_loaded
510270,8,8,0,0,100.0,0,,,,,,,,,,,,,,,,,,,,,,good,population_not_loaded,area_not_loaded
510279,6,6,0,0,100.0,0,,,,,,,,,,,,,,,,,,,,,,good,population_not_loaded,area_not_loaded
510285,3,3,0,0,100.0,0,,,,,,,,,,,,,,,,,,,,,,good,population_not_loaded,area_not_loaded
510300,11,11,0,0,100.0,0,,,,,,,,,,,,,,,,,,,,,,good,population_not_loaded,area_not_loaded
510305,5,5,0,0,100.0,0,,,,,,,,,,,,,,,,,,,,,,good,population_not_loaded,area_not_loaded
510310,3,3,0,0,100.0,0,,,,,,,,,,,,,,,,,,,,,,good,population_not_loaded,area_not_loaded
510320,10,10,0,0,100.0,0,,,,,,,,,,,,,,,,,,,,,,good,population_not_loaded,area_not_loaded
510325,9,8,1,1,88.88888888888889,1,,,,,,,,,,,,,,,,,,,,,,monitor,population_not_loaded,area_not_loaded
510330,6,6,0,0,100.0,0,,,,,,,,,,,,,,,,,,,,,,good,population_not_loaded,area_not_loaded
510335,9,9,0,0,100.0,0,,,,,,,,,,,,,,,,,,,,,,good,population_not_loaded,area_not_loaded
510336,2,2,0,0,100.0,0,,,,,,,,,,,,,,,,,,,,,,good,population_not_loaded,area_not_loaded
510337,6,6,0,0,100.0,0,,,,,,,,,,,,,,,,,,,,,,good,population_not_loaded,area_not_loaded
510340,100,97,3,3,97.0,3,,,,,,,,,,,,,,,,,,,,,,good,population_not_loaded,area_not_loaded
510343,2,2,0,0,100.0,0,,,,,,,,,,,,,,,,,,,,,,good,population_not_loaded,area_not_loaded
510345,3,3,0,0,100.0,0,,,,,,,,,,,,,,,,,,,,,,good,population_not_loaded,area_not_loaded
510350,12,12,0,0,100.0,0,,,,,,,,,,,,,,,,,,,,,,good,population_not_loaded,area_not_loaded
510360,5,5,0,0,100.0,0,,,,,,,,,,,,,,,,,,,,,,good,population_not_loaded,area_not_loaded
510370,5,4,1,1,80.0,1,,,,,,,,,,,,,,,,,,,,,,high_attention,population_not_loaded,area_not_loaded
510380,1,1,0,0,100.0,0,,,,,,,,,,,,,,,,,,,,,,good,population_not_loaded,area_not_loaded
510385,2,2,0,0,100.0,0,,,,,,,,,,,,,,,,,,,,,,good,population_not_loaded,area_not_loaded
510390,4,3,1,1,75.0,1,,,,,,,,,,,,,,,,,,,,,,high_attention,population_not_loaded,area_not_loaded
510395,2,2,0,0,100.0,0,,,,,,,,,,,,,,,,,,,,,,good,population_not_loaded,area_not_loaded
510410,11,11,0,0,100.0,0,,,,,,,,,,,,,,,,,,,,,,good,population_not_loaded,area_not_loaded
510420,6,6,0,0,100.0,0,,,,,,,,,,,,,,,,,,,,,,good,population_not_loaded,area_not_loaded
510450,1,1,0,0,100.0,0,,,,,,,,,,,,,,,,,,,,,,good,population_not_loaded,area_not_loaded
510452,2,2,0,0,100.0,0,,,,,,,,,,,,,,,,,,,,,,good,population_not_loaded,area_not_loaded
510454,3,3,0,0,100.0,0,,,,,,,,,,,,,,,,,,,,,,good,population_not_loaded,area_not_loaded
510455,2,2,0,0,100.0,0,,,,,,,,,,,,,,,,,,,,,,good,population_not_loaded,area_not_loaded
510460,5,5,0,0,100.0,0,,,,,,,,,,,,,,,,,,,,,,good,population_not_loaded,area_not_loaded
510480,8,8,0,0,100.0,0,,,,,,,,,,,,,,,,,,,,,,good,population_not_loaded,area_not_loaded
510490,5,5,0,0,100.0,0,,,,,,,,,,,,,,,,,,,,,,good,population_not_loaded,area_not_loaded
510500,4,4,0,0,100.0,0,,,,,,,,,,,,,,,,,,,,,,good,population_not_loaded,area_not_loaded
510510,11,11,0,0,100.0,0,,,,,,,,,,,,,,,,,,,,,,good,population_not_loaded,area_not_loaded
510515,16,16,0,0,100.0,0,,,,,,,,,,,,,,,,,,,,,,good,population_not_loaded,area_not_loaded
510517,4,4,0,0,100.0,0,,,,,,,,,,,,,,,,,,,,,,good,population_not_loaded,area_not_loaded
510520,5,5,0,0,100.0,0,,,,,,,,,,,,,,,,,,,,,,good,population_not_loaded,area_not_loaded
510523,2,2,0,0,100.0,0,,,,,,,,,,,,,,,,,,,,,,good,population_not_loaded,area_not_loaded
510525,22,22,0,0,100.0,0,,,,,,,,,,,,,,,,,,,,,,good,population_not_loaded,area_not_loaded
510530,2,2,0,0,100.0,0,,,,,,,,,,,,,,,,,,,,,,good,population_not_loaded,area_not_loaded
510550,9,9,0,0,100.0,0,,,,,,,,,,,,,,,,,,,,,,good,population_not_loaded,area_not_loaded
510558,4,4,0,0,100.0,0,,,,,,,,,,,,,,,,,,,,,,good,population_not_loaded,area_not_loaded
510560,7,7,0,0,100.0,0,,,,,,,,,,,,,,,,,,,,,,good,population_not_loaded,area_not_loaded
510562,8,8,0,0,100.0,0,,,,,,,,,,,,,,,,,,,,,,good,population_not_loaded,area_not_loaded
510590,7,6,1,1,85.71428571428571,1,,,,,,,,,,,,,,,,,,,,,,monitor,population_not_loaded,area_not_loaded
510600,4,4,0,0,100.0,0,,,,,,,,,,,,,,,,,,,,,,good,population_not_loaded,area_not_loaded
510610,3,3,0,0,100.0,0,,,,,,,,,,,,,,,,,,,,,,good,population_not_loaded,area_not_loaded
510615,7,7,0,0,100.0,0,,,,,,,,,,,,,,,,,,,,,,good,population_not_loaded,area_not_loaded
510617,3,3,0,0,100.0,0,,,,,,,,,,,,,,,,,,,,,,good,population_not_loaded,area_not_loaded
510618,3,3,0,0,100.0,0,,,,,,,,,,,,,,,,,,,,,,good,population_not_loaded,area_not_loaded
510619,1,1,0,0,100.0,0,,,,,,,,,,,,,,,,,,,,,,good,population_not_loaded,area_not_loaded
510620,2,2,0,0,100.0,0,,,,,,,,,,,,,,,,,,,,,,good,population_not_loaded,area_not_loaded
510621,5,5,0,0,100.0,0,,,,,,,,,,,,,,,,,,,,,,good,population_not_loaded,area_not_loaded
510622,15,15,0,0,100.0,0,,,,,,,,,,,,,,,,,,,,,,good,population_not_loaded,area_not_loaded
510623,7,7,0,0,100.0,0,,,,,,,,,,,,,,,,,,,,,,good,population_not_loaded,area_not_loaded
510624,9,7,2,2,77.77777777777779,2,,,,,,,,,,,,,,,,,,,,,,high_attention,population_not_loaded,area_not_loaded
510625,6,6,0,0,100.0,0,,,,,,,,,,,,,,,,,,,,,,good,population_not_loaded,area_not_loaded
510626,5,4,1,1,80.0,1,,,,,,,,,,,,,,,,,,,,,,high_attention,population_not_loaded,area_not_loaded
510627,2,1,1,1,50.0,1,,,,,,,,,,,,,,,,,,,,,,high_attention,population_not_loaded,area_not_loaded
510628,3,3,0,0,100.0,0,,,,,,,,,,,,,,,,,,,,,,good,population_not_loaded,area_not_loaded
510629,5,5,0,0,100.0,0,,,,,,,,,,,,,,,,,,,,,,good,population_not_loaded,area_not_loaded
510630,8,8,0,0,100.0,0,,,,,,,,,,,,,,,,,,,,,,good,population_not_loaded,area_not_loaded
510631,1,1,0,0,100.0,0,,,,,,,,,,,,,,,,,,,,,,good,population_not_loaded,area_not_loaded
510637,5,5,0,0,100.0,0,,,,,,,,,,,,,,,,,,,,,,good,population_not_loaded,area_not_loaded
510642,10,10,0,0,100.0,0,,,,,,,,,,,,,,,,,,,,,,good,population_not_loaded,area_not_loaded
510645,2,2,0,0,100.0,0,,,,,,,,,,,,,,,,,,,,,,good,population_not_loaded,area_not_loaded
510650,12,12,0,0,100.0,0,,,,,,,,,,,,,,,,,,,,,,good,population_not_loaded,area_not_loaded
510665,4,4,0,0,100.0,0,,,,,,,,,,,,,,,,,,,,,,good,population_not_loaded,area_not_loaded
510670,1,1,0,0,100.0,0,,,,,,,,,,,,,,,,,,,,,,good,population_not_loaded,area_not_loaded
510675,13,13,0,0,100.0,0,,,,,,,,,,,,,,,,,,,,,,good,population_not_loaded,area_not_loaded
510677,5,5,0,0,100.0,0,,,,,,,,,,,,,,,,,,,,,,good,population_not_loaded,area_not_loaded
510680,3,3,0,0,100.0,0,,,,,,,,,,,,,,,,,,,,,,good,population_not_loaded,area_not_loaded
510682,5,5,0,0,100.0,0,,,,,,,,,,,,,,,,,,,,,,good,population_not_loaded,area_not_loaded
510685,3,3,0,0,100.0,0,,,,,,,,,,,,,,,,,,,,,,good,population_not_loaded,area_not_loaded
510700,7,7,0,0,100.0,0,,,,,,,,,,,,,,,,,,,,,,good,population_not_loaded,area_not_loaded
510704,20,20,0,0,100.0,0,,,,,,,,,,,,,,,,,,,,,,good,population_not_loaded,area_not_loaded
510706,11,11,0,0,100.0,0,,,,,,,,,,,,,,,,,,,,,,good,population_not_loaded,area_not_loaded
510710,6,6,0,0,100.0,0,,,,,,,,,,,,,,,,,,,,,,good,population_not_loaded,area_not_loaded
510715,1,1,0,0,100.0,0,,,,,,,,,,,,,,,,,,,,,,good,population_not_loaded,area_not_loaded
510718,6,6,0,0,100.0,0,,,,,,,,,,,,,,,,,,,,,,good,population_not_loaded,area_not_loaded
510719,1,1,0,0,100.0,0,,,,,,,,,,,,,,,,,,,,,,good,population_not_loaded,area_not_loaded
510724,3,3,0,0,100.0,0,,,,,,,,,,,,,,,,,,,,,,good,population_not_loaded,area_not_loaded
510726,1,1,0,0,100.0,0,,,,,,,,,,,,,,,,,,,,,,good,population_not_loaded,area_not_loaded
510729,2,2,0,0,100.0,0,,,,,,,,,,,,,,,,,,,,,,good,population_not_loaded,area_not_loaded
510730,7,7,0,0,100.0,0,,,,,,,,,,,,,,,,,,,,,,good,population_not_loaded,area_not_loaded
510735,2,2,0,0,100.0,0,,,,,,,,,,,,,,,,,,,,,,good,population_not_loaded,area_not_loaded
510740,3,3,0,0,100.0,0,,,,,,,,,,,,,,,,,,,,,,good,population_not_loaded,area_not_loaded
510757,2,2,0,0,100.0,0,,,,,,,,,,,,,,,,,,,,,,good,population_not_loaded,area_not_loaded
510760,70,70,0,0,100.0,0,,,,,,,,,,,,,,,,,,,,,,good,population_not_loaded,area_not_loaded
510770,7,7,0,0,100.0,0,,,,,,,,,,,,,,,,,,,,,,good,population_not_loaded,area_not_loaded
510774,1,1,0,0,100.0,0,,,,,,,,,,,,,,,,,,,,,,good,population_not_loaded,area_not_loaded
510775,2,2,0,0,100.0,0,,,,,,,,,,,,,,,,,,,,,,good,population_not_loaded,area_not_loaded
510776,3,3,0,0,100.0,0,,,,,,,,,,,,,,,,,,,,,,good,population_not_loaded,area_not_loaded
510777,2,2,0,0,100.0,0,,,,,,,,,,,,,,,,,,,,,,good,population_not_loaded,area_not_loaded
510779,2,2,0,0,100.0,0,,,,,,,,,,,,,,,,,,,,,,good,population_not_loaded,area_not_loaded
510780,8,8,0,0,100.0,0,,,,,,,,,,,,,,,,,,,,,,good,population_not_loaded,area_not_loaded
510785,4,4,0,0,100.0,0,,,,,,,,,,,,,,,,,,,,,,good,population_not_loaded,area_not_loaded
510787,8,8,0,0,100.0,0,,,,,,,,,,,,,,,,,,,,,,good,population_not_loaded,area_not_loaded
510788,2,2,0,0,100.0,0,,,,,,,,,,,,,,,,,,,,,,good,population_not_loaded,area_not_loaded
510790,38,35,3,3,92.10526315789474,3,,,,,,,,,,,,,,,,,,,,,,monitor,population_not_loaded,area_not_loaded
510792,31,31,0,0,100.0,0,,,,,,,,,,,,,,,,,,,,,,good,population_not_loaded,area_not_loaded
510794,6,6,0,0,100.0,0,,,,,,,,,,,,,,,,,,,,,,good,population_not_loaded,area_not_loaded
510795,27,27,0,0,100.0,0,,,,,,,,,,,,,,,,,,,,,,good,population_not_loaded,area_not_loaded
510800,6,6,0,0,100.0,0,,,,,,,,,,,,,,,,,,,,,,good,population_not_loaded,area_not_loaded
510805,5,5,0,0,100.0,0,,,,,,,,,,,,,,,,,,,,,,good,population_not_loaded,area_not_loaded
510810,3,3,0,0,100.0,0,,,,,,,,,,,,,,,,,,,,,,good,population_not_loaded,area_not_loaded
510820,2,2,0,0,100.0,0,,,,,,,,,,,,,,,,,,,,,,good,population_not_loaded,area_not_loaded
510830,3,3,0,0,100.0,0,,,,,,,,,,,,,,,,,,,,,,good,population_not_loaded,area_not_loaded
510835,4,4,0,0,100.0,0,,,,,,,,,,,,,,,,,,,,,,good,population_not_loaded,area_not_loaded
510840,31,31,0,0,100.0,0,,,,,,,,,,,,,,,,,,,,,,good,population_not_loaded,area_not_loaded
510850,4,4,0,0,100.0,0,,,,,,,,,,,,,,,,,,,,,,good,population_not_loaded,area_not_loaded
510860,6,6,0,0,100.0,0,,,,,,,,,,,,,,,,,,,,,,good,population_not_loaded,area_not_loaded
510880,1,1,0,0,100.0,0,,,,,,,,,,,,,,,,,,,,,,good,population_not_loaded,area_not_loaded
510885,1,1,0,0,100.0,0,,,,,,,,,,,,,,,,,,,,,,good,population_not_loaded,area_not_loaded
510890,4,4,0,0,100.0,0,,,,,,,,,,,,,,,,,,,,,,good,population_not_loaded,area_not_loaded
510895,3,3,0,0,100.0,0,,,,,,,,,,,,,,,,,,,,,,good,population_not_loaded,area_not_loaded
520005,4,4,0,0,100.0,0,,,,,,,,,,,,,,,,,,,,,,good,population_not_loaded,area_not_loaded
520010,5,4,1,1,80.0,1,,,,,,,,,,,,,,,,,,,,,,high_attention,population_not_loaded,area_not_loaded
520013,7,6,1,1,85.71428571428571,1,,,,,,,,,,,,,,,,,,,,,,monitor,population_not_loaded,area_not_loaded
520015,1,1,0,0,100.0,0,,,,,,,,,,,,,,,,,,,,,,good,population_not_loaded,area_not_loaded
520017,3,3,0,0,100.0,0,,,,,,,,,,,,,,,,,,,,,,good,population_not_loaded,area_not_loaded
520020,2,2,0,0,100.0,0,,,,,,,,,,,,,,,,,,,,,,good,population_not_loaded,area_not_loaded
520025,34,29,5,5,85.29411764705883,5,,,,,,,,,,,,,,,,,,,,,,monitor,population_not_loaded,area_not_loaded
520030,10,10,0,0,100.0,0,,,,,,,,,,,,,,,,,,,,,,good,population_not_loaded,area_not_loaded
520050,1,1,0,0,100.0,0,,,,,,,,,,,,,,,,,,,,,,good,population_not_loaded,area_not_loaded
520055,2,2,0,0,100.0,0,,,,,,,,,,,,,,,,,,,,,,good,population_not_loaded,area_not_loaded
520060,4,3,1,1,75.0,1,,,,,,,,,,,,,,,,,,,,,,high_attention,population_not_loaded,area_not_loaded
520080,4,4,0,0,100.0,0,,,,,,,,,,,,,,,,,,,,,,good,population_not_loaded,area_not_loaded
520082,3,3,0,0,100.0,0,,,,,,,,,,,,,,,,,,,,,,good,population_not_loaded,area_not_loaded
520085,2,2,0,0,100.0,0,,,,,,,,,,,,,,,,,,,,,,good,population_not_loaded,area_not_loaded
520090,2,2,0,0,100.0,0,,,,,,,,,,,,,,,,,,,,,,good,population_not_loaded,area_not_loaded
520110,53,52,1,1,98.11320754716981,1,,,,,,,,,,,,,,,,,,,,,,good,population_not_loaded,area_not_loaded
520120,1,1,0,0,100.0,0,,,,,,,,,,,,,,,,,,,,,,good,population_not_loaded,area_not_loaded
520130,8,8,0,0,100.0,0,,,,,,,,,,,,,,,,,,,,,,good,population_not_loaded,area_not_loaded
520140,55,51,4,4,92.72727272727272,4,,,,,,,,,,,,,,,,,,,,,,monitor,population_not_loaded,area_not_loaded
520145,1,1,0,0,100.0,0,,,,,,,,,,,,,,,,,,,,,,good,population_not_loaded,area_not_loaded
520150,1,1,0,0,100.0,0,,,,,,,,,,,,,,,,,,,,,,good,population_not_loaded,area_not_loaded
520160,2,2,0,0,100.0,0,,,,,,,,,,,,,,,,,,,,,,good,population_not_loaded,area_not_loaded
520170,8,8,0,0,100.0,0,,,,,,,,,,,,,,,,,,,,,,good,population_not_loaded,area_not_loaded
520180,4,4,0,0,100.0,0,,,,,,,,,,,,,,,,,,,,,,good,population_not_loaded,area_not_loaded
520215,3,3,0,0,100.0,0,,,,,,,,,,,,,,,,,,,,,,good,population_not_loaded,area_not_loaded
520235,2,2,0,0,100.0,0,,,,,,,,,,,,,,,,,,,,,,good,population_not_loaded,area_not_loaded
520250,3,3,0,0,100.0,0,,,,,,,,,,,,,,,,,,,,,,good,population_not_loaded,area_not_loaded
520260,2,2,0,0,100.0,0,,,,,,,,,,,,,,,,,,,,,,good,population_not_loaded,area_not_loaded
520280,1,1,0,0,100.0,0,,,,,,,,,,,,,,,,,,,,,,good,population_not_loaded,area_not_loaded
520310,3,3,0,0,100.0,0,,,,,,,,,,,,,,,,,,,,,,good,population_not_loaded,area_not_loaded
520320,3,3,0,0,100.0,0,,,,,,,,,,,,,,,,,,,,,,good,population_not_loaded,area_not_loaded
520330,11,11,0,0,100.0,0,,,,,,,,,,,,,,,,,,,,,,good,population_not_loaded,area_not_loaded
520340,5,4,1,1,80.0,1,,,,,,,,,,,,,,,,,,,,,,high_attention,population_not_loaded,area_not_loaded
520350,7,7,0,0,100.0,0,,,,,,,,,,,,,,,,,,,,,,good,population_not_loaded,area_not_loaded
520355,4,4,0,0,100.0,0,,,,,,,,,,,,,,,,,,,,,,good,population_not_loaded,area_not_loaded
520357,2,2,0,0,100.0,0,,,,,,,,,,,,,,,,,,,,,,good,population_not_loaded,area_not_loaded
520360,4,4,0,0,100.0,0,,,,,,,,,,,,,,,,,,,,,,good,population_not_loaded,area_not_loaded
520380,3,3,0,0,100.0,0,,,,,,,,,,,,,,,,,,,,,,good,population_not_loaded,area_not_loaded
520390,3,3,0,0,100.0,0,,,,,,,,,,,,,,,,,,,,,,good,population_not_loaded,area_not_loaded
520393,1,1,0,0,100.0,0,,,,,,,,,,,,,,,,,,,,,,good,population_not_loaded,area_not_loaded
520396,2,2,0,0,100.0,0,,,,,,,,,,,,,,,,,,,,,,good,population_not_loaded,area_not_loaded
520400,3,3,0,0,100.0,0,,,,,,,,,,,,,,,,,,,,,,good,population_not_loaded,area_not_loaded
520410,6,6,0,0,100.0,0,,,,,,,,,,,,,,,,,,,,,,good,population_not_loaded,area_not_loaded
520420,1,1,0,0,100.0,0,,,,,,,,,,,,,,,,,,,,,,good,population_not_loaded,area_not_loaded
520425,4,4,0,0,100.0,0,,,,,,,,,,,,,,,,,,,,,,good,population_not_loaded,area_not_loaded
520430,6,6,0,0,100.0,0,,,,,,,,,,,,,,,,,,,,,,good,population_not_loaded,area_not_loaded
520440,5,5,0,0,100.0,0,,,,,,,,,,,,,,,,,,,,,,good,population_not_loaded,area_not_loaded
520450,22,22,0,0,100.0,0,,,,,,,,,,,,,,,,,,,,,,good,population_not_loaded,area_not_loaded
520455,1,1,0,0,100.0,0,,,,,,,,,,,,,,,,,,,,,,good,population_not_loaded,area_not_loaded
520460,1,1,0,0,100.0,0,,,,,,,,,,,,,,,,,,,,,,good,population_not_loaded,area_not_loaded
520465,1,1,0,0,100.0,0,,,,,,,,,,,,,,,,,,,,,,good,population_not_loaded,area_not_loaded
520470,5,5,0,0,100.0,0,,,,,,,,,,,,,,,,,,,,,,good,population_not_loaded,area_not_loaded
520480,6,6,0,0,100.0,0,,,,,,,,,,,,,,,,,,,,,,good,population_not_loaded,area_not_loaded
520485,2,2,0,0,100.0,0,,,,,,,,,,,,,,,,,,,,,,good,population_not_loaded,area_not_loaded
520490,6,6,0,0,100.0,0,,,,,,,,,,,,,,,,,,,,,,good,population_not_loaded,area_not_loaded
520495,3,3,0,0,100.0,0,,,,,,,,,,,,,,,,,,,,,,good,population_not_loaded,area_not_loaded
520500,4,4,0,0,100.0,0,,,,,,,,,,,,,,,,,,,,,,good,population_not_loaded,area_not_loaded
520505,1,1,0,0,100.0,0,,,,,,,,,,,,,,,,,,,,,,good,population_not_loaded,area_not_loaded
520510,20,17,3,3,85.0,3,,,,,,,,,,,,,,,,,,,,,,monitor,population_not_loaded,area_not_loaded
520520,3,3,0,0,100.0,0,,,,,,,,,,,,,,,,,,,,,,good,population_not_loaded,area_not_loaded
520530,4,3,1,1,75.0,1,,,,,,,,,,,,,,,,,,,,,,high_attention,population_not_loaded,area_not_loaded
520540,7,7,0,0,100.0,0,,,,,,,,,,,,,,,,,,,,,,good,population_not_loaded,area_not_loaded
520545,4,4,0,0,100.0,0,,,,,,,,,,,,,,,,,,,,,,good,population_not_loaded,area_not_loaded
520547,3,3,0,0,100.0,0,,,,,,,,,,,,,,,,,,,,,,good,population_not_loaded,area_not_loaded
520549,27,26,1,1,96.29629629629629,1,,,,,,,,,,,,,,,,,,,,,,good,population_not_loaded,area_not_loaded
520551,7,7,0,0,100.0,0,,,,,,,,,,,,,,,,,,,,,,good,population_not_loaded,area_not_loaded
520552,2,2,0,0,100.0,0,,,,,,,,,,,,,,,,,,,,,,good,population_not_loaded,area_not_loaded
520570,1,1,0,0,100.0,0,,,,,,,,,,,,,,,,,,,,,,good,population_not_loaded,area_not_loaded
520580,4,4,0,0,100.0,0,,,,,,,,,,,,,,,,,,,,,,good,population_not_loaded,area_not_loaded
520590,2,2,0,0,100.0,0,,,,,,,,,,,,,,,,,,,,,,good,population_not_loaded,area_not_loaded
520620,22,22,0,0,100.0,0,,,,,,,,,,,,,,,,,,,,,,good,population_not_loaded,area_not_loaded
520630,1,1,0,0,100.0,0,,,,,,,,,,,,,,,,,,,,,,good,population_not_loaded,area_not_loaded
520640,6,6,0,0,100.0,0,,,,,,,,,,,,,,,,,,,,,,good,population_not_loaded,area_not_loaded
520650,2,2,0,0,100.0,0,,,,,,,,,,,,,,,,,,,,,,good,population_not_loaded,area_not_loaded
520660,2,2,0,0,100.0,0,,,,,,,,,,,,,,,,,,,,,,good,population_not_loaded,area_not_loaded
520670,2,2,0,0,100.0,0,,,,,,,,,,,,,,,,,,,,,,good,population_not_loaded,area_not_loaded
520680,3,3,0,0,100.0,0,,,,,,,,,,,,,,,,,,,,,,good,population_not_loaded,area_not_loaded
520690,2,2,0,0,100.0,0,,,,,,,,,,,,,,,,,,,,,,good,population_not_loaded,area_not_loaded
520710,2,1,1,1,50.0,1,,,,,,,,,,,,,,,,,,,,,,high_attention,population_not_loaded,area_not_loaded
520725,1,1,0,0,100.0,0,,,,,,,,,,,,,,,,,,,,,,good,population_not_loaded,area_not_loaded
520735,2,2,0,0,100.0,0,,,,,,,,,,,,,,,,,,,,,,good,population_not_loaded,area_not_loaded
520740,5,5,0,0,100.0,0,,,,,,,,,,,,,,,,,,,,,,good,population_not_loaded,area_not_loaded
520750,2,2,0,0,100.0,0,,,,,,,,,,,,,,,,,,,,,,good,population_not_loaded,area_not_loaded
520753,3,3,0,0,100.0,0,,,,,,,,,,,,,,,,,,,,,,good,population_not_loaded,area_not_loaded
520760,1,1,0,0,100.0,0,,,,,,,,,,,,,,,,,,,,,,good,population_not_loaded,area_not_loaded
520780,6,6,0,0,100.0,0,,,,,,,,,,,,,,,,,,,,,,good,population_not_loaded,area_not_loaded
520790,5,5,0,0,100.0,0,,,,,,,,,,,,,,,,,,,,,,good,population_not_loaded,area_not_loaded
520800,21,21,0,0,100.0,0,,,,,,,,,,,,,,,,,,,,,,good,population_not_loaded,area_not_loaded
520810,2,2,0,0,100.0,0,,,,,,,,,,,,,,,,,,,,,,good,population_not_loaded,area_not_loaded
520815,3,3,0,0,100.0,0,,,,,,,,,,,,,,,,,,,,,,good,population_not_loaded,area_not_loaded
520830,3,3,0,0,100.0,0,,,,,,,,,,,,,,,,,,,,,,good,population_not_loaded,area_not_loaded
520840,7,7,0,0,100.0,0,,,,,,,,,,,,,,,,,,,,,,good,population_not_loaded,area_not_loaded
520850,3,3,0,0,100.0,0,,,,,,,,,,,,,,,,,,,,,,good,population_not_loaded,area_not_loaded
520860,28,25,3,3,89.28571428571429,3,,,,,,,,,,,,,,,,,,,,,,monitor,population_not_loaded,area_not_loaded
520870,106,101,5,5,95.28301886792453,5,,,,,,,,,,,,,,,,,,,,,,good,population_not_loaded,area_not_loaded
520880,17,17,0,0,100.0,0,,,,,,,,,,,,,,,,,,,,,,good,population_not_loaded,area_not_loaded
520890,6,6,0,0,100.0,0,,,,,,,,,,,,,,,,,,,,,,good,population_not_loaded,area_not_loaded
520910,16,16,0,0,100.0,0,,,,,,,,,,,,,,,,,,,,,,good,population_not_loaded,area_not_loaded
520915,2,2,0,0,100.0,0,,,,,,,,,,,,,,,,,,,,,,good,population_not_loaded,area_not_loaded
520920,7,7,0,0,100.0,0,,,,,,,,,,,,,,,,,,,,,,good,population_not_loaded,area_not_loaded
520929,1,1,0,0,100.0,0,,,,,,,,,,,,,,,,,,,,,,good,population_not_loaded,area_not_loaded
520940,2,2,0,0,100.0,0,,,,,,,,,,,,,,,,,,,,,,good,population_not_loaded,area_not_loaded
520945,1,1,0,0,100.0,0,,,,,,,,,,,,,,,,,,,,,,good,population_not_loaded,area_not_loaded
520960,2,2,0,0,100.0,0,,,,,,,,,,,,,,,,,,,,,,good,population_not_loaded,area_not_loaded
520970,10,10,0,0,100.0,0,,,,,,,,,,,,,,,,,,,,,,good,population_not_loaded,area_not_loaded
520980,2,2,0,0,100.0,0,,,,,,,,,,,,,,,,,,,,,,good,population_not_loaded,area_not_loaded
520990,6,6,0,0,100.0,0,,,,,,,,,,,,,,,,,,,,,,good,population_not_loaded,area_not_loaded
520993,2,2,0,0,100.0,0,,,,,,,,,,,,,,,,,,,,,,good,population_not_loaded,area_not_loaded
520995,6,6,0,0,100.0,0,,,,,,,,,,,,,,,,,,,,,,good,population_not_loaded,area_not_loaded
521000,12,12,0,0,100.0,0,,,,,,,,,,,,,,,,,,,,,,good,population_not_loaded,area_not_loaded
521010,12,11,1,1,91.66666666666666,1,,,,,,,,,,,,,,,,,,,,,,monitor,population_not_loaded,area_not_loaded
521015,1,1,0,0,100.0,0,,,,,,,,,,,,,,,,,,,,,,good,population_not_loaded,area_not_loaded
521020,9,9,0,0,100.0,0,,,,,,,,,,,,,,,,,,,,,,good,population_not_loaded,area_not_loaded
521040,14,13,1,1,92.85714285714286,1,,,,,,,,,,,,,,,,,,,,,,monitor,population_not_loaded,area_not_loaded
521060,2,2,0,0,100.0,0,,,,,,,,,,,,,,,,,,,,,,good,population_not_loaded,area_not_loaded
521080,1,1,0,0,100.0,0,,,,,,,,,,,,,,,,,,,,,,good,population_not_loaded,area_not_loaded
521090,6,6,0,0,100.0,0,,,,,,,,,,,,,,,,,,,,,,good,population_not_loaded,area_not_loaded
521100,3,3,0,0,100.0,0,,,,,,,,,,,,,,,,,,,,,,good,population_not_loaded,area_not_loaded
521120,7,7,0,0,100.0,0,,,,,,,,,,,,,,,,,,,,,,good,population_not_loaded,area_not_loaded
521130,6,6,0,0,100.0,0,,,,,,,,,,,,,,,,,,,,,,good,population_not_loaded,area_not_loaded
521140,3,3,0,0,100.0,0,,,,,,,,,,,,,,,,,,,,,,good,population_not_loaded,area_not_loaded
521150,37,33,4,4,89.1891891891892,4,,,,,,,,,,,,,,,,,,,,,,monitor,population_not_loaded,area_not_loaded
521160,1,1,0,0,100.0,0,,,,,,,,,,,,,,,,,,,,,,good,population_not_loaded,area_not_loaded
521170,5,3,2,2,60.0,2,,,,,,,,,,,,,,,,,,,,,,high_attention,population_not_loaded,area_not_loaded
521180,12,12,0,0,100.0,0,,,,,,,,,,,,,,,,,,,,,,good,population_not_loaded,area_not_loaded
521190,19,19,0,0,100.0,0,,,,,,,,,,,,,,,,,,,,,,good,population_not_loaded,area_not_loaded
521200,2,2,0,0,100.0,0,,,,,,,,,,,,,,,,,,,,,,good,population_not_loaded,area_not_loaded
521205,2,2,0,0,100.0,0,,,,,,,,,,,,,,,,,,,,,,good,population_not_loaded,area_not_loaded
521210,2,2,0,0,100.0,0,,,,,,,,,,,,,,,,,,,,,,good,population_not_loaded,area_not_loaded
521220,7,7,0,0,100.0,0,,,,,,,,,,,,,,,,,,,,,,good,population_not_loaded,area_not_loaded
521230,4,4,0,0,100.0,0,,,,,,,,,,,,,,,,,,,,,,good,population_not_loaded,area_not_loaded
521250,39,36,3,3,92.3076923076923,3,,,,,,,,,,,,,,,,,,,,,,monitor,population_not_loaded,area_not_loaded
521260,1,1,0,0,100.0,0,,,,,,,,,,,,,,,,,,,,,,good,population_not_loaded,area_not_loaded
521270,4,4,0,0,100.0,0,,,,,,,,,,,,,,,,,,,,,,good,population_not_loaded,area_not_loaded
521280,4,4,0,0,100.0,0,,,,,,,,,,,,,,,,,,,,,,good,population_not_loaded,area_not_loaded
521290,1,1,0,0,100.0,0,,,,,,,,,,,,,,,,,,,,,,good,population_not_loaded,area_not_loaded
521295,2,2,0,0,100.0,0,,,,,,,,,,,,,,,,,,,,,,good,population_not_loaded,area_not_loaded
521300,5,4,1,1,80.0,1,,,,,,,,,,,,,,,,,,,,,,high_attention,population_not_loaded,area_not_loaded
521305,2,2,0,0,100.0,0,,,,,,,,,,,,,,,,,,,,,,good,population_not_loaded,area_not_loaded
521308,7,7,0,0,100.0,0,,,,,,,,,,,,,,,,,,,,,,good,population_not_loaded,area_not_loaded
521310,13,13,0,0,100.0,0,,,,,,,,,,,,,,,,,,,,,,good,population_not_loaded,area_not_loaded
521340,2,2,0,0,100.0,0,,,,,,,,,,,,,,,,,,,,,,good,population_not_loaded,area_not_loaded
521350,3,3,0,0,100.0,0,,,,,,,,,,,,,,,,,,,,,,good,population_not_loaded,area_not_loaded
521370,8,6,2,2,75.0,2,,,,,,,,,,,,,,,,,,,,,,high_attention,population_not_loaded,area_not_loaded
521375,6,6,0,0,100.0,0,,,,,,,,,,,,,,,,,,,,,,good,population_not_loaded,area_not_loaded
521377,2,2,0,0,100.0,0,,,,,,,,,,,,,,,,,,,,,,good,population_not_loaded,area_not_loaded
521380,16,15,1,1,93.75,1,,,,,,,,,,,,,,,,,,,,,,monitor,population_not_loaded,area_not_loaded
521385,1,1,0,0,100.0,0,,,,,,,,,,,,,,,,,,,,,,good,population_not_loaded,area_not_loaded
521390,2,2,0,0,100.0,0,,,,,,,,,,,,,,,,,,,,,,good,population_not_loaded,area_not_loaded
521400,5,5,0,0,100.0,0,,,,,,,,,,,,,,,,,,,,,,good,population_not_loaded,area_not_loaded
521405,1,1,0,0,100.0,0,,,,,,,,,,,,,,,,,,,,,,good,population_not_loaded,area_not_loaded
521410,4,2,2,2,50.0,2,,,,,,,,,,,,,,,,,,,,,,high_attention,population_not_loaded,area_not_loaded
521440,5,5,0,0,100.0,0,,,,,,,,,,,,,,,,,,,,,,good,population_not_loaded,area_not_loaded
521450,5,5,0,0,100.0,0,,,,,,,,,,,,,,,,,,,,,,good,population_not_loaded,area_not_loaded
521460,12,12,0,0,100.0,0,,,,,,,,,,,,,,,,,,,,,,good,population_not_loaded,area_not_loaded
521470,1,1,0,0,100.0,0,,,,,,,,,,,,,,,,,,,,,,good,population_not_loaded,area_not_loaded
521480,1,1,0,0,100.0,0,,,,,,,,,,,,,,,,,,,,,,good,population_not_loaded,area_not_loaded
521483,3,3,0,0,100.0,0,,,,,,,,,,,,,,,,,,,,,,good,population_not_loaded,area_not_loaded
521486,3,2,1,1,66.66666666666666,1,,,,,,,,,,,,,,,,,,,,,,high_attention,population_not_loaded,area_not_loaded
521487,1,1,0,0,100.0,0,,,,,,,,,,,,,,,,,,,,,,good,population_not_loaded,area_not_loaded
521490,1,1,0,0,100.0,0,,,,,,,,,,,,,,,,,,,,,,good,population_not_loaded,area_not_loaded
521500,4,4,0,0,100.0,0,,,,,,,,,,,,,,,,,,,,,,good,population_not_loaded,area_not_loaded
521520,1,1,0,0,100.0,0,,,,,,,,,,,,,,,,,,,,,,good,population_not_loaded,area_not_loaded
521523,24,20,4,4,83.33333333333334,4,,,,,,,,,,,,,,,,,,,,,,monitor,population_not_loaded,area_not_loaded
521525,2,2,0,0,100.0,0,,,,,,,,,,,,,,,,,,,,,,good,population_not_loaded,area_not_loaded
521530,8,8,0,0,100.0,0,,,,,,,,,,,,,,,,,,,,,,good,population_not_loaded,area_not_loaded
521540,1,1,0,0,100.0,0,,,,,,,,,,,,,,,,,,,,,,good,population_not_loaded,area_not_loaded
521550,2,2,0,0,100.0,0,,,,,,,,,,,,,,,,,,,,,,good,population_not_loaded,area_not_loaded
521560,11,11,0,0,100.0,0,,,,,,,,,,,,,,,,,,,,,,good,population_not_loaded,area_not_loaded
521565,1,1,0,0,100.0,0,,,,,,,,,,,,,,,,,,,,,,good,population_not_loaded,area_not_loaded
521570,5,5,0,0,100.0,0,,,,,,,,,,,,,,,,,,,,,,good,population_not_loaded,area_not_loaded
521580,1,1,0,0,100.0,0,,,,,,,,,,,,,,,,,,,,,,good,population_not_loaded,area_not_loaded
521590,3,3,0,0,100.0,0,,,,,,,,,,,,,,,,,,,,,,good,population_not_loaded,area_not_loaded
521600,1,1,0,0,100.0,0,,,,,,,,,,,,,,,,,,,,,,good,population_not_loaded,area_not_loaded
521630,3,3,0,0,100.0,0,,,,,,,,,,,,,,,,,,,,,,good,population_not_loaded,area_not_loaded
521640,6,6,0,0,100.0,0,,,,,,,,,,,,,,,,,,,,,,good,population_not_loaded,area_not_loaded
521645,1,1,0,0,100.0,0,,,,,,,,,,,,,,,,,,,,,,good,population_not_loaded,area_not_loaded
521680,2,2,0,0,100.0,0,,,,,,,,,,,,,,,,,,,,,,good,population_not_loaded,area_not_loaded
521690,1,1,0,0,100.0,0,,,,,,,,,,,,,,,,,,,,,,good,population_not_loaded,area_not_loaded
521710,8,8,0,0,100.0,0,,,,,,,,,,,,,,,,,,,,,,good,population_not_loaded,area_not_loaded
521720,3,3,0,0,100.0,0,,,,,,,,,,,,,,,,,,,,,,good,population_not_loaded,area_not_loaded
521730,7,7,0,0,100.0,0,,,,,,,,,,,,,,,,,,,,,,good,population_not_loaded,area_not_loaded
521740,8,8,0,0,100.0,0,,,,,,,,,,,,,,,,,,,,,,good,population_not_loaded,area_not_loaded
521760,33,30,3,3,90.9090909090909,3,,,,,,,,,,,,,,,,,,,,,,monitor,population_not_loaded,area_not_loaded
521770,8,8,0,0,100.0,0,,,,,,,,,,,,,,,,,,,,,,good,population_not_loaded,area_not_loaded
521800,14,14,0,0,100.0,0,,,,,,,,,,,,,,,,,,,,,,good,population_not_loaded,area_not_loaded
521805,1,1,0,0,100.0,0,,,,,,,,,,,,,,,,,,,,,,good,population_not_loaded,area_not_loaded
521810,1,1,0,0,100.0,0,,,,,,,,,,,,,,,,,,,,,,good,population_not_loaded,area_not_loaded
521830,14,14,0,0,100.0,0,,,,,,,,,,,,,,,,,,,,,,good,population_not_loaded,area_not_loaded
521839,1,1,0,0,100.0,0,,,,,,,,,,,,,,,,,,,,,,good,population_not_loaded,area_not_loaded
521850,17,16,1,1,94.11764705882352,1,,,,,,,,,,,,,,,,,,,,,,monitor,population_not_loaded,area_not_loaded
521860,5,5,0,0,100.0,0,,,,,,,,,,,,,,,,,,,,,,good,population_not_loaded,area_not_loaded
521870,2,2,0,0,100.0,0,,,,,,,,,,,,,,,,,,,,,,good,population_not_loaded,area_not_loaded
521878,1,1,0,0,100.0,0,,,,,,,,,,,,,,,,,,,,,,good,population_not_loaded,area_not_loaded
521880,47,43,4,4,91.48936170212765,4,,,,,,,,,,,,,,,,,,,,,,monitor,population_not_loaded,area_not_loaded
521890,9,9,0,0,100.0,0,,,,,,,,,,,,,,,,,,,,,,good,population_not_loaded,area_not_loaded
521900,5,4,1,1,80.0,1,,,,,,,,,,,,,,,,,,,,,,high_attention,population_not_loaded,area_not_loaded
521910,2,2,0,0,100.0,0,,,,,,,,,,,,,,,,,,,,,,good,population_not_loaded,area_not_loaded
521920,1,1,0,0,100.0,0,,,,,,,,,,,,,,,,,,,,,,good,population_not_loaded,area_not_loaded
521925,2,2,0,0,100.0,0,,,,,,,,,,,,,,,,,,,,,,good,population_not_loaded,area_not_loaded
521930,10,10,0,0,100.0,0,,,,,,,,,,,,,,,,,,,,,,good,population_not_loaded,area_not_loaded
521935,2,2,0,0,100.0,0,,,,,,,,,,,,,,,,,,,,,,good,population_not_loaded,area_not_loaded
521940,2,2,0,0,100.0,0,,,,,,,,,,,,,,,,,,,,,,good,population_not_loaded,area_not_loaded
521945,3,2,1,1,66.66666666666666,1,,,,,,,,,,,,,,,,,,,,,,high_attention,population_not_loaded,area_not_loaded
521950,1,1,0,0,100.0,0,,,,,,,,,,,,,,,,,,,,,,good,population_not_loaded,area_not_loaded
521960,2,2,0,0,100.0,0,,,,,,,,,,,,,,,,,,,,,,good,population_not_loaded,area_not_loaded
521970,4,4,0,0,100.0,0,,,,,,,,,,,,,,,,,,,,,,good,population_not_loaded,area_not_loaded
521971,2,2,0,0,100.0,0,,,,,,,,,,,,,,,,,,,,,,good,population_not_loaded,area_not_loaded
521973,3,2,1,1,66.66666666666666,1,,,,,,,,,,,,,,,,,,,,,,high_attention,population_not_loaded,area_not_loaded
521975,23,22,1,1,95.65217391304348,1,,,,,,,,,,,,,,,,,,,,,,good,population_not_loaded,area_not_loaded
521980,5,5,0,0,100.0,0,,,,,,,,,,,,,,,,,,,,,,good,population_not_loaded,area_not_loaded
521990,2,2,0,0,100.0,0,,,,,,,,,,,,,,,,,,,,,,good,population_not_loaded,area_not_loaded
522000,4,4,0,0,100.0,0,,,,,,,,,,,,,,,,,,,,,,good,population_not_loaded,area_not_loaded
522005,1,1,0,0,100.0,0,,,,,,,,,,,,,,,,,,,,,,good,population_not_loaded,area_not_loaded
522010,10,10,0,0,100.0,0,,,,,,,,,,,,,,,,,,,,,,good,population_not_loaded,area_not_loaded
522015,1,1,0,0,100.0,0,,,,,,,,,,,,,,,,,,,,,,good,population_not_loaded,area_not_loaded
522020,7,7,0,0,100.0,0,,,,,,,,,,,,,,,,,,,,,,good,population_not_loaded,area_not_loaded
522026,2,2,0,0,100.0,0,,,,,,,,,,,,,,,,,,,,,,good,population_not_loaded,area_not_loaded
522028,1,1,0,0,100.0,0,,,,,,,,,,,,,,,,,,,,,,good,population_not_loaded,area_not_loaded
522040,9,9,0,0,100.0,0,,,,,,,,,,,,,,,,,,,,,,good,population_not_loaded,area_not_loaded
522045,24,24,0,0,100.0,0,,,,,,,,,,,,,,,,,,,,,,good,population_not_loaded,area_not_loaded
522050,4,4,0,0,100.0,0,,,,,,,,,,,,,,,,,,,,,,good,population_not_loaded,area_not_loaded
522060,9,9,0,0,100.0,0,,,,,,,,,,,,,,,,,,,,,,good,population_not_loaded,area_not_loaded
522068,2,2,0,0,100.0,0,,,,,,,,,,,,,,,,,,,,,,good,population_not_loaded,area_not_loaded
522070,3,3,0,0,100.0,0,,,,,,,,,,,,,,,,,,,,,,good,population_not_loaded,area_not_loaded
522100,2,2,0,0,100.0,0,,,,,,,,,,,,,,,,,,,,,,good,population_not_loaded,area_not_loaded
522108,3,2,1,1,66.66666666666666,1,,,,,,,,,,,,,,,,,,,,,,high_attention,population_not_loaded,area_not_loaded
522119,3,3,0,0,100.0,0,,,,,,,,,,,,,,,,,,,,,,good,population_not_loaded,area_not_loaded
522130,2,2,0,0,100.0,0,,,,,,,,,,,,,,,,,,,,,,good,population_not_loaded,area_not_loaded
522140,33,33,0,0,100.0,0,,,,,,,,,,,,,,,,,,,,,,good,population_not_loaded,area_not_loaded
522145,2,2,0,0,100.0,0,,,,,,,,,,,,,,,,,,,,,,good,population_not_loaded,area_not_loaded
522150,2,2,0,0,100.0,0,,,,,,,,,,,,,,,,,,,,,,good,population_not_loaded,area_not_loaded
522155,1,1,0,0,100.0,0,,,,,,,,,,,,,,,,,,,,,,good,population_not_loaded,area_not_loaded
522157,1,1,0,0,100.0,0,,,,,,,,,,,,,,,,,,,,,,good,population_not_loaded,area_not_loaded
522160,13,13,0,0,100.0,0,,,,,,,,,,,,,,,,,,,,,,good,population_not_loaded,area_not_loaded
522170,6,6,0,0,100.0,0,,,,,,,,,,,,,,,,,,,,,,good,population_not_loaded,area_not_loaded
522180,1,1,0,0,100.0,0,,,,,,,,,,,,,,,,,,,,,,good,population_not_loaded,area_not_loaded
522185,40,39,1,1,97.5,1,,,,,,,,,,,,,,,,,,,,,,good,population_not_loaded,area_not_loaded
522190,2,2,0,0,100.0,0,,,,,,,,,,,,,,,,,,,,,,good,population_not_loaded,area_not_loaded
522200,5,5,0,0,100.0,0,,,,,,,,,,,,,,,,,,,,,,good,population_not_loaded,area_not_loaded
522205,5,5,0,0,100.0,0,,,,,,,,,,,,,,,,,,,,,,good,population_not_loaded,area_not_loaded
522220,2,2,0,0,100.0,0,,,,,,,,,,,,,,,,,,,,,,good,population_not_loaded,area_not_loaded
522230,2,2,0,0,100.0,0,,,,,,,,,,,,,,,,,,,,,,good,population_not_loaded,area_not_loaded
530010,210,199,11,11,94.76190476190476,11,,,,,,,,,,,,,,,,,,,,,,monitor,population_not_loaded,area_not_loaded
530040,1,0,1,1,0.0,1,,,,,,,,,,,,,,,,,,,,,,high_attention,population_not_loaded,area_not_loaded
