ibge_municipio,ubs_in_operational_source,active_ubs_cnes_st,ubs_with_recent_sia_production,active_ubs_with_recent_sia_production,sia_record_rows,sia_quantity_all_procedures,sia_approved_value,sia_competence_observations,populacao_residente,sia_reporting_coverage_pct,sia_quantity_all_procedures_per_1000,sia_quantity_per_reporting_ubs,production_interpretation,consultation_specific_status
110001,4,4,1,1,2289,25134.0,298910.6999999977,2,21494.0,25.0,1169.3495859309576,25134.0,all_outpatient_procedures_reporting_proxy,not_yet_filtered_by_sigtap
110002,16,16,12,12,16269,179784.0,73624.28000000004,36,96833.0,75.0,1856.6397818925366,14982.0,all_outpatient_procedures_reporting_proxy,not_yet_filtered_by_sigtap
110003,3,3,0,0,0,0.0,0.0,0,5351.0,0.0,0.0,,all_outpatient_procedures_reporting_proxy,not_yet_filtered_by_sigtap
110004,15,13,0,0,0,0.0,0.0,0,86887.0,0.0,0.0,,all_outpatient_procedures_reporting_proxy,not_yet_filtered_by_sigtap
110005,6,4,4,4,52386,71645.0,1493.8900000000008,12,15890.0,100.0,4508.8105726872245,17911.25,all_outpatient_procedures_reporting_proxy,not_yet_filtered_by_sigtap
110006,5,5,5,5,3492,10745.0,0.0,5,15663.0,100.0,686.0116197407904,2149.0,all_outpatient_procedures_reporting_proxy,not_yet_filtered_by_sigtap
110007,4,4,3,3,4236,33418.0,3911.58,9,7519.0,75.0,4444.473999202022,11139.333333333334,all_outpatient_procedures_reporting_proxy,not_yet_filtered_by_sigtap
110008,3,3,3,3,86,86.0,31.0,3,12627.0,100.0,6.81080224914865,28.666666666666668,all_outpatient_procedures_reporting_proxy,not_yet_filtered_by_sigtap
110009,6,6,0,0,0,0.0,0.0,0,29414.0,0.0,0.0,,all_outpatient_procedures_reporting_proxy,not_yet_filtered_by_sigtap
110010,10,9,0,0,0,0.0,0.0,0,39387.0,0.0,0.0,,all_outpatient_procedures_reporting_proxy,not_yet_filtered_by_sigtap
110011,12,11,0,0,0,0.0,0.0,0,50591.0,0.0,0.0,,all_outpatient_procedures_reporting_proxy,not_yet_filtered_by_sigtap
110012,17,17,0,0,0,0.0,0.0,0,124333.0,0.0,0.0,,all_outpatient_procedures_reporting_proxy,not_yet_filtered_by_sigtap
110013,9,7,6,6,1928,25501.0,126229.94999999968,11,30707.0,85.71428571428571,830.4621096166998,4250.166666666667,all_outpatient_procedures_reporting_proxy,not_yet_filtered_by_sigtap
110014,5,3,0,0,0,0.0,0.0,0,15679.0,0.0,0.0,,all_outpatient_procedures_reporting_proxy,not_yet_filtered_by_sigtap
110015,7,7,6,6,8,1179.0,11790.0,6,35044.0,85.71428571428571,33.643419700947376,196.5,all_outpatient_procedures_reporting_proxy,not_yet_filtered_by_sigtap
110018,8,8,5,5,34,34.0,340.0,5,35079.0,62.5,0.9692408563528037,6.8,all_outpatient_procedures_reporting_proxy,not_yet_filtered_by_sigtap
110020,60,49,37,37,10423,68552.0,246168.81999999876,73,460434.0,75.51020408163265,148.8856166138904,1852.7567567567567,all_outpatient_procedures_reporting_proxy,not_yet_filtered_by_sigtap
110025,9,8,1,1,1017,2040.0,10134.960000000032,2,19327.0,12.5,105.55181869922906,2040.0,all_outpatient_procedures_reporting_proxy,not_yet_filtered_by_sigtap
110026,1,1,0,0,0,0.0,0.0,0,3471.0,0.0,0.0,,all_outpatient_procedures_reporting_proxy,not_yet_filtered_by_sigtap
110028,15,11,0,0,0,0.0,0.0,0,56406.0,0.0,0.0,,all_outpatient_procedures_reporting_proxy,not_yet_filtered_by_sigtap
110029,2,2,2,2,37186,37622.0,9294.110000000013,6,7419.0,100.0,5071.033832052837,18811.0,all_outpatient_procedures_reporting_proxy,not_yet_filtered_by_sigtap
110030,10,8,0,0,0,0.0,0.0,0,95832.0,0.0,0.0,,all_outpatient_procedures_reporting_proxy,not_yet_filtered_by_sigtap
110032,4,4,4,4,17210,17275.0,10127.80000000004,4,21635.0,100.0,798.4746937832217,4318.75,all_outpatient_procedures_reporting_proxy,not_yet_filtered_by_sigtap
110033,4,4,2,2,760,8441.0,42217.11000000053,3,25444.0,50.0,331.7481528061625,4220.5,all_outpatient_procedures_reporting_proxy,not_yet_filtered_by_sigtap
110034,6,6,5,5,34855,34929.0,12805.429999999984,15,13117.0,83.33333333333334,2662.880231760311,6985.8,all_outpatient_procedures_reporting_proxy,not_yet_filtered_by_sigtap
110037,6,6,0,0,0,0.0,0.0,0,11479.0,0.0,0.0,,all_outpatient_procedures_reporting_proxy,not_yet_filtered_by_sigtap
110040,5,5,1,1,1,2.0,0.0,1,16320.0,20.0,0.12254901960784313,2.0,all_outpatient_procedures_reporting_proxy,not_yet_filtered_by_sigtap
110045,6,6,6,6,10917,87398.0,49596.80999999983,12,27992.0,100.0,3122.2492140611603,14566.333333333334,all_outpatient_procedures_reporting_proxy,not_yet_filtered_by_sigtap
110050,2,2,0,0,0,0.0,0.0,0,7667.0,0.0,0.0,,all_outpatient_procedures_reporting_proxy,not_yet_filtered_by_sigtap
110060,3,3,0,0,0,0.0,0.0,0,4150.0,0.0,0.0,,all_outpatient_procedures_reporting_proxy,not_yet_filtered_by_sigtap
110070,5,5,5,5,857,7861.0,463.43,5,8844.0,100.0,888.8511985526911,1572.2,all_outpatient_procedures_reporting_proxy,not_yet_filtered_by_sigtap
110080,4,3,1,1,345,1843.0,0.0,2,22310.0,33.33333333333333,82.6086956521739,1843.0,all_outpatient_procedures_reporting_proxy,not_yet_filtered_by_sigtap
110090,2,2,2,2,1651,11215.0,2421.3599999999997,6,3233.0,100.0,3468.9143210640273,5607.5,all_outpatient_procedures_reporting_proxy,not_yet_filtered_by_sigtap
110092,7,6,6,6,20827,21310.0,6492.100000000063,12,9324.0,100.0,2285.4997854997855,3551.6666666666665,all_outpatient_procedures_reporting_proxy,not_yet_filtered_by_sigtap
110094,5,3,1,1,20,179.0,0.0,1,14863.0,33.33333333333333,12.043329072192693,179.0,all_outpatient_procedures_reporting_proxy,not_yet_filtered_by_sigtap
110100,4,4,0,0,0,0.0,0.0,0,8001.0,0.0,0.0,,all_outpatient_procedures_reporting_proxy,not_yet_filtered_by_sigtap
110110,2,2,0,0,0,0.0,0.0,0,8548.0,0.0,0.0,,all_outpatient_procedures_reporting_proxy,not_yet_filtered_by_sigtap
110120,2,2,0,0,0,0.0,0.0,0,6466.0,0.0,0.0,,all_outpatient_procedures_reporting_proxy,not_yet_filtered_by_sigtap
110130,2,2,0,0,0,0.0,0.0,0,9235.0,0.0,0.0,,all_outpatient_procedures_reporting_proxy,not_yet_filtered_by_sigtap
110140,9,8,8,8,7699,53790.0,20950.420000000013,24,11548.0,100.0,4657.949428472463,6723.75,all_outpatient_procedures_reporting_proxy,not_yet_filtered_by_sigtap
110143,1,1,0,0,0,0.0,0.0,0,6200.0,0.0,0.0,,all_outpatient_procedures_reporting_proxy,not_yet_filtered_by_sigtap
110145,3,3,0,0,0,0.0,0.0,0,4125.0,0.0,0.0,,all_outpatient_procedures_reporting_proxy,not_yet_filtered_by_sigtap
110146,2,1,1,1,3952,4044.0,70.0,2,2156.0,100.0,1875.69573283859,4044.0,all_outpatient_procedures_reporting_proxy,not_yet_filtered_by_sigtap
110147,3,3,3,3,202,3255.0,4662.9000000000015,9,3076.0,100.0,1058.192457737321,1085.0,all_outpatient_procedures_reporting_proxy,not_yet_filtered_by_sigtap
110148,3,2,0,0,0,0.0,0.0,0,5258.0,0.0,0.0,,all_outpatient_procedures_reporting_proxy,not_yet_filtered_by_sigtap
110149,6,6,6,6,70996,97171.0,265026.1799999936,18,16286.0,100.0,5966.535674812722,16195.166666666666,all_outpatient_procedures_reporting_proxy,not_yet_filtered_by_sigtap
110150,3,3,1,1,837,12260.0,1858.0,1,11171.0,33.33333333333333,1097.484558231134,12260.0,all_outpatient_procedures_reporting_proxy,not_yet_filtered_by_sigtap
110155,1,1,0,0,0,0.0,0.0,0,4256.0,0.0,0.0,,all_outpatient_procedures_reporting_proxy,not_yet_filtered_by_sigtap
110160,5,5,1,1,22,196.0,1085.9000000000003,1,8113.0,20.0,24.158757549611735,196.0,all_outpatient_procedures_reporting_proxy,not_yet_filtered_by_sigtap
110170,3,3,1,1,81,526.0,22030.0,3,10725.0,33.33333333333333,49.044289044289044,526.0,all_outpatient_procedures_reporting_proxy,not_yet_filtered_by_sigtap
110175,3,3,0,0,0,0.0,0.0,0,7788.0,0.0,0.0,,all_outpatient_procedures_reporting_proxy,not_yet_filtered_by_sigtap
110180,3,2,0,0,0,0.0,0.0,0,6479.0,0.0,0.0,,all_outpatient_procedures_reporting_proxy,not_yet_filtered_by_sigtap
120001,6,6,0,0,0,0.0,0.0,0,14021.0,0.0,0.0,,all_outpatient_procedures_reporting_proxy,not_yet_filtered_by_sigtap
120005,4,4,0,0,0,0.0,0.0,0,8100.0,0.0,0.0,,all_outpatient_procedures_reporting_proxy,not_yet_filtered_by_sigtap
120010,10,9,0,0,0,0.0,0.0,0,26000.0,0.0,0.0,,all_outpatient_procedures_reporting_proxy,not_yet_filtered_by_sigtap
120013,6,6,0,0,0,0.0,0.0,0,12917.0,0.0,0.0,,all_outpatient_procedures_reporting_proxy,not_yet_filtered_by_sigtap
120017,6,6,0,0,0,0.0,0.0,0,10392.0,0.0,0.0,,all_outpatient_procedures_reporting_proxy,not_yet_filtered_by_sigtap
120020,30,30,2,2,5,216.0,546.0,3,91888.0,6.666666666666667,2.350687793835974,108.0,all_outpatient_procedures_reporting_proxy,not_yet_filtered_by_sigtap
120025,8,8,0,0,0,0.0,0.0,0,18757.0,0.0,0.0,,all_outpatient_procedures_reporting_proxy,not_yet_filtered_by_sigtap
120030,8,8,0,0,0,0.0,0.0,0,35426.0,0.0,0.0,,all_outpatient_procedures_reporting_proxy,not_yet_filtered_by_sigtap
120032,5,4,0,0,0,0.0,0.0,0,9222.0,0.0,0.0,,all_outpatient_procedures_reporting_proxy,not_yet_filtered_by_sigtap
120033,10,9,9,9,1035,3081.0,103541.7,27,19294.0,100.0,159.6869493106665,342.3333333333333,all_outpatient_procedures_reporting_proxy,not_yet_filtered_by_sigtap
120034,4,3,0,0,0,0.0,0.0,0,11996.0,0.0,0.0,,all_outpatient_procedures_reporting_proxy,not_yet_filtered_by_sigtap
120035,5,5,0,0,0,0.0,0.0,0,17093.0,0.0,0.0,,all_outpatient_procedures_reporting_proxy,not_yet_filtered_by_sigtap
120038,8,8,0,0,0,0.0,0.0,0,16560.0,0.0,0.0,,all_outpatient_procedures_reporting_proxy,not_yet_filtered_by_sigtap
120039,5,5,0,0,0,0.0,0.0,0,10735.0,0.0,0.0,,all_outpatient_procedures_reporting_proxy,not_yet_filtered_by_sigtap
120040,107,72,63,63,107300,659026.0,107119.04999999999,188,364756.0,87.5,1806.7584906074196,10460.730158730159,all_outpatient_procedures_reporting_proxy,not_yet_filtered_by_sigtap
120042,9,9,0,0,0,0.0,0.0,0,14938.0,0.0,0.0,,all_outpatient_procedures_reporting_proxy,not_yet_filtered_by_sigtap
120043,2,2,0,0,0,0.0,0.0,0,6723.0,0.0,0.0,,all_outpatient_procedures_reporting_proxy,not_yet_filtered_by_sigtap
120045,11,9,0,0,0,0.0,0.0,0,21454.0,0.0,0.0,,all_outpatient_procedures_reporting_proxy,not_yet_filtered_by_sigtap
120050,17,17,2,2,132,971.0,3686.33,5,41343.0,11.76470588235294,23.48644268679099,485.5,all_outpatient_procedures_reporting_proxy,not_yet_filtered_by_sigtap
120060,10,9,0,0,0,0.0,0.0,0,43467.0,0.0,0.0,,all_outpatient_procedures_reporting_proxy,not_yet_filtered_by_sigtap
120070,8,8,0,0,0,0.0,0.0,0,18243.0,0.0,0.0,,all_outpatient_procedures_reporting_proxy,not_yet_filtered_by_sigtap
120080,5,5,0,0,0,0.0,0.0,0,16693.0,0.0,0.0,,all_outpatient_procedures_reporting_proxy,not_yet_filtered_by_sigtap
130002,6,6,0,0,0,0.0,0.0,0,15866.0,0.0,0.0,,all_outpatient_procedures_reporting_proxy,not_yet_filtered_by_sigtap
130006,3,3,0,0,0,0.0,0.0,0,10819.0,0.0,0.0,,all_outpatient_procedures_reporting_proxy,not_yet_filtered_by_sigtap
130008,1,1,0,0,0,0.0,0.0,0,9962.0,0.0,0.0,,all_outpatient_procedures_reporting_proxy,not_yet_filtered_by_sigtap
130010,5,5,5,5,244,754.0,356.0,8,17194.0,100.0,43.85250668837966,150.8,all_outpatient_procedures_reporting_proxy,not_yet_filtered_by_sigtap
130014,8,8,8,8,874,874.0,1316.8,23,20647.0,100.0,42.33060493049838,109.25,all_outpatient_procedures_reporting_proxy,not_yet_filtered_by_sigtap
130020,6,5,0,0,0,0.0,0.0,0,15314.0,0.0,0.0,,all_outpatient_procedures_reporting_proxy,not_yet_filtered_by_sigtap
130030,13,13,0,0,0,0.0,0.0,0,41564.0,0.0,0.0,,all_outpatient_procedures_reporting_proxy,not_yet_filtered_by_sigtap
130040,7,7,0,0,0,0.0,0.0,0,18834.0,0.0,0.0,,all_outpatient_procedures_reporting_proxy,not_yet_filtered_by_sigtap
130050,12,11,8,8,2713,2713.0,1220.0,19,31051.0,72.72727272727273,87.37238736272583,339.125,all_outpatient_procedures_reporting_proxy,not_yet_filtered_by_sigtap
130060,6,6,0,0,0,0.0,0.0,0,37648.0,0.0,0.0,,all_outpatient_procedures_reporting_proxy,not_yet_filtered_by_sigtap
130068,3,3,0,0,0,0.0,0.0,0,23785.0,0.0,0.0,,all_outpatient_procedures_reporting_proxy,not_yet_filtered_by_sigtap
130070,5,5,0,0,0,0.0,0.0,0,35447.0,0.0,0.0,,all_outpatient_procedures_reporting_proxy,not_yet_filtered_by_sigtap
130080,9,9,8,8,1683,1730.0,763.5,15,33080.0,88.88888888888889,52.29746070133011,216.25,all_outpatient_procedures_reporting_proxy,not_yet_filtered_by_sigtap
130083,4,4,1,1,20,20.0,4500.0,1,13469.0,25.0,1.4848912317172769,20.0,all_outpatient_procedures_reporting_proxy,not_yet_filtered_by_sigtap
130090,3,3,0,0,0,0.0,0.0,0,16869.0,0.0,0.0,,all_outpatient_procedures_reporting_proxy,not_yet_filtered_by_sigtap
130100,6,6,0,0,0,0.0,0.0,0,28742.0,0.0,0.0,,all_outpatient_procedures_reporting_proxy,not_yet_filtered_by_sigtap
130110,13,13,0,0,0,0.0,0.0,0,30792.0,0.0,0.0,,all_outpatient_procedures_reporting_proxy,not_yet_filtered_by_sigtap
130120,15,15,0,0,0,0.0,0.0,0,70616.0,0.0,0.0,,all_outpatient_procedures_reporting_proxy,not_yet_filtered_by_sigtap
130140,4,4,0,0,0,0.0,0.0,0,33170.0,0.0,0.0,,all_outpatient_procedures_reporting_proxy,not_yet_filtered_by_sigtap
130150,4,4,0,0,0,0.0,0.0,0,17186.0,0.0,0.0,,all_outpatient_procedures_reporting_proxy,not_yet_filtered_by_sigtap
130160,4,4,4,4,475,793.0,34732.75000000002,9,25871.0,100.0,30.65208148119516,198.25,all_outpatient_procedures_reporting_proxy,not_yet_filtered_by_sigtap
130165,5,5,0,0,0,0.0,0.0,0,13815.0,0.0,0.0,,all_outpatient_procedures_reporting_proxy,not_yet_filtered_by_sigtap
130170,15,15,0,0,0,0.0,0.0,0,57473.0,0.0,0.0,,all_outpatient_procedures_reporting_proxy,not_yet_filtered_by_sigtap
130180,4,4,0,0,0,0.0,0.0,0,24311.0,0.0,0.0,,all_outpatient_procedures_reporting_proxy,not_yet_filtered_by_sigtap
130185,21,20,0,0,0,0.0,0.0,0,61163.0,0.0,0.0,,all_outpatient_procedures_reporting_proxy,not_yet_filtered_by_sigtap
130190,17,17,1,1,1217,1247.0,14.0,1,103598.0,5.88235294117647,12.036911909496324,1247.0,all_outpatient_procedures_reporting_proxy,not_yet_filtered_by_sigtap
130195,5,5,0,0,0,0.0,0.0,0,10937.0,0.0,0.0,,all_outpatient_procedures_reporting_proxy,not_yet_filtered_by_sigtap
130200,5,4,0,0,0,0.0,0.0,0,10162.0,0.0,0.0,,all_outpatient_procedures_reporting_proxy,not_yet_filtered_by_sigtap
130210,5,5,0,0,0,0.0,0.0,0,8858.0,0.0,0.0,,all_outpatient_procedures_reporting_proxy,not_yet_filtered_by_sigtap
130220,3,3,0,0,0,0.0,0.0,0,10742.0,0.0,0.0,,all_outpatient_procedures_reporting_proxy,not_yet_filtered_by_sigtap
130230,2,2,0,0,0,0.0,0.0,0,25172.0,0.0,0.0,,all_outpatient_procedures_reporting_proxy,not_yet_filtered_by_sigtap
130240,13,13,0,0,0,0.0,0.0,0,45448.0,0.0,0.0,,all_outpatient_procedures_reporting_proxy,not_yet_filtered_by_sigtap
130250,21,21,1,1,128,234.0,982.799999999999,2,101883.0,4.761904761904762,2.29675215688584,234.0,all_outpatient_procedures_reporting_proxy,not_yet_filtered_by_sigtap
130255,3,3,0,0,0,0.0,0.0,0,17107.0,0.0,0.0,,all_outpatient_procedures_reporting_proxy,not_yet_filtered_by_sigtap
130260,261,207,191,191,43871,87444.0,271610.5100000005,500,2063689.0,92.27053140096618,42.37266371047188,457.8219895287958,all_outpatient_procedures_reporting_proxy,not_yet_filtered_by_sigtap
130270,13,13,9,9,1524,37879.0,177697.08,23,53914.0,69.23076923076923,702.5818896761509,4208.777777777777,all_outpatient_procedures_reporting_proxy,not_yet_filtered_by_sigtap
130280,5,5,0,0,0,0.0,0.0,0,15529.0,0.0,0.0,,all_outpatient_procedures_reporting_proxy,not_yet_filtered_by_sigtap
130290,9,7,0,0,0,0.0,0.0,0,61204.0,0.0,0.0,,all_outpatient_procedures_reporting_proxy,not_yet_filtered_by_sigtap
130300,7,7,0,0,0,0.0,0.0,0,20136.0,0.0,0.0,,all_outpatient_procedures_reporting_proxy,not_yet_filtered_by_sigtap
130310,7,7,0,0,0,0.0,0.0,0,27062.0,0.0,0.0,,all_outpatient_procedures_reporting_proxy,not_yet_filtered_by_sigtap
130320,7,7,0,0,0,0.0,0.0,0,15761.0,0.0,0.0,,all_outpatient_procedures_reporting_proxy,not_yet_filtered_by_sigtap
130330,9,8,6,6,342,736.0,326.0,10,23818.0,75.0,30.90099924426904,122.66666666666667,all_outpatient_procedures_reporting_proxy,not_yet_filtered_by_sigtap
130340,21,20,7,7,1617,7123.0,64040.30000000002,21,96372.0,35.0,73.91150956709417,1017.5714285714286,all_outpatient_procedures_reporting_proxy,not_yet_filtered_by_sigtap
130350,4,4,1,1,77,77.0,17325.0,3,19373.0,25.0,3.9746038300727813,77.0,all_outpatient_procedures_reporting_proxy,not_yet_filtered_by_sigtap
130353,23,21,0,0,0,0.0,0.0,0,30668.0,0.0,0.0,,all_outpatient_procedures_reporting_proxy,not_yet_filtered_by_sigtap
130356,9,9,1,1,31,31.0,6975.0,3,24936.0,11.11111111111111,1.2431825473211422,31.0,all_outpatient_procedures_reporting_proxy,not_yet_filtered_by_sigtap
130360,5,4,0,0,0,0.0,0.0,0,14164.0,0.0,0.0,,all_outpatient_procedures_reporting_proxy,not_yet_filtered_by_sigtap
130370,7,7,1,1,21,21.0,0.0,1,28211.0,14.285714285714285,0.7443904859806458,21.0,all_outpatient_procedures_reporting_proxy,not_yet_filtered_by_sigtap
130380,6,6,0,0,0,0.0,0.0,0,51795.0,0.0,0.0,,all_outpatient_procedures_reporting_proxy,not_yet_filtered_by_sigtap
130390,6,6,1,1,296,296.0,8428.199999999972,1,32967.0,16.666666666666664,8.978675645342312,296.0,all_outpatient_procedures_reporting_proxy,not_yet_filtered_by_sigtap
130395,4,4,0,0,0,0.0,0.0,0,11670.0,0.0,0.0,,all_outpatient_procedures_reporting_proxy,not_yet_filtered_by_sigtap
130400,6,6,0,0,0,0.0,0.0,0,11559.0,0.0,0.0,,all_outpatient_procedures_reporting_proxy,not_yet_filtered_by_sigtap
130406,8,8,1,1,59,35092.0,89934.11,3,66764.0,12.5,525.6126055958301,35092.0,all_outpatient_procedures_reporting_proxy,not_yet_filtered_by_sigtap
130410,6,6,0,0,0,0.0,0.0,0,19599.0,0.0,0.0,,all_outpatient_procedures_reporting_proxy,not_yet_filtered_by_sigtap
130420,9,9,2,2,123,13344.0,39518.34,3,73669.0,22.22222222222222,181.1345342002742,6672.0,all_outpatient_procedures_reporting_proxy,not_yet_filtered_by_sigtap
130423,5,5,5,5,1958,425357.0,4873.28,10,19247.0,100.0,22099.91167454668,85071.4,all_outpatient_procedures_reporting_proxy,not_yet_filtered_by_sigtap
130426,3,3,0,0,0,0.0,0.0,0,14431.0,0.0,0.0,,all_outpatient_procedures_reporting_proxy,not_yet_filtered_by_sigtap
130430,5,5,0,0,0,0.0,0.0,0,18631.0,0.0,0.0,,all_outpatient_procedures_reporting_proxy,not_yet_filtered_by_sigtap
130440,5,5,0,0,0,0.0,0.0,0,23945.0,0.0,0.0,,all_outpatient_procedures_reporting_proxy,not_yet_filtered_by_sigtap
140002,10,8,0,0,0,0.0,0.0,0,13927.0,0.0,0.0,,all_outpatient_procedures_reporting_proxy,not_yet_filtered_by_sigtap
140005,8,8,0,0,0,0.0,0.0,0,21096.0,0.0,0.0,,all_outpatient_procedures_reporting_proxy,not_yet_filtered_by_sigtap
140010,56,48,2,2,454,9082.0,84069.25000000001,6,413486.0,4.166666666666666,21.964467962639606,4541.0,all_outpatient_procedures_reporting_proxy,not_yet_filtered_by_sigtap
140015,11,10,0,0,0,0.0,0.0,0,13923.0,0.0,0.0,,all_outpatient_procedures_reporting_proxy,not_yet_filtered_by_sigtap
140017,5,4,0,0,0,0.0,0.0,0,18682.0,0.0,0.0,,all_outpatient_procedures_reporting_proxy,not_yet_filtered_by_sigtap
140020,10,8,0,0,0,0.0,0.0,0,20957.0,0.0,0.0,,all_outpatient_procedures_reporting_proxy,not_yet_filtered_by_sigtap
140023,3,3,0,0,0,0.0,0.0,0,10656.0,0.0,0.0,,all_outpatient_procedures_reporting_proxy,not_yet_filtered_by_sigtap
140028,5,5,5,5,154,4330.0,0.0,10,10023.0,100.0,432.0063853137783,866.0,all_outpatient_procedures_reporting_proxy,not_yet_filtered_by_sigtap
140030,8,8,1,1,45,89.0,9900.0,1,18095.0,12.5,4.9184857695496,89.0,all_outpatient_procedures_reporting_proxy,not_yet_filtered_by_sigtap
140040,11,6,0,0,0,0.0,0.0,0,13986.0,0.0,0.0,,all_outpatient_procedures_reporting_proxy,not_yet_filtered_by_sigtap
140045,12,8,0,0,0,0.0,0.0,0,19305.0,0.0,0.0,,all_outpatient_procedures_reporting_proxy,not_yet_filtered_by_sigtap
140047,14,13,3,3,497,3919.0,19120.20999999997,7,32647.0,23.076923076923077,120.04165773271663,1306.3333333333333,all_outpatient_procedures_reporting_proxy,not_yet_filtered_by_sigtap
140050,2,2,0,0,0,0.0,0.0,0,8858.0,0.0,0.0,,all_outpatient_procedures_reporting_proxy,not_yet_filtered_by_sigtap
140060,5,5,0,0,0,0.0,0.0,0,7315.0,0.0,0.0,,all_outpatient_procedures_reporting_proxy,not_yet_filtered_by_sigtap
140070,8,3,0,0,0,0.0,0.0,0,13751.0,0.0,0.0,,all_outpatient_procedures_reporting_proxy,not_yet_filtered_by_sigtap
150010,30,30,2,2,394,5438.0,35907.35,4,158188.0,6.666666666666667,34.37681745770855,2719.0,all_outpatient_procedures_reporting_proxy,not_yet_filtered_by_sigtap
150013,3,3,0,0,0,0.0,0.0,0,6136.0,0.0,0.0,,all_outpatient_procedures_reporting_proxy,not_yet_filtered_by_sigtap
150020,11,11,6,6,934,6867.0,44664.119999999995,11,59023.0,54.54545454545454,116.34447588228318,1144.5,all_outpatient_procedures_reporting_proxy,not_yet_filtered_by_sigtap
150030,6,6,0,0,0,0.0,0.0,0,37765.0,0.0,0.0,,all_outpatient_procedures_reporting_proxy,not_yet_filtered_by_sigtap
150034,9,9,0,0,0,0.0,0.0,0,18080.0,0.0,0.0,,all_outpatient_procedures_reporting_proxy,not_yet_filtered_by_sigtap
150040,6,6,0,0,0,0.0,0.0,0,69377.0,0.0,0.0,,all_outpatient_procedures_reporting_proxy,not_yet_filtered_by_sigtap
150050,9,9,0,0,0,0.0,0.0,0,34280.0,0.0,0.0,,all_outpatient_procedures_reporting_proxy,not_yet_filtered_by_sigtap
150060,28,27,0,0,0,0.0,0.0,0,126279.0,0.0,0.0,,all_outpatient_procedures_reporting_proxy,not_yet_filtered_by_sigtap
150070,1,1,1,1,59,59.0,13275.0,3,28011.0,100.0,2.1063153761022453,59.0,all_outpatient_procedures_reporting_proxy,not_yet_filtered_by_sigtap
150080,72,66,7,7,1344,471181.0,1957056.48,21,478778.0,10.606060606060606,984.1325207089716,67311.57142857143,all_outpatient_procedures_reporting_proxy,not_yet_filtered_by_sigtap
150085,10,10,0,0,0,0.0,0.0,0,31850.0,0.0,0.0,,all_outpatient_procedures_reporting_proxy,not_yet_filtered_by_sigtap
150090,4,4,0,0,0,0.0,0.0,0,44573.0,0.0,0.0,,all_outpatient_procedures_reporting_proxy,not_yet_filtered_by_sigtap
150095,9,9,1,1,271,305.0,2943.3,3,23774.0,11.11111111111111,12.829141078489107,305.0,all_outpatient_procedures_reporting_proxy,not_yet_filtered_by_sigtap
150100,7,7,0,0,0,0.0,0.0,0,18290.0,0.0,0.0,,all_outpatient_procedures_reporting_proxy,not_yet_filtered_by_sigtap
150110,6,5,1,1,64,64.0,14400.0,3,31892.0,20.0,2.0067728583970905,64.0,all_outpatient_procedures_reporting_proxy,not_yet_filtered_by_sigtap
150120,14,14,2,2,324,430.0,0.0,3,51641.0,14.285714285714285,8.326717143355086,215.0,all_outpatient_procedures_reporting_proxy,not_yet_filtered_by_sigtap
150125,2,2,0,0,0,0.0,0.0,0,4031.0,0.0,0.0,,all_outpatient_procedures_reporting_proxy,not_yet_filtered_by_sigtap
150130,31,30,1,1,40,483.0,8721.6,2,126650.0,3.3333333333333335,3.8136596920647454,483.0,all_outpatient_procedures_reporting_proxy,not_yet_filtered_by_sigtap
150140,98,95,9,9,9257,234612.0,846811.9899999988,24,1303403.0,9.473684210526317,179.99958569989482,26068.0,all_outpatient_procedures_reporting_proxy,not_yet_filtered_by_sigtap
150145,10,10,0,0,0,0.0,0.0,0,18099.0,0.0,0.0,,all_outpatient_procedures_reporting_proxy,not_yet_filtered_by_sigtap
150150,18,18,1,1,1988,50564.0,253964.58000000063,3,63567.0,5.555555555555555,795.4441770100839,50564.0,all_outpatient_procedures_reporting_proxy,not_yet_filtered_by_sigtap
150157,5,5,0,0,0,0.0,0.0,0,18005.0,0.0,0.0,,all_outpatient_procedures_reporting_proxy,not_yet_filtered_by_sigtap
150160,9,8,0,0,0,0.0,0.0,0,12622.0,0.0,0.0,,all_outpatient_procedures_reporting_proxy,not_yet_filtered_by_sigtap
150170,33,32,1,1,46,46.0,10350.0,1,123082.0,3.125,0.37373458344843274,46.0,all_outpatient_procedures_reporting_proxy,not_yet_filtered_by_sigtap
150172,7,7,1,1,113,113.0,25425.0,2,24718.0,14.285714285714285,4.57156727890606,113.0,all_outpatient_procedures_reporting_proxy,not_yet_filtered_by_sigtap
150175,4,4,0,0,0,0.0,0.0,0,6783.0,0.0,0.0,,all_outpatient_procedures_reporting_proxy,not_yet_filtered_by_sigtap
150178,18,18,1,1,16,16.0,3600.0,1,45712.0,5.555555555555555,0.35001750087504374,16.0,all_outpatient_procedures_reporting_proxy,not_yet_filtered_by_sigtap
150180,21,21,0,0,0,0.0,0.0,0,106968.0,0.0,0.0,,all_outpatient_procedures_reporting_proxy,not_yet_filtered_by_sigtap
150190,10,9,6,6,214,948.0,424.52,10,24383.0,66.66666666666666,38.87954722552598,158.0,all_outpatient_procedures_reporting_proxy,not_yet_filtered_by_sigtap
150195,15,14,3,3,1397,21915.0,117651.9000000001,9,19630.0,21.428571428571427,1116.4034640855834,7305.0,all_outpatient_procedures_reporting_proxy,not_yet_filtered_by_sigtap
150200,9,8,0,0,0,0.0,0.0,0,23981.0,0.0,0.0,,all_outpatient_procedures_reporting_proxy,not_yet_filtered_by_sigtap
150210,30,30,1,1,17,619.0,1628.2499999999998,1,134184.0,3.3333333333333335,4.613068622190425,619.0,all_outpatient_procedures_reporting_proxy,not_yet_filtered_by_sigtap
150215,14,14,2,2,4,97.0,499.55,4,77079.0,14.285714285714285,1.2584491236264093,48.5,all_outpatient_procedures_reporting_proxy,not_yet_filtered_by_sigtap
150220,24,23,1,1,258,1152.0,4991.000000000002,1,70394.0,4.3478260869565215,16.365031110606015,1152.0,all_outpatient_procedures_reporting_proxy,not_yet_filtered_by_sigtap
150230,15,15,1,1,289,2188.0,10947.360000000002,2,56506.0,6.666666666666667,38.72155169362546,2188.0,all_outpatient_procedures_reporting_proxy,not_yet_filtered_by_sigtap
150240,50,44,34,34,5634,6935.0,21722.84000000001,96,192256.0,77.27272727272727,36.07169607190413,203.97058823529412,all_outpatient_procedures_reporting_proxy,not_yet_filtered_by_sigtap
150250,5,5,0,0,0,0.0,0.0,0,20757.0,0.0,0.0,,all_outpatient_procedures_reporting_proxy,not_yet_filtered_by_sigtap
150260,5,5,1,1,2066,4914.0,23695.880000000136,3,12868.0,20.0,381.87752564501085,4914.0,all_outpatient_procedures_reporting_proxy,not_yet_filtered_by_sigtap
150270,15,14,0,0,0,0.0,0.0,0,44617.0,0.0,0.0,,all_outpatient_procedures_reporting_proxy,not_yet_filtered_by_sigtap
150275,8,8,1,1,5,58.0,73.16,1,26881.0,12.5,2.157657825229716,58.0,all_outpatient_procedures_reporting_proxy,not_yet_filtered_by_sigtap
150276,6,5,1,1,20,20.0,4500.0,1,14036.0,20.0,1.4249073810202335,20.0,all_outpatient_procedures_reporting_proxy,not_yet_filtered_by_sigtap
150277,7,7,0,0,0,0.0,0.0,0,19950.0,0.0,0.0,,all_outpatient_procedures_reporting_proxy,not_yet_filtered_by_sigtap
150280,8,8,1,1,21,21.0,0.0,2,33903.0,12.5,0.6194142111317582,21.0,all_outpatient_procedures_reporting_proxy,not_yet_filtered_by_sigtap
150285,6,6,1,1,8482,27023.0,109885.05999999828,3,14117.0,16.666666666666664,1914.2169016079904,27023.0,all_outpatient_procedures_reporting_proxy,not_yet_filtered_by_sigtap
150290,14,14,0,0,0,0.0,0.0,0,41262.0,0.0,0.0,,all_outpatient_procedures_reporting_proxy,not_yet_filtered_by_sigtap
150293,14,14,0,0,0,0.0,0.0,0,58484.0,0.0,0.0,,all_outpatient_procedures_reporting_proxy,not_yet_filtered_by_sigtap
150295,8,8,1,1,103,184.0,1840.0,3,28192.0,12.5,6.526674233825198,184.0,all_outpatient_procedures_reporting_proxy,not_yet_filtered_by_sigtap
150300,5,4,0,0,0,0.0,0.0,0,8728.0,0.0,0.0,,all_outpatient_procedures_reporting_proxy,not_yet_filtered_by_sigtap
150304,10,9,0,0,0,0.0,0.0,0,17898.0,0.0,0.0,,all_outpatient_procedures_reporting_proxy,not_yet_filtered_by_sigtap
150307,10,10,2,2,664,778.0,3052.219999999996,6,24703.0,20.0,31.49415050803546,389.0,all_outpatient_procedures_reporting_proxy,not_yet_filtered_by_sigtap
150309,10,10,0,0,0,0.0,0.0,0,26362.0,0.0,0.0,,all_outpatient_procedures_reporting_proxy,not_yet_filtered_by_sigtap
150310,6,5,0,0,0,0.0,0.0,0,31786.0,0.0,0.0,,all_outpatient_procedures_reporting_proxy,not_yet_filtered_by_sigtap
150320,17,15,13,13,3511,4100.0,1273.0,34,35797.0,86.66666666666667,114.5347375478392,315.38461538461536,all_outpatient_procedures_reporting_proxy,not_yet_filtered_by_sigtap
150330,17,17,0,0,0,0.0,0.0,0,64831.0,0.0,0.0,,all_outpatient_procedures_reporting_proxy,not_yet_filtered_by_sigtap
150340,6,6,2,2,133,133.0,44.0,6,10325.0,33.33333333333333,12.88135593220339,66.5,all_outpatient_procedures_reporting_proxy,not_yet_filtered_by_sigtap
150345,19,19,1,1,3258,3301.0,140713.7499999997,3,30329.0,5.263157894736842,108.83972435622671,3301.0,all_outpatient_procedures_reporting_proxy,not_yet_filtered_by_sigtap
150350,5,5,0,0,0,0.0,0.0,0,30955.0,0.0,0.0,,all_outpatient_procedures_reporting_proxy,not_yet_filtered_by_sigtap
150360,25,24,0,0,0,0.0,0.0,0,123314.0,0.0,0.0,,all_outpatient_procedures_reporting_proxy,not_yet_filtered_by_sigtap
150370,11,11,2,2,122,159.0,957.5999999999988,2,49754.0,18.181818181818183,3.195722956948185,79.5,all_outpatient_procedures_reporting_proxy,not_yet_filtered_by_sigtap
150375,3,3,1,1,851,851.0,5835.199999999992,3,24042.0,33.33333333333333,35.39638965144331,851.0,all_outpatient_procedures_reporting_proxy,not_yet_filtered_by_sigtap
150380,16,13,0,0,0,0.0,0.0,0,37707.0,0.0,0.0,,all_outpatient_procedures_reporting_proxy,not_yet_filtered_by_sigtap
150390,15,13,4,4,456,456.0,716.4000000000001,6,50881.0,30.76923076923077,8.962088009276547,114.0,all_outpatient_procedures_reporting_proxy,not_yet_filtered_by_sigtap
150400,10,10,0,0,0,0.0,0.0,0,29569.0,0.0,0.0,,all_outpatient_procedures_reporting_proxy,not_yet_filtered_by_sigtap
150405,9,9,2,2,306,306.0,7017.7999999999765,2,34353.0,22.22222222222222,8.907518993974326,153.0,all_outpatient_procedures_reporting_proxy,not_yet_filtered_by_sigtap
150410,5,5,0,0,0,0.0,0.0,0,8115.0,0.0,0.0,,all_outpatient_procedures_reporting_proxy,not_yet_filtered_by_sigtap
150420,21,21,2,2,459,34002.0,243381.36000000004,4,266533.0,9.523809523809524,127.57144518689995,17001.0,all_outpatient_procedures_reporting_proxy,not_yet_filtered_by_sigtap
150430,11,11,1,1,44,44.0,44.0,1,25971.0,9.090909090909092,1.6941973739940703,44.0,all_outpatient_procedures_reporting_proxy,not_yet_filtered_by_sigtap
150440,10,9,7,7,307,307.0,102.0,14,26573.0,77.77777777777779,11.553080194182066,43.857142857142854,all_outpatient_procedures_reporting_proxy,not_yet_filtered_by_sigtap
150442,20,20,4,4,527,18947.0,81137.4,12,111785.0,20.0,169.49501274768528,4736.75,all_outpatient_procedures_reporting_proxy,not_yet_filtered_by_sigtap
150445,9,7,0,0,0,0.0,0.0,0,27094.0,0.0,0.0,,all_outpatient_procedures_reporting_proxy,not_yet_filtered_by_sigtap
150450,6,6,0,0,0,0.0,0.0,0,27881.0,0.0,0.0,,all_outpatient_procedures_reporting_proxy,not_yet_filtered_by_sigtap
150460,8,8,0,0,0,0.0,0.0,0,27198.0,0.0,0.0,,all_outpatient_procedures_reporting_proxy,not_yet_filtered_by_sigtap
150470,15,15,2,2,188,863.0,8062.2500000000055,4,84094.0,13.333333333333334,10.262325492900802,431.5,all_outpatient_procedures_reporting_proxy,not_yet_filtered_by_sigtap
150475,12,10,1,1,192,780.0,5588.4,3,23501.0,10.0,33.19007701799923,780.0,all_outpatient_procedures_reporting_proxy,not_yet_filtered_by_sigtap
150480,16,16,0,0,0,0.0,0.0,0,60012.0,0.0,0.0,,all_outpatient_procedures_reporting_proxy,not_yet_filtered_by_sigtap
150490,7,7,1,1,55,75.0,12150.0,2,45368.0,14.285714285714285,1.6531475930171047,75.0,all_outpatient_procedures_reporting_proxy,not_yet_filtered_by_sigtap
150495,8,8,0,0,0,0.0,0.0,0,20478.0,0.0,0.0,,all_outpatient_procedures_reporting_proxy,not_yet_filtered_by_sigtap
150500,8,8,0,0,0,0.0,0.0,0,12806.0,0.0,0.0,,all_outpatient_procedures_reporting_proxy,not_yet_filtered_by_sigtap
150503,9,9,0,0,0,0.0,0.0,0,33638.0,0.0,0.0,,all_outpatient_procedures_reporting_proxy,not_yet_filtered_by_sigtap
150506,1,1,0,0,0,0.0,0.0,0,60732.0,0.0,0.0,,all_outpatient_procedures_reporting_proxy,not_yet_filtered_by_sigtap
150510,15,14,8,8,240,241.0,241.0,8,52229.0,57.14285714285714,4.6142947404698536,30.125,all_outpatient_procedures_reporting_proxy,not_yet_filtered_by_sigtap
150520,8,7,0,0,0,0.0,0.0,0,33844.0,0.0,0.0,,all_outpatient_procedures_reporting_proxy,not_yet_filtered_by_sigtap
150530,10,10,1,1,135,316.0,3160.0,2,68294.0,10.0,4.627053621108735,316.0,all_outpatient_procedures_reporting_proxy,not_yet_filtered_by_sigtap
150540,8,8,0,0,0,0.0,0.0,0,17855.0,0.0,0.0,,all_outpatient_procedures_reporting_proxy,not_yet_filtered_by_sigtap
150543,11,10,0,0,0,0.0,0.0,0,32467.0,0.0,0.0,,all_outpatient_procedures_reporting_proxy,not_yet_filtered_by_sigtap
150548,14,12,0,0,0,0.0,0.0,0,41097.0,0.0,0.0,,all_outpatient_procedures_reporting_proxy,not_yet_filtered_by_sigtap
150549,2,1,0,0,0,0.0,0.0,0,6885.0,0.0,0.0,,all_outpatient_procedures_reporting_proxy,not_yet_filtered_by_sigtap
150550,27,19,1,1,256,313.0,26325.0,2,105550.0,5.263157894736842,2.965419232591189,313.0,all_outpatient_procedures_reporting_proxy,not_yet_filtered_by_sigtap
150553,27,27,0,0,0,0.0,0.0,0,267836.0,0.0,0.0,,all_outpatient_procedures_reporting_proxy,not_yet_filtered_by_sigtap
150555,5,5,0,0,0,0.0,0.0,0,6931.0,0.0,0.0,,all_outpatient_procedures_reporting_proxy,not_yet_filtered_by_sigtap
150560,5,4,1,1,43,100.0,480.44,2,8285.0,25.0,12.070006035003017,100.0,all_outpatient_procedures_reporting_proxy,not_yet_filtered_by_sigtap
150563,7,6,0,0,0,0.0,0.0,0,12832.0,0.0,0.0,,all_outpatient_procedures_reporting_proxy,not_yet_filtered_by_sigtap
150570,7,7,0,0,0,0.0,0.0,0,24984.0,0.0,0.0,,all_outpatient_procedures_reporting_proxy,not_yet_filtered_by_sigtap
150580,16,15,0,0,0,0.0,0.0,0,62503.0,0.0,0.0,,all_outpatient_procedures_reporting_proxy,not_yet_filtered_by_sigtap
150590,17,17,0,0,0,0.0,0.0,0,40597.0,0.0,0.0,,all_outpatient_procedures_reporting_proxy,not_yet_filtered_by_sigtap
150600,9,9,0,0,0,0.0,0.0,0,35577.0,0.0,0.0,,all_outpatient_procedures_reporting_proxy,not_yet_filtered_by_sigtap
150610,6,6,0,0,0,0.0,0.0,0,10851.0,0.0,0.0,,all_outpatient_procedures_reporting_proxy,not_yet_filtered_by_sigtap
150611,2,2,1,1,1147,31755.0,93966.40000000013,3,11524.0,50.0,2755.5536272127733,31755.0,all_outpatient_procedures_reporting_proxy,not_yet_filtered_by_sigtap
150613,18,16,1,1,225,2589.0,650.0,3,85597.0,6.25,30.246387139736203,2589.0,all_outpatient_procedures_reporting_proxy,not_yet_filtered_by_sigtap
150616,8,7,0,0,0,0.0,0.0,0,18384.0,0.0,0.0,,all_outpatient_procedures_reporting_proxy,not_yet_filtered_by_sigtap
150618,14,12,1,1,46,46.0,0.0,1,53143.0,8.333333333333332,0.865589070997121,46.0,all_outpatient_procedures_reporting_proxy,not_yet_filtered_by_sigtap
150619,13,12,0,0,0,0.0,0.0,0,35769.0,0.0,0.0,,all_outpatient_procedures_reporting_proxy,not_yet_filtered_by_sigtap
150620,17,17,0,0,0,0.0,0.0,0,44772.0,0.0,0.0,,all_outpatient_procedures_reporting_proxy,not_yet_filtered_by_sigtap
150630,10,10,0,0,0,0.0,0.0,0,24129.0,0.0,0.0,,all_outpatient_procedures_reporting_proxy,not_yet_filtered_by_sigtap
150635,6,5,0,0,0,0.0,0.0,0,21087.0,0.0,0.0,,all_outpatient_procedures_reporting_proxy,not_yet_filtered_by_sigtap
150640,1,1,0,0,0,0.0,0.0,0,7445.0,0.0,0.0,,all_outpatient_procedures_reporting_proxy,not_yet_filtered_by_sigtap
150650,28,24,4,4,325,326.0,132.0,7,73019.0,16.666666666666664,4.4645914077158,81.5,all_outpatient_procedures_reporting_proxy,not_yet_filtered_by_sigtap
150655,1,1,1,1,21,21.0,5.0,1,20370.0,100.0,1.0309278350515465,21.0,all_outpatient_procedures_reporting_proxy,not_yet_filtered_by_sigtap
150658,11,9,0,0,0,0.0,0.0,0,16548.0,0.0,0.0,,all_outpatient_procedures_reporting_proxy,not_yet_filtered_by_sigtap
150660,13,12,11,11,3024,6599.0,46771.58000000006,25,24624.0,91.66666666666666,267.9905782975958,599.9090909090909,all_outpatient_procedures_reporting_proxy,not_yet_filtered_by_sigtap
150670,14,13,0,0,0,0.0,0.0,0,32413.0,0.0,0.0,,all_outpatient_procedures_reporting_proxy,not_yet_filtered_by_sigtap
150680,75,72,0,0,0,0.0,0.0,0,331942.0,0.0,0.0,,all_outpatient_procedures_reporting_proxy,not_yet_filtered_by_sigtap
150690,5,5,1,1,30,3853.0,11377.0,3,6116.0,20.0,629.9869195552649,3853.0,all_outpatient_procedures_reporting_proxy,not_yet_filtered_by_sigtap
150700,14,14,1,1,1254,53565.0,145973.45000000007,3,27461.0,7.142857142857142,1950.5844652416154,53565.0,all_outpatient_procedures_reporting_proxy,not_yet_filtered_by_sigtap
150710,9,9,0,0,0,0.0,0.0,0,16666.0,0.0,0.0,,all_outpatient_procedures_reporting_proxy,not_yet_filtered_by_sigtap
150715,8,8,0,0,0,0.0,0.0,0,21092.0,0.0,0.0,,all_outpatient_procedures_reporting_proxy,not_yet_filtered_by_sigtap
150720,19,17,16,16,3175,3364.0,16536.440000000002,46,30599.0,94.11764705882352,109.93823327559724,210.25,all_outpatient_procedures_reporting_proxy,not_yet_filtered_by_sigtap
150730,19,17,0,0,0,0.0,0.0,0,65418.0,0.0,0.0,,all_outpatient_procedures_reporting_proxy,not_yet_filtered_by_sigtap
150740,10,10,7,7,1421,24082.0,80054.97000000012,14,14894.0,70.0,1616.8927084732109,3440.285714285714,all_outpatient_procedures_reporting_proxy,not_yet_filtered_by_sigtap
150745,13,11,0,0,0,0.0,0.0,0,24255.0,0.0,0.0,,all_outpatient_procedures_reporting_proxy,not_yet_filtered_by_sigtap
150746,5,4,1,1,12,105.0,480.28,2,4430.0,25.0,23.702031602708804,105.0,all_outpatient_procedures_reporting_proxy,not_yet_filtered_by_sigtap
150747,10,10,0,0,0,0.0,0.0,0,20689.0,0.0,0.0,,all_outpatient_procedures_reporting_proxy,not_yet_filtered_by_sigtap
150750,6,6,0,0,0,0.0,0.0,0,13664.0,0.0,0.0,,all_outpatient_procedures_reporting_proxy,not_yet_filtered_by_sigtap
150760,15,14,1,1,9,9.0,0.0,1,52894.0,7.142857142857142,0.17015162400272243,9.0,all_outpatient_procedures_reporting_proxy,not_yet_filtered_by_sigtap
150770,11,11,0,0,0,0.0,0.0,0,25643.0,0.0,0.0,,all_outpatient_procedures_reporting_proxy,not_yet_filtered_by_sigtap
150775,2,2,1,1,2,2.0,11.42,1,5847.0,50.0,0.3420557550880794,2.0,all_outpatient_procedures_reporting_proxy,not_yet_filtered_by_sigtap
150780,6,6,0,0,0,0.0,0.0,0,22576.0,0.0,0.0,,all_outpatient_procedures_reporting_proxy,not_yet_filtered_by_sigtap
150795,10,10,0,0,0,0.0,0.0,0,72493.0,0.0,0.0,,all_outpatient_procedures_reporting_proxy,not_yet_filtered_by_sigtap
150796,6,6,0,0,0,0.0,0.0,0,10400.0,0.0,0.0,,all_outpatient_procedures_reporting_proxy,not_yet_filtered_by_sigtap
150800,18,18,18,18,4053,4059.0,1960.0,39,67585.0,100.0,60.05770511208108,225.5,all_outpatient_procedures_reporting_proxy,not_yet_filtered_by_sigtap
150803,14,13,0,0,0,0.0,0.0,0,28595.0,0.0,0.0,,all_outpatient_procedures_reporting_proxy,not_yet_filtered_by_sigtap
150805,8,8,1,1,33,44.0,4950.0,1,15242.0,12.5,2.8867602676814066,44.0,all_outpatient_procedures_reporting_proxy,not_yet_filtered_by_sigtap
150808,10,9,0,0,0,0.0,0.0,0,39550.0,0.0,0.0,,all_outpatient_procedures_reporting_proxy,not_yet_filtered_by_sigtap
150810,24,23,0,0,0,0.0,0.0,0,91306.0,0.0,0.0,,all_outpatient_procedures_reporting_proxy,not_yet_filtered_by_sigtap
150812,9,9,1,1,210,210.0,11620.0,1,37972.0,11.11111111111111,5.5303908142842095,210.0,all_outpatient_procedures_reporting_proxy,not_yet_filtered_by_sigtap
150815,7,7,0,0,0,0.0,0.0,0,43558.0,0.0,0.0,,all_outpatient_procedures_reporting_proxy,not_yet_filtered_by_sigtap
150820,14,14,2,2,674,1385.0,13354.95,4,50832.0,14.285714285714285,27.246616304689958,692.5,all_outpatient_procedures_reporting_proxy,not_yet_filtered_by_sigtap
150830,25,25,2,2,896,896.0,25271.94999999997,4,58692.0,8.0,15.266135078034486,448.0,all_outpatient_procedures_reporting_proxy,not_yet_filtered_by_sigtap
150835,11,10,0,0,0,0.0,0.0,0,15607.0,0.0,0.0,,all_outpatient_procedures_reporting_proxy,not_yet_filtered_by_sigtap
150840,15,15,1,1,728,1043.0,2539.4,2,52893.0,6.666666666666667,19.719055451572043,1043.0,all_outpatient_procedures_reporting_proxy,not_yet_filtered_by_sigtap
160005,7,6,0,0,0,0.0,0.0,0,4673.0,0.0,0.0,,all_outpatient_procedures_reporting_proxy,not_yet_filtered_by_sigtap
160010,9,9,2,2,86,86.0,86.0,4,7943.0,22.22222222222222,10.8271433967015,43.0,all_outpatient_procedures_reporting_proxy,not_yet_filtered_by_sigtap
160015,12,11,0,0,0,0.0,0.0,0,12847.0,0.0,0.0,,all_outpatient_procedures_reporting_proxy,not_yet_filtered_by_sigtap
160020,6,4,4,4,1482,9021.0,55219.84999999998,12,10612.0,100.0,850.0753863550698,2255.25,all_outpatient_procedures_reporting_proxy,not_yet_filtered_by_sigtap
160021,3,3,1,1,5,344.0,0.0,1,4461.0,33.33333333333333,77.11275498767093,344.0,all_outpatient_procedures_reporting_proxy,not_yet_filtered_by_sigtap
160023,7,7,0,0,0,0.0,0.0,0,6666.0,0.0,0.0,,all_outpatient_procedures_reporting_proxy,not_yet_filtered_by_sigtap
160025,7,7,7,7,62,7561.0,0.0,21,5599.0,100.0,1350.4197178067511,1080.142857142857,all_outpatient_procedures_reporting_proxy,not_yet_filtered_by_sigtap
160027,10,10,0,0,0,0.0,0.0,0,35114.0,0.0,0.0,,all_outpatient_procedures_reporting_proxy,not_yet_filtered_by_sigtap
160030,40,37,17,17,2683,526010.0,1727245.8899999997,32,442933.0,45.94594594594595,1187.5610984054022,30941.764705882353,all_outpatient_procedures_reporting_proxy,not_yet_filtered_by_sigtap
160040,10,9,0,0,0,0.0,0.0,0,21924.0,0.0,0.0,,all_outpatient_procedures_reporting_proxy,not_yet_filtered_by_sigtap
160050,7,6,0,0,0,0.0,0.0,0,27482.0,0.0,0.0,,all_outpatient_procedures_reporting_proxy,not_yet_filtered_by_sigtap
160053,8,7,0,0,0,0.0,0.0,0,17848.0,0.0,0.0,,all_outpatient_procedures_reporting_proxy,not_yet_filtered_by_sigtap
160055,3,3,1,1,1,9.0,46.35,1,3803.0,33.33333333333333,2.36655272153563,9.0,all_outpatient_procedures_reporting_proxy,not_yet_filtered_by_sigtap
160060,16,16,3,3,1531,14609.0,99760.7200000001,6,107618.0,18.75,135.74866657994016,4869.666666666667,all_outpatient_procedures_reporting_proxy,not_yet_filtered_by_sigtap
160070,9,9,0,0,0,0.0,0.0,0,12945.0,0.0,0.0,,all_outpatient_procedures_reporting_proxy,not_yet_filtered_by_sigtap
160080,8,8,0,0,0,0.0,0.0,0,11291.0,0.0,0.0,,all_outpatient_procedures_reporting_proxy,not_yet_filtered_by_sigtap
170025,1,1,1,1,490,2338.0,17477.710000000032,3,2576.0,100.0,907.608695652174,2338.0,all_outpatient_procedures_reporting_proxy,not_yet_filtered_by_sigtap
170030,3,2,1,1,54,54.0,5460.299999999997,1,4497.0,50.0,12.00800533689126,54.0,all_outpatient_procedures_reporting_proxy,not_yet_filtered_by_sigtap
170035,2,2,2,2,711,711.0,17105.549999999977,6,5147.0,100.0,138.13872158538953,355.5,all_outpatient_procedures_reporting_proxy,not_yet_filtered_by_sigtap
170040,1,1,0,0,0,0.0,0.0,0,6499.0,0.0,0.0,,all_outpatient_procedures_reporting_proxy,not_yet_filtered_by_sigtap
170070,5,3,3,3,1182,3067.0,19639.669999999976,9,8802.0,100.0,348.4435355601,1022.3333333333334,all_outpatient_procedures_reporting_proxy,not_yet_filtered_by_sigtap
170100,3,3,2,2,419,4357.0,30589.28000000002,4,10325.0,66.66666666666666,421.9854721549637,2178.5,all_outpatient_procedures_reporting_proxy,not_yet_filtered_by_sigtap
170105,2,2,1,1,188,188.0,16460.049999999992,3,2876.0,50.0,65.36856745479832,188.0,all_outpatient_procedures_reporting_proxy,not_yet_filtered_by_sigtap
170110,2,2,0,0,0,0.0,0.0,0,4856.0,0.0,0.0,,all_outpatient_procedures_reporting_proxy,not_yet_filtered_by_sigtap
170130,3,3,1,1,90,3789.0,9667.929999999998,3,5290.0,33.33333333333333,716.2570888468808,3789.0,all_outpatient_procedures_reporting_proxy,not_yet_filtered_by_sigtap
170190,2,2,2,2,380,2898.0,20392.6,6,5927.0,100.0,488.94887801585963,1449.0,all_outpatient_procedures_reporting_proxy,not_yet_filtered_by_sigtap
170200,3,3,0,0,0,0.0,0.0,0,8133.0,0.0,0.0,,all_outpatient_procedures_reporting_proxy,not_yet_filtered_by_sigtap
170210,23,23,23,23,38669,795980.0,1144493.7599999988,69,171301.0,100.0,4646.674566990269,34607.82608695652,all_outpatient_procedures_reporting_proxy,not_yet_filtered_by_sigtap
170215,3,3,0,0,0,0.0,0.0,0,4310.0,0.0,0.0,,all_outpatient_procedures_reporting_proxy,not_yet_filtered_by_sigtap
170220,12,11,2,2,36,36.0,0.0,4,31918.0,18.181818181818183,1.1278902186853814,18.0,all_outpatient_procedures_reporting_proxy,not_yet_filtered_by_sigtap
170230,1,1,1,1,54,54.0,12150.0,1,5550.0,100.0,9.72972972972973,54.0,all_outpatient_procedures_reporting_proxy,not_yet_filtered_by_sigtap
170240,6,5,1,1,79,1262.0,6246.899999999998,3,10287.0,20.0,122.67910955574999,1262.0,all_outpatient_procedures_reporting_proxy,not_yet_filtered_by_sigtap
170255,6,6,6,6,1723,11283.0,52385.95000000031,18,17484.0,100.0,645.3328757721345,1880.5,all_outpatient_procedures_reporting_proxy,not_yet_filtered_by_sigtap
170270,2,1,1,1,6336,14580.0,70989.4099999996,3,3342.0,100.0,4362.657091561939,14580.0,all_outpatient_procedures_reporting_proxy,not_yet_filtered_by_sigtap
170290,5,5,5,5,20289,29611.0,8091.550000000014,15,10262.0,100.0,2885.4999025531083,5922.2,all_outpatient_procedures_reporting_proxy,not_yet_filtered_by_sigtap
170300,5,5,0,0,0,0.0,0.0,0,7880.0,0.0,0.0,,all_outpatient_procedures_reporting_proxy,not_yet_filtered_by_sigtap
170305,1,1,0,0,0,0.0,0.0,0,3407.0,0.0,0.0,,all_outpatient_procedures_reporting_proxy,not_yet_filtered_by_sigtap
170307,2,2,0,0,0,0.0,0.0,0,4476.0,0.0,0.0,,all_outpatient_procedures_reporting_proxy,not_yet_filtered_by_sigtap
170310,2,2,1,1,82,4994.0,5725.109999999999,1,4846.0,50.0,1030.5406520841932,4994.0,all_outpatient_procedures_reporting_proxy,not_yet_filtered_by_sigtap
170320,1,1,1,1,155,806.0,3900.600000000001,3,4229.0,100.0,190.58879167651926,806.0,all_outpatient_procedures_reporting_proxy,not_yet_filtered_by_sigtap
170330,2,2,0,0,0,0.0,0.0,0,4038.0,0.0,0.0,,all_outpatient_procedures_reporting_proxy,not_yet_filtered_by_sigtap
170360,1,1,0,0,0,0.0,0.0,0,1974.0,0.0,0.0,,all_outpatient_procedures_reporting_proxy,not_yet_filtered_by_sigtap
170370,2,2,2,2,332,1274.0,6306.300000000015,2,4725.0,100.0,269.6296296296296,637.0,all_outpatient_procedures_reporting_proxy,not_yet_filtered_by_sigtap
170380,7,7,2,2,744,2724.0,24475.709999999995,4,10307.0,28.57142857142857,264.28640729601244,1362.0,all_outpatient_procedures_reporting_proxy,not_yet_filtered_by_sigtap
170382,1,1,1,1,40,40.0,9000.0,2,1961.0,100.0,20.39775624681285,40.0,all_outpatient_procedures_reporting_proxy,not_yet_filtered_by_sigtap
170384,1,1,0,0,0,0.0,0.0,0,8653.0,0.0,0.0,,all_outpatient_procedures_reporting_proxy,not_yet_filtered_by_sigtap
170386,3,3,2,2,714,25426.0,119564.93999999997,6,4007.0,66.66666666666666,6345.395557773895,12713.0,all_outpatient_procedures_reporting_proxy,not_yet_filtered_by_sigtap
170388,1,1,0,0,0,0.0,0.0,0,2201.0,0.0,0.0,,all_outpatient_procedures_reporting_proxy,not_yet_filtered_by_sigtap
170389,2,2,2,2,139,730.0,15032.2,6,3318.0,100.0,220.01205545509342,365.0,all_outpatient_procedures_reporting_proxy,not_yet_filtered_by_sigtap
170390,2,2,0,0,0,0.0,0.0,0,4847.0,0.0,0.0,,all_outpatient_procedures_reporting_proxy,not_yet_filtered_by_sigtap
170410,1,1,1,1,118,128.0,11160.599999999997,3,2131.0,100.0,60.065696855936174,128.0,all_outpatient_procedures_reporting_proxy,not_yet_filtered_by_sigtap
170460,1,1,1,1,297,2153.0,9349.950000000004,2,1501.0,100.0,1434.3770819453698,2153.0,all_outpatient_procedures_reporting_proxy,not_yet_filtered_by_sigtap
170510,1,1,1,1,129,1969.0,8467.280000000006,2,3117.0,100.0,631.6971446904075,1969.0,all_outpatient_procedures_reporting_proxy,not_yet_filtered_by_sigtap
170550,12,12,0,0,0,0.0,0.0,0,34233.0,0.0,0.0,,all_outpatient_procedures_reporting_proxy,not_yet_filtered_by_sigtap
170555,1,1,1,1,164,2145.0,12720.309999999996,2,4756.0,100.0,451.00925147182505,2145.0,all_outpatient_procedures_reporting_proxy,not_yet_filtered_by_sigtap
170560,2,2,1,1,1177,9891.0,36761.32000000006,3,3887.0,50.0,2544.6359660406483,9891.0,all_outpatient_procedures_reporting_proxy,not_yet_filtered_by_sigtap
170600,2,2,1,1,20,20.0,4500.0,1,5331.0,50.0,3.7516413430876008,20.0,all_outpatient_procedures_reporting_proxy,not_yet_filtered_by_sigtap
170610,3,2,1,1,45,722.0,16139.0,2,6371.0,50.0,113.32600847590645,722.0,all_outpatient_procedures_reporting_proxy,not_yet_filtered_by_sigtap
170625,1,1,1,1,224,954.0,4722.300000000005,3,1470.0,100.0,648.9795918367347,954.0,all_outpatient_procedures_reporting_proxy,not_yet_filtered_by_sigtap
170700,7,7,7,7,1555,16541.0,79269.70000000008,14,17739.0,100.0,932.4651896950222,2363.0,all_outpatient_procedures_reporting_proxy,not_yet_filtered_by_sigtap
170710,3,3,3,3,149,149.0,11276.0,7,7024.0,100.0,21.212984054669704,49.666666666666664,all_outpatient_procedures_reporting_proxy,not_yet_filtered_by_sigtap
170720,2,2,2,2,261,12837.0,40738.14,6,6327.0,100.0,2028.923660502608,6418.5,all_outpatient_procedures_reporting_proxy,not_yet_filtered_by_sigtap
170730,2,2,0,0,0,0.0,0.0,0,4248.0,0.0,0.0,,all_outpatient_procedures_reporting_proxy,not_yet_filtered_by_sigtap
170740,3,3,3,3,13480,18208.0,49.019999999999996,6,7530.0,100.0,2418.0610889774234,6069.333333333333,all_outpatient_procedures_reporting_proxy,not_yet_filtered_by_sigtap
170755,2,2,0,0,0,0.0,0.0,0,3467.0,0.0,0.0,,all_outpatient_procedures_reporting_proxy,not_yet_filtered_by_sigtap
170765,3,2,1,1,68,921.0,8524.45,1,5211.0,50.0,176.74150834772595,921.0,all_outpatient_procedures_reporting_proxy,not_yet_filtered_by_sigtap
170770,4,4,1,1,47,47.0,10575.0,2,7712.0,25.0,6.094398340248962,47.0,all_outpatient_procedures_reporting_proxy,not_yet_filtered_by_sigtap
170820,7,6,6,6,2934,11094.0,60391.589999999764,14,18881.0,100.0,587.5748106562152,1849.0,all_outpatient_procedures_reporting_proxy,not_yet_filtered_by_sigtap
170825,1,1,1,1,716,3116.0,31156.36000000003,3,3455.0,100.0,901.8813314037627,3116.0,all_outpatient_procedures_reporting_proxy,not_yet_filtered_by_sigtap
170830,2,2,2,2,665,7295.0,52501.62000000004,6,4738.0,100.0,1539.679189531448,3647.5,all_outpatient_procedures_reporting_proxy,not_yet_filtered_by_sigtap
170900,4,4,4,4,377,1413.0,21081.6,11,12433.0,100.0,113.64915949489263,353.25,all_outpatient_procedures_reporting_proxy,not_yet_filtered_by_sigtap
170930,8,8,0,0,0,0.0,0.0,0,24775.0,0.0,0.0,,all_outpatient_procedures_reporting_proxy,not_yet_filtered_by_sigtap
170950,15,15,0,0,0,0.0,0.0,0,85125.0,0.0,0.0,,all_outpatient_procedures_reporting_proxy,not_yet_filtered_by_sigtap
170980,1,1,1,1,370,1308.0,8184.060000000009,3,1590.0,100.0,822.6415094339623,1308.0,all_outpatient_procedures_reporting_proxy,not_yet_filtered_by_sigtap
171050,2,2,0,0,0,0.0,0.0,0,6819.0,0.0,0.0,,all_outpatient_procedures_reporting_proxy,not_yet_filtered_by_sigtap
171070,3,3,1,1,42,226.0,6883.950000000001,1,5172.0,33.33333333333333,43.69682907965971,226.0,all_outpatient_procedures_reporting_proxy,not_yet_filtered_by_sigtap
171090,1,1,1,1,93,93.0,11866.949999999995,2,3577.0,100.0,25.999440872239308,93.0,all_outpatient_procedures_reporting_proxy,not_yet_filtered_by_sigtap
171110,1,1,1,1,67,67.0,15075.0,3,2404.0,100.0,27.870216306156404,67.0,all_outpatient_procedures_reporting_proxy,not_yet_filtered_by_sigtap
171150,2,2,0,0,0,0.0,0.0,0,3334.0,0.0,0.0,,all_outpatient_procedures_reporting_proxy,not_yet_filtered_by_sigtap
171180,1,1,0,0,0,0.0,0.0,0,2243.0,0.0,0.0,,all_outpatient_procedures_reporting_proxy,not_yet_filtered_by_sigtap
171190,6,6,5,5,9335,9464.0,8557.0,5,15288.0,83.33333333333334,619.047619047619,1892.8,all_outpatient_procedures_reporting_proxy,not_yet_filtered_by_sigtap
171195,2,2,1,1,25,89.0,4275.0,3,3516.0,50.0,25.312855517633675,89.0,all_outpatient_procedures_reporting_proxy,not_yet_filtered_by_sigtap
171200,2,2,1,1,71,71.0,15975.0,2,3357.0,50.0,21.149836163240987,71.0,all_outpatient_procedures_reporting_proxy,not_yet_filtered_by_sigtap
171215,2,2,0,0,0,0.0,0.0,0,1626.0,0.0,0.0,,all_outpatient_procedures_reporting_proxy,not_yet_filtered_by_sigtap
171240,2,2,0,0,0,0.0,0.0,0,2999.0,0.0,0.0,,all_outpatient_procedures_reporting_proxy,not_yet_filtered_by_sigtap
171245,1,1,1,1,613,2955.0,28537.2,3,2717.0,100.0,1087.5966139124034,2955.0,all_outpatient_procedures_reporting_proxy,not_yet_filtered_by_sigtap
171250,2,2,2,2,45,45.0,4745.0,2,4615.0,100.0,9.750812567713975,22.5,all_outpatient_procedures_reporting_proxy,not_yet_filtered_by_sigtap
171270,1,1,0,0,0,0.0,0.0,0,2748.0,0.0,0.0,,all_outpatient_procedures_reporting_proxy,not_yet_filtered_by_sigtap
171280,2,2,1,1,204,742.0,10535.850000000017,2,3095.0,50.0,239.74151857835218,742.0,all_outpatient_procedures_reporting_proxy,not_yet_filtered_by_sigtap
171320,8,8,8,8,1070,3092.0,13705.149999999987,15,18566.0,100.0,166.540988904449,386.5,all_outpatient_procedures_reporting_proxy,not_yet_filtered_by_sigtap
171330,4,4,4,4,430,1138.0,4724.749999999999,7,12701.0,100.0,89.59924415400363,284.5,all_outpatient_procedures_reporting_proxy,not_yet_filtered_by_sigtap
171360,2,2,2,2,91,91.0,17554.0,5,5694.0,100.0,15.981735159817351,45.5,all_outpatient_procedures_reporting_proxy,not_yet_filtered_by_sigtap
171370,1,1,1,1,565,3214.0,14416.46000000001,3,2396.0,100.0,1341.4023372287145,3214.0,all_outpatient_procedures_reporting_proxy,not_yet_filtered_by_sigtap
171380,1,1,1,1,48,48.0,10800.0,1,4872.0,100.0,9.852216748768473,48.0,all_outpatient_procedures_reporting_proxy,not_yet_filtered_by_sigtap
171395,2,2,1,1,152,152.0,7946.199999999997,2,3367.0,50.0,45.144045144045144,152.0,all_outpatient_procedures_reporting_proxy,not_yet_filtered_by_sigtap
171420,6,6,0,0,0,0.0,0.0,0,8754.0,0.0,0.0,,all_outpatient_procedures_reporting_proxy,not_yet_filtered_by_sigtap
171430,2,2,1,1,25,25.0,5625.0,1,4521.0,50.0,5.529750055297501,25.0,all_outpatient_procedures_reporting_proxy,not_yet_filtered_by_sigtap
171488,3,3,1,1,32,219.0,1084.0499999999995,1,10367.0,33.33333333333333,21.124722677727405,219.0,all_outpatient_procedures_reporting_proxy,not_yet_filtered_by_sigtap
171500,2,2,2,2,974,3073.0,12612.930000000011,4,3362.0,100.0,914.0392623438429,1536.5,all_outpatient_procedures_reporting_proxy,not_yet_filtered_by_sigtap
171510,2,2,1,1,305,3932.0,22537.650000000005,2,3969.0,50.0,990.6777525825145,3932.0,all_outpatient_procedures_reporting_proxy,not_yet_filtered_by_sigtap
171515,2,1,1,1,557,4293.0,26649.74999999996,3,1846.0,100.0,2325.5687973997833,4293.0,all_outpatient_procedures_reporting_proxy,not_yet_filtered_by_sigtap
171525,1,1,1,1,489,2254.0,32659.00000000001,2,2230.0,100.0,1010.762331838565,2254.0,all_outpatient_procedures_reporting_proxy,not_yet_filtered_by_sigtap
171550,1,1,0,0,0,0.0,0.0,0,1164.0,0.0,0.0,,all_outpatient_procedures_reporting_proxy,not_yet_filtered_by_sigtap
171570,1,1,0,0,0,0.0,0.0,0,4798.0,0.0,0.0,,all_outpatient_procedures_reporting_proxy,not_yet_filtered_by_sigtap
171575,3,3,0,0,0,0.0,0.0,0,6975.0,0.0,0.0,,all_outpatient_procedures_reporting_proxy,not_yet_filtered_by_sigtap
171610,11,10,10,10,10295,151449.0,3486.880000000001,29,52360.0,100.0,2892.456073338426,15144.9,all_outpatient_procedures_reporting_proxy,not_yet_filtered_by_sigtap
171620,2,2,0,0,0,0.0,0.0,0,10542.0,0.0,0.0,,all_outpatient_procedures_reporting_proxy,not_yet_filtered_by_sigtap
171630,1,1,1,1,294,1473.0,11912.39999999999,2,4043.0,100.0,364.3334157803611,1473.0,all_outpatient_procedures_reporting_proxy,not_yet_filtered_by_sigtap
171650,6,6,5,5,11644,12179.0,6785.4,5,14055.0,83.33333333333334,866.5243685521167,2435.8,all_outpatient_procedures_reporting_proxy,not_yet_filtered_by_sigtap
171660,6,6,2,2,212,1454.0,7197.299999999988,2,9317.0,33.33333333333333,156.058817215842,727.0,all_outpatient_procedures_reporting_proxy,not_yet_filtered_by_sigtap
171665,3,2,2,2,220,4393.0,17992.369999999995,2,4921.0,100.0,892.7047348099981,2196.5,all_outpatient_procedures_reporting_proxy,not_yet_filtered_by_sigtap
171670,4,4,4,4,964,5566.0,11475.0,4,8941.0,100.0,622.525444581143,1391.5,all_outpatient_procedures_reporting_proxy,not_yet_filtered_by_sigtap
171700,2,2,0,0,0,0.0,0.0,0,4478.0,0.0,0.0,,all_outpatient_procedures_reporting_proxy,not_yet_filtered_by_sigtap
171720,1,1,0,0,0,0.0,0.0,0,2282.0,0.0,0.0,,all_outpatient_procedures_reporting_proxy,not_yet_filtered_by_sigtap
171750,4,3,0,0,0,0.0,0.0,0,7128.0,0.0,0.0,,all_outpatient_procedures_reporting_proxy,not_yet_filtered_by_sigtap
171780,1,1,0,0,0,0.0,0.0,0,4220.0,0.0,0.0,,all_outpatient_procedures_reporting_proxy,not_yet_filtered_by_sigtap
171790,3,3,1,1,81,177.0,10586.0,3,7586.0,33.33333333333333,23.332454521486948,177.0,all_outpatient_procedures_reporting_proxy,not_yet_filtered_by_sigtap
171800,1,1,1,1,1842,6239.0,33158.04000000005,3,2866.0,100.0,2176.9016050244245,6239.0,all_outpatient_procedures_reporting_proxy,not_yet_filtered_by_sigtap
171820,20,19,19,19,2339,22726.0,61446.42000000001,47,64418.0,100.0,352.7895929709087,1196.1052631578948,all_outpatient_procedures_reporting_proxy,not_yet_filtered_by_sigtap
171830,3,3,1,1,497,1875.0,10125.599999999997,3,9044.0,33.33333333333333,207.31977001326845,1875.0,all_outpatient_procedures_reporting_proxy,not_yet_filtered_by_sigtap
171845,1,1,1,1,540,4961.0,34261.60000000005,3,2193.0,100.0,2262.197902416781,4961.0,all_outpatient_procedures_reporting_proxy,not_yet_filtered_by_sigtap
171850,2,2,1,1,122,687.0,5430.149999999998,2,3421.0,50.0,200.81847413037124,687.0,all_outpatient_procedures_reporting_proxy,not_yet_filtered_by_sigtap
171855,2,2,1,1,52,52.0,11700.0,1,3960.0,50.0,13.131313131313131,52.0,all_outpatient_procedures_reporting_proxy,not_yet_filtered_by_sigtap
171865,1,1,1,1,8,135.0,589.56,1,1768.0,100.0,76.35746606334843,135.0,all_outpatient_procedures_reporting_proxy,not_yet_filtered_by_sigtap
171870,2,2,1,1,3968,4649.0,38741.220000000416,3,2738.0,50.0,1697.954711468225,4649.0,all_outpatient_procedures_reporting_proxy,not_yet_filtered_by_sigtap
171875,3,3,3,3,457,5197.0,36655.08999999995,7,4841.0,100.0,1073.53852509812,1732.3333333333333,all_outpatient_procedures_reporting_proxy,not_yet_filtered_by_sigtap
171880,2,2,2,2,561,2998.0,39369.350000000006,6,4215.0,100.0,711.2692763938315,1499.0,all_outpatient_procedures_reporting_proxy,not_yet_filtered_by_sigtap
171884,1,1,1,1,75,459.0,12834.450000000004,1,3723.0,100.0,123.2876712328767,459.0,all_outpatient_procedures_reporting_proxy,not_yet_filtered_by_sigtap
171886,2,2,1,1,290,3764.0,19010.81999999999,2,7216.0,50.0,521.6186252771619,3764.0,all_outpatient_procedures_reporting_proxy,not_yet_filtered_by_sigtap
171889,1,1,1,1,216,441.0,2261.15,2,2219.0,100.0,198.73817034700318,441.0,all_outpatient_procedures_reporting_proxy,not_yet_filtered_by_sigtap
171890,2,2,0,0,0,0.0,0.0,0,4653.0,0.0,0.0,,all_outpatient_procedures_reporting_proxy,not_yet_filtered_by_sigtap
171900,1,1,1,1,48,132.0,9900.0,2,2781.0,100.0,47.46494066882417,132.0,all_outpatient_procedures_reporting_proxy,not_yet_filtered_by_sigtap
172000,1,1,1,1,349,1389.0,12824.799999999996,3,2406.0,100.0,577.3067331670823,1389.0,all_outpatient_procedures_reporting_proxy,not_yet_filtered_by_sigtap
172010,3,3,1,1,26,26.0,5850.0,1,5654.0,33.33333333333333,4.598514326140785,26.0,all_outpatient_procedures_reporting_proxy,not_yet_filtered_by_sigtap
172015,1,1,0,0,0,0.0,0.0,0,1783.0,0.0,0.0,,all_outpatient_procedures_reporting_proxy,not_yet_filtered_by_sigtap
172020,3,3,3,3,1844,3662.0,51719.719999999965,9,13241.0,100.0,276.5652141076958,1220.6666666666667,all_outpatient_procedures_reporting_proxy,not_yet_filtered_by_sigtap
172025,2,2,0,0,0,0.0,0.0,0,2385.0,0.0,0.0,,all_outpatient_procedures_reporting_proxy,not_yet_filtered_by_sigtap
172030,2,2,2,2,67,67.0,11025.0,3,4100.0,100.0,16.34146341463415,33.5,all_outpatient_procedures_reporting_proxy,not_yet_filtered_by_sigtap
172049,1,1,1,1,268,2620.0,14098.369999999984,1,4422.0,100.0,592.4920850293985,2620.0,all_outpatient_procedures_reporting_proxy,not_yet_filtered_by_sigtap
172065,2,2,2,2,99,317.0,18064.52,5,5108.0,100.0,62.05951448707909,158.5,all_outpatient_procedures_reporting_proxy,not_yet_filtered_by_sigtap
172080,6,6,3,3,152,152.0,9702.0,6,10830.0,50.0,14.035087719298247,50.666666666666664,all_outpatient_procedures_reporting_proxy,not_yet_filtered_by_sigtap
172085,1,1,0,0,0,0.0,0.0,0,1577.0,0.0,0.0,,all_outpatient_procedures_reporting_proxy,not_yet_filtered_by_sigtap
172090,3,3,1,1,62,62.0,32.0,1,14011.0,33.33333333333333,4.425094568553279,62.0,all_outpatient_procedures_reporting_proxy,not_yet_filtered_by_sigtap
172093,1,1,1,1,31,4834.0,4500.0,2,2021.0,100.0,2391.885205343889,4834.0,all_outpatient_procedures_reporting_proxy,not_yet_filtered_by_sigtap
172097,1,1,1,1,227,381.0,1555.74,1,2456.0,100.0,155.13029315960912,381.0,all_outpatient_procedures_reporting_proxy,not_yet_filtered_by_sigtap
172100,51,45,0,0,0,0.0,0.0,0,302692.0,0.0,0.0,,all_outpatient_procedures_reporting_proxy,not_yet_filtered_by_sigtap
172110,1,1,1,1,91,529.0,14428.2,3,7459.0,100.0,70.9210349912857,529.0,all_outpatient_procedures_reporting_proxy,not_yet_filtered_by_sigtap
172120,5,5,4,4,457,457.0,23530.0,12,22615.0,80.0,20.20782666371877,114.25,all_outpatient_procedures_reporting_proxy,not_yet_filtered_by_sigtap
172125,1,1,1,1,141,680.0,8591.130000000003,3,1909.0,100.0,356.20743844944997,680.0,all_outpatient_procedures_reporting_proxy,not_yet_filtered_by_sigtap
172130,1,1,1,1,23,23.0,5175.0,1,1874.0,100.0,12.273212379935964,23.0,all_outpatient_procedures_reporting_proxy,not_yet_filtered_by_sigtap
172208,3,3,2,2,687,3275.0,28313.999999999964,6,10522.0,66.66666666666666,311.2526135715644,1637.5,all_outpatient_procedures_reporting_proxy,not_yet_filtered_by_sigtap
172210,4,4,1,1,867,1274.0,35897.78,3,10517.0,25.0,121.13720642768851,1274.0,all_outpatient_procedures_reporting_proxy,not_yet_filtered_by_sigtap
210005,35,34,2,2,637,1616.0,82570.4,5,106550.0,5.88235294117647,15.166588456123884,808.0,all_outpatient_procedures_reporting_proxy,not_yet_filtered_by_sigtap
210010,3,2,0,0,0,0.0,0.0,0,6144.0,0.0,0.0,,all_outpatient_procedures_reporting_proxy,not_yet_filtered_by_sigtap
210015,7,6,0,0,0,0.0,0.0,0,12142.0,0.0,0.0,,all_outpatient_procedures_reporting_proxy,not_yet_filtered_by_sigtap
210020,9,9,0,0,0,0.0,0.0,0,18467.0,0.0,0.0,,all_outpatient_procedures_reporting_proxy,not_yet_filtered_by_sigtap
210030,4,3,0,0,0,0.0,0.0,0,23286.0,0.0,0.0,,all_outpatient_procedures_reporting_proxy,not_yet_filtered_by_sigtap
210040,7,7,0,0,0,0.0,0.0,0,6447.0,0.0,0.0,,all_outpatient_procedures_reporting_proxy,not_yet_filtered_by_sigtap
210043,1,1,1,1,58,58.0,13050.0,1,24048.0,100.0,2.411842980705256,58.0,all_outpatient_procedures_reporting_proxy,not_yet_filtered_by_sigtap
210047,17,14,0,0,0,0.0,0.0,0,25710.0,0.0,0.0,,all_outpatient_procedures_reporting_proxy,not_yet_filtered_by_sigtap
210050,5,5,0,0,0,0.0,0.0,0,11109.0,0.0,0.0,,all_outpatient_procedures_reporting_proxy,not_yet_filtered_by_sigtap
210055,2,2,0,0,0,0.0,0.0,0,7170.0,0.0,0.0,,all_outpatient_procedures_reporting_proxy,not_yet_filtered_by_sigtap
210060,18,18,6,6,779,605413.0,10789.310000000005,17,37085.0,33.33333333333333,16325.010111905083,100902.16666666667,all_outpatient_procedures_reporting_proxy,not_yet_filtered_by_sigtap
210070,16,14,0,0,0,0.0,0.0,0,25322.0,0.0,0.0,,all_outpatient_procedures_reporting_proxy,not_yet_filtered_by_sigtap
210080,9,8,0,0,0,0.0,0.0,0,13793.0,0.0,0.0,,all_outpatient_procedures_reporting_proxy,not_yet_filtered_by_sigtap
210083,8,7,0,0,0,0.0,0.0,0,17519.0,0.0,0.0,,all_outpatient_procedures_reporting_proxy,not_yet_filtered_by_sigtap
210087,9,7,0,0,0,0.0,0.0,0,11181.0,0.0,0.0,,all_outpatient_procedures_reporting_proxy,not_yet_filtered_by_sigtap
210090,18,16,0,0,0,0.0,0.0,0,39052.0,0.0,0.0,,all_outpatient_procedures_reporting_proxy,not_yet_filtered_by_sigtap
210095,12,10,0,0,0,0.0,0.0,0,25517.0,0.0,0.0,,all_outpatient_procedures_reporting_proxy,not_yet_filtered_by_sigtap
210100,14,14,0,0,0,0.0,0.0,0,29472.0,0.0,0.0,,all_outpatient_procedures_reporting_proxy,not_yet_filtered_by_sigtap
210110,12,12,0,0,0,0.0,0.0,0,11790.0,0.0,0.0,,all_outpatient_procedures_reporting_proxy,not_yet_filtered_by_sigtap
210120,26,23,0,0,0,0.0,0.0,0,103711.0,0.0,0.0,,all_outpatient_procedures_reporting_proxy,not_yet_filtered_by_sigtap
210125,11,11,0,0,0,0.0,0.0,0,16966.0,0.0,0.0,,all_outpatient_procedures_reporting_proxy,not_yet_filtered_by_sigtap
210130,8,7,0,0,0,0.0,0.0,0,16290.0,0.0,0.0,,all_outpatient_procedures_reporting_proxy,not_yet_filtered_by_sigtap
210135,5,4,1,1,147,3151.0,15176.519999999991,2,5252.0,25.0,599.96191926885,3151.0,all_outpatient_procedures_reporting_proxy,not_yet_filtered_by_sigtap
210140,36,33,3,3,1334,9723.0,70335.95999999999,9,101767.0,9.090909090909092,95.54177680387552,3241.0,all_outpatient_procedures_reporting_proxy,not_yet_filtered_by_sigtap
210150,11,10,3,3,528,13404.0,72461.35000000006,3,18984.0,30.0,706.0682680151706,4468.0,all_outpatient_procedures_reporting_proxy,not_yet_filtered_by_sigtap
210160,30,27,0,0,0,0.0,0.0,0,84532.0,0.0,0.0,,all_outpatient_procedures_reporting_proxy,not_yet_filtered_by_sigtap
210170,33,27,0,0,0,0.0,0.0,0,65589.0,0.0,0.0,,all_outpatient_procedures_reporting_proxy,not_yet_filtered_by_sigtap
210173,6,6,1,1,22,22.0,4950.0,1,8460.0,16.666666666666664,2.6004728132387704,22.0,all_outpatient_procedures_reporting_proxy,not_yet_filtered_by_sigtap
210177,8,8,1,1,771,2046.0,17723.960000000025,2,11750.0,12.5,174.12765957446808,2046.0,all_outpatient_procedures_reporting_proxy,not_yet_filtered_by_sigtap
210180,5,3,0,0,0,0.0,0.0,0,5469.0,0.0,0.0,,all_outpatient_procedures_reporting_proxy,not_yet_filtered_by_sigtap
210190,9,9,0,0,0,0.0,0.0,0,19584.0,0.0,0.0,,all_outpatient_procedures_reporting_proxy,not_yet_filtered_by_sigtap
210193,4,4,2,2,1037,1087.0,23585.95000000005,6,5840.0,50.0,186.13013698630138,543.5,all_outpatient_procedures_reporting_proxy,not_yet_filtered_by_sigtap
210197,3,3,0,0,0,0.0,0.0,0,7574.0,0.0,0.0,,all_outpatient_procedures_reporting_proxy,not_yet_filtered_by_sigtap
210200,22,21,1,1,329,1299.0,19156.98000000001,3,33100.0,4.761904761904762,39.244712990936556,1299.0,all_outpatient_procedures_reporting_proxy,not_yet_filtered_by_sigtap
210203,10,10,1,1,131,131.0,29475.0,3,28599.0,10.0,4.580579740550369,131.0,all_outpatient_procedures_reporting_proxy,not_yet_filtered_by_sigtap
210207,9,9,5,5,1308,6482.0,52493.709999999934,12,12212.0,55.55555555555556,530.789387487717,1296.4,all_outpatient_procedures_reporting_proxy,not_yet_filtered_by_sigtap
210210,14,14,6,6,348,348.0,58.0,12,34120.0,42.857142857142854,10.199296600234467,58.0,all_outpatient_procedures_reporting_proxy,not_yet_filtered_by_sigtap
210215,5,5,1,1,1058,5547.0,52864.76000000021,2,9218.0,20.0,601.7574311130397,5547.0,all_outpatient_procedures_reporting_proxy,not_yet_filtered_by_sigtap
210220,12,11,0,0,0,0.0,0.0,0,29685.0,0.0,0.0,,all_outpatient_procedures_reporting_proxy,not_yet_filtered_by_sigtap
210230,12,11,0,0,0,0.0,0.0,0,22455.0,0.0,0.0,,all_outpatient_procedures_reporting_proxy,not_yet_filtered_by_sigtap
210235,7,6,6,6,93,4992.0,8100.0,18,12918.0,100.0,386.4375290292615,832.0,all_outpatient_procedures_reporting_proxy,not_yet_filtered_by_sigtap
210237,5,4,0,0,0,0.0,0.0,0,9732.0,0.0,0.0,,all_outpatient_procedures_reporting_proxy,not_yet_filtered_by_sigtap
210240,4,4,2,2,49,119.0,845.9000000000001,3,10121.0,50.0,11.757731449461515,59.5,all_outpatient_procedures_reporting_proxy,not_yet_filtered_by_sigtap
210250,6,6,0,0,0,0.0,0.0,0,16412.0,0.0,0.0,,all_outpatient_procedures_reporting_proxy,not_yet_filtered_by_sigtap
210255,5,5,1,1,15,15.0,3375.0,1,12301.0,20.0,1.219413055849118,15.0,all_outpatient_procedures_reporting_proxy,not_yet_filtered_by_sigtap
210260,6,6,0,0,0,0.0,0.0,0,19932.0,0.0,0.0,,all_outpatient_procedures_reporting_proxy,not_yet_filtered_by_sigtap
210270,10,10,2,2,597,3472.0,18877.49999999997,3,24303.0,20.0,142.86302102621076,1736.0,all_outpatient_procedures_reporting_proxy,not_yet_filtered_by_sigtap
210275,6,6,0,0,0,0.0,0.0,0,11374.0,0.0,0.0,,all_outpatient_procedures_reporting_proxy,not_yet_filtered_by_sigtap
210280,11,11,7,7,458,458.0,13590.0,15,24062.0,63.63636363636363,19.03416174881556,65.42857142857143,all_outpatient_procedures_reporting_proxy,not_yet_filtered_by_sigtap
210290,10,10,3,3,111,452.0,167.0,3,24238.0,30.0,18.648403333608385,150.66666666666666,all_outpatient_procedures_reporting_proxy,not_yet_filtered_by_sigtap
210300,42,40,0,0,0,0.0,0.0,0,156973.0,0.0,0.0,,all_outpatient_procedures_reporting_proxy,not_yet_filtered_by_sigtap
210310,7,6,3,3,31,31.0,15.0,3,10208.0,50.0,3.036833855799373,10.333333333333334,all_outpatient_procedures_reporting_proxy,not_yet_filtered_by_sigtap
210312,4,4,1,1,40,60.0,4500.0,1,7094.0,25.0,8.45785170566676,60.0,all_outpatient_procedures_reporting_proxy,not_yet_filtered_by_sigtap
210315,7,6,0,0,0,0.0,0.0,0,12342.0,0.0,0.0,,all_outpatient_procedures_reporting_proxy,not_yet_filtered_by_sigtap
210317,8,8,0,0,0,0.0,0.0,0,16267.0,0.0,0.0,,all_outpatient_procedures_reporting_proxy,not_yet_filtered_by_sigtap
210320,31,28,1,1,4693,24903.0,170163.729999999,2,81386.0,3.571428571428571,305.9862875678864,24903.0,all_outpatient_procedures_reporting_proxy,not_yet_filtered_by_sigtap
210325,7,7,1,1,47,47.0,10575.0,2,12878.0,14.285714285714285,3.6496350364963503,47.0,all_outpatient_procedures_reporting_proxy,not_yet_filtered_by_sigtap
210330,25,23,9,9,653,4080.0,19279.239999999994,19,114275.0,39.130434782608695,35.70334718879895,453.3333333333333,all_outpatient_procedures_reporting_proxy,not_yet_filtered_by_sigtap
210340,12,12,1,1,1435,9141.0,50153.739999999874,3,41658.0,8.333333333333332,219.429641365404,9141.0,all_outpatient_procedures_reporting_proxy,not_yet_filtered_by_sigtap
210350,21,20,0,0,0,0.0,0.0,0,40316.0,0.0,0.0,,all_outpatient_procedures_reporting_proxy,not_yet_filtered_by_sigtap
210355,5,5,0,0,0,0.0,0.0,0,14915.0,0.0,0.0,,all_outpatient_procedures_reporting_proxy,not_yet_filtered_by_sigtap
210360,20,18,0,0,0,0.0,0.0,0,59566.0,0.0,0.0,,all_outpatient_procedures_reporting_proxy,not_yet_filtered_by_sigtap
210370,13,13,1,1,63,441.0,2182.9500000000025,1,31558.0,7.6923076923076925,13.974269598833892,441.0,all_outpatient_procedures_reporting_proxy,not_yet_filtered_by_sigtap
210375,9,7,1,1,41,237.0,1192.4699999999998,1,14404.0,14.285714285714285,16.453762843654538,237.0,all_outpatient_procedures_reporting_proxy,not_yet_filtered_by_sigtap
210380,10,9,1,1,73,88.0,880.0,1,23053.0,11.11111111111111,3.8172905912462585,88.0,all_outpatient_procedures_reporting_proxy,not_yet_filtered_by_sigtap
210390,5,5,1,1,23,104.0,4500.0,1,10223.0,20.0,10.173139000293455,104.0,all_outpatient_procedures_reporting_proxy,not_yet_filtered_by_sigtap
210400,11,10,2,2,2153,10227.0,71398.22999999986,4,18311.0,20.0,558.5167385724428,5113.5,all_outpatient_procedures_reporting_proxy,not_yet_filtered_by_sigtap
210405,11,10,10,10,2925,27603.0,66.0,10,33294.0,100.0,829.0683005947017,2760.3,all_outpatient_procedures_reporting_proxy,not_yet_filtered_by_sigtap
210407,2,2,0,0,0,0.0,0.0,0,8048.0,0.0,0.0,,all_outpatient_procedures_reporting_proxy,not_yet_filtered_by_sigtap
210408,5,4,0,0,0,0.0,0.0,0,10873.0,0.0,0.0,,all_outpatient_procedures_reporting_proxy,not_yet_filtered_by_sigtap
210409,10,10,0,0,0,0.0,0.0,0,17719.0,0.0,0.0,,all_outpatient_procedures_reporting_proxy,not_yet_filtered_by_sigtap
210410,6,6,1,1,17,2068.0,4628.1900000000005,1,12640.0,16.666666666666664,163.60759493670886,2068.0,all_outpatient_procedures_reporting_proxy,not_yet_filtered_by_sigtap
210420,9,8,0,0,0,0.0,0.0,0,16976.0,0.0,0.0,,all_outpatient_procedures_reporting_proxy,not_yet_filtered_by_sigtap
210430,6,6,0,0,0,0.0,0.0,0,10186.0,0.0,0.0,,all_outpatient_procedures_reporting_proxy,not_yet_filtered_by_sigtap
210440,9,9,1,1,158,295.0,1878.1499999999976,2,17206.0,11.11111111111111,17.145181913286063,295.0,all_outpatient_procedures_reporting_proxy,not_yet_filtered_by_sigtap
210450,5,5,0,0,0,0.0,0.0,0,10231.0,0.0,0.0,,all_outpatient_procedures_reporting_proxy,not_yet_filtered_by_sigtap
210455,9,8,1,1,21,21.0,4725.0,1,18411.0,12.5,1.1406224539677368,21.0,all_outpatient_procedures_reporting_proxy,not_yet_filtered_by_sigtap
210460,8,8,1,1,87,87.0,19575.0,2,13930.0,12.5,6.24551328068916,87.0,all_outpatient_procedures_reporting_proxy,not_yet_filtered_by_sigtap
210462,4,4,1,1,20,20.0,4500.0,1,7063.0,25.0,2.831657935721365,20.0,all_outpatient_procedures_reporting_proxy,not_yet_filtered_by_sigtap
210465,6,6,0,0,0,0.0,0.0,0,10713.0,0.0,0.0,,all_outpatient_procedures_reporting_proxy,not_yet_filtered_by_sigtap
210467,13,13,7,7,899,1226.0,6273.0,14,23128.0,53.84615384615385,53.00933932895192,175.14285714285714,all_outpatient_procedures_reporting_proxy,not_yet_filtered_by_sigtap
210470,3,3,0,0,0,0.0,0.0,0,6023.0,0.0,0.0,,all_outpatient_procedures_reporting_proxy,not_yet_filtered_by_sigtap
210480,22,22,9,9,3645,142781.0,2866114.27,27,73872.0,40.909090909090914,1932.816222655404,15864.555555555555,all_outpatient_procedures_reporting_proxy,not_yet_filtered_by_sigtap
210490,8,8,4,4,233,233.0,167.0,4,10290.0,50.0,22.643343051506317,58.25,all_outpatient_procedures_reporting_proxy,not_yet_filtered_by_sigtap
210500,16,16,0,0,0,0.0,0.0,0,25680.0,0.0,0.0,,all_outpatient_procedures_reporting_proxy,not_yet_filtered_by_sigtap
210510,14,14,1,1,20,20.0,4500.0,1,24794.0,7.142857142857142,0.8066467693796886,20.0,all_outpatient_procedures_reporting_proxy,not_yet_filtered_by_sigtap
210515,9,9,1,1,15,15.0,3375.0,1,13974.0,11.11111111111111,1.07342206955775,15.0,all_outpatient_procedures_reporting_proxy,not_yet_filtered_by_sigtap
210520,6,5,0,0,0,0.0,0.0,0,10231.0,0.0,0.0,,all_outpatient_procedures_reporting_proxy,not_yet_filtered_by_sigtap
210530,38,37,0,0,0,0.0,0.0,0,273110.0,0.0,0.0,,all_outpatient_procedures_reporting_proxy,not_yet_filtered_by_sigtap
210535,11,10,1,1,22,22.0,4950.0,1,13828.0,10.0,1.590974833670813,22.0,all_outpatient_procedures_reporting_proxy,not_yet_filtered_by_sigtap
210540,20,20,1,1,14,59.0,590.0,1,60440.0,5.0,0.9761747187293184,59.0,all_outpatient_procedures_reporting_proxy,not_yet_filtered_by_sigtap
210542,10,9,0,0,0,0.0,0.0,0,22513.0,0.0,0.0,,all_outpatient_procedures_reporting_proxy,not_yet_filtered_by_sigtap
210545,5,5,0,0,0,0.0,0.0,0,7471.0,0.0,0.0,,all_outpatient_procedures_reporting_proxy,not_yet_filtered_by_sigtap
210547,14,13,2,2,28,47.0,4500.0,4,17076.0,15.384615384615385,2.7524010306863436,23.5,all_outpatient_procedures_reporting_proxy,not_yet_filtered_by_sigtap
210550,9,9,0,0,0,0.0,0.0,0,24709.0,0.0,0.0,,all_outpatient_procedures_reporting_proxy,not_yet_filtered_by_sigtap
210560,11,11,0,0,0,0.0,0.0,0,14924.0,0.0,0.0,,all_outpatient_procedures_reporting_proxy,not_yet_filtered_by_sigtap
210565,3,3,1,1,204,2226.0,11018.700000000006,2,5146.0,33.33333333333333,432.5689856198989,2226.0,all_outpatient_procedures_reporting_proxy,not_yet_filtered_by_sigtap
210570,19,19,1,1,6,52.0,88.19999999999999,2,44403.0,5.263157894736842,1.1710920433304055,52.0,all_outpatient_procedures_reporting_proxy,not_yet_filtered_by_sigtap
210580,5,5,1,1,348,3707.0,27611.63999999993,2,9506.0,20.0,389.9642331159268,3707.0,all_outpatient_procedures_reporting_proxy,not_yet_filtered_by_sigtap
210590,1,1,0,0,0,0.0,0.0,0,14769.0,0.0,0.0,,all_outpatient_procedures_reporting_proxy,not_yet_filtered_by_sigtap
210592,5,5,1,1,201,733.0,3092.99,3,10572.0,20.0,69.33409004918653,733.0,all_outpatient_procedures_reporting_proxy,not_yet_filtered_by_sigtap
210594,6,6,1,1,16,114.0,4.0,1,8758.0,16.666666666666664,13.016670472710665,114.0,all_outpatient_procedures_reporting_proxy,not_yet_filtered_by_sigtap
210596,6,5,2,2,104,114.0,5430.210000000003,2,11411.0,40.0,9.990360178774866,57.0,all_outpatient_procedures_reporting_proxy,not_yet_filtered_by_sigtap
210598,6,5,1,1,3067,3068.0,17623.079999999543,1,7057.0,20.0,434.7456426243446,3068.0,all_outpatient_procedures_reporting_proxy,not_yet_filtered_by_sigtap
210600,2,2,2,2,839,1145.0,25540.659999999953,5,11297.0,100.0,101.35434186067098,572.5,all_outpatient_procedures_reporting_proxy,not_yet_filtered_by_sigtap
210610,7,7,1,1,30,2682.0,6077.530000000001,2,11597.0,14.285714285714285,231.2667069069587,2682.0,all_outpatient_procedures_reporting_proxy,not_yet_filtered_by_sigtap
210620,1,1,0,0,0,0.0,0.0,0,7161.0,0.0,0.0,,all_outpatient_procedures_reporting_proxy,not_yet_filtered_by_sigtap
210630,7,7,1,1,95,443.0,19350.0,3,13807.0,14.285714285714285,32.085174187006594,443.0,all_outpatient_procedures_reporting_proxy,not_yet_filtered_by_sigtap
210632,10,9,0,0,0,0.0,0.0,0,21149.0,0.0,0.0,,all_outpatient_procedures_reporting_proxy,not_yet_filtered_by_sigtap
210635,4,4,0,0,0,0.0,0.0,0,7027.0,0.0,0.0,,all_outpatient_procedures_reporting_proxy,not_yet_filtered_by_sigtap
210637,6,5,0,0,0,0.0,0.0,0,13761.0,0.0,0.0,,all_outpatient_procedures_reporting_proxy,not_yet_filtered_by_sigtap
210640,11,8,0,0,0,0.0,0.0,0,17090.0,0.0,0.0,,all_outpatient_procedures_reporting_proxy,not_yet_filtered_by_sigtap
210650,13,12,1,1,127,127.0,28575.0,3,22034.0,8.333333333333332,5.76381955160207,127.0,all_outpatient_procedures_reporting_proxy,not_yet_filtered_by_sigtap
210660,8,8,0,0,0,0.0,0.0,0,32174.0,0.0,0.0,,all_outpatient_procedures_reporting_proxy,not_yet_filtered_by_sigtap
210663,8,6,0,0,0,0.0,0.0,0,17432.0,0.0,0.0,,all_outpatient_procedures_reporting_proxy,not_yet_filtered_by_sigtap
210667,5,5,0,0,0,0.0,0.0,0,8818.0,0.0,0.0,,all_outpatient_procedures_reporting_proxy,not_yet_filtered_by_sigtap
210670,12,11,0,0,0,0.0,0.0,0,21030.0,0.0,0.0,,all_outpatient_procedures_reporting_proxy,not_yet_filtered_by_sigtap
210675,9,9,1,1,40,40.0,9000.0,2,23864.0,11.11111111111111,1.6761649346295675,40.0,all_outpatient_procedures_reporting_proxy,not_yet_filtered_by_sigtap
210680,8,7,2,2,142,254.0,9823.659999999996,2,13978.0,28.57142857142857,18.171412219201603,127.0,all_outpatient_procedures_reporting_proxy,not_yet_filtered_by_sigtap
210690,12,12,2,2,202,202.0,16069.499999999996,3,27751.0,16.666666666666664,7.279016972361356,101.0,all_outpatient_procedures_reporting_proxy,not_yet_filtered_by_sigtap
210700,6,5,4,4,124,4170.0,18900.0,12,9106.0,80.0,457.9398198989677,1042.5,all_outpatient_procedures_reporting_proxy,not_yet_filtered_by_sigtap
210710,11,11,0,0,0,0.0,0.0,0,18554.0,0.0,0.0,,all_outpatient_procedures_reporting_proxy,not_yet_filtered_by_sigtap
210720,8,7,0,0,0,0.0,0.0,0,14176.0,0.0,0.0,,all_outpatient_procedures_reporting_proxy,not_yet_filtered_by_sigtap
210725,1,1,1,1,40,40.0,0.0,3,5021.0,100.0,7.966540529774946,40.0,all_outpatient_procedures_reporting_proxy,not_yet_filtered_by_sigtap
210730,2,1,0,0,0,0.0,0.0,0,4320.0,0.0,0.0,,all_outpatient_procedures_reporting_proxy,not_yet_filtered_by_sigtap
210735,8,7,1,1,139,8029.0,39566.8,3,14314.0,14.285714285714285,560.919379628336,8029.0,all_outpatient_procedures_reporting_proxy,not_yet_filtered_by_sigtap
210740,10,10,10,10,21266,26163.0,33501.95999999992,20,17919.0,100.0,1460.0703164239076,2616.3,all_outpatient_procedures_reporting_proxy,not_yet_filtered_by_sigtap
210745,7,7,0,0,0,0.0,0.0,0,13577.0,0.0,0.0,,all_outpatient_procedures_reporting_proxy,not_yet_filtered_by_sigtap
210750,22,21,0,0,0,0.0,0.0,0,145643.0,0.0,0.0,,all_outpatient_procedures_reporting_proxy,not_yet_filtered_by_sigtap
210760,13,12,2,2,493,4244.0,20982.16999999997,4,21059.0,16.666666666666664,201.5290374661665,2122.0,all_outpatient_procedures_reporting_proxy,not_yet_filtered_by_sigtap
210770,11,9,1,1,69,600.0,2775.6800000000007,3,18274.0,11.11111111111111,32.83353398270767,600.0,all_outpatient_procedures_reporting_proxy,not_yet_filtered_by_sigtap
210780,15,14,0,0,0,0.0,0.0,0,31250.0,0.0,0.0,,all_outpatient_procedures_reporting_proxy,not_yet_filtered_by_sigtap
210790,9,9,0,0,0,0.0,0.0,0,17220.0,0.0,0.0,,all_outpatient_procedures_reporting_proxy,not_yet_filtered_by_sigtap
210800,14,14,0,0,0,0.0,0.0,0,18802.0,0.0,0.0,,all_outpatient_procedures_reporting_proxy,not_yet_filtered_by_sigtap
210805,9,8,1,1,498,3890.0,29622.49999999997,1,17056.0,12.5,228.07223264540337,3890.0,all_outpatient_procedures_reporting_proxy,not_yet_filtered_by_sigtap
210810,10,9,1,1,408,408.0,19169.66000000004,1,20341.0,11.11111111111111,20.058010913917702,408.0,all_outpatient_procedures_reporting_proxy,not_yet_filtered_by_sigtap
210820,11,11,0,0,0,0.0,0.0,0,37050.0,0.0,0.0,,all_outpatient_procedures_reporting_proxy,not_yet_filtered_by_sigtap
210825,10,9,0,0,0,0.0,0.0,0,24320.0,0.0,0.0,,all_outpatient_procedures_reporting_proxy,not_yet_filtered_by_sigtap
210830,16,15,1,1,58,244.0,10862.64,2,32511.0,6.666666666666667,7.505152102365353,244.0,all_outpatient_procedures_reporting_proxy,not_yet_filtered_by_sigtap
210840,6,5,0,0,0,0.0,0.0,0,11108.0,0.0,0.0,,all_outpatient_procedures_reporting_proxy,not_yet_filtered_by_sigtap
210845,7,7,1,1,1638,15975.0,149559.73999999993,2,20479.0,14.285714285714285,780.0673861028371,15975.0,all_outpatient_procedures_reporting_proxy,not_yet_filtered_by_sigtap
210850,14,14,1,1,225,360.0,11378.50000000001,1,31429.0,7.142857142857142,11.454389258328295,360.0,all_outpatient_procedures_reporting_proxy,not_yet_filtered_by_sigtap
210860,31,30,0,0,0,0.0,0.0,0,84621.0,0.0,0.0,,all_outpatient_procedures_reporting_proxy,not_yet_filtered_by_sigtap
210870,8,8,8,8,509,509.0,11814.0,22,21886.0,100.0,23.256876542081695,63.625,all_outpatient_procedures_reporting_proxy,not_yet_filtered_by_sigtap
210880,11,11,0,0,0,0.0,0.0,0,17714.0,0.0,0.0,,all_outpatient_procedures_reporting_proxy,not_yet_filtered_by_sigtap
210890,9,8,2,2,1877,2533.0,39929.8700000001,6,17161.0,25.0,147.60212108851465,1266.5,all_outpatient_procedures_reporting_proxy,not_yet_filtered_by_sigtap
210900,8,8,0,0,0,0.0,0.0,0,23903.0,0.0,0.0,,all_outpatient_procedures_reporting_proxy,not_yet_filtered_by_sigtap
210905,3,3,0,0,0,0.0,0.0,0,5954.0,0.0,0.0,,all_outpatient_procedures_reporting_proxy,not_yet_filtered_by_sigtap
210910,21,15,0,0,0,0.0,0.0,0,45155.0,0.0,0.0,,all_outpatient_procedures_reporting_proxy,not_yet_filtered_by_sigtap
210920,5,5,1,1,67,329.0,11733.64,3,11356.0,20.0,28.97146882705178,329.0,all_outpatient_procedures_reporting_proxy,not_yet_filtered_by_sigtap
210923,3,2,0,0,0,0.0,0.0,0,4696.0,0.0,0.0,,all_outpatient_procedures_reporting_proxy,not_yet_filtered_by_sigtap
210927,19,18,2,2,417,2197.0,24078.149999999976,6,17511.0,11.11111111111111,125.46399406087602,1098.5,all_outpatient_procedures_reporting_proxy,not_yet_filtered_by_sigtap
210930,5,4,1,1,36,36.0,8100.0,2,10549.0,25.0,3.4126457484121717,36.0,all_outpatient_procedures_reporting_proxy,not_yet_filtered_by_sigtap
210940,8,8,0,0,0,0.0,0.0,0,13614.0,0.0,0.0,,all_outpatient_procedures_reporting_proxy,not_yet_filtered_by_sigtap
210945,6,6,0,0,0,0.0,0.0,0,30839.0,0.0,0.0,,all_outpatient_procedures_reporting_proxy,not_yet_filtered_by_sigtap
210950,5,5,0,0,0,0.0,0.0,0,22145.0,0.0,0.0,,all_outpatient_procedures_reporting_proxy,not_yet_filtered_by_sigtap
210955,5,4,0,0,0,0.0,0.0,0,7420.0,0.0,0.0,,all_outpatient_procedures_reporting_proxy,not_yet_filtered_by_sigtap
210960,20,14,1,1,2913,3893.0,40238.810000000194,3,38475.0,7.142857142857142,101.1825860948668,3893.0,all_outpatient_procedures_reporting_proxy,not_yet_filtered_by_sigtap
210970,4,4,2,2,78,125.0,14150.0,6,5568.0,50.0,22.449712643678158,62.5,all_outpatient_procedures_reporting_proxy,not_yet_filtered_by_sigtap
210975,3,3,0,0,0,0.0,0.0,0,6697.0,0.0,0.0,,all_outpatient_procedures_reporting_proxy,not_yet_filtered_by_sigtap
210980,11,10,2,2,172,1151.0,6250.98,2,41561.0,20.0,27.694232573807174,575.5,all_outpatient_procedures_reporting_proxy,not_yet_filtered_by_sigtap
210990,23,22,2,2,940,4499.0,34466.81000000003,2,85014.0,9.090909090909092,52.92069541487284,2249.5,all_outpatient_procedures_reporting_proxy,not_yet_filtered_by_sigtap
211000,27,26,0,0,0,0.0,0.0,0,57635.0,0.0,0.0,,all_outpatient_procedures_reporting_proxy,not_yet_filtered_by_sigtap
211003,9,9,1,1,24,24.0,5400.0,1,24307.0,11.11111111111111,0.9873698934463324,24.0,all_outpatient_procedures_reporting_proxy,not_yet_filtered_by_sigtap
211010,13,13,2,2,28,28.0,9.0,2,23957.0,15.384615384615385,1.1687606962474435,14.0,all_outpatient_procedures_reporting_proxy,not_yet_filtered_by_sigtap
211020,22,21,2,2,327,851.0,8439.7,4,37035.0,9.523809523809524,22.97826380450925,425.5,all_outpatient_procedures_reporting_proxy,not_yet_filtered_by_sigtap
211023,5,5,1,1,42,42.0,9450.0,2,10567.0,20.0,3.974638024037097,42.0,all_outpatient_procedures_reporting_proxy,not_yet_filtered_by_sigtap
211027,9,9,1,1,82,82.0,18450.0,3,13949.0,11.11111111111111,5.878557602695533,82.0,all_outpatient_procedures_reporting_proxy,not_yet_filtered_by_sigtap
211030,12,8,0,0,0,0.0,0.0,0,14304.0,0.0,0.0,,all_outpatient_procedures_reporting_proxy,not_yet_filtered_by_sigtap
211040,11,10,0,0,0,0.0,0.0,0,18364.0,0.0,0.0,,all_outpatient_procedures_reporting_proxy,not_yet_filtered_by_sigtap
211050,24,24,1,1,10,10.0,2250.0,1,46395.0,4.166666666666666,0.21554046772281493,10.0,all_outpatient_procedures_reporting_proxy,not_yet_filtered_by_sigtap
211060,12,12,1,1,49,49.0,11025.0,2,26943.0,8.333333333333332,1.8186541958950377,49.0,all_outpatient_procedures_reporting_proxy,not_yet_filtered_by_sigtap
211065,5,5,1,1,70,70.0,15750.0,2,7992.0,20.0,8.75875875875876,70.0,all_outpatient_procedures_reporting_proxy,not_yet_filtered_by_sigtap
211070,19,19,0,0,0,0.0,0.0,0,34034.0,0.0,0.0,,all_outpatient_procedures_reporting_proxy,not_yet_filtered_by_sigtap
211080,4,3,0,0,0,0.0,0.0,0,4402.0,0.0,0.0,,all_outpatient_procedures_reporting_proxy,not_yet_filtered_by_sigtap
211085,4,4,1,1,64,64.0,14400.0,3,9051.0,25.0,7.071041873826097,64.0,all_outpatient_procedures_reporting_proxy,not_yet_filtered_by_sigtap
211090,12,12,0,0,0,0.0,0.0,0,12064.0,0.0,0.0,,all_outpatient_procedures_reporting_proxy,not_yet_filtered_by_sigtap
211100,10,10,0,0,0,0.0,0.0,0,18544.0,0.0,0.0,,all_outpatient_procedures_reporting_proxy,not_yet_filtered_by_sigtap
211102,5,5,0,0,0,0.0,0.0,0,12251.0,0.0,0.0,,all_outpatient_procedures_reporting_proxy,not_yet_filtered_by_sigtap
211105,6,5,0,0,0,0.0,0.0,0,9904.0,0.0,0.0,,all_outpatient_procedures_reporting_proxy,not_yet_filtered_by_sigtap
211107,9,8,0,0,0,0.0,0.0,0,16889.0,0.0,0.0,,all_outpatient_procedures_reporting_proxy,not_yet_filtered_by_sigtap
211110,11,10,0,0,0,0.0,0.0,0,25020.0,0.0,0.0,,all_outpatient_procedures_reporting_proxy,not_yet_filtered_by_sigtap
211120,37,37,7,7,18818,37570.0,192611.30000000435,21,244579.0,18.91891891891892,153.61089872801836,5367.142857142857,all_outpatient_procedures_reporting_proxy,not_yet_filtered_by_sigtap
211125,4,4,0,0,0,0.0,0.0,0,6957.0,0.0,0.0,,all_outpatient_procedures_reporting_proxy,not_yet_filtered_by_sigtap
211130,71,68,30,30,14272,29212.0,350626.2799999998,77,1037775.0,44.11764705882353,28.148683481486835,973.7333333333333,all_outpatient_procedures_reporting_proxy,not_yet_filtered_by_sigtap
211140,10,10,10,10,18472,19744.0,77659.36,30,17818.0,100.0,1108.0929397238747,1974.4,all_outpatient_procedures_reporting_proxy,not_yet_filtered_by_sigtap
211150,11,11,2,2,445,1965.0,12214.270000000071,2,38829.0,18.181818181818183,50.60650544695975,982.5,all_outpatient_procedures_reporting_proxy,not_yet_filtered_by_sigtap
211153,4,4,4,4,24,2385.0,0.0,12,14338.0,100.0,166.3411912400614,596.25,all_outpatient_procedures_reporting_proxy,not_yet_filtered_by_sigtap
211157,1,1,0,0,0,0.0,0.0,0,5783.0,0.0,0.0,,all_outpatient_procedures_reporting_proxy,not_yet_filtered_by_sigtap
211160,12,12,0,0,0,0.0,0.0,0,18672.0,0.0,0.0,,all_outpatient_procedures_reporting_proxy,not_yet_filtered_by_sigtap
211163,3,3,1,1,36,36.0,6300.0,2,5650.0,33.33333333333333,6.371681415929204,36.0,all_outpatient_procedures_reporting_proxy,not_yet_filtered_by_sigtap
211167,4,4,3,3,1242,10329.0,125848.34000000008,6,4544.0,75.0,2273.1073943661972,3443.0,all_outpatient_procedures_reporting_proxy,not_yet_filtered_by_sigtap
211170,11,11,0,0,0,0.0,0.0,0,19498.0,0.0,0.0,,all_outpatient_procedures_reporting_proxy,not_yet_filtered_by_sigtap
211172,6,4,1,1,88,102.0,16788.6,3,8784.0,25.0,11.612021857923498,102.0,all_outpatient_procedures_reporting_proxy,not_yet_filtered_by_sigtap
211174,7,7,0,0,0,0.0,0.0,0,10207.0,0.0,0.0,,all_outpatient_procedures_reporting_proxy,not_yet_filtered_by_sigtap
211176,8,8,0,0,0,0.0,0.0,0,14700.0,0.0,0.0,,all_outpatient_procedures_reporting_proxy,not_yet_filtered_by_sigtap
211178,5,5,1,1,229,1972.0,25803.55999999997,3,10202.0,20.0,193.2954322681827,1972.0,all_outpatient_procedures_reporting_proxy,not_yet_filtered_by_sigtap
211180,10,9,1,1,46,46.0,10350.0,2,17074.0,11.11111111111111,2.694154855335598,46.0,all_outpatient_procedures_reporting_proxy,not_yet_filtered_by_sigtap
211190,5,5,4,4,209,209.0,9953.0,8,10238.0,80.0,20.41414338738035,52.25,all_outpatient_procedures_reporting_proxy,not_yet_filtered_by_sigtap
211195,2,2,1,1,26,26.0,5850.0,1,4985.0,50.0,5.2156469408224675,26.0,all_outpatient_procedures_reporting_proxy,not_yet_filtered_by_sigtap
211200,1,0,0,0,0,0.0,0.0,0,8862.0,,0.0,,no_active_ubs_denominator,not_yet_filtered_by_sigtap
211210,10,9,1,1,14967,30285.0,217544.55999999112,3,26484.0,11.11111111111111,1143.5206162211148,30285.0,all_outpatient_procedures_reporting_proxy,not_yet_filtered_by_sigtap
211220,48,45,0,0,0,0.0,0.0,0,174465.0,0.0,0.0,,all_outpatient_procedures_reporting_proxy,not_yet_filtered_by_sigtap
211223,14,14,6,6,649,649.0,9798.43,16,22484.0,42.857142857142854,28.86497064579256,108.16666666666667,all_outpatient_procedures_reporting_proxy,not_yet_filtered_by_sigtap
211227,3,3,1,1,71,504.0,2626.1000000000004,1,5507.0,33.33333333333333,91.51988378427455,504.0,all_outpatient_procedures_reporting_proxy,not_yet_filtered_by_sigtap
211230,19,19,0,0,0,0.0,0.0,0,36251.0,0.0,0.0,,all_outpatient_procedures_reporting_proxy,not_yet_filtered_by_sigtap
211240,10,10,0,0,0,0.0,0.0,0,37491.0,0.0,0.0,,all_outpatient_procedures_reporting_proxy,not_yet_filtered_by_sigtap
211245,2,2,1,1,84,170.0,1071.0000000000005,2,31638.0,50.0,5.37328528984133,170.0,all_outpatient_procedures_reporting_proxy,not_yet_filtered_by_sigtap
211250,24,24,0,0,0,0.0,0.0,0,53356.0,0.0,0.0,,all_outpatient_procedures_reporting_proxy,not_yet_filtered_by_sigtap
211260,13,13,2,2,754,1546.0,21559.089999999982,4,32812.0,15.384615384615385,47.11690844812873,773.0,all_outpatient_procedures_reporting_proxy,not_yet_filtered_by_sigtap
211270,18,17,2,2,1270,2074.0,19828.47000000001,6,43261.0,11.76470588235294,47.94156399528444,1037.0,all_outpatient_procedures_reporting_proxy,not_yet_filtered_by_sigtap
211280,26,23,1,1,1402,3059.0,44678.070000000094,3,51442.0,4.3478260869565215,59.465028575871855,3059.0,all_outpatient_procedures_reporting_proxy,not_yet_filtered_by_sigtap
211285,6,5,0,0,0,0.0,0.0,0,10362.0,0.0,0.0,,all_outpatient_procedures_reporting_proxy,not_yet_filtered_by_sigtap
211290,13,13,1,1,42,42.0,9450.0,2,30805.0,7.6923076923076925,1.3634150300275931,42.0,all_outpatient_procedures_reporting_proxy,not_yet_filtered_by_sigtap
211300,19,16,0,0,0,0.0,0.0,0,30845.0,0.0,0.0,,all_outpatient_procedures_reporting_proxy,not_yet_filtered_by_sigtap
211400,21,17,0,0,0,0.0,0.0,0,40801.0,0.0,0.0,,all_outpatient_procedures_reporting_proxy,not_yet_filtered_by_sigtap
220005,3,3,0,0,0,0.0,0.0,0,6420.0,0.0,0.0,,all_outpatient_procedures_reporting_proxy,not_yet_filtered_by_sigtap
220010,5,4,0,0,0,0.0,0.0,0,4940.0,0.0,0.0,,all_outpatient_procedures_reporting_proxy,not_yet_filtered_by_sigtap
220020,8,8,0,0,0,0.0,0.0,0,17573.0,0.0,0.0,,all_outpatient_procedures_reporting_proxy,not_yet_filtered_by_sigtap
220025,4,4,1,1,61,61.0,13725.0,3,6819.0,25.0,8.945593195483209,61.0,all_outpatient_procedures_reporting_proxy,not_yet_filtered_by_sigtap
220027,3,3,0,0,0,0.0,0.0,0,4634.0,0.0,0.0,,all_outpatient_procedures_reporting_proxy,not_yet_filtered_by_sigtap
220030,7,7,1,1,124,124.0,27900.0,2,13479.0,14.285714285714285,9.199495511536464,124.0,all_outpatient_procedures_reporting_proxy,not_yet_filtered_by_sigtap
220040,7,7,0,0,0,0.0,0.0,0,47453.0,0.0,0.0,,all_outpatient_procedures_reporting_proxy,not_yet_filtered_by_sigtap
220045,3,3,0,0,0,0.0,0.0,0,5322.0,0.0,0.0,,all_outpatient_procedures_reporting_proxy,not_yet_filtered_by_sigtap
220050,13,13,0,0,0,0.0,0.0,0,17234.0,0.0,0.0,,all_outpatient_procedures_reporting_proxy,not_yet_filtered_by_sigtap
220060,9,9,1,1,15,46.0,0.0,3,6827.0,11.11111111111111,6.73795224842537,46.0,all_outpatient_procedures_reporting_proxy,not_yet_filtered_by_sigtap
220070,2,2,0,0,0,0.0,0.0,0,9407.0,0.0,0.0,,all_outpatient_procedures_reporting_proxy,not_yet_filtered_by_sigtap
220080,2,2,0,0,0,0.0,0.0,0,3152.0,0.0,0.0,,all_outpatient_procedures_reporting_proxy,not_yet_filtered_by_sigtap
220090,5,5,0,0,0,0.0,0.0,0,5369.0,0.0,0.0,,all_outpatient_procedures_reporting_proxy,not_yet_filtered_by_sigtap
220095,1,1,0,0,0,0.0,0.0,0,2690.0,0.0,0.0,,all_outpatient_procedures_reporting_proxy,not_yet_filtered_by_sigtap
220100,4,4,0,0,0,0.0,0.0,0,4520.0,0.0,0.0,,all_outpatient_procedures_reporting_proxy,not_yet_filtered_by_sigtap
220105,2,2,0,0,0,0.0,0.0,0,7452.0,0.0,0.0,,all_outpatient_procedures_reporting_proxy,not_yet_filtered_by_sigtap
220110,5,5,0,0,0,0.0,0.0,0,10866.0,0.0,0.0,,all_outpatient_procedures_reporting_proxy,not_yet_filtered_by_sigtap
220115,8,8,0,0,0,0.0,0.0,0,13272.0,0.0,0.0,,all_outpatient_procedures_reporting_proxy,not_yet_filtered_by_sigtap
220117,2,2,0,0,0,0.0,0.0,0,3995.0,0.0,0.0,,all_outpatient_procedures_reporting_proxy,not_yet_filtered_by_sigtap
220120,23,22,1,1,573,724.0,11111.719999999988,3,47938.0,4.545454545454546,15.102841169844382,724.0,all_outpatient_procedures_reporting_proxy,not_yet_filtered_by_sigtap
220130,2,2,1,1,58,238.0,11700.0,2,3264.0,50.0,72.91666666666667,238.0,all_outpatient_procedures_reporting_proxy,not_yet_filtered_by_sigtap
220140,4,4,0,0,0,0.0,0.0,0,6640.0,0.0,0.0,,all_outpatient_procedures_reporting_proxy,not_yet_filtered_by_sigtap
220150,2,2,0,0,0,0.0,0.0,0,26300.0,0.0,0.0,,all_outpatient_procedures_reporting_proxy,not_yet_filtered_by_sigtap
220157,2,2,0,0,0,0.0,0.0,0,3423.0,0.0,0.0,,all_outpatient_procedures_reporting_proxy,not_yet_filtered_by_sigtap
220160,15,14,0,0,0,0.0,0.0,0,9929.0,0.0,0.0,,all_outpatient_procedures_reporting_proxy,not_yet_filtered_by_sigtap
220170,1,1,0,0,0,0.0,0.0,0,5562.0,0.0,0.0,,all_outpatient_procedures_reporting_proxy,not_yet_filtered_by_sigtap
220173,3,3,0,0,0,0.0,0.0,0,6220.0,0.0,0.0,,all_outpatient_procedures_reporting_proxy,not_yet_filtered_by_sigtap
220177,3,3,0,0,0,0.0,0.0,0,6902.0,0.0,0.0,,all_outpatient_procedures_reporting_proxy,not_yet_filtered_by_sigtap
220180,4,4,0,0,0,0.0,0.0,0,4078.0,0.0,0.0,,all_outpatient_procedures_reporting_proxy,not_yet_filtered_by_sigtap
220190,12,12,0,0,0,0.0,0.0,0,28796.0,0.0,0.0,,all_outpatient_procedures_reporting_proxy,not_yet_filtered_by_sigtap
220191,1,1,0,0,0,0.0,0.0,0,5636.0,0.0,0.0,,all_outpatient_procedures_reporting_proxy,not_yet_filtered_by_sigtap
220192,2,2,0,0,0,0.0,0.0,0,5913.0,0.0,0.0,,all_outpatient_procedures_reporting_proxy,not_yet_filtered_by_sigtap
220194,3,3,0,0,0,0.0,0.0,0,6545.0,0.0,0.0,,all_outpatient_procedures_reporting_proxy,not_yet_filtered_by_sigtap
220196,4,4,0,0,0,0.0,0.0,0,8436.0,0.0,0.0,,all_outpatient_procedures_reporting_proxy,not_yet_filtered_by_sigtap
220198,2,2,0,0,0,0.0,0.0,0,3904.0,0.0,0.0,,all_outpatient_procedures_reporting_proxy,not_yet_filtered_by_sigtap
220200,11,10,1,1,4,9376.0,0.0,3,19654.0,10.0,477.053017197517,9376.0,all_outpatient_procedures_reporting_proxy,not_yet_filtered_by_sigtap
220202,2,2,1,1,18,147.0,0.0,2,7434.0,50.0,19.77401129943503,147.0,all_outpatient_procedures_reporting_proxy,not_yet_filtered_by_sigtap
220205,4,4,0,0,0,0.0,0.0,0,10212.0,0.0,0.0,,all_outpatient_procedures_reporting_proxy,not_yet_filtered_by_sigtap
220207,3,3,0,0,0,0.0,0.0,0,3108.0,0.0,0.0,,all_outpatient_procedures_reporting_proxy,not_yet_filtered_by_sigtap
220208,2,2,0,0,0,0.0,0.0,0,7957.0,0.0,0.0,,all_outpatient_procedures_reporting_proxy,not_yet_filtered_by_sigtap
220209,5,4,0,0,0,0.0,0.0,0,5503.0,0.0,0.0,,all_outpatient_procedures_reporting_proxy,not_yet_filtered_by_sigtap
220210,5,5,0,0,0,0.0,0.0,0,4938.0,0.0,0.0,,all_outpatient_procedures_reporting_proxy,not_yet_filtered_by_sigtap
220211,3,3,0,0,0,0.0,0.0,0,4616.0,0.0,0.0,,all_outpatient_procedures_reporting_proxy,not_yet_filtered_by_sigtap
220213,3,3,0,0,0,0.0,0.0,0,6020.0,0.0,0.0,,all_outpatient_procedures_reporting_proxy,not_yet_filtered_by_sigtap
220217,4,4,0,0,0,0.0,0.0,0,7419.0,0.0,0.0,,all_outpatient_procedures_reporting_proxy,not_yet_filtered_by_sigtap
220220,4,4,1,1,102,767.0,1180.0,3,45793.0,25.0,16.749284825191623,767.0,all_outpatient_procedures_reporting_proxy,not_yet_filtered_by_sigtap
220225,2,2,0,0,0,0.0,0.0,0,3414.0,0.0,0.0,,all_outpatient_procedures_reporting_proxy,not_yet_filtered_by_sigtap
220230,9,9,0,0,0,0.0,0.0,0,19365.0,0.0,0.0,,all_outpatient_procedures_reporting_proxy,not_yet_filtered_by_sigtap
220240,5,3,0,0,0,0.0,0.0,0,11100.0,0.0,0.0,,all_outpatient_procedures_reporting_proxy,not_yet_filtered_by_sigtap
220245,2,2,0,0,0,0.0,0.0,0,3974.0,0.0,0.0,,all_outpatient_procedures_reporting_proxy,not_yet_filtered_by_sigtap
220250,3,3,0,0,0,0.0,0.0,0,10318.0,0.0,0.0,,all_outpatient_procedures_reporting_proxy,not_yet_filtered_by_sigtap
220253,1,1,0,0,0,0.0,0.0,0,5630.0,0.0,0.0,,all_outpatient_procedures_reporting_proxy,not_yet_filtered_by_sigtap
220255,3,3,1,1,1,63.0,0.0,1,5033.0,33.33333333333333,12.517385257301807,63.0,all_outpatient_procedures_reporting_proxy,not_yet_filtered_by_sigtap
220260,8,8,0,0,0,0.0,0.0,0,19288.0,0.0,0.0,,all_outpatient_procedures_reporting_proxy,not_yet_filtered_by_sigtap
220265,3,3,0,0,0,0.0,0.0,0,5496.0,0.0,0.0,,all_outpatient_procedures_reporting_proxy,not_yet_filtered_by_sigtap
220270,8,8,0,0,0,0.0,0.0,0,28212.0,0.0,0.0,,all_outpatient_procedures_reporting_proxy,not_yet_filtered_by_sigtap
220271,4,4,0,0,0,0.0,0.0,0,4911.0,0.0,0.0,,all_outpatient_procedures_reporting_proxy,not_yet_filtered_by_sigtap
220272,3,3,0,0,0,0.0,0.0,0,6386.0,0.0,0.0,,all_outpatient_procedures_reporting_proxy,not_yet_filtered_by_sigtap
220273,1,1,1,1,7,19.0,0.0,1,4117.0,100.0,4.615010930289046,19.0,all_outpatient_procedures_reporting_proxy,not_yet_filtered_by_sigtap
220275,5,3,0,0,0,0.0,0.0,0,6150.0,0.0,0.0,,all_outpatient_procedures_reporting_proxy,not_yet_filtered_by_sigtap
220277,3,3,0,0,0,0.0,0.0,0,6994.0,0.0,0.0,,all_outpatient_procedures_reporting_proxy,not_yet_filtered_by_sigtap
220280,1,1,1,1,63,63.0,14175.0,3,4932.0,100.0,12.773722627737227,63.0,all_outpatient_procedures_reporting_proxy,not_yet_filtered_by_sigtap
220285,2,2,0,0,0,0.0,0.0,0,4250.0,0.0,0.0,,all_outpatient_procedures_reporting_proxy,not_yet_filtered_by_sigtap
220290,13,13,0,0,0,0.0,0.0,0,27278.0,0.0,0.0,,all_outpatient_procedures_reporting_proxy,not_yet_filtered_by_sigtap
220300,4,4,0,0,0,0.0,0.0,0,7356.0,0.0,0.0,,all_outpatient_procedures_reporting_proxy,not_yet_filtered_by_sigtap
220310,9,9,0,0,0,0.0,0.0,0,10503.0,0.0,0.0,,all_outpatient_procedures_reporting_proxy,not_yet_filtered_by_sigtap
220320,5,5,0,0,0,0.0,0.0,0,11270.0,0.0,0.0,,all_outpatient_procedures_reporting_proxy,not_yet_filtered_by_sigtap
220323,2,2,0,0,0,0.0,0.0,0,4854.0,0.0,0.0,,all_outpatient_procedures_reporting_proxy,not_yet_filtered_by_sigtap
220325,3,3,0,0,0,0.0,0.0,0,4413.0,0.0,0.0,,all_outpatient_procedures_reporting_proxy,not_yet_filtered_by_sigtap
220327,5,5,0,0,0,0.0,0.0,0,5073.0,0.0,0.0,,all_outpatient_procedures_reporting_proxy,not_yet_filtered_by_sigtap
220330,9,9,0,0,0,0.0,0.0,0,16352.0,0.0,0.0,,all_outpatient_procedures_reporting_proxy,not_yet_filtered_by_sigtap
220335,4,4,1,1,1,7.0,0.0,1,7054.0,25.0,0.9923447689254324,7.0,all_outpatient_procedures_reporting_proxy,not_yet_filtered_by_sigtap
220340,4,4,0,0,0,0.0,0.0,0,6320.0,0.0,0.0,,all_outpatient_procedures_reporting_proxy,not_yet_filtered_by_sigtap
220342,1,1,0,0,0,0.0,0.0,0,4075.0,0.0,0.0,,all_outpatient_procedures_reporting_proxy,not_yet_filtered_by_sigtap
220345,6,6,0,0,0,0.0,0.0,0,9159.0,0.0,0.0,,all_outpatient_procedures_reporting_proxy,not_yet_filtered_by_sigtap
220350,7,7,0,0,0,0.0,0.0,0,13607.0,0.0,0.0,,all_outpatient_procedures_reporting_proxy,not_yet_filtered_by_sigtap
220360,4,4,0,0,0,0.0,0.0,0,4377.0,0.0,0.0,,all_outpatient_procedures_reporting_proxy,not_yet_filtered_by_sigtap
220370,23,22,0,0,0,0.0,0.0,0,40970.0,0.0,0.0,,all_outpatient_procedures_reporting_proxy,not_yet_filtered_by_sigtap
220375,2,2,0,0,0,0.0,0.0,0,5284.0,0.0,0.0,,all_outpatient_procedures_reporting_proxy,not_yet_filtered_by_sigtap
220380,3,3,0,0,0,0.0,0.0,0,4414.0,0.0,0.0,,all_outpatient_procedures_reporting_proxy,not_yet_filtered_by_sigtap
220385,5,3,1,1,3,420.0,0.0,2,2333.0,33.33333333333333,180.02571795970854,420.0,all_outpatient_procedures_reporting_proxy,not_yet_filtered_by_sigtap
220390,26,26,1,1,276,1216.0,5844.140000000005,3,62036.0,3.8461538461538463,19.601521697079118,1216.0,all_outpatient_procedures_reporting_proxy,not_yet_filtered_by_sigtap
220400,4,4,0,0,0,0.0,0.0,0,4505.0,0.0,0.0,,all_outpatient_procedures_reporting_proxy,not_yet_filtered_by_sigtap
220410,2,2,0,0,0,0.0,0.0,0,4412.0,0.0,0.0,,all_outpatient_procedures_reporting_proxy,not_yet_filtered_by_sigtap
220415,2,2,0,0,0,0.0,0.0,0,2929.0,0.0,0.0,,all_outpatient_procedures_reporting_proxy,not_yet_filtered_by_sigtap
220420,5,5,0,0,0,0.0,0.0,0,8237.0,0.0,0.0,,all_outpatient_procedures_reporting_proxy,not_yet_filtered_by_sigtap
220430,11,9,1,1,6,27.0,0.0,1,10259.0,11.11111111111111,2.63183546154596,27.0,all_outpatient_procedures_reporting_proxy,not_yet_filtered_by_sigtap
220435,3,3,0,0,0,0.0,0.0,0,5445.0,0.0,0.0,,all_outpatient_procedures_reporting_proxy,not_yet_filtered_by_sigtap
220440,3,3,1,1,57,209.0,11475.0,2,10892.0,33.33333333333333,19.188395152405437,209.0,all_outpatient_procedures_reporting_proxy,not_yet_filtered_by_sigtap
220450,5,5,0,0,0,0.0,0.0,0,10270.0,0.0,0.0,,all_outpatient_procedures_reporting_proxy,not_yet_filtered_by_sigtap
220455,1,1,0,0,0,0.0,0.0,0,4276.0,0.0,0.0,,all_outpatient_procedures_reporting_proxy,not_yet_filtered_by_sigtap
220460,3,3,1,1,36,38.0,380.0,3,3518.0,33.33333333333333,10.801591813530415,38.0,all_outpatient_procedures_reporting_proxy,not_yet_filtered_by_sigtap
220465,6,5,0,0,0,0.0,0.0,0,9274.0,0.0,0.0,,all_outpatient_procedures_reporting_proxy,not_yet_filtered_by_sigtap
220470,9,9,1,1,4,82.0,0.0,2,14958.0,11.11111111111111,5.482016312341223,82.0,all_outpatient_procedures_reporting_proxy,not_yet_filtered_by_sigtap
220480,5,5,0,0,0,0.0,0.0,0,9420.0,0.0,0.0,,all_outpatient_procedures_reporting_proxy,not_yet_filtered_by_sigtap
220490,5,4,0,0,0,0.0,0.0,0,7774.0,0.0,0.0,,all_outpatient_procedures_reporting_proxy,not_yet_filtered_by_sigtap
220500,1,1,1,1,30,30.0,6750.0,1,10790.0,100.0,2.7803521779425395,30.0,all_outpatient_procedures_reporting_proxy,not_yet_filtered_by_sigtap
220510,7,7,1,1,79,79.0,17775.0,2,10323.0,14.285714285714285,7.652814104427008,79.0,all_outpatient_procedures_reporting_proxy,not_yet_filtered_by_sigtap
220515,3,3,0,0,0,0.0,0.0,0,5613.0,0.0,0.0,,all_outpatient_procedures_reporting_proxy,not_yet_filtered_by_sigtap
220520,11,11,0,0,0,0.0,0.0,0,17527.0,0.0,0.0,,all_outpatient_procedures_reporting_proxy,not_yet_filtered_by_sigtap
220525,3,3,0,0,0,0.0,0.0,0,4180.0,0.0,0.0,,all_outpatient_procedures_reporting_proxy,not_yet_filtered_by_sigtap
220527,6,5,0,0,0,0.0,0.0,0,4494.0,0.0,0.0,,all_outpatient_procedures_reporting_proxy,not_yet_filtered_by_sigtap
220530,2,2,1,1,33,33.0,7425.0,2,4497.0,50.0,7.33822548365577,33.0,all_outpatient_procedures_reporting_proxy,not_yet_filtered_by_sigtap
220535,2,2,0,0,0,0.0,0.0,0,2970.0,0.0,0.0,,all_outpatient_procedures_reporting_proxy,not_yet_filtered_by_sigtap
220540,8,8,1,1,54,5447.0,14553.769999999997,3,13886.0,12.5,392.26559124297853,5447.0,all_outpatient_procedures_reporting_proxy,not_yet_filtered_by_sigtap
220545,3,3,0,0,0,0.0,0.0,0,5394.0,0.0,0.0,,all_outpatient_procedures_reporting_proxy,not_yet_filtered_by_sigtap
220550,22,22,2,2,764,948.0,13740.0,5,42559.0,9.090909090909092,22.274959468032613,474.0,all_outpatient_procedures_reporting_proxy,not_yet_filtered_by_sigtap
220551,2,2,0,0,0,0.0,0.0,0,5214.0,0.0,0.0,,all_outpatient_procedures_reporting_proxy,not_yet_filtered_by_sigtap
220552,1,1,0,0,0,0.0,0.0,0,5388.0,0.0,0.0,,all_outpatient_procedures_reporting_proxy,not_yet_filtered_by_sigtap
220553,1,1,1,1,8,8.0,0.0,1,4425.0,100.0,1.807909604519774,8.0,all_outpatient_procedures_reporting_proxy,not_yet_filtered_by_sigtap
220554,1,1,0,0,0,0.0,0.0,0,2939.0,0.0,0.0,,all_outpatient_procedures_reporting_proxy,not_yet_filtered_by_sigtap
220555,2,2,1,1,40,40.0,9000.0,2,8256.0,50.0,4.844961240310077,40.0,all_outpatient_procedures_reporting_proxy,not_yet_filtered_by_sigtap
220556,2,2,0,0,0,0.0,0.0,0,4995.0,0.0,0.0,,all_outpatient_procedures_reporting_proxy,not_yet_filtered_by_sigtap
220557,3,3,0,0,0,0.0,0.0,0,6331.0,0.0,0.0,,all_outpatient_procedures_reporting_proxy,not_yet_filtered_by_sigtap
220558,2,2,0,0,0,0.0,0.0,0,4810.0,0.0,0.0,,all_outpatient_procedures_reporting_proxy,not_yet_filtered_by_sigtap
220559,4,4,0,0,0,0.0,0.0,0,4520.0,0.0,0.0,,all_outpatient_procedures_reporting_proxy,not_yet_filtered_by_sigtap
220560,3,3,0,0,0,0.0,0.0,0,5213.0,0.0,0.0,,all_outpatient_procedures_reporting_proxy,not_yet_filtered_by_sigtap
220570,15,15,0,0,0,0.0,0.0,0,30641.0,0.0,0.0,,all_outpatient_procedures_reporting_proxy,not_yet_filtered_by_sigtap
220580,15,14,0,0,0,0.0,0.0,0,25375.0,0.0,0.0,,all_outpatient_procedures_reporting_proxy,not_yet_filtered_by_sigtap
220585,5,5,0,0,0,0.0,0.0,0,8032.0,0.0,0.0,,all_outpatient_procedures_reporting_proxy,not_yet_filtered_by_sigtap
220590,4,4,0,0,0,0.0,0.0,0,5209.0,0.0,0.0,,all_outpatient_procedures_reporting_proxy,not_yet_filtered_by_sigtap
220595,3,3,1,1,64,64.0,14400.0,2,8533.0,33.33333333333333,7.500292980194539,64.0,all_outpatient_procedures_reporting_proxy,not_yet_filtered_by_sigtap
220600,2,2,1,1,22,22.0,4950.0,1,4724.0,50.0,4.657070279424216,22.0,all_outpatient_procedures_reporting_proxy,not_yet_filtered_by_sigtap
220605,4,4,0,0,0,0.0,0.0,0,5218.0,0.0,0.0,,all_outpatient_procedures_reporting_proxy,not_yet_filtered_by_sigtap
220610,1,1,1,1,50,50.0,13.0,2,10641.0,100.0,4.6988065031482,50.0,all_outpatient_procedures_reporting_proxy,not_yet_filtered_by_sigtap
220620,11,10,0,0,0,0.0,0.0,0,32150.0,0.0,0.0,,all_outpatient_procedures_reporting_proxy,not_yet_filtered_by_sigtap
220630,5,3,0,0,0,0.0,0.0,0,1318.0,0.0,0.0,,all_outpatient_procedures_reporting_proxy,not_yet_filtered_by_sigtap
220635,4,3,0,0,0,0.0,0.0,0,6542.0,0.0,0.0,,all_outpatient_procedures_reporting_proxy,not_yet_filtered_by_sigtap
220640,5,5,0,0,0,0.0,0.0,0,10255.0,0.0,0.0,,all_outpatient_procedures_reporting_proxy,not_yet_filtered_by_sigtap
220650,8,8,0,0,0,0.0,0.0,0,7577.0,0.0,0.0,,all_outpatient_procedures_reporting_proxy,not_yet_filtered_by_sigtap
220660,4,4,0,0,0,0.0,0.0,0,10660.0,0.0,0.0,,all_outpatient_procedures_reporting_proxy,not_yet_filtered_by_sigtap
220665,1,1,0,0,0,0.0,0.0,0,4377.0,0.0,0.0,,all_outpatient_procedures_reporting_proxy,not_yet_filtered_by_sigtap
220667,5,5,0,0,0,0.0,0.0,0,6425.0,0.0,0.0,,all_outpatient_procedures_reporting_proxy,not_yet_filtered_by_sigtap
220669,3,2,0,0,0,0.0,0.0,0,9797.0,0.0,0.0,,all_outpatient_procedures_reporting_proxy,not_yet_filtered_by_sigtap
220670,8,8,2,2,79,136.0,13050.0,6,6665.0,25.0,20.405101275318827,68.0,all_outpatient_procedures_reporting_proxy,not_yet_filtered_by_sigtap
220672,5,5,0,0,0,0.0,0.0,0,10262.0,0.0,0.0,,all_outpatient_procedures_reporting_proxy,not_yet_filtered_by_sigtap
220675,3,3,0,0,0,0.0,0.0,0,5228.0,0.0,0.0,,all_outpatient_procedures_reporting_proxy,not_yet_filtered_by_sigtap
220680,5,5,0,0,0,0.0,0.0,0,8525.0,0.0,0.0,,all_outpatient_procedures_reporting_proxy,not_yet_filtered_by_sigtap
220690,3,3,0,0,0,0.0,0.0,0,6097.0,0.0,0.0,,all_outpatient_procedures_reporting_proxy,not_yet_filtered_by_sigtap
220695,4,3,0,0,0,0.0,0.0,0,2827.0,0.0,0.0,,all_outpatient_procedures_reporting_proxy,not_yet_filtered_by_sigtap
220700,21,20,0,0,0,0.0,0.0,0,38161.0,0.0,0.0,,all_outpatient_procedures_reporting_proxy,not_yet_filtered_by_sigtap
220710,6,6,0,0,0,0.0,0.0,0,2637.0,0.0,0.0,,all_outpatient_procedures_reporting_proxy,not_yet_filtered_by_sigtap
220720,6,6,0,0,0,0.0,0.0,0,6382.0,0.0,0.0,,all_outpatient_procedures_reporting_proxy,not_yet_filtered_by_sigtap
220730,1,0,0,0,0,0.0,0.0,0,4088.0,,0.0,,no_active_ubs_denominator,not_yet_filtered_by_sigtap
220735,4,4,0,0,0,0.0,0.0,0,3000.0,0.0,0.0,,all_outpatient_procedures_reporting_proxy,not_yet_filtered_by_sigtap
220740,4,4,0,0,0,0.0,0.0,0,4952.0,0.0,0.0,,all_outpatient_procedures_reporting_proxy,not_yet_filtered_by_sigtap
220750,9,9,0,0,0,0.0,0.0,0,13264.0,0.0,0.0,,all_outpatient_procedures_reporting_proxy,not_yet_filtered_by_sigtap
220755,1,1,0,0,0,0.0,0.0,0,3813.0,0.0,0.0,,all_outpatient_procedures_reporting_proxy,not_yet_filtered_by_sigtap
220760,7,7,0,0,0,0.0,0.0,0,10103.0,0.0,0.0,,all_outpatient_procedures_reporting_proxy,not_yet_filtered_by_sigtap
220770,38,37,0,0,0,0.0,0.0,0,162159.0,0.0,0.0,,all_outpatient_procedures_reporting_proxy,not_yet_filtered_by_sigtap
220775,2,2,2,2,12,195.0,130.0,4,4135.0,100.0,47.1584038694075,97.5,all_outpatient_procedures_reporting_proxy,not_yet_filtered_by_sigtap
220777,7,2,0,0,0,0.0,0.0,0,5425.0,0.0,0.0,,all_outpatient_procedures_reporting_proxy,not_yet_filtered_by_sigtap
220779,4,4,0,0,0,0.0,0.0,0,3880.0,0.0,0.0,,all_outpatient_procedures_reporting_proxy,not_yet_filtered_by_sigtap
220780,12,12,0,0,0,0.0,0.0,0,21055.0,0.0,0.0,,all_outpatient_procedures_reporting_proxy,not_yet_filtered_by_sigtap
220785,2,2,0,0,0,0.0,0.0,0,3628.0,0.0,0.0,,all_outpatient_procedures_reporting_proxy,not_yet_filtered_by_sigtap
220790,15,15,0,0,0,0.0,0.0,0,37894.0,0.0,0.0,,all_outpatient_procedures_reporting_proxy,not_yet_filtered_by_sigtap
220793,2,2,0,0,0,0.0,0.0,0,2458.0,0.0,0.0,,all_outpatient_procedures_reporting_proxy,not_yet_filtered_by_sigtap
220795,2,2,1,1,18,575.0,0.0,3,4076.0,50.0,141.06967615309128,575.0,all_outpatient_procedures_reporting_proxy,not_yet_filtered_by_sigtap
220800,37,32,2,2,560,5774.0,34162.57000000001,5,83090.0,6.25,69.49091346732459,2887.0,all_outpatient_procedures_reporting_proxy,not_yet_filtered_by_sigtap
220810,1,1,0,0,0,0.0,0.0,0,11341.0,0.0,0.0,,all_outpatient_procedures_reporting_proxy,not_yet_filtered_by_sigtap
220820,9,8,0,0,0,0.0,0.0,0,17613.0,0.0,0.0,,all_outpatient_procedures_reporting_proxy,not_yet_filtered_by_sigtap
220830,14,14,0,0,0,0.0,0.0,0,28846.0,0.0,0.0,,all_outpatient_procedures_reporting_proxy,not_yet_filtered_by_sigtap
220840,31,30,0,0,0,0.0,0.0,0,65538.0,0.0,0.0,,all_outpatient_procedures_reporting_proxy,not_yet_filtered_by_sigtap
220850,7,6,0,0,0,0.0,0.0,0,12052.0,0.0,0.0,,all_outpatient_procedures_reporting_proxy,not_yet_filtered_by_sigtap
220855,2,1,0,0,0,0.0,0.0,0,2364.0,0.0,0.0,,all_outpatient_procedures_reporting_proxy,not_yet_filtered_by_sigtap
220860,2,2,0,0,0,0.0,0.0,0,3042.0,0.0,0.0,,all_outpatient_procedures_reporting_proxy,not_yet_filtered_by_sigtap
220865,5,5,0,0,0,0.0,0.0,0,8738.0,0.0,0.0,,all_outpatient_procedures_reporting_proxy,not_yet_filtered_by_sigtap
220870,3,3,0,0,0,0.0,0.0,0,8394.0,0.0,0.0,,all_outpatient_procedures_reporting_proxy,not_yet_filtered_by_sigtap
220880,9,9,0,0,0,0.0,0.0,0,17133.0,0.0,0.0,,all_outpatient_procedures_reporting_proxy,not_yet_filtered_by_sigtap
220885,2,2,0,0,0,0.0,0.0,0,4165.0,0.0,0.0,,all_outpatient_procedures_reporting_proxy,not_yet_filtered_by_sigtap
220887,1,1,1,1,30,518.0,0.0,3,4055.0,100.0,127.74352651048088,518.0,all_outpatient_procedures_reporting_proxy,not_yet_filtered_by_sigtap
220900,4,4,0,0,0,0.0,0.0,0,5801.0,0.0,0.0,,all_outpatient_procedures_reporting_proxy,not_yet_filtered_by_sigtap
220910,2,0,0,0,0,0.0,0.0,0,5831.0,,0.0,,no_active_ubs_denominator,not_yet_filtered_by_sigtap
220915,3,3,0,0,0,0.0,0.0,0,3435.0,0.0,0.0,,all_outpatient_procedures_reporting_proxy,not_yet_filtered_by_sigtap
220920,3,3,0,0,0,0.0,0.0,0,6087.0,0.0,0.0,,all_outpatient_procedures_reporting_proxy,not_yet_filtered_by_sigtap
220930,1,1,1,1,40,40.0,9000.0,2,5336.0,100.0,7.496251874062969,40.0,all_outpatient_procedures_reporting_proxy,not_yet_filtered_by_sigtap
220935,2,2,0,0,0,0.0,0.0,0,4125.0,0.0,0.0,,all_outpatient_procedures_reporting_proxy,not_yet_filtered_by_sigtap
220937,3,3,0,0,0,0.0,0.0,0,4650.0,0.0,0.0,,all_outpatient_procedures_reporting_proxy,not_yet_filtered_by_sigtap
220940,4,4,0,0,0,0.0,0.0,0,5839.0,0.0,0.0,,all_outpatient_procedures_reporting_proxy,not_yet_filtered_by_sigtap
220945,4,4,0,0,0,0.0,0.0,0,2138.0,0.0,0.0,,all_outpatient_procedures_reporting_proxy,not_yet_filtered_by_sigtap
220950,3,3,0,0,0,0.0,0.0,0,3646.0,0.0,0.0,,all_outpatient_procedures_reporting_proxy,not_yet_filtered_by_sigtap
220955,3,3,1,1,19,60.0,0.0,3,4358.0,33.33333333333333,13.767783386874713,60.0,all_outpatient_procedures_reporting_proxy,not_yet_filtered_by_sigtap
220960,4,2,0,0,0,0.0,0.0,0,2842.0,0.0,0.0,,all_outpatient_procedures_reporting_proxy,not_yet_filtered_by_sigtap
220965,3,3,0,0,0,0.0,0.0,0,5572.0,0.0,0.0,,all_outpatient_procedures_reporting_proxy,not_yet_filtered_by_sigtap
220970,3,3,0,0,0,0.0,0.0,0,5392.0,0.0,0.0,,all_outpatient_procedures_reporting_proxy,not_yet_filtered_by_sigtap
220975,2,2,0,0,0,0.0,0.0,0,2947.0,0.0,0.0,,all_outpatient_procedures_reporting_proxy,not_yet_filtered_by_sigtap
220980,3,2,0,0,0,0.0,0.0,0,4837.0,0.0,0.0,,all_outpatient_procedures_reporting_proxy,not_yet_filtered_by_sigtap
220985,4,4,0,0,0,0.0,0.0,0,4242.0,0.0,0.0,,all_outpatient_procedures_reporting_proxy,not_yet_filtered_by_sigtap
220987,3,3,0,0,0,0.0,0.0,0,5522.0,0.0,0.0,,all_outpatient_procedures_reporting_proxy,not_yet_filtered_by_sigtap
220990,1,1,0,0,0,0.0,0.0,0,6114.0,0.0,0.0,,all_outpatient_procedures_reporting_proxy,not_yet_filtered_by_sigtap
220995,2,2,0,0,0,0.0,0.0,0,4383.0,0.0,0.0,,all_outpatient_procedures_reporting_proxy,not_yet_filtered_by_sigtap
220997,4,4,3,3,112,112.0,28.0,9,8186.0,75.0,13.681895919863182,37.333333333333336,all_outpatient_procedures_reporting_proxy,not_yet_filtered_by_sigtap
221000,6,6,0,0,0,0.0,0.0,0,21421.0,0.0,0.0,,all_outpatient_procedures_reporting_proxy,not_yet_filtered_by_sigtap
221005,6,5,0,0,0,0.0,0.0,0,4841.0,0.0,0.0,,all_outpatient_procedures_reporting_proxy,not_yet_filtered_by_sigtap
221010,2,2,0,0,0,0.0,0.0,0,3297.0,0.0,0.0,,all_outpatient_procedures_reporting_proxy,not_yet_filtered_by_sigtap
221020,7,6,1,1,59,59.0,13275.0,3,6597.0,16.666666666666664,8.94345914809762,59.0,all_outpatient_procedures_reporting_proxy,not_yet_filtered_by_sigtap
221030,3,3,1,1,61,61.0,13725.0,3,6025.0,33.33333333333333,10.12448132780083,61.0,all_outpatient_procedures_reporting_proxy,not_yet_filtered_by_sigtap
221035,7,7,0,0,0,0.0,0.0,0,4410.0,0.0,0.0,,all_outpatient_procedures_reporting_proxy,not_yet_filtered_by_sigtap
221037,1,1,0,0,0,0.0,0.0,0,2309.0,0.0,0.0,,all_outpatient_procedures_reporting_proxy,not_yet_filtered_by_sigtap
221038,2,2,0,0,0,0.0,0.0,0,2269.0,0.0,0.0,,all_outpatient_procedures_reporting_proxy,not_yet_filtered_by_sigtap
221039,1,1,0,0,0,0.0,0.0,0,2829.0,0.0,0.0,,all_outpatient_procedures_reporting_proxy,not_yet_filtered_by_sigtap
221040,11,10,0,0,0,0.0,0.0,0,17554.0,0.0,0.0,,all_outpatient_procedures_reporting_proxy,not_yet_filtered_by_sigtap
221050,8,8,0,0,0,0.0,0.0,0,13755.0,0.0,0.0,,all_outpatient_procedures_reporting_proxy,not_yet_filtered_by_sigtap
221060,15,14,0,0,0,0.0,0.0,0,38934.0,0.0,0.0,,all_outpatient_procedures_reporting_proxy,not_yet_filtered_by_sigtap
221062,2,2,0,0,0,0.0,0.0,0,3202.0,0.0,0.0,,all_outpatient_procedures_reporting_proxy,not_yet_filtered_by_sigtap
221063,5,5,0,0,0,0.0,0.0,0,4446.0,0.0,0.0,,all_outpatient_procedures_reporting_proxy,not_yet_filtered_by_sigtap
221065,4,4,0,0,0,0.0,0.0,0,9460.0,0.0,0.0,,all_outpatient_procedures_reporting_proxy,not_yet_filtered_by_sigtap
221070,8,7,0,0,0,0.0,0.0,0,14350.0,0.0,0.0,,all_outpatient_procedures_reporting_proxy,not_yet_filtered_by_sigtap
221080,4,4,2,2,947,9833.0,63415.76999999983,6,13870.0,50.0,708.9401586157173,4916.5,all_outpatient_procedures_reporting_proxy,not_yet_filtered_by_sigtap
221090,4,4,1,1,68,68.0,15300.0,3,4141.0,25.0,16.421154310553007,68.0,all_outpatient_procedures_reporting_proxy,not_yet_filtered_by_sigtap
221093,3,3,0,0,0,0.0,0.0,0,6220.0,0.0,0.0,,all_outpatient_procedures_reporting_proxy,not_yet_filtered_by_sigtap
221095,1,1,0,0,0,0.0,0.0,0,2949.0,0.0,0.0,,all_outpatient_procedures_reporting_proxy,not_yet_filtered_by_sigtap
221097,4,4,0,0,0,0.0,0.0,0,2316.0,0.0,0.0,,all_outpatient_procedures_reporting_proxy,not_yet_filtered_by_sigtap
221100,98,93,1,1,1359,5534.0,44504.05000000005,3,866300.0,1.0752688172043012,6.388087267690176,5534.0,all_outpatient_procedures_reporting_proxy,not_yet_filtered_by_sigtap
221110,18,18,1,1,604,1000.0,9150.249999999996,2,46119.0,5.555555555555555,21.68303735987337,1000.0,all_outpatient_procedures_reporting_proxy,not_yet_filtered_by_sigtap
221120,10,10,0,0,0,0.0,0.0,0,25203.0,0.0,0.0,,all_outpatient_procedures_reporting_proxy,not_yet_filtered_by_sigtap
221130,10,9,0,0,0,0.0,0.0,0,22279.0,0.0,0.0,,all_outpatient_procedures_reporting_proxy,not_yet_filtered_by_sigtap
221135,2,2,1,1,4,12.0,0.0,1,5055.0,50.0,2.373887240356083,12.0,all_outpatient_procedures_reporting_proxy,not_yet_filtered_by_sigtap
221140,5,5,0,0,0,0.0,0.0,0,4417.0,0.0,0.0,,all_outpatient_procedures_reporting_proxy,not_yet_filtered_by_sigtap
221150,3,3,0,0,0,0.0,0.0,0,3185.0,0.0,0.0,,all_outpatient_procedures_reporting_proxy,not_yet_filtered_by_sigtap
221160,1,1,0,0,0,0.0,0.0,0,2935.0,0.0,0.0,,all_outpatient_procedures_reporting_proxy,not_yet_filtered_by_sigtap
221170,2,2,0,0,0,0.0,0.0,0,4059.0,0.0,0.0,,all_outpatient_procedures_reporting_proxy,not_yet_filtered_by_sigtap
230010,5,5,0,0,0,0.0,0.0,0,10038.0,0.0,0.0,,all_outpatient_procedures_reporting_proxy,not_yet_filtered_by_sigtap
230015,6,6,2,2,654,654.0,14215.97999999998,6,14027.0,33.33333333333333,46.624367291651815,327.0,all_outpatient_procedures_reporting_proxy,not_yet_filtered_by_sigtap
230020,26,25,1,1,53,53.0,11925.0,1,65264.0,4.0,0.8120862956607011,53.0,all_outpatient_procedures_reporting_proxy,not_yet_filtered_by_sigtap
230030,23,18,0,0,0,0.0,0.0,0,44962.0,0.0,0.0,,all_outpatient_procedures_reporting_proxy,not_yet_filtered_by_sigtap
230040,8,8,0,0,0,0.0,0.0,0,14076.0,0.0,0.0,,all_outpatient_procedures_reporting_proxy,not_yet_filtered_by_sigtap
230050,7,6,0,0,0,0.0,0.0,0,11369.0,0.0,0.0,,all_outpatient_procedures_reporting_proxy,not_yet_filtered_by_sigtap
230060,4,3,1,1,92,92.0,20700.0,2,6782.0,33.33333333333333,13.56531996461221,92.0,all_outpatient_procedures_reporting_proxy,not_yet_filtered_by_sigtap
230070,7,7,1,1,115,9928.0,25117.97,3,14155.0,14.285714285714285,701.3776050865418,9928.0,all_outpatient_procedures_reporting_proxy,not_yet_filtered_by_sigtap
230075,17,15,0,0,0,0.0,0.0,0,42156.0,0.0,0.0,,all_outpatient_procedures_reporting_proxy,not_yet_filtered_by_sigtap
230080,4,3,2,2,649,847.0,5189.050000000003,6,7245.0,66.66666666666666,116.90821256038647,423.5,all_outpatient_procedures_reporting_proxy,not_yet_filtered_by_sigtap
230090,8,8,1,1,98,258.0,1221.66,3,12928.0,12.5,19.956683168316832,258.0,all_outpatient_procedures_reporting_proxy,not_yet_filtered_by_sigtap
230100,41,38,0,0,0,0.0,0.0,0,80645.0,0.0,0.0,,all_outpatient_procedures_reporting_proxy,not_yet_filtered_by_sigtap
230110,24,24,0,0,0,0.0,0.0,0,75113.0,0.0,0.0,,all_outpatient_procedures_reporting_proxy,not_yet_filtered_by_sigtap
230120,12,12,0,0,0,0.0,0.0,0,25553.0,0.0,0.0,,all_outpatient_procedures_reporting_proxy,not_yet_filtered_by_sigtap
230125,4,4,1,1,88,113.0,7425.0,1,11096.0,25.0,10.183850036049026,113.0,all_outpatient_procedures_reporting_proxy,not_yet_filtered_by_sigtap
230130,9,9,0,0,0,0.0,0.0,0,19783.0,0.0,0.0,,all_outpatient_procedures_reporting_proxy,not_yet_filtered_by_sigtap
230140,7,7,0,0,0,0.0,0.0,0,11224.0,0.0,0.0,,all_outpatient_procedures_reporting_proxy,not_yet_filtered_by_sigtap
230150,3,3,0,0,0,0.0,0.0,0,7429.0,0.0,0.0,,all_outpatient_procedures_reporting_proxy,not_yet_filtered_by_sigtap
230160,13,11,11,11,1905,4751.0,47636.47999999998,32,21697.0,100.0,218.97036456652992,431.90909090909093,all_outpatient_procedures_reporting_proxy,not_yet_filtered_by_sigtap
230170,12,12,0,0,0,0.0,0.0,0,23714.0,0.0,0.0,,all_outpatient_procedures_reporting_proxy,not_yet_filtered_by_sigtap
230180,3,3,1,1,74,74.0,16650.0,3,5704.0,33.33333333333333,12.97335203366059,74.0,all_outpatient_procedures_reporting_proxy,not_yet_filtered_by_sigtap
230185,11,10,9,9,181,190.0,108.0,14,17195.0,90.0,11.049723756906078,21.11111111111111,all_outpatient_procedures_reporting_proxy,not_yet_filtered_by_sigtap
230190,26,23,0,0,0,0.0,0.0,0,75033.0,0.0,0.0,,all_outpatient_procedures_reporting_proxy,not_yet_filtered_by_sigtap
230195,14,13,1,1,95,95.0,21375.0,3,22392.0,7.6923076923076925,4.24258663808503,95.0,all_outpatient_procedures_reporting_proxy,not_yet_filtered_by_sigtap
230200,11,11,1,1,59,59.0,13275.0,2,19381.0,9.090909090909092,3.0442185645735513,59.0,all_outpatient_procedures_reporting_proxy,not_yet_filtered_by_sigtap
230205,8,8,1,1,77,77.0,17325.0,3,14567.0,12.5,5.285920230658338,77.0,all_outpatient_procedures_reporting_proxy,not_yet_filtered_by_sigtap
230210,12,11,2,2,83,107.0,17101.0,4,35218.0,18.181818181818183,3.0382190925095123,53.5,all_outpatient_procedures_reporting_proxy,not_yet_filtered_by_sigtap
230220,24,23,0,0,0,0.0,0.0,0,53114.0,0.0,0.0,,all_outpatient_procedures_reporting_proxy,not_yet_filtered_by_sigtap
230230,17,16,4,4,311,13600.0,36085.24000000005,7,32775.0,25.0,414.95041952707857,3400.0,all_outpatient_procedures_reporting_proxy,not_yet_filtered_by_sigtap
230240,12,12,8,8,232,232.0,21.0,14,50411.0,66.66666666666666,4.602170161274325,29.0,all_outpatient_procedures_reporting_proxy,not_yet_filtered_by_sigtap
230250,25,24,0,0,0,0.0,0.0,0,51090.0,0.0,0.0,,all_outpatient_procedures_reporting_proxy,not_yet_filtered_by_sigtap
230260,24,22,0,0,0,0.0,0.0,0,62326.0,0.0,0.0,,all_outpatient_procedures_reporting_proxy,not_yet_filtered_by_sigtap
230270,19,17,0,0,0,0.0,0.0,0,25135.0,0.0,0.0,,all_outpatient_procedures_reporting_proxy,not_yet_filtered_by_sigtap
230280,19,19,0,0,0,0.0,0.0,0,74174.0,0.0,0.0,,all_outpatient_procedures_reporting_proxy,not_yet_filtered_by_sigtap
230290,1,1,1,1,42,42.0,9450.0,1,17254.0,100.0,2.4342181523125075,42.0,all_outpatient_procedures_reporting_proxy,not_yet_filtered_by_sigtap
230300,7,7,0,0,0,0.0,0.0,0,16377.0,0.0,0.0,,all_outpatient_procedures_reporting_proxy,not_yet_filtered_by_sigtap
230310,11,8,1,1,33,33.0,7425.0,1,17632.0,12.5,1.8715970961887478,33.0,all_outpatient_procedures_reporting_proxy,not_yet_filtered_by_sigtap
230320,1,1,1,1,340,340.0,170.0,2,26320.0,100.0,12.917933130699089,340.0,all_outpatient_procedures_reporting_proxy,not_yet_filtered_by_sigtap
230330,9,9,0,0,0,0.0,0.0,0,17015.0,0.0,0.0,,all_outpatient_procedures_reporting_proxy,not_yet_filtered_by_sigtap
230340,13,11,1,1,8,8.0,0.0,1,17210.0,9.090909090909092,0.46484601975595585,8.0,all_outpatient_procedures_reporting_proxy,not_yet_filtered_by_sigtap
230350,17,17,17,17,1609,1781.0,580.0,45,72720.0,100.0,24.491199119911993,104.76470588235294,all_outpatient_procedures_reporting_proxy,not_yet_filtered_by_sigtap
230360,8,8,0,0,0,0.0,0.0,0,10243.0,0.0,0.0,,all_outpatient_procedures_reporting_proxy,not_yet_filtered_by_sigtap
230365,6,5,5,5,1821,2286.0,74229.09999999995,15,10444.0,100.0,218.881654538491,457.2,all_outpatient_procedures_reporting_proxy,not_yet_filtered_by_sigtap
230370,53,50,0,0,0,0.0,0.0,0,355679.0,0.0,0.0,,all_outpatient_procedures_reporting_proxy,not_yet_filtered_by_sigtap
230380,12,11,0,0,0,0.0,0.0,0,22344.0,0.0,0.0,,all_outpatient_procedures_reporting_proxy,not_yet_filtered_by_sigtap
230390,7,7,7,7,388,388.0,10478.0,19,12462.0,100.0,31.134649333975286,55.42857142857143,all_outpatient_procedures_reporting_proxy,not_yet_filtered_by_sigtap
230393,6,6,1,1,21,21.0,210.0,2,12113.0,16.666666666666664,1.7336745645174605,21.0,all_outpatient_procedures_reporting_proxy,not_yet_filtered_by_sigtap
230395,10,10,10,10,28,152.0,152.0,28,20163.0,100.0,7.538560730050092,15.2,all_outpatient_procedures_reporting_proxy,not_yet_filtered_by_sigtap
230400,11,8,0,0,0,0.0,0.0,0,20953.0,0.0,0.0,,all_outpatient_procedures_reporting_proxy,not_yet_filtered_by_sigtap
230410,33,33,0,0,0,0.0,0.0,0,76390.0,0.0,0.0,,all_outpatient_procedures_reporting_proxy,not_yet_filtered_by_sigtap
230420,37,37,0,0,0,0.0,0.0,0,131050.0,0.0,0.0,,all_outpatient_procedures_reporting_proxy,not_yet_filtered_by_sigtap
230423,11,11,0,0,0,0.0,0.0,0,17481.0,0.0,0.0,,all_outpatient_procedures_reporting_proxy,not_yet_filtered_by_sigtap
230425,14,13,1,1,4625,16782.0,48296.35999999995,3,29761.0,7.6923076923076925,563.8923423272067,16782.0,all_outpatient_procedures_reporting_proxy,not_yet_filtered_by_sigtap
230426,4,4,4,4,309,736.0,331.0,9,8932.0,100.0,82.40035826242723,184.0,all_outpatient_procedures_reporting_proxy,not_yet_filtered_by_sigtap
230427,2,1,0,0,0,0.0,0.0,0,6474.0,0.0,0.0,,all_outpatient_procedures_reporting_proxy,not_yet_filtered_by_sigtap
230428,18,18,0,0,0,0.0,0.0,0,74170.0,0.0,0.0,,all_outpatient_procedures_reporting_proxy,not_yet_filtered_by_sigtap
230430,1,0,0,0,0,0.0,0.0,0,18217.0,,0.0,,no_active_ubs_denominator,not_yet_filtered_by_sigtap
230435,9,9,0,0,0,0.0,0.0,0,24173.0,0.0,0.0,,all_outpatient_procedures_reporting_proxy,not_yet_filtered_by_sigtap
230440,140,138,134,134,21130,210390.0,441026.83,402,2428708.0,97.10144927536231,86.6263050148474,1570.0746268656717,all_outpatient_procedures_reporting_proxy,not_yet_filtered_by_sigtap
230445,8,8,6,6,50,52.0,4605.0,12,17294.0,75.0,3.006823175667862,8.666666666666666,all_outpatient_procedures_reporting_proxy,not_yet_filtered_by_sigtap
230450,6,6,1,1,33,33.0,7425.0,1,15657.0,16.666666666666664,2.1076834642651847,33.0,all_outpatient_procedures_reporting_proxy,not_yet_filtered_by_sigtap
230460,5,5,1,1,85,2907.0,16420.899999999998,1,6734.0,20.0,431.6899316899317,2907.0,all_outpatient_procedures_reporting_proxy,not_yet_filtered_by_sigtap
230465,7,7,0,0,0,0.0,0.0,0,13801.0,0.0,0.0,,all_outpatient_procedures_reporting_proxy,not_yet_filtered_by_sigtap
230470,16,16,14,14,966,1136.0,25547.0,23,53344.0,87.5,21.295740851829635,81.14285714285714,all_outpatient_procedures_reporting_proxy,not_yet_filtered_by_sigtap
230480,3,3,1,1,708,708.0,2011.57,3,4841.0,33.33333333333333,146.2507746333402,708.0,all_outpatient_procedures_reporting_proxy,not_yet_filtered_by_sigtap
230490,2,1,0,0,0,0.0,0.0,0,10910.0,0.0,0.0,,all_outpatient_procedures_reporting_proxy,not_yet_filtered_by_sigtap
230495,14,13,7,7,554,752.0,19937.3,19,24325.0,53.84615384615385,30.91469681397739,107.42857142857143,all_outpatient_procedures_reporting_proxy,not_yet_filtered_by_sigtap
230500,20,19,0,0,0,0.0,0.0,0,42053.0,0.0,0.0,,all_outpatient_procedures_reporting_proxy,not_yet_filtered_by_sigtap
230510,3,3,2,2,142,142.0,13082.0,6,5654.0,66.66666666666666,25.11496285815352,71.0,all_outpatient_procedures_reporting_proxy,not_yet_filtered_by_sigtap
230520,9,9,1,1,103,103.0,23175.0,3,17855.0,11.11111111111111,5.768692243069169,103.0,all_outpatient_procedures_reporting_proxy,not_yet_filtered_by_sigtap
230523,21,20,0,0,0,0.0,0.0,0,74755.0,0.0,0.0,,all_outpatient_procedures_reporting_proxy,not_yet_filtered_by_sigtap
230526,7,7,0,0,0,0.0,0.0,0,11956.0,0.0,0.0,,all_outpatient_procedures_reporting_proxy,not_yet_filtered_by_sigtap
230530,12,12,0,0,0,0.0,0.0,0,23965.0,0.0,0.0,,all_outpatient_procedures_reporting_proxy,not_yet_filtered_by_sigtap
230533,6,6,0,0,0,0.0,0.0,0,11611.0,0.0,0.0,,all_outpatient_procedures_reporting_proxy,not_yet_filtered_by_sigtap
230535,8,8,0,0,0,0.0,0.0,0,21433.0,0.0,0.0,,all_outpatient_procedures_reporting_proxy,not_yet_filtered_by_sigtap
230540,26,25,1,1,1277,1277.0,18220.4899999999,3,62642.0,4.0,20.385683726573227,1277.0,all_outpatient_procedures_reporting_proxy,not_yet_filtered_by_sigtap
230550,32,31,1,1,1688,1719.0,16820.0,3,98064.0,3.225806451612903,17.529368575624083,1719.0,all_outpatient_procedures_reporting_proxy,not_yet_filtered_by_sigtap
230560,10,10,0,0,0,0.0,0.0,0,24024.0,0.0,0.0,,all_outpatient_procedures_reporting_proxy,not_yet_filtered_by_sigtap
230565,6,6,1,1,78,123.0,1230.0,1,11575.0,16.666666666666664,10.626349892008639,123.0,all_outpatient_procedures_reporting_proxy,not_yet_filtered_by_sigtap
230570,6,6,0,0,0,0.0,0.0,0,12083.0,0.0,0.0,,all_outpatient_procedures_reporting_proxy,not_yet_filtered_by_sigtap
230580,19,19,0,0,0,0.0,0.0,0,41081.0,0.0,0.0,,all_outpatient_procedures_reporting_proxy,not_yet_filtered_by_sigtap
230590,6,6,0,0,0,0.0,0.0,0,36798.0,0.0,0.0,,all_outpatient_procedures_reporting_proxy,not_yet_filtered_by_sigtap
230600,8,6,2,2,248,8261.0,36663.03,4,14001.0,33.33333333333333,590.0292836225984,4130.5,all_outpatient_procedures_reporting_proxy,not_yet_filtered_by_sigtap
230610,9,9,4,4,108,121.0,13621.500000000002,6,23915.0,44.44444444444444,5.059586033869956,30.25,all_outpatient_procedures_reporting_proxy,not_yet_filtered_by_sigtap
230620,4,4,0,0,0,0.0,0.0,0,7536.0,0.0,0.0,,all_outpatient_procedures_reporting_proxy,not_yet_filtered_by_sigtap
230625,24,24,0,0,0,0.0,0.0,0,64650.0,0.0,0.0,,all_outpatient_procedures_reporting_proxy,not_yet_filtered_by_sigtap
230630,23,23,0,0,0,0.0,0.0,0,46426.0,0.0,0.0,,all_outpatient_procedures_reporting_proxy,not_yet_filtered_by_sigtap
230640,46,37,0,0,0,0.0,0.0,0,131123.0,0.0,0.0,,all_outpatient_procedures_reporting_proxy,not_yet_filtered_by_sigtap
230650,1,1,0,0,0,0.0,0.0,0,17841.0,0.0,0.0,,all_outpatient_procedures_reporting_proxy,not_yet_filtered_by_sigtap
230655,17,15,1,1,31,31.0,6975.0,1,42957.0,6.666666666666667,0.7216518844425821,31.0,all_outpatient_procedures_reporting_proxy,not_yet_filtered_by_sigtap
230660,17,17,2,2,392,415.0,2178.2900000000004,4,20424.0,11.76470588235294,20.319232275754015,207.5,all_outpatient_procedures_reporting_proxy,not_yet_filtered_by_sigtap
230670,7,7,1,1,29,29.0,6525.0,1,17232.0,14.285714285714285,1.6829155060352832,29.0,all_outpatient_procedures_reporting_proxy,not_yet_filtered_by_sigtap
230680,3,3,0,0,0,0.0,0.0,0,10356.0,0.0,0.0,,all_outpatient_procedures_reporting_proxy,not_yet_filtered_by_sigtap
230690,13,13,3,3,376,385.0,39833.64000000001,3,33726.0,23.076923076923077,11.415525114155251,128.33333333333334,all_outpatient_procedures_reporting_proxy,not_yet_filtered_by_sigtap
230700,16,13,0,0,0,0.0,0.0,0,31701.0,0.0,0.0,,all_outpatient_procedures_reporting_proxy,not_yet_filtered_by_sigtap
230710,1,0,0,0,0,0.0,0.0,0,27411.0,,0.0,,no_active_ubs_denominator,not_yet_filtered_by_sigtap
230720,4,4,0,0,0,0.0,0.0,0,7861.0,0.0,0.0,,all_outpatient_procedures_reporting_proxy,not_yet_filtered_by_sigtap
230725,9,8,1,1,8,8.0,1.0,1,25555.0,12.5,0.31305028370181964,8.0,all_outpatient_procedures_reporting_proxy,not_yet_filtered_by_sigtap
230730,54,53,1,1,116,7532.0,31761.52999999999,3,286120.0,1.8867924528301887,26.324619040961835,7532.0,all_outpatient_procedures_reporting_proxy,not_yet_filtered_by_sigtap
230740,12,12,0,0,0,0.0,0.0,0,23922.0,0.0,0.0,,all_outpatient_procedures_reporting_proxy,not_yet_filtered_by_sigtap
230750,13,13,1,1,42,42.0,9450.0,1,30802.0,7.6923076923076925,1.3635478215700279,42.0,all_outpatient_procedures_reporting_proxy,not_yet_filtered_by_sigtap
230760,21,21,0,0,0,0.0,0.0,0,59560.0,0.0,0.0,,all_outpatient_procedures_reporting_proxy,not_yet_filtered_by_sigtap
230763,6,6,0,0,0,0.0,0.0,0,16896.0,0.0,0.0,,all_outpatient_procedures_reporting_proxy,not_yet_filtered_by_sigtap
230765,35,31,4,4,610,3945.0,28173.78000000001,12,234509.0,12.903225806451612,16.82238208341684,986.25,all_outpatient_procedures_reporting_proxy,not_yet_filtered_by_sigtap
230770,35,33,0,0,0,0.0,0.0,0,105093.0,0.0,0.0,,all_outpatient_procedures_reporting_proxy,not_yet_filtered_by_sigtap
230780,10,10,0,0,0,0.0,0.0,0,25799.0,0.0,0.0,,all_outpatient_procedures_reporting_proxy,not_yet_filtered_by_sigtap
230790,12,6,1,1,241,241.0,15446.920000000013,3,10846.0,16.666666666666664,22.220173335791998,241.0,all_outpatient_procedures_reporting_proxy,not_yet_filtered_by_sigtap
230800,14,12,0,0,0,0.0,0.0,0,37697.0,0.0,0.0,,all_outpatient_procedures_reporting_proxy,not_yet_filtered_by_sigtap
230810,26,24,0,0,0,0.0,0.0,0,45561.0,0.0,0.0,,all_outpatient_procedures_reporting_proxy,not_yet_filtered_by_sigtap
230820,7,7,1,1,20,20.0,4500.0,1,15157.0,14.285714285714285,1.3195223329154846,20.0,all_outpatient_procedures_reporting_proxy,not_yet_filtered_by_sigtap
230830,15,14,0,0,0,0.0,0.0,0,25900.0,0.0,0.0,,all_outpatient_procedures_reporting_proxy,not_yet_filtered_by_sigtap
230835,7,7,6,6,258,258.0,10633.0,9,14123.0,85.71428571428571,18.268073355519366,43.0,all_outpatient_procedures_reporting_proxy,not_yet_filtered_by_sigtap
230837,6,5,2,2,364,6039.0,20282.65,4,14196.0,40.0,425.4015215553677,3019.5,all_outpatient_procedures_reporting_proxy,not_yet_filtered_by_sigtap
230840,18,16,0,0,0,0.0,0.0,0,36822.0,0.0,0.0,,all_outpatient_procedures_reporting_proxy,not_yet_filtered_by_sigtap
230850,13,13,1,1,257,1053.0,7055.83000000001,1,37735.0,7.6923076923076925,27.90512786537697,1053.0,all_outpatient_procedures_reporting_proxy,not_yet_filtered_by_sigtap
230860,8,8,0,0,0,0.0,0.0,0,17149.0,0.0,0.0,,all_outpatient_procedures_reporting_proxy,not_yet_filtered_by_sigtap
230870,31,26,0,0,0,0.0,0.0,0,61443.0,0.0,0.0,,all_outpatient_procedures_reporting_proxy,not_yet_filtered_by_sigtap
230880,5,4,0,0,0,0.0,0.0,0,8254.0,0.0,0.0,,all_outpatient_procedures_reporting_proxy,not_yet_filtered_by_sigtap
230890,9,8,1,1,72,72.0,16200.0,3,22753.0,12.5,3.1644178789610162,72.0,all_outpatient_procedures_reporting_proxy,not_yet_filtered_by_sigtap
230900,7,5,0,0,0,0.0,0.0,0,13666.0,0.0,0.0,,all_outpatient_procedures_reporting_proxy,not_yet_filtered_by_sigtap
230910,5,5,0,0,0,0.0,0.0,0,10569.0,0.0,0.0,,all_outpatient_procedures_reporting_proxy,not_yet_filtered_by_sigtap
230920,6,6,0,0,0,0.0,0.0,0,15399.0,0.0,0.0,,all_outpatient_procedures_reporting_proxy,not_yet_filtered_by_sigtap
230930,2,2,1,1,640,3467.0,30311.56000000001,3,30699.0,50.0,112.93527476465032,3467.0,all_outpatient_procedures_reporting_proxy,not_yet_filtered_by_sigtap
230940,13,13,1,1,1,1.0,0.0,1,27545.0,7.6923076923076925,0.036304229442730075,1.0,all_outpatient_procedures_reporting_proxy,not_yet_filtered_by_sigtap
230945,14,13,0,0,0,0.0,0.0,0,24493.0,0.0,0.0,,all_outpatient_procedures_reporting_proxy,not_yet_filtered_by_sigtap
230950,11,11,0,0,0,0.0,0.0,0,19675.0,0.0,0.0,,all_outpatient_procedures_reporting_proxy,not_yet_filtered_by_sigtap
230960,20,20,15,15,864,864.0,316.0,31,70983.0,75.0,12.171928489920122,57.6,all_outpatient_procedures_reporting_proxy,not_yet_filtered_by_sigtap
230970,20,20,0,0,0,0.0,0.0,0,81524.0,0.0,0.0,,all_outpatient_procedures_reporting_proxy,not_yet_filtered_by_sigtap
230980,6,6,0,0,0,0.0,0.0,0,11186.0,0.0,0.0,,all_outpatient_procedures_reporting_proxy,not_yet_filtered_by_sigtap
230990,4,4,1,1,45,817.0,1960.16,3,6175.0,25.0,132.30769230769232,817.0,all_outpatient_procedures_reporting_proxy,not_yet_filtered_by_sigtap
231000,7,5,1,1,7,30.0,1350.0,2,9346.0,20.0,3.209929381553606,30.0,all_outpatient_procedures_reporting_proxy,not_yet_filtered_by_sigtap
231010,5,5,2,2,114,195.0,1435.6500000000005,2,10242.0,40.0,19.03925014645577,97.5,all_outpatient_procedures_reporting_proxy,not_yet_filtered_by_sigtap
231020,21,19,0,0,0,0.0,0.0,0,38980.0,0.0,0.0,,all_outpatient_procedures_reporting_proxy,not_yet_filtered_by_sigtap
231025,14,14,0,0,0,0.0,0.0,0,32216.0,0.0,0.0,,all_outpatient_procedures_reporting_proxy,not_yet_filtered_by_sigtap
231030,9,8,0,0,0,0.0,0.0,0,31445.0,0.0,0.0,,all_outpatient_procedures_reporting_proxy,not_yet_filtered_by_sigtap
231040,6,6,0,0,0,0.0,0.0,0,10384.0,0.0,0.0,,all_outpatient_procedures_reporting_proxy,not_yet_filtered_by_sigtap
231050,24,18,17,17,1935,1937.0,57489.529999999984,32,40187.0,94.44444444444444,48.199666558837436,113.94117647058823,all_outpatient_procedures_reporting_proxy,not_yet_filtered_by_sigtap
231060,9,8,0,0,0,0.0,0.0,0,8972.0,0.0,0.0,,all_outpatient_procedures_reporting_proxy,not_yet_filtered_by_sigtap
231070,17,16,1,1,387,1546.0,8879.659999999996,3,37813.0,6.25,40.8854097797054,1546.0,all_outpatient_procedures_reporting_proxy,not_yet_filtered_by_sigtap
231080,9,9,2,2,815,815.0,19300.819999999992,4,15274.0,22.22222222222222,53.358648684038236,407.5,all_outpatient_procedures_reporting_proxy,not_yet_filtered_by_sigtap
231085,1,0,0,0,0,0.0,0.0,0,23391.0,,0.0,,no_active_ubs_denominator,not_yet_filtered_by_sigtap
231090,8,7,4,4,881,3226.0,11046.02,10,16616.0,57.14285714285714,194.15021665864228,806.5,all_outpatient_procedures_reporting_proxy,not_yet_filtered_by_sigtap
231100,3,2,0,0,0,0.0,0.0,0,12065.0,0.0,0.0,,all_outpatient_procedures_reporting_proxy,not_yet_filtered_by_sigtap
231110,9,8,1,1,168,168.0,37800.0,3,17050.0,12.5,9.853372434017595,168.0,all_outpatient_procedures_reporting_proxy,not_yet_filtered_by_sigtap
231120,6,6,0,0,0,0.0,0.0,0,8833.0,0.0,0.0,,all_outpatient_procedures_reporting_proxy,not_yet_filtered_by_sigtap
231123,5,3,1,1,15,48.0,2700.0,1,5974.0,33.33333333333333,8.034817542684968,48.0,all_outpatient_procedures_reporting_proxy,not_yet_filtered_by_sigtap
231126,11,11,0,0,0,0.0,0.0,0,20213.0,0.0,0.0,,all_outpatient_procedures_reporting_proxy,not_yet_filtered_by_sigtap
231130,22,21,0,0,0,0.0,0.0,0,84168.0,0.0,0.0,,all_outpatient_procedures_reporting_proxy,not_yet_filtered_by_sigtap
231135,9,9,0,0,0,0.0,0.0,0,15910.0,0.0,0.0,,all_outpatient_procedures_reporting_proxy,not_yet_filtered_by_sigtap
231140,31,30,1,1,85,85.0,19125.0,2,82177.0,3.3333333333333335,1.03435267775655,85.0,all_outpatient_procedures_reporting_proxy,not_yet_filtered_by_sigtap
231150,9,6,0,0,0,0.0,0.0,0,20874.0,0.0,0.0,,all_outpatient_procedures_reporting_proxy,not_yet_filtered_by_sigtap
231160,14,14,1,1,66,118.0,13500.0,3,27214.0,7.142857142857142,4.336003527596091,118.0,all_outpatient_procedures_reporting_proxy,not_yet_filtered_by_sigtap
231170,9,8,0,0,0,0.0,0.0,0,18606.0,0.0,0.0,,all_outpatient_procedures_reporting_proxy,not_yet_filtered_by_sigtap
231180,32,26,0,0,0,0.0,0.0,0,72928.0,0.0,0.0,,all_outpatient_procedures_reporting_proxy,not_yet_filtered_by_sigtap
231190,2,2,0,0,0,0.0,0.0,0,13854.0,0.0,0.0,,all_outpatient_procedures_reporting_proxy,not_yet_filtered_by_sigtap
231195,10,10,0,0,0,0.0,0.0,0,16633.0,0.0,0.0,,all_outpatient_procedures_reporting_proxy,not_yet_filtered_by_sigtap
231200,12,12,0,0,0,0.0,0.0,0,30628.0,0.0,0.0,,all_outpatient_procedures_reporting_proxy,not_yet_filtered_by_sigtap
231210,7,6,0,0,0,0.0,0.0,0,16954.0,0.0,0.0,,all_outpatient_procedures_reporting_proxy,not_yet_filtered_by_sigtap
231220,14,13,0,0,0,0.0,0.0,0,40183.0,0.0,0.0,,all_outpatient_procedures_reporting_proxy,not_yet_filtered_by_sigtap
231230,20,19,1,1,136,408.0,29250.0,3,47640.0,5.263157894736842,8.564231738035264,408.0,all_outpatient_procedures_reporting_proxy,not_yet_filtered_by_sigtap
231240,22,22,17,17,173,14301.0,43289.29,26,54143.0,77.27272727272727,264.13386772066565,841.2352941176471,all_outpatient_procedures_reporting_proxy,not_yet_filtered_by_sigtap
231250,2,2,1,1,7,7.0,7.0,3,5855.0,50.0,1.1955593509820666,7.0,all_outpatient_procedures_reporting_proxy,not_yet_filtered_by_sigtap
231260,7,7,0,0,0,0.0,0.0,0,10822.0,0.0,0.0,,all_outpatient_procedures_reporting_proxy,not_yet_filtered_by_sigtap
231270,13,11,0,0,0,0.0,0.0,0,24266.0,0.0,0.0,,all_outpatient_procedures_reporting_proxy,not_yet_filtered_by_sigtap
231280,5,5,1,1,75,75.0,16875.0,3,7262.0,20.0,10.327733406774993,75.0,all_outpatient_procedures_reporting_proxy,not_yet_filtered_by_sigtap
231290,45,39,0,0,0,0.0,0.0,0,203023.0,0.0,0.0,,all_outpatient_procedures_reporting_proxy,not_yet_filtered_by_sigtap
231300,9,9,1,1,535,31963.0,121787.39999999983,3,18179.0,11.11111111111111,1758.2375268166566,31963.0,all_outpatient_procedures_reporting_proxy,not_yet_filtered_by_sigtap
231310,10,10,1,1,133,264.0,30379.8,1,30652.0,10.0,8.612814824481273,264.0,all_outpatient_procedures_reporting_proxy,not_yet_filtered_by_sigtap
231320,14,13,1,1,51,69.0,7425.0,3,24815.0,7.6923076923076925,2.780576264356236,69.0,all_outpatient_procedures_reporting_proxy,not_yet_filtered_by_sigtap
231325,4,4,0,0,0,0.0,0.0,0,7529.0,0.0,0.0,,all_outpatient_procedures_reporting_proxy,not_yet_filtered_by_sigtap
231330,22,21,0,0,0,0.0,0.0,0,61227.0,0.0,0.0,,all_outpatient_procedures_reporting_proxy,not_yet_filtered_by_sigtap
231335,8,8,1,1,29,83.0,2689.2,2,17154.0,12.5,4.8385216276087215,83.0,all_outpatient_procedures_reporting_proxy,not_yet_filtered_by_sigtap
231340,29,28,1,1,876,1409.0,49340.78,3,81506.0,3.571428571428571,17.28707089048659,1409.0,all_outpatient_procedures_reporting_proxy,not_yet_filtered_by_sigtap
231350,26,26,0,0,0,0.0,0.0,0,58415.0,0.0,0.0,,all_outpatient_procedures_reporting_proxy,not_yet_filtered_by_sigtap
231355,8,7,1,1,74,116.0,730.7999999999998,1,15412.0,14.285714285714285,7.526602647287827,116.0,all_outpatient_procedures_reporting_proxy,not_yet_filtered_by_sigtap
231360,15,14,0,0,0,0.0,0.0,0,32767.0,0.0,0.0,,all_outpatient_procedures_reporting_proxy,not_yet_filtered_by_sigtap
231370,4,4,2,2,3,3.0,2.0,2,6871.0,50.0,0.43661766846165045,1.5,all_outpatient_procedures_reporting_proxy,not_yet_filtered_by_sigtap
231375,7,7,0,0,0,0.0,0.0,0,17470.0,0.0,0.0,,all_outpatient_procedures_reporting_proxy,not_yet_filtered_by_sigtap
231380,12,11,0,0,0,0.0,0.0,0,20189.0,0.0,0.0,,all_outpatient_procedures_reporting_proxy,not_yet_filtered_by_sigtap
231390,8,8,0,0,0,0.0,0.0,0,13746.0,0.0,0.0,,all_outpatient_procedures_reporting_proxy,not_yet_filtered_by_sigtap
231395,8,7,0,0,0,0.0,0.0,0,18105.0,0.0,0.0,,all_outpatient_procedures_reporting_proxy,not_yet_filtered_by_sigtap
231400,15,13,1,1,1687,1760.0,12436.940000000031,3,38984.0,7.6923076923076925,45.146726862302486,1760.0,all_outpatient_procedures_reporting_proxy,not_yet_filtered_by_sigtap
231410,19,17,1,1,153,441.0,33075.0,3,59712.0,5.88235294117647,7.385450160771704,441.0,all_outpatient_procedures_reporting_proxy,not_yet_filtered_by_sigtap
240010,6,6,1,1,155,156.0,13836.470000000005,1,10597.0,16.666666666666664,14.721147494573936,156.0,all_outpatient_procedures_reporting_proxy,not_yet_filtered_by_sigtap
240020,18,16,0,0,0,0.0,0.0,0,56496.0,0.0,0.0,,all_outpatient_procedures_reporting_proxy,not_yet_filtered_by_sigtap
240030,5,3,0,0,0,0.0,0.0,0,10839.0,0.0,0.0,,all_outpatient_procedures_reporting_proxy,not_yet_filtered_by_sigtap
240040,2,2,1,1,187,1757.0,17805.84,3,2946.0,50.0,596.4019008825526,1757.0,all_outpatient_procedures_reporting_proxy,not_yet_filtered_by_sigtap
240050,7,6,2,2,282,385.0,119875.0,6,13640.0,33.33333333333333,28.225806451612904,192.5,all_outpatient_procedures_reporting_proxy,not_yet_filtered_by_sigtap
240060,3,2,0,0,0,0.0,0.0,0,4687.0,0.0,0.0,,all_outpatient_procedures_reporting_proxy,not_yet_filtered_by_sigtap
240070,7,7,0,0,0,0.0,0.0,0,12484.0,0.0,0.0,,all_outpatient_procedures_reporting_proxy,not_yet_filtered_by_sigtap
240080,6,6,2,2,87,87.0,5694.21,2,11632.0,33.33333333333333,7.479367262723522,43.5,all_outpatient_procedures_reporting_proxy,not_yet_filtered_by_sigtap
240090,3,3,1,1,44,44.0,9900.0,3,6577.0,33.33333333333333,6.689980234149308,44.0,all_outpatient_procedures_reporting_proxy,not_yet_filtered_by_sigtap
240100,9,9,5,5,444,40006.0,199872.45,15,36093.0,55.55555555555556,1108.4143739783337,8001.2,all_outpatient_procedures_reporting_proxy,not_yet_filtered_by_sigtap
240110,9,9,1,1,1953,4138.0,42314.83999999998,3,24093.0,11.11111111111111,171.75113103391027,4138.0,all_outpatient_procedures_reporting_proxy,not_yet_filtered_by_sigtap
240120,7,7,1,1,30,3340.0,7993.909999999998,1,13251.0,14.285714285714285,252.05644856991927,3340.0,all_outpatient_procedures_reporting_proxy,not_yet_filtered_by_sigtap
240130,3,2,2,2,19,28.0,106.0,2,9730.0,100.0,2.8776978417266186,14.0,all_outpatient_procedures_reporting_proxy,not_yet_filtered_by_sigtap
240140,6,6,5,5,460,543.0,22376.0,9,8825.0,83.33333333333334,61.52974504249291,108.6,all_outpatient_procedures_reporting_proxy,not_yet_filtered_by_sigtap
240145,11,11,1,1,7,7.0,1575.0,1,26913.0,9.090909090909092,0.26009735072269907,7.0,all_outpatient_procedures_reporting_proxy,not_yet_filtered_by_sigtap
240150,1,1,1,1,49,1136.0,3118.25,3,3986.0,100.0,284.99749121926743,1136.0,all_outpatient_procedures_reporting_proxy,not_yet_filtered_by_sigtap
240160,2,2,0,0,0,0.0,0.0,0,4807.0,0.0,0.0,,all_outpatient_procedures_reporting_proxy,not_yet_filtered_by_sigtap
240165,1,1,1,1,196,8933.0,140599.00999999995,2,2306.0,100.0,3873.8074588031222,8933.0,all_outpatient_procedures_reporting_proxy,not_yet_filtered_by_sigtap
240170,6,5,0,0,0,0.0,0.0,0,9952.0,0.0,0.0,,all_outpatient_procedures_reporting_proxy,not_yet_filtered_by_sigtap
240180,6,6,1,1,6,150.0,0.0,3,12202.0,16.666666666666664,12.29306671037535,150.0,all_outpatient_procedures_reporting_proxy,not_yet_filtered_by_sigtap
240185,2,2,0,0,0,0.0,0.0,0,6293.0,0.0,0.0,,all_outpatient_procedures_reporting_proxy,not_yet_filtered_by_sigtap
240190,5,5,1,1,61,7370.0,10583.94,3,3268.0,20.0,2255.201958384333,7370.0,all_outpatient_procedures_reporting_proxy,not_yet_filtered_by_sigtap
240200,26,24,1,1,302,302.0,67950.0,2,61146.0,4.166666666666666,4.938998462695842,302.0,all_outpatient_procedures_reporting_proxy,not_yet_filtered_by_sigtap
240210,8,7,2,2,316,316.0,4273.989999999996,3,10215.0,28.57142857142857,30.934899657366618,158.0,all_outpatient_procedures_reporting_proxy,not_yet_filtered_by_sigtap
240220,15,15,0,0,0,0.0,0.0,0,29668.0,0.0,0.0,,all_outpatient_procedures_reporting_proxy,not_yet_filtered_by_sigtap
240230,9,8,0,0,0,0.0,0.0,0,19727.0,0.0,0.0,,all_outpatient_procedures_reporting_proxy,not_yet_filtered_by_sigtap
240240,3,3,0,0,0,0.0,0.0,0,7992.0,0.0,0.0,,all_outpatient_procedures_reporting_proxy,not_yet_filtered_by_sigtap
240250,4,4,3,3,679,1917.0,46590.0,5,9714.0,75.0,197.3440395305744,639.0,all_outpatient_procedures_reporting_proxy,not_yet_filtered_by_sigtap
240260,35,28,0,0,0,0.0,0.0,0,79115.0,0.0,0.0,,all_outpatient_procedures_reporting_proxy,not_yet_filtered_by_sigtap
240270,5,5,1,1,418,1102.0,16465.100000000002,1,11000.0,20.0,100.18181818181817,1102.0,all_outpatient_procedures_reporting_proxy,not_yet_filtered_by_sigtap
240280,1,1,0,0,0,0.0,0.0,0,5117.0,0.0,0.0,,all_outpatient_procedures_reporting_proxy,not_yet_filtered_by_sigtap
240290,1,1,1,1,252,257.0,24971.29999999999,3,4237.0,100.0,60.65612461647392,257.0,all_outpatient_procedures_reporting_proxy,not_yet_filtered_by_sigtap
240300,3,3,0,0,0,0.0,0.0,0,8005.0,0.0,0.0,,all_outpatient_procedures_reporting_proxy,not_yet_filtered_by_sigtap
240310,19,19,1,1,185,236.0,1330.1999999999985,2,41313.0,5.263157894736842,5.7124875947038465,236.0,all_outpatient_procedures_reporting_proxy,not_yet_filtered_by_sigtap
240320,3,3,1,1,338,1912.0,2867.73,3,7044.0,33.33333333333333,271.43668370244177,1912.0,all_outpatient_procedures_reporting_proxy,not_yet_filtered_by_sigtap
240325,32,29,0,0,0,0.0,0.0,0,252716.0,0.0,0.0,,all_outpatient_procedures_reporting_proxy,not_yet_filtered_by_sigtap
240330,3,3,2,2,480,6774.0,72357.03000000001,6,6016.0,66.66666666666666,1125.997340425532,3387.0,all_outpatient_procedures_reporting_proxy,not_yet_filtered_by_sigtap
240340,4,3,0,0,0,0.0,0.0,0,5360.0,0.0,0.0,,all_outpatient_procedures_reporting_proxy,not_yet_filtered_by_sigtap
240350,7,6,1,1,71,205.0,15876.79,2,10620.0,16.666666666666664,19.303201506591336,205.0,all_outpatient_procedures_reporting_proxy,not_yet_filtered_by_sigtap
240360,10,10,9,9,1441,1742.0,19072.4,16,61635.0,90.0,28.26316216435467,193.55555555555554,all_outpatient_procedures_reporting_proxy,not_yet_filtered_by_sigtap
240370,2,2,1,1,30,30.0,6750.0,1,5944.0,50.0,5.0471063257065945,30.0,all_outpatient_procedures_reporting_proxy,not_yet_filtered_by_sigtap
240375,2,2,1,1,558,11990.0,58464.56,3,2938.0,50.0,4081.007488087134,11990.0,all_outpatient_procedures_reporting_proxy,not_yet_filtered_by_sigtap
240380,1,1,1,1,863,2778.0,32012.41999999998,2,10196.0,100.0,272.45978815221656,2778.0,all_outpatient_procedures_reporting_proxy,not_yet_filtered_by_sigtap
240390,1,1,0,0,0,0.0,0.0,0,2700.0,0.0,0.0,,all_outpatient_procedures_reporting_proxy,not_yet_filtered_by_sigtap
240400,3,3,2,2,40,1344.0,3520.459999999999,2,4122.0,66.66666666666666,326.0553129548763,672.0,all_outpatient_procedures_reporting_proxy,not_yet_filtered_by_sigtap
240410,2,2,1,1,56,56.0,12600.0,1,2104.0,50.0,26.61596958174905,56.0,all_outpatient_procedures_reporting_proxy,not_yet_filtered_by_sigtap
240420,16,15,0,0,0,0.0,0.0,0,26741.0,0.0,0.0,,all_outpatient_procedures_reporting_proxy,not_yet_filtered_by_sigtap
240430,5,5,2,2,125,170.0,3206.7400000000002,2,11938.0,40.0,14.24024124643994,85.0,all_outpatient_procedures_reporting_proxy,not_yet_filtered_by_sigtap
240440,5,5,0,0,0,0.0,0.0,0,9924.0,0.0,0.0,,all_outpatient_procedures_reporting_proxy,not_yet_filtered_by_sigtap
240450,9,7,0,0,0,0.0,0.0,0,15295.0,0.0,0.0,,all_outpatient_procedures_reporting_proxy,not_yet_filtered_by_sigtap
240460,7,7,0,0,0,0.0,0.0,0,11615.0,0.0,0.0,,all_outpatient_procedures_reporting_proxy,not_yet_filtered_by_sigtap
240470,9,7,0,0,0,0.0,0.0,0,14131.0,0.0,0.0,,all_outpatient_procedures_reporting_proxy,not_yet_filtered_by_sigtap
240480,2,2,2,2,271,394.0,29670.04000000002,2,2035.0,100.0,193.61179361179362,197.0,all_outpatient_procedures_reporting_proxy,not_yet_filtered_by_sigtap
240485,5,5,0,0,0,0.0,0.0,0,7292.0,0.0,0.0,,all_outpatient_procedures_reporting_proxy,not_yet_filtered_by_sigtap
240490,3,3,1,1,14,14.0,0.0,1,5320.0,33.33333333333333,2.631578947368421,14.0,all_outpatient_procedures_reporting_proxy,not_yet_filtered_by_sigtap
240500,4,4,0,0,0,0.0,0.0,0,7834.0,0.0,0.0,,all_outpatient_procedures_reporting_proxy,not_yet_filtered_by_sigtap
240510,3,3,0,0,0,0.0,0.0,0,6562.0,0.0,0.0,,all_outpatient_procedures_reporting_proxy,not_yet_filtered_by_sigtap
240520,2,2,2,2,143,143.0,64.0,3,4746.0,100.0,30.13063632532659,71.5,all_outpatient_procedures_reporting_proxy,not_yet_filtered_by_sigtap
240530,9,9,1,1,116,3281.0,24750.0,3,9051.0,11.11111111111111,362.501381062866,3281.0,all_outpatient_procedures_reporting_proxy,not_yet_filtered_by_sigtap
240540,3,3,1,1,52,52.0,11700.0,2,5117.0,33.33333333333333,10.162204416650383,52.0,all_outpatient_procedures_reporting_proxy,not_yet_filtered_by_sigtap
240550,3,3,0,0,0,0.0,0.0,0,2437.0,0.0,0.0,,all_outpatient_procedures_reporting_proxy,not_yet_filtered_by_sigtap
240560,7,7,1,1,63,63.0,14175.0,1,13977.0,14.285714285714285,4.507405022537025,63.0,all_outpatient_procedures_reporting_proxy,not_yet_filtered_by_sigtap
240570,6,6,1,1,417,4407.0,52450.84999999983,1,11655.0,16.666666666666664,378.1209781209781,4407.0,all_outpatient_procedures_reporting_proxy,not_yet_filtered_by_sigtap
240580,20,19,1,1,575,11671.0,81156.15,3,33290.0,5.263157894736842,350.58576148993694,11671.0,all_outpatient_procedures_reporting_proxy,not_yet_filtered_by_sigtap
240590,1,1,1,1,97,1258.0,6646.89,2,2076.0,100.0,605.9730250481696,1258.0,all_outpatient_procedures_reporting_proxy,not_yet_filtered_by_sigtap
240600,5,5,1,1,285,285.0,7859.49999999999,3,5803.0,20.0,49.112528002757195,285.0,all_outpatient_procedures_reporting_proxy,not_yet_filtered_by_sigtap
240610,9,9,2,2,86,103.0,19412.0,2,17793.0,22.22222222222222,5.788793345697746,51.5,all_outpatient_procedures_reporting_proxy,not_yet_filtered_by_sigtap
240615,3,3,1,1,638,3326.0,24615.349999999995,2,3739.0,33.33333333333333,889.5426584648302,3326.0,all_outpatient_procedures_reporting_proxy,not_yet_filtered_by_sigtap
240620,3,3,0,0,0,0.0,0.0,0,6654.0,0.0,0.0,,all_outpatient_procedures_reporting_proxy,not_yet_filtered_by_sigtap
240630,4,4,1,1,2688,16155.0,82186.50999999925,2,7338.0,25.0,2201.5535568274736,16155.0,all_outpatient_procedures_reporting_proxy,not_yet_filtered_by_sigtap
240640,1,1,0,0,0,0.0,0.0,0,2567.0,0.0,0.0,,all_outpatient_procedures_reporting_proxy,not_yet_filtered_by_sigtap
240650,5,5,0,0,0,0.0,0.0,0,15573.0,0.0,0.0,,all_outpatient_procedures_reporting_proxy,not_yet_filtered_by_sigtap
240660,4,4,0,0,0,0.0,0.0,0,8319.0,0.0,0.0,,all_outpatient_procedures_reporting_proxy,not_yet_filtered_by_sigtap
240670,7,6,1,1,112,112.0,25200.0,3,9866.0,16.666666666666664,11.352118386377457,112.0,all_outpatient_procedures_reporting_proxy,not_yet_filtered_by_sigtap
240680,4,3,1,1,154,507.0,8862.300000000007,2,4787.0,33.33333333333333,105.91184457906832,507.0,all_outpatient_procedures_reporting_proxy,not_yet_filtered_by_sigtap
240690,3,3,0,0,0,0.0,0.0,0,3490.0,0.0,0.0,,all_outpatient_procedures_reporting_proxy,not_yet_filtered_by_sigtap
240700,3,3,1,1,48,16200.0,45740.4,3,9070.0,33.33333333333333,1786.1080485115765,16200.0,all_outpatient_procedures_reporting_proxy,not_yet_filtered_by_sigtap
240710,31,29,0,0,0,0.0,0.0,0,82249.0,0.0,0.0,,all_outpatient_procedures_reporting_proxy,not_yet_filtered_by_sigtap
240720,11,10,0,0,0,0.0,0.0,0,27369.0,0.0,0.0,,all_outpatient_procedures_reporting_proxy,not_yet_filtered_by_sigtap
240725,4,4,2,2,45,3336.0,9450.0,6,3924.0,50.0,850.1529051987767,1668.0,all_outpatient_procedures_reporting_proxy,not_yet_filtered_by_sigtap
240730,3,3,1,1,72,72.0,336.23999999999984,2,7896.0,33.33333333333333,9.11854103343465,72.0,all_outpatient_procedures_reporting_proxy,not_yet_filtered_by_sigtap
240740,3,3,1,1,12,3510.0,6085.01,3,8179.0,33.33333333333333,429.1478175816115,3510.0,all_outpatient_procedures_reporting_proxy,not_yet_filtered_by_sigtap
240750,6,6,0,0,0,0.0,0.0,0,10255.0,0.0,0.0,,all_outpatient_procedures_reporting_proxy,not_yet_filtered_by_sigtap
240760,3,2,1,1,20,1303.0,3533.3300000000004,1,4274.0,50.0,304.8666354702855,1303.0,all_outpatient_procedures_reporting_proxy,not_yet_filtered_by_sigtap
240770,7,7,0,0,0,0.0,0.0,0,11444.0,0.0,0.0,,all_outpatient_procedures_reporting_proxy,not_yet_filtered_by_sigtap
240780,10,10,0,0,0,0.0,0.0,0,23031.0,0.0,0.0,,all_outpatient_procedures_reporting_proxy,not_yet_filtered_by_sigtap
240790,1,1,0,0,0,0.0,0.0,0,2276.0,0.0,0.0,,all_outpatient_procedures_reporting_proxy,not_yet_filtered_by_sigtap
240800,53,53,32,32,95,124029.0,0.0,95,264577.0,60.37735849056604,468.78224486633377,3875.90625,all_outpatient_procedures_reporting_proxy,not_yet_filtered_by_sigtap
240810,83,61,2,2,15311,28445.0,3359193.149999965,5,751300.0,3.278688524590164,37.86104086250499,14222.5,all_outpatient_procedures_reporting_proxy,not_yet_filtered_by_sigtap
240820,12,12,3,3,54,14990.0,49784.95,4,31942.0,25.0,469.28808465343434,4996.666666666667,all_outpatient_procedures_reporting_proxy,not_yet_filtered_by_sigtap
240830,16,16,0,0,0,0.0,0.0,0,34269.0,0.0,0.0,,all_outpatient_procedures_reporting_proxy,not_yet_filtered_by_sigtap
240840,4,4,0,0,0,0.0,0.0,0,3905.0,0.0,0.0,,all_outpatient_procedures_reporting_proxy,not_yet_filtered_by_sigtap
240850,2,2,0,0,0,0.0,0.0,0,4913.0,0.0,0.0,,all_outpatient_procedures_reporting_proxy,not_yet_filtered_by_sigtap
240860,2,2,1,1,186,4278.0,30715.460000000003,3,3934.0,50.0,1087.4428063040161,4278.0,all_outpatient_procedures_reporting_proxy,not_yet_filtered_by_sigtap
240870,1,1,1,1,215,239.0,8552.549999999992,2,3579.0,100.0,66.77842972897457,239.0,all_outpatient_procedures_reporting_proxy,not_yet_filtered_by_sigtap
240880,3,2,1,1,98,258.0,58050.0,2,4801.0,50.0,53.73880441574672,258.0,all_outpatient_procedures_reporting_proxy,not_yet_filtered_by_sigtap
240890,8,8,0,0,0,0.0,0.0,0,21499.0,0.0,0.0,,all_outpatient_procedures_reporting_proxy,not_yet_filtered_by_sigtap
240895,6,5,0,0,0,0.0,0.0,0,10351.0,0.0,0.0,,all_outpatient_procedures_reporting_proxy,not_yet_filtered_by_sigtap
240910,8,8,0,0,0,0.0,0.0,0,10896.0,0.0,0.0,,all_outpatient_procedures_reporting_proxy,not_yet_filtered_by_sigtap
240920,2,2,1,1,16,2664.0,7260.92,2,3115.0,50.0,855.2166934189406,2664.0,all_outpatient_procedures_reporting_proxy,not_yet_filtered_by_sigtap
240930,6,6,0,0,0,0.0,0.0,0,11007.0,0.0,0.0,,all_outpatient_procedures_reporting_proxy,not_yet_filtered_by_sigtap
240933,2,2,2,2,464,12732.0,49274.259999999886,4,4847.0,100.0,2626.779451206932,6366.0,all_outpatient_procedures_reporting_proxy,not_yet_filtered_by_sigtap
240940,14,14,0,0,0,0.0,0.0,0,30479.0,0.0,0.0,,all_outpatient_procedures_reporting_proxy,not_yet_filtered_by_sigtap
240950,6,2,0,0,0,0.0,0.0,0,3618.0,0.0,0.0,,all_outpatient_procedures_reporting_proxy,not_yet_filtered_by_sigtap
240970,6,5,0,0,0,0.0,0.0,0,6242.0,0.0,0.0,,all_outpatient_procedures_reporting_proxy,not_yet_filtered_by_sigtap
240980,7,7,0,0,0,0.0,0.0,0,13824.0,0.0,0.0,,all_outpatient_procedures_reporting_proxy,not_yet_filtered_by_sigtap
240990,6,6,1,1,266,316.0,35204.10000000002,3,12278.0,16.666666666666664,25.73709073138948,316.0,all_outpatient_procedures_reporting_proxy,not_yet_filtered_by_sigtap
241000,2,2,1,1,56,3076.0,8074.43,3,2965.0,50.0,1037.4367622259697,3076.0,all_outpatient_procedures_reporting_proxy,not_yet_filtered_by_sigtap
241010,8,8,1,1,22,22.0,4950.0,1,12390.0,12.5,1.7756255044390636,22.0,all_outpatient_procedures_reporting_proxy,not_yet_filtered_by_sigtap
241020,4,4,0,0,0,0.0,0.0,0,7601.0,0.0,0.0,,all_outpatient_procedures_reporting_proxy,not_yet_filtered_by_sigtap
241025,2,2,1,1,277,1645.0,5115.119999999998,3,5228.0,50.0,314.65187452180567,1645.0,all_outpatient_procedures_reporting_proxy,not_yet_filtered_by_sigtap
241030,5,5,0,0,0,0.0,0.0,0,10125.0,0.0,0.0,,all_outpatient_procedures_reporting_proxy,not_yet_filtered_by_sigtap
241040,6,6,3,3,286,30383.0,116492.23000000001,6,9362.0,50.0,3245.3535569322794,10127.666666666666,all_outpatient_procedures_reporting_proxy,not_yet_filtered_by_sigtap
241050,3,3,0,0,0,0.0,0.0,0,5432.0,0.0,0.0,,all_outpatient_procedures_reporting_proxy,not_yet_filtered_by_sigtap
241060,2,2,2,2,133,133.0,621.1099999999996,3,2934.0,100.0,45.33060668029993,66.5,all_outpatient_procedures_reporting_proxy,not_yet_filtered_by_sigtap
241070,2,1,1,1,262,3371.0,28750.15,3,2701.0,100.0,1248.0562754535358,3371.0,all_outpatient_procedures_reporting_proxy,not_yet_filtered_by_sigtap
241080,2,2,0,0,0,0.0,0.0,0,4127.0,0.0,0.0,,all_outpatient_procedures_reporting_proxy,not_yet_filtered_by_sigtap
241090,3,3,0,0,0,0.0,0.0,0,7389.0,0.0,0.0,,all_outpatient_procedures_reporting_proxy,not_yet_filtered_by_sigtap
241100,2,2,2,2,6476,6476.0,2756.439999999997,4,4242.0,100.0,1526.6383781235268,3238.0,all_outpatient_procedures_reporting_proxy,not_yet_filtered_by_sigtap
241105,4,4,1,1,214,232.0,13810.0,3,5382.0,25.0,43.10665180230398,232.0,all_outpatient_procedures_reporting_proxy,not_yet_filtered_by_sigtap
241110,4,4,2,2,7051,7070.0,0.0,6,3206.0,50.0,2205.240174672489,3535.0,all_outpatient_procedures_reporting_proxy,not_yet_filtered_by_sigtap
241120,8,7,0,0,0,0.0,0.0,0,37313.0,0.0,0.0,,all_outpatient_procedures_reporting_proxy,not_yet_filtered_by_sigtap
241140,7,7,0,0,0,0.0,0.0,0,12456.0,0.0,0.0,,all_outpatient_procedures_reporting_proxy,not_yet_filtered_by_sigtap
241142,1,1,0,0,0,0.0,0.0,0,2696.0,0.0,0.0,,all_outpatient_procedures_reporting_proxy,not_yet_filtered_by_sigtap
241150,16,16,11,11,28134,37687.0,2655.96,33,22177.0,68.75,1699.3732245118817,3426.090909090909,all_outpatient_procedures_reporting_proxy,not_yet_filtered_by_sigtap
241160,1,1,1,1,20,20.0,4050.0,1,3304.0,100.0,6.053268765133172,20.0,all_outpatient_procedures_reporting_proxy,not_yet_filtered_by_sigtap
241170,2,2,0,0,0,0.0,0.0,0,3792.0,0.0,0.0,,all_outpatient_procedures_reporting_proxy,not_yet_filtered_by_sigtap
241180,3,3,2,2,961,2537.0,45197.54999999996,6,3492.0,66.66666666666666,726.5177548682703,1268.5,all_outpatient_procedures_reporting_proxy,not_yet_filtered_by_sigtap
241190,1,1,1,1,2329,7333.0,63472.62999999989,3,4161.0,100.0,1762.3167507810622,7333.0,all_outpatient_procedures_reporting_proxy,not_yet_filtered_by_sigtap
241200,35,32,5,5,213,222.0,2202.3500000000004,5,115838.0,15.625,1.9164695523058064,44.4,all_outpatient_procedures_reporting_proxy,not_yet_filtered_by_sigtap
241210,3,3,3,3,266,266.0,15007.610000000004,9,5956.0,100.0,44.660846205507056,88.66666666666667,all_outpatient_procedures_reporting_proxy,not_yet_filtered_by_sigtap
241220,23,18,16,16,66551,66949.0,200.70999999999998,48,47286.0,88.88888888888889,1415.8313242820284,4184.3125,all_outpatient_procedures_reporting_proxy,not_yet_filtered_by_sigtap
241230,5,5,0,0,0,0.0,0.0,0,11121.0,0.0,0.0,,all_outpatient_procedures_reporting_proxy,not_yet_filtered_by_sigtap
241240,2,2,1,1,41,116.0,8328.48,1,4558.0,50.0,25.449758666081618,116.0,all_outpatient_procedures_reporting_proxy,not_yet_filtered_by_sigtap
241250,12,11,0,0,0,0.0,0.0,0,23537.0,0.0,0.0,,all_outpatient_procedures_reporting_proxy,not_yet_filtered_by_sigtap
241255,5,5,0,0,0,0.0,0.0,0,10221.0,0.0,0.0,,all_outpatient_procedures_reporting_proxy,not_yet_filtered_by_sigtap
241260,9,8,8,8,26425,26611.0,688.1800000000001,24,16786.0,100.0,1585.3091862266174,3326.375,all_outpatient_procedures_reporting_proxy,not_yet_filtered_by_sigtap
241270,1,1,1,1,376,2651.0,38489.39000000001,3,5776.0,100.0,458.9681440443213,2651.0,all_outpatient_procedures_reporting_proxy,not_yet_filtered_by_sigtap
241280,3,3,1,1,192,192.0,43200.0,2,7711.0,33.33333333333333,24.89949422902347,192.0,all_outpatient_procedures_reporting_proxy,not_yet_filtered_by_sigtap
241290,5,5,0,0,0,0.0,0.0,0,9972.0,0.0,0.0,,all_outpatient_procedures_reporting_proxy,not_yet_filtered_by_sigtap
241300,3,3,1,1,61,61.0,6170.54,2,6310.0,33.33333333333333,9.667194928684628,61.0,all_outpatient_procedures_reporting_proxy,not_yet_filtered_by_sigtap
241310,3,3,0,0,0,0.0,0.0,0,5965.0,0.0,0.0,,all_outpatient_procedures_reporting_proxy,not_yet_filtered_by_sigtap
241320,2,2,2,2,149,149.0,94.25,4,4065.0,100.0,36.65436654366544,74.5,all_outpatient_procedures_reporting_proxy,not_yet_filtered_by_sigtap
241330,3,3,0,0,0,0.0,0.0,0,5703.0,0.0,0.0,,all_outpatient_procedures_reporting_proxy,not_yet_filtered_by_sigtap
241335,6,5,0,0,0,0.0,0.0,0,13091.0,0.0,0.0,,all_outpatient_procedures_reporting_proxy,not_yet_filtered_by_sigtap
241340,3,3,1,1,462,1751.0,30362.989999999987,2,7597.0,33.33333333333333,230.48571804659736,1751.0,all_outpatient_procedures_reporting_proxy,not_yet_filtered_by_sigtap
241350,4,4,3,3,778,6333.0,16339.159999999996,3,6436.0,75.0,983.9962709757614,2111.0,all_outpatient_procedures_reporting_proxy,not_yet_filtered_by_sigtap
241355,3,3,1,1,9,1810.0,3169.05,3,4659.0,33.33333333333333,388.49538527581024,1810.0,all_outpatient_procedures_reporting_proxy,not_yet_filtered_by_sigtap
241360,4,4,0,0,0,0.0,0.0,0,5487.0,0.0,0.0,,all_outpatient_procedures_reporting_proxy,not_yet_filtered_by_sigtap
241370,3,3,0,0,0,0.0,0.0,0,4654.0,0.0,0.0,,all_outpatient_procedures_reporting_proxy,not_yet_filtered_by_sigtap
241380,2,2,1,1,66,2444.0,6554.76,3,2338.0,50.0,1045.3378956372967,2444.0,all_outpatient_procedures_reporting_proxy,not_yet_filtered_by_sigtap
241390,6,6,0,0,0,0.0,0.0,0,11422.0,0.0,0.0,,all_outpatient_procedures_reporting_proxy,not_yet_filtered_by_sigtap
241400,8,8,0,0,0,0.0,0.0,0,13281.0,0.0,0.0,,all_outpatient_procedures_reporting_proxy,not_yet_filtered_by_sigtap
241410,3,3,1,1,877,947.0,170469.97999999998,3,10262.0,33.33333333333333,92.2822061976223,947.0,all_outpatient_procedures_reporting_proxy,not_yet_filtered_by_sigtap
241415,2,2,1,1,234,9719.0,98436.24,2,5891.0,50.0,1649.8047869631641,9719.0,all_outpatient_procedures_reporting_proxy,not_yet_filtered_by_sigtap
241420,9,9,0,0,0,0.0,0.0,0,16929.0,0.0,0.0,,all_outpatient_procedures_reporting_proxy,not_yet_filtered_by_sigtap
241430,2,2,1,1,1058,7167.0,66245.13000000038,3,2348.0,50.0,3052.3850085178874,7167.0,all_outpatient_procedures_reporting_proxy,not_yet_filtered_by_sigtap
241440,18,17,0,0,0,0.0,0.0,0,33035.0,0.0,0.0,,all_outpatient_procedures_reporting_proxy,not_yet_filtered_by_sigtap
241445,3,2,1,1,37,37.0,343.52,1,3376.0,50.0,10.959715639810426,37.0,all_outpatient_procedures_reporting_proxy,not_yet_filtered_by_sigtap
241450,10,10,0,0,0,0.0,0.0,0,10078.0,0.0,0.0,,all_outpatient_procedures_reporting_proxy,not_yet_filtered_by_sigtap
241460,11,10,1,1,158,158.0,35550.0,3,13577.0,10.0,11.637327833836636,158.0,all_outpatient_procedures_reporting_proxy,not_yet_filtered_by_sigtap
241470,2,2,0,0,0,0.0,0.0,0,5233.0,0.0,0.0,,all_outpatient_procedures_reporting_proxy,not_yet_filtered_by_sigtap
241475,4,4,1,1,40,40.0,9000.0,3,3014.0,25.0,13.271400132714001,40.0,all_outpatient_procedures_reporting_proxy,not_yet_filtered_by_sigtap
241480,6,6,0,0,0,0.0,0.0,0,10735.0,0.0,0.0,,all_outpatient_procedures_reporting_proxy,not_yet_filtered_by_sigtap
241490,2,2,2,2,132,2747.0,23673.85,4,1822.0,100.0,1507.6838638858396,1373.5,all_outpatient_procedures_reporting_proxy,not_yet_filtered_by_sigtap
241500,2,2,0,0,0,0.0,0.0,0,3174.0,0.0,0.0,,all_outpatient_procedures_reporting_proxy,not_yet_filtered_by_sigtap
250010,5,5,0,0,0,0.0,0.0,0,9335.0,0.0,0.0,,all_outpatient_procedures_reporting_proxy,not_yet_filtered_by_sigtap
250020,3,3,3,3,21,21.0,13.0,6,5003.0,100.0,4.197481511093344,7.0,all_outpatient_procedures_reporting_proxy,not_yet_filtered_by_sigtap
250030,15,15,14,14,792,804.0,707.0,36,26062.0,93.33333333333333,30.849512700483462,57.42857142857143,all_outpatient_procedures_reporting_proxy,not_yet_filtered_by_sigtap
250040,11,11,8,8,426,941.0,131.0,21,21013.0,72.72727272727273,44.7818017417789,117.625,all_outpatient_procedures_reporting_proxy,not_yet_filtered_by_sigtap
250050,8,8,6,6,68,251.0,62.0,8,13725.0,75.0,18.287795992714024,41.833333333333336,all_outpatient_procedures_reporting_proxy,not_yet_filtered_by_sigtap
250053,4,4,3,3,35,35.0,17.0,3,5578.0,75.0,6.27465041233417,11.666666666666666,all_outpatient_procedures_reporting_proxy,not_yet_filtered_by_sigtap
250057,2,2,2,2,71,620.0,6045.010000000001,2,2953.0,100.0,209.95597697257026,310.0,all_outpatient_procedures_reporting_proxy,not_yet_filtered_by_sigtap
250060,12,12,0,0,0,0.0,0.0,0,21730.0,0.0,0.0,,all_outpatient_procedures_reporting_proxy,not_yet_filtered_by_sigtap
250070,11,11,0,0,0,0.0,0.0,0,17964.0,0.0,0.0,,all_outpatient_procedures_reporting_proxy,not_yet_filtered_by_sigtap
250073,2,2,0,0,0,0.0,0.0,0,2234.0,0.0,0.0,,all_outpatient_procedures_reporting_proxy,not_yet_filtered_by_sigtap
250077,3,2,2,2,9555,9620.0,133.76,6,7960.0,100.0,1208.5427135678392,4810.0,all_outpatient_procedures_reporting_proxy,not_yet_filtered_by_sigtap
250080,10,10,5,5,90,90.0,45.0,8,16646.0,50.0,5.406704313348552,18.0,all_outpatient_procedures_reporting_proxy,not_yet_filtered_by_sigtap
250090,8,6,6,6,246,246.0,68.0,11,12212.0,100.0,20.144120537176548,41.0,all_outpatient_procedures_reporting_proxy,not_yet_filtered_by_sigtap
250100,10,10,0,0,0,0.0,0.0,0,17189.0,0.0,0.0,,all_outpatient_procedures_reporting_proxy,not_yet_filtered_by_sigtap
250110,14,13,0,0,0,0.0,0.0,0,22633.0,0.0,0.0,,all_outpatient_procedures_reporting_proxy,not_yet_filtered_by_sigtap
250115,1,1,1,1,44,109.0,3724.49,2,2005.0,100.0,54.3640897755611,109.0,all_outpatient_procedures_reporting_proxy,not_yet_filtered_by_sigtap
250120,4,4,0,0,0,0.0,0.0,0,7128.0,0.0,0.0,,all_outpatient_procedures_reporting_proxy,not_yet_filtered_by_sigtap
250130,10,10,0,0,0,0.0,0.0,0,18705.0,0.0,0.0,,all_outpatient_procedures_reporting_proxy,not_yet_filtered_by_sigtap
250135,2,2,2,2,157,745.0,21641.0,5,4152.0,100.0,179.4315992292871,372.5,all_outpatient_procedures_reporting_proxy,not_yet_filtered_by_sigtap
250140,5,5,3,3,206,216.0,14693.0,7,9224.0,60.0,23.417172593235037,72.0,all_outpatient_procedures_reporting_proxy,not_yet_filtered_by_sigtap
250150,9,9,8,8,406,406.0,117.0,18,23134.0,88.88888888888889,17.54992651508602,50.75,all_outpatient_procedures_reporting_proxy,not_yet_filtered_by_sigtap
250153,4,4,4,4,920,12797.0,68441.96,7,4762.0,100.0,2687.3162536749264,3199.25,all_outpatient_procedures_reporting_proxy,not_yet_filtered_by_sigtap
250157,6,5,4,4,611,611.0,285.0,10,8059.0,80.0,75.81585804690408,152.75,all_outpatient_procedures_reporting_proxy,not_yet_filtered_by_sigtap
250160,9,9,9,9,2495,5587.0,47032.58000000014,24,12904.0,100.0,432.9665220086795,620.7777777777778,all_outpatient_procedures_reporting_proxy,not_yet_filtered_by_sigtap
250170,4,4,3,3,1831,10251.0,54992.46000000003,9,5906.0,75.0,1735.6925160853368,3417.0,all_outpatient_procedures_reporting_proxy,not_yet_filtered_by_sigtap
250180,32,31,0,0,0,0.0,0.0,0,82742.0,0.0,0.0,,all_outpatient_procedures_reporting_proxy,not_yet_filtered_by_sigtap
250190,8,8,8,8,704,704.0,300.0,24,16401.0,100.0,42.924211938296445,88.0,all_outpatient_procedures_reporting_proxy,not_yet_filtered_by_sigtap
250200,10,9,1,1,16,16.0,8.0,1,6268.0,11.11111111111111,2.5526483726866624,16.0,all_outpatient_procedures_reporting_proxy,not_yet_filtered_by_sigtap
250205,3,3,0,0,0,0.0,0.0,0,3504.0,0.0,0.0,,all_outpatient_procedures_reporting_proxy,not_yet_filtered_by_sigtap
250210,4,4,3,3,1038,6873.0,33495.94999999998,9,5207.0,75.0,1319.9539082004994,2291.0,all_outpatient_procedures_reporting_proxy,not_yet_filtered_by_sigtap
250215,5,5,2,2,545,1827.0,12934.999999999998,4,6377.0,40.0,286.4983534577388,913.5,all_outpatient_procedures_reporting_proxy,not_yet_filtered_by_sigtap
250220,2,2,0,0,0,0.0,0.0,0,2286.0,0.0,0.0,,all_outpatient_procedures_reporting_proxy,not_yet_filtered_by_sigtap
250230,2,2,2,2,56,56.0,15.0,4,4661.0,100.0,12.014589143960523,28.0,all_outpatient_procedures_reporting_proxy,not_yet_filtered_by_sigtap
250240,6,5,4,4,379,379.0,10919.0,9,10252.0,80.0,36.9683964104565,94.75,all_outpatient_procedures_reporting_proxy,not_yet_filtered_by_sigtap
250250,10,10,0,0,0,0.0,0.0,0,17598.0,0.0,0.0,,all_outpatient_procedures_reporting_proxy,not_yet_filtered_by_sigtap
250260,7,5,0,0,0,0.0,0.0,0,5648.0,0.0,0.0,,all_outpatient_procedures_reporting_proxy,not_yet_filtered_by_sigtap
250270,2,2,0,0,0,0.0,0.0,0,4214.0,0.0,0.0,,all_outpatient_procedures_reporting_proxy,not_yet_filtered_by_sigtap
250280,6,6,6,6,166,175.0,377.57000000000005,18,13613.0,100.0,12.855358848159847,29.166666666666668,all_outpatient_procedures_reporting_proxy,not_yet_filtered_by_sigtap
250290,3,3,0,0,0,0.0,0.0,0,5742.0,0.0,0.0,,all_outpatient_procedures_reporting_proxy,not_yet_filtered_by_sigtap
250300,13,11,10,10,1744,2432.0,12166.850000000017,28,21193.0,90.9090909090909,114.75487189166233,243.2,all_outpatient_procedures_reporting_proxy,not_yet_filtered_by_sigtap
250310,4,4,1,1,168,222.0,0.0,1,5335.0,25.0,41.611996251171504,222.0,all_outpatient_procedures_reporting_proxy,not_yet_filtered_by_sigtap
250320,23,23,0,0,0,0.0,0.0,0,66519.0,0.0,0.0,,all_outpatient_procedures_reporting_proxy,not_yet_filtered_by_sigtap
250330,6,6,1,1,12,12.0,3.0,1,9151.0,16.666666666666664,1.3113320948530216,12.0,all_outpatient_procedures_reporting_proxy,not_yet_filtered_by_sigtap
250340,5,4,1,1,16,16.0,4.0,1,3291.0,25.0,4.861744150714069,16.0,all_outpatient_procedures_reporting_proxy,not_yet_filtered_by_sigtap
250350,8,8,4,4,84,84.0,32.0,7,16064.0,50.0,5.229083665338645,21.0,all_outpatient_procedures_reporting_proxy,not_yet_filtered_by_sigtap
250355,4,4,4,4,1421,1729.0,3126.0,4,7223.0,100.0,239.37422123771287,432.25,all_outpatient_procedures_reporting_proxy,not_yet_filtered_by_sigtap
250360,5,5,3,3,176,176.0,49.0,9,6602.0,60.0,26.658588306573765,58.666666666666664,all_outpatient_procedures_reporting_proxy,not_yet_filtered_by_sigtap
250370,43,38,25,25,2637,3069.0,28540.69000000008,55,63239.0,65.78947368421053,48.530179161593324,122.76,all_outpatient_procedures_reporting_proxy,not_yet_filtered_by_sigtap
250375,2,2,1,1,249,1569.0,7766.550000000026,1,2740.0,50.0,572.6277372262773,1569.0,all_outpatient_procedures_reporting_proxy,not_yet_filtered_by_sigtap
250380,3,3,0,0,0,0.0,0.0,0,5753.0,0.0,0.0,,all_outpatient_procedures_reporting_proxy,not_yet_filtered_by_sigtap
250390,2,2,2,2,5642,6010.0,11577.960000000001,5,6085.0,100.0,987.6746096959738,3005.0,all_outpatient_procedures_reporting_proxy,not_yet_filtered_by_sigtap
250400,103,101,8,8,11661,15339.0,109248.90000000026,23,419379.0,7.920792079207921,36.57550807265027,1917.375,all_outpatient_procedures_reporting_proxy,not_yet_filtered_by_sigtap
250403,3,3,1,1,47,47.0,11.0,1,6970.0,33.33333333333333,6.743185078909613,47.0,all_outpatient_procedures_reporting_proxy,not_yet_filtered_by_sigtap
250407,3,3,1,1,105,300.0,1299.7099999999998,3,3944.0,33.33333333333333,76.06490872210954,300.0,all_outpatient_procedures_reporting_proxy,not_yet_filtered_by_sigtap
250410,2,1,1,1,286,301.0,4852.900000000001,3,2312.0,100.0,130.19031141868513,301.0,all_outpatient_procedures_reporting_proxy,not_yet_filtered_by_sigtap
250415,3,3,2,2,56,56.0,19.0,2,6889.0,66.66666666666666,8.128901146755696,28.0,all_outpatient_procedures_reporting_proxy,not_yet_filtered_by_sigtap
250420,2,2,2,2,121,330.0,275.75,4,4491.0,100.0,73.48029392117569,165.0,all_outpatient_procedures_reporting_proxy,not_yet_filtered_by_sigtap
250430,18,12,12,12,454,588.0,181.0,30,30661.0,100.0,19.177456703956167,49.0,all_outpatient_procedures_reporting_proxy,not_yet_filtered_by_sigtap
250435,4,4,0,0,0,0.0,0.0,0,5254.0,0.0,0.0,,all_outpatient_procedures_reporting_proxy,not_yet_filtered_by_sigtap
250440,13,12,0,0,0,0.0,0.0,0,18260.0,0.0,0.0,,all_outpatient_procedures_reporting_proxy,not_yet_filtered_by_sigtap
250450,4,4,3,3,64,64.0,76.8,5,6451.0,75.0,9.920942489536506,21.333333333333332,all_outpatient_procedures_reporting_proxy,not_yet_filtered_by_sigtap
250460,13,12,12,12,1917,2582.0,19975.499999999967,30,27605.0,100.0,93.5337801122985,215.16666666666666,all_outpatient_procedures_reporting_proxy,not_yet_filtered_by_sigtap
250470,6,4,1,1,10,10.0,0.0,1,4933.0,25.0,2.027163997567403,10.0,all_outpatient_procedures_reporting_proxy,not_yet_filtered_by_sigtap
250480,36,34,8,8,245,509.0,2498.82,15,14683.0,23.52941176470588,34.665940202955795,63.625,all_outpatient_procedures_reporting_proxy,not_yet_filtered_by_sigtap
250485,2,2,2,2,183,474.0,1806.3499999999995,4,1824.0,100.0,259.86842105263156,237.0,all_outpatient_procedures_reporting_proxy,not_yet_filtered_by_sigtap
250490,8,8,0,0,0,0.0,0.0,0,17095.0,0.0,0.0,,all_outpatient_procedures_reporting_proxy,not_yet_filtered_by_sigtap
250500,5,4,0,0,0,0.0,0.0,0,7580.0,0.0,0.0,,all_outpatient_procedures_reporting_proxy,not_yet_filtered_by_sigtap
250510,10,10,10,10,481,485.0,147.0,23,19719.0,100.0,24.59556772655814,48.5,all_outpatient_procedures_reporting_proxy,not_yet_filtered_by_sigtap
250520,2,1,1,1,42,42.0,196.13999999999984,1,6730.0,100.0,6.240713224368499,42.0,all_outpatient_procedures_reporting_proxy,not_yet_filtered_by_sigtap
250523,3,3,0,0,0,0.0,0.0,0,6251.0,0.0,0.0,,all_outpatient_procedures_reporting_proxy,not_yet_filtered_by_sigtap
250527,3,3,1,1,58,419.0,9805.0,3,5254.0,33.33333333333333,79.7487628473544,419.0,all_outpatient_procedures_reporting_proxy,not_yet_filtered_by_sigtap
250530,1,1,0,0,0,0.0,0.0,0,2292.0,0.0,0.0,,all_outpatient_procedures_reporting_proxy,not_yet_filtered_by_sigtap
250535,3,3,2,2,923,2237.0,23794.100000000013,4,4982.0,66.66666666666666,449.0164592533119,1118.5,all_outpatient_procedures_reporting_proxy,not_yet_filtered_by_sigtap
250540,4,4,0,0,0,0.0,0.0,0,8067.0,0.0,0.0,,all_outpatient_procedures_reporting_proxy,not_yet_filtered_by_sigtap
250550,3,3,1,1,9,28.0,106.0,1,3641.0,33.33333333333333,7.690195001373249,28.0,all_outpatient_procedures_reporting_proxy,not_yet_filtered_by_sigtap
250560,4,3,3,3,52,52.0,13.0,6,6299.0,100.0,8.255278615653278,17.333333333333332,all_outpatient_procedures_reporting_proxy,not_yet_filtered_by_sigtap
250570,6,6,4,4,78,78.0,21.0,4,10380.0,66.66666666666666,7.514450867052023,19.5,all_outpatient_procedures_reporting_proxy,not_yet_filtered_by_sigtap
250580,2,2,0,0,0,0.0,0.0,0,3327.0,0.0,0.0,,all_outpatient_procedures_reporting_proxy,not_yet_filtered_by_sigtap
250590,3,2,2,2,87,222.0,11221.199999999999,3,3011.0,100.0,73.7296579209565,111.0,all_outpatient_procedures_reporting_proxy,not_yet_filtered_by_sigtap
250600,16,15,6,6,66,66.0,32.0,9,31231.0,40.0,2.113284877205341,11.0,all_outpatient_procedures_reporting_proxy,not_yet_filtered_by_sigtap
250610,5,5,1,1,397,397.0,2216.8700000000017,3,11049.0,20.0,35.93085347090234,397.0,all_outpatient_procedures_reporting_proxy,not_yet_filtered_by_sigtap
250620,3,3,1,1,52,2688.0,15.0,3,2846.0,33.33333333333333,944.4834855938159,2688.0,all_outpatient_procedures_reporting_proxy,not_yet_filtered_by_sigtap
250625,6,5,0,0,0,0.0,0.0,0,8179.0,0.0,0.0,,all_outpatient_procedures_reporting_proxy,not_yet_filtered_by_sigtap
250630,25,20,0,0,0,0.0,0.0,0,57484.0,0.0,0.0,,all_outpatient_procedures_reporting_proxy,not_yet_filtered_by_sigtap
250640,7,7,0,0,0,0.0,0.0,0,13766.0,0.0,0.0,,all_outpatient_procedures_reporting_proxy,not_yet_filtered_by_sigtap
250650,3,3,1,1,24,24.0,6.0,1,3242.0,33.33333333333333,7.402837754472547,24.0,all_outpatient_procedures_reporting_proxy,not_yet_filtered_by_sigtap
250660,3,3,3,3,70,70.0,30.0,4,5631.0,100.0,12.431184514295863,23.333333333333332,all_outpatient_procedures_reporting_proxy,not_yet_filtered_by_sigtap
250670,6,6,1,1,8,8.0,3.0,1,10392.0,16.666666666666664,0.7698229407236336,8.0,all_outpatient_procedures_reporting_proxy,not_yet_filtered_by_sigtap
250680,9,9,0,0,0,0.0,0.0,0,17692.0,0.0,0.0,,all_outpatient_procedures_reporting_proxy,not_yet_filtered_by_sigtap
250690,12,12,0,0,0,0.0,0.0,0,23182.0,0.0,0.0,,all_outpatient_procedures_reporting_proxy,not_yet_filtered_by_sigtap
250700,12,11,3,3,148,219.0,1718.2299999999998,6,23940.0,27.27272727272727,9.147869674185463,73.0,all_outpatient_procedures_reporting_proxy,not_yet_filtered_by_sigtap
250710,8,8,3,3,42,42.0,12.0,3,18382.0,37.5,2.284843869002285,14.0,all_outpatient_procedures_reporting_proxy,not_yet_filtered_by_sigtap
250720,7,6,0,0,0,0.0,0.0,0,10499.0,0.0,0.0,,all_outpatient_procedures_reporting_proxy,not_yet_filtered_by_sigtap
250730,8,8,0,0,0,0.0,0.0,0,14477.0,0.0,0.0,,all_outpatient_procedures_reporting_proxy,not_yet_filtered_by_sigtap
250740,5,3,2,2,132,134.0,59.0,3,7516.0,66.66666666666666,17.828632251197444,67.0,all_outpatient_procedures_reporting_proxy,not_yet_filtered_by_sigtap
250750,138,110,0,0,0,0.0,0.0,0,833932.0,0.0,0.0,,all_outpatient_procedures_reporting_proxy,not_yet_filtered_by_sigtap
250760,5,5,1,1,70,70.0,3150.0,1,7796.0,20.0,8.978963571062083,70.0,all_outpatient_procedures_reporting_proxy,not_yet_filtered_by_sigtap
250770,9,9,9,9,66,241.0,60.0,9,17007.0,100.0,14.1706356206268,26.77777777777778,all_outpatient_procedures_reporting_proxy,not_yet_filtered_by_sigtap
250780,3,3,1,1,46,46.0,10350.0,1,6793.0,33.33333333333333,6.771676726041513,46.0,all_outpatient_procedures_reporting_proxy,not_yet_filtered_by_sigtap
250790,6,6,0,0,0,0.0,0.0,0,10012.0,0.0,0.0,,all_outpatient_procedures_reporting_proxy,not_yet_filtered_by_sigtap
250800,7,7,0,0,0,0.0,0.0,0,9234.0,0.0,0.0,,all_outpatient_procedures_reporting_proxy,not_yet_filtered_by_sigtap
250810,3,2,1,1,20,20.0,5.0,1,4415.0,50.0,4.530011325028313,20.0,all_outpatient_procedures_reporting_proxy,not_yet_filtered_by_sigtap
250820,5,5,0,0,0,0.0,0.0,0,7819.0,0.0,0.0,,all_outpatient_procedures_reporting_proxy,not_yet_filtered_by_sigtap
250830,14,14,0,0,0,0.0,0.0,0,27730.0,0.0,0.0,,all_outpatient_procedures_reporting_proxy,not_yet_filtered_by_sigtap
250840,1,1,1,1,4048,4354.0,193.1199999999999,3,3162.0,100.0,1376.976597090449,4354.0,all_outpatient_procedures_reporting_proxy,not_yet_filtered_by_sigtap
250850,7,4,4,4,154,188.0,1824.4900000000011,8,6877.0,100.0,27.337501817653045,47.0,all_outpatient_procedures_reporting_proxy,not_yet_filtered_by_sigtap
250855,4,3,0,0,0,0.0,0.0,0,4797.0,0.0,0.0,,all_outpatient_procedures_reporting_proxy,not_yet_filtered_by_sigtap
250860,6,6,0,0,0,0.0,0.0,0,12560.0,0.0,0.0,,all_outpatient_procedures_reporting_proxy,not_yet_filtered_by_sigtap
250870,3,3,0,0,0,0.0,0.0,0,3583.0,0.0,0.0,,all_outpatient_procedures_reporting_proxy,not_yet_filtered_by_sigtap
250880,3,3,3,3,489,2491.0,15322.649999999989,8,6046.0,100.0,412.0079391333113,830.3333333333334,all_outpatient_procedures_reporting_proxy,not_yet_filtered_by_sigtap
250890,20,20,16,16,1179,1179.0,445.0,45,44599.0,80.0,26.43557030426691,73.6875,all_outpatient_procedures_reporting_proxy,not_yet_filtered_by_sigtap
250900,7,6,0,0,0,0.0,0.0,0,10434.0,0.0,0.0,,all_outpatient_procedures_reporting_proxy,not_yet_filtered_by_sigtap
250905,5,5,1,1,231,416.0,817.0600000000001,1,8999.0,20.0,46.22735859539949,416.0,all_outpatient_procedures_reporting_proxy,not_yet_filtered_by_sigtap
250910,13,12,9,9,161,173.0,10.0,19,21512.0,75.0,8.042023056898476,19.22222222222222,all_outpatient_procedures_reporting_proxy,not_yet_filtered_by_sigtap
250915,3,3,1,1,25,25.0,16.0,2,6705.0,33.33333333333333,3.7285607755406414,25.0,all_outpatient_procedures_reporting_proxy,not_yet_filtered_by_sigtap
250920,9,8,0,0,0,0.0,0.0,0,14139.0,0.0,0.0,,all_outpatient_procedures_reporting_proxy,not_yet_filtered_by_sigtap
250930,7,6,0,0,0,0.0,0.0,0,8244.0,0.0,0.0,,all_outpatient_procedures_reporting_proxy,not_yet_filtered_by_sigtap
250933,5,3,3,3,157,191.0,6842.68,9,4571.0,100.0,41.785167359439946,63.666666666666664,all_outpatient_procedures_reporting_proxy,not_yet_filtered_by_sigtap
250937,1,1,1,1,84,84.0,13506.0,2,2543.0,100.0,33.031852143138025,84.0,all_outpatient_procedures_reporting_proxy,not_yet_filtered_by_sigtap
250939,3,3,2,2,153,153.0,76.0,3,6433.0,66.66666666666666,23.783615731385048,76.5,all_outpatient_procedures_reporting_proxy,not_yet_filtered_by_sigtap
250940,7,7,7,7,145,145.0,41.0,11,13899.0,100.0,10.432405209007843,20.714285714285715,all_outpatient_procedures_reporting_proxy,not_yet_filtered_by_sigtap
250950,6,5,2,2,5,599.0,1617.3,5,5812.0,40.0,103.06262904335857,299.5,all_outpatient_procedures_reporting_proxy,not_yet_filtered_by_sigtap
250960,2,1,1,1,1449,1449.0,1470.0799999999988,3,4338.0,100.0,334.02489626556013,1449.0,all_outpatient_procedures_reporting_proxy,not_yet_filtered_by_sigtap
250970,31,31,0,0,0,0.0,0.0,0,32277.0,0.0,0.0,,all_outpatient_procedures_reporting_proxy,not_yet_filtered_by_sigtap
250980,6,6,2,2,22,22.0,32.099999999999994,2,8791.0,33.33333333333333,2.5025594357866,11.0,all_outpatient_procedures_reporting_proxy,not_yet_filtered_by_sigtap
250990,6,6,5,5,307,8075.0,119.0,14,8945.0,83.33333333333334,902.738960313024,1615.0,all_outpatient_procedures_reporting_proxy,not_yet_filtered_by_sigtap
251000,6,5,5,5,7051,7433.0,55.13,11,7203.0,100.0,1031.93113980286,1486.6,all_outpatient_procedures_reporting_proxy,not_yet_filtered_by_sigtap
251010,5,5,0,0,0,0.0,0.0,0,9724.0,0.0,0.0,,all_outpatient_procedures_reporting_proxy,not_yet_filtered_by_sigtap
251020,4,4,0,0,0,0.0,0.0,0,5787.0,0.0,0.0,,all_outpatient_procedures_reporting_proxy,not_yet_filtered_by_sigtap
251030,2,2,0,0,0,0.0,0.0,0,4259.0,0.0,0.0,,all_outpatient_procedures_reporting_proxy,not_yet_filtered_by_sigtap
251040,3,3,0,0,0,0.0,0.0,0,6060.0,0.0,0.0,,all_outpatient_procedures_reporting_proxy,not_yet_filtered_by_sigtap
251050,2,2,2,2,37,61.0,21.0,3,3580.0,100.0,17.039106145251395,30.5,all_outpatient_procedures_reporting_proxy,not_yet_filtered_by_sigtap
251060,2,2,0,0,0,0.0,0.0,0,2918.0,0.0,0.0,,all_outpatient_procedures_reporting_proxy,not_yet_filtered_by_sigtap
251065,2,2,2,2,387,476.0,2355.66,6,1720.0,100.0,276.74418604651163,238.0,all_outpatient_procedures_reporting_proxy,not_yet_filtered_by_sigtap
251070,2,2,1,1,29,163.0,6.0,2,2463.0,50.0,66.17945594803086,163.0,all_outpatient_procedures_reporting_proxy,not_yet_filtered_by_sigtap
251080,45,45,2,2,2629,2664.0,119131.00000000006,6,103165.0,4.444444444444445,25.82271119081084,1332.0,all_outpatient_procedures_reporting_proxy,not_yet_filtered_by_sigtap
251090,7,7,6,6,61,61.0,17.0,6,11834.0,85.71428571428571,5.154639175257732,10.166666666666666,all_outpatient_procedures_reporting_proxy,not_yet_filtered_by_sigtap
251100,2,2,0,0,0,0.0,0.0,0,3739.0,0.0,0.0,,all_outpatient_procedures_reporting_proxy,not_yet_filtered_by_sigtap
251110,4,4,3,3,50,304.0,13.0,5,6859.0,75.0,44.3213296398892,101.33333333333333,all_outpatient_procedures_reporting_proxy,not_yet_filtered_by_sigtap
251120,17,16,2,2,1140,2150.0,42715.44999999993,6,29662.0,12.5,72.48331198166004,1075.0,all_outpatient_procedures_reporting_proxy,not_yet_filtered_by_sigtap
251130,15,12,6,6,69,92.0,25.0,6,16441.0,50.0,5.595766680858829,15.333333333333334,all_outpatient_procedures_reporting_proxy,not_yet_filtered_by_sigtap
251150,8,8,6,6,267,267.0,86.0,12,12311.0,75.0,21.68792137113151,44.5,all_outpatient_procedures_reporting_proxy,not_yet_filtered_by_sigtap
251160,3,3,3,3,54,54.0,19.0,3,6815.0,100.0,7.923697725605283,18.0,all_outpatient_procedures_reporting_proxy,not_yet_filtered_by_sigtap
251170,3,3,1,1,16,16.0,0.0,2,5329.0,33.33333333333333,3.0024394820791893,16.0,all_outpatient_procedures_reporting_proxy,not_yet_filtered_by_sigtap
251180,4,4,4,4,118,118.0,47.0,6,9340.0,100.0,12.633832976445396,29.5,all_outpatient_procedures_reporting_proxy,not_yet_filtered_by_sigtap
251190,9,9,7,7,239,239.0,75.0,14,16751.0,77.77777777777779,14.267804907169722,34.142857142857146,all_outpatient_procedures_reporting_proxy,not_yet_filtered_by_sigtap
251200,10,10,5,5,68,70.0,70.0,7,17469.0,50.0,4.007098288396588,14.0,all_outpatient_procedures_reporting_proxy,not_yet_filtered_by_sigtap
251203,5,5,2,2,638,3920.0,33737.70000000004,6,3830.0,40.0,1023.4986945169713,1960.0,all_outpatient_procedures_reporting_proxy,not_yet_filtered_by_sigtap
251207,7,6,0,0,0,0.0,0.0,0,4006.0,0.0,0.0,,all_outpatient_procedures_reporting_proxy,not_yet_filtered_by_sigtap
251210,15,15,4,4,267,267.0,97.0,4,32473.0,26.666666666666668,8.222215378930187,66.75,all_outpatient_procedures_reporting_proxy,not_yet_filtered_by_sigtap
251220,4,3,3,3,145,2321.0,1520.85,7,3915.0,100.0,592.8480204342274,773.6666666666666,all_outpatient_procedures_reporting_proxy,not_yet_filtered_by_sigtap
251230,13,13,0,0,0,0.0,0.0,0,21114.0,0.0,0.0,,all_outpatient_procedures_reporting_proxy,not_yet_filtered_by_sigtap
251240,8,8,5,5,294,294.0,93.0,14,14277.0,62.5,20.59256146249212,58.8,all_outpatient_procedures_reporting_proxy,not_yet_filtered_by_sigtap
251250,19,18,3,3,74,74.0,20.0,8,47658.0,16.666666666666664,1.5527298669688194,24.666666666666668,all_outpatient_procedures_reporting_proxy,not_yet_filtered_by_sigtap
251260,1,1,1,1,292,462.0,2182.82,2,1743.0,100.0,265.06024096385545,462.0,all_outpatient_procedures_reporting_proxy,not_yet_filtered_by_sigtap
251270,10,10,10,10,21178,21292.0,510.04,19,17885.0,100.0,1190.4948280682136,2129.2,all_outpatient_procedures_reporting_proxy,not_yet_filtered_by_sigtap
251272,4,4,1,1,8,8.0,2.0,1,5766.0,25.0,1.387443635102324,8.0,all_outpatient_procedures_reporting_proxy,not_yet_filtered_by_sigtap
251274,2,2,0,0,0,0.0,0.0,0,2927.0,0.0,0.0,,all_outpatient_procedures_reporting_proxy,not_yet_filtered_by_sigtap
251275,3,3,2,2,388,613.0,8528.749999999993,5,4690.0,66.66666666666666,130.7036247334755,306.5,all_outpatient_procedures_reporting_proxy,not_yet_filtered_by_sigtap
251276,3,3,0,0,0,0.0,0.0,0,4738.0,0.0,0.0,,all_outpatient_procedures_reporting_proxy,not_yet_filtered_by_sigtap
251278,2,2,2,2,624,2600.0,14587.180000000004,6,1955.0,100.0,1329.923273657289,1300.0,all_outpatient_procedures_reporting_proxy,not_yet_filtered_by_sigtap
251280,4,4,4,4,212,213.0,63.0,8,8493.0,100.0,25.07947721653126,53.25,all_outpatient_procedures_reporting_proxy,not_yet_filtered_by_sigtap
251290,9,9,7,7,397,397.0,128.0,15,24581.0,77.77777777777779,16.150685488792156,56.714285714285715,all_outpatient_procedures_reporting_proxy,not_yet_filtered_by_sigtap
251300,2,2,2,2,57,80.0,30.0,4,3355.0,100.0,23.84500745156483,40.0,all_outpatient_procedures_reporting_proxy,not_yet_filtered_by_sigtap
251310,6,6,2,2,52,52.0,3.0,3,11505.0,33.33333333333333,4.519774011299435,26.0,all_outpatient_procedures_reporting_proxy,not_yet_filtered_by_sigtap
251315,5,5,0,0,0,0.0,0.0,0,7670.0,0.0,0.0,,all_outpatient_procedures_reporting_proxy,not_yet_filtered_by_sigtap
251320,3,3,0,0,0,0.0,0.0,0,5947.0,0.0,0.0,,all_outpatient_procedures_reporting_proxy,not_yet_filtered_by_sigtap
251330,5,4,4,4,11157,11288.0,211.92000000000002,11,5865.0,100.0,1924.6376811594203,2822.0,all_outpatient_procedures_reporting_proxy,not_yet_filtered_by_sigtap
251335,2,2,0,0,0,0.0,0.0,0,3227.0,0.0,0.0,,all_outpatient_procedures_reporting_proxy,not_yet_filtered_by_sigtap
251340,7,7,0,0,0,0.0,0.0,0,14959.0,0.0,0.0,,all_outpatient_procedures_reporting_proxy,not_yet_filtered_by_sigtap
251350,4,4,0,0,0,0.0,0.0,0,5010.0,0.0,0.0,,all_outpatient_procedures_reporting_proxy,not_yet_filtered_by_sigtap
251360,5,5,0,0,0,0.0,0.0,0,6569.0,0.0,0.0,,all_outpatient_procedures_reporting_proxy,not_yet_filtered_by_sigtap
251365,5,4,0,0,0,0.0,0.0,0,2539.0,0.0,0.0,,all_outpatient_procedures_reporting_proxy,not_yet_filtered_by_sigtap
251370,48,48,7,7,6750,10253.0,72090.34999999985,14,149910.0,14.583333333333334,68.39436995530652,1464.7142857142858,all_outpatient_procedures_reporting_proxy,not_yet_filtered_by_sigtap
251380,2,2,2,2,114,330.0,36.0,6,4402.0,100.0,74.96592457973648,165.0,all_outpatient_procedures_reporting_proxy,not_yet_filtered_by_sigtap
251385,1,1,1,1,56,334.0,519.05,3,2622.0,100.0,127.38367658276125,334.0,all_outpatient_procedures_reporting_proxy,not_yet_filtered_by_sigtap
251390,17,17,13,13,1248,1442.0,1248.4799999999989,24,32235.0,76.47058823529412,44.73398479913138,110.92307692307692,all_outpatient_procedures_reporting_proxy,not_yet_filtered_by_sigtap
251392,3,3,3,3,402,1044.0,6273.33,5,4327.0,100.0,241.2757106540328,348.0,all_outpatient_procedures_reporting_proxy,not_yet_filtered_by_sigtap
251394,1,1,1,1,473,7131.0,41129.95999999999,3,2585.0,100.0,2758.607350096712,7131.0,all_outpatient_procedures_reporting_proxy,not_yet_filtered_by_sigtap
251396,2,2,0,0,0,0.0,0.0,0,2595.0,0.0,0.0,,all_outpatient_procedures_reporting_proxy,not_yet_filtered_by_sigtap
251398,4,3,2,2,108,108.0,37.0,6,3137.0,66.66666666666666,34.42779725852726,54.0,all_outpatient_procedures_reporting_proxy,not_yet_filtered_by_sigtap
251400,3,3,1,1,96,382.0,1123.06,3,4226.0,33.33333333333333,90.39280643634642,382.0,all_outpatient_procedures_reporting_proxy,not_yet_filtered_by_sigtap
251410,5,5,4,4,9026,9453.0,19996.859999999982,11,4263.0,80.0,2217.4524982406756,2363.25,all_outpatient_procedures_reporting_proxy,not_yet_filtered_by_sigtap
251420,5,4,0,0,0,0.0,0.0,0,7126.0,0.0,0.0,,all_outpatient_procedures_reporting_proxy,not_yet_filtered_by_sigtap
251430,1,1,0,0,0,0.0,0.0,0,5034.0,0.0,0.0,,all_outpatient_procedures_reporting_proxy,not_yet_filtered_by_sigtap
251440,2,2,2,2,278,278.0,119.0,5,4083.0,100.0,68.08719079108498,139.0,all_outpatient_procedures_reporting_proxy,not_yet_filtered_by_sigtap
251445,5,5,2,2,3444,4739.0,11263.159999999873,3,5891.0,40.0,804.4474622305211,2369.5,all_outpatient_procedures_reporting_proxy,not_yet_filtered_by_sigtap
251450,11,11,0,0,0,0.0,0.0,0,19067.0,0.0,0.0,,all_outpatient_procedures_reporting_proxy,not_yet_filtered_by_sigtap
251455,2,2,2,2,3709,9704.0,48722.22000000007,5,3416.0,100.0,2840.749414519906,4852.0,all_outpatient_procedures_reporting_proxy,not_yet_filtered_by_sigtap
251460,2,2,0,0,0,0.0,0.0,0,3242.0,0.0,0.0,,all_outpatient_procedures_reporting_proxy,not_yet_filtered_by_sigtap
251465,1,1,1,1,31,31.0,6975.0,1,1699.0,100.0,18.246027074749854,31.0,all_outpatient_procedures_reporting_proxy,not_yet_filtered_by_sigtap
251470,2,2,2,2,147,217.0,3508.86,6,4138.0,100.0,52.44079265345577,108.5,all_outpatient_procedures_reporting_proxy,not_yet_filtered_by_sigtap
251480,3,3,1,1,213,4967.0,26055.000000000004,3,3411.0,33.33333333333333,1456.171210788625,4967.0,all_outpatient_procedures_reporting_proxy,not_yet_filtered_by_sigtap
251490,4,4,0,0,0,0.0,0.0,0,7470.0,0.0,0.0,,all_outpatient_procedures_reporting_proxy,not_yet_filtered_by_sigtap
251500,5,5,1,1,39,14051.0,40192.54,3,7066.0,20.0,1988.5366544013584,14051.0,all_outpatient_procedures_reporting_proxy,not_yet_filtered_by_sigtap
251510,7,7,0,0,0,0.0,0.0,0,11040.0,0.0,0.0,,all_outpatient_procedures_reporting_proxy,not_yet_filtered_by_sigtap
251520,2,2,0,0,0,0.0,0.0,0,3279.0,0.0,0.0,,all_outpatient_procedures_reporting_proxy,not_yet_filtered_by_sigtap
251530,21,21,0,0,0,0.0,0.0,0,51306.0,0.0,0.0,,all_outpatient_procedures_reporting_proxy,not_yet_filtered_by_sigtap
251540,5,5,2,2,45,45.0,8.0,2,10291.0,40.0,4.372752890875522,22.5,all_outpatient_procedures_reporting_proxy,not_yet_filtered_by_sigtap
251550,10,9,6,6,1177,4589.0,22180.44999999999,10,13614.0,66.66666666666666,337.07947700896136,764.8333333333334,all_outpatient_procedures_reporting_proxy,not_yet_filtered_by_sigtap
251560,2,2,2,2,268,268.0,3946.0,4,3094.0,100.0,86.61926308985132,134.0,all_outpatient_procedures_reporting_proxy,not_yet_filtered_by_sigtap
251570,2,2,0,0,0,0.0,0.0,0,2942.0,0.0,0.0,,all_outpatient_procedures_reporting_proxy,not_yet_filtered_by_sigtap
251580,5,5,0,0,0,0.0,0.0,0,6828.0,0.0,0.0,,all_outpatient_procedures_reporting_proxy,not_yet_filtered_by_sigtap
251593,3,3,0,0,0,0.0,0.0,0,5054.0,0.0,0.0,,all_outpatient_procedures_reporting_proxy,not_yet_filtered_by_sigtap
251597,4,4,0,0,0,0.0,0.0,0,8236.0,0.0,0.0,,all_outpatient_procedures_reporting_proxy,not_yet_filtered_by_sigtap
251600,12,12,6,6,322,322.0,92.0,12,26774.0,50.0,12.026592963322626,53.666666666666664,all_outpatient_procedures_reporting_proxy,not_yet_filtered_by_sigtap
251610,8,8,4,4,34,101.0,39.0,6,13968.0,50.0,7.2308132875143185,25.25,all_outpatient_procedures_reporting_proxy,not_yet_filtered_by_sigtap
251615,2,2,1,1,80,80.0,18000.0,3,3345.0,50.0,23.916292974588938,80.0,all_outpatient_procedures_reporting_proxy,not_yet_filtered_by_sigtap
251620,47,42,36,36,39543,41604.0,1779.4000000000003,57,67259.0,85.71428571428571,618.5640583416346,1155.6666666666667,all_outpatient_procedures_reporting_proxy,not_yet_filtered_by_sigtap
251630,10,9,2,2,678,1655.0,11444.949999999975,4,17166.0,22.22222222222222,96.4115111266457,827.5,all_outpatient_procedures_reporting_proxy,not_yet_filtered_by_sigtap
251640,4,4,4,4,157,548.0,10334.9,9,8010.0,100.0,68.41448189762797,137.0,all_outpatient_procedures_reporting_proxy,not_yet_filtered_by_sigtap
251650,9,7,4,4,99,100.0,27.0,5,14068.0,57.14285714285714,7.108330963889679,25.0,all_outpatient_procedures_reporting_proxy,not_yet_filtered_by_sigtap
251660,9,9,4,4,41,41.0,15.0,4,14101.0,44.44444444444444,2.9075952060137578,10.25,all_outpatient_procedures_reporting_proxy,not_yet_filtered_by_sigtap
251670,14,11,0,0,0,0.0,0.0,0,14631.0,0.0,0.0,,all_outpatient_procedures_reporting_proxy,not_yet_filtered_by_sigtap
251675,1,1,1,1,59,759.0,3380.1800000000003,2,2966.0,100.0,255.90020229265005,759.0,all_outpatient_procedures_reporting_proxy,not_yet_filtered_by_sigtap
251680,3,3,0,0,0,0.0,0.0,0,9892.0,0.0,0.0,,all_outpatient_procedures_reporting_proxy,not_yet_filtered_by_sigtap
251690,17,14,0,0,0,0.0,0.0,0,14930.0,0.0,0.0,,all_outpatient_procedures_reporting_proxy,not_yet_filtered_by_sigtap
251700,7,7,3,3,130,130.0,59.0,5,9124.0,42.857142857142854,14.248136782113109,43.333333333333336,all_outpatient_procedures_reporting_proxy,not_yet_filtered_by_sigtap
251710,3,3,3,3,9996,10820.0,12836.670000000107,7,2668.0,100.0,4055.472263868066,3606.6666666666665,all_outpatient_procedures_reporting_proxy,not_yet_filtered_by_sigtap
251720,3,3,2,2,875,885.0,2621.0,5,4864.0,66.66666666666666,181.94901315789474,442.5,all_outpatient_procedures_reporting_proxy,not_yet_filtered_by_sigtap
251740,2,2,1,1,87,5798.0,4779.980000000001,3,2228.0,50.0,2602.3339317773784,5798.0,all_outpatient_procedures_reporting_proxy,not_yet_filtered_by_sigtap
260005,36,24,0,0,0,0.0,0.0,0,98462.0,0.0,0.0,,all_outpatient_procedures_reporting_proxy,not_yet_filtered_by_sigtap
260010,21,17,0,0,0,0.0,0.0,0,40241.0,0.0,0.0,,all_outpatient_procedures_reporting_proxy,not_yet_filtered_by_sigtap
260020,13,12,0,0,0,0.0,0.0,0,18674.0,0.0,0.0,,all_outpatient_procedures_reporting_proxy,not_yet_filtered_by_sigtap
260030,14,12,0,0,0,0.0,0.0,0,23779.0,0.0,0.0,,all_outpatient_procedures_reporting_proxy,not_yet_filtered_by_sigtap
260040,18,17,1,1,696,808.0,0.0,3,26461.0,5.88235294117647,30.53550508295227,808.0,all_outpatient_procedures_reporting_proxy,not_yet_filtered_by_sigtap
260050,25,23,1,1,44,144.0,907.1999999999996,1,41548.0,4.3478260869565215,3.4658708000385094,144.0,all_outpatient_procedures_reporting_proxy,not_yet_filtered_by_sigtap
260060,8,8,0,0,0,0.0,0.0,0,13542.0,0.0,0.0,,all_outpatient_procedures_reporting_proxy,not_yet_filtered_by_sigtap
260070,23,21,11,11,277,20949.0,21.0,30,35741.0,52.38095238095239,586.1335720880782,1904.4545454545455,all_outpatient_procedures_reporting_proxy,not_yet_filtered_by_sigtap
260080,12,12,1,1,2,2.0,450.0,1,20674.0,8.333333333333332,0.09673986649898422,2.0,all_outpatient_procedures_reporting_proxy,not_yet_filtered_by_sigtap
260090,9,9,2,2,56,56.0,4645.0,2,18205.0,22.22222222222222,3.0760780005492996,28.0,all_outpatient_procedures_reporting_proxy,not_yet_filtered_by_sigtap
260100,9,0,0,0,0,0.0,0.0,0,10241.0,,0.0,,no_active_ubs_denominator,not_yet_filtered_by_sigtap
260105,9,9,1,1,50,50.0,11250.0,1,19243.0,11.11111111111111,2.5983474510211506,50.0,all_outpatient_procedures_reporting_proxy,not_yet_filtered_by_sigtap
260110,44,32,0,0,0,0.0,0.0,0,85088.0,0.0,0.0,,all_outpatient_procedures_reporting_proxy,not_yet_filtered_by_sigtap
260120,31,29,1,1,3071,8231.0,36287.25,3,77742.0,3.4482758620689653,105.87584574618612,8231.0,all_outpatient_procedures_reporting_proxy,not_yet_filtered_by_sigtap
260130,8,8,0,0,0,0.0,0.0,0,12263.0,0.0,0.0,,all_outpatient_procedures_reporting_proxy,not_yet_filtered_by_sigtap
260140,17,16,14,14,1329,22897.0,508.0,40,40121.0,87.5,570.6986366242118,1635.5,all_outpatient_procedures_reporting_proxy,not_yet_filtered_by_sigtap
260150,7,7,6,6,2111,30553.0,4594.599999999998,16,10378.0,85.71428571428571,2944.016188090191,5092.166666666667,all_outpatient_procedures_reporting_proxy,not_yet_filtered_by_sigtap
260160,11,10,0,0,0,0.0,0.0,0,18301.0,0.0,0.0,,all_outpatient_procedures_reporting_proxy,not_yet_filtered_by_sigtap
260170,30,27,0,0,0,0.0,0.0,0,79507.0,0.0,0.0,,all_outpatient_procedures_reporting_proxy,not_yet_filtered_by_sigtap
260180,12,7,0,0,0,0.0,0.0,0,11232.0,0.0,0.0,,all_outpatient_procedures_reporting_proxy,not_yet_filtered_by_sigtap
260190,25,25,0,0,0,0.0,0.0,0,61694.0,0.0,0.0,,all_outpatient_procedures_reporting_proxy,not_yet_filtered_by_sigtap
260210,17,17,0,0,0,0.0,0.0,0,44294.0,0.0,0.0,,all_outpatient_procedures_reporting_proxy,not_yet_filtered_by_sigtap
260220,18,17,1,1,1085,2665.0,30856.039999999983,3,37629.0,5.88235294117647,70.82303542480534,2665.0,all_outpatient_procedures_reporting_proxy,not_yet_filtered_by_sigtap
260230,14,13,11,11,792,792.0,265.0,29,37474.0,84.61538461538461,21.1346533596627,72.0,all_outpatient_procedures_reporting_proxy,not_yet_filtered_by_sigtap
260240,7,7,1,1,778,1644.0,36063.140000000014,2,9079.0,14.285714285714285,181.07721114660205,1644.0,all_outpatient_procedures_reporting_proxy,not_yet_filtered_by_sigtap
260250,5,5,1,1,106,204.0,1260.0100000000004,3,7720.0,20.0,26.424870466321245,204.0,all_outpatient_procedures_reporting_proxy,not_yet_filtered_by_sigtap
260260,16,14,8,8,1212,1212.0,39268.799999999974,16,48648.0,57.14285714285714,24.913665515540206,151.5,all_outpatient_procedures_reporting_proxy,not_yet_filtered_by_sigtap
260270,7,7,0,0,0,0.0,0.0,0,12808.0,0.0,0.0,,all_outpatient_procedures_reporting_proxy,not_yet_filtered_by_sigtap
260280,28,28,0,0,0,0.0,0.0,0,52097.0,0.0,0.0,,all_outpatient_procedures_reporting_proxy,not_yet_filtered_by_sigtap
260290,53,51,3,3,296,7583.0,42030.13,9,203440.0,5.88235294117647,37.27388910735352,2527.6666666666665,all_outpatient_procedures_reporting_proxy,not_yet_filtered_by_sigtap
260300,21,16,0,0,0,0.0,0.0,0,30294.0,0.0,0.0,,all_outpatient_procedures_reporting_proxy,not_yet_filtered_by_sigtap
260310,1,0,0,0,0,0.0,0.0,0,19899.0,,0.0,,no_active_ubs_denominator,not_yet_filtered_by_sigtap
260320,16,16,1,1,498,501.0,2552.8299999999977,3,28827.0,6.25,17.379540014569674,501.0,all_outpatient_procedures_reporting_proxy,not_yet_filtered_by_sigtap
260330,5,5,0,0,0,0.0,0.0,0,11093.0,0.0,0.0,,all_outpatient_procedures_reporting_proxy,not_yet_filtered_by_sigtap
260340,4,4,0,0,0,0.0,0.0,0,5228.0,0.0,0.0,,all_outpatient_procedures_reporting_proxy,not_yet_filtered_by_sigtap
260345,46,45,0,0,0,0.0,0.0,0,147771.0,0.0,0.0,,all_outpatient_procedures_reporting_proxy,not_yet_filtered_by_sigtap
260350,6,5,0,0,0,0.0,0.0,0,17419.0,0.0,0.0,,all_outpatient_procedures_reporting_proxy,not_yet_filtered_by_sigtap
260360,5,5,4,4,432,432.0,8952.0,7,7750.0,80.0,55.74193548387097,108.0,all_outpatient_procedures_reporting_proxy,not_yet_filtered_by_sigtap
260370,14,14,12,12,1071,1085.0,1741.79,29,24329.0,85.71428571428571,44.596983024374204,90.41666666666667,all_outpatient_procedures_reporting_proxy,not_yet_filtered_by_sigtap
260380,12,10,0,0,0,0.0,0.0,0,18338.0,0.0,0.0,,all_outpatient_procedures_reporting_proxy,not_yet_filtered_by_sigtap
260390,11,11,0,0,0,0.0,0.0,0,18644.0,0.0,0.0,,all_outpatient_procedures_reporting_proxy,not_yet_filtered_by_sigtap
260392,7,3,0,0,0,0.0,0.0,0,12239.0,0.0,0.0,,all_outpatient_procedures_reporting_proxy,not_yet_filtered_by_sigtap
260400,28,26,0,0,0,0.0,0.0,0,79293.0,0.0,0.0,,all_outpatient_procedures_reporting_proxy,not_yet_filtered_by_sigtap
260410,76,74,2,2,4519,12876.0,184297.5399999999,6,378048.0,2.7027027027027026,34.05916708989334,6438.0,all_outpatient_procedures_reporting_proxy,not_yet_filtered_by_sigtap
260415,8,8,1,1,82,82.0,18450.0,1,12967.0,12.5,6.323744890876841,82.0,all_outpatient_procedures_reporting_proxy,not_yet_filtered_by_sigtap
260420,16,16,11,11,219,275.0,83.0,16,32156.0,68.75,8.552058713770368,25.0,all_outpatient_procedures_reporting_proxy,not_yet_filtered_by_sigtap
260430,6,6,0,0,0,0.0,0.0,0,10518.0,0.0,0.0,,all_outpatient_procedures_reporting_proxy,not_yet_filtered_by_sigtap
260440,8,8,1,1,89,89.0,20025.0,3,12984.0,12.5,6.854590264941466,89.0,all_outpatient_procedures_reporting_proxy,not_yet_filtered_by_sigtap
260450,9,9,0,0,0,0.0,0.0,0,20546.0,0.0,0.0,,all_outpatient_procedures_reporting_proxy,not_yet_filtered_by_sigtap
260460,15,13,0,0,0,0.0,0.0,0,24587.0,0.0,0.0,,all_outpatient_procedures_reporting_proxy,not_yet_filtered_by_sigtap
260470,11,11,0,0,0,0.0,0.0,0,17131.0,0.0,0.0,,all_outpatient_procedures_reporting_proxy,not_yet_filtered_by_sigtap
260480,8,7,3,3,1858,1870.0,37525.860000000044,9,10198.0,42.857142857142854,183.36928809570506,623.3333333333334,all_outpatient_procedures_reporting_proxy,not_yet_filtered_by_sigtap
260490,12,9,0,0,0,0.0,0.0,0,15920.0,0.0,0.0,,all_outpatient_procedures_reporting_proxy,not_yet_filtered_by_sigtap
260500,10,10,0,0,0,0.0,0.0,0,23518.0,0.0,0.0,,all_outpatient_procedures_reporting_proxy,not_yet_filtered_by_sigtap
260510,20,17,0,0,0,0.0,0.0,0,37699.0,0.0,0.0,,all_outpatient_procedures_reporting_proxy,not_yet_filtered_by_sigtap
260515,8,8,8,8,218,694.0,597.0,24,17188.0,100.0,40.377007214335585,86.75,all_outpatient_procedures_reporting_proxy,not_yet_filtered_by_sigtap
260520,10,7,5,5,9937,10068.0,55220.590000000964,10,59891.0,71.42857142857143,168.10539146115445,2013.6,all_outpatient_procedures_reporting_proxy,not_yet_filtered_by_sigtap
260530,14,14,0,0,0,0.0,0.0,0,31843.0,0.0,0.0,,all_outpatient_procedures_reporting_proxy,not_yet_filtered_by_sigtap
260540,13,13,0,0,0,0.0,0.0,0,21427.0,0.0,0.0,,all_outpatient_procedures_reporting_proxy,not_yet_filtered_by_sigtap
260545,3,3,1,1,458,1394.0,253011.0,3,3167.0,33.33333333333333,440.1641932428165,1394.0,all_outpatient_procedures_reporting_proxy,not_yet_filtered_by_sigtap
260550,6,5,1,1,144,144.0,32400.0,2,15026.0,20.0,9.583388792759218,144.0,all_outpatient_procedures_reporting_proxy,not_yet_filtered_by_sigtap
260560,11,10,0,0,0,0.0,0.0,0,20347.0,0.0,0.0,,all_outpatient_procedures_reporting_proxy,not_yet_filtered_by_sigtap
260570,13,13,1,1,1686,1890.0,62752.17000000039,3,30137.0,7.6923076923076925,62.713607857450974,1890.0,all_outpatient_procedures_reporting_proxy,not_yet_filtered_by_sigtap
260580,11,11,2,2,1499,2726.0,15819.810000000038,4,13636.0,18.181818181818183,199.91199765327076,1363.0,all_outpatient_procedures_reporting_proxy,not_yet_filtered_by_sigtap
260590,4,3,1,1,2008,2032.0,10032.080000000054,3,18214.0,33.33333333333333,111.56253431426376,2032.0,all_outpatient_procedures_reporting_proxy,not_yet_filtered_by_sigtap
260600,50,48,2,2,196,1248.0,2569.699999999999,4,142506.0,4.166666666666666,8.75752599890531,624.0,all_outpatient_procedures_reporting_proxy,not_yet_filtered_by_sigtap
260610,12,11,1,1,279,321.0,298.8,3,29347.0,9.090909090909092,10.938085664633524,321.0,all_outpatient_procedures_reporting_proxy,not_yet_filtered_by_sigtap
260620,31,30,2,2,241,357.0,2361.0,6,81055.0,6.666666666666667,4.404416754055887,178.5,all_outpatient_procedures_reporting_proxy,not_yet_filtered_by_sigtap
260630,6,6,0,0,0,0.0,0.0,0,6967.0,0.0,0.0,,all_outpatient_procedures_reporting_proxy,not_yet_filtered_by_sigtap
260640,24,22,0,0,0,0.0,0.0,0,86516.0,0.0,0.0,,all_outpatient_procedures_reporting_proxy,not_yet_filtered_by_sigtap
260650,14,13,10,10,507,686.0,1641.2,24,17165.0,76.92307692307693,39.96504515001457,68.6,all_outpatient_procedures_reporting_proxy,not_yet_filtered_by_sigtap
260660,13,13,13,13,932,2948.0,9185.150000000001,38,26593.0,100.0,110.85624036400557,226.76923076923077,all_outpatient_procedures_reporting_proxy,not_yet_filtered_by_sigtap
260670,4,4,2,2,152,211.0,10952.1,4,7140.0,50.0,29.551820728291315,105.5,all_outpatient_procedures_reporting_proxy,not_yet_filtered_by_sigtap
260680,39,38,0,0,0,0.0,0.0,0,115196.0,0.0,0.0,,all_outpatient_procedures_reporting_proxy,not_yet_filtered_by_sigtap
260690,5,5,0,0,0,0.0,0.0,0,11081.0,0.0,0.0,,all_outpatient_procedures_reporting_proxy,not_yet_filtered_by_sigtap
260700,9,8,0,0,0,0.0,0.0,0,25603.0,0.0,0.0,,all_outpatient_procedures_reporting_proxy,not_yet_filtered_by_sigtap
260710,3,2,0,0,0,0.0,0.0,0,4765.0,0.0,0.0,,all_outpatient_procedures_reporting_proxy,not_yet_filtered_by_sigtap
260720,31,26,1,1,5,233.0,940.0,1,98932.0,3.8461538461538463,2.3551530344074716,233.0,all_outpatient_procedures_reporting_proxy,not_yet_filtered_by_sigtap
260730,13,13,0,0,0,0.0,0.0,0,29009.0,0.0,0.0,,all_outpatient_procedures_reporting_proxy,not_yet_filtered_by_sigtap
260740,3,3,0,0,0,0.0,0.0,0,4284.0,0.0,0.0,,all_outpatient_procedures_reporting_proxy,not_yet_filtered_by_sigtap
260750,11,11,8,8,150,150.0,49.0,8,32650.0,72.72727272727273,4.594180704441042,18.75,all_outpatient_procedures_reporting_proxy,not_yet_filtered_by_sigtap
260760,13,12,0,0,0,0.0,0.0,0,24540.0,0.0,0.0,,all_outpatient_procedures_reporting_proxy,not_yet_filtered_by_sigtap
260765,17,17,6,6,319,330.0,571.0,12,34935.0,35.294117647058826,9.446114212108201,55.0,all_outpatient_procedures_reporting_proxy,not_yet_filtered_by_sigtap
260770,7,7,0,0,0,0.0,0.0,0,13791.0,0.0,0.0,,all_outpatient_procedures_reporting_proxy,not_yet_filtered_by_sigtap
260775,12,11,1,1,47,129.0,1290.0,1,27749.0,9.090909090909092,4.648816173555804,129.0,all_outpatient_procedures_reporting_proxy,not_yet_filtered_by_sigtap
260780,12,11,1,1,48,48.0,10800.0,1,16554.0,9.090909090909092,2.899601304820587,48.0,all_outpatient_procedures_reporting_proxy,not_yet_filtered_by_sigtap
260790,134,120,4,4,1091,4705.0,1891.8,8,644037.0,3.3333333333333335,7.3054808962839095,1176.25,all_outpatient_procedures_reporting_proxy,not_yet_filtered_by_sigtap
260795,7,7,3,3,626,784.0,19208.000000000025,6,10247.0,42.857142857142854,76.51019810676296,261.3333333333333,all_outpatient_procedures_reporting_proxy,not_yet_filtered_by_sigtap
260800,9,9,6,6,1077,1077.0,9455.400000000007,17,15843.0,66.66666666666666,67.97954932777883,179.5,all_outpatient_procedures_reporting_proxy,not_yet_filtered_by_sigtap
260805,7,7,6,6,298,645.0,291.0,13,14020.0,85.71428571428571,46.005706134094154,107.5,all_outpatient_procedures_reporting_proxy,not_yet_filtered_by_sigtap
260810,15,15,1,1,231,462.0,2568.4000000000024,2,27725.0,6.666666666666667,16.663660955816052,462.0,all_outpatient_procedures_reporting_proxy,not_yet_filtered_by_sigtap
260820,9,7,0,0,0,0.0,0.0,0,13269.0,0.0,0.0,,all_outpatient_procedures_reporting_proxy,not_yet_filtered_by_sigtap
260825,8,7,1,1,102,262.0,22050.0,2,11517.0,14.285714285714285,22.748979769037078,262.0,all_outpatient_procedures_reporting_proxy,not_yet_filtered_by_sigtap
260830,10,10,0,0,0,0.0,0.0,0,15329.0,0.0,0.0,,all_outpatient_procedures_reporting_proxy,not_yet_filtered_by_sigtap
260840,8,7,0,0,0,0.0,0.0,0,13648.0,0.0,0.0,,all_outpatient_procedures_reporting_proxy,not_yet_filtered_by_sigtap
260845,11,9,0,0,0,0.0,0.0,0,17981.0,0.0,0.0,,all_outpatient_procedures_reporting_proxy,not_yet_filtered_by_sigtap
260850,10,10,0,0,0,0.0,0.0,0,19003.0,0.0,0.0,,all_outpatient_procedures_reporting_proxy,not_yet_filtered_by_sigtap
260860,6,6,0,0,0,0.0,0.0,0,11933.0,0.0,0.0,,all_outpatient_procedures_reporting_proxy,not_yet_filtered_by_sigtap
260870,7,7,0,0,0,0.0,0.0,0,14076.0,0.0,0.0,,all_outpatient_procedures_reporting_proxy,not_yet_filtered_by_sigtap
260875,11,11,11,11,2461,4621.0,56559.80000000042,30,24088.0,100.0,191.8382597143806,420.09090909090907,all_outpatient_procedures_reporting_proxy,not_yet_filtered_by_sigtap
260880,17,15,1,1,268,276.0,0.0,3,39582.0,6.666666666666667,6.972866454448992,276.0,all_outpatient_procedures_reporting_proxy,not_yet_filtered_by_sigtap
260890,21,21,1,1,510,799.0,2348.0,3,56510.0,4.761904761904762,14.13909042647319,799.0,all_outpatient_procedures_reporting_proxy,not_yet_filtered_by_sigtap
260900,14,14,0,0,0,0.0,0.0,0,23879.0,0.0,0.0,,all_outpatient_procedures_reporting_proxy,not_yet_filtered_by_sigtap
260910,10,9,0,0,0,0.0,0.0,0,11333.0,0.0,0.0,,all_outpatient_procedures_reporting_proxy,not_yet_filtered_by_sigtap
260915,9,8,7,7,1030,1119.0,780.15,20,23763.0,87.5,47.09001388713546,159.85714285714286,all_outpatient_procedures_reporting_proxy,not_yet_filtered_by_sigtap
260920,5,5,0,0,0,0.0,0.0,0,9359.0,0.0,0.0,,all_outpatient_procedures_reporting_proxy,not_yet_filtered_by_sigtap
260930,8,8,0,0,0,0.0,0.0,0,14166.0,0.0,0.0,,all_outpatient_procedures_reporting_proxy,not_yet_filtered_by_sigtap
260940,17,16,0,0,0,0.0,0.0,0,55292.0,0.0,0.0,,all_outpatient_procedures_reporting_proxy,not_yet_filtered_by_sigtap
260950,17,16,1,1,318,1641.0,13715.190000000011,3,30648.0,6.25,53.54346123727486,1641.0,all_outpatient_procedures_reporting_proxy,not_yet_filtered_by_sigtap
260960,54,45,0,0,0,0.0,0.0,0,349976.0,0.0,0.0,,all_outpatient_procedures_reporting_proxy,not_yet_filtered_by_sigtap
260970,11,11,0,0,0,0.0,0.0,0,21808.0,0.0,0.0,,all_outpatient_procedures_reporting_proxy,not_yet_filtered_by_sigtap
260980,10,8,0,0,0,0.0,0.0,0,13613.0,0.0,0.0,,all_outpatient_procedures_reporting_proxy,not_yet_filtered_by_sigtap
260990,27,24,0,0,0,0.0,0.0,0,65245.0,0.0,0.0,,all_outpatient_procedures_reporting_proxy,not_yet_filtered_by_sigtap
261000,32,28,0,0,0,0.0,0.0,0,54584.0,0.0,0.0,,all_outpatient_procedures_reporting_proxy,not_yet_filtered_by_sigtap
261010,5,5,1,1,114,114.0,25650.0,3,7031.0,20.0,16.213909827904992,114.0,all_outpatient_procedures_reporting_proxy,not_yet_filtered_by_sigtap
261020,16,15,0,0,0,0.0,0.0,0,22991.0,0.0,0.0,,all_outpatient_procedures_reporting_proxy,not_yet_filtered_by_sigtap
261030,7,7,0,0,0,0.0,0.0,0,12199.0,0.0,0.0,,all_outpatient_procedures_reporting_proxy,not_yet_filtered_by_sigtap
261040,15,12,8,8,328,328.0,112.0,16,18612.0,66.66666666666666,17.623038899634643,41.0,all_outpatient_procedures_reporting_proxy,not_yet_filtered_by_sigtap
261050,20,20,2,2,470,1146.0,42754.649999999994,6,28340.0,10.0,40.43754410726888,573.0,all_outpatient_procedures_reporting_proxy,not_yet_filtered_by_sigtap
261060,25,25,1,1,149,149.0,33525.0,2,56665.0,4.0,2.6294891026206653,149.0,all_outpatient_procedures_reporting_proxy,not_yet_filtered_by_sigtap
261070,62,54,0,0,0,0.0,0.0,0,342167.0,0.0,0.0,,all_outpatient_procedures_reporting_proxy,not_yet_filtered_by_sigtap
261080,12,11,8,8,450,454.0,104.0,19,22795.0,72.72727272727273,19.916648387804344,56.75,all_outpatient_procedures_reporting_proxy,not_yet_filtered_by_sigtap
261090,20,20,0,0,0,0.0,0.0,0,62722.0,0.0,0.0,,all_outpatient_procedures_reporting_proxy,not_yet_filtered_by_sigtap
261100,13,13,13,13,420,437.0,123.0,24,34161.0,100.0,12.792365563068998,33.61538461538461,all_outpatient_procedures_reporting_proxy,not_yet_filtered_by_sigtap
261110,62,60,0,0,0,0.0,0.0,0,386791.0,0.0,0.0,,all_outpatient_procedures_reporting_proxy,not_yet_filtered_by_sigtap
261120,6,6,1,1,91,91.0,20475.0,3,10500.0,16.666666666666664,8.666666666666666,91.0,all_outpatient_procedures_reporting_proxy,not_yet_filtered_by_sigtap
261130,15,13,1,1,193,193.0,976.9100000000004,2,27552.0,7.6923076923076925,7.004936120789779,193.0,all_outpatient_procedures_reporting_proxy,not_yet_filtered_by_sigtap
261140,6,6,1,1,22,56.0,560.0,2,13838.0,16.666666666666664,4.046827576239341,56.0,all_outpatient_procedures_reporting_proxy,not_yet_filtered_by_sigtap
261150,15,13,10,10,823,823.0,332.0,23,17928.0,76.92307692307693,45.90584560464078,82.3,all_outpatient_procedures_reporting_proxy,not_yet_filtered_by_sigtap
261153,4,3,3,3,218,218.0,77.0,3,6554.0,100.0,33.26212999694843,72.66666666666667,all_outpatient_procedures_reporting_proxy,not_yet_filtered_by_sigtap
261160,181,168,1,1,956,1924.0,11841.540000000006,3,1488920.0,0.5952380952380952,1.2922118045294575,1924.0,all_outpatient_procedures_reporting_proxy,not_yet_filtered_by_sigtap
261170,9,9,1,1,540,3164.0,42197.16000000002,3,20639.0,11.11111111111111,153.3020010659431,3164.0,all_outpatient_procedures_reporting_proxy,not_yet_filtered_by_sigtap
261180,12,12,0,0,0,0.0,0.0,0,33507.0,0.0,0.0,,all_outpatient_procedures_reporting_proxy,not_yet_filtered_by_sigtap
261190,12,11,0,0,0,0.0,0.0,0,20009.0,0.0,0.0,,all_outpatient_procedures_reporting_proxy,not_yet_filtered_by_sigtap
261200,6,6,0,0,0,0.0,0.0,0,10887.0,0.0,0.0,,all_outpatient_procedures_reporting_proxy,not_yet_filtered_by_sigtap
261210,8,8,0,0,0,0.0,0.0,0,5727.0,0.0,0.0,,all_outpatient_procedures_reporting_proxy,not_yet_filtered_by_sigtap
261220,22,21,1,1,126,307.0,1536.3399999999983,1,62372.0,4.761904761904762,4.9220804207015965,307.0,all_outpatient_procedures_reporting_proxy,not_yet_filtered_by_sigtap
261230,9,9,6,6,428,428.0,200.0,7,13836.0,66.66666666666666,30.933795894767275,71.33333333333333,all_outpatient_procedures_reporting_proxy,not_yet_filtered_by_sigtap
261240,11,10,0,0,0,0.0,0.0,0,18624.0,0.0,0.0,,all_outpatient_procedures_reporting_proxy,not_yet_filtered_by_sigtap
261245,7,6,5,5,177,177.0,36.0,8,13841.0,83.33333333333334,12.788093345856513,35.4,all_outpatient_procedures_reporting_proxy,not_yet_filtered_by_sigtap
261247,6,6,0,0,0,0.0,0.0,0,11567.0,0.0,0.0,,all_outpatient_procedures_reporting_proxy,not_yet_filtered_by_sigtap
261250,27,26,0,0,0,0.0,0.0,0,98254.0,0.0,0.0,,all_outpatient_procedures_reporting_proxy,not_yet_filtered_by_sigtap
261255,8,7,0,0,0,0.0,0.0,0,12106.0,0.0,0.0,,all_outpatient_procedures_reporting_proxy,not_yet_filtered_by_sigtap
261260,17,16,0,0,0,0.0,0.0,0,40578.0,0.0,0.0,,all_outpatient_procedures_reporting_proxy,not_yet_filtered_by_sigtap
261270,8,8,1,1,105,105.0,23625.0,3,14013.0,12.5,7.4930421751231,105.0,all_outpatient_procedures_reporting_proxy,not_yet_filtered_by_sigtap
261280,6,6,4,4,180,180.0,45.0,9,10244.0,66.66666666666666,17.571261226083564,45.0,all_outpatient_procedures_reporting_proxy,not_yet_filtered_by_sigtap
261290,3,3,0,0,0,0.0,0.0,0,13113.0,0.0,0.0,,all_outpatient_procedures_reporting_proxy,not_yet_filtered_by_sigtap
261300,15,14,1,1,2,67.0,345.05,2,49449.0,7.142857142857142,1.3549313434043155,67.0,all_outpatient_procedures_reporting_proxy,not_yet_filtered_by_sigtap
261310,15,15,1,1,814,1655.0,34668.31000000009,1,37126.0,6.666666666666667,44.57792382696763,1655.0,all_outpatient_procedures_reporting_proxy,not_yet_filtered_by_sigtap
261320,15,15,0,0,0,0.0,0.0,0,23837.0,0.0,0.0,,all_outpatient_procedures_reporting_proxy,not_yet_filtered_by_sigtap
261330,12,10,0,0,0,0.0,0.0,0,20037.0,0.0,0.0,,all_outpatient_procedures_reporting_proxy,not_yet_filtered_by_sigtap
261340,11,10,8,8,292,292.0,93.0,12,18825.0,80.0,15.51128818061089,36.5,all_outpatient_procedures_reporting_proxy,not_yet_filtered_by_sigtap
261350,14,13,0,0,0,0.0,0.0,0,34843.0,0.0,0.0,,all_outpatient_procedures_reporting_proxy,not_yet_filtered_by_sigtap
261360,18,17,1,1,37,64.0,427.74,2,31004.0,5.88235294117647,2.064249774222681,64.0,all_outpatient_procedures_reporting_proxy,not_yet_filtered_by_sigtap
261370,40,39,0,0,0,0.0,0.0,0,111249.0,0.0,0.0,,all_outpatient_procedures_reporting_proxy,not_yet_filtered_by_sigtap
261380,10,10,5,5,246,5866.0,113.0,11,16677.0,50.0,351.741920009594,1173.2,all_outpatient_procedures_reporting_proxy,not_yet_filtered_by_sigtap
261390,26,24,0,0,0,0.0,0.0,0,92228.0,0.0,0.0,,all_outpatient_procedures_reporting_proxy,not_yet_filtered_by_sigtap
261400,10,10,0,0,0,0.0,0.0,0,18207.0,0.0,0.0,,all_outpatient_procedures_reporting_proxy,not_yet_filtered_by_sigtap
261410,19,19,1,1,3425,7903.0,66912.15000000042,3,32811.0,5.263157894736842,240.8643442747859,7903.0,all_outpatient_procedures_reporting_proxy,not_yet_filtered_by_sigtap
261420,17,17,0,0,0,0.0,0.0,0,37596.0,0.0,0.0,,all_outpatient_procedures_reporting_proxy,not_yet_filtered_by_sigtap
261430,6,6,0,0,0,0.0,0.0,0,10540.0,0.0,0.0,,all_outpatient_procedures_reporting_proxy,not_yet_filtered_by_sigtap
261440,3,3,3,3,707,707.0,286.0,8,5210.0,100.0,135.70057581573897,235.66666666666666,all_outpatient_procedures_reporting_proxy,not_yet_filtered_by_sigtap
261450,22,22,1,1,455,455.0,102375.0,3,64120.0,4.545454545454546,7.096069868995634,455.0,all_outpatient_procedures_reporting_proxy,not_yet_filtered_by_sigtap
261460,14,14,0,0,0,0.0,0.0,0,27681.0,0.0,0.0,,all_outpatient_procedures_reporting_proxy,not_yet_filtered_by_sigtap
261470,9,7,0,0,0,0.0,0.0,0,13738.0,0.0,0.0,,all_outpatient_procedures_reporting_proxy,not_yet_filtered_by_sigtap
261480,8,7,7,7,170,271.0,0.0,13,23902.0,100.0,11.33796335034725,38.714285714285715,all_outpatient_procedures_reporting_proxy,not_yet_filtered_by_sigtap
261485,12,12,7,7,215,219.0,60.0,10,23561.0,58.333333333333336,9.295021433725225,31.285714285714285,all_outpatient_procedures_reporting_proxy,not_yet_filtered_by_sigtap
261500,11,10,0,0,0,0.0,0.0,0,24736.0,0.0,0.0,,all_outpatient_procedures_reporting_proxy,not_yet_filtered_by_sigtap
261510,7,7,0,0,0,0.0,0.0,0,6513.0,0.0,0.0,,all_outpatient_procedures_reporting_proxy,not_yet_filtered_by_sigtap
261520,5,5,0,0,0,0.0,0.0,0,8920.0,0.0,0.0,,all_outpatient_procedures_reporting_proxy,not_yet_filtered_by_sigtap
261530,33,29,0,0,0,0.0,0.0,0,46147.0,0.0,0.0,,all_outpatient_procedures_reporting_proxy,not_yet_filtered_by_sigtap
261540,12,11,0,0,0,0.0,0.0,0,41137.0,0.0,0.0,,all_outpatient_procedures_reporting_proxy,not_yet_filtered_by_sigtap
261550,9,8,0,0,0,0.0,0.0,0,13867.0,0.0,0.0,,all_outpatient_procedures_reporting_proxy,not_yet_filtered_by_sigtap
261560,13,11,0,0,0,0.0,0.0,0,30321.0,0.0,0.0,,all_outpatient_procedures_reporting_proxy,not_yet_filtered_by_sigtap
261570,7,7,0,0,0,0.0,0.0,0,14705.0,0.0,0.0,,all_outpatient_procedures_reporting_proxy,not_yet_filtered_by_sigtap
261580,14,10,9,9,249,249.0,74.0,17,26937.0,90.0,9.243791068047665,27.666666666666668,all_outpatient_procedures_reporting_proxy,not_yet_filtered_by_sigtap
261590,5,5,0,0,0,0.0,0.0,0,8005.0,0.0,0.0,,all_outpatient_procedures_reporting_proxy,not_yet_filtered_by_sigtap
261600,9,9,0,0,0,0.0,0.0,0,17251.0,0.0,0.0,,all_outpatient_procedures_reporting_proxy,not_yet_filtered_by_sigtap
261610,5,5,0,0,0,0.0,0.0,0,9169.0,0.0,0.0,,all_outpatient_procedures_reporting_proxy,not_yet_filtered_by_sigtap
261618,5,5,1,1,143,280.0,31500.0,3,7558.0,20.0,37.04683778777455,280.0,all_outpatient_procedures_reporting_proxy,not_yet_filtered_by_sigtap
261620,9,9,0,0,0,0.0,0.0,0,21959.0,0.0,0.0,,all_outpatient_procedures_reporting_proxy,not_yet_filtered_by_sigtap
261630,14,14,0,0,0,0.0,0.0,0,26359.0,0.0,0.0,,all_outpatient_procedures_reporting_proxy,not_yet_filtered_by_sigtap
261640,47,42,1,1,158,226.0,882.2,3,134084.0,2.380952380952381,1.6855105754601591,226.0,all_outpatient_procedures_reporting_proxy,not_yet_filtered_by_sigtap
261650,8,7,0,0,0,0.0,0.0,0,11611.0,0.0,0.0,,all_outpatient_procedures_reporting_proxy,not_yet_filtered_by_sigtap
270010,9,8,1,1,2600,5075.0,101214.07,3,19008.0,12.5,266.9928451178451,5075.0,all_outpatient_procedures_reporting_proxy,not_yet_filtered_by_sigtap
270020,8,8,0,0,0,0.0,0.0,0,13966.0,0.0,0.0,,all_outpatient_procedures_reporting_proxy,not_yet_filtered_by_sigtap
270030,47,44,9,9,5089,5583.0,23728.88000000029,18,234696.0,20.454545454545457,23.788219654361388,620.3333333333334,all_outpatient_procedures_reporting_proxy,not_yet_filtered_by_sigtap
270040,19,18,10,10,2259,2292.0,26615.0,23,37512.0,55.55555555555556,61.10044785668586,229.2,all_outpatient_procedures_reporting_proxy,not_yet_filtered_by_sigtap
270050,5,5,5,5,509,8473.0,230.0,10,16365.0,100.0,517.7512985029026,1694.6,all_outpatient_procedures_reporting_proxy,not_yet_filtered_by_sigtap
270060,4,4,3,3,33,83.0,38.0,8,7944.0,75.0,10.448136958710977,27.666666666666668,all_outpatient_procedures_reporting_proxy,not_yet_filtered_by_sigtap
270070,9,7,7,7,21,13380.0,0.0,21,16448.0,100.0,813.4727626459144,1911.4285714285713,all_outpatient_procedures_reporting_proxy,not_yet_filtered_by_sigtap
270080,4,4,1,1,3,140.0,1400.0,1,4722.0,25.0,29.64845404489623,140.0,all_outpatient_procedures_reporting_proxy,not_yet_filtered_by_sigtap
270090,3,3,0,0,0,0.0,0.0,0,5936.0,0.0,0.0,,all_outpatient_procedures_reporting_proxy,not_yet_filtered_by_sigtap
270100,11,11,1,1,138,244.0,0.0,3,21187.0,9.090909090909092,11.516495964506538,244.0,all_outpatient_procedures_reporting_proxy,not_yet_filtered_by_sigtap
270110,6,6,5,5,672,1302.0,9919.8,11,9603.0,83.33333333333334,135.58263042799126,260.4,all_outpatient_procedures_reporting_proxy,not_yet_filtered_by_sigtap
270120,5,5,5,5,310,310.0,23028.0,10,10482.0,100.0,29.57450868154932,62.0,all_outpatient_procedures_reporting_proxy,not_yet_filtered_by_sigtap
270130,9,9,7,7,197,8218.0,0.0,17,16024.0,77.77777777777779,512.855716425362,1174.0,all_outpatient_procedures_reporting_proxy,not_yet_filtered_by_sigtap
270135,3,3,0,0,0,0.0,0.0,0,6665.0,0.0,0.0,,all_outpatient_procedures_reporting_proxy,not_yet_filtered_by_sigtap
270140,18,15,11,11,4824,4824.0,2201.0,33,32106.0,73.33333333333333,150.25228929172118,438.54545454545456,all_outpatient_procedures_reporting_proxy,not_yet_filtered_by_sigtap
270150,8,7,3,3,138,2399.0,585.9000000000005,4,8143.0,42.857142857142854,294.60886651111383,799.6666666666666,all_outpatient_procedures_reporting_proxy,not_yet_filtered_by_sigtap
270160,10,10,1,1,995,13165.0,112661.25999999983,3,15559.0,10.0,846.1340703130021,13165.0,all_outpatient_procedures_reporting_proxy,not_yet_filtered_by_sigtap
270170,8,8,8,8,137,8932.0,30.0,16,15032.0,100.0,594.1990420436402,1116.5,all_outpatient_procedures_reporting_proxy,not_yet_filtered_by_sigtap
270180,6,5,5,5,513,3233.0,182.0,13,8999.0,100.0,359.26214023780415,646.6,all_outpatient_procedures_reporting_proxy,not_yet_filtered_by_sigtap
270190,5,5,5,5,1296,17214.0,64068.16000000009,15,5910.0,100.0,2912.690355329949,3442.8,all_outpatient_procedures_reporting_proxy,not_yet_filtered_by_sigtap
270200,6,6,0,0,0,0.0,0.0,0,10810.0,0.0,0.0,,all_outpatient_procedures_reporting_proxy,not_yet_filtered_by_sigtap
270210,8,8,6,6,1056,1056.0,52302.0,17,15816.0,75.0,66.76783004552351,176.0,all_outpatient_procedures_reporting_proxy,not_yet_filtered_by_sigtap
270220,5,3,3,3,424,637.0,8008.3,8,5581.0,100.0,114.13725138864004,212.33333333333334,all_outpatient_procedures_reporting_proxy,not_yet_filtered_by_sigtap
270230,20,20,0,0,0,0.0,0.0,0,50414.0,0.0,0.0,,all_outpatient_procedures_reporting_proxy,not_yet_filtered_by_sigtap
270235,10,10,10,10,407,408.0,546.87,28,25397.0,100.0,16.064889553884317,40.8,all_outpatient_procedures_reporting_proxy,not_yet_filtered_by_sigtap
270240,16,16,0,0,0,0.0,0.0,0,51318.0,0.0,0.0,,all_outpatient_procedures_reporting_proxy,not_yet_filtered_by_sigtap
270250,6,5,5,5,212,8768.0,9717.0,13,9805.0,100.0,894.2376338602753,1753.6,all_outpatient_procedures_reporting_proxy,not_yet_filtered_by_sigtap
270255,7,7,5,5,3936,11563.0,147336.08000000025,14,15429.0,71.42857142857143,749.4328861235336,2312.6,all_outpatient_procedures_reporting_proxy,not_yet_filtered_by_sigtap
270260,9,9,8,8,624,624.0,7482.0,14,22712.0,88.88888888888889,27.47446283902783,78.0,all_outpatient_procedures_reporting_proxy,not_yet_filtered_by_sigtap
270270,2,2,1,1,1313,3993.0,15219.670000000026,2,3963.0,50.0,1007.5700227100681,3993.0,all_outpatient_procedures_reporting_proxy,not_yet_filtered_by_sigtap
270280,5,5,2,2,72,1112.0,9685.350000000002,4,9618.0,40.0,115.61655229777502,556.0,all_outpatient_procedures_reporting_proxy,not_yet_filtered_by_sigtap
270290,18,18,0,0,0,0.0,0.0,0,36102.0,0.0,0.0,,all_outpatient_procedures_reporting_proxy,not_yet_filtered_by_sigtap
270300,6,6,1,1,114,222.0,24975.0,3,13731.0,16.666666666666664,16.167795499235307,222.0,all_outpatient_procedures_reporting_proxy,not_yet_filtered_by_sigtap
270310,13,12,8,8,659,659.0,277.0,14,23995.0,66.66666666666666,27.464055011460722,82.375,all_outpatient_procedures_reporting_proxy,not_yet_filtered_by_sigtap
270320,10,10,2,2,76,76.0,23.0,5,21372.0,20.0,3.556054650945162,38.0,all_outpatient_procedures_reporting_proxy,not_yet_filtered_by_sigtap
270330,6,6,2,2,19861,22651.0,352042.22000000026,4,15167.0,33.33333333333333,1493.4397046218764,11325.5,all_outpatient_procedures_reporting_proxy,not_yet_filtered_by_sigtap
270340,3,3,3,3,585,759.0,13950.0,7,5083.0,100.0,149.3212669683258,253.0,all_outpatient_procedures_reporting_proxy,not_yet_filtered_by_sigtap
270350,3,3,1,1,254,254.0,1113.8599999999992,2,5352.0,33.33333333333333,47.45889387144993,254.0,all_outpatient_procedures_reporting_proxy,not_yet_filtered_by_sigtap
270360,4,4,4,4,931,8069.0,43807.29000000004,12,9219.0,100.0,875.2576201323354,2017.25,all_outpatient_procedures_reporting_proxy,not_yet_filtered_by_sigtap
270370,3,3,2,2,165,165.0,67.0,3,4985.0,66.66666666666666,33.09929789368105,82.5,all_outpatient_procedures_reporting_proxy,not_yet_filtered_by_sigtap
270375,8,7,2,2,127,2616.0,14921.709999999995,2,9470.0,28.57142857142857,276.2407602956705,1308.0,all_outpatient_procedures_reporting_proxy,not_yet_filtered_by_sigtap
270380,1,1,1,1,145,145.0,52.0,3,17150.0,100.0,8.454810495626823,145.0,all_outpatient_procedures_reporting_proxy,not_yet_filtered_by_sigtap
270390,3,3,0,0,0,0.0,0.0,0,4092.0,0.0,0.0,,all_outpatient_procedures_reporting_proxy,not_yet_filtered_by_sigtap
270400,11,10,1,1,10,10.0,162.12,2,23907.0,10.0,0.4182875308487054,10.0,all_outpatient_procedures_reporting_proxy,not_yet_filtered_by_sigtap
270410,6,6,0,0,0,0.0,0.0,0,18457.0,0.0,0.0,,all_outpatient_procedures_reporting_proxy,not_yet_filtered_by_sigtap
270420,16,13,1,1,456,793.0,4056.7500000000073,2,24740.0,7.6923076923076925,32.053354890865,793.0,all_outpatient_procedures_reporting_proxy,not_yet_filtered_by_sigtap
270430,97,90,3,3,2845,4348.0,34387.30000000004,7,957916.0,3.3333333333333335,4.539020122850021,1449.3333333333333,all_outpatient_procedures_reporting_proxy,not_yet_filtered_by_sigtap
270440,7,7,5,5,225,225.0,22529.0,8,17700.0,71.42857142857143,12.711864406779663,45.0,all_outpatient_procedures_reporting_proxy,not_yet_filtered_by_sigtap
270450,10,10,0,0,0,0.0,0.0,0,32174.0,0.0,0.0,,all_outpatient_procedures_reporting_proxy,not_yet_filtered_by_sigtap
270460,4,4,4,4,16,7475.0,108.45000000000002,12,9534.0,100.0,784.0360813929096,1868.75,all_outpatient_procedures_reporting_proxy,not_yet_filtered_by_sigtap
270470,20,18,16,16,1275,1300.0,378.0,16,60370.0,88.88888888888889,21.533874440947493,81.25,all_outpatient_procedures_reporting_proxy,not_yet_filtered_by_sigtap
270480,6,6,0,0,0,0.0,0.0,0,13679.0,0.0,0.0,,all_outpatient_procedures_reporting_proxy,not_yet_filtered_by_sigtap
270490,2,2,2,2,648,8588.0,25283.68000000003,6,3155.0,100.0,2722.0285261489703,4294.0,all_outpatient_procedures_reporting_proxy,not_yet_filtered_by_sigtap
270500,7,7,4,4,148,154.0,14924.0,4,21844.0,57.14285714285714,7.049990844167735,38.5,all_outpatient_procedures_reporting_proxy,not_yet_filtered_by_sigtap
270510,10,10,0,0,0,0.0,0.0,0,23857.0,0.0,0.0,,all_outpatient_procedures_reporting_proxy,not_yet_filtered_by_sigtap
270520,6,6,5,5,728,728.0,277.0,13,15405.0,83.33333333333334,47.257383966244724,145.6,all_outpatient_procedures_reporting_proxy,not_yet_filtered_by_sigtap
270530,3,3,3,3,598,881.0,34631.60000000001,6,4845.0,100.0,181.83694530443756,293.6666666666667,all_outpatient_procedures_reporting_proxy,not_yet_filtered_by_sigtap
270540,4,4,3,3,94,313.0,17100.0,5,7184.0,75.0,43.569042316258354,104.33333333333333,all_outpatient_procedures_reporting_proxy,not_yet_filtered_by_sigtap
270550,11,10,10,10,891,891.0,20543.0,24,25187.0,100.0,35.37539206733632,89.1,all_outpatient_procedures_reporting_proxy,not_yet_filtered_by_sigtap
270560,6,5,0,0,0,0.0,0.0,0,10020.0,0.0,0.0,,all_outpatient_procedures_reporting_proxy,not_yet_filtered_by_sigtap
270570,9,8,8,8,771,773.0,260.0,20,20695.0,100.0,37.35201739550617,96.625,all_outpatient_procedures_reporting_proxy,not_yet_filtered_by_sigtap
270580,3,3,1,1,53,1741.0,8675.66,2,8349.0,33.33333333333333,208.52796742124804,1741.0,all_outpatient_procedures_reporting_proxy,not_yet_filtered_by_sigtap
270590,3,3,1,1,98,121.0,3326.9500000000016,2,4330.0,33.33333333333333,27.9445727482679,121.0,all_outpatient_procedures_reporting_proxy,not_yet_filtered_by_sigtap
270600,5,5,1,1,258,289.0,13221.000000000013,2,10812.0,20.0,26.729559748427675,289.0,all_outpatient_procedures_reporting_proxy,not_yet_filtered_by_sigtap
270610,5,5,1,1,88,2610.0,12919.5,3,11446.0,20.0,228.02725843089289,2610.0,all_outpatient_procedures_reporting_proxy,not_yet_filtered_by_sigtap
270620,3,3,0,0,0,0.0,0.0,0,4325.0,0.0,0.0,,all_outpatient_procedures_reporting_proxy,not_yet_filtered_by_sigtap
270630,25,24,20,20,1345,1345.0,526.0,27,71574.0,83.33333333333334,18.791740017324727,67.25,all_outpatient_procedures_reporting_proxy,not_yet_filtered_by_sigtap
270640,9,9,4,4,761,797.0,30214.0,8,23823.0,44.44444444444444,33.45506443353062,199.25,all_outpatient_procedures_reporting_proxy,not_yet_filtered_by_sigtap
270642,6,6,1,1,54,125.0,8775.0,2,10573.0,16.666666666666664,11.822566915728743,125.0,all_outpatient_procedures_reporting_proxy,not_yet_filtered_by_sigtap
270644,5,5,3,3,179,179.0,126.0,4,13835.0,60.0,12.938200216841343,59.666666666666664,all_outpatient_procedures_reporting_proxy,not_yet_filtered_by_sigtap
270650,7,7,0,0,0,0.0,0.0,0,13804.0,0.0,0.0,,all_outpatient_procedures_reporting_proxy,not_yet_filtered_by_sigtap
270660,4,4,3,3,255,5131.0,21472.36,9,6576.0,75.0,780.2615571776156,1710.3333333333333,all_outpatient_procedures_reporting_proxy,not_yet_filtered_by_sigtap
270670,22,22,0,0,0,0.0,0.0,0,58650.0,0.0,0.0,,all_outpatient_procedures_reporting_proxy,not_yet_filtered_by_sigtap
270680,8,5,0,0,0,0.0,0.0,0,15908.0,0.0,0.0,,all_outpatient_procedures_reporting_proxy,not_yet_filtered_by_sigtap
270690,13,13,9,9,1376,1793.0,23233.19,23,35370.0,69.23076923076923,50.692677410234666,199.22222222222223,all_outpatient_procedures_reporting_proxy,not_yet_filtered_by_sigtap
270700,1,1,0,0,0,0.0,0.0,0,2731.0,0.0,0.0,,all_outpatient_procedures_reporting_proxy,not_yet_filtered_by_sigtap
270710,7,7,5,5,805,14533.0,74820.99999999999,9,22609.0,71.42857142857143,642.7971161926666,2906.6,all_outpatient_procedures_reporting_proxy,not_yet_filtered_by_sigtap
270720,7,6,1,1,75,75.0,16660.0,2,12518.0,16.666666666666664,5.9913724237098585,75.0,all_outpatient_procedures_reporting_proxy,not_yet_filtered_by_sigtap
270730,11,11,3,3,397,397.0,143.0,7,24071.0,27.27272727272727,16.492875244069626,132.33333333333334,all_outpatient_procedures_reporting_proxy,not_yet_filtered_by_sigtap
270740,4,4,4,4,907,952.0,3139.7900000000072,8,9295.0,100.0,102.42065626681011,238.0,all_outpatient_procedures_reporting_proxy,not_yet_filtered_by_sigtap
270750,9,9,0,0,0,0.0,0.0,0,20082.0,0.0,0.0,,all_outpatient_procedures_reporting_proxy,not_yet_filtered_by_sigtap
270760,7,5,4,4,573,12188.0,1561.540000000001,12,11080.0,80.0,1100.0,3047.0,all_outpatient_procedures_reporting_proxy,not_yet_filtered_by_sigtap
270770,26,26,25,25,6257,53934.0,47077.870000000206,75,93927.0,96.15384615384616,574.2118879555399,2157.36,all_outpatient_procedures_reporting_proxy,not_yet_filtered_by_sigtap
270780,3,3,1,1,214,4407.0,78066.03,3,6474.0,33.33333333333333,680.722891566265,4407.0,all_outpatient_procedures_reporting_proxy,not_yet_filtered_by_sigtap
270790,5,5,5,5,1380,1626.0,30058.91,15,6919.0,100.0,235.0050585344703,325.2,all_outpatient_procedures_reporting_proxy,not_yet_filtered_by_sigtap
270800,19,18,18,18,1253,1280.0,398.0,44,46220.0,100.0,27.693639117265253,71.11111111111111,all_outpatient_procedures_reporting_proxy,not_yet_filtered_by_sigtap
270810,5,5,5,5,651,9259.0,239.0,14,11323.0,100.0,817.7161529629957,1851.8,all_outpatient_procedures_reporting_proxy,not_yet_filtered_by_sigtap
270820,3,3,2,2,6,7840.0,0.0,6,6555.0,66.66666666666666,1196.0335621662853,3920.0,all_outpatient_procedures_reporting_proxy,not_yet_filtered_by_sigtap
270830,11,11,0,0,0,0.0,0.0,0,20813.0,0.0,0.0,,all_outpatient_procedures_reporting_proxy,not_yet_filtered_by_sigtap
270840,14,14,12,12,2433,2433.0,1112.0,27,30604.0,85.71428571428571,79.49941184158934,202.75,all_outpatient_procedures_reporting_proxy,not_yet_filtered_by_sigtap
270850,12,12,5,5,682,9513.0,49113.92000000001,12,30873.0,41.66666666666667,308.13332037702844,1902.6,all_outpatient_procedures_reporting_proxy,not_yet_filtered_by_sigtap
270860,17,13,13,13,2057,3123.0,86040.71999999994,39,51990.0,100.0,60.06924408540104,240.23076923076923,all_outpatient_procedures_reporting_proxy,not_yet_filtered_by_sigtap
270870,4,4,0,0,0,0.0,0.0,0,8482.0,0.0,0.0,,all_outpatient_procedures_reporting_proxy,not_yet_filtered_by_sigtap
270880,18,17,0,0,0,0.0,0.0,0,31786.0,0.0,0.0,,all_outpatient_procedures_reporting_proxy,not_yet_filtered_by_sigtap
270890,8,8,4,4,226,239.0,109.0,6,24278.0,50.0,9.844303484636297,59.75,all_outpatient_procedures_reporting_proxy,not_yet_filtered_by_sigtap
270895,6,5,1,1,539,1852.0,32097.58000000003,2,12303.0,20.0,150.53239047386816,1852.0,all_outpatient_procedures_reporting_proxy,not_yet_filtered_by_sigtap
270900,3,3,0,0,0,0.0,0.0,0,5796.0,0.0,0.0,,all_outpatient_procedures_reporting_proxy,not_yet_filtered_by_sigtap
270910,8,8,6,6,419,525.0,60.0,12,19032.0,75.0,27.585119798234555,87.5,all_outpatient_procedures_reporting_proxy,not_yet_filtered_by_sigtap
270915,23,19,12,12,372,372.0,92.0,20,38053.0,63.1578947368421,9.775838961448507,31.0,all_outpatient_procedures_reporting_proxy,not_yet_filtered_by_sigtap
270920,10,10,10,10,1660,6347.0,12582.0,30,23565.0,100.0,269.3401230638659,634.7,all_outpatient_procedures_reporting_proxy,not_yet_filtered_by_sigtap
270930,25,23,2,2,2768,19005.0,147843.85000000027,6,59280.0,8.695652173913043,320.59716599190284,9502.5,all_outpatient_procedures_reporting_proxy,not_yet_filtered_by_sigtap
270940,13,11,11,11,1917,14642.0,713.0,32,24092.0,100.0,607.7536111572306,1331.090909090909,all_outpatient_procedures_reporting_proxy,not_yet_filtered_by_sigtap
280010,1,1,1,1,86,216.0,15316.0,2,2170.0,100.0,99.53917050691244,216.0,all_outpatient_procedures_reporting_proxy,not_yet_filtered_by_sigtap
280020,8,8,0,0,0,0.0,0.0,0,20131.0,0.0,0.0,,all_outpatient_procedures_reporting_proxy,not_yet_filtered_by_sigtap
280030,47,47,0,0,0,0.0,0.0,0,602757.0,0.0,0.0,,all_outpatient_procedures_reporting_proxy,not_yet_filtered_by_sigtap
280040,5,5,1,1,27,97.0,970.0,2,10318.0,20.0,9.40104671447955,97.0,all_outpatient_procedures_reporting_proxy,not_yet_filtered_by_sigtap
280050,9,9,7,7,7363,7363.0,0.0,7,18081.0,77.77777777777779,407.223051822355,1051.857142857143,all_outpatient_procedures_reporting_proxy,not_yet_filtered_by_sigtap
280060,13,10,1,1,8489,8644.0,43247.88999999982,3,41511.0,10.0,208.23396208233962,8644.0,all_outpatient_procedures_reporting_proxy,not_yet_filtered_by_sigtap
280067,14,14,1,1,173,234.0,4171.149999999994,1,24636.0,7.142857142857142,9.498295177788602,234.0,all_outpatient_procedures_reporting_proxy,not_yet_filtered_by_sigtap
280070,2,2,0,0,0,0.0,0.0,0,7841.0,0.0,0.0,,all_outpatient_procedures_reporting_proxy,not_yet_filtered_by_sigtap
280100,6,6,5,5,2559,26289.0,67149.72999999995,14,18149.0,83.33333333333334,1448.5095597553584,5257.8,all_outpatient_procedures_reporting_proxy,not_yet_filtered_by_sigtap
280110,4,3,1,1,357,357.0,2114.790000000007,2,3791.0,33.33333333333333,94.17040358744394,357.0,all_outpatient_procedures_reporting_proxy,not_yet_filtered_by_sigtap
280120,10,9,0,0,0,0.0,0.0,0,26834.0,0.0,0.0,,all_outpatient_procedures_reporting_proxy,not_yet_filtered_by_sigtap
280130,4,4,3,3,119,527.0,11609.0,5,31645.0,75.0,16.653499762995736,175.66666666666666,all_outpatient_procedures_reporting_proxy,not_yet_filtered_by_sigtap
280140,4,4,1,1,65,277.0,6873.74,2,19939.0,25.0,13.892371733788053,277.0,all_outpatient_procedures_reporting_proxy,not_yet_filtered_by_sigtap
280150,7,6,1,1,599,839.0,24325.15999999986,3,13853.0,16.666666666666664,60.5644986645492,839.0,all_outpatient_procedures_reporting_proxy,not_yet_filtered_by_sigtap
280160,3,3,0,0,0,0.0,0.0,0,5391.0,0.0,0.0,,all_outpatient_procedures_reporting_proxy,not_yet_filtered_by_sigtap
280170,1,1,1,1,52,4185.0,8775.0,3,17100.0,100.0,244.73684210526318,4185.0,all_outpatient_procedures_reporting_proxy,not_yet_filtered_by_sigtap
280190,2,2,0,0,0,0.0,0.0,0,3824.0,0.0,0.0,,all_outpatient_procedures_reporting_proxy,not_yet_filtered_by_sigtap
280200,3,3,0,0,0,0.0,0.0,0,4340.0,0.0,0.0,,all_outpatient_procedures_reporting_proxy,not_yet_filtered_by_sigtap
280210,17,17,14,14,3473,5355.0,24451.98000000001,34,65078.0,82.35294117647058,82.28587233781,382.5,all_outpatient_procedures_reporting_proxy,not_yet_filtered_by_sigtap
280220,2,2,0,0,0,0.0,0.0,0,5975.0,0.0,0.0,,all_outpatient_procedures_reporting_proxy,not_yet_filtered_by_sigtap
280230,8,8,1,1,23,23.0,5175.0,1,14530.0,12.5,1.582931865106676,23.0,all_outpatient_procedures_reporting_proxy,not_yet_filtered_by_sigtap
280240,7,5,0,0,0,0.0,0.0,0,11096.0,0.0,0.0,,all_outpatient_procedures_reporting_proxy,not_yet_filtered_by_sigtap
280250,2,2,2,2,11202,13312.0,10790.490000000025,6,3037.0,100.0,4383.272966743497,6656.0,all_outpatient_procedures_reporting_proxy,not_yet_filtered_by_sigtap
280260,2,2,0,0,0,0.0,0.0,0,5834.0,0.0,0.0,,all_outpatient_procedures_reporting_proxy,not_yet_filtered_by_sigtap
280270,3,3,1,1,94,4165.0,11057.38,3,8321.0,33.33333333333333,500.54080038456914,4165.0,all_outpatient_procedures_reporting_proxy,not_yet_filtered_by_sigtap
280280,6,6,5,5,1416,8495.0,24027.79000000001,11,16549.0,83.33333333333334,513.3240679195118,1699.0,all_outpatient_procedures_reporting_proxy,not_yet_filtered_by_sigtap
280290,25,24,2,2,315,656.0,4970.0,2,103440.0,8.333333333333332,6.34184068058778,328.0,all_outpatient_procedures_reporting_proxy,not_yet_filtered_by_sigtap
280300,15,14,2,2,2015,2248.0,18509.370000000035,6,40678.0,14.285714285714285,55.26328728059393,1124.0,all_outpatient_procedures_reporting_proxy,not_yet_filtered_by_sigtap
280320,15,14,1,1,51,51.0,11475.0,1,34411.0,7.142857142857142,1.4820842172561102,51.0,all_outpatient_procedures_reporting_proxy,not_yet_filtered_by_sigtap
280330,9,9,1,1,664,9901.0,48392.39000000003,3,16209.0,11.11111111111111,610.8334875686347,9901.0,all_outpatient_procedures_reporting_proxy,not_yet_filtered_by_sigtap
280340,12,12,2,2,51,419.0,8886.0,6,13407.0,16.666666666666664,31.25233087193257,209.5,all_outpatient_procedures_reporting_proxy,not_yet_filtered_by_sigtap
280350,28,21,0,0,0,0.0,0.0,0,101579.0,0.0,0.0,,all_outpatient_procedures_reporting_proxy,not_yet_filtered_by_sigtap
280360,9,9,0,0,0,0.0,0.0,0,23975.0,0.0,0.0,,all_outpatient_procedures_reporting_proxy,not_yet_filtered_by_sigtap
280370,3,3,3,3,692,2810.0,30158.4,9,6838.0,100.0,410.9388710149167,936.6666666666666,all_outpatient_procedures_reporting_proxy,not_yet_filtered_by_sigtap
280380,2,2,0,0,0,0.0,0.0,0,3579.0,0.0,0.0,,all_outpatient_procedures_reporting_proxy,not_yet_filtered_by_sigtap
280390,3,3,3,3,426,464.0,18805.450000000008,5,11533.0,100.0,40.23237665828492,154.66666666666666,all_outpatient_procedures_reporting_proxy,not_yet_filtered_by_sigtap
280400,6,6,1,1,161,161.0,36225.0,2,15719.0,16.666666666666664,10.242381830905273,161.0,all_outpatient_procedures_reporting_proxy,not_yet_filtered_by_sigtap
280410,3,3,1,1,63,2229.0,17744.88,3,11050.0,33.33333333333333,201.71945701357467,2229.0,all_outpatient_procedures_reporting_proxy,not_yet_filtered_by_sigtap
280420,5,5,3,3,263,12425.0,0.0,8,14336.0,60.0,866.69921875,4141.666666666667,all_outpatient_procedures_reporting_proxy,not_yet_filtered_by_sigtap
280430,7,7,1,1,44,44.0,9900.0,1,7822.0,14.285714285714285,5.625159805676297,44.0,all_outpatient_procedures_reporting_proxy,not_yet_filtered_by_sigtap
280440,9,8,2,2,2745,7556.0,11025.07000000021,6,16426.0,25.0,460.00243516376474,3778.0,all_outpatient_procedures_reporting_proxy,not_yet_filtered_by_sigtap
280445,4,4,0,0,0,0.0,0.0,0,9232.0,0.0,0.0,,all_outpatient_procedures_reporting_proxy,not_yet_filtered_by_sigtap
280450,16,10,1,1,81,81.0,18225.0,1,41212.0,10.0,1.9654469571969329,81.0,all_outpatient_procedures_reporting_proxy,not_yet_filtered_by_sigtap
280460,10,10,1,1,119,120.0,16425.0,2,24996.0,10.0,4.800768122899664,120.0,all_outpatient_procedures_reporting_proxy,not_yet_filtered_by_sigtap
280470,3,2,1,1,166,166.0,1660.0,3,6268.0,50.0,26.48372686662412,166.0,all_outpatient_procedures_reporting_proxy,not_yet_filtered_by_sigtap
280480,43,28,1,1,170,855.0,4148.469999999999,3,192330.0,3.571428571428571,4.4454843238184365,855.0,all_outpatient_procedures_reporting_proxy,not_yet_filtered_by_sigtap
280490,8,8,1,1,6200,6598.0,95117.5099999999,3,12502.0,12.5,527.7555591105423,6598.0,all_outpatient_procedures_reporting_proxy,not_yet_filtered_by_sigtap
280500,4,4,1,1,115,451.0,17283.75,3,2778.0,25.0,162.34701223902087,451.0,all_outpatient_procedures_reporting_proxy,not_yet_filtered_by_sigtap
280510,4,3,1,1,2054,3056.0,21390.0,3,7396.0,33.33333333333333,413.196322336398,3056.0,all_outpatient_procedures_reporting_proxy,not_yet_filtered_by_sigtap
280520,3,3,1,1,902,902.0,24213.619999999984,3,5677.0,33.33333333333333,158.88673595208738,902.0,all_outpatient_procedures_reporting_proxy,not_yet_filtered_by_sigtap
280530,3,3,1,1,100,1196.0,0.0,1,7913.0,33.33333333333333,151.14368760267914,1196.0,all_outpatient_procedures_reporting_proxy,not_yet_filtered_by_sigtap
280540,11,11,8,8,460,460.0,28696.95,18,33439.0,72.72727272727273,13.756392236609946,57.5,all_outpatient_procedures_reporting_proxy,not_yet_filtered_by_sigtap
280550,8,6,1,1,70,349.0,9980.64,3,21794.0,16.666666666666664,16.013581719739378,349.0,all_outpatient_procedures_reporting_proxy,not_yet_filtered_by_sigtap
280560,2,2,2,2,7993,10911.0,46184.16999999955,4,26576.0,100.0,410.5583985550873,5455.5,all_outpatient_procedures_reporting_proxy,not_yet_filtered_by_sigtap
280570,9,8,2,2,1533,1679.0,33467.0,6,26618.0,25.0,63.07761665038696,839.5,all_outpatient_procedures_reporting_proxy,not_yet_filtered_by_sigtap
280580,5,5,1,1,247,850.0,10731.970000000012,1,18313.0,20.0,46.41511494566701,850.0,all_outpatient_procedures_reporting_proxy,not_yet_filtered_by_sigtap
280590,6,6,0,0,0,0.0,0.0,0,8748.0,0.0,0.0,,all_outpatient_procedures_reporting_proxy,not_yet_filtered_by_sigtap
280600,1,1,0,0,0,0.0,0.0,0,17033.0,0.0,0.0,,all_outpatient_procedures_reporting_proxy,not_yet_filtered_by_sigtap
280610,4,4,0,0,0,0.0,0.0,0,9295.0,0.0,0.0,,all_outpatient_procedures_reporting_proxy,not_yet_filtered_by_sigtap
280620,11,9,3,3,4034,5325.0,23002.2,8,20279.0,33.33333333333333,262.58691256965335,1775.0,all_outpatient_procedures_reporting_proxy,not_yet_filtered_by_sigtap
280630,8,8,1,1,39,269.0,9299.95,3,13616.0,12.5,19.756169212690953,269.0,all_outpatient_procedures_reporting_proxy,not_yet_filtered_by_sigtap
280640,4,4,2,2,189,456.0,11230.539999999999,6,7346.0,50.0,62.07459842090934,228.0,all_outpatient_procedures_reporting_proxy,not_yet_filtered_by_sigtap
280650,2,2,0,0,0,0.0,0.0,0,3937.0,0.0,0.0,,all_outpatient_procedures_reporting_proxy,not_yet_filtered_by_sigtap
280660,1,1,1,1,934,1270.0,9465.45,3,11092.0,100.0,114.4969347277317,1270.0,all_outpatient_procedures_reporting_proxy,not_yet_filtered_by_sigtap
280670,22,22,1,1,588,588.0,8395.609999999959,2,95612.0,4.545454545454546,6.149855666652722,588.0,all_outpatient_procedures_reporting_proxy,not_yet_filtered_by_sigtap
280680,2,2,1,1,798,3285.0,38651.79000000002,3,10327.0,50.0,318.0981892127433,3285.0,all_outpatient_procedures_reporting_proxy,not_yet_filtered_by_sigtap
280690,2,2,0,0,0,0.0,0.0,0,3243.0,0.0,0.0,,all_outpatient_procedures_reporting_proxy,not_yet_filtered_by_sigtap
280700,2,2,1,1,327,2387.0,14568.599999999997,2,3434.0,50.0,695.1077460687245,2387.0,all_outpatient_procedures_reporting_proxy,not_yet_filtered_by_sigtap
280710,20,16,1,1,157,559.0,33975.0,2,42578.0,6.25,13.128845882850298,559.0,all_outpatient_procedures_reporting_proxy,not_yet_filtered_by_sigtap
280720,3,3,1,1,93,93.0,10125.0,1,7834.0,33.33333333333333,11.871330099565993,93.0,all_outpatient_procedures_reporting_proxy,not_yet_filtered_by_sigtap
280730,2,2,1,1,147,147.0,787.03,2,3274.0,50.0,44.899205864386076,147.0,all_outpatient_procedures_reporting_proxy,not_yet_filtered_by_sigtap
280740,18,13,4,4,23196,32043.0,240467.0400000014,12,50905.0,30.76923076923077,629.4666535703763,8010.75,all_outpatient_procedures_reporting_proxy,not_yet_filtered_by_sigtap
280750,4,4,0,0,0,0.0,0.0,0,12012.0,0.0,0.0,,all_outpatient_procedures_reporting_proxy,not_yet_filtered_by_sigtap
280760,6,6,1,1,12,1105.0,8423.0,2,23917.0,16.666666666666664,46.201446669732825,1105.0,all_outpatient_procedures_reporting_proxy,not_yet_filtered_by_sigtap
290010,5,5,1,1,66,240.0,13500.0,3,7301.0,20.0,32.872209286399126,240.0,all_outpatient_procedures_reporting_proxy,not_yet_filtered_by_sigtap
290020,8,7,1,1,240,7403.0,51828.29999999999,3,17639.0,14.285714285714285,419.6949940472816,7403.0,all_outpatient_procedures_reporting_proxy,not_yet_filtered_by_sigtap
290030,7,7,0,0,0,0.0,0.0,0,13795.0,0.0,0.0,,all_outpatient_procedures_reporting_proxy,not_yet_filtered_by_sigtap
290035,7,7,0,0,0,0.0,0.0,0,14201.0,0.0,0.0,,all_outpatient_procedures_reporting_proxy,not_yet_filtered_by_sigtap
290040,9,9,0,0,0,0.0,0.0,0,14497.0,0.0,0.0,,all_outpatient_procedures_reporting_proxy,not_yet_filtered_by_sigtap
290050,8,5,1,1,14,14.0,3150.0,2,10604.0,20.0,1.3202565069784986,14.0,all_outpatient_procedures_reporting_proxy,not_yet_filtered_by_sigtap
290060,2,2,0,0,0,0.0,0.0,0,4447.0,0.0,0.0,,all_outpatient_procedures_reporting_proxy,not_yet_filtered_by_sigtap
290070,41,39,0,0,0,0.0,0.0,0,151055.0,0.0,0.0,,all_outpatient_procedures_reporting_proxy,not_yet_filtered_by_sigtap
290080,11,10,0,0,0,0.0,0.0,0,24530.0,0.0,0.0,,all_outpatient_procedures_reporting_proxy,not_yet_filtered_by_sigtap
290090,3,3,3,3,61,61.0,695.0,3,5218.0,100.0,11.6903027980069,20.333333333333332,all_outpatient_procedures_reporting_proxy,not_yet_filtered_by_sigtap
290100,11,11,0,0,0,0.0,0.0,0,36521.0,0.0,0.0,,all_outpatient_procedures_reporting_proxy,not_yet_filtered_by_sigtap
290110,12,7,1,1,251,348.0,4500.0,3,24138.0,14.285714285714285,14.417101665423813,348.0,all_outpatient_procedures_reporting_proxy,not_yet_filtered_by_sigtap
290115,14,10,6,6,14,27.0,0.0,9,15137.0,60.0,1.7837087930237168,4.5,all_outpatient_procedures_reporting_proxy,not_yet_filtered_by_sigtap
290120,10,9,0,0,0,0.0,0.0,0,25438.0,0.0,0.0,,all_outpatient_procedures_reporting_proxy,not_yet_filtered_by_sigtap
290130,5,5,1,1,36,93.0,692.73,1,13080.0,20.0,7.110091743119266,93.0,all_outpatient_procedures_reporting_proxy,not_yet_filtered_by_sigtap
290135,7,7,1,1,148,148.0,33300.0,3,15012.0,14.285714285714285,9.858779642952305,148.0,all_outpatient_procedures_reporting_proxy,not_yet_filtered_by_sigtap
290140,5,5,0,0,0,0.0,0.0,0,13732.0,0.0,0.0,,all_outpatient_procedures_reporting_proxy,not_yet_filtered_by_sigtap
290150,7,6,0,0,0,0.0,0.0,0,11031.0,0.0,0.0,,all_outpatient_procedures_reporting_proxy,not_yet_filtered_by_sigtap
290160,2,2,0,0,0,0.0,0.0,0,14206.0,0.0,0.0,,all_outpatient_procedures_reporting_proxy,not_yet_filtered_by_sigtap
290170,5,5,1,1,77,213.0,15975.0,3,11146.0,20.0,19.109994616902927,213.0,all_outpatient_procedures_reporting_proxy,not_yet_filtered_by_sigtap
290180,6,5,0,0,0,0.0,0.0,0,10862.0,0.0,0.0,,all_outpatient_procedures_reporting_proxy,not_yet_filtered_by_sigtap
290190,7,7,1,1,24,66.0,4950.0,1,15922.0,14.285714285714285,4.145207888456224,66.0,all_outpatient_procedures_reporting_proxy,not_yet_filtered_by_sigtap
290195,6,6,1,1,14,1370.0,0.0,2,6913.0,16.666666666666664,198.1773470273398,1370.0,all_outpatient_procedures_reporting_proxy,not_yet_filtered_by_sigtap
290200,7,6,1,1,131,131.0,29475.0,3,13936.0,16.666666666666664,9.400114810562572,131.0,all_outpatient_procedures_reporting_proxy,not_yet_filtered_by_sigtap
290205,4,4,0,0,0,0.0,0.0,0,11557.0,0.0,0.0,,all_outpatient_procedures_reporting_proxy,not_yet_filtered_by_sigtap
290210,25,24,16,16,1179,35682.0,89644.89999999994,46,48294.0,66.66666666666666,738.849546527519,2230.125,all_outpatient_procedures_reporting_proxy,not_yet_filtered_by_sigtap
290220,4,4,2,2,79,970.0,4953.0,3,9833.0,50.0,98.6474117766704,485.0,all_outpatient_procedures_reporting_proxy,not_yet_filtered_by_sigtap
290225,5,5,1,1,26,26.0,5850.0,1,10191.0,20.0,2.551270729074674,26.0,all_outpatient_procedures_reporting_proxy,not_yet_filtered_by_sigtap
290230,4,4,1,1,44,50.0,9450.0,1,8677.0,25.0,5.762360262763628,50.0,all_outpatient_procedures_reporting_proxy,not_yet_filtered_by_sigtap
290240,8,8,1,1,29,32.0,5850.0,3,11179.0,12.5,2.8625100635119423,32.0,all_outpatient_procedures_reporting_proxy,not_yet_filtered_by_sigtap
290250,6,6,1,1,482,1352.0,49422.600000000006,3,13614.0,16.666666666666664,99.30953430292345,1352.0,all_outpatient_procedures_reporting_proxy,not_yet_filtered_by_sigtap
290260,6,6,1,1,142,203.0,15300.0,3,18220.0,16.666666666666664,11.141602634467617,203.0,all_outpatient_procedures_reporting_proxy,not_yet_filtered_by_sigtap
290265,7,7,1,1,20,20.0,10500.0,1,11958.0,14.285714285714285,1.6725204883759828,20.0,all_outpatient_procedures_reporting_proxy,not_yet_filtered_by_sigtap
290270,2,2,0,0,0,0.0,0.0,0,51092.0,0.0,0.0,,all_outpatient_procedures_reporting_proxy,not_yet_filtered_by_sigtap
290280,9,9,1,1,326,326.0,73350.0,2,26026.0,11.11111111111111,12.525935602858679,326.0,all_outpatient_procedures_reporting_proxy,not_yet_filtered_by_sigtap
290290,11,11,0,0,0,0.0,0.0,0,36539.0,0.0,0.0,,all_outpatient_procedures_reporting_proxy,not_yet_filtered_by_sigtap
290300,6,6,0,0,0,0.0,0.0,0,13836.0,0.0,0.0,,all_outpatient_procedures_reporting_proxy,not_yet_filtered_by_sigtap
290310,3,3,1,1,278,9224.0,44993.36,3,5775.0,33.33333333333333,1597.2294372294373,9224.0,all_outpatient_procedures_reporting_proxy,not_yet_filtered_by_sigtap
290320,53,40,0,0,0,0.0,0.0,0,159734.0,0.0,0.0,,all_outpatient_procedures_reporting_proxy,not_yet_filtered_by_sigtap
290323,6,6,0,0,0,0.0,0.0,0,13453.0,0.0,0.0,,all_outpatient_procedures_reporting_proxy,not_yet_filtered_by_sigtap
290327,9,9,6,6,1327,37144.0,105739.21000000022,18,15203.0,66.66666666666666,2443.201999605341,6190.666666666667,all_outpatient_procedures_reporting_proxy,not_yet_filtered_by_sigtap
290330,5,4,4,4,2858,6340.0,38589.85999999994,8,5833.0,100.0,1086.919252528716,1585.0,all_outpatient_procedures_reporting_proxy,not_yet_filtered_by_sigtap
290340,11,10,1,1,35,114.0,14400.0,1,20121.0,10.0,5.6657223796034,114.0,all_outpatient_procedures_reporting_proxy,not_yet_filtered_by_sigtap
290350,6,6,1,1,168,486.0,36450.0,3,18412.0,16.666666666666664,26.395828807299587,486.0,all_outpatient_procedures_reporting_proxy,not_yet_filtered_by_sigtap
290360,8,8,1,1,3,7621.0,0.0,3,15146.0,12.5,503.16915357190015,7621.0,all_outpatient_procedures_reporting_proxy,not_yet_filtered_by_sigtap
290370,9,7,0,0,0,0.0,0.0,0,13690.0,0.0,0.0,,all_outpatient_procedures_reporting_proxy,not_yet_filtered_by_sigtap
290380,10,10,0,0,0,0.0,0.0,0,16873.0,0.0,0.0,,all_outpatient_procedures_reporting_proxy,not_yet_filtered_by_sigtap
290390,26,26,0,0,0,0.0,0.0,0,65550.0,0.0,0.0,,all_outpatient_procedures_reporting_proxy,not_yet_filtered_by_sigtap
290395,5,4,1,1,57,165.0,12375.0,1,9730.0,25.0,16.95786228160329,165.0,all_outpatient_procedures_reporting_proxy,not_yet_filtered_by_sigtap
290400,6,6,0,0,0,0.0,0.0,0,13622.0,0.0,0.0,,all_outpatient_procedures_reporting_proxy,not_yet_filtered_by_sigtap
290405,8,8,0,0,0,0.0,0.0,0,15844.0,0.0,0.0,,all_outpatient_procedures_reporting_proxy,not_yet_filtered_by_sigtap
290410,9,9,0,0,0,0.0,0.0,0,19322.0,0.0,0.0,,all_outpatient_procedures_reporting_proxy,not_yet_filtered_by_sigtap
290420,9,9,1,1,98,317.0,20025.0,3,11024.0,11.11111111111111,28.75544267053701,317.0,all_outpatient_procedures_reporting_proxy,not_yet_filtered_by_sigtap
290430,7,7,0,0,0,0.0,0.0,0,12943.0,0.0,0.0,,all_outpatient_procedures_reporting_proxy,not_yet_filtered_by_sigtap
290440,5,5,1,1,54,171.0,10800.0,2,9108.0,20.0,18.774703557312254,171.0,all_outpatient_procedures_reporting_proxy,not_yet_filtered_by_sigtap
290450,5,5,2,2,892,1066.0,24254.460000000032,6,11765.0,40.0,90.60773480662982,533.0,all_outpatient_procedures_reporting_proxy,not_yet_filtered_by_sigtap
290460,18,18,0,0,0,0.0,0.0,0,70510.0,0.0,0.0,,all_outpatient_procedures_reporting_proxy,not_yet_filtered_by_sigtap
290470,9,9,1,1,95,305.0,19350.0,3,14804.0,11.11111111111111,20.60253985409349,305.0,all_outpatient_procedures_reporting_proxy,not_yet_filtered_by_sigtap
290475,6,5,1,1,102,102.0,22950.0,3,19589.0,20.0,5.207003930777477,102.0,all_outpatient_procedures_reporting_proxy,not_yet_filtered_by_sigtap
290480,5,3,1,1,83,231.0,17325.0,3,6205.0,33.33333333333333,37.22804190169218,231.0,all_outpatient_procedures_reporting_proxy,not_yet_filtered_by_sigtap
290485,10,10,0,0,0,0.0,0.0,0,16559.0,0.0,0.0,,all_outpatient_procedures_reporting_proxy,not_yet_filtered_by_sigtap
290490,13,13,0,0,0,0.0,0.0,0,29250.0,0.0,0.0,,all_outpatient_procedures_reporting_proxy,not_yet_filtered_by_sigtap
290500,9,9,1,1,49,3555.0,9498.73,2,22462.0,11.11111111111111,158.26729587748198,3555.0,all_outpatient_procedures_reporting_proxy,not_yet_filtered_by_sigtap
290510,2,1,1,1,140,286.0,29484.28,3,10384.0,100.0,27.54237288135593,286.0,all_outpatient_procedures_reporting_proxy,not_yet_filtered_by_sigtap
290515,9,8,2,2,417,6287.0,69298.11999999991,4,11266.0,25.0,558.0507722350435,3143.5,all_outpatient_procedures_reporting_proxy,not_yet_filtered_by_sigtap
290520,15,14,1,1,512,1086.0,12994.549999999988,3,52012.0,7.142857142857142,20.879796969930016,1086.0,all_outpatient_procedures_reporting_proxy,not_yet_filtered_by_sigtap
290530,12,11,1,1,1116,1556.0,108612.6199999995,2,17466.0,9.090909090909092,89.0873697469369,1556.0,all_outpatient_procedures_reporting_proxy,not_yet_filtered_by_sigtap
290540,9,9,0,0,0,0.0,0.0,0,17761.0,0.0,0.0,,all_outpatient_procedures_reporting_proxy,not_yet_filtered_by_sigtap
290550,5,5,1,1,20,20.0,4500.0,1,13080.0,20.0,1.529051987767584,20.0,all_outpatient_procedures_reporting_proxy,not_yet_filtered_by_sigtap
290560,14,12,0,0,0,0.0,0.0,0,22579.0,0.0,0.0,,all_outpatient_procedures_reporting_proxy,not_yet_filtered_by_sigtap
290570,45,42,0,0,0,0.0,0.0,0,300372.0,0.0,0.0,,all_outpatient_procedures_reporting_proxy,not_yet_filtered_by_sigtap
290580,19,19,0,0,0,0.0,0.0,0,30469.0,0.0,0.0,,all_outpatient_procedures_reporting_proxy,not_yet_filtered_by_sigtap
290590,10,9,0,0,0,0.0,0.0,0,30671.0,0.0,0.0,,all_outpatient_procedures_reporting_proxy,not_yet_filtered_by_sigtap
290600,8,6,2,2,1930,3623.0,376558.05999999994,5,71377.0,33.33333333333333,50.75864774367093,1811.5,all_outpatient_procedures_reporting_proxy,not_yet_filtered_by_sigtap
290610,5,4,1,1,32,403.0,3148.209999999999,1,10225.0,25.0,39.413202933985325,403.0,all_outpatient_procedures_reporting_proxy,not_yet_filtered_by_sigtap
290620,16,14,1,1,2562,2900.0,247880.30999999944,3,24206.0,7.142857142857142,119.80500702305214,2900.0,all_outpatient_procedures_reporting_proxy,not_yet_filtered_by_sigtap
290630,12,11,10,10,406,25476.0,4049.829999999998,23,32683.0,90.9090909090909,779.4878071168497,2547.6,all_outpatient_procedures_reporting_proxy,not_yet_filtered_by_sigtap
290640,4,4,0,0,0,0.0,0.0,0,7772.0,0.0,0.0,,all_outpatient_procedures_reporting_proxy,not_yet_filtered_by_sigtap
290650,30,23,0,0,0,0.0,0.0,0,72382.0,0.0,0.0,,all_outpatient_procedures_reporting_proxy,not_yet_filtered_by_sigtap
290660,7,6,0,0,0,0.0,0.0,0,13016.0,0.0,0.0,,all_outpatient_procedures_reporting_proxy,not_yet_filtered_by_sigtap
290670,11,10,0,0,0,0.0,0.0,0,25247.0,0.0,0.0,,all_outpatient_procedures_reporting_proxy,not_yet_filtered_by_sigtap
290680,16,14,2,2,949,16176.0,120963.45000000024,5,37439.0,14.285714285714285,432.06282219076365,8088.0,all_outpatient_procedures_reporting_proxy,not_yet_filtered_by_sigtap
290682,7,7,2,2,1367,27323.0,330795.5999999996,6,16105.0,28.57142857142857,1696.5538652592363,13661.5,all_outpatient_procedures_reporting_proxy,not_yet_filtered_by_sigtap
290685,6,6,1,1,656,666.0,3323.579999999999,2,10744.0,16.666666666666664,61.988086373790026,666.0,all_outpatient_procedures_reporting_proxy,not_yet_filtered_by_sigtap
290687,8,8,0,0,0,0.0,0.0,0,33235.0,0.0,0.0,,all_outpatient_procedures_reporting_proxy,not_yet_filtered_by_sigtap
290689,6,5,2,2,17,2384.0,1232.3799999999999,2,9940.0,40.0,239.8390342052314,1192.0,all_outpatient_procedures_reporting_proxy,not_yet_filtered_by_sigtap
290690,10,9,6,6,82,222.0,15818.34,7,20580.0,66.66666666666666,10.787172011661808,37.0,all_outpatient_procedures_reporting_proxy,not_yet_filtered_by_sigtap
290700,4,4,0,0,0,0.0,0.0,0,8365.0,0.0,0.0,,all_outpatient_procedures_reporting_proxy,not_yet_filtered_by_sigtap
290710,10,10,1,1,64,148.0,13050.0,2,28869.0,10.0,5.126606394402301,148.0,all_outpatient_procedures_reporting_proxy,not_yet_filtered_by_sigtap
290720,19,18,1,1,3659,22033.0,537614.7399999967,2,72086.0,5.555555555555555,305.6488083677829,22033.0,all_outpatient_procedures_reporting_proxy,not_yet_filtered_by_sigtap
290730,12,12,2,2,620,625.0,231725.78,5,24712.0,16.666666666666664,25.291356426027843,312.5,all_outpatient_procedures_reporting_proxy,not_yet_filtered_by_sigtap
290740,2,2,0,0,0,0.0,0.0,0,3434.0,0.0,0.0,,all_outpatient_procedures_reporting_proxy,not_yet_filtered_by_sigtap
290750,16,15,0,0,0,0.0,0.0,0,48148.0,0.0,0.0,,all_outpatient_procedures_reporting_proxy,not_yet_filtered_by_sigtap
290755,4,4,1,1,116,10428.0,34320.39,3,8841.0,25.0,1179.504580929759,10428.0,all_outpatient_procedures_reporting_proxy,not_yet_filtered_by_sigtap
290760,9,6,0,0,0,0.0,0.0,0,16348.0,0.0,0.0,,all_outpatient_procedures_reporting_proxy,not_yet_filtered_by_sigtap
290770,4,4,1,1,40,108.0,8100.0,2,10579.0,25.0,10.208904433311277,108.0,all_outpatient_procedures_reporting_proxy,not_yet_filtered_by_sigtap
290780,11,11,1,1,1755,1920.0,499284.8799999986,3,30907.0,9.090909090909092,62.12184941922542,1920.0,all_outpatient_procedures_reporting_proxy,not_yet_filtered_by_sigtap
290790,8,8,1,1,85,85.0,19125.0,3,17230.0,12.5,4.933255948926291,85.0,all_outpatient_procedures_reporting_proxy,not_yet_filtered_by_sigtap
290800,7,7,6,6,307,482.0,16053.0,12,17333.0,85.71428571428571,27.808227081290024,80.33333333333333,all_outpatient_procedures_reporting_proxy,not_yet_filtered_by_sigtap
290810,9,9,1,1,353,1065.0,78075.0,3,19151.0,11.11111111111111,55.61067307190225,1065.0,all_outpatient_procedures_reporting_proxy,not_yet_filtered_by_sigtap
290820,8,8,0,0,0,0.0,0.0,0,20800.0,0.0,0.0,,all_outpatient_procedures_reporting_proxy,not_yet_filtered_by_sigtap
290830,6,6,0,0,0,0.0,0.0,0,15794.0,0.0,0.0,,all_outpatient_procedures_reporting_proxy,not_yet_filtered_by_sigtap
290840,27,25,1,1,110,1674.0,13457.290000000005,3,67825.0,4.0,24.681164762255804,1674.0,all_outpatient_procedures_reporting_proxy,not_yet_filtered_by_sigtap
290850,17,17,0,0,0,0.0,0.0,0,35308.0,0.0,0.0,,all_outpatient_procedures_reporting_proxy,not_yet_filtered_by_sigtap
290860,10,10,1,1,1204,1204.0,12943.200000000024,3,23654.0,10.0,50.900481948084895,1204.0,all_outpatient_procedures_reporting_proxy,not_yet_filtered_by_sigtap
290870,10,9,1,1,100,100.0,22500.0,3,17053.0,11.11111111111111,5.8640708379757225,100.0,all_outpatient_procedures_reporting_proxy,not_yet_filtered_by_sigtap
290880,3,2,0,0,0,0.0,0.0,0,4333.0,0.0,0.0,,all_outpatient_procedures_reporting_proxy,not_yet_filtered_by_sigtap
290890,8,7,1,1,93,333.0,19575.0,3,26692.0,14.285714285714285,12.475648134272442,333.0,all_outpatient_procedures_reporting_proxy,not_yet_filtered_by_sigtap
290900,5,5,1,1,119,119.0,26775.0,2,7546.0,20.0,15.769944341372913,119.0,all_outpatient_procedures_reporting_proxy,not_yet_filtered_by_sigtap
290910,6,6,1,1,392,4083.0,27932.84999999999,1,13990.0,16.666666666666664,291.85132237312365,4083.0,all_outpatient_procedures_reporting_proxy,not_yet_filtered_by_sigtap
290920,8,8,1,1,114,324.0,31825.440000000017,3,17056.0,12.5,18.99624765478424,324.0,all_outpatient_procedures_reporting_proxy,not_yet_filtered_by_sigtap
290930,14,13,2,2,65,9437.0,26272.75,4,32457.0,15.384615384615385,290.75392057183353,4718.5,all_outpatient_procedures_reporting_proxy,not_yet_filtered_by_sigtap
290940,6,6,1,1,70,70.0,15750.0,3,13063.0,16.666666666666664,5.358646558983388,70.0,all_outpatient_procedures_reporting_proxy,not_yet_filtered_by_sigtap
290950,5,5,1,1,250,250.0,94481.4,3,4415.0,20.0,56.625141562853905,250.0,all_outpatient_procedures_reporting_proxy,not_yet_filtered_by_sigtap
290960,9,9,2,2,98,98.0,22050.0,3,19729.0,22.22222222222222,4.9673070099853005,49.0,all_outpatient_procedures_reporting_proxy,not_yet_filtered_by_sigtap
290970,6,6,0,0,0,0.0,0.0,0,13993.0,0.0,0.0,,all_outpatient_procedures_reporting_proxy,not_yet_filtered_by_sigtap
290980,17,17,0,0,0,0.0,0.0,0,60348.0,0.0,0.0,,all_outpatient_procedures_reporting_proxy,not_yet_filtered_by_sigtap
290990,18,15,1,1,317,583.0,6949.599999999998,3,34180.0,6.666666666666667,17.05675833820948,583.0,all_outpatient_procedures_reporting_proxy,not_yet_filtered_by_sigtap
291000,3,3,2,2,253,355.0,85282.87999999998,6,10820.0,66.66666666666666,32.809611829944544,177.5,all_outpatient_procedures_reporting_proxy,not_yet_filtered_by_sigtap
291005,16,15,0,0,0,0.0,0.0,0,71485.0,0.0,0.0,,all_outpatient_procedures_reporting_proxy,not_yet_filtered_by_sigtap
291010,6,6,1,1,236,256.0,22936.679999999986,3,11884.0,16.666666666666664,21.541568495456076,256.0,all_outpatient_procedures_reporting_proxy,not_yet_filtered_by_sigtap
291020,2,2,1,1,225,607.0,3735.65,2,4407.0,50.0,137.7354209212616,607.0,all_outpatient_procedures_reporting_proxy,not_yet_filtered_by_sigtap
291030,6,4,0,0,0,0.0,0.0,0,7808.0,0.0,0.0,,all_outpatient_procedures_reporting_proxy,not_yet_filtered_by_sigtap
291040,10,9,2,2,147,446.0,23748.3,4,19107.0,22.22222222222222,23.342230596116607,223.0,all_outpatient_procedures_reporting_proxy,not_yet_filtered_by_sigtap
291050,13,13,1,1,31,31.0,6975.0,1,38098.0,7.6923076923076925,0.8136910074019633,31.0,all_outpatient_procedures_reporting_proxy,not_yet_filtered_by_sigtap
291060,14,13,0,0,0,0.0,0.0,0,32554.0,0.0,0.0,,all_outpatient_procedures_reporting_proxy,not_yet_filtered_by_sigtap
291070,20,19,1,1,33,33.0,7425.0,2,61456.0,5.263157894736842,0.5369695391825046,33.0,all_outpatient_procedures_reporting_proxy,not_yet_filtered_by_sigtap
291072,34,27,1,1,3,45.0,0.0,3,113710.0,3.7037037037037033,0.39574355817430307,45.0,all_outpatient_procedures_reporting_proxy,not_yet_filtered_by_sigtap
291075,10,9,1,1,95,215.0,20475.0,2,17895.0,11.11111111111111,12.014529198100027,215.0,all_outpatient_procedures_reporting_proxy,not_yet_filtered_by_sigtap
291077,3,3,1,1,86,246.0,18450.0,2,5631.0,33.33333333333333,43.686734150239744,246.0,all_outpatient_procedures_reporting_proxy,not_yet_filtered_by_sigtap
291080,123,108,9,9,13889,78183.0,9976.830000000002,27,616272.0,8.333333333333332,126.8644364825921,8687.0,all_outpatient_procedures_reporting_proxy,not_yet_filtered_by_sigtap
291085,9,8,0,0,0,0.0,0.0,0,17897.0,0.0,0.0,,all_outpatient_procedures_reporting_proxy,not_yet_filtered_by_sigtap
291090,3,3,0,0,0,0.0,0.0,0,4873.0,0.0,0.0,,all_outpatient_procedures_reporting_proxy,not_yet_filtered_by_sigtap
291100,5,5,5,5,122,122.0,28.0,8,11059.0,100.0,11.031738855231033,24.4,all_outpatient_procedures_reporting_proxy,not_yet_filtered_by_sigtap
291110,12,11,0,0,0,0.0,0.0,0,25899.0,0.0,0.0,,all_outpatient_procedures_reporting_proxy,not_yet_filtered_by_sigtap
291120,13,13,11,11,1147,12583.0,112374.20000000007,14,32178.0,84.61538461538461,391.0435701410902,1143.909090909091,all_outpatient_procedures_reporting_proxy,not_yet_filtered_by_sigtap
291125,3,3,0,0,0,0.0,0.0,0,4360.0,0.0,0.0,,all_outpatient_procedures_reporting_proxy,not_yet_filtered_by_sigtap
291130,5,4,0,0,0,0.0,0.0,0,10884.0,0.0,0.0,,all_outpatient_procedures_reporting_proxy,not_yet_filtered_by_sigtap
291140,7,5,2,2,187,505.0,40500.0,4,15524.0,40.0,32.530275702138624,252.5,all_outpatient_procedures_reporting_proxy,not_yet_filtered_by_sigtap
291150,6,6,2,2,57,57.0,10.0,2,5555.0,33.33333333333333,10.261026102610261,28.5,all_outpatient_procedures_reporting_proxy,not_yet_filtered_by_sigtap
291160,9,9,0,0,0,0.0,0.0,0,20605.0,0.0,0.0,,all_outpatient_procedures_reporting_proxy,not_yet_filtered_by_sigtap
291165,7,6,2,2,868,106594.0,59082.39,6,8050.0,33.33333333333333,13241.490683229813,53297.0,all_outpatient_procedures_reporting_proxy,not_yet_filtered_by_sigtap
291170,27,27,4,4,4286,6485.0,64376.300000000585,12,87817.0,14.814814814814813,73.84674949041757,1621.25,all_outpatient_procedures_reporting_proxy,not_yet_filtered_by_sigtap
291180,9,8,0,0,0,0.0,0.0,0,19049.0,0.0,0.0,,all_outpatient_procedures_reporting_proxy,not_yet_filtered_by_sigtap
291185,6,6,0,0,0,0.0,0.0,0,12309.0,0.0,0.0,,all_outpatient_procedures_reporting_proxy,not_yet_filtered_by_sigtap
291190,13,12,0,0,0,0.0,0.0,0,24607.0,0.0,0.0,,all_outpatient_procedures_reporting_proxy,not_yet_filtered_by_sigtap
291200,4,4,1,1,64,333.0,1642.4699999999998,2,10429.0,25.0,31.930194649534947,333.0,all_outpatient_procedures_reporting_proxy,not_yet_filtered_by_sigtap
291210,11,11,11,11,797,797.0,4583.0,27,21665.0,100.0,36.78744518809139,72.45454545454545,all_outpatient_procedures_reporting_proxy,not_yet_filtered_by_sigtap
291220,10,9,1,1,123,123.0,27675.0,2,20785.0,11.11111111111111,5.917729131585277,123.0,all_outpatient_procedures_reporting_proxy,not_yet_filtered_by_sigtap
291230,8,8,0,0,0,0.0,0.0,0,13934.0,0.0,0.0,,all_outpatient_procedures_reporting_proxy,not_yet_filtered_by_sigtap
291240,9,8,0,0,0,0.0,0.0,0,16603.0,0.0,0.0,,all_outpatient_procedures_reporting_proxy,not_yet_filtered_by_sigtap
291250,14,13,1,1,89,89.0,20025.0,2,13863.0,7.6923076923076925,6.419966818149029,89.0,all_outpatient_procedures_reporting_proxy,not_yet_filtered_by_sigtap
291260,2,2,0,0,0,0.0,0.0,0,3725.0,0.0,0.0,,all_outpatient_procedures_reporting_proxy,not_yet_filtered_by_sigtap
291270,8,8,8,8,365,365.0,146.0,18,25344.0,100.0,14.401830808080808,45.625,all_outpatient_procedures_reporting_proxy,not_yet_filtered_by_sigtap
291280,6,6,0,0,0,0.0,0.0,0,8896.0,0.0,0.0,,all_outpatient_procedures_reporting_proxy,not_yet_filtered_by_sigtap
291290,8,7,1,1,68,68.0,0.0,1,18792.0,14.285714285714285,3.6185610898254574,68.0,all_outpatient_procedures_reporting_proxy,not_yet_filtered_by_sigtap
291300,7,7,4,4,104,420.0,23494.95,9,14637.0,57.14285714285714,28.694404591104735,105.0,all_outpatient_procedures_reporting_proxy,not_yet_filtered_by_sigtap
291310,9,7,1,1,92,92.0,20700.0,1,16969.0,14.285714285714285,5.421651246390477,92.0,all_outpatient_procedures_reporting_proxy,not_yet_filtered_by_sigtap
291320,10,9,0,0,0,0.0,0.0,0,26309.0,0.0,0.0,,all_outpatient_procedures_reporting_proxy,not_yet_filtered_by_sigtap
291330,3,3,1,1,60,60.0,13500.0,2,6190.0,33.33333333333333,9.693053311793214,60.0,all_outpatient_procedures_reporting_proxy,not_yet_filtered_by_sigtap
291340,8,7,1,1,69,69.0,15525.0,1,15527.0,14.285714285714285,4.443871964964256,69.0,all_outpatient_procedures_reporting_proxy,not_yet_filtered_by_sigtap
291345,8,7,1,1,106,106.0,23850.0,2,13151.0,14.285714285714285,8.060223557143944,106.0,all_outpatient_procedures_reporting_proxy,not_yet_filtered_by_sigtap
291350,8,8,0,0,0,0.0,0.0,0,21491.0,0.0,0.0,,all_outpatient_procedures_reporting_proxy,not_yet_filtered_by_sigtap
291360,34,33,0,0,0,0.0,0.0,0,178649.0,0.0,0.0,,all_outpatient_procedures_reporting_proxy,not_yet_filtered_by_sigtap
291370,14,14,0,0,0,0.0,0.0,0,33790.0,0.0,0.0,,all_outpatient_procedures_reporting_proxy,not_yet_filtered_by_sigtap
291380,6,5,0,0,0,0.0,0.0,0,13709.0,0.0,0.0,,all_outpatient_procedures_reporting_proxy,not_yet_filtered_by_sigtap
291390,15,14,0,0,0,0.0,0.0,0,40706.0,0.0,0.0,,all_outpatient_procedures_reporting_proxy,not_yet_filtered_by_sigtap
291400,14,13,0,0,0,0.0,0.0,0,56876.0,0.0,0.0,,all_outpatient_procedures_reporting_proxy,not_yet_filtered_by_sigtap
291410,5,5,5,5,1624,12258.0,8325.0,10,9935.0,100.0,1233.8198288877704,2451.6,all_outpatient_procedures_reporting_proxy,not_yet_filtered_by_sigtap
291420,4,4,2,2,440,4476.0,139101.5200000001,4,6101.0,50.0,733.6502212752007,2238.0,all_outpatient_procedures_reporting_proxy,not_yet_filtered_by_sigtap
291430,5,5,0,0,0,0.0,0.0,0,10752.0,0.0,0.0,,all_outpatient_procedures_reporting_proxy,not_yet_filtered_by_sigtap
291440,10,10,0,0,0,0.0,0.0,0,23879.0,0.0,0.0,,all_outpatient_procedures_reporting_proxy,not_yet_filtered_by_sigtap
291450,13,11,2,2,181,321.0,17211.42,6,28043.0,18.181818181818183,11.44670684306244,160.5,all_outpatient_procedures_reporting_proxy,not_yet_filtered_by_sigtap
291460,24,24,0,0,0,0.0,0.0,0,74507.0,0.0,0.0,,all_outpatient_procedures_reporting_proxy,not_yet_filtered_by_sigtap
291465,14,13,0,0,0,0.0,0.0,0,28165.0,0.0,0.0,,all_outpatient_procedures_reporting_proxy,not_yet_filtered_by_sigtap
291470,22,22,0,0,0,0.0,0.0,0,65073.0,0.0,0.0,,all_outpatient_procedures_reporting_proxy,not_yet_filtered_by_sigtap
291480,37,36,0,0,0,0.0,0.0,0,186708.0,0.0,0.0,,all_outpatient_procedures_reporting_proxy,not_yet_filtered_by_sigtap
291490,14,14,13,13,3497,9857.0,112783.14,26,27704.0,92.85714285714286,355.79699682356335,758.2307692307693,all_outpatient_procedures_reporting_proxy,not_yet_filtered_by_sigtap
291500,7,7,0,0,0,0.0,0.0,0,13472.0,0.0,0.0,,all_outpatient_procedures_reporting_proxy,not_yet_filtered_by_sigtap
291510,6,6,0,0,0,0.0,0.0,0,13803.0,0.0,0.0,,all_outpatient_procedures_reporting_proxy,not_yet_filtered_by_sigtap
291520,8,7,2,2,11,167.0,0.0,5,15310.0,28.57142857142857,10.907903331156108,83.5,all_outpatient_procedures_reporting_proxy,not_yet_filtered_by_sigtap
291530,3,3,1,1,26,81.0,5175.0,1,6347.0,33.33333333333333,12.761934772333385,81.0,all_outpatient_procedures_reporting_proxy,not_yet_filtered_by_sigtap
291535,9,9,2,2,622,1349.0,11698.239999999994,4,12311.0,22.22222222222222,109.5768012346682,674.5,all_outpatient_procedures_reporting_proxy,not_yet_filtered_by_sigtap
291540,4,3,1,1,73,207.0,15525.0,2,6037.0,33.33333333333333,34.28855391750869,207.0,all_outpatient_procedures_reporting_proxy,not_yet_filtered_by_sigtap
291550,7,7,3,3,6,34.0,34.0,3,18781.0,42.857142857142854,1.810340237474043,11.333333333333334,all_outpatient_procedures_reporting_proxy,not_yet_filtered_by_sigtap
291560,25,24,0,0,0,0.0,0.0,0,59605.0,0.0,0.0,,all_outpatient_procedures_reporting_proxy,not_yet_filtered_by_sigtap
291570,5,5,0,0,0,0.0,0.0,0,7051.0,0.0,0.0,,all_outpatient_procedures_reporting_proxy,not_yet_filtered_by_sigtap
291580,8,8,1,1,1067,2421.0,93818.51000000008,3,24394.0,12.5,99.2457161597114,2421.0,all_outpatient_procedures_reporting_proxy,not_yet_filtered_by_sigtap
291590,3,3,1,1,28,28.0,6300.0,1,5914.0,33.33333333333333,4.734528238079134,28.0,all_outpatient_procedures_reporting_proxy,not_yet_filtered_by_sigtap
291600,8,8,0,0,0,0.0,0.0,0,17813.0,0.0,0.0,,all_outpatient_procedures_reporting_proxy,not_yet_filtered_by_sigtap
291610,10,9,1,1,64,64.0,14400.0,2,19789.0,11.11111111111111,3.2341199656374755,64.0,all_outpatient_procedures_reporting_proxy,not_yet_filtered_by_sigtap
291620,7,7,1,1,37,118.0,7650.0,1,10341.0,14.285714285714285,11.410888695483996,118.0,all_outpatient_procedures_reporting_proxy,not_yet_filtered_by_sigtap
291630,5,5,1,1,33,107.0,6750.0,1,9174.0,20.0,11.663396555482887,107.0,all_outpatient_procedures_reporting_proxy,not_yet_filtered_by_sigtap
291640,22,15,0,0,0,0.0,0.0,0,65897.0,0.0,0.0,,all_outpatient_procedures_reporting_proxy,not_yet_filtered_by_sigtap
291650,14,14,6,6,456,7893.0,14683.000000000016,6,31679.0,42.857142857142854,249.15559203257678,1315.5,all_outpatient_procedures_reporting_proxy,not_yet_filtered_by_sigtap
291660,4,4,0,0,0,0.0,0.0,0,10279.0,0.0,0.0,,all_outpatient_procedures_reporting_proxy,not_yet_filtered_by_sigtap
291670,4,4,0,0,0,0.0,0.0,0,8153.0,0.0,0.0,,all_outpatient_procedures_reporting_proxy,not_yet_filtered_by_sigtap
291680,8,8,1,1,44,120.0,9000.0,2,17052.0,12.5,7.037297677691766,120.0,all_outpatient_procedures_reporting_proxy,not_yet_filtered_by_sigtap
291685,7,7,0,0,0,0.0,0.0,0,15737.0,0.0,0.0,,all_outpatient_procedures_reporting_proxy,not_yet_filtered_by_sigtap
291690,7,7,1,1,80,80.0,18000.0,3,10999.0,14.285714285714285,7.2733884898627155,80.0,all_outpatient_procedures_reporting_proxy,not_yet_filtered_by_sigtap
291700,16,14,0,0,0,0.0,0.0,0,33872.0,0.0,0.0,,all_outpatient_procedures_reporting_proxy,not_yet_filtered_by_sigtap
291710,8,8,2,2,400,484.0,147367.52000000016,4,16617.0,25.0,29.126797857615692,242.0,all_outpatient_procedures_reporting_proxy,not_yet_filtered_by_sigtap
291720,11,10,1,1,459,522.0,84708.36000000002,3,17914.0,10.0,29.139220721223623,522.0,all_outpatient_procedures_reporting_proxy,not_yet_filtered_by_sigtap
291730,13,12,1,1,350,656.0,7435.449999999995,3,21902.0,8.333333333333332,29.951602593370467,656.0,all_outpatient_procedures_reporting_proxy,not_yet_filtered_by_sigtap
291733,4,4,1,1,26,80.0,4500.0,1,11118.0,25.0,7.195538765965102,80.0,all_outpatient_procedures_reporting_proxy,not_yet_filtered_by_sigtap
291735,5,4,0,0,0,0.0,0.0,0,9275.0,0.0,0.0,,all_outpatient_procedures_reporting_proxy,not_yet_filtered_by_sigtap
291740,7,7,0,0,0,0.0,0.0,0,14436.0,0.0,0.0,,all_outpatient_procedures_reporting_proxy,not_yet_filtered_by_sigtap
291750,22,22,1,1,51,51.0,11475.0,2,82590.0,4.545454545454546,0.6175081729022884,51.0,all_outpatient_procedures_reporting_proxy,not_yet_filtered_by_sigtap
291760,18,18,0,0,0,0.0,0.0,0,45964.0,0.0,0.0,,all_outpatient_procedures_reporting_proxy,not_yet_filtered_by_sigtap
291770,18,14,0,0,0,0.0,0.0,0,32703.0,0.0,0.0,,all_outpatient_procedures_reporting_proxy,not_yet_filtered_by_sigtap
291780,9,9,0,0,0,0.0,0.0,0,17659.0,0.0,0.0,,all_outpatient_procedures_reporting_proxy,not_yet_filtered_by_sigtap
291790,5,5,2,2,1274,1582.0,252054.3399999996,5,9285.0,40.0,170.38233710285405,791.0,all_outpatient_procedures_reporting_proxy,not_yet_filtered_by_sigtap
291800,34,32,29,29,47063,263427.0,20358.010000000002,85,158813.0,90.625,1658.7244117295184,9083.689655172413,all_outpatient_procedures_reporting_proxy,not_yet_filtered_by_sigtap
291810,15,14,0,0,0,0.0,0.0,0,37626.0,0.0,0.0,,all_outpatient_procedures_reporting_proxy,not_yet_filtered_by_sigtap
291820,8,8,1,1,30,175.0,76.3,3,13629.0,12.5,12.840267077555213,175.0,all_outpatient_procedures_reporting_proxy,not_yet_filtered_by_sigtap
291835,8,8,0,0,0,0.0,0.0,0,24854.0,0.0,0.0,,all_outpatient_procedures_reporting_proxy,not_yet_filtered_by_sigtap
291840,58,54,0,0,0,0.0,0.0,0,237821.0,0.0,0.0,,all_outpatient_procedures_reporting_proxy,not_yet_filtered_by_sigtap
291845,5,5,0,0,0,0.0,0.0,0,9655.0,0.0,0.0,,all_outpatient_procedures_reporting_proxy,not_yet_filtered_by_sigtap
291850,6,6,0,0,0,0.0,0.0,0,16354.0,0.0,0.0,,all_outpatient_procedures_reporting_proxy,not_yet_filtered_by_sigtap
291855,3,3,1,1,92,258.0,19350.0,3,5888.0,33.33333333333333,43.817934782608695,258.0,all_outpatient_procedures_reporting_proxy,not_yet_filtered_by_sigtap
291860,4,4,1,1,75,1783.0,4592.749999999999,3,7379.0,25.0,241.63165740615258,1783.0,all_outpatient_procedures_reporting_proxy,not_yet_filtered_by_sigtap
291870,2,2,1,1,83,264.0,16650.0,3,4075.0,50.0,64.78527607361963,264.0,all_outpatient_procedures_reporting_proxy,not_yet_filtered_by_sigtap
291875,7,6,1,1,66,173.0,14175.0,1,14105.0,16.666666666666664,12.265154200638072,173.0,all_outpatient_procedures_reporting_proxy,not_yet_filtered_by_sigtap
291880,9,9,0,0,0,0.0,0.0,0,21052.0,0.0,0.0,,all_outpatient_procedures_reporting_proxy,not_yet_filtered_by_sigtap
291890,5,5,0,0,0,0.0,0.0,0,3845.0,0.0,0.0,,all_outpatient_procedures_reporting_proxy,not_yet_filtered_by_sigtap
291900,1,1,1,1,61,217.0,12375.0,3,3527.0,100.0,61.52537567337681,217.0,all_outpatient_procedures_reporting_proxy,not_yet_filtered_by_sigtap
291905,4,4,1,1,9,180.0,0.0,1,7494.0,25.0,24.01921537229784,180.0,all_outpatient_procedures_reporting_proxy,not_yet_filtered_by_sigtap
291910,1,1,0,0,0,0.0,0.0,0,9015.0,0.0,0.0,,all_outpatient_procedures_reporting_proxy,not_yet_filtered_by_sigtap
291915,13,12,0,0,0,0.0,0.0,0,25736.0,0.0,0.0,,all_outpatient_procedures_reporting_proxy,not_yet_filtered_by_sigtap
291920,20,18,0,0,0,0.0,0.0,0,203331.0,0.0,0.0,,all_outpatient_procedures_reporting_proxy,not_yet_filtered_by_sigtap
291930,5,5,0,0,0,0.0,0.0,0,10774.0,0.0,0.0,,all_outpatient_procedures_reporting_proxy,not_yet_filtered_by_sigtap
291940,8,7,1,1,61,61.0,13725.0,2,11834.0,14.285714285714285,5.154639175257732,61.0,all_outpatient_procedures_reporting_proxy,not_yet_filtered_by_sigtap
291950,14,13,0,0,0,0.0,0.0,0,43903.0,0.0,0.0,,all_outpatient_procedures_reporting_proxy,not_yet_filtered_by_sigtap
291955,34,24,0,0,0,0.0,0.0,0,107909.0,0.0,0.0,,all_outpatient_procedures_reporting_proxy,not_yet_filtered_by_sigtap
291960,3,3,1,1,25,25.0,6750.0,1,10454.0,33.33333333333333,2.391429118040941,25.0,all_outpatient_procedures_reporting_proxy,not_yet_filtered_by_sigtap
291970,6,6,2,2,71,1563.0,12497.95,5,21599.0,33.33333333333333,72.36446131765359,781.5,all_outpatient_procedures_reporting_proxy,not_yet_filtered_by_sigtap
291980,17,16,1,1,959,2854.0,27818.10000000009,2,41859.0,6.25,68.18127523352206,2854.0,all_outpatient_procedures_reporting_proxy,not_yet_filtered_by_sigtap
291990,5,4,0,0,0,0.0,0.0,0,7256.0,0.0,0.0,,all_outpatient_procedures_reporting_proxy,not_yet_filtered_by_sigtap
291992,6,6,0,0,0,0.0,0.0,0,18504.0,0.0,0.0,,all_outpatient_procedures_reporting_proxy,not_yet_filtered_by_sigtap
291995,6,5,1,1,419,677.0,25069.6,2,6973.0,20.0,97.08877097375591,677.0,all_outpatient_procedures_reporting_proxy,not_yet_filtered_by_sigtap
292000,4,4,1,1,2,88.0,0.0,1,8731.0,25.0,10.079028748138816,88.0,all_outpatient_procedures_reporting_proxy,not_yet_filtered_by_sigtap
292010,8,8,0,0,0,0.0,0.0,0,17674.0,0.0,0.0,,all_outpatient_procedures_reporting_proxy,not_yet_filtered_by_sigtap
292020,6,6,1,1,68,134.0,14850.0,2,15398.0,16.666666666666664,8.702428886868423,134.0,all_outpatient_procedures_reporting_proxy,not_yet_filtered_by_sigtap
292030,6,5,1,1,420,8057.0,0.0,2,8670.0,20.0,929.2964244521338,8057.0,all_outpatient_procedures_reporting_proxy,not_yet_filtered_by_sigtap
292040,5,5,1,1,129,417.0,27000.0,3,13860.0,20.0,30.086580086580085,417.0,all_outpatient_procedures_reporting_proxy,not_yet_filtered_by_sigtap
292045,8,7,1,1,42,1964.0,4187.25,3,13919.0,14.285714285714285,141.102090667433,1964.0,all_outpatient_procedures_reporting_proxy,not_yet_filtered_by_sigtap
292050,7,7,0,0,0,0.0,0.0,0,27620.0,0.0,0.0,,all_outpatient_procedures_reporting_proxy,not_yet_filtered_by_sigtap
292060,15,14,0,0,0,0.0,0.0,0,35859.0,0.0,0.0,,all_outpatient_procedures_reporting_proxy,not_yet_filtered_by_sigtap
292070,11,11,2,2,29,1550.0,3121.43,4,24527.0,18.181818181818183,63.19566192359441,775.0,all_outpatient_procedures_reporting_proxy,not_yet_filtered_by_sigtap
292080,6,6,0,0,0,0.0,0.0,0,9267.0,0.0,0.0,,all_outpatient_procedures_reporting_proxy,not_yet_filtered_by_sigtap
292090,8,8,1,1,1470,1663.0,0.0,3,13544.0,12.5,122.78499704666272,1663.0,all_outpatient_procedures_reporting_proxy,not_yet_filtered_by_sigtap
292100,19,19,0,0,0,0.0,0.0,0,42566.0,0.0,0.0,,all_outpatient_procedures_reporting_proxy,not_yet_filtered_by_sigtap
292105,5,5,0,0,0,0.0,0.0,0,10330.0,0.0,0.0,,all_outpatient_procedures_reporting_proxy,not_yet_filtered_by_sigtap
292110,11,11,0,0,0,0.0,0.0,0,22194.0,0.0,0.0,,all_outpatient_procedures_reporting_proxy,not_yet_filtered_by_sigtap
292120,12,12,1,1,365,909.0,11254.64,2,24661.0,8.333333333333332,36.85981914764203,909.0,all_outpatient_procedures_reporting_proxy,not_yet_filtered_by_sigtap
292130,5,4,0,0,0,0.0,0.0,0,11071.0,0.0,0.0,,all_outpatient_procedures_reporting_proxy,not_yet_filtered_by_sigtap
292140,9,9,1,1,111,118.0,23175.0,2,15734.0,11.11111111111111,7.499682216855218,118.0,all_outpatient_procedures_reporting_proxy,not_yet_filtered_by_sigtap
292145,5,5,1,1,84,240.0,18000.0,2,10187.0,20.0,23.55943850004908,240.0,all_outpatient_procedures_reporting_proxy,not_yet_filtered_by_sigtap
292150,18,18,1,1,378,6883.0,45883.65000000002,3,47780.0,5.555555555555555,144.0560904143993,6883.0,all_outpatient_procedures_reporting_proxy,not_yet_filtered_by_sigtap
292160,3,3,0,0,0,0.0,0.0,0,7996.0,0.0,0.0,,all_outpatient_procedures_reporting_proxy,not_yet_filtered_by_sigtap
292170,24,23,1,1,524,524.0,2524.3299999999945,3,33594.0,4.3478260869565215,15.598023456569624,524.0,all_outpatient_procedures_reporting_proxy,not_yet_filtered_by_sigtap
292180,7,6,1,1,71,210.0,14625.0,2,11143.0,16.666666666666664,18.845912231894463,210.0,all_outpatient_procedures_reporting_proxy,not_yet_filtered_by_sigtap
292190,6,6,0,0,0,0.0,0.0,0,12137.0,0.0,0.0,,all_outpatient_procedures_reporting_proxy,not_yet_filtered_by_sigtap
292200,15,15,0,0,0,0.0,0.0,0,37977.0,0.0,0.0,,all_outpatient_procedures_reporting_proxy,not_yet_filtered_by_sigtap
292205,6,5,0,0,0,0.0,0.0,0,13152.0,0.0,0.0,,all_outpatient_procedures_reporting_proxy,not_yet_filtered_by_sigtap
292210,6,6,1,1,40,40.0,9000.0,2,17305.0,16.666666666666664,2.3114706732158337,40.0,all_outpatient_procedures_reporting_proxy,not_yet_filtered_by_sigtap
292220,4,4,1,1,127,209.0,6110.0,3,7190.0,25.0,29.068150208623088,209.0,all_outpatient_procedures_reporting_proxy,not_yet_filtered_by_sigtap
292225,5,5,1,1,406,406.0,158760.8400000001,3,10443.0,20.0,38.8777171310926,406.0,all_outpatient_procedures_reporting_proxy,not_yet_filtered_by_sigtap
292230,10,10,0,0,0,0.0,0.0,0,28707.0,0.0,0.0,,all_outpatient_procedures_reporting_proxy,not_yet_filtered_by_sigtap
292240,10,9,0,0,0,0.0,0.0,0,20037.0,0.0,0.0,,all_outpatient_procedures_reporting_proxy,not_yet_filtered_by_sigtap
292250,12,12,0,0,0,0.0,0.0,0,27060.0,0.0,0.0,,all_outpatient_procedures_reporting_proxy,not_yet_filtered_by_sigtap
292260,9,7,0,0,0,0.0,0.0,0,12063.0,0.0,0.0,,all_outpatient_procedures_reporting_proxy,not_yet_filtered_by_sigtap
292265,9,9,2,2,1087,5291.0,38737.460000000094,4,18523.0,22.22222222222222,285.64487394050644,2645.5,all_outpatient_procedures_reporting_proxy,not_yet_filtered_by_sigtap
292270,10,9,1,1,52,9816.0,25455.26,3,13715.0,11.11111111111111,715.7127232956617,9816.0,all_outpatient_procedures_reporting_proxy,not_yet_filtered_by_sigtap
292273,4,4,0,0,0,0.0,0.0,0,7967.0,0.0,0.0,,all_outpatient_procedures_reporting_proxy,not_yet_filtered_by_sigtap
292275,3,3,2,2,173,173.0,0.0,2,6501.0,66.66666666666666,26.611290570681433,86.5,all_outpatient_procedures_reporting_proxy,not_yet_filtered_by_sigtap
292280,7,7,1,1,414,2063.0,112853.22,3,7780.0,14.285714285714285,265.16709511568126,2063.0,all_outpatient_procedures_reporting_proxy,not_yet_filtered_by_sigtap
292285,5,5,0,0,0,0.0,0.0,0,7538.0,0.0,0.0,,all_outpatient_procedures_reporting_proxy,not_yet_filtered_by_sigtap
292290,10,10,1,1,147,423.0,31725.0,3,24236.0,10.0,17.45337514441327,423.0,all_outpatient_procedures_reporting_proxy,not_yet_filtered_by_sigtap
292300,12,12,0,0,0,0.0,0.0,0,39509.0,0.0,0.0,,all_outpatient_procedures_reporting_proxy,not_yet_filtered_by_sigtap
292303,7,6,1,1,32,32.0,7200.0,1,11162.0,16.666666666666664,2.866869736606343,32.0,all_outpatient_procedures_reporting_proxy,not_yet_filtered_by_sigtap
292305,1,1,1,1,173,1523.0,6782.09,3,10660.0,100.0,142.87054409005628,1523.0,all_outpatient_procedures_reporting_proxy,not_yet_filtered_by_sigtap
292310,8,8,0,0,0,0.0,0.0,0,22633.0,0.0,0.0,,all_outpatient_procedures_reporting_proxy,not_yet_filtered_by_sigtap
292320,13,12,0,0,0,0.0,0.0,0,20715.0,0.0,0.0,,all_outpatient_procedures_reporting_proxy,not_yet_filtered_by_sigtap
292330,6,6,0,0,0,0.0,0.0,0,7716.0,0.0,0.0,,all_outpatient_procedures_reporting_proxy,not_yet_filtered_by_sigtap
292335,8,8,1,1,39,39.0,8775.0,2,19243.0,12.5,2.0267110117964973,39.0,all_outpatient_procedures_reporting_proxy,not_yet_filtered_by_sigtap
292340,9,9,1,1,265,10269.0,62713.95,3,20078.0,11.11111111111111,511.45532423548156,10269.0,all_outpatient_procedures_reporting_proxy,not_yet_filtered_by_sigtap
292350,5,5,2,2,61,4175.0,15854.130000000001,2,10339.0,40.0,403.810813424896,2087.5,all_outpatient_procedures_reporting_proxy,not_yet_filtered_by_sigtap
292360,14,12,1,1,577,17751.0,92928.6000000003,3,20351.0,8.333333333333332,872.2421502628863,17751.0,all_outpatient_procedures_reporting_proxy,not_yet_filtered_by_sigtap
292370,8,8,0,0,0,0.0,0.0,0,29252.0,0.0,0.0,,all_outpatient_procedures_reporting_proxy,not_yet_filtered_by_sigtap
292380,12,10,1,1,38,108.0,8100.0,1,26604.0,10.0,4.059539918809201,108.0,all_outpatient_procedures_reporting_proxy,not_yet_filtered_by_sigtap
292390,2,2,2,2,100,137.0,24.0,6,9370.0,100.0,14.621131270010672,68.5,all_outpatient_procedures_reporting_proxy,not_yet_filtered_by_sigtap
292400,29,29,0,0,0,0.0,0.0,0,112870.0,0.0,0.0,,all_outpatient_procedures_reporting_proxy,not_yet_filtered_by_sigtap
292405,7,7,1,1,716,8948.0,42975.33000000006,3,13243.0,14.285714285714285,675.6777165294873,8948.0,all_outpatient_procedures_reporting_proxy,not_yet_filtered_by_sigtap
292410,3,3,0,0,0,0.0,0.0,0,6235.0,0.0,0.0,,all_outpatient_procedures_reporting_proxy,not_yet_filtered_by_sigtap
292420,8,8,3,3,647,13001.0,111965.57999999994,8,13954.0,37.5,931.7041708470689,4333.666666666667,all_outpatient_procedures_reporting_proxy,not_yet_filtered_by_sigtap
292440,2,2,0,0,0,0.0,0.0,0,35357.0,0.0,0.0,,all_outpatient_procedures_reporting_proxy,not_yet_filtered_by_sigtap
292450,9,8,1,1,30,30.0,6750.0,1,14731.0,12.5,2.0365216210712105,30.0,all_outpatient_procedures_reporting_proxy,not_yet_filtered_by_sigtap
292460,13,10,0,0,0,0.0,0.0,0,19083.0,0.0,0.0,,all_outpatient_procedures_reporting_proxy,not_yet_filtered_by_sigtap
292465,7,6,0,0,0,0.0,0.0,0,10325.0,0.0,0.0,,all_outpatient_procedures_reporting_proxy,not_yet_filtered_by_sigtap
292467,6,6,1,1,92,92.0,20700.0,2,10974.0,16.666666666666664,8.383451795152178,92.0,all_outpatient_procedures_reporting_proxy,not_yet_filtered_by_sigtap
292470,7,6,1,1,149,149.0,33525.0,3,9152.0,16.666666666666664,16.280594405594403,149.0,all_outpatient_procedures_reporting_proxy,not_yet_filtered_by_sigtap
292480,7,7,1,1,62,174.0,13050.0,2,17566.0,14.285714285714285,9.905499259933963,174.0,all_outpatient_procedures_reporting_proxy,not_yet_filtered_by_sigtap
292490,5,5,0,0,0,0.0,0.0,0,8022.0,0.0,0.0,,all_outpatient_procedures_reporting_proxy,not_yet_filtered_by_sigtap
292500,10,10,1,1,229,229.0,51525.0,3,23334.0,10.0,9.814005314133883,229.0,all_outpatient_procedures_reporting_proxy,not_yet_filtered_by_sigtap
292510,14,13,1,1,235,235.0,52875.0,3,48293.0,7.6923076923076925,4.86612966682542,235.0,all_outpatient_procedures_reporting_proxy,not_yet_filtered_by_sigtap
292520,15,13,0,0,0,0.0,0.0,0,32136.0,0.0,0.0,,all_outpatient_procedures_reporting_proxy,not_yet_filtered_by_sigtap
292525,14,9,0,0,0,0.0,0.0,0,17938.0,0.0,0.0,,all_outpatient_procedures_reporting_proxy,not_yet_filtered_by_sigtap
292530,49,47,2,2,226,226.0,2260.0,4,168326.0,4.25531914893617,1.3426327483573541,113.0,all_outpatient_procedures_reporting_proxy,not_yet_filtered_by_sigtap
292540,6,6,0,0,0,0.0,0.0,0,10274.0,0.0,0.0,,all_outpatient_procedures_reporting_proxy,not_yet_filtered_by_sigtap
292550,11,11,0,0,0,0.0,0.0,0,35003.0,0.0,0.0,,all_outpatient_procedures_reporting_proxy,not_yet_filtered_by_sigtap
292560,8,8,2,2,177,630.0,18599.77,3,15130.0,25.0,41.63912756113682,315.0,all_outpatient_procedures_reporting_proxy,not_yet_filtered_by_sigtap
292570,8,8,2,2,416,595.0,78568.66000000003,4,12621.0,25.0,47.14364947310039,297.5,all_outpatient_procedures_reporting_proxy,not_yet_filtered_by_sigtap
292575,10,10,0,0,0,0.0,0.0,0,27734.0,0.0,0.0,,all_outpatient_procedures_reporting_proxy,not_yet_filtered_by_sigtap
292580,8,8,1,1,366,4656.0,24951.59999999999,2,25988.0,12.5,179.15961212867475,4656.0,all_outpatient_procedures_reporting_proxy,not_yet_filtered_by_sigtap
292590,13,13,0,0,0,0.0,0.0,0,25272.0,0.0,0.0,,all_outpatient_procedures_reporting_proxy,not_yet_filtered_by_sigtap
292593,5,4,1,1,84,84.0,18900.0,2,9461.0,25.0,8.878554064052425,84.0,all_outpatient_procedures_reporting_proxy,not_yet_filtered_by_sigtap
292595,10,10,0,0,0,0.0,0.0,0,19662.0,0.0,0.0,,all_outpatient_procedures_reporting_proxy,not_yet_filtered_by_sigtap
292600,14,14,1,1,1096,10418.0,49569.51000000014,3,40586.0,7.142857142857142,256.68949884196525,10418.0,all_outpatient_procedures_reporting_proxy,not_yet_filtered_by_sigtap
292610,9,8,1,1,436,3106.0,24966.00000000004,2,13651.0,12.5,227.52911874587943,3106.0,all_outpatient_procedures_reporting_proxy,not_yet_filtered_by_sigtap
292620,8,8,0,0,0,0.0,0.0,0,21642.0,0.0,0.0,,all_outpatient_procedures_reporting_proxy,not_yet_filtered_by_sigtap
292630,14,14,1,1,2878,63964.0,209209.8699999973,3,33386.0,7.142857142857142,1915.8928892350086,63964.0,all_outpatient_procedures_reporting_proxy,not_yet_filtered_by_sigtap
292640,14,13,1,1,38,108.0,8100.0,1,30711.0,7.6923076923076925,3.5166552700986617,108.0,all_outpatient_procedures_reporting_proxy,not_yet_filtered_by_sigtap
292650,8,7,2,2,813,813.0,263707.7799999999,4,13841.0,28.57142857142857,58.73853045300195,406.5,all_outpatient_procedures_reporting_proxy,not_yet_filtered_by_sigtap
292660,31,16,1,1,291,291.0,53325.0,3,54010.0,6.25,5.387891131271987,291.0,all_outpatient_procedures_reporting_proxy,not_yet_filtered_by_sigtap
292665,6,5,3,3,1016,4799.0,48354.180000000066,8,9740.0,60.0,492.7104722792608,1599.6666666666667,all_outpatient_procedures_reporting_proxy,not_yet_filtered_by_sigtap
292670,9,7,1,1,166,3417.0,16967.55,3,13184.0,14.285714285714285,259.17779126213594,3417.0,all_outpatient_procedures_reporting_proxy,not_yet_filtered_by_sigtap
292680,9,8,1,1,60,159.0,12825.0,1,13146.0,12.5,12.094933820173436,159.0,all_outpatient_procedures_reporting_proxy,not_yet_filtered_by_sigtap
292690,6,6,1,1,2,132.0,0.0,1,10497.0,16.666666666666664,12.575021434695627,132.0,all_outpatient_procedures_reporting_proxy,not_yet_filtered_by_sigtap
292700,14,14,6,6,6,7124.0,0.0,6,35362.0,42.857142857142854,201.45919348453143,1187.3333333333333,all_outpatient_procedures_reporting_proxy,not_yet_filtered_by_sigtap
292710,7,6,1,1,64,77.0,770.0,1,10308.0,16.666666666666664,7.469926270857586,77.0,all_outpatient_procedures_reporting_proxy,not_yet_filtered_by_sigtap
292720,12,11,0,0,0,0.0,0.0,0,28282.0,0.0,0.0,,all_outpatient_procedures_reporting_proxy,not_yet_filtered_by_sigtap
292730,6,6,0,0,0,0.0,0.0,0,14987.0,0.0,0.0,,all_outpatient_procedures_reporting_proxy,not_yet_filtered_by_sigtap
292740,178,172,1,1,4834,14173.0,9696.060000000034,3,2417678.0,0.5813953488372093,5.862236410307742,14173.0,all_outpatient_procedures_reporting_proxy,not_yet_filtered_by_sigtap
292750,9,9,0,0,0,0.0,0.0,0,20952.0,0.0,0.0,,all_outpatient_procedures_reporting_proxy,not_yet_filtered_by_sigtap
292760,9,8,1,1,83,83.0,18675.0,2,14965.0,12.5,5.5462746408285994,83.0,all_outpatient_procedures_reporting_proxy,not_yet_filtered_by_sigtap
292770,15,14,0,0,0,0.0,0.0,0,29185.0,0.0,0.0,,all_outpatient_procedures_reporting_proxy,not_yet_filtered_by_sigtap
292780,3,3,1,1,20,30.0,0.0,2,4681.0,33.33333333333333,6.40888698995941,30.0,all_outpatient_procedures_reporting_proxy,not_yet_filtered_by_sigtap
292790,6,6,0,0,0,0.0,0.0,0,10300.0,0.0,0.0,,all_outpatient_procedures_reporting_proxy,not_yet_filtered_by_sigtap
292800,13,13,0,0,0,0.0,0.0,0,37834.0,0.0,0.0,,all_outpatient_procedures_reporting_proxy,not_yet_filtered_by_sigtap
292805,5,5,0,0,0,0.0,0.0,0,13896.0,0.0,0.0,,all_outpatient_procedures_reporting_proxy,not_yet_filtered_by_sigtap
292810,15,14,0,0,0,0.0,0.0,0,38604.0,0.0,0.0,,all_outpatient_procedures_reporting_proxy,not_yet_filtered_by_sigtap
292820,9,9,1,1,107,451.0,2359.85,3,24755.0,11.11111111111111,18.218541708745708,451.0,all_outpatient_procedures_reporting_proxy,not_yet_filtered_by_sigtap
292830,4,4,0,0,0,0.0,0.0,0,8716.0,0.0,0.0,,all_outpatient_procedures_reporting_proxy,not_yet_filtered_by_sigtap
292840,10,10,0,0,0,0.0,0.0,0,27390.0,0.0,0.0,,all_outpatient_procedures_reporting_proxy,not_yet_filtered_by_sigtap
292850,6,4,0,0,0,0.0,0.0,0,10441.0,0.0,0.0,,all_outpatient_procedures_reporting_proxy,not_yet_filtered_by_sigtap
292860,19,17,0,0,0,0.0,0.0,0,56012.0,0.0,0.0,,all_outpatient_procedures_reporting_proxy,not_yet_filtered_by_sigtap
292870,30,26,0,0,0,0.0,0.0,0,103055.0,0.0,0.0,,all_outpatient_procedures_reporting_proxy,not_yet_filtered_by_sigtap
292880,14,14,1,1,677,5150.0,188255.9499999993,2,52276.0,7.142857142857142,98.51557119902058,5150.0,all_outpatient_procedures_reporting_proxy,not_yet_filtered_by_sigtap
292890,18,17,1,1,951,1262.0,12620.0,2,32828.0,5.88235294117647,38.442792737906665,1262.0,all_outpatient_procedures_reporting_proxy,not_yet_filtered_by_sigtap
292895,8,8,0,0,0,0.0,0.0,0,8426.0,0.0,0.0,,all_outpatient_procedures_reporting_proxy,not_yet_filtered_by_sigtap
292900,6,6,3,3,94,94.0,24.0,8,11026.0,50.0,8.52530382731725,31.333333333333332,all_outpatient_procedures_reporting_proxy,not_yet_filtered_by_sigtap
292905,8,8,2,2,263,614.0,4055.97,4,15194.0,25.0,40.41068842964328,307.0,all_outpatient_procedures_reporting_proxy,not_yet_filtered_by_sigtap
292910,6,6,0,0,0,0.0,0.0,0,20283.0,0.0,0.0,,all_outpatient_procedures_reporting_proxy,not_yet_filtered_by_sigtap
292920,17,17,0,0,0,0.0,0.0,0,38733.0,0.0,0.0,,all_outpatient_procedures_reporting_proxy,not_yet_filtered_by_sigtap
292925,11,10,2,2,1213,1805.0,33210.66,4,18600.0,20.0,97.04301075268818,902.5,all_outpatient_procedures_reporting_proxy,not_yet_filtered_by_sigtap
292930,12,11,0,0,0,0.0,0.0,0,39513.0,0.0,0.0,,all_outpatient_procedures_reporting_proxy,not_yet_filtered_by_sigtap
292935,3,3,1,1,57,183.0,11475.0,2,5315.0,33.33333333333333,34.430856067732826,183.0,all_outpatient_procedures_reporting_proxy,not_yet_filtered_by_sigtap
292937,7,7,0,0,0,0.0,0.0,0,10187.0,0.0,0.0,,all_outpatient_procedures_reporting_proxy,not_yet_filtered_by_sigtap
292940,7,6,0,0,0,0.0,0.0,0,10334.0,0.0,0.0,,all_outpatient_procedures_reporting_proxy,not_yet_filtered_by_sigtap
292950,17,16,0,0,0,0.0,0.0,0,40958.0,0.0,0.0,,all_outpatient_procedures_reporting_proxy,not_yet_filtered_by_sigtap
292960,8,8,0,0,0,0.0,0.0,0,17963.0,0.0,0.0,,all_outpatient_procedures_reporting_proxy,not_yet_filtered_by_sigtap
292970,6,6,1,1,160,613.0,16244.06,2,16008.0,16.666666666666664,38.29335332333833,613.0,all_outpatient_procedures_reporting_proxy,not_yet_filtered_by_sigtap
292975,6,6,2,2,240,393.0,10471.02,4,11438.0,33.33333333333333,34.35915369819899,196.5,all_outpatient_procedures_reporting_proxy,not_yet_filtered_by_sigtap
292980,5,5,1,1,2,2.0,0.0,1,10478.0,20.0,0.1908761213972132,2.0,all_outpatient_procedures_reporting_proxy,not_yet_filtered_by_sigtap
292990,11,11,0,0,0,0.0,0.0,0,46160.0,0.0,0.0,,all_outpatient_procedures_reporting_proxy,not_yet_filtered_by_sigtap
293000,5,5,1,1,74,74.0,16650.0,2,9360.0,20.0,7.905982905982905,74.0,all_outpatient_procedures_reporting_proxy,not_yet_filtered_by_sigtap
293010,19,18,5,5,174,308.0,3201.61,8,74523.0,27.77777777777778,4.1329522429317125,61.6,all_outpatient_procedures_reporting_proxy,not_yet_filtered_by_sigtap
293015,1,1,1,1,417,929.0,22992.75,2,34222.0,100.0,27.146280170650456,929.0,all_outpatient_procedures_reporting_proxy,not_yet_filtered_by_sigtap
293020,8,8,0,0,0,0.0,0.0,0,38154.0,0.0,0.0,,all_outpatient_procedures_reporting_proxy,not_yet_filtered_by_sigtap
293030,8,8,2,2,227,3736.0,34872.3,6,17066.0,25.0,218.91480135942808,1868.0,all_outpatient_procedures_reporting_proxy,not_yet_filtered_by_sigtap
293040,9,8,1,1,40,114.0,8550.0,1,17996.0,12.5,6.334741053567459,114.0,all_outpatient_procedures_reporting_proxy,not_yet_filtered_by_sigtap
293050,26,24,0,0,0,0.0,0.0,0,80435.0,0.0,0.0,,all_outpatient_procedures_reporting_proxy,not_yet_filtered_by_sigtap
293060,5,5,1,1,112,318.0,23850.0,3,13335.0,20.0,23.847019122609673,318.0,all_outpatient_procedures_reporting_proxy,not_yet_filtered_by_sigtap
293070,19,19,2,2,7240,11788.0,71335.56999999996,4,114559.0,10.526315789473683,102.89894290278372,5894.0,all_outpatient_procedures_reporting_proxy,not_yet_filtered_by_sigtap
293075,7,6,0,0,0,0.0,0.0,0,13408.0,0.0,0.0,,all_outpatient_procedures_reporting_proxy,not_yet_filtered_by_sigtap
293076,6,6,1,1,142,408.0,44200.0,3,14773.0,16.666666666666664,27.617951668584578,408.0,all_outpatient_procedures_reporting_proxy,not_yet_filtered_by_sigtap
293077,10,8,0,0,0,0.0,0.0,0,25475.0,0.0,0.0,,all_outpatient_procedures_reporting_proxy,not_yet_filtered_by_sigtap
293080,10,10,0,0,0,0.0,0.0,0,17054.0,0.0,0.0,,all_outpatient_procedures_reporting_proxy,not_yet_filtered_by_sigtap
293090,1,1,0,0,0,0.0,0.0,0,11979.0,0.0,0.0,,all_outpatient_procedures_reporting_proxy,not_yet_filtered_by_sigtap
293100,10,9,1,1,47,47.0,10575.0,1,21006.0,11.11111111111111,2.237455964962392,47.0,all_outpatient_procedures_reporting_proxy,not_yet_filtered_by_sigtap
293105,11,10,0,0,0,0.0,0.0,0,17158.0,0.0,0.0,,all_outpatient_procedures_reporting_proxy,not_yet_filtered_by_sigtap
293110,6,4,1,1,2,24.0,0.0,1,7717.0,25.0,3.1100168459245823,24.0,all_outpatient_procedures_reporting_proxy,not_yet_filtered_by_sigtap
293120,12,11,1,1,287,4331.0,12229.56,3,18044.0,9.090909090909092,240.02438483706496,4331.0,all_outpatient_procedures_reporting_proxy,not_yet_filtered_by_sigtap
293130,5,5,1,1,20,20.0,4500.0,1,15818.0,20.0,1.2643823492224047,20.0,all_outpatient_procedures_reporting_proxy,not_yet_filtered_by_sigtap
293135,45,44,0,0,0,0.0,0.0,0,145216.0,0.0,0.0,,all_outpatient_procedures_reporting_proxy,not_yet_filtered_by_sigtap
293140,5,5,1,1,238,347.0,11103.1,3,7110.0,20.0,48.80450070323488,347.0,all_outpatient_procedures_reporting_proxy,not_yet_filtered_by_sigtap
293150,12,12,1,1,4,54.0,0.0,2,21176.0,8.333333333333332,2.5500566679259538,54.0,all_outpatient_procedures_reporting_proxy,not_yet_filtered_by_sigtap
293160,7,7,0,0,0,0.0,0.0,0,15332.0,0.0,0.0,,all_outpatient_procedures_reporting_proxy,not_yet_filtered_by_sigtap
293170,5,5,0,0,0,0.0,0.0,0,10798.0,0.0,0.0,,all_outpatient_procedures_reporting_proxy,not_yet_filtered_by_sigtap
293180,11,11,3,3,588,7612.0,51135.44999999998,8,16296.0,27.27272727272727,467.1084928816888,2537.3333333333335,all_outpatient_procedures_reporting_proxy,not_yet_filtered_by_sigtap
293190,22,21,1,1,72,72.0,16200.0,2,48736.0,4.761904761904762,1.4773473407747866,72.0,all_outpatient_procedures_reporting_proxy,not_yet_filtered_by_sigtap
293200,3,3,1,1,2017,250806.0,1255479.1500000043,3,24665.0,33.33333333333333,10168.497871477803,250806.0,all_outpatient_procedures_reporting_proxy,not_yet_filtered_by_sigtap
293210,7,7,1,1,1077,2061.0,23492.59999999999,3,18626.0,14.285714285714285,110.65177708579405,2061.0,all_outpatient_procedures_reporting_proxy,not_yet_filtered_by_sigtap
293220,9,9,6,6,170,429.0,1515.2600000000002,11,17596.0,66.66666666666666,24.380541032052736,71.5,all_outpatient_procedures_reporting_proxy,not_yet_filtered_by_sigtap
293230,8,7,0,0,0,0.0,0.0,0,16094.0,0.0,0.0,,all_outpatient_procedures_reporting_proxy,not_yet_filtered_by_sigtap
293240,5,5,0,0,0,0.0,0.0,0,13432.0,0.0,0.0,,all_outpatient_procedures_reporting_proxy,not_yet_filtered_by_sigtap
293245,11,9,1,1,60,60.0,13500.0,2,13642.0,11.11111111111111,4.398182084738308,60.0,all_outpatient_procedures_reporting_proxy,not_yet_filtered_by_sigtap
293250,10,10,3,3,311,695.0,1906.5999999999983,5,18131.0,30.0,38.33213832662291,231.66666666666666,all_outpatient_procedures_reporting_proxy,not_yet_filtered_by_sigtap
293260,6,6,1,1,370,370.0,141228.44000000018,3,15355.0,16.666666666666664,24.096385542168676,370.0,all_outpatient_procedures_reporting_proxy,not_yet_filtered_by_sigtap
293270,9,9,4,4,676,711.0,96683.60000000012,10,21420.0,44.44444444444444,33.19327731092437,177.75,all_outpatient_procedures_reporting_proxy,not_yet_filtered_by_sigtap
293280,5,5,1,1,42,8630.0,23664.7,3,16277.0,20.0,530.1959820605763,8630.0,all_outpatient_procedures_reporting_proxy,not_yet_filtered_by_sigtap
293290,32,30,0,0,0,0.0,0.0,0,85655.0,0.0,0.0,,all_outpatient_procedures_reporting_proxy,not_yet_filtered_by_sigtap
293300,14,13,2,2,1895,7762.0,81167.35000000005,6,24362.0,15.384615384615385,318.61095148181596,3881.0,all_outpatient_procedures_reporting_proxy,not_yet_filtered_by_sigtap
293305,6,6,1,1,125,357.0,26775.0,3,13800.0,16.666666666666664,25.869565217391305,357.0,all_outpatient_procedures_reporting_proxy,not_yet_filtered_by_sigtap
293310,4,3,0,0,0,0.0,0.0,0,8101.0,0.0,0.0,,all_outpatient_procedures_reporting_proxy,not_yet_filtered_by_sigtap
293315,8,7,0,0,0,0.0,0.0,0,13377.0,0.0,0.0,,all_outpatient_procedures_reporting_proxy,not_yet_filtered_by_sigtap
293317,5,5,0,0,0,0.0,0.0,0,9913.0,0.0,0.0,,all_outpatient_procedures_reporting_proxy,not_yet_filtered_by_sigtap
293320,14,14,0,0,0,0.0,0.0,0,42529.0,0.0,0.0,,all_outpatient_procedures_reporting_proxy,not_yet_filtered_by_sigtap
293325,3,3,0,0,0,0.0,0.0,0,6003.0,0.0,0.0,,all_outpatient_procedures_reporting_proxy,not_yet_filtered_by_sigtap
293330,51,51,1,1,358,2020.0,13103.3,3,370879.0,1.9607843137254901,5.446520293680688,2020.0,all_outpatient_procedures_reporting_proxy,not_yet_filtered_by_sigtap
293340,4,4,1,1,41,41.0,9225.0,2,9503.0,25.0,4.314427023045353,41.0,all_outpatient_procedures_reporting_proxy,not_yet_filtered_by_sigtap
293345,1,1,1,1,64,180.0,13500.0,2,12968.0,100.0,13.880320789636027,180.0,all_outpatient_procedures_reporting_proxy,not_yet_filtered_by_sigtap
293350,9,8,8,8,210,2482.0,16533.699999999997,16,24474.0,100.0,101.41374519898667,310.25,all_outpatient_procedures_reporting_proxy,not_yet_filtered_by_sigtap
293360,12,12,1,1,43,123.0,9225.0,1,44757.0,8.333333333333332,2.7481734700717206,123.0,all_outpatient_procedures_reporting_proxy,not_yet_filtered_by_sigtap
310010,2,2,1,1,204,6294.0,32393.21999999997,1,6272.0,50.0,1003.5076530612246,6294.0,all_outpatient_procedures_reporting_proxy,not_yet_filtered_by_sigtap
310020,7,6,5,5,48,113.0,7425.0,5,22675.0,83.33333333333334,4.983461962513782,22.6,all_outpatient_procedures_reporting_proxy,not_yet_filtered_by_sigtap
310030,2,2,1,1,1205,6240.0,27643.24999999999,1,13927.0,50.0,448.05054929274075,6240.0,all_outpatient_procedures_reporting_proxy,not_yet_filtered_by_sigtap
310040,4,3,1,1,421,4873.0,19366.95000000018,1,3909.0,33.33333333333333,1246.6103862880534,4873.0,all_outpatient_procedures_reporting_proxy,not_yet_filtered_by_sigtap
310050,5,4,2,2,662,1307.0,10210.499999999942,2,8943.0,50.0,146.14782511461476,653.5,all_outpatient_procedures_reporting_proxy,not_yet_filtered_by_sigtap
310060,4,4,0,0,0,0.0,0.0,0,12589.0,0.0,0.0,,all_outpatient_procedures_reporting_proxy,not_yet_filtered_by_sigtap
310070,2,2,2,2,741,6080.0,15811.399999999954,2,2108.0,100.0,2884.250474383302,3040.0,all_outpatient_procedures_reporting_proxy,not_yet_filtered_by_sigtap
310080,5,5,0,0,0,0.0,0.0,0,4357.0,0.0,0.0,,all_outpatient_procedures_reporting_proxy,not_yet_filtered_by_sigtap
310090,9,9,0,0,0,0.0,0.0,0,18448.0,0.0,0.0,,all_outpatient_procedures_reporting_proxy,not_yet_filtered_by_sigtap
310100,7,7,2,2,354,2155.0,18799.20000000002,2,14037.0,28.57142857142857,153.52283251406996,1077.5,all_outpatient_procedures_reporting_proxy,not_yet_filtered_by_sigtap
310110,9,9,1,1,2646,13547.0,84582.47999999834,1,25269.0,11.11111111111111,536.1114408959595,13547.0,all_outpatient_procedures_reporting_proxy,not_yet_filtered_by_sigtap
310120,4,3,0,0,0,0.0,0.0,0,6233.0,0.0,0.0,,all_outpatient_procedures_reporting_proxy,not_yet_filtered_by_sigtap
310130,2,1,0,0,0,0.0,0.0,0,2749.0,0.0,0.0,,all_outpatient_procedures_reporting_proxy,not_yet_filtered_by_sigtap
310140,1,1,0,0,0,0.0,0.0,0,2952.0,0.0,0.0,,all_outpatient_procedures_reporting_proxy,not_yet_filtered_by_sigtap
310150,13,12,1,1,35,323.0,1627.6900000000005,1,30717.0,8.333333333333332,10.515349806296188,323.0,all_outpatient_procedures_reporting_proxy,not_yet_filtered_by_sigtap
310160,29,26,0,0,0,0.0,0.0,0,78970.0,0.0,0.0,,all_outpatient_procedures_reporting_proxy,not_yet_filtered_by_sigtap
310163,2,2,2,2,751,7037.0,46485.93999999974,2,6931.0,100.0,1015.2936084259126,3518.5,all_outpatient_procedures_reporting_proxy,not_yet_filtered_by_sigtap
310170,11,11,1,1,98,98.0,22050.0,1,40364.0,9.090909090909092,2.4279060549004066,98.0,all_outpatient_procedures_reporting_proxy,not_yet_filtered_by_sigtap
310180,3,3,0,0,0,0.0,0.0,0,6903.0,0.0,0.0,,all_outpatient_procedures_reporting_proxy,not_yet_filtered_by_sigtap
310190,8,6,0,0,0,0.0,0.0,0,18300.0,0.0,0.0,,all_outpatient_procedures_reporting_proxy,not_yet_filtered_by_sigtap
310200,5,5,0,0,0,0.0,0.0,0,13915.0,0.0,0.0,,all_outpatient_procedures_reporting_proxy,not_yet_filtered_by_sigtap
310205,3,3,2,2,268,5173.0,39483.79000000006,2,5795.0,66.66666666666666,892.6660914581536,2586.5,all_outpatient_procedures_reporting_proxy,not_yet_filtered_by_sigtap
310210,2,2,1,1,1151,1517.0,13138.150000000192,1,10891.0,50.0,139.28932145808466,1517.0,all_outpatient_procedures_reporting_proxy,not_yet_filtered_by_sigtap
310220,2,2,1,1,163,625.0,7364.480000000002,1,3975.0,50.0,157.2327044025157,625.0,all_outpatient_procedures_reporting_proxy,not_yet_filtered_by_sigtap
310230,6,6,1,1,116,116.0,3795.549999999994,1,15059.0,16.666666666666664,7.7030347300617565,116.0,all_outpatient_procedures_reporting_proxy,not_yet_filtered_by_sigtap
310240,3,3,1,1,555,5544.0,31538.579999999733,1,4159.0,33.33333333333333,1333.012743447944,5544.0,all_outpatient_procedures_reporting_proxy,not_yet_filtered_by_sigtap
310250,3,2,0,0,0,0.0,0.0,0,4541.0,0.0,0.0,,all_outpatient_procedures_reporting_proxy,not_yet_filtered_by_sigtap
310260,11,9,3,3,7,8.0,0.0,3,40553.0,33.33333333333333,0.19727270485537443,2.6666666666666665,all_outpatient_procedures_reporting_proxy,not_yet_filtered_by_sigtap
310270,6,6,0,0,0,0.0,0.0,0,9110.0,0.0,0.0,,all_outpatient_procedures_reporting_proxy,not_yet_filtered_by_sigtap
310280,4,4,4,4,967,7403.0,2589.69,4,11927.0,100.0,620.6925463234677,1850.75,all_outpatient_procedures_reporting_proxy,not_yet_filtered_by_sigtap
310285,5,5,2,2,80,2405.0,17659.879999999997,2,7718.0,40.0,311.6092251878725,1202.5,all_outpatient_procedures_reporting_proxy,not_yet_filtered_by_sigtap
310290,4,4,1,1,22,23.0,5175.0,1,11095.0,25.0,2.0730058584948177,23.0,all_outpatient_procedures_reporting_proxy,not_yet_filtered_by_sigtap
310300,7,7,0,0,0,0.0,0.0,0,9219.0,0.0,0.0,,all_outpatient_procedures_reporting_proxy,not_yet_filtered_by_sigtap
310310,1,1,0,0,0,0.0,0.0,0,1538.0,0.0,0.0,,all_outpatient_procedures_reporting_proxy,not_yet_filtered_by_sigtap
310320,2,2,1,1,351,2066.0,3350.2300000000155,1,2181.0,50.0,947.2718936267767,2066.0,all_outpatient_procedures_reporting_proxy,not_yet_filtered_by_sigtap
310330,1,1,1,1,554,3244.0,6410.810000000032,1,2049.0,100.0,1583.2113225963885,3244.0,all_outpatient_procedures_reporting_proxy,not_yet_filtered_by_sigtap
310340,14,14,0,0,0,0.0,0.0,0,34297.0,0.0,0.0,,all_outpatient_procedures_reporting_proxy,not_yet_filtered_by_sigtap
310350,31,30,0,0,0,0.0,0.0,0,117808.0,0.0,0.0,,all_outpatient_procedures_reporting_proxy,not_yet_filtered_by_sigtap
310360,1,1,0,0,0,0.0,0.0,0,2915.0,0.0,0.0,,all_outpatient_procedures_reporting_proxy,not_yet_filtered_by_sigtap
310370,5,5,5,5,2139,25234.0,54655.49000000035,5,8048.0,100.0,3135.437375745527,5046.8,all_outpatient_procedures_reporting_proxy,not_yet_filtered_by_sigtap
310375,3,3,0,0,0,0.0,0.0,0,8479.0,0.0,0.0,,all_outpatient_procedures_reporting_proxy,not_yet_filtered_by_sigtap
310380,2,2,1,1,769,5779.0,27349.449999999884,1,2631.0,50.0,2196.5032307107563,5779.0,all_outpatient_procedures_reporting_proxy,not_yet_filtered_by_sigtap
310390,6,5,0,0,0,0.0,0.0,0,9199.0,0.0,0.0,,all_outpatient_procedures_reporting_proxy,not_yet_filtered_by_sigtap
310400,26,22,0,0,0,0.0,0.0,0,111691.0,0.0,0.0,,all_outpatient_procedures_reporting_proxy,not_yet_filtered_by_sigtap
310410,5,5,2,2,280,1043.0,7706.079999999999,2,9177.0,40.0,113.65369946605644,521.5,all_outpatient_procedures_reporting_proxy,not_yet_filtered_by_sigtap
310420,15,14,0,0,0,0.0,0.0,0,41416.0,0.0,0.0,,all_outpatient_procedures_reporting_proxy,not_yet_filtered_by_sigtap
310430,5,5,1,1,2,300.0,3000.0,1,13881.0,20.0,21.61227577263886,300.0,all_outpatient_procedures_reporting_proxy,not_yet_filtered_by_sigtap
310440,3,3,2,2,595,2897.0,13475.11000000002,2,2688.0,66.66666666666666,1077.7529761904764,1448.5,all_outpatient_procedures_reporting_proxy,not_yet_filtered_by_sigtap
310445,2,2,1,1,297,5164.0,25387.190000000133,1,4719.0,50.0,1094.2996397541854,5164.0,all_outpatient_procedures_reporting_proxy,not_yet_filtered_by_sigtap
310450,11,8,0,0,0,0.0,0.0,0,17272.0,0.0,0.0,,all_outpatient_procedures_reporting_proxy,not_yet_filtered_by_sigtap
310460,9,8,2,2,100,230.0,7158.25,2,14138.0,25.0,16.268213325788654,115.0,all_outpatient_procedures_reporting_proxy,not_yet_filtered_by_sigtap
310470,7,7,1,1,350,1849.0,7608.970000000048,1,13736.0,14.285714285714285,134.60978450786254,1849.0,all_outpatient_procedures_reporting_proxy,not_yet_filtered_by_sigtap
310480,1,1,0,0,0,0.0,0.0,0,4538.0,0.0,0.0,,all_outpatient_procedures_reporting_proxy,not_yet_filtered_by_sigtap
310490,9,8,0,0,0,0.0,0.0,0,18366.0,0.0,0.0,,all_outpatient_procedures_reporting_proxy,not_yet_filtered_by_sigtap
310500,2,2,2,2,533,8351.0,48328.54999999984,2,7492.0,100.0,1114.6556326748532,4175.5,all_outpatient_procedures_reporting_proxy,not_yet_filtered_by_sigtap
310510,8,7,0,0,0,0.0,0.0,0,23546.0,0.0,0.0,,all_outpatient_procedures_reporting_proxy,not_yet_filtered_by_sigtap
310520,2,2,2,2,507,2633.0,25633.500000000033,2,4741.0,100.0,555.3680658089011,1316.5,all_outpatient_procedures_reporting_proxy,not_yet_filtered_by_sigtap
310530,3,3,0,0,0,0.0,0.0,0,5943.0,0.0,0.0,,all_outpatient_procedures_reporting_proxy,not_yet_filtered_by_sigtap
310540,11,10,0,0,0,0.0,0.0,0,30778.0,0.0,0.0,,all_outpatient_procedures_reporting_proxy,not_yet_filtered_by_sigtap
310550,4,4,1,1,322,3942.0,49015.37999999971,1,4964.0,25.0,794.1176470588235,3942.0,all_outpatient_procedures_reporting_proxy,not_yet_filtered_by_sigtap
310560,24,24,0,0,0,0.0,0.0,0,125317.0,0.0,0.0,,all_outpatient_procedures_reporting_proxy,not_yet_filtered_by_sigtap
310570,4,4,1,1,158,742.0,7250.25,1,5666.0,25.0,130.95658312742674,742.0,all_outpatient_procedures_reporting_proxy,not_yet_filtered_by_sigtap
310590,7,7,1,1,26,72.0,5400.0,1,20080.0,14.285714285714285,3.585657370517928,72.0,all_outpatient_procedures_reporting_proxy,not_yet_filtered_by_sigtap
310600,5,5,2,2,2958,19874.0,79876.31999999454,2,10167.0,40.0,1954.7555817842037,9937.0,all_outpatient_procedures_reporting_proxy,not_yet_filtered_by_sigtap
310610,1,1,1,1,574,5049.0,23515.300000000043,1,3244.0,100.0,1556.4118372379778,5049.0,all_outpatient_procedures_reporting_proxy,not_yet_filtered_by_sigtap
310620,170,166,0,0,0,0.0,0.0,0,2315560.0,0.0,0.0,,all_outpatient_procedures_reporting_proxy,not_yet_filtered_by_sigtap
310630,13,11,5,5,449,860.0,39132.380000000005,5,23928.0,45.45454545454545,35.94115680374457,172.0,all_outpatient_procedures_reporting_proxy,not_yet_filtered_by_sigtap
310640,5,4,0,0,0,0.0,0.0,0,8627.0,0.0,0.0,,all_outpatient_procedures_reporting_proxy,not_yet_filtered_by_sigtap
310650,6,5,0,0,0,0.0,0.0,0,9826.0,0.0,0.0,,all_outpatient_procedures_reporting_proxy,not_yet_filtered_by_sigtap
310660,2,2,2,2,604,3353.0,16685.700000000008,2,4451.0,100.0,753.3138620534712,1676.5,all_outpatient_procedures_reporting_proxy,not_yet_filtered_by_sigtap
310665,3,3,2,2,785,4749.0,40932.530000000144,2,4201.0,66.66666666666666,1130.445132111402,2374.5,all_outpatient_procedures_reporting_proxy,not_yet_filtered_by_sigtap
310670,43,42,0,0,0,0.0,0.0,0,411846.0,0.0,0.0,,all_outpatient_procedures_reporting_proxy,not_yet_filtered_by_sigtap
310680,4,1,1,1,247,4502.0,5515.949999999996,1,3361.0,100.0,1339.482296935436,4502.0,all_outpatient_procedures_reporting_proxy,not_yet_filtered_by_sigtap
310700,2,2,0,0,0,0.0,0.0,0,2383.0,0.0,0.0,,all_outpatient_procedures_reporting_proxy,not_yet_filtered_by_sigtap
310710,17,16,0,0,0,0.0,0.0,0,39848.0,0.0,0.0,,all_outpatient_procedures_reporting_proxy,not_yet_filtered_by_sigtap
310720,2,2,1,1,330,441.0,1742.4500000000105,1,5348.0,50.0,82.4607329842932,441.0,all_outpatient_procedures_reporting_proxy,not_yet_filtered_by_sigtap
310730,14,13,3,3,630,10775.0,13768.480000000001,3,48032.0,23.076923076923077,224.32961359093937,3591.6666666666665,all_outpatient_procedures_reporting_proxy,not_yet_filtered_by_sigtap
310740,18,15,0,0,0,0.0,0.0,0,51737.0,0.0,0.0,,all_outpatient_procedures_reporting_proxy,not_yet_filtered_by_sigtap
310750,2,2,1,1,397,11385.0,68519.14000000003,1,6783.0,50.0,1678.4608580274214,11385.0,all_outpatient_procedures_reporting_proxy,not_yet_filtered_by_sigtap
310760,3,3,0,0,0,0.0,0.0,0,4474.0,0.0,0.0,,all_outpatient_procedures_reporting_proxy,not_yet_filtered_by_sigtap
310770,2,2,0,0,0,0.0,0.0,0,5631.0,0.0,0.0,,all_outpatient_procedures_reporting_proxy,not_yet_filtered_by_sigtap
310780,2,2,1,1,1036,2983.0,15799.450000000134,1,14536.0,50.0,205.2146395156852,2983.0,all_outpatient_procedures_reporting_proxy,not_yet_filtered_by_sigtap
310790,4,4,2,2,622,1746.0,10871.750000000038,2,12649.0,50.0,138.03462724326036,873.0,all_outpatient_procedures_reporting_proxy,not_yet_filtered_by_sigtap
310800,8,7,0,0,0,0.0,0.0,0,17151.0,0.0,0.0,,all_outpatient_procedures_reporting_proxy,not_yet_filtered_by_sigtap
310810,1,1,0,0,0,0.0,0.0,0,7434.0,0.0,0.0,,all_outpatient_procedures_reporting_proxy,not_yet_filtered_by_sigtap
310820,3,3,3,3,359,1640.0,5721.380000000005,3,5528.0,100.0,296.671490593343,546.6666666666666,all_outpatient_procedures_reporting_proxy,not_yet_filtered_by_sigtap
310825,12,12,1,1,77,89.0,11295.239999999994,1,10204.0,8.333333333333332,8.722069776558213,89.0,all_outpatient_procedures_reporting_proxy,not_yet_filtered_by_sigtap
310830,2,2,0,0,0,0.0,0.0,0,17404.0,0.0,0.0,,all_outpatient_procedures_reporting_proxy,not_yet_filtered_by_sigtap
310840,9,8,1,1,951,1552.0,10941.7200000001,1,14828.0,12.5,104.66684650660912,1552.0,all_outpatient_procedures_reporting_proxy,not_yet_filtered_by_sigtap
310850,4,4,2,2,840,5293.0,50472.42000000025,2,5790.0,50.0,914.1623488773748,2646.5,all_outpatient_procedures_reporting_proxy,not_yet_filtered_by_sigtap
310855,8,8,2,2,307,16250.0,65543.2599999996,2,15020.0,25.0,1081.8908122503328,8125.0,all_outpatient_procedures_reporting_proxy,not_yet_filtered_by_sigtap
310860,16,15,0,0,0,0.0,0.0,0,32025.0,0.0,0.0,,all_outpatient_procedures_reporting_proxy,not_yet_filtered_by_sigtap
310870,3,3,2,2,309,5091.0,47312.579999999914,2,4260.0,66.66666666666666,1195.0704225352113,2545.5,all_outpatient_procedures_reporting_proxy,not_yet_filtered_by_sigtap
310880,3,3,0,0,0,0.0,0.0,0,4441.0,0.0,0.0,,all_outpatient_procedures_reporting_proxy,not_yet_filtered_by_sigtap
310890,6,6,0,0,0,0.0,0.0,0,14246.0,0.0,0.0,,all_outpatient_procedures_reporting_proxy,not_yet_filtered_by_sigtap
310900,19,18,0,0,0,0.0,0.0,0,38915.0,0.0,0.0,,all_outpatient_procedures_reporting_proxy,not_yet_filtered_by_sigtap
310910,5,5,1,1,1290,5387.0,31286.699999999888,1,10911.0,20.0,493.7219319952342,5387.0,all_outpatient_procedures_reporting_proxy,not_yet_filtered_by_sigtap
310920,4,4,2,2,333,3706.0,22585.010000000042,2,9150.0,50.0,405.02732240437155,1853.0,all_outpatient_procedures_reporting_proxy,not_yet_filtered_by_sigtap
310925,1,1,0,0,0,0.0,0.0,0,4041.0,0.0,0.0,,all_outpatient_procedures_reporting_proxy,not_yet_filtered_by_sigtap
310930,10,10,5,5,478,26432.0,90309.49000000008,5,24030.0,50.0,1099.9583853516438,5286.4,all_outpatient_procedures_reporting_proxy,not_yet_filtered_by_sigtap
310940,7,7,0,0,0,0.0,0.0,0,23910.0,0.0,0.0,,all_outpatient_procedures_reporting_proxy,not_yet_filtered_by_sigtap
310945,2,2,2,2,229,1283.0,6812.520000000001,2,6627.0,100.0,193.60193149237966,641.5,all_outpatient_procedures_reporting_proxy,not_yet_filtered_by_sigtap
310950,4,4,0,0,0,0.0,0.0,0,11410.0,0.0,0.0,,all_outpatient_procedures_reporting_proxy,not_yet_filtered_by_sigtap
310960,1,1,1,1,1306,5003.0,26988.919999999664,1,3693.0,100.0,1354.725155699973,5003.0,all_outpatient_procedures_reporting_proxy,not_yet_filtered_by_sigtap
310970,2,2,0,0,0,0.0,0.0,0,11883.0,0.0,0.0,,all_outpatient_procedures_reporting_proxy,not_yet_filtered_by_sigtap
310980,1,1,1,1,1,945.0,0.0,1,2315.0,100.0,408.207343412527,945.0,all_outpatient_procedures_reporting_proxy,not_yet_filtered_by_sigtap
310990,2,2,2,2,1006,3974.0,21649.43000000004,2,11435.0,100.0,347.5295146480105,1987.0,all_outpatient_procedures_reporting_proxy,not_yet_filtered_by_sigtap
311000,11,11,0,0,0,0.0,0.0,0,38776.0,0.0,0.0,,all_outpatient_procedures_reporting_proxy,not_yet_filtered_by_sigtap
311010,3,3,2,2,667,1915.0,15440.510000000026,2,5304.0,66.66666666666666,361.04826546003017,957.5,all_outpatient_procedures_reporting_proxy,not_yet_filtered_by_sigtap
311020,2,2,1,1,3193,4117.0,30753.699999999302,1,4088.0,50.0,1007.0939334637965,4117.0,all_outpatient_procedures_reporting_proxy,not_yet_filtered_by_sigtap
311030,5,5,0,0,0,0.0,0.0,0,14217.0,0.0,0.0,,all_outpatient_procedures_reporting_proxy,not_yet_filtered_by_sigtap
311040,3,3,0,0,0,0.0,0.0,0,2838.0,0.0,0.0,,all_outpatient_procedures_reporting_proxy,not_yet_filtered_by_sigtap
311050,9,8,1,1,585,2957.0,22395.42000000023,1,26097.0,12.5,113.30804307008468,2957.0,all_outpatient_procedures_reporting_proxy,not_yet_filtered_by_sigtap
311060,14,13,3,3,539,2711.0,31209.870000000174,3,29536.0,23.076923076923077,91.78629469122426,903.6666666666666,all_outpatient_procedures_reporting_proxy,not_yet_filtered_by_sigtap
311070,7,7,2,2,443,9038.0,83092.74999999987,2,12313.0,28.57142857142857,734.0209534638187,4519.0,all_outpatient_procedures_reporting_proxy,not_yet_filtered_by_sigtap
311080,2,2,0,0,0,0.0,0.0,0,2923.0,0.0,0.0,,all_outpatient_procedures_reporting_proxy,not_yet_filtered_by_sigtap
311090,8,7,7,7,2315,17423.0,1135.4199999999996,7,15935.0,100.0,1093.3793536240978,2489.0,all_outpatient_procedures_reporting_proxy,not_yet_filtered_by_sigtap
311100,10,9,0,0,0,0.0,0.0,0,20696.0,0.0,0.0,,all_outpatient_procedures_reporting_proxy,not_yet_filtered_by_sigtap
311110,7,6,3,3,3,488.0,0.0,3,18011.0,50.0,27.09455332852146,162.66666666666666,all_outpatient_procedures_reporting_proxy,not_yet_filtered_by_sigtap
311115,1,1,1,1,78,2991.0,15967.259999999997,1,3714.0,100.0,805.3311793214863,2991.0,all_outpatient_procedures_reporting_proxy,not_yet_filtered_by_sigtap
311120,18,17,0,0,0,0.0,0.0,0,52277.0,0.0,0.0,,all_outpatient_procedures_reporting_proxy,not_yet_filtered_by_sigtap
311130,6,6,1,1,19,47.0,3600.0,1,11377.0,16.666666666666664,4.131141777269931,47.0,all_outpatient_procedures_reporting_proxy,not_yet_filtered_by_sigtap
311140,2,2,2,2,2,413.0,2601.9,2,8466.0,100.0,48.783368769194425,206.5,all_outpatient_procedures_reporting_proxy,not_yet_filtered_by_sigtap
311150,6,4,1,1,1,9.0,217.8,1,12979.0,25.0,0.6934278449803529,9.0,all_outpatient_procedures_reporting_proxy,not_yet_filtered_by_sigtap
311160,14,13,2,2,2664,10049.0,8473.62,2,26105.0,15.384615384615385,384.945412756177,5024.5,all_outpatient_procedures_reporting_proxy,not_yet_filtered_by_sigtap
311170,4,4,4,4,4814,14797.0,64712.770000001605,4,4715.0,100.0,3138.282078472959,3699.25,all_outpatient_procedures_reporting_proxy,not_yet_filtered_by_sigtap
311180,7,7,5,5,773,10702.0,50428.46999999992,5,10608.0,71.42857142857143,1008.8612368024133,2140.4,all_outpatient_procedures_reporting_proxy,not_yet_filtered_by_sigtap
311190,2,2,0,0,0,0.0,0.0,0,5272.0,0.0,0.0,,all_outpatient_procedures_reporting_proxy,not_yet_filtered_by_sigtap
311200,6,6,0,0,0,0.0,0.0,0,14001.0,0.0,0.0,,all_outpatient_procedures_reporting_proxy,not_yet_filtered_by_sigtap
311205,3,3,0,0,0,0.0,0.0,0,3974.0,0.0,0.0,,all_outpatient_procedures_reporting_proxy,not_yet_filtered_by_sigtap
311210,1,1,1,1,1088,4807.0,16427.69999999989,1,5048.0,100.0,952.2583201267829,4807.0,all_outpatient_procedures_reporting_proxy,not_yet_filtered_by_sigtap
311220,2,2,2,2,1078,4534.0,32186.14000000041,2,4362.0,100.0,1039.431453461715,2267.0,all_outpatient_procedures_reporting_proxy,not_yet_filtered_by_sigtap
311230,17,17,3,3,1570,1643.0,38505.03999999995,3,39626.0,17.647058823529413,41.462676020794426,547.6666666666666,all_outpatient_procedures_reporting_proxy,not_yet_filtered_by_sigtap
311240,3,3,0,0,0,0.0,0.0,0,6562.0,0.0,0.0,,all_outpatient_procedures_reporting_proxy,not_yet_filtered_by_sigtap
311250,4,4,0,0,0,0.0,0.0,0,10663.0,0.0,0.0,,all_outpatient_procedures_reporting_proxy,not_yet_filtered_by_sigtap
311260,5,5,2,2,46,138.0,8362.8,2,14655.0,40.0,9.416581371545549,69.0,all_outpatient_procedures_reporting_proxy,not_yet_filtered_by_sigtap
311265,4,4,2,2,25,4017.0,34310.960000000014,2,4585.0,50.0,876.1177753544166,2008.5,all_outpatient_procedures_reporting_proxy,not_yet_filtered_by_sigtap
311270,12,9,2,2,312,778.0,3826.350000000018,2,14108.0,22.22222222222222,55.146016444570456,389.0,all_outpatient_procedures_reporting_proxy,not_yet_filtered_by_sigtap
311280,5,3,1,1,26,75.0,5400.0,1,10380.0,33.33333333333333,7.22543352601156,75.0,all_outpatient_procedures_reporting_proxy,not_yet_filtered_by_sigtap
311290,7,6,0,0,0,0.0,0.0,0,8936.0,0.0,0.0,,all_outpatient_procedures_reporting_proxy,not_yet_filtered_by_sigtap
311300,7,7,1,1,156,438.0,6457.100000000012,1,19548.0,14.285714285714285,22.406384284837323,438.0,all_outpatient_procedures_reporting_proxy,not_yet_filtered_by_sigtap
311310,2,2,1,1,116,3643.0,24848.66,1,2933.0,50.0,1242.072962836686,3643.0,all_outpatient_procedures_reporting_proxy,not_yet_filtered_by_sigtap
311320,10,10,7,7,168,168.0,10350.0,7,23812.0,70.0,7.05526625230976,24.0,all_outpatient_procedures_reporting_proxy,not_yet_filtered_by_sigtap
311330,13,13,0,0,0,0.0,0.0,0,31240.0,0.0,0.0,,all_outpatient_procedures_reporting_proxy,not_yet_filtered_by_sigtap
311340,31,27,4,4,5353,11936.0,105244.83999999882,4,87360.0,14.814814814814813,136.6300366300366,2984.0,all_outpatient_procedures_reporting_proxy,not_yet_filtered_by_sigtap
311350,3,3,2,2,986,6743.0,33894.19999999997,2,8512.0,66.66666666666666,792.1757518796992,3371.5,all_outpatient_procedures_reporting_proxy,not_yet_filtered_by_sigtap
311360,1,1,0,0,0,0.0,0.0,0,6816.0,0.0,0.0,,all_outpatient_procedures_reporting_proxy,not_yet_filtered_by_sigtap
311370,7,7,2,2,748,5045.0,36195.299999999756,2,18615.0,28.57142857142857,271.0179962395917,2522.5,all_outpatient_procedures_reporting_proxy,not_yet_filtered_by_sigtap
311380,3,2,1,1,450,3900.0,13599.279999999908,1,2605.0,50.0,1497.1209213051823,3900.0,all_outpatient_procedures_reporting_proxy,not_yet_filtered_by_sigtap
311390,4,4,0,0,0,0.0,0.0,0,11547.0,0.0,0.0,,all_outpatient_procedures_reporting_proxy,not_yet_filtered_by_sigtap
311400,5,5,2,2,614,1665.0,16383.599999999948,2,11019.0,40.0,151.10264089300298,832.5,all_outpatient_procedures_reporting_proxy,not_yet_filtered_by_sigtap
311410,7,6,0,0,0,0.0,0.0,0,13797.0,0.0,0.0,,all_outpatient_procedures_reporting_proxy,not_yet_filtered_by_sigtap
311420,9,8,0,0,0,0.0,0.0,0,23479.0,0.0,0.0,,all_outpatient_procedures_reporting_proxy,not_yet_filtered_by_sigtap
311430,11,11,2,2,460,1687.0,366.49,2,29011.0,18.181818181818183,58.150356761228494,843.5,all_outpatient_procedures_reporting_proxy,not_yet_filtered_by_sigtap
311440,11,9,1,1,860,2711.0,13419.450000000192,1,20954.0,11.11111111111111,129.3786389233559,2711.0,all_outpatient_procedures_reporting_proxy,not_yet_filtered_by_sigtap
311450,7,7,0,0,0,0.0,0.0,0,18003.0,0.0,0.0,,all_outpatient_procedures_reporting_proxy,not_yet_filtered_by_sigtap
311455,5,5,0,0,0,0.0,0.0,0,9422.0,0.0,0.0,,all_outpatient_procedures_reporting_proxy,not_yet_filtered_by_sigtap
311460,2,2,0,0,0,0.0,0.0,0,4049.0,0.0,0.0,,all_outpatient_procedures_reporting_proxy,not_yet_filtered_by_sigtap
311470,2,2,0,0,0,0.0,0.0,0,3341.0,0.0,0.0,,all_outpatient_procedures_reporting_proxy,not_yet_filtered_by_sigtap
311480,2,2,2,2,537,4252.0,23797.78,2,4422.0,100.0,961.5558570782451,2126.0,all_outpatient_procedures_reporting_proxy,not_yet_filtered_by_sigtap
311490,2,1,0,0,0,0.0,0.0,0,2214.0,0.0,0.0,,all_outpatient_procedures_reporting_proxy,not_yet_filtered_by_sigtap
311500,2,2,0,0,0,0.0,0.0,0,2712.0,0.0,0.0,,all_outpatient_procedures_reporting_proxy,not_yet_filtered_by_sigtap
311510,8,7,3,3,1594,2032.0,14764.040000000106,3,17155.0,42.857142857142854,118.44943165257943,677.3333333333334,all_outpatient_procedures_reporting_proxy,not_yet_filtered_by_sigtap
311520,1,1,1,1,1048,9387.0,35780.73000000013,1,3560.0,100.0,2636.797752808989,9387.0,all_outpatient_procedures_reporting_proxy,not_yet_filtered_by_sigtap
311530,25,19,0,0,0,0.0,0.0,0,66261.0,0.0,0.0,,all_outpatient_procedures_reporting_proxy,not_yet_filtered_by_sigtap
311535,2,2,0,0,0,0.0,0.0,0,5473.0,0.0,0.0,,all_outpatient_procedures_reporting_proxy,not_yet_filtered_by_sigtap
311540,1,1,1,1,593,2129.0,18241.400000000245,1,3110.0,100.0,684.5659163987137,2129.0,all_outpatient_procedures_reporting_proxy,not_yet_filtered_by_sigtap
311545,3,3,0,0,0,0.0,0.0,0,7030.0,0.0,0.0,,all_outpatient_procedures_reporting_proxy,not_yet_filtered_by_sigtap
311547,3,3,2,2,428,3008.0,30886.70999999989,2,4739.0,66.66666666666666,634.7330660476895,1504.0,all_outpatient_procedures_reporting_proxy,not_yet_filtered_by_sigtap
311550,10,8,0,0,0,0.0,0.0,0,21056.0,0.0,0.0,,all_outpatient_procedures_reporting_proxy,not_yet_filtered_by_sigtap
311560,2,2,0,0,0,0.0,0.0,0,1081.0,0.0,0.0,,all_outpatient_procedures_reporting_proxy,not_yet_filtered_by_sigtap
311570,4,4,0,0,0,0.0,0.0,0,6171.0,0.0,0.0,,all_outpatient_procedures_reporting_proxy,not_yet_filtered_by_sigtap
311580,5,5,3,3,217,5607.0,39018.83999999992,3,10207.0,60.0,549.3288919369061,1869.0,all_outpatient_procedures_reporting_proxy,not_yet_filtered_by_sigtap
311590,2,2,0,0,0,0.0,0.0,0,3075.0,0.0,0.0,,all_outpatient_procedures_reporting_proxy,not_yet_filtered_by_sigtap
311600,2,2,1,1,222,2076.0,8666.730000000003,1,6075.0,50.0,341.7283950617284,2076.0,all_outpatient_procedures_reporting_proxy,not_yet_filtered_by_sigtap
311610,7,7,0,0,0,0.0,0.0,0,10337.0,0.0,0.0,,all_outpatient_procedures_reporting_proxy,not_yet_filtered_by_sigtap
311615,3,3,1,1,83,83.0,18675.0,1,12355.0,33.33333333333333,6.717927964386888,83.0,all_outpatient_procedures_reporting_proxy,not_yet_filtered_by_sigtap
311620,3,3,0,0,0,0.0,0.0,0,2800.0,0.0,0.0,,all_outpatient_procedures_reporting_proxy,not_yet_filtered_by_sigtap
311630,1,1,1,1,324,6823.0,35464.26999999995,1,5581.0,100.0,1222.5407633040675,6823.0,all_outpatient_procedures_reporting_proxy,not_yet_filtered_by_sigtap
311640,3,3,0,0,0,0.0,0.0,0,4658.0,0.0,0.0,,all_outpatient_procedures_reporting_proxy,not_yet_filtered_by_sigtap
311650,5,5,0,0,0,0.0,0.0,0,7166.0,0.0,0.0,,all_outpatient_procedures_reporting_proxy,not_yet_filtered_by_sigtap
311660,10,10,1,1,26,26.0,5850.0,1,30159.0,10.0,0.862097549653503,26.0,all_outpatient_procedures_reporting_proxy,not_yet_filtered_by_sigtap
311670,4,4,0,0,0,0.0,0.0,0,7117.0,0.0,0.0,,all_outpatient_procedures_reporting_proxy,not_yet_filtered_by_sigtap
311680,2,2,2,2,26,13634.0,0.0,2,8163.0,100.0,1670.219282126669,6817.0,all_outpatient_procedures_reporting_proxy,not_yet_filtered_by_sigtap
311690,1,1,0,0,0,0.0,0.0,0,2773.0,0.0,0.0,,all_outpatient_procedures_reporting_proxy,not_yet_filtered_by_sigtap
311700,5,5,0,0,0,0.0,0.0,0,6660.0,0.0,0.0,,all_outpatient_procedures_reporting_proxy,not_yet_filtered_by_sigtap
311710,4,4,0,0,0,0.0,0.0,0,10371.0,0.0,0.0,,all_outpatient_procedures_reporting_proxy,not_yet_filtered_by_sigtap
311720,2,2,0,0,0,0.0,0.0,0,2772.0,0.0,0.0,,all_outpatient_procedures_reporting_proxy,not_yet_filtered_by_sigtap
311730,13,8,0,0,0,0.0,0.0,0,28381.0,0.0,0.0,,all_outpatient_procedures_reporting_proxy,not_yet_filtered_by_sigtap
311740,2,2,1,1,224,1618.0,8477.830000000005,1,4409.0,50.0,366.9766386935813,1618.0,all_outpatient_procedures_reporting_proxy,not_yet_filtered_by_sigtap
311750,2,2,0,0,0,0.0,0.0,0,23163.0,0.0,0.0,,all_outpatient_procedures_reporting_proxy,not_yet_filtered_by_sigtap
311760,5,5,1,1,516,516.0,2554.1999999999944,1,5415.0,20.0,95.29085872576178,516.0,all_outpatient_procedures_reporting_proxy,not_yet_filtered_by_sigtap
311770,6,6,1,1,28,90.0,5719.5,1,12541.0,16.666666666666664,7.176461207240252,90.0,all_outpatient_procedures_reporting_proxy,not_yet_filtered_by_sigtap
311780,6,6,1,1,290,290.0,1435.5000000000075,1,10880.0,16.666666666666664,26.65441176470588,290.0,all_outpatient_procedures_reporting_proxy,not_yet_filtered_by_sigtap
311783,4,4,3,3,357,3041.0,26085.820000000043,3,7237.0,75.0,420.20174105292244,1013.6666666666666,all_outpatient_procedures_reporting_proxy,not_yet_filtered_by_sigtap
311787,4,4,0,0,0,0.0,0.0,0,7350.0,0.0,0.0,,all_outpatient_procedures_reporting_proxy,not_yet_filtered_by_sigtap
311790,6,6,0,0,0,0.0,0.0,0,11083.0,0.0,0.0,,all_outpatient_procedures_reporting_proxy,not_yet_filtered_by_sigtap
311800,21,21,16,16,115,196.0,0.0,16,52890.0,76.19047619047619,3.7058044999054642,12.25,all_outpatient_procedures_reporting_proxy,not_yet_filtered_by_sigtap
311810,3,3,0,0,0,0.0,0.0,0,4831.0,0.0,0.0,,all_outpatient_procedures_reporting_proxy,not_yet_filtered_by_sigtap
311820,6,4,2,2,188,726.0,2944.860000000006,2,6694.0,50.0,108.45533313414998,363.0,all_outpatient_procedures_reporting_proxy,not_yet_filtered_by_sigtap
311830,34,33,1,1,195,1460.0,4506.56,1,131621.0,3.0303030303030303,11.092454851429482,1460.0,all_outpatient_procedures_reporting_proxy,not_yet_filtered_by_sigtap
311840,7,7,2,2,1136,1706.0,25037.699999999808,2,20824.0,28.57142857142857,81.92470226661544,853.0,all_outpatient_procedures_reporting_proxy,not_yet_filtered_by_sigtap
311850,1,1,1,1,414,1225.0,6169.800000000015,1,1563.0,100.0,783.7492002559181,1225.0,all_outpatient_procedures_reporting_proxy,not_yet_filtered_by_sigtap
311860,136,70,0,0,0,0.0,0.0,0,621863.0,0.0,0.0,,all_outpatient_procedures_reporting_proxy,not_yet_filtered_by_sigtap
311870,4,4,4,4,329,1322.0,6543.8999999999905,4,9023.0,100.0,146.5144630389006,330.5,all_outpatient_procedures_reporting_proxy,not_yet_filtered_by_sigtap
311880,12,12,2,2,248,728.0,24327.499999999993,2,25377.0,16.666666666666664,28.687394097016984,364.0,all_outpatient_procedures_reporting_proxy,not_yet_filtered_by_sigtap
311890,5,4,0,0,0,0.0,0.0,0,7547.0,0.0,0.0,,all_outpatient_procedures_reporting_proxy,not_yet_filtered_by_sigtap
311900,4,4,1,1,408,2649.0,16612.679999999986,1,3200.0,25.0,827.8125,2649.0,all_outpatient_procedures_reporting_proxy,not_yet_filtered_by_sigtap
311910,10,9,0,0,0,0.0,0.0,0,23532.0,0.0,0.0,,all_outpatient_procedures_reporting_proxy,not_yet_filtered_by_sigtap
311920,6,6,2,2,846,3777.0,20920.470000000383,2,10884.0,33.33333333333333,347.0231532524807,1888.5,all_outpatient_procedures_reporting_proxy,not_yet_filtered_by_sigtap
311930,15,13,1,1,32,32.0,4725.0,1,28894.0,7.6923076923076925,1.107496366027549,32.0,all_outpatient_procedures_reporting_proxy,not_yet_filtered_by_sigtap
311940,19,17,0,0,0,0.0,0.0,0,104736.0,0.0,0.0,,all_outpatient_procedures_reporting_proxy,not_yet_filtered_by_sigtap
311950,3,3,2,2,196,2779.0,18369.98999999999,2,8200.0,66.66666666666666,338.9024390243903,1389.5,all_outpatient_procedures_reporting_proxy,not_yet_filtered_by_sigtap
311960,1,1,1,1,1048,5822.0,21742.42000000056,1,2762.0,100.0,2107.89283128168,5822.0,all_outpatient_procedures_reporting_proxy,not_yet_filtered_by_sigtap
311970,2,2,0,0,0,0.0,0.0,0,3486.0,0.0,0.0,,all_outpatient_procedures_reporting_proxy,not_yet_filtered_by_sigtap
311980,2,2,2,2,100,494.0,7505.4,2,2960.0,100.0,166.89189189189187,247.0,all_outpatient_procedures_reporting_proxy,not_yet_filtered_by_sigtap
311990,1,1,1,1,636,636.0,3764.299999999956,1,4272.0,100.0,148.87640449438203,636.0,all_outpatient_procedures_reporting_proxy,not_yet_filtered_by_sigtap
311995,2,2,0,0,0,0.0,0.0,0,6133.0,0.0,0.0,,all_outpatient_procedures_reporting_proxy,not_yet_filtered_by_sigtap
312000,1,1,1,1,1077,2316.0,11487.14999999993,1,2875.0,100.0,805.5652173913044,2316.0,all_outpatient_procedures_reporting_proxy,not_yet_filtered_by_sigtap
312010,3,2,0,0,0,0.0,0.0,0,4245.0,0.0,0.0,,all_outpatient_procedures_reporting_proxy,not_yet_filtered_by_sigtap
312015,4,3,0,0,0,0.0,0.0,0,5265.0,0.0,0.0,,all_outpatient_procedures_reporting_proxy,not_yet_filtered_by_sigtap
312020,6,6,0,0,0,0.0,0.0,0,12197.0,0.0,0.0,,all_outpatient_procedures_reporting_proxy,not_yet_filtered_by_sigtap
312030,2,2,1,1,33,619.0,1730.72,1,5121.0,50.0,120.87482913493459,619.0,all_outpatient_procedures_reporting_proxy,not_yet_filtered_by_sigtap
312040,1,1,0,0,0,0.0,0.0,0,4667.0,0.0,0.0,,all_outpatient_procedures_reporting_proxy,not_yet_filtered_by_sigtap
312050,4,4,4,4,4,1250.0,0.0,4,10374.0,100.0,120.49354154617313,312.5,all_outpatient_procedures_reporting_proxy,not_yet_filtered_by_sigtap
312060,2,1,0,0,0,0.0,0.0,0,5434.0,0.0,0.0,,all_outpatient_procedures_reporting_proxy,not_yet_filtered_by_sigtap
312070,4,4,2,2,50,123.0,5438.47,2,3521.0,50.0,34.9332575972735,61.5,all_outpatient_procedures_reporting_proxy,not_yet_filtered_by_sigtap
312080,7,6,1,1,20,20.0,4500.0,1,15362.0,16.666666666666664,1.3019138133055592,20.0,all_outpatient_procedures_reporting_proxy,not_yet_filtered_by_sigtap
312083,3,3,2,2,530,4071.0,30876.559999999736,2,3983.0,66.66666666666666,1022.093899071052,2035.5,all_outpatient_procedures_reporting_proxy,not_yet_filtered_by_sigtap
312087,6,5,2,2,85,3247.0,13339.990000000007,2,7406.0,40.0,438.4283013772617,1623.5,all_outpatient_procedures_reporting_proxy,not_yet_filtered_by_sigtap
312090,30,29,0,0,0,0.0,0.0,0,80665.0,0.0,0.0,,all_outpatient_procedures_reporting_proxy,not_yet_filtered_by_sigtap
312110,7,4,1,1,233,2685.0,7734.459999999995,1,7952.0,25.0,337.65090543259555,2685.0,all_outpatient_procedures_reporting_proxy,not_yet_filtered_by_sigtap
312120,8,8,1,1,1,1469.0,0.0,1,8393.0,12.5,175.02680805433098,1469.0,all_outpatient_procedures_reporting_proxy,not_yet_filtered_by_sigtap
312125,3,3,0,0,0,0.0,0.0,0,10494.0,0.0,0.0,,all_outpatient_procedures_reporting_proxy,not_yet_filtered_by_sigtap
312130,2,2,0,0,0,0.0,0.0,0,4928.0,0.0,0.0,,all_outpatient_procedures_reporting_proxy,not_yet_filtered_by_sigtap
312140,5,5,4,4,8143,19999.0,0.0,4,7653.0,80.0,2613.2235724552465,4999.75,all_outpatient_procedures_reporting_proxy,not_yet_filtered_by_sigtap
312150,2,2,2,2,1360,4326.0,23126.59000000044,2,2994.0,100.0,1444.8897795591183,2163.0,all_outpatient_procedures_reporting_proxy,not_yet_filtered_by_sigtap
312160,18,18,0,0,0,0.0,0.0,0,47702.0,0.0,0.0,,all_outpatient_procedures_reporting_proxy,not_yet_filtered_by_sigtap
312170,4,4,0,0,0,0.0,0.0,0,3549.0,0.0,0.0,,all_outpatient_procedures_reporting_proxy,not_yet_filtered_by_sigtap
312180,2,2,0,0,0,0.0,0.0,0,6847.0,0.0,0.0,,all_outpatient_procedures_reporting_proxy,not_yet_filtered_by_sigtap
312190,3,3,2,2,576,3643.0,21786.459999999908,2,4226.0,66.66666666666666,862.0444865120681,1821.5,all_outpatient_procedures_reporting_proxy,not_yet_filtered_by_sigtap
312200,8,8,8,8,2088,32656.0,26771.530000000115,8,20706.0,100.0,1577.127402685212,4082.0,all_outpatient_procedures_reporting_proxy,not_yet_filtered_by_sigtap
312210,3,2,0,0,0,0.0,0.0,0,4178.0,0.0,0.0,,all_outpatient_procedures_reporting_proxy,not_yet_filtered_by_sigtap
312220,4,4,4,4,688,2381.0,13647.620000000023,4,6516.0,100.0,365.40822590546344,595.25,all_outpatient_procedures_reporting_proxy,not_yet_filtered_by_sigtap
312230,60,51,0,0,0,0.0,0.0,0,231091.0,0.0,0.0,,all_outpatient_procedures_reporting_proxy,not_yet_filtered_by_sigtap
312235,3,3,2,2,530,5964.0,31297.680000000124,2,6321.0,66.66666666666666,943.5215946843854,2982.0,all_outpatient_procedures_reporting_proxy,not_yet_filtered_by_sigtap
312240,3,2,0,0,0,0.0,0.0,0,5851.0,0.0,0.0,,all_outpatient_procedures_reporting_proxy,not_yet_filtered_by_sigtap
312245,4,3,2,2,244,6781.0,27610.40000000009,2,10213.0,66.66666666666666,663.9577009693528,3390.5,all_outpatient_procedures_reporting_proxy,not_yet_filtered_by_sigtap
312247,2,2,2,2,3916,11317.0,54175.74000000071,2,3697.0,100.0,3061.1306464701106,5658.5,all_outpatient_procedures_reporting_proxy,not_yet_filtered_by_sigtap
312250,2,2,0,0,0,0.0,0.0,0,4904.0,0.0,0.0,,all_outpatient_procedures_reporting_proxy,not_yet_filtered_by_sigtap
312260,2,2,0,0,0,0.0,0.0,0,4899.0,0.0,0.0,,all_outpatient_procedures_reporting_proxy,not_yet_filtered_by_sigtap
312270,3,3,1,1,485,1448.0,9990.249999999918,1,5228.0,33.33333333333333,276.9701606732976,1448.0,all_outpatient_procedures_reporting_proxy,not_yet_filtered_by_sigtap
312280,2,2,1,1,85,2616.0,3000.0,1,3095.0,50.0,845.2342487883683,2616.0,all_outpatient_procedures_reporting_proxy,not_yet_filtered_by_sigtap
312290,4,4,2,2,570,2539.0,13906.469999999998,2,6093.0,50.0,416.70769735762354,1269.5,all_outpatient_procedures_reporting_proxy,not_yet_filtered_by_sigtap
312300,4,3,0,0,0,0.0,0.0,0,10007.0,0.0,0.0,,all_outpatient_procedures_reporting_proxy,not_yet_filtered_by_sigtap
312310,2,2,1,1,1210,5909.0,16618.950000000368,1,5029.0,50.0,1174.9850864983098,5909.0,all_outpatient_procedures_reporting_proxy,not_yet_filtered_by_sigtap
312320,5,5,4,4,834,36008.0,37196.38999999986,4,12630.0,80.0,2850.989707046714,9002.0,all_outpatient_procedures_reporting_proxy,not_yet_filtered_by_sigtap
312330,2,2,1,1,181,2409.0,11302.02999999998,1,4987.0,50.0,483.05594545819133,2409.0,all_outpatient_procedures_reporting_proxy,not_yet_filtered_by_sigtap
312340,2,2,2,2,328,1993.0,7265.210000000008,2,1461.0,100.0,1364.1341546885694,996.5,all_outpatient_procedures_reporting_proxy,not_yet_filtered_by_sigtap
312350,1,1,0,0,0,0.0,0.0,0,1829.0,0.0,0.0,,all_outpatient_procedures_reporting_proxy,not_yet_filtered_by_sigtap
312352,4,4,0,0,0,0.0,0.0,0,7817.0,0.0,0.0,,all_outpatient_procedures_reporting_proxy,not_yet_filtered_by_sigtap
312360,12,10,0,0,0,0.0,0.0,0,26336.0,0.0,0.0,,all_outpatient_procedures_reporting_proxy,not_yet_filtered_by_sigtap
312370,3,3,1,1,848,851.0,4202.549999999935,1,13622.0,33.33333333333333,62.472471002789604,851.0,all_outpatient_procedures_reporting_proxy,not_yet_filtered_by_sigtap
312380,3,3,1,1,40,40.0,9000.0,1,6354.0,33.33333333333333,6.295247088448221,40.0,all_outpatient_procedures_reporting_proxy,not_yet_filtered_by_sigtap
312385,3,3,2,2,444,2449.0,16979.91,2,5179.0,66.66666666666666,472.87121065842825,1224.5,all_outpatient_procedures_reporting_proxy,not_yet_filtered_by_sigtap
312390,4,4,4,4,2773,25108.0,1986.65,4,14746.0,100.0,1702.6990370269903,6277.0,all_outpatient_procedures_reporting_proxy,not_yet_filtered_by_sigtap
312400,10,9,2,2,2897,12890.0,85620.70999999958,2,20255.0,22.22222222222222,636.3860775117255,6445.0,all_outpatient_procedures_reporting_proxy,not_yet_filtered_by_sigtap
312410,17,17,0,0,0,0.0,0.0,0,85598.0,0.0,0.0,,all_outpatient_procedures_reporting_proxy,not_yet_filtered_by_sigtap
312420,2,2,0,0,0,0.0,0.0,0,24102.0,0.0,0.0,,all_outpatient_procedures_reporting_proxy,not_yet_filtered_by_sigtap
312430,9,6,2,2,1036,19992.0,106192.35000000082,2,30443.0,33.33333333333333,656.7026902736261,9996.0,all_outpatient_procedures_reporting_proxy,not_yet_filtered_by_sigtap
312440,2,2,0,0,0,0.0,0.0,0,6611.0,0.0,0.0,,all_outpatient_procedures_reporting_proxy,not_yet_filtered_by_sigtap
312450,6,6,0,0,0,0.0,0.0,0,11502.0,0.0,0.0,,all_outpatient_procedures_reporting_proxy,not_yet_filtered_by_sigtap
312460,1,1,1,1,121,332.0,1346.3999999999992,1,2186.0,100.0,151.87557182067704,332.0,all_outpatient_procedures_reporting_proxy,not_yet_filtered_by_sigtap
312470,3,1,1,1,93,7578.0,2228.2,1,2772.0,100.0,2733.7662337662337,7578.0,all_outpatient_procedures_reporting_proxy,not_yet_filtered_by_sigtap
312480,3,3,0,0,0,0.0,0.0,0,6840.0,0.0,0.0,,all_outpatient_procedures_reporting_proxy,not_yet_filtered_by_sigtap
312490,8,7,1,1,165,929.0,45969.81000000005,1,10801.0,14.285714285714285,86.0105545782798,929.0,all_outpatient_procedures_reporting_proxy,not_yet_filtered_by_sigtap
312500,2,2,1,1,954,1363.0,7911.599999999903,1,3875.0,50.0,351.741935483871,1363.0,all_outpatient_procedures_reporting_proxy,not_yet_filtered_by_sigtap
312510,26,26,0,0,0,0.0,0.0,0,53482.0,0.0,0.0,,all_outpatient_procedures_reporting_proxy,not_yet_filtered_by_sigtap
312520,2,2,2,2,494,4882.0,440.1500000000005,2,2578.0,100.0,1893.7160589604346,2441.0,all_outpatient_procedures_reporting_proxy,not_yet_filtered_by_sigtap
312530,2,2,1,1,1472,2186.0,43176.87000000024,1,3188.0,50.0,685.6963613550816,2186.0,all_outpatient_procedures_reporting_proxy,not_yet_filtered_by_sigtap
312540,3,3,1,1,1000,6525.0,27450.91999999948,1,5133.0,33.33333333333333,1271.186440677966,6525.0,all_outpatient_procedures_reporting_proxy,not_yet_filtered_by_sigtap
312550,2,2,0,0,0,0.0,0.0,0,3032.0,0.0,0.0,,all_outpatient_procedures_reporting_proxy,not_yet_filtered_by_sigtap
312560,3,3,1,1,111,605.0,7618.050000000001,1,6489.0,33.33333333333333,93.23470488519033,605.0,all_outpatient_procedures_reporting_proxy,not_yet_filtered_by_sigtap
312570,8,8,1,1,854,5444.0,18620.709999999886,1,13978.0,12.5,389.46916583202176,5444.0,all_outpatient_procedures_reporting_proxy,not_yet_filtered_by_sigtap
312580,2,1,1,1,314,608.0,7410.599999999922,1,2789.0,100.0,217.99928289709572,608.0,all_outpatient_procedures_reporting_proxy,not_yet_filtered_by_sigtap
312590,1,1,0,0,0,0.0,0.0,0,9590.0,0.0,0.0,,all_outpatient_procedures_reporting_proxy,not_yet_filtered_by_sigtap
312595,5,5,2,2,379,2322.0,16223.920000000013,2,10445.0,40.0,222.30732407850644,1161.0,all_outpatient_procedures_reporting_proxy,not_yet_filtered_by_sigtap
312600,2,2,0,0,0,0.0,0.0,0,8045.0,0.0,0.0,,all_outpatient_procedures_reporting_proxy,not_yet_filtered_by_sigtap
312610,18,18,16,16,232,12370.0,0.0,16,68248.0,88.88888888888889,181.25073262220138,773.125,all_outpatient_procedures_reporting_proxy,not_yet_filtered_by_sigtap
312620,2,2,0,0,0,0.0,0.0,0,7949.0,0.0,0.0,,all_outpatient_procedures_reporting_proxy,not_yet_filtered_by_sigtap
312630,1,1,0,0,0,0.0,0.0,0,3477.0,0.0,0.0,,all_outpatient_procedures_reporting_proxy,not_yet_filtered_by_sigtap
312640,3,2,0,0,0,0.0,0.0,0,3093.0,0.0,0.0,,all_outpatient_procedures_reporting_proxy,not_yet_filtered_by_sigtap
312650,6,6,0,0,0,0.0,0.0,0,7366.0,0.0,0.0,,all_outpatient_procedures_reporting_proxy,not_yet_filtered_by_sigtap
312660,4,4,0,0,0,0.0,0.0,0,4503.0,0.0,0.0,,all_outpatient_procedures_reporting_proxy,not_yet_filtered_by_sigtap
312670,12,9,1,1,34,34.0,7650.0,1,23476.0,11.11111111111111,1.4482876128812405,34.0,all_outpatient_procedures_reporting_proxy,not_yet_filtered_by_sigtap
312675,3,3,2,2,140,2621.0,12729.679999999997,2,5034.0,66.66666666666666,520.6595152959873,1310.5,all_outpatient_procedures_reporting_proxy,not_yet_filtered_by_sigtap
312680,3,2,1,1,223,514.0,4945.469999999988,1,5640.0,50.0,91.13475177304966,514.0,all_outpatient_procedures_reporting_proxy,not_yet_filtered_by_sigtap
312690,6,6,3,3,762,1153.0,5679.119999999963,3,8226.0,50.0,140.16532944322879,384.3333333333333,all_outpatient_procedures_reporting_proxy,not_yet_filtered_by_sigtap
312695,1,1,1,1,377,5769.0,11558.249999999996,1,3391.0,100.0,1701.2680625184312,5769.0,all_outpatient_procedures_reporting_proxy,not_yet_filtered_by_sigtap
312700,7,5,0,0,0,0.0,0.0,0,14540.0,0.0,0.0,,all_outpatient_procedures_reporting_proxy,not_yet_filtered_by_sigtap
312705,2,2,2,2,446,34844.0,18905.350000000017,2,4345.0,100.0,8019.332566168009,17422.0,all_outpatient_procedures_reporting_proxy,not_yet_filtered_by_sigtap
312707,4,4,0,0,0,0.0,0.0,0,4647.0,0.0,0.0,,all_outpatient_procedures_reporting_proxy,not_yet_filtered_by_sigtap
312710,13,11,2,2,192,394.0,3940.0,2,58588.0,18.181818181818183,6.724926606130948,197.0,all_outpatient_procedures_reporting_proxy,not_yet_filtered_by_sigtap
312720,3,3,3,3,409,1381.0,10032.250000000011,3,4686.0,100.0,294.7076397780623,460.3333333333333,all_outpatient_procedures_reporting_proxy,not_yet_filtered_by_sigtap
312730,5,5,5,5,8352,11513.0,39338.49000000019,5,6222.0,100.0,1850.369656059145,2302.6,all_outpatient_procedures_reporting_proxy,not_yet_filtered_by_sigtap
312733,3,3,3,3,465,3024.0,24508.51000000003,3,4793.0,100.0,630.9200918005424,1008.0,all_outpatient_procedures_reporting_proxy,not_yet_filtered_by_sigtap
312735,2,2,0,0,0,0.0,0.0,0,2928.0,0.0,0.0,,all_outpatient_procedures_reporting_proxy,not_yet_filtered_by_sigtap
312737,3,2,2,2,4785,7712.0,24592.16000000004,2,2830.0,100.0,2725.0883392226146,3856.0,all_outpatient_procedures_reporting_proxy,not_yet_filtered_by_sigtap
312738,4,4,0,0,0,0.0,0.0,0,4053.0,0.0,0.0,,all_outpatient_procedures_reporting_proxy,not_yet_filtered_by_sigtap
312740,2,2,1,1,444,1559.0,8054.38000000006,1,4727.0,50.0,329.80748889359,1559.0,all_outpatient_procedures_reporting_proxy,not_yet_filtered_by_sigtap
312750,2,2,2,2,420,2668.0,18228.749999999938,2,5230.0,100.0,510.1338432122371,1334.0,all_outpatient_procedures_reporting_proxy,not_yet_filtered_by_sigtap
312760,6,6,2,2,617,3536.0,19613.30000000005,2,11331.0,33.33333333333333,312.06424852175445,1768.0,all_outpatient_procedures_reporting_proxy,not_yet_filtered_by_sigtap
312770,68,49,4,4,13,64.0,0.0,4,257171.0,8.16326530612245,0.24886165236360244,16.0,all_outpatient_procedures_reporting_proxy,not_yet_filtered_by_sigtap
312780,6,5,2,2,63,444.0,13671.73,2,13901.0,40.0,31.940148190777645,222.0,all_outpatient_procedures_reporting_proxy,not_yet_filtered_by_sigtap
312790,1,1,0,0,0,0.0,0.0,0,1392.0,0.0,0.0,,all_outpatient_procedures_reporting_proxy,not_yet_filtered_by_sigtap
312800,15,14,0,0,0,0.0,0.0,0,32244.0,0.0,0.0,,all_outpatient_procedures_reporting_proxy,not_yet_filtered_by_sigtap
312810,7,5,5,5,2745,19747.0,19918.3600000002,5,13772.0,100.0,1433.8512924774907,3949.4,all_outpatient_procedures_reporting_proxy,not_yet_filtered_by_sigtap
312820,6,5,1,1,1022,5273.0,28554.97000000024,1,9753.0,20.0,540.6541576950682,5273.0,all_outpatient_procedures_reporting_proxy,not_yet_filtered_by_sigtap
312825,3,2,1,1,182,567.0,2510.979999999991,1,5051.0,50.0,112.25499901009701,567.0,all_outpatient_procedures_reporting_proxy,not_yet_filtered_by_sigtap
312830,10,10,1,1,22,22.0,4950.0,1,19150.0,10.0,1.1488250652741514,22.0,all_outpatient_procedures_reporting_proxy,not_yet_filtered_by_sigtap
312840,3,3,3,3,1468,7127.0,46168.700000000215,3,7714.0,100.0,923.9045890588541,2375.6666666666665,all_outpatient_procedures_reporting_proxy,not_yet_filtered_by_sigtap
312850,1,1,1,1,199,528.0,0.0,1,3149.0,100.0,167.6722769133058,528.0,all_outpatient_procedures_reporting_proxy,not_yet_filtered_by_sigtap
312860,3,3,1,1,10,21.0,210.0,1,6539.0,33.33333333333333,3.2115002293928736,21.0,all_outpatient_procedures_reporting_proxy,not_yet_filtered_by_sigtap
312870,10,10,0,0,0,0.0,0.0,0,50911.0,0.0,0.0,,all_outpatient_procedures_reporting_proxy,not_yet_filtered_by_sigtap
312880,3,3,2,2,997,7524.0,42347.91000000009,2,7131.0,66.66666666666666,1055.1114850652084,3762.0,all_outpatient_procedures_reporting_proxy,not_yet_filtered_by_sigtap
312890,5,5,0,0,0,0.0,0.0,0,8478.0,0.0,0.0,,all_outpatient_procedures_reporting_proxy,not_yet_filtered_by_sigtap
312900,4,2,2,2,378,4927.0,13537.729999999992,2,7778.0,100.0,633.4533299048599,2463.5,all_outpatient_procedures_reporting_proxy,not_yet_filtered_by_sigtap
312910,3,3,1,1,734,3255.0,20621.250000000025,1,5192.0,33.33333333333333,626.9260400616333,3255.0,all_outpatient_procedures_reporting_proxy,not_yet_filtered_by_sigtap
312920,3,3,0,0,0,0.0,0.0,0,6134.0,0.0,0.0,,all_outpatient_procedures_reporting_proxy,not_yet_filtered_by_sigtap
312930,2,2,2,2,817,3117.0,23124.090000000077,2,12030.0,100.0,259.1022443890275,1558.5,all_outpatient_procedures_reporting_proxy,not_yet_filtered_by_sigtap
312940,1,1,1,1,214,477.0,7100.900000000013,1,5198.0,100.0,91.7660638707195,477.0,all_outpatient_procedures_reporting_proxy,not_yet_filtered_by_sigtap
312950,7,7,0,0,0,0.0,0.0,0,22229.0,0.0,0.0,,all_outpatient_procedures_reporting_proxy,not_yet_filtered_by_sigtap
312960,4,4,1,1,46,132.0,9900.0,1,6286.0,25.0,20.999045497931913,132.0,all_outpatient_procedures_reporting_proxy,not_yet_filtered_by_sigtap
312965,4,4,0,0,0,0.0,0.0,0,5081.0,0.0,0.0,,all_outpatient_procedures_reporting_proxy,not_yet_filtered_by_sigtap
312970,6,6,0,0,0,0.0,0.0,0,10948.0,0.0,0.0,,all_outpatient_procedures_reporting_proxy,not_yet_filtered_by_sigtap
312980,29,27,0,0,0,0.0,0.0,0,170537.0,0.0,0.0,,all_outpatient_procedures_reporting_proxy,not_yet_filtered_by_sigtap
312990,2,2,0,0,0,0.0,0.0,0,3365.0,0.0,0.0,,all_outpatient_procedures_reporting_proxy,not_yet_filtered_by_sigtap
313000,1,1,1,1,159,3640.0,356.40000000000003,1,2698.0,100.0,1349.1475166790215,3640.0,all_outpatient_procedures_reporting_proxy,not_yet_filtered_by_sigtap
313005,7,7,1,1,1190,11163.0,58208.429999999455,1,10677.0,14.285714285714285,1045.5184040460804,11163.0,all_outpatient_procedures_reporting_proxy,not_yet_filtered_by_sigtap
313010,14,11,11,11,3961,33263.0,4500.0,11,45847.0,100.0,725.5218443954894,3023.909090909091,all_outpatient_procedures_reporting_proxy,not_yet_filtered_by_sigtap
313020,6,6,1,1,27,27.0,6075.0,1,10830.0,16.666666666666664,2.493074792243767,27.0,all_outpatient_procedures_reporting_proxy,not_yet_filtered_by_sigtap
313030,4,4,0,0,0,0.0,0.0,0,6826.0,0.0,0.0,,all_outpatient_procedures_reporting_proxy,not_yet_filtered_by_sigtap
313040,6,5,0,0,0,0.0,0.0,0,7003.0,0.0,0.0,,all_outpatient_procedures_reporting_proxy,not_yet_filtered_by_sigtap
313050,6,6,1,1,940,5674.0,26174.01999999971,1,12741.0,16.666666666666664,445.33396122753317,5674.0,all_outpatient_procedures_reporting_proxy,not_yet_filtered_by_sigtap
313055,5,5,0,0,0,0.0,0.0,0,6986.0,0.0,0.0,,all_outpatient_procedures_reporting_proxy,not_yet_filtered_by_sigtap
313060,2,2,0,0,0,0.0,0.0,0,7301.0,0.0,0.0,,all_outpatient_procedures_reporting_proxy,not_yet_filtered_by_sigtap
313065,5,5,0,0,0,0.0,0.0,0,6346.0,0.0,0.0,,all_outpatient_procedures_reporting_proxy,not_yet_filtered_by_sigtap
313070,4,4,0,0,0,0.0,0.0,0,6171.0,0.0,0.0,,all_outpatient_procedures_reporting_proxy,not_yet_filtered_by_sigtap
313080,3,3,1,1,24,516.0,1366.48,1,2580.0,33.33333333333333,200.0,516.0,all_outpatient_procedures_reporting_proxy,not_yet_filtered_by_sigtap
313090,11,11,1,1,2116,16790.0,62902.91000000061,1,22692.0,9.090909090909092,739.9083377401728,16790.0,all_outpatient_procedures_reporting_proxy,not_yet_filtered_by_sigtap
313100,2,2,2,2,719,3424.0,11017.320000000002,2,6239.0,100.0,548.8058983811508,1712.0,all_outpatient_procedures_reporting_proxy,not_yet_filtered_by_sigtap
313110,3,3,0,0,0,0.0,0.0,0,7371.0,0.0,0.0,,all_outpatient_procedures_reporting_proxy,not_yet_filtered_by_sigtap
313115,3,3,2,2,622,13191.0,110969.61999999991,2,17136.0,66.66666666666666,769.7829131652661,6595.5,all_outpatient_procedures_reporting_proxy,not_yet_filtered_by_sigtap
313120,9,8,1,1,999,4220.0,21069.030000000035,1,19522.0,12.5,216.16637639586108,4220.0,all_outpatient_procedures_reporting_proxy,not_yet_filtered_by_sigtap
313130,22,22,0,0,0,0.0,0.0,0,227731.0,0.0,0.0,,all_outpatient_procedures_reporting_proxy,not_yet_filtered_by_sigtap
313140,2,2,2,2,113,2079.0,24494.75999999997,2,3775.0,100.0,550.7284768211921,1039.5,all_outpatient_procedures_reporting_proxy,not_yet_filtered_by_sigtap
313150,1,1,1,1,337,586.0,20432.360000000004,1,9135.0,100.0,64.14887794198138,586.0,all_outpatient_procedures_reporting_proxy,not_yet_filtered_by_sigtap
313160,4,3,0,0,0,0.0,0.0,0,7180.0,0.0,0.0,,all_outpatient_procedures_reporting_proxy,not_yet_filtered_by_sigtap
313170,31,25,0,0,0,0.0,0.0,0,113343.0,0.0,0.0,,all_outpatient_procedures_reporting_proxy,not_yet_filtered_by_sigtap
313180,5,5,1,1,423,1890.0,9355.500000000004,1,10362.0,20.0,182.39722061378114,1890.0,all_outpatient_procedures_reporting_proxy,not_yet_filtered_by_sigtap
313190,11,10,1,1,21,21.0,4725.0,1,53365.0,10.0,0.393516349667385,21.0,all_outpatient_procedures_reporting_proxy,not_yet_filtered_by_sigtap
313200,2,2,0,0,0,0.0,0.0,0,4252.0,0.0,0.0,,all_outpatient_procedures_reporting_proxy,not_yet_filtered_by_sigtap
313210,5,5,4,4,224,437.0,5007.300000000006,4,17208.0,80.0,25.395165039516506,109.25,all_outpatient_procedures_reporting_proxy,not_yet_filtered_by_sigtap
313220,7,7,0,0,0,0.0,0.0,0,13846.0,0.0,0.0,,all_outpatient_procedures_reporting_proxy,not_yet_filtered_by_sigtap
313230,5,5,2,2,565,1374.0,12277.20000000004,2,10463.0,40.0,131.3198891331358,687.0,all_outpatient_procedures_reporting_proxy,not_yet_filtered_by_sigtap
313240,23,23,1,1,68,68.0,15300.0,1,93073.0,4.3478260869565215,0.7306093066732564,68.0,all_outpatient_procedures_reporting_proxy,not_yet_filtered_by_sigtap
313250,18,17,0,0,0,0.0,0.0,0,32948.0,0.0,0.0,,all_outpatient_procedures_reporting_proxy,not_yet_filtered_by_sigtap
313260,3,3,3,3,1067,4251.0,10943.9,3,3690.0,100.0,1152.0325203252032,1417.0,all_outpatient_procedures_reporting_proxy,not_yet_filtered_by_sigtap
313270,12,12,1,1,728,2736.0,13543.200000000114,1,21042.0,8.333333333333332,130.02566295979472,2736.0,all_outpatient_procedures_reporting_proxy,not_yet_filtered_by_sigtap
313280,1,1,0,0,0,0.0,0.0,0,2142.0,0.0,0.0,,all_outpatient_procedures_reporting_proxy,not_yet_filtered_by_sigtap
313290,5,5,2,2,13,33.0,0.0,2,10770.0,40.0,3.064066852367688,16.5,all_outpatient_procedures_reporting_proxy,not_yet_filtered_by_sigtap
313300,7,7,2,2,1891,5717.0,47977.74999999985,2,14786.0,28.57142857142857,386.6495333423509,2858.5,all_outpatient_procedures_reporting_proxy,not_yet_filtered_by_sigtap
313310,6,5,0,0,0,0.0,0.0,0,15236.0,0.0,0.0,,all_outpatient_procedures_reporting_proxy,not_yet_filtered_by_sigtap
313320,3,3,2,2,609,10373.0,49829.55999999995,2,11128.0,66.66666666666666,932.1531272465852,5186.5,all_outpatient_procedures_reporting_proxy,not_yet_filtered_by_sigtap
313330,17,11,1,1,131,528.0,4079.64,1,19151.0,9.090909090909092,27.570361860999427,528.0,all_outpatient_procedures_reporting_proxy,not_yet_filtered_by_sigtap
313340,5,4,4,4,732,5191.0,22766.329999999885,4,13690.0,100.0,379.18188458729,1297.75,all_outpatient_procedures_reporting_proxy,not_yet_filtered_by_sigtap
313350,9,9,0,0,0,0.0,0.0,0,21046.0,0.0,0.0,,all_outpatient_procedures_reporting_proxy,not_yet_filtered_by_sigtap
313360,4,4,1,1,361,8845.0,50529.2099999999,1,12692.0,25.0,696.8956823195713,8845.0,all_outpatient_procedures_reporting_proxy,not_yet_filtered_by_sigtap
313370,9,5,0,0,0,0.0,0.0,0,12966.0,0.0,0.0,,all_outpatient_procedures_reporting_proxy,not_yet_filtered_by_sigtap
313375,8,7,6,6,4761,17565.0,12667.22000000009,6,14406.0,85.71428571428571,1219.283631820075,2927.5,all_outpatient_procedures_reporting_proxy,not_yet_filtered_by_sigtap
313380,23,22,1,1,34,34.0,4524.15,1,97669.0,4.545454545454546,0.34811455016433057,34.0,all_outpatient_procedures_reporting_proxy,not_yet_filtered_by_sigtap
313390,2,2,0,0,0,0.0,0.0,0,5642.0,0.0,0.0,,all_outpatient_procedures_reporting_proxy,not_yet_filtered_by_sigtap
313400,6,6,2,2,462,4965.0,24411.55000000002,2,13745.0,33.33333333333333,361.22226264096037,2482.5,all_outpatient_procedures_reporting_proxy,not_yet_filtered_by_sigtap
313410,3,3,0,0,0,0.0,0.0,0,6055.0,0.0,0.0,,all_outpatient_procedures_reporting_proxy,not_yet_filtered_by_sigtap
313420,15,14,13,13,50823,93723.0,658.54,13,102217.0,92.85714285714286,916.9022765293444,7209.461538461538,all_outpatient_procedures_reporting_proxy,not_yet_filtered_by_sigtap
313430,1,1,1,1,64,412.0,1451.2199999999996,1,6638.0,100.0,62.066887616752034,412.0,all_outpatient_procedures_reporting_proxy,not_yet_filtered_by_sigtap
313440,11,11,0,0,0,0.0,0.0,0,38295.0,0.0,0.0,,all_outpatient_procedures_reporting_proxy,not_yet_filtered_by_sigtap
313450,1,1,1,1,1172,11908.0,7571.319999999973,1,4217.0,100.0,2823.8083945933126,11908.0,all_outpatient_procedures_reporting_proxy,not_yet_filtered_by_sigtap
313460,6,6,5,5,41,14625.0,578.97,5,20406.0,83.33333333333334,716.700970302852,2925.0,all_outpatient_procedures_reporting_proxy,not_yet_filtered_by_sigtap
313470,6,6,2,2,1001,7859.0,43293.150000000205,2,11042.0,33.33333333333333,711.737004165912,3929.5,all_outpatient_procedures_reporting_proxy,not_yet_filtered_by_sigtap
313480,4,3,1,1,1095,3573.0,17696.480000000043,1,7495.0,33.33333333333333,476.71781187458305,3573.0,all_outpatient_procedures_reporting_proxy,not_yet_filtered_by_sigtap
313490,9,8,0,0,0,0.0,0.0,0,25525.0,0.0,0.0,,all_outpatient_procedures_reporting_proxy,not_yet_filtered_by_sigtap
313500,2,1,1,1,241,270.0,1639.500000000004,1,3092.0,100.0,87.32212160413971,270.0,all_outpatient_procedures_reporting_proxy,not_yet_filtered_by_sigtap
313505,15,12,2,2,64,72.0,8831.64,2,37660.0,16.666666666666664,1.9118428040361126,36.0,all_outpatient_procedures_reporting_proxy,not_yet_filtered_by_sigtap
313507,2,2,0,0,0,0.0,0.0,0,4296.0,0.0,0.0,,all_outpatient_procedures_reporting_proxy,not_yet_filtered_by_sigtap
313510,19,17,2,2,1069,10988.0,92570.07999999996,2,70699.0,11.76470588235294,155.4194543062844,5494.0,all_outpatient_procedures_reporting_proxy,not_yet_filtered_by_sigtap
313520,25,23,8,8,1012,1413.0,48709.890000000014,8,65150.0,34.78260869565217,21.688411358403684,176.625,all_outpatient_procedures_reporting_proxy,not_yet_filtered_by_sigtap
313530,2,2,1,1,545,5549.0,22164.419999999907,1,4506.0,50.0,1231.4691522414557,5549.0,all_outpatient_procedures_reporting_proxy,not_yet_filtered_by_sigtap
313535,6,5,0,0,0,0.0,0.0,0,8127.0,0.0,0.0,,all_outpatient_procedures_reporting_proxy,not_yet_filtered_by_sigtap
313540,1,1,1,1,1414,5065.0,28893.85000000025,1,6197.0,100.0,817.3309665967403,5065.0,all_outpatient_procedures_reporting_proxy,not_yet_filtered_by_sigtap
313545,5,5,2,2,610,6779.0,32849.44000000003,2,6100.0,40.0,1111.311475409836,3389.5,all_outpatient_procedures_reporting_proxy,not_yet_filtered_by_sigtap
313550,8,8,8,8,11052,14687.0,27196.469999999805,8,12419.0,100.0,1182.6233996295998,1835.875,all_outpatient_procedures_reporting_proxy,not_yet_filtered_by_sigtap
313560,5,5,2,2,324,3792.0,29057.749999999993,2,6484.0,40.0,584.8241826033312,1896.0,all_outpatient_procedures_reporting_proxy,not_yet_filtered_by_sigtap
313570,3,3,2,2,809,8395.0,53318.56,2,5883.0,66.66666666666666,1426.9930307666157,4197.5,all_outpatient_procedures_reporting_proxy,not_yet_filtered_by_sigtap
313580,10,10,2,2,849,7932.0,48882.070000000334,2,24007.0,20.0,330.4036322739201,3966.0,all_outpatient_procedures_reporting_proxy,not_yet_filtered_by_sigtap
313590,3,3,1,1,161,767.0,3891.8000000000006,1,5138.0,33.33333333333333,149.27987543791357,767.0,all_outpatient_procedures_reporting_proxy,not_yet_filtered_by_sigtap
313600,8,8,1,1,30,30.0,6750.0,1,13888.0,12.5,2.1601382488479266,30.0,all_outpatient_procedures_reporting_proxy,not_yet_filtered_by_sigtap
313610,2,2,2,2,389,1018.0,4033.8900000000162,2,4329.0,100.0,235.15823515823516,509.0,all_outpatient_procedures_reporting_proxy,not_yet_filtered_by_sigtap
313620,14,11,0,0,0,0.0,0.0,0,80187.0,0.0,0.0,,all_outpatient_procedures_reporting_proxy,not_yet_filtered_by_sigtap
313630,17,16,0,0,0,0.0,0.0,0,46801.0,0.0,0.0,,all_outpatient_procedures_reporting_proxy,not_yet_filtered_by_sigtap
313640,4,3,1,1,555,3086.0,13645.21000000004,1,3854.0,33.33333333333333,800.726517903477,3086.0,all_outpatient_procedures_reporting_proxy,not_yet_filtered_by_sigtap
313650,6,6,2,2,76,162.0,10048.5,2,10304.0,33.33333333333333,15.722049689440992,81.0,all_outpatient_procedures_reporting_proxy,not_yet_filtered_by_sigtap
313652,2,2,0,0,0,0.0,0.0,0,3969.0,0.0,0.0,,all_outpatient_procedures_reporting_proxy,not_yet_filtered_by_sigtap
313655,3,3,1,1,206,1883.0,11521.350000000006,1,4268.0,33.33333333333333,441.19025304592316,1883.0,all_outpatient_procedures_reporting_proxy,not_yet_filtered_by_sigtap
313657,3,3,3,3,128,4768.0,17687.67,3,3630.0,100.0,1313.4986225895318,1589.3333333333333,all_outpatient_procedures_reporting_proxy,not_yet_filtered_by_sigtap
313660,2,2,0,0,0,0.0,0.0,0,5909.0,0.0,0.0,,all_outpatient_procedures_reporting_proxy,not_yet_filtered_by_sigtap
313665,14,13,0,0,0,0.0,0.0,0,30716.0,0.0,0.0,,all_outpatient_procedures_reporting_proxy,not_yet_filtered_by_sigtap
313670,62,61,0,0,0,0.0,0.0,0,540756.0,0.0,0.0,,all_outpatient_procedures_reporting_proxy,not_yet_filtered_by_sigtap
313680,3,2,1,1,22,22.0,4950.0,1,3768.0,50.0,5.8386411889596594,22.0,all_outpatient_procedures_reporting_proxy,not_yet_filtered_by_sigtap
313690,6,6,0,0,0,0.0,0.0,0,11084.0,0.0,0.0,,all_outpatient_procedures_reporting_proxy,not_yet_filtered_by_sigtap
313695,2,2,0,0,0,0.0,0.0,0,5789.0,0.0,0.0,,all_outpatient_procedures_reporting_proxy,not_yet_filtered_by_sigtap
313700,5,5,2,2,250,391.0,9345.399999999998,2,14383.0,40.0,27.184871028297295,195.5,all_outpatient_procedures_reporting_proxy,not_yet_filtered_by_sigtap
313710,6,5,0,0,0,0.0,0.0,0,6631.0,0.0,0.0,,all_outpatient_procedures_reporting_proxy,not_yet_filtered_by_sigtap
313720,16,16,2,2,301,913.0,7913.450000000001,2,51412.0,12.5,17.758499961098575,456.5,all_outpatient_procedures_reporting_proxy,not_yet_filtered_by_sigtap
313730,3,3,0,0,0,0.0,0.0,0,3313.0,0.0,0.0,,all_outpatient_procedures_reporting_proxy,not_yet_filtered_by_sigtap
313740,5,5,0,0,0,0.0,0.0,0,12769.0,0.0,0.0,,all_outpatient_procedures_reporting_proxy,not_yet_filtered_by_sigtap
313750,6,5,1,1,21,21.0,4725.0,1,18904.0,20.0,1.1108760050782902,21.0,all_outpatient_procedures_reporting_proxy,not_yet_filtered_by_sigtap
313753,4,3,3,3,704,2671.0,1.16,3,8969.0,100.0,297.80354554576877,890.3333333333334,all_outpatient_procedures_reporting_proxy,not_yet_filtered_by_sigtap
313760,22,21,8,8,12,228.0,0.0,8,75145.0,38.095238095238095,3.034134007585335,28.5,all_outpatient_procedures_reporting_proxy,not_yet_filtered_by_sigtap
313770,1,1,1,1,24,81.0,4725.0,1,20835.0,100.0,3.8876889848812093,81.0,all_outpatient_procedures_reporting_proxy,not_yet_filtered_by_sigtap
313780,3,3,1,1,2282,10360.0,53852.6700000002,1,20414.0,33.33333333333333,507.49485647104933,10360.0,all_outpatient_procedures_reporting_proxy,not_yet_filtered_by_sigtap
313790,1,1,0,0,0,0.0,0.0,0,3184.0,0.0,0.0,,all_outpatient_procedures_reporting_proxy,not_yet_filtered_by_sigtap
313800,5,4,0,0,0,0.0,0.0,0,5963.0,0.0,0.0,,all_outpatient_procedures_reporting_proxy,not_yet_filtered_by_sigtap
313810,5,5,3,3,81,1981.0,11622.189999999999,3,7124.0,60.0,278.07411566535654,660.3333333333334,all_outpatient_procedures_reporting_proxy,not_yet_filtered_by_sigtap
313820,22,20,0,0,0,0.0,0.0,0,104761.0,0.0,0.0,,all_outpatient_procedures_reporting_proxy,not_yet_filtered_by_sigtap
313830,1,1,0,0,0,0.0,0.0,0,3199.0,0.0,0.0,,all_outpatient_procedures_reporting_proxy,not_yet_filtered_by_sigtap
313835,2,2,0,0,0,0.0,0.0,0,4341.0,0.0,0.0,,all_outpatient_procedures_reporting_proxy,not_yet_filtered_by_sigtap
313840,17,16,0,0,0,0.0,0.0,0,51145.0,0.0,0.0,,all_outpatient_procedures_reporting_proxy,not_yet_filtered_by_sigtap
313850,2,2,0,0,0,0.0,0.0,0,4737.0,0.0,0.0,,all_outpatient_procedures_reporting_proxy,not_yet_filtered_by_sigtap
313860,8,8,6,6,6226,24368.0,280.35,6,17221.0,75.0,1415.0165495615818,4061.3333333333335,all_outpatient_procedures_reporting_proxy,not_yet_filtered_by_sigtap
313862,4,4,0,0,0,0.0,0.0,0,8687.0,0.0,0.0,,all_outpatient_procedures_reporting_proxy,not_yet_filtered_by_sigtap
313865,5,5,1,1,108,108.0,6255.899999999989,1,8790.0,20.0,12.286689419795222,108.0,all_outpatient_procedures_reporting_proxy,not_yet_filtered_by_sigtap
313867,5,5,2,2,740,7615.0,40562.81000000012,2,6956.0,40.0,1094.7383553766533,3807.5,all_outpatient_procedures_reporting_proxy,not_yet_filtered_by_sigtap
313868,3,3,2,2,449,3309.0,18464.04,2,6210.0,66.66666666666666,532.8502415458937,1654.5,all_outpatient_procedures_reporting_proxy,not_yet_filtered_by_sigtap
313870,3,3,2,2,840,7981.0,33983.09000000004,2,5586.0,66.66666666666666,1428.75044754744,3990.5,all_outpatient_procedures_reporting_proxy,not_yet_filtered_by_sigtap
313880,5,5,1,1,77,77.0,17325.0,1,17875.0,20.0,4.3076923076923075,77.0,all_outpatient_procedures_reporting_proxy,not_yet_filtered_by_sigtap
313890,4,4,0,0,0,0.0,0.0,0,6487.0,0.0,0.0,,all_outpatient_procedures_reporting_proxy,not_yet_filtered_by_sigtap
313900,15,13,1,1,34,34.0,7650.0,1,37684.0,7.6923076923076925,0.902239677316633,34.0,all_outpatient_procedures_reporting_proxy,not_yet_filtered_by_sigtap
313910,2,2,2,2,659,9232.0,28426.559999999983,2,5191.0,100.0,1778.46272394529,4616.0,all_outpatient_procedures_reporting_proxy,not_yet_filtered_by_sigtap
313920,9,8,2,2,49,889.0,9901.8,2,17516.0,25.0,50.75359671157799,444.5,all_outpatient_procedures_reporting_proxy,not_yet_filtered_by_sigtap
313925,2,2,1,1,59,275.0,9302.12,1,5997.0,50.0,45.85626146406536,275.0,all_outpatient_procedures_reporting_proxy,not_yet_filtered_by_sigtap
313930,7,7,1,1,688,6041.0,43434.04999999968,1,18886.0,14.285714285714285,319.8665678280208,6041.0,all_outpatient_procedures_reporting_proxy,not_yet_filtered_by_sigtap
313940,28,28,2,2,200,22828.0,89362.54,2,91886.0,7.142857142857142,248.43828221927168,11414.0,all_outpatient_procedures_reporting_proxy,not_yet_filtered_by_sigtap
313950,9,9,2,2,38,40.0,6322.02,2,20613.0,22.22222222222222,1.9405229709406684,20.0,all_outpatient_procedures_reporting_proxy,not_yet_filtered_by_sigtap
313960,13,13,0,0,0,0.0,0.0,0,26535.0,0.0,0.0,,all_outpatient_procedures_reporting_proxy,not_yet_filtered_by_sigtap
313970,3,3,2,2,1490,6484.0,41401.15000000061,2,7333.0,66.66666666666666,884.2220100913678,3242.0,all_outpatient_procedures_reporting_proxy,not_yet_filtered_by_sigtap
313980,3,3,2,2,1902,4702.0,28830.1500000002,2,12721.0,66.66666666666666,369.62502947881455,2351.0,all_outpatient_procedures_reporting_proxy,not_yet_filtered_by_sigtap
313990,7,7,1,1,164,578.0,2992.520000000002,1,14247.0,14.285714285714285,40.56994454972977,578.0,all_outpatient_procedures_reporting_proxy,not_yet_filtered_by_sigtap
314000,26,25,14,14,35928,35960.0,2636.659999999999,14,61387.0,56.00000000000001,585.7917800185706,2568.5714285714284,all_outpatient_procedures_reporting_proxy,not_yet_filtered_by_sigtap
314010,2,1,1,1,1396,2489.0,18512.15999999992,1,4224.0,100.0,589.2518939393939,2489.0,all_outpatient_procedures_reporting_proxy,not_yet_filtered_by_sigtap
314015,5,5,5,5,342,430.0,2753.130000000005,5,15900.0,100.0,27.044025157232706,86.0,all_outpatient_procedures_reporting_proxy,not_yet_filtered_by_sigtap
314020,2,2,2,2,101,2235.0,9776.32,2,3387.0,100.0,659.8759964570417,1117.5,all_outpatient_procedures_reporting_proxy,not_yet_filtered_by_sigtap
314030,3,2,0,0,0,0.0,0.0,0,4592.0,0.0,0.0,,all_outpatient_procedures_reporting_proxy,not_yet_filtered_by_sigtap
314040,2,2,0,0,0,0.0,0.0,0,3200.0,0.0,0.0,,all_outpatient_procedures_reporting_proxy,not_yet_filtered_by_sigtap
314050,5,5,0,0,0,0.0,0.0,0,14003.0,0.0,0.0,,all_outpatient_procedures_reporting_proxy,not_yet_filtered_by_sigtap
314053,1,1,0,0,0,0.0,0.0,0,8396.0,0.0,0.0,,all_outpatient_procedures_reporting_proxy,not_yet_filtered_by_sigtap
314055,2,2,2,2,713,11012.0,129510.93999999938,2,9112.0,100.0,1208.5162423178226,5506.0,all_outpatient_procedures_reporting_proxy,not_yet_filtered_by_sigtap
314060,2,2,2,2,639,3821.0,24776.610000000142,2,3963.0,100.0,964.1685591723442,1910.5,all_outpatient_procedures_reporting_proxy,not_yet_filtered_by_sigtap
314070,15,14,13,13,5871,50763.0,2792.77,13,37841.0,92.85714285714286,1341.4814619063977,3904.846153846154,all_outpatient_procedures_reporting_proxy,not_yet_filtered_by_sigtap
314080,5,5,0,0,0,0.0,0.0,0,14121.0,0.0,0.0,,all_outpatient_procedures_reporting_proxy,not_yet_filtered_by_sigtap
314085,6,6,0,0,0,0.0,0.0,0,8895.0,0.0,0.0,,all_outpatient_procedures_reporting_proxy,not_yet_filtered_by_sigtap
314090,12,11,1,1,385,6375.0,31952.52000000001,1,18552.0,9.090909090909092,343.6287192755498,6375.0,all_outpatient_procedures_reporting_proxy,not_yet_filtered_by_sigtap
314100,5,4,2,2,92,219.0,7969.38,2,12038.0,50.0,18.19239076258515,109.5,all_outpatient_procedures_reporting_proxy,not_yet_filtered_by_sigtap
314110,12,10,0,0,0,0.0,0.0,0,37618.0,0.0,0.0,,all_outpatient_procedures_reporting_proxy,not_yet_filtered_by_sigtap
314120,2,2,0,0,0,0.0,0.0,0,3814.0,0.0,0.0,,all_outpatient_procedures_reporting_proxy,not_yet_filtered_by_sigtap
314130,2,2,0,0,0,0.0,0.0,0,3900.0,0.0,0.0,,all_outpatient_procedures_reporting_proxy,not_yet_filtered_by_sigtap
314140,9,9,0,0,0,0.0,0.0,0,20156.0,0.0,0.0,,all_outpatient_procedures_reporting_proxy,not_yet_filtered_by_sigtap
314150,3,3,0,0,0,0.0,0.0,0,5606.0,0.0,0.0,,all_outpatient_procedures_reporting_proxy,not_yet_filtered_by_sigtap
314160,5,3,1,1,1988,6619.0,37825.20000000041,1,10373.0,33.33333333333333,638.0989106333751,6619.0,all_outpatient_procedures_reporting_proxy,not_yet_filtered_by_sigtap
314170,3,3,1,1,200,336.0,861.3000000000023,1,5040.0,33.33333333333333,66.66666666666667,336.0,all_outpatient_procedures_reporting_proxy,not_yet_filtered_by_sigtap
314180,13,13,1,1,36,39.0,58.36999999999999,1,24405.0,7.6923076923076925,1.5980331899200984,39.0,all_outpatient_procedures_reporting_proxy,not_yet_filtered_by_sigtap
314190,1,1,0,0,0,0.0,0.0,0,3741.0,0.0,0.0,,all_outpatient_procedures_reporting_proxy,not_yet_filtered_by_sigtap
314200,8,8,2,2,424,1389.0,19513.969999999994,2,13651.0,25.0,101.75078748809611,694.5,all_outpatient_procedures_reporting_proxy,not_yet_filtered_by_sigtap
314210,5,5,1,1,1086,5716.0,31907.00000000018,1,8968.0,20.0,637.3773416592329,5716.0,all_outpatient_procedures_reporting_proxy,not_yet_filtered_by_sigtap
314220,5,5,1,1,1224,2210.0,10939.500000000084,1,13633.0,20.0,162.10665297440036,2210.0,all_outpatient_procedures_reporting_proxy,not_yet_filtered_by_sigtap
314225,4,2,1,1,47,102.0,4769.08,1,3985.0,50.0,25.595984943538266,102.0,all_outpatient_procedures_reporting_proxy,not_yet_filtered_by_sigtap
314230,2,2,0,0,0,0.0,0.0,0,5125.0,0.0,0.0,,all_outpatient_procedures_reporting_proxy,not_yet_filtered_by_sigtap
314240,4,4,0,0,0,0.0,0.0,0,7548.0,0.0,0.0,,all_outpatient_procedures_reporting_proxy,not_yet_filtered_by_sigtap
314250,1,1,0,0,0,0.0,0.0,0,2169.0,0.0,0.0,,all_outpatient_procedures_reporting_proxy,not_yet_filtered_by_sigtap
314260,4,2,1,1,717,2294.0,11111.87999999992,1,8340.0,50.0,275.0599520383693,2294.0,all_outpatient_procedures_reporting_proxy,not_yet_filtered_by_sigtap
314270,9,8,2,2,75,719.0,8392.499999999996,2,14060.0,25.0,51.1379800853485,359.5,all_outpatient_procedures_reporting_proxy,not_yet_filtered_by_sigtap
314280,6,6,3,3,592,1754.0,8725.150000000092,3,20170.0,50.0,86.96083292017848,584.6666666666666,all_outpatient_procedures_reporting_proxy,not_yet_filtered_by_sigtap
314290,16,12,2,2,178,7787.0,43261.94000000003,2,20328.0,16.666666666666664,383.0676898858717,3893.5,all_outpatient_procedures_reporting_proxy,not_yet_filtered_by_sigtap
314300,7,6,1,1,32,39.0,0.0,1,13046.0,16.666666666666664,2.9894220450712865,39.0,all_outpatient_procedures_reporting_proxy,not_yet_filtered_by_sigtap
314310,14,13,1,1,34,102.0,6753.48,1,47692.0,7.6923076923076925,2.138723475635327,102.0,all_outpatient_procedures_reporting_proxy,not_yet_filtered_by_sigtap
314315,4,3,2,2,59,941.0,8642.849999999999,2,4381.0,66.66666666666666,214.79114357452636,470.5,all_outpatient_procedures_reporting_proxy,not_yet_filtered_by_sigtap
314320,10,7,6,6,5585,30832.0,421.53999999999996,6,20890.0,85.71428571428571,1475.9214935375778,5138.666666666667,all_outpatient_procedures_reporting_proxy,not_yet_filtered_by_sigtap
314330,140,90,2,2,120,120.0,27000.0,2,414240.0,2.2222222222222223,0.28968713789107764,60.0,all_outpatient_procedures_reporting_proxy,not_yet_filtered_by_sigtap
314340,1,1,1,1,1378,1412.0,6919.119999999865,1,24089.0,100.0,58.61596579351571,1412.0,all_outpatient_procedures_reporting_proxy,not_yet_filtered_by_sigtap
314345,5,5,0,0,0,0.0,0.0,0,6888.0,0.0,0.0,,all_outpatient_procedures_reporting_proxy,not_yet_filtered_by_sigtap
314350,5,5,0,0,0,0.0,0.0,0,9067.0,0.0,0.0,,all_outpatient_procedures_reporting_proxy,not_yet_filtered_by_sigtap
314360,1,1,0,0,0,0.0,0.0,0,2411.0,0.0,0.0,,all_outpatient_procedures_reporting_proxy,not_yet_filtered_by_sigtap
314370,2,1,0,0,0,0.0,0.0,0,3133.0,0.0,0.0,,all_outpatient_procedures_reporting_proxy,not_yet_filtered_by_sigtap
314380,3,3,0,0,0,0.0,0.0,0,7451.0,0.0,0.0,,all_outpatient_procedures_reporting_proxy,not_yet_filtered_by_sigtap
314390,38,36,11,11,1064,1142.0,9207.189999999995,11,104108.0,30.555555555555557,10.969377953663503,103.81818181818181,all_outpatient_procedures_reporting_proxy,not_yet_filtered_by_sigtap
314400,12,12,0,0,0,0.0,0.0,0,27635.0,0.0,0.0,,all_outpatient_procedures_reporting_proxy,not_yet_filtered_by_sigtap
314410,8,8,0,0,0,0.0,0.0,0,21891.0,0.0,0.0,,all_outpatient_procedures_reporting_proxy,not_yet_filtered_by_sigtap
314420,1,1,0,0,0,0.0,0.0,0,2459.0,0.0,0.0,,all_outpatient_procedures_reporting_proxy,not_yet_filtered_by_sigtap
314430,3,3,0,0,0,0.0,0.0,0,35038.0,0.0,0.0,,all_outpatient_procedures_reporting_proxy,not_yet_filtered_by_sigtap
314435,5,3,3,3,219,393.0,6719.150000000003,3,6303.0,100.0,62.351261304140884,131.0,all_outpatient_procedures_reporting_proxy,not_yet_filtered_by_sigtap
314437,1,1,1,1,657,4523.0,25633.34999999988,1,3520.0,100.0,1284.9431818181818,4523.0,all_outpatient_procedures_reporting_proxy,not_yet_filtered_by_sigtap
314440,4,4,0,0,0,0.0,0.0,0,4691.0,0.0,0.0,,all_outpatient_procedures_reporting_proxy,not_yet_filtered_by_sigtap
314450,4,4,4,4,2713,10711.0,11558.649999999867,4,8179.0,100.0,1309.5732974691284,2677.75,all_outpatient_procedures_reporting_proxy,not_yet_filtered_by_sigtap
314460,8,8,0,0,0,0.0,0.0,0,25018.0,0.0,0.0,,all_outpatient_procedures_reporting_proxy,not_yet_filtered_by_sigtap
314465,5,5,2,2,908,9248.0,55601.79000000048,2,10588.0,40.0,873.4416320362675,4624.0,all_outpatient_procedures_reporting_proxy,not_yet_filtered_by_sigtap
314467,4,4,0,0,0,0.0,0.0,0,3151.0,0.0,0.0,,all_outpatient_procedures_reporting_proxy,not_yet_filtered_by_sigtap
314470,6,6,0,0,0,0.0,0.0,0,17438.0,0.0,0.0,,all_outpatient_procedures_reporting_proxy,not_yet_filtered_by_sigtap
314480,22,22,2,2,53,53.0,0.0,2,111697.0,9.090909090909092,0.47449797219262824,26.5,all_outpatient_procedures_reporting_proxy,not_yet_filtered_by_sigtap
314490,1,1,0,0,0,0.0,0.0,0,3663.0,0.0,0.0,,all_outpatient_procedures_reporting_proxy,not_yet_filtered_by_sigtap
314500,4,4,0,0,0,0.0,0.0,0,14598.0,0.0,0.0,,all_outpatient_procedures_reporting_proxy,not_yet_filtered_by_sigtap
314505,2,2,0,0,0,0.0,0.0,0,6706.0,0.0,0.0,,all_outpatient_procedures_reporting_proxy,not_yet_filtered_by_sigtap
314510,9,8,1,1,20,20.0,4500.0,1,16387.0,12.5,1.2204796485018612,20.0,all_outpatient_procedures_reporting_proxy,not_yet_filtered_by_sigtap
314520,28,28,0,0,0,0.0,0.0,0,105552.0,0.0,0.0,,all_outpatient_procedures_reporting_proxy,not_yet_filtered_by_sigtap
314530,10,10,1,1,54,54.0,12150.0,1,26975.0,10.0,2.0018535681186282,54.0,all_outpatient_procedures_reporting_proxy,not_yet_filtered_by_sigtap
314535,6,6,2,2,217,4701.0,31296.9,2,10275.0,33.33333333333333,457.5182481751825,2350.5,all_outpatient_procedures_reporting_proxy,not_yet_filtered_by_sigtap
314537,4,3,2,2,1028,1483.0,18104.989999999896,2,4571.0,66.66666666666666,324.43666593743166,741.5,all_outpatient_procedures_reporting_proxy,not_yet_filtered_by_sigtap
314540,1,1,1,1,80,724.0,1942.6000000000024,1,1945.0,100.0,372.2365038560411,724.0,all_outpatient_procedures_reporting_proxy,not_yet_filtered_by_sigtap
314545,3,3,0,0,0,0.0,0.0,0,5385.0,0.0,0.0,,all_outpatient_procedures_reporting_proxy,not_yet_filtered_by_sigtap
314550,1,1,1,1,175,1341.0,5670.0,1,2555.0,100.0,524.8532289628181,1341.0,all_outpatient_procedures_reporting_proxy,not_yet_filtered_by_sigtap
314560,15,13,1,1,29,29.0,6525.0,1,39262.0,7.6923076923076925,0.7386276807090826,29.0,all_outpatient_procedures_reporting_proxy,not_yet_filtered_by_sigtap
314570,1,1,1,1,67,121.0,1050.0,1,2027.0,100.0,59.69412925505673,121.0,all_outpatient_procedures_reporting_proxy,not_yet_filtered_by_sigtap
314580,1,1,0,0,0,0.0,0.0,0,2969.0,0.0,0.0,,all_outpatient_procedures_reporting_proxy,not_yet_filtered_by_sigtap
314585,2,2,1,1,574,4349.0,15408.07000000003,1,4917.0,50.0,884.4824079723409,4349.0,all_outpatient_procedures_reporting_proxy,not_yet_filtered_by_sigtap
314587,4,4,1,1,323,6473.0,33112.87999999998,1,8437.0,25.0,767.2158350124452,6473.0,all_outpatient_procedures_reporting_proxy,not_yet_filtered_by_sigtap
314590,21,13,8,8,13,12135.0,1125.0,8,38724.0,61.53846153846154,313.3715525255655,1516.875,all_outpatient_procedures_reporting_proxy,not_yet_filtered_by_sigtap
314600,11,8,1,1,31,31.0,4736.599999999999,1,32094.0,12.5,0.9659126316445441,31.0,all_outpatient_procedures_reporting_proxy,not_yet_filtered_by_sigtap
314610,26,25,1,1,11,275.0,7.39,1,74821.0,4.0,3.6754387137301023,275.0,all_outpatient_procedures_reporting_proxy,not_yet_filtered_by_sigtap
314620,6,4,4,4,667,6053.0,37613.10999999999,4,5757.0,100.0,1051.4156678825777,1513.25,all_outpatient_procedures_reporting_proxy,not_yet_filtered_by_sigtap
314625,2,2,0,0,0,0.0,0.0,0,5058.0,0.0,0.0,,all_outpatient_procedures_reporting_proxy,not_yet_filtered_by_sigtap
314630,9,9,2,2,494,494.0,6400.0,2,17334.0,22.22222222222222,28.49890388831199,247.0,all_outpatient_procedures_reporting_proxy,not_yet_filtered_by_sigtap
314640,3,3,0,0,0,0.0,0.0,0,4224.0,0.0,0.0,,all_outpatient_procedures_reporting_proxy,not_yet_filtered_by_sigtap
314650,3,2,1,1,515,2706.0,22121.0299999999,1,8142.0,50.0,332.35077376565954,2706.0,all_outpatient_procedures_reporting_proxy,not_yet_filtered_by_sigtap
314655,2,2,2,2,644,4957.0,33757.32999999977,2,5551.0,100.0,892.9922536479914,2478.5,all_outpatient_procedures_reporting_proxy,not_yet_filtered_by_sigtap
314660,1,1,0,0,0,0.0,0.0,0,1474.0,0.0,0.0,,all_outpatient_procedures_reporting_proxy,not_yet_filtered_by_sigtap
314670,4,4,2,2,355,448.0,8663.999999999995,2,5707.0,50.0,78.50008761170491,224.0,all_outpatient_procedures_reporting_proxy,not_yet_filtered_by_sigtap
314675,4,4,3,3,128,3478.0,18687.339999999997,3,6301.0,75.0,551.9758768449452,1159.3333333333333,all_outpatient_procedures_reporting_proxy,not_yet_filtered_by_sigtap
314690,7,6,1,1,649,6858.0,43862.05,1,13920.0,16.666666666666664,492.67241379310343,6858.0,all_outpatient_procedures_reporting_proxy,not_yet_filtered_by_sigtap
314700,18,17,0,0,0,0.0,0.0,0,94023.0,0.0,0.0,,all_outpatient_procedures_reporting_proxy,not_yet_filtered_by_sigtap
314710,27,26,0,0,0,0.0,0.0,0,97139.0,0.0,0.0,,all_outpatient_procedures_reporting_proxy,not_yet_filtered_by_sigtap
314720,9,8,8,8,3289,43113.0,221.91,8,21723.0,100.0,1984.6706256041984,5389.125,all_outpatient_procedures_reporting_proxy,not_yet_filtered_by_sigtap
314730,8,8,0,0,0,0.0,0.0,0,20445.0,0.0,0.0,,all_outpatient_procedures_reporting_proxy,not_yet_filtered_by_sigtap
314740,4,4,0,0,0,0.0,0.0,0,24107.0,0.0,0.0,,all_outpatient_procedures_reporting_proxy,not_yet_filtered_by_sigtap
314750,1,1,0,0,0,0.0,0.0,0,1600.0,0.0,0.0,,all_outpatient_procedures_reporting_proxy,not_yet_filtered_by_sigtap
314760,9,8,1,1,35,100.0,5850.0,1,15515.0,12.5,6.445375443119562,100.0,all_outpatient_procedures_reporting_proxy,not_yet_filtered_by_sigtap
314770,4,4,2,2,1529,6488.0,33591.60000000056,2,8473.0,50.0,765.7264251150714,3244.0,all_outpatient_procedures_reporting_proxy,not_yet_filtered_by_sigtap
314780,2,1,0,0,0,0.0,0.0,0,2233.0,0.0,0.0,,all_outpatient_procedures_reporting_proxy,not_yet_filtered_by_sigtap
314790,30,23,23,23,39225,109178.0,251.74,23,111939.0,100.0,975.334780550121,4746.869565217391,all_outpatient_procedures_reporting_proxy,not_yet_filtered_by_sigtap
314795,3,3,0,0,0,0.0,0.0,0,4837.0,0.0,0.0,,all_outpatient_procedures_reporting_proxy,not_yet_filtered_by_sigtap
314800,37,29,2,2,1342,3131.0,8298.380000000041,2,159235.0,6.896551724137931,19.662762583602852,1565.5,all_outpatient_procedures_reporting_proxy,not_yet_filtered_by_sigtap
314810,19,19,0,0,0,0.0,0.0,0,89826.0,0.0,0.0,,all_outpatient_procedures_reporting_proxy,not_yet_filtered_by_sigtap
314820,3,3,1,1,692,1147.0,5677.649999999939,1,5576.0,33.33333333333333,205.70301291248205,1147.0,all_outpatient_procedures_reporting_proxy,not_yet_filtered_by_sigtap
314830,4,4,2,2,1588,7843.0,47996.72999999891,2,8659.0,50.0,905.7627901605266,3921.5,all_outpatient_procedures_reporting_proxy,not_yet_filtered_by_sigtap
314840,3,3,1,1,524,2874.0,14226.299999999965,1,4389.0,33.33333333333333,654.8188653451812,2874.0,all_outpatient_procedures_reporting_proxy,not_yet_filtered_by_sigtap
314850,4,4,2,2,433,2750.0,18345.339999999895,2,8047.0,50.0,341.7422641978377,1375.0,all_outpatient_procedures_reporting_proxy,not_yet_filtered_by_sigtap
314860,3,3,3,3,1515,18314.0,12886.6,3,17446.0,100.0,1049.7535251633612,6104.666666666667,all_outpatient_procedures_reporting_proxy,not_yet_filtered_by_sigtap
314870,8,7,1,1,52,52.0,11700.0,1,24410.0,14.285714285714285,2.1302744776730846,52.0,all_outpatient_procedures_reporting_proxy,not_yet_filtered_by_sigtap
314875,4,4,1,1,391,1498.0,8250.29999999996,1,7320.0,25.0,204.6448087431694,1498.0,all_outpatient_procedures_reporting_proxy,not_yet_filtered_by_sigtap
314880,3,3,1,1,681,4616.0,23381.040000000205,1,3311.0,33.33333333333333,1394.1407429779522,4616.0,all_outpatient_procedures_reporting_proxy,not_yet_filtered_by_sigtap
314890,3,2,0,0,0,0.0,0.0,0,4112.0,0.0,0.0,,all_outpatient_procedures_reporting_proxy,not_yet_filtered_by_sigtap
314900,2,2,1,1,974,4552.0,25196.050000000043,1,2757.0,50.0,1651.0700036271307,4552.0,all_outpatient_procedures_reporting_proxy,not_yet_filtered_by_sigtap
314910,5,5,0,0,0,0.0,0.0,0,10760.0,0.0,0.0,,all_outpatient_procedures_reporting_proxy,not_yet_filtered_by_sigtap
314915,8,6,0,0,0,0.0,0.0,0,10433.0,0.0,0.0,,all_outpatient_procedures_reporting_proxy,not_yet_filtered_by_sigtap
314920,1,1,1,1,16,16.0,3600.0,1,3344.0,100.0,4.784688995215311,16.0,all_outpatient_procedures_reporting_proxy,not_yet_filtered_by_sigtap
314930,22,21,16,16,127,25119.0,59775.1,16,62580.0,76.19047619047619,401.3902205177373,1569.9375,all_outpatient_procedures_reporting_proxy,not_yet_filtered_by_sigtap
314940,1,1,0,0,0,0.0,0.0,0,1810.0,0.0,0.0,,all_outpatient_procedures_reporting_proxy,not_yet_filtered_by_sigtap
314950,2,2,2,2,71,138.0,1014.2999999999994,2,3351.0,100.0,41.18173679498657,69.0,all_outpatient_procedures_reporting_proxy,not_yet_filtered_by_sigtap
314960,3,3,0,0,0,0.0,0.0,0,4155.0,0.0,0.0,,all_outpatient_procedures_reporting_proxy,not_yet_filtered_by_sigtap
314970,6,6,0,0,0,0.0,0.0,0,12268.0,0.0,0.0,,all_outpatient_procedures_reporting_proxy,not_yet_filtered_by_sigtap
314980,7,6,6,6,24,2534.0,1025.4,6,17151.0,100.0,147.74648708530114,422.3333333333333,all_outpatient_procedures_reporting_proxy,not_yet_filtered_by_sigtap
314990,11,11,0,0,0,0.0,0.0,0,21384.0,0.0,0.0,,all_outpatient_procedures_reporting_proxy,not_yet_filtered_by_sigtap
314995,4,3,0,0,0,0.0,0.0,0,6553.0,0.0,0.0,,all_outpatient_procedures_reporting_proxy,not_yet_filtered_by_sigtap
315000,2,2,2,2,569,2187.0,16106.84999999996,2,3570.0,100.0,612.6050420168068,1093.5,all_outpatient_procedures_reporting_proxy,not_yet_filtered_by_sigtap
315010,1,1,1,1,700,1464.0,7226.279999999909,1,2796.0,100.0,523.6051502145923,1464.0,all_outpatient_procedures_reporting_proxy,not_yet_filtered_by_sigtap
315015,4,4,2,2,533,4682.0,23444.219999999914,2,8529.0,50.0,548.9506389963653,2341.0,all_outpatient_procedures_reporting_proxy,not_yet_filtered_by_sigtap
315020,3,3,0,0,0,0.0,0.0,0,3976.0,0.0,0.0,,all_outpatient_procedures_reporting_proxy,not_yet_filtered_by_sigtap
315030,3,3,3,3,1887,14801.0,15524.069999999985,3,4604.0,100.0,3214.813205907906,4933.666666666667,all_outpatient_procedures_reporting_proxy,not_yet_filtered_by_sigtap
315040,4,4,0,0,0,0.0,0.0,0,5019.0,0.0,0.0,,all_outpatient_procedures_reporting_proxy,not_yet_filtered_by_sigtap
315050,3,3,0,0,0,0.0,0.0,0,8563.0,0.0,0.0,,all_outpatient_procedures_reporting_proxy,not_yet_filtered_by_sigtap
315053,2,2,0,0,0,0.0,0.0,0,4706.0,0.0,0.0,,all_outpatient_procedures_reporting_proxy,not_yet_filtered_by_sigtap
315057,1,1,1,1,6,241.0,1048.05,1,7084.0,100.0,34.020327498588365,241.0,all_outpatient_procedures_reporting_proxy,not_yet_filtered_by_sigtap
315060,4,4,3,3,257,6296.0,6075.0,3,6700.0,75.0,939.7014925373134,2098.6666666666665,all_outpatient_procedures_reporting_proxy,not_yet_filtered_by_sigtap
315070,1,1,0,0,0,0.0,0.0,0,5537.0,0.0,0.0,,all_outpatient_procedures_reporting_proxy,not_yet_filtered_by_sigtap
315080,1,1,1,1,2592,7776.0,54944.79999999826,1,17018.0,100.0,456.9279586320367,7776.0,all_outpatient_procedures_reporting_proxy,not_yet_filtered_by_sigtap
315090,4,3,0,0,0,0.0,0.0,0,6041.0,0.0,0.0,,all_outpatient_procedures_reporting_proxy,not_yet_filtered_by_sigtap
315100,1,1,0,0,0,0.0,0.0,0,9120.0,0.0,0.0,,all_outpatient_procedures_reporting_proxy,not_yet_filtered_by_sigtap
315110,4,4,1,1,755,2992.0,34952.79000000003,1,11077.0,25.0,270.10923535253227,2992.0,all_outpatient_procedures_reporting_proxy,not_yet_filtered_by_sigtap
315120,20,20,0,0,0,0.0,0.0,0,55606.0,0.0,0.0,,all_outpatient_procedures_reporting_proxy,not_yet_filtered_by_sigtap
315130,7,6,6,6,471,4323.0,32758.319999999992,6,11610.0,100.0,372.3514211886305,720.5,all_outpatient_procedures_reporting_proxy,not_yet_filtered_by_sigtap
315140,11,10,0,0,0,0.0,0.0,0,26685.0,0.0,0.0,,all_outpatient_procedures_reporting_proxy,not_yet_filtered_by_sigtap
315150,16,12,0,0,0,0.0,0.0,0,36062.0,0.0,0.0,,all_outpatient_procedures_reporting_proxy,not_yet_filtered_by_sigtap
315160,5,5,2,2,2,174.0,1096.2,2,11145.0,40.0,15.612382234185734,87.0,all_outpatient_procedures_reporting_proxy,not_yet_filtered_by_sigtap
315170,7,6,0,0,0,0.0,0.0,0,16390.0,0.0,0.0,,all_outpatient_procedures_reporting_proxy,not_yet_filtered_by_sigtap
315180,41,35,0,0,0,0.0,0.0,0,163742.0,0.0,0.0,,all_outpatient_procedures_reporting_proxy,not_yet_filtered_by_sigtap
315190,4,4,0,0,0,0.0,0.0,0,8350.0,0.0,0.0,,all_outpatient_procedures_reporting_proxy,not_yet_filtered_by_sigtap
315200,10,7,0,0,0,0.0,0.0,0,31047.0,0.0,0.0,,all_outpatient_procedures_reporting_proxy,not_yet_filtered_by_sigtap
315210,15,11,0,0,0,0.0,0.0,0,57776.0,0.0,0.0,,all_outpatient_procedures_reporting_proxy,not_yet_filtered_by_sigtap
315213,4,4,1,1,591,3603.0,17834.849999999886,1,3747.0,25.0,961.5692554043235,3603.0,all_outpatient_procedures_reporting_proxy,not_yet_filtered_by_sigtap
315217,7,7,2,2,863,10910.0,53895.96999999976,2,10883.0,28.57142857142857,1002.4809335661122,5455.0,all_outpatient_procedures_reporting_proxy,not_yet_filtered_by_sigtap
315220,17,16,0,0,0,0.0,0.0,0,37438.0,0.0,0.0,,all_outpatient_procedures_reporting_proxy,not_yet_filtered_by_sigtap
315230,6,5,0,0,0,0.0,0.0,0,10569.0,0.0,0.0,,all_outpatient_procedures_reporting_proxy,not_yet_filtered_by_sigtap
315240,7,6,2,2,301,449.0,8202.800000000007,2,13666.0,33.33333333333333,32.85526123225523,224.5,all_outpatient_procedures_reporting_proxy,not_yet_filtered_by_sigtap
315250,27,24,24,24,9252,77292.0,31.69,24,152217.0,100.0,507.7750842547153,3220.5,all_outpatient_procedures_reporting_proxy,not_yet_filtered_by_sigtap
315260,2,2,0,0,0,0.0,0.0,0,6566.0,0.0,0.0,,all_outpatient_procedures_reporting_proxy,not_yet_filtered_by_sigtap
315270,3,3,0,0,0,0.0,0.0,0,9048.0,0.0,0.0,,all_outpatient_procedures_reporting_proxy,not_yet_filtered_by_sigtap
315280,9,8,0,0,0,0.0,0.0,0,28342.0,0.0,0.0,,all_outpatient_procedures_reporting_proxy,not_yet_filtered_by_sigtap
315290,5,4,0,0,0,0.0,0.0,0,8406.0,0.0,0.0,,all_outpatient_procedures_reporting_proxy,not_yet_filtered_by_sigtap
315300,2,2,1,1,345,1763.0,8726.850000000039,1,3559.0,50.0,495.3638662545659,1763.0,all_outpatient_procedures_reporting_proxy,not_yet_filtered_by_sigtap
315310,4,3,1,1,159,815.0,4034.250000000005,1,4850.0,33.33333333333333,168.04123711340208,815.0,all_outpatient_procedures_reporting_proxy,not_yet_filtered_by_sigtap
315320,1,1,1,1,366,3709.0,24439.42999999972,1,3465.0,100.0,1070.4184704184704,3709.0,all_outpatient_procedures_reporting_proxy,not_yet_filtered_by_sigtap
315330,2,2,1,1,16,2547.0,1142.5099999999998,1,3071.0,50.0,829.3715402149137,2547.0,all_outpatient_procedures_reporting_proxy,not_yet_filtered_by_sigtap
315340,8,7,1,1,364,2656.0,13147.200000000052,1,18765.0,14.285714285714285,141.54010125233145,2656.0,all_outpatient_procedures_reporting_proxy,not_yet_filtered_by_sigtap
315350,3,3,2,2,57,1706.0,9486.04,2,8397.0,66.66666666666666,203.1677980231035,853.0,all_outpatient_procedures_reporting_proxy,not_yet_filtered_by_sigtap
315360,6,5,1,1,599,6280.0,26833.70000000005,1,11466.0,20.0,547.7062619919762,6280.0,all_outpatient_procedures_reporting_proxy,not_yet_filtered_by_sigtap
315370,1,1,0,0,0,0.0,0.0,0,3179.0,0.0,0.0,,all_outpatient_procedures_reporting_proxy,not_yet_filtered_by_sigtap
315380,1,1,0,0,0,0.0,0.0,0,1770.0,0.0,0.0,,all_outpatient_procedures_reporting_proxy,not_yet_filtered_by_sigtap
315390,4,4,0,0,0,0.0,0.0,0,16279.0,0.0,0.0,,all_outpatient_procedures_reporting_proxy,not_yet_filtered_by_sigtap
315400,9,8,0,0,0,0.0,0.0,0,23423.0,0.0,0.0,,all_outpatient_procedures_reporting_proxy,not_yet_filtered_by_sigtap
315410,4,4,0,0,0,0.0,0.0,0,11007.0,0.0,0.0,,all_outpatient_procedures_reporting_proxy,not_yet_filtered_by_sigtap
315415,5,5,0,0,0,0.0,0.0,0,7848.0,0.0,0.0,,all_outpatient_procedures_reporting_proxy,not_yet_filtered_by_sigtap
315420,5,5,4,4,7973,17576.0,16541.23000000007,4,11230.0,80.0,1565.093499554764,4394.0,all_outpatient_procedures_reporting_proxy,not_yet_filtered_by_sigtap
315430,6,5,0,0,0,0.0,0.0,0,17226.0,0.0,0.0,,all_outpatient_procedures_reporting_proxy,not_yet_filtered_by_sigtap
315440,5,5,0,0,0,0.0,0.0,0,4548.0,0.0,0.0,,all_outpatient_procedures_reporting_proxy,not_yet_filtered_by_sigtap
315445,6,6,2,2,3067,15850.0,70131.08000000127,2,6863.0,33.33333333333333,2309.4856476759437,7925.0,all_outpatient_procedures_reporting_proxy,not_yet_filtered_by_sigtap
315450,6,5,1,1,116,527.0,2608.6500000000024,1,8756.0,20.0,60.18730013704888,527.0,all_outpatient_procedures_reporting_proxy,not_yet_filtered_by_sigtap
315460,72,70,0,0,0,0.0,0.0,0,329794.0,0.0,0.0,,all_outpatient_procedures_reporting_proxy,not_yet_filtered_by_sigtap
315470,2,2,2,2,27,27.0,8421.68,2,4080.0,100.0,6.617647058823529,13.5,all_outpatient_procedures_reporting_proxy,not_yet_filtered_by_sigtap
315480,3,3,0,0,0,0.0,0.0,0,10261.0,0.0,0.0,,all_outpatient_procedures_reporting_proxy,not_yet_filtered_by_sigtap
315490,7,7,1,1,28,78.0,5850.0,1,12789.0,14.285714285714285,6.098991320666197,78.0,all_outpatient_procedures_reporting_proxy,not_yet_filtered_by_sigtap
315500,2,2,2,2,717,5254.0,1841.400000000005,2,2484.0,100.0,2115.136876006441,2627.0,all_outpatient_procedures_reporting_proxy,not_yet_filtered_by_sigtap
315510,4,4,2,2,496,4851.0,31034.529999999973,2,4639.0,50.0,1045.6995042034923,2425.5,all_outpatient_procedures_reporting_proxy,not_yet_filtered_by_sigtap
315520,1,1,0,0,0,0.0,0.0,0,5429.0,0.0,0.0,,all_outpatient_procedures_reporting_proxy,not_yet_filtered_by_sigtap
315530,3,3,0,0,0,0.0,0.0,0,5568.0,0.0,0.0,,all_outpatient_procedures_reporting_proxy,not_yet_filtered_by_sigtap
315540,4,4,0,0,0,0.0,0.0,0,8518.0,0.0,0.0,,all_outpatient_procedures_reporting_proxy,not_yet_filtered_by_sigtap
315550,5,5,0,0,0,0.0,0.0,0,14532.0,0.0,0.0,,all_outpatient_procedures_reporting_proxy,not_yet_filtered_by_sigtap
315560,16,14,1,1,1099,7730.0,38169.46999999947,1,28271.0,7.142857142857142,273.425064553783,7730.0,all_outpatient_procedures_reporting_proxy,not_yet_filtered_by_sigtap
315570,3,3,0,0,0,0.0,0.0,0,14631.0,0.0,0.0,,all_outpatient_procedures_reporting_proxy,not_yet_filtered_by_sigtap
315580,7,7,3,3,1349,3928.0,94903.28000000014,3,17443.0,42.857142857142854,225.19062087943587,1309.3333333333333,all_outpatient_procedures_reporting_proxy,not_yet_filtered_by_sigtap
315590,4,2,1,1,1170,1644.0,11672.869999999992,1,5141.0,50.0,319.78214355183815,1644.0,all_outpatient_procedures_reporting_proxy,not_yet_filtered_by_sigtap
315600,5,5,0,0,0,0.0,0.0,0,12641.0,0.0,0.0,,all_outpatient_procedures_reporting_proxy,not_yet_filtered_by_sigtap
315610,2,2,0,0,0,0.0,0.0,0,4994.0,0.0,0.0,,all_outpatient_procedures_reporting_proxy,not_yet_filtered_by_sigtap
315620,1,1,1,1,147,218.0,1265.850000000004,1,2291.0,100.0,95.15495416848538,218.0,all_outpatient_procedures_reporting_proxy,not_yet_filtered_by_sigtap
315630,3,3,1,1,56,424.0,350.2,1,8664.0,33.33333333333333,48.938134810710984,424.0,all_outpatient_procedures_reporting_proxy,not_yet_filtered_by_sigtap
315640,1,1,0,0,0,0.0,0.0,0,3386.0,0.0,0.0,,all_outpatient_procedures_reporting_proxy,not_yet_filtered_by_sigtap
315645,2,2,2,2,108,145.0,5338.799999999997,2,4734.0,100.0,30.629488804393745,72.5,all_outpatient_procedures_reporting_proxy,not_yet_filtered_by_sigtap
315650,5,5,0,0,0,0.0,0.0,0,5679.0,0.0,0.0,,all_outpatient_procedures_reporting_proxy,not_yet_filtered_by_sigtap
315660,5,5,0,0,0,0.0,0.0,0,10298.0,0.0,0.0,,all_outpatient_procedures_reporting_proxy,not_yet_filtered_by_sigtap
315670,22,20,18,18,22319,60688.0,4005.9799999999996,18,129380.0,90.0,469.0678621116092,3371.5555555555557,all_outpatient_procedures_reporting_proxy,not_yet_filtered_by_sigtap
315680,7,6,6,6,44,2295.0,8100.0,6,14240.0,100.0,161.16573033707866,382.5,all_outpatient_procedures_reporting_proxy,not_yet_filtered_by_sigtap
315690,10,8,7,7,169,1614.0,638.3299999999999,7,26670.0,87.5,60.51743532058493,230.57142857142858,all_outpatient_procedures_reporting_proxy,not_yet_filtered_by_sigtap
315700,13,13,1,1,559,559.0,104984.01999999976,1,40178.0,7.6923076923076925,13.913086763900642,559.0,all_outpatient_procedures_reporting_proxy,not_yet_filtered_by_sigtap
315710,3,3,2,2,218,2359.0,15608.24999999997,2,6110.0,66.66666666666666,386.088379705401,1179.5,all_outpatient_procedures_reporting_proxy,not_yet_filtered_by_sigtap
315720,11,10,0,0,0,0.0,0.0,0,30466.0,0.0,0.0,,all_outpatient_procedures_reporting_proxy,not_yet_filtered_by_sigtap
315725,2,2,0,0,0,0.0,0.0,0,8458.0,0.0,0.0,,all_outpatient_procedures_reporting_proxy,not_yet_filtered_by_sigtap
315727,2,2,2,2,843,1906.0,14936.099999999886,2,3095.0,100.0,615.8319870759289,953.0,all_outpatient_procedures_reporting_proxy,not_yet_filtered_by_sigtap
315730,1,1,0,0,0,0.0,0.0,0,4208.0,0.0,0.0,,all_outpatient_procedures_reporting_proxy,not_yet_filtered_by_sigtap
315733,4,4,0,0,0,0.0,0.0,0,8109.0,0.0,0.0,,all_outpatient_procedures_reporting_proxy,not_yet_filtered_by_sigtap
315737,2,2,0,0,0,0.0,0.0,0,3910.0,0.0,0.0,,all_outpatient_procedures_reporting_proxy,not_yet_filtered_by_sigtap
315740,2,2,2,2,259,560.0,3278.600000000004,2,4673.0,100.0,119.83736357800129,280.0,all_outpatient_procedures_reporting_proxy,not_yet_filtered_by_sigtap
315750,3,3,0,0,0,0.0,0.0,0,4039.0,0.0,0.0,,all_outpatient_procedures_reporting_proxy,not_yet_filtered_by_sigtap
315760,3,3,2,2,792,6622.0,39964.269999999924,2,3522.0,66.66666666666666,1880.1817149346962,3311.0,all_outpatient_procedures_reporting_proxy,not_yet_filtered_by_sigtap
315765,4,4,2,2,462,2418.0,11984.819999999952,2,5938.0,50.0,407.2078140788144,1209.0,all_outpatient_procedures_reporting_proxy,not_yet_filtered_by_sigtap
315770,3,2,0,0,0,0.0,0.0,0,15734.0,0.0,0.0,,all_outpatient_procedures_reporting_proxy,not_yet_filtered_by_sigtap
315780,33,30,0,0,0,0.0,0.0,0,219132.0,0.0,0.0,,all_outpatient_procedures_reporting_proxy,not_yet_filtered_by_sigtap
315790,2,2,1,1,763,3434.0,17555.249999999927,1,16395.0,50.0,209.45410186032325,3434.0,all_outpatient_procedures_reporting_proxy,not_yet_filtered_by_sigtap
315800,3,3,1,1,1569,6666.0,34107.939999999806,1,10485.0,33.33333333333333,635.7653791130185,6666.0,all_outpatient_procedures_reporting_proxy,not_yet_filtered_by_sigtap
315810,2,2,0,0,0,0.0,0.0,0,4755.0,0.0,0.0,,all_outpatient_procedures_reporting_proxy,not_yet_filtered_by_sigtap
315820,1,1,1,1,40,459.0,2272.05,1,12788.0,100.0,35.89302471066625,459.0,all_outpatient_procedures_reporting_proxy,not_yet_filtered_by_sigtap
315830,4,3,2,2,2791,7603.0,30815.280000000283,2,6691.0,66.66666666666666,1136.3024958900014,3801.5,all_outpatient_procedures_reporting_proxy,not_yet_filtered_by_sigtap
315840,2,2,1,1,924,1556.0,35185.349999999766,1,3489.0,50.0,445.9730581828604,1556.0,all_outpatient_procedures_reporting_proxy,not_yet_filtered_by_sigtap
315850,5,3,0,0,0,0.0,0.0,0,7030.0,0.0,0.0,,all_outpatient_procedures_reporting_proxy,not_yet_filtered_by_sigtap
315860,1,1,0,0,0,0.0,0.0,0,3747.0,0.0,0.0,,all_outpatient_procedures_reporting_proxy,not_yet_filtered_by_sigtap
315870,1,1,1,1,962,3578.0,19351.609999999968,1,2137.0,100.0,1674.3097800655125,3578.0,all_outpatient_procedures_reporting_proxy,not_yet_filtered_by_sigtap
315880,3,3,1,1,267,299.0,3167.459999999998,1,4214.0,33.33333333333333,70.95396298054106,299.0,all_outpatient_procedures_reporting_proxy,not_yet_filtered_by_sigtap
315890,1,1,1,1,884,9299.0,55511.089999999735,1,8987.0,100.0,1034.7168131745855,9299.0,all_outpatient_procedures_reporting_proxy,not_yet_filtered_by_sigtap
315895,12,12,0,0,0,0.0,0.0,0,44800.0,0.0,0.0,,all_outpatient_procedures_reporting_proxy,not_yet_filtered_by_sigtap
315900,3,2,2,2,448,4618.0,38738.36000000003,2,5313.0,100.0,869.1887822322605,2309.0,all_outpatient_procedures_reporting_proxy,not_yet_filtered_by_sigtap
315910,2,2,1,1,673,1587.0,13209.600000000062,1,3469.0,50.0,457.480541942923,1587.0,all_outpatient_procedures_reporting_proxy,not_yet_filtered_by_sigtap
315920,4,4,0,0,0,0.0,0.0,0,8460.0,0.0,0.0,,all_outpatient_procedures_reporting_proxy,not_yet_filtered_by_sigtap
315930,3,1,0,0,0,0.0,0.0,0,4755.0,0.0,0.0,,all_outpatient_procedures_reporting_proxy,not_yet_filtered_by_sigtap
315935,4,3,0,0,0,0.0,0.0,0,6773.0,0.0,0.0,,all_outpatient_procedures_reporting_proxy,not_yet_filtered_by_sigtap
315940,1,1,1,1,658,1186.0,7135.999999999928,1,3301.0,100.0,359.28506513177825,1186.0,all_outpatient_procedures_reporting_proxy,not_yet_filtered_by_sigtap
315950,3,3,0,0,0,0.0,0.0,0,5826.0,0.0,0.0,,all_outpatient_procedures_reporting_proxy,not_yet_filtered_by_sigtap
315960,12,12,2,2,27,306.0,4725.0,2,40635.0,16.666666666666664,7.530454042081949,153.0,all_outpatient_procedures_reporting_proxy,not_yet_filtered_by_sigtap
315970,1,1,1,1,233,3868.0,0.0,1,3382.0,100.0,1143.7019515079833,3868.0,all_outpatient_procedures_reporting_proxy,not_yet_filtered_by_sigtap
315980,7,7,0,0,0,0.0,0.0,0,20973.0,0.0,0.0,,all_outpatient_procedures_reporting_proxy,not_yet_filtered_by_sigtap
315990,6,6,0,0,0,0.0,0.0,0,17285.0,0.0,0.0,,all_outpatient_procedures_reporting_proxy,not_yet_filtered_by_sigtap
316000,3,3,1,1,647,1828.0,8992.189999999946,1,3769.0,33.33333333333333,485.0092862828336,1828.0,all_outpatient_procedures_reporting_proxy,not_yet_filtered_by_sigtap
316010,3,3,0,0,0,0.0,0.0,0,4229.0,0.0,0.0,,all_outpatient_procedures_reporting_proxy,not_yet_filtered_by_sigtap
316020,2,2,1,1,216,1656.0,7285.550000000019,1,3915.0,50.0,422.98850574712645,1656.0,all_outpatient_procedures_reporting_proxy,not_yet_filtered_by_sigtap
316030,5,5,1,1,27,27.0,6075.0,1,10327.0,20.0,2.6145056647622735,27.0,all_outpatient_procedures_reporting_proxy,not_yet_filtered_by_sigtap
316040,13,13,1,1,21,133.0,4631.08,1,27295.0,7.6923076923076925,4.8726873053672835,133.0,all_outpatient_procedures_reporting_proxy,not_yet_filtered_by_sigtap
316045,5,5,2,2,459,4162.0,17355.169999999944,2,6629.0,40.0,627.8473374566299,2081.0,all_outpatient_procedures_reporting_proxy,not_yet_filtered_by_sigtap
316050,1,1,0,0,0,0.0,0.0,0,1808.0,0.0,0.0,,all_outpatient_procedures_reporting_proxy,not_yet_filtered_by_sigtap
316060,1,1,1,1,92,4259.0,23215.01999999999,1,2717.0,100.0,1567.5377254324624,4259.0,all_outpatient_procedures_reporting_proxy,not_yet_filtered_by_sigtap
316070,20,19,0,0,0,0.0,0.0,0,42406.0,0.0,0.0,,all_outpatient_procedures_reporting_proxy,not_yet_filtered_by_sigtap
316080,4,4,0,0,0,0.0,0.0,0,4713.0,0.0,0.0,,all_outpatient_procedures_reporting_proxy,not_yet_filtered_by_sigtap
316090,1,1,0,0,0,0.0,0.0,0,3989.0,0.0,0.0,,all_outpatient_procedures_reporting_proxy,not_yet_filtered_by_sigtap
316095,3,3,1,1,620,1793.0,11131.339999999956,1,5626.0,33.33333333333333,318.69889797369353,1793.0,all_outpatient_procedures_reporting_proxy,not_yet_filtered_by_sigtap
316100,2,2,0,0,0,0.0,0.0,0,17392.0,0.0,0.0,,all_outpatient_procedures_reporting_proxy,not_yet_filtered_by_sigtap
316105,2,2,1,1,2942,4873.0,16570.589999999866,1,3200.0,50.0,1522.8125,4873.0,all_outpatient_procedures_reporting_proxy,not_yet_filtered_by_sigtap
316110,20,19,0,0,0,0.0,0.0,0,52762.0,0.0,0.0,,all_outpatient_procedures_reporting_proxy,not_yet_filtered_by_sigtap
316120,3,3,0,0,0,0.0,0.0,0,6187.0,0.0,0.0,,all_outpatient_procedures_reporting_proxy,not_yet_filtered_by_sigtap
316130,3,2,2,2,541,3419.0,17278.62999999994,2,5732.0,100.0,596.4759246336357,1709.5,all_outpatient_procedures_reporting_proxy,not_yet_filtered_by_sigtap
316140,3,3,2,2,1127,4213.0,42271.27000000037,2,4800.0,66.66666666666666,877.7083333333333,2106.5,all_outpatient_procedures_reporting_proxy,not_yet_filtered_by_sigtap
316150,5,5,2,2,973,5802.0,75516.17999999899,2,10282.0,40.0,564.2871036763277,2901.0,all_outpatient_procedures_reporting_proxy,not_yet_filtered_by_sigtap
316160,2,2,1,1,853,2533.0,16626.029999999886,1,3305.0,50.0,766.4145234493193,2533.0,all_outpatient_procedures_reporting_proxy,not_yet_filtered_by_sigtap
316165,2,2,2,2,605,1378.0,10786.450000000055,2,3143.0,100.0,438.434616608336,689.0,all_outpatient_procedures_reporting_proxy,not_yet_filtered_by_sigtap
316170,3,3,0,0,0,0.0,0.0,0,7375.0,0.0,0.0,,all_outpatient_procedures_reporting_proxy,not_yet_filtered_by_sigtap
316180,6,6,0,0,0,0.0,0.0,0,11770.0,0.0,0.0,,all_outpatient_procedures_reporting_proxy,not_yet_filtered_by_sigtap
316190,5,5,0,0,0,0.0,0.0,0,11850.0,0.0,0.0,,all_outpatient_procedures_reporting_proxy,not_yet_filtered_by_sigtap
316200,10,9,2,2,104,400.0,6405.0,2,23959.0,22.22222222222222,16.695187612170795,200.0,all_outpatient_procedures_reporting_proxy,not_yet_filtered_by_sigtap
316210,15,12,0,0,0,0.0,0.0,0,40910.0,0.0,0.0,,all_outpatient_procedures_reporting_proxy,not_yet_filtered_by_sigtap
316220,4,4,0,0,0,0.0,0.0,0,7652.0,0.0,0.0,,all_outpatient_procedures_reporting_proxy,not_yet_filtered_by_sigtap
316225,3,3,3,3,961,3364.0,21116.560000000092,3,4822.0,100.0,697.6358357527996,1121.3333333333333,all_outpatient_procedures_reporting_proxy,not_yet_filtered_by_sigtap
316230,2,2,0,0,0,0.0,0.0,0,2914.0,0.0,0.0,,all_outpatient_procedures_reporting_proxy,not_yet_filtered_by_sigtap
316240,16,13,0,0,0,0.0,0.0,0,23930.0,0.0,0.0,,all_outpatient_procedures_reporting_proxy,not_yet_filtered_by_sigtap
316245,5,5,5,5,180,12032.0,5850.0,5,13024.0,100.0,923.8329238329238,2406.4,all_outpatient_procedures_reporting_proxy,not_yet_filtered_by_sigtap
316250,24,23,20,20,25064,44817.0,52480.549999999996,20,90225.0,86.95652173913044,496.7248545303408,2240.85,all_outpatient_procedures_reporting_proxy,not_yet_filtered_by_sigtap
316255,3,3,1,1,742,17113.0,68337.38999999924,1,11246.0,33.33333333333333,1521.6966032367063,17113.0,all_outpatient_procedures_reporting_proxy,not_yet_filtered_by_sigtap
316257,3,3,1,1,20,20.0,4500.0,1,5331.0,33.33333333333333,3.7516413430876008,20.0,all_outpatient_procedures_reporting_proxy,not_yet_filtered_by_sigtap
316260,5,5,5,5,10517,11436.0,37394.379999999954,5,7070.0,100.0,1617.5388967468175,2287.2,all_outpatient_procedures_reporting_proxy,not_yet_filtered_by_sigtap
316265,1,1,1,1,569,3133.0,11859.25999999991,1,3972.0,100.0,788.7713997985901,3133.0,all_outpatient_procedures_reporting_proxy,not_yet_filtered_by_sigtap
316270,8,8,0,0,0,0.0,0.0,0,23910.0,0.0,0.0,,all_outpatient_procedures_reporting_proxy,not_yet_filtered_by_sigtap
316280,10,10,3,3,594,2163.0,16518.09999999996,3,15315.0,30.0,141.23408423114594,721.0,all_outpatient_procedures_reporting_proxy,not_yet_filtered_by_sigtap
316290,4,4,0,0,0,0.0,0.0,0,25565.0,0.0,0.0,,all_outpatient_procedures_reporting_proxy,not_yet_filtered_by_sigtap
316292,12,12,0,0,0,0.0,0.0,0,34348.0,0.0,0.0,,all_outpatient_procedures_reporting_proxy,not_yet_filtered_by_sigtap
316294,3,3,1,1,15,15.0,3375.0,1,7793.0,33.33333333333333,1.924804311561658,15.0,all_outpatient_procedures_reporting_proxy,not_yet_filtered_by_sigtap
316295,9,9,0,0,0,0.0,0.0,0,26090.0,0.0,0.0,,all_outpatient_procedures_reporting_proxy,not_yet_filtered_by_sigtap
316300,2,2,2,2,178,1640.0,15205.229999999996,2,3806.0,100.0,430.89858118759855,820.0,all_outpatient_procedures_reporting_proxy,not_yet_filtered_by_sigtap
316310,3,3,3,3,144,4029.0,314.15,3,4536.0,100.0,888.2275132275132,1343.0,all_outpatient_procedures_reporting_proxy,not_yet_filtered_by_sigtap
316320,3,3,0,0,0,0.0,0.0,0,4133.0,0.0,0.0,,all_outpatient_procedures_reporting_proxy,not_yet_filtered_by_sigtap
316330,2,2,2,2,556,4024.0,24233.36999999995,2,3464.0,100.0,1161.662817551963,2012.0,all_outpatient_procedures_reporting_proxy,not_yet_filtered_by_sigtap
316340,3,3,1,1,131,1956.0,13454.660000000024,1,5396.0,33.33333333333333,362.49073387694585,1956.0,all_outpatient_procedures_reporting_proxy,not_yet_filtered_by_sigtap
316350,4,2,0,0,0,0.0,0.0,0,6197.0,0.0,0.0,,all_outpatient_procedures_reporting_proxy,not_yet_filtered_by_sigtap
316360,2,2,2,2,37,1536.0,14361.7,2,2753.0,100.0,557.936796222303,768.0,all_outpatient_procedures_reporting_proxy,not_yet_filtered_by_sigtap
316370,15,13,1,1,3323,3423.0,46909.75000000017,1,44798.0,7.6923076923076925,76.40966114558685,3423.0,all_outpatient_procedures_reporting_proxy,not_yet_filtered_by_sigtap
316380,4,4,2,2,587,3850.0,34080.27000000021,2,6334.0,50.0,607.8307546574044,1925.0,all_outpatient_procedures_reporting_proxy,not_yet_filtered_by_sigtap
316390,3,3,1,1,1,1.0,0.0,1,4885.0,33.33333333333333,0.20470829068577276,1.0,all_outpatient_procedures_reporting_proxy,not_yet_filtered_by_sigtap
316400,4,3,1,1,1145,4107.0,20029.140000000047,1,7166.0,33.33333333333333,573.1230812168574,4107.0,all_outpatient_procedures_reporting_proxy,not_yet_filtered_by_sigtap
316410,4,4,2,2,241,4305.0,17674.62000000002,2,5103.0,50.0,843.6213991769548,2152.5,all_outpatient_procedures_reporting_proxy,not_yet_filtered_by_sigtap
316420,7,7,0,0,0,0.0,0.0,0,10315.0,0.0,0.0,,all_outpatient_procedures_reporting_proxy,not_yet_filtered_by_sigtap
316430,3,3,0,0,0,0.0,0.0,0,7129.0,0.0,0.0,,all_outpatient_procedures_reporting_proxy,not_yet_filtered_by_sigtap
316440,2,2,0,0,0,0.0,0.0,0,6387.0,0.0,0.0,,all_outpatient_procedures_reporting_proxy,not_yet_filtered_by_sigtap
316443,2,2,2,2,1392,2890.0,60400.28999999912,2,3113.0,100.0,928.3649212977834,1445.0,all_outpatient_procedures_reporting_proxy,not_yet_filtered_by_sigtap
316447,2,2,2,2,585,1522.0,9050.149999999965,2,6194.0,100.0,245.72166612851146,761.0,all_outpatient_procedures_reporting_proxy,not_yet_filtered_by_sigtap
316450,4,4,1,1,411,4648.0,25469.23999999996,1,10079.0,25.0,461.1568607996825,4648.0,all_outpatient_procedures_reporting_proxy,not_yet_filtered_by_sigtap
316460,9,4,0,0,0,0.0,0.0,0,8815.0,0.0,0.0,,all_outpatient_procedures_reporting_proxy,not_yet_filtered_by_sigtap
316470,29,25,1,1,82,82.0,18450.0,1,71796.0,4.0,1.1421249094657084,82.0,all_outpatient_procedures_reporting_proxy,not_yet_filtered_by_sigtap
316480,1,1,1,1,730,1803.0,7266.5099999999165,1,1259.0,100.0,1432.0889594916603,1803.0,all_outpatient_procedures_reporting_proxy,not_yet_filtered_by_sigtap
316490,2,2,1,1,518,3442.0,15422.170000000053,1,2300.0,50.0,1496.5217391304348,3442.0,all_outpatient_procedures_reporting_proxy,not_yet_filtered_by_sigtap
316500,4,4,0,0,0,0.0,0.0,0,11192.0,0.0,0.0,,all_outpatient_procedures_reporting_proxy,not_yet_filtered_by_sigtap
316510,3,3,1,1,13,38.0,0.0,1,6740.0,33.33333333333333,5.637982195845697,38.0,all_outpatient_procedures_reporting_proxy,not_yet_filtered_by_sigtap
316520,4,4,3,3,657,6842.0,30079.350000000188,3,6904.0,75.0,991.0196987253765,2280.6666666666665,all_outpatient_procedures_reporting_proxy,not_yet_filtered_by_sigtap
316530,4,4,0,0,0,0.0,0.0,0,6804.0,0.0,0.0,,all_outpatient_procedures_reporting_proxy,not_yet_filtered_by_sigtap
316540,3,3,0,0,0,0.0,0.0,0,6311.0,0.0,0.0,,all_outpatient_procedures_reporting_proxy,not_yet_filtered_by_sigtap
316550,2,2,0,0,0,0.0,0.0,0,5104.0,0.0,0.0,,all_outpatient_procedures_reporting_proxy,not_yet_filtered_by_sigtap
316553,11,11,11,11,15089,60924.0,54225.9600000011,11,36844.0,100.0,1653.5663880143309,5538.545454545455,all_outpatient_procedures_reporting_proxy,not_yet_filtered_by_sigtap
316555,4,4,1,1,10,10.0,2250.0,1,9917.0,25.0,1.0083694665725522,10.0,all_outpatient_procedures_reporting_proxy,not_yet_filtered_by_sigtap
316556,2,2,0,0,0,0.0,0.0,0,2433.0,0.0,0.0,,all_outpatient_procedures_reporting_proxy,not_yet_filtered_by_sigtap
316557,3,3,0,0,0,0.0,0.0,0,6206.0,0.0,0.0,,all_outpatient_procedures_reporting_proxy,not_yet_filtered_by_sigtap
316560,2,2,2,2,700,1188.0,7165.239999999974,2,2240.0,100.0,530.3571428571429,594.0,all_outpatient_procedures_reporting_proxy,not_yet_filtered_by_sigtap
316570,5,4,1,1,255,1109.0,9890.549999999988,1,7716.0,25.0,143.72731985484708,1109.0,all_outpatient_procedures_reporting_proxy,not_yet_filtered_by_sigtap
316580,2,2,0,0,0,0.0,0.0,0,2068.0,0.0,0.0,,all_outpatient_procedures_reporting_proxy,not_yet_filtered_by_sigtap
316590,2,1,0,0,0,0.0,0.0,0,4008.0,0.0,0.0,,all_outpatient_procedures_reporting_proxy,not_yet_filtered_by_sigtap
316600,1,1,0,0,0,0.0,0.0,0,5483.0,0.0,0.0,,all_outpatient_procedures_reporting_proxy,not_yet_filtered_by_sigtap
316610,2,2,0,0,0,0.0,0.0,0,3067.0,0.0,0.0,,all_outpatient_procedures_reporting_proxy,not_yet_filtered_by_sigtap
316620,3,3,0,0,0,0.0,0.0,0,10384.0,0.0,0.0,,all_outpatient_procedures_reporting_proxy,not_yet_filtered_by_sigtap
316630,2,2,0,0,0,0.0,0.0,0,7345.0,0.0,0.0,,all_outpatient_procedures_reporting_proxy,not_yet_filtered_by_sigtap
316640,1,1,1,1,275,2480.0,14492.940000000051,1,1819.0,100.0,1363.3864760857614,2480.0,all_outpatient_procedures_reporting_proxy,not_yet_filtered_by_sigtap
316650,1,1,1,1,298,2870.0,11382.169999999967,1,3792.0,100.0,756.8565400843881,2870.0,all_outpatient_procedures_reporting_proxy,not_yet_filtered_by_sigtap
316660,1,1,1,1,48,3983.0,1610.0599999999995,1,833.0,100.0,4781.512605042017,3983.0,all_outpatient_procedures_reporting_proxy,not_yet_filtered_by_sigtap
316670,5,4,0,0,0,0.0,0.0,0,6944.0,0.0,0.0,,all_outpatient_procedures_reporting_proxy,not_yet_filtered_by_sigtap
316680,5,5,0,0,0,0.0,0.0,0,11801.0,0.0,0.0,,all_outpatient_procedures_reporting_proxy,not_yet_filtered_by_sigtap
316690,3,3,3,3,1294,10313.0,607.94,3,7621.0,100.0,1353.2344836635612,3437.6666666666665,all_outpatient_procedures_reporting_proxy,not_yet_filtered_by_sigtap
316695,4,4,2,2,28,129.0,5908.88,2,4399.0,50.0,29.324846556035464,64.5,all_outpatient_procedures_reporting_proxy,not_yet_filtered_by_sigtap
316700,1,1,1,1,82,1356.0,11266.040000000005,1,1990.0,100.0,681.4070351758794,1356.0,all_outpatient_procedures_reporting_proxy,not_yet_filtered_by_sigtap
316710,8,8,0,0,0,0.0,0.0,0,21952.0,0.0,0.0,,all_outpatient_procedures_reporting_proxy,not_yet_filtered_by_sigtap
316720,68,54,2,2,33,40.0,700.0,2,227397.0,3.7037037037037033,0.1759038157935241,20.0,all_outpatient_procedures_reporting_proxy,not_yet_filtered_by_sigtap
316730,2,2,2,2,810,4650.0,26378.17000000012,2,2323.0,100.0,2001.721911321567,2325.0,all_outpatient_procedures_reporting_proxy,not_yet_filtered_by_sigtap
316740,2,1,0,0,0,0.0,0.0,0,6179.0,0.0,0.0,,all_outpatient_procedures_reporting_proxy,not_yet_filtered_by_sigtap
316750,2,2,2,2,238,719.0,4787.8899999999985,2,2947.0,100.0,243.97692568713947,359.5,all_outpatient_procedures_reporting_proxy,not_yet_filtered_by_sigtap
316760,10,10,0,0,0,0.0,0.0,0,19750.0,0.0,0.0,,all_outpatient_procedures_reporting_proxy,not_yet_filtered_by_sigtap
316770,5,4,1,1,868,3083.0,25103.7000000003,1,5137.0,25.0,600.1557329180456,3083.0,all_outpatient_procedures_reporting_proxy,not_yet_filtered_by_sigtap
316780,2,2,0,0,0,0.0,0.0,0,5613.0,0.0,0.0,,all_outpatient_procedures_reporting_proxy,not_yet_filtered_by_sigtap
316790,3,3,3,3,1045,18400.0,68558.67999999982,3,4014.0,100.0,4583.95615346288,6133.333333333333,all_outpatient_procedures_reporting_proxy,not_yet_filtered_by_sigtap
316800,14,11,1,1,56,215.0,11925.0,1,33050.0,9.090909090909092,6.505295007564297,215.0,all_outpatient_procedures_reporting_proxy,not_yet_filtered_by_sigtap
316805,4,3,1,1,1476,6964.0,34026.14999999989,1,3387.0,33.33333333333333,2056.09684086212,6964.0,all_outpatient_procedures_reporting_proxy,not_yet_filtered_by_sigtap
316810,2,2,0,0,0,0.0,0.0,0,4118.0,0.0,0.0,,all_outpatient_procedures_reporting_proxy,not_yet_filtered_by_sigtap
316830,3,3,0,0,0,0.0,0.0,0,4224.0,0.0,0.0,,all_outpatient_procedures_reporting_proxy,not_yet_filtered_by_sigtap
316840,9,8,1,1,49,225.0,1050.7500000000002,1,14709.0,12.5,15.29675708749745,225.0,all_outpatient_procedures_reporting_proxy,not_yet_filtered_by_sigtap
316850,6,5,2,2,32,32.0,5669.1,2,12255.0,40.0,2.6111791105671154,16.0,all_outpatient_procedures_reporting_proxy,not_yet_filtered_by_sigtap
316860,55,50,0,0,0,0.0,0.0,0,137418.0,0.0,0.0,,all_outpatient_procedures_reporting_proxy,not_yet_filtered_by_sigtap
316870,18,15,13,13,1510,3558.0,11686.520000000004,13,81579.0,86.66666666666667,43.61416541021586,273.6923076923077,all_outpatient_procedures_reporting_proxy,not_yet_filtered_by_sigtap
316880,6,6,4,4,6300,34234.0,83093.23000000016,4,7744.0,66.66666666666666,4420.712809917355,8558.5,all_outpatient_procedures_reporting_proxy,not_yet_filtered_by_sigtap
316890,3,3,0,0,0,0.0,0.0,0,7883.0,0.0,0.0,,all_outpatient_procedures_reporting_proxy,not_yet_filtered_by_sigtap
316900,10,5,1,1,517,8883.0,18709.599999999915,1,16185.0,20.0,548.8415199258573,8883.0,all_outpatient_procedures_reporting_proxy,not_yet_filtered_by_sigtap
316905,2,2,0,0,0,0.0,0.0,0,3826.0,0.0,0.0,,all_outpatient_procedures_reporting_proxy,not_yet_filtered_by_sigtap
316910,1,1,0,0,0,0.0,0.0,0,7214.0,0.0,0.0,,all_outpatient_procedures_reporting_proxy,not_yet_filtered_by_sigtap
316920,5,4,3,3,20,3402.0,0.0,3,8609.0,75.0,395.16784760134743,1134.0,all_outpatient_procedures_reporting_proxy,not_yet_filtered_by_sigtap
316930,18,16,15,15,255,1404.0,10411.91,15,75485.0,93.75,18.59972179903292,93.6,all_outpatient_procedures_reporting_proxy,not_yet_filtered_by_sigtap
316935,12,11,2,2,191,661.0,60182.59999999995,2,28895.0,18.181818181818183,22.87593009171137,330.5,all_outpatient_procedures_reporting_proxy,not_yet_filtered_by_sigtap
316940,17,16,15,15,25884,53987.0,751.1399999999996,15,55255.0,93.75,977.051850511266,3599.133333333333,all_outpatient_procedures_reporting_proxy,not_yet_filtered_by_sigtap
316950,4,4,2,2,84,146.0,8019.0,2,5886.0,50.0,24.804621134896365,73.0,all_outpatient_procedures_reporting_proxy,not_yet_filtered_by_sigtap
316960,6,6,1,1,1,20.0,0.0,1,25470.0,16.666666666666664,0.7852375343541421,20.0,all_outpatient_procedures_reporting_proxy,not_yet_filtered_by_sigtap
316970,9,9,2,2,304,1146.0,13534.480000000005,2,20000.0,22.22222222222222,57.3,573.0,all_outpatient_procedures_reporting_proxy,not_yet_filtered_by_sigtap
316980,2,2,0,0,0,0.0,0.0,0,4935.0,0.0,0.0,,all_outpatient_procedures_reporting_proxy,not_yet_filtered_by_sigtap
316990,39,27,1,1,561,1808.0,13992.19,1,103365.0,3.7037037037037033,17.491413921540175,1808.0,all_outpatient_procedures_reporting_proxy,not_yet_filtered_by_sigtap
317000,11,10,0,0,0,0.0,0.0,0,11708.0,0.0,0.0,,all_outpatient_procedures_reporting_proxy,not_yet_filtered_by_sigtap
317005,6,6,0,0,0,0.0,0.0,0,13017.0,0.0,0.0,,all_outpatient_procedures_reporting_proxy,not_yet_filtered_by_sigtap
317010,40,38,0,0,0,0.0,0.0,0,337836.0,0.0,0.0,,all_outpatient_procedures_reporting_proxy,not_yet_filtered_by_sigtap
317020,81,77,70,70,5932,7531.0,40476.26000000004,70,713224.0,90.9090909090909,10.559095038865769,107.58571428571429,all_outpatient_procedures_reporting_proxy,not_yet_filtered_by_sigtap
317030,2,1,1,1,378,5893.0,34334.100000000006,1,2684.0,100.0,2195.6035767511175,5893.0,all_outpatient_procedures_reporting_proxy,not_yet_filtered_by_sigtap
317040,20,20,1,1,1,227.0,2270.0,1,86619.0,5.0,2.620672138907168,227.0,all_outpatient_procedures_reporting_proxy,not_yet_filtered_by_sigtap
317043,2,2,2,2,303,2022.0,14849.99999999997,2,3828.0,100.0,528.2131661442006,1011.0,all_outpatient_procedures_reporting_proxy,not_yet_filtered_by_sigtap
317047,4,3,2,2,728,4556.0,19879.93000000012,2,3282.0,66.66666666666666,1388.177940280317,2278.0,all_outpatient_procedures_reporting_proxy,not_yet_filtered_by_sigtap
317050,2,1,1,1,998,1577.0,6853.329999999956,1,10600.0,100.0,148.77358490566036,1577.0,all_outpatient_procedures_reporting_proxy,not_yet_filtered_by_sigtap
317052,5,5,1,1,29,57.0,6075.0,1,17479.0,20.0,3.2610561244922476,57.0,all_outpatient_procedures_reporting_proxy,not_yet_filtered_by_sigtap
317057,3,3,1,1,453,1266.0,3410.599999999961,1,5780.0,33.33333333333333,219.0311418685121,1266.0,all_outpatient_procedures_reporting_proxy,not_yet_filtered_by_sigtap
317060,3,3,2,2,20,296.0,1270.2400000000002,2,2158.0,66.66666666666666,137.16404077849862,148.0,all_outpatient_procedures_reporting_proxy,not_yet_filtered_by_sigtap
317065,4,4,2,2,266,997.0,19272.40000000001,2,4633.0,50.0,215.1953377940859,498.5,all_outpatient_procedures_reporting_proxy,not_yet_filtered_by_sigtap
317070,25,24,0,0,0,0.0,0.0,0,136467.0,0.0,0.0,,all_outpatient_procedures_reporting_proxy,not_yet_filtered_by_sigtap
317075,4,3,0,0,0,0.0,0.0,0,6969.0,0.0,0.0,,all_outpatient_procedures_reporting_proxy,not_yet_filtered_by_sigtap
317080,12,11,0,0,0,0.0,0.0,0,33744.0,0.0,0.0,,all_outpatient_procedures_reporting_proxy,not_yet_filtered_by_sigtap
317090,12,11,0,0,0,0.0,0.0,0,18840.0,0.0,0.0,,all_outpatient_procedures_reporting_proxy,not_yet_filtered_by_sigtap
317100,12,8,0,0,0,0.0,0.0,0,19975.0,0.0,0.0,,all_outpatient_procedures_reporting_proxy,not_yet_filtered_by_sigtap
317103,6,5,0,0,0,0.0,0.0,0,7672.0,0.0,0.0,,all_outpatient_procedures_reporting_proxy,not_yet_filtered_by_sigtap
317107,3,3,0,0,0,0.0,0.0,0,5181.0,0.0,0.0,,all_outpatient_procedures_reporting_proxy,not_yet_filtered_by_sigtap
317110,1,1,0,0,0,0.0,0.0,0,3411.0,0.0,0.0,,all_outpatient_procedures_reporting_proxy,not_yet_filtered_by_sigtap
317115,1,1,0,0,0,0.0,0.0,0,4899.0,0.0,0.0,,all_outpatient_procedures_reporting_proxy,not_yet_filtered_by_sigtap
317120,22,22,15,15,3779,23623.0,23943.79999999966,15,129246.0,68.18181818181817,182.77548241338224,1574.8666666666666,all_outpatient_procedures_reporting_proxy,not_yet_filtered_by_sigtap
317130,20,19,2,2,665,11406.0,97439.14000000003,2,76430.0,10.526315789473683,149.2345937459113,5703.0,all_outpatient_procedures_reporting_proxy,not_yet_filtered_by_sigtap
317140,2,2,1,1,124,135.0,583.9399999999993,1,3700.0,50.0,36.48648648648649,135.0,all_outpatient_procedures_reporting_proxy,not_yet_filtered_by_sigtap
317150,4,3,0,0,0,0.0,0.0,0,3038.0,0.0,0.0,,all_outpatient_procedures_reporting_proxy,not_yet_filtered_by_sigtap
317160,7,7,0,0,0,0.0,0.0,0,11804.0,0.0,0.0,,all_outpatient_procedures_reporting_proxy,not_yet_filtered_by_sigtap
317170,4,3,0,0,0,0.0,0.0,0,8908.0,0.0,0.0,,all_outpatient_procedures_reporting_proxy,not_yet_filtered_by_sigtap
317180,4,4,0,0,0,0.0,0.0,0,10314.0,0.0,0.0,,all_outpatient_procedures_reporting_proxy,not_yet_filtered_by_sigtap
317190,4,3,2,2,293,2879.0,15043.479999999983,2,4552.0,66.66666666666666,632.4692442882249,1439.5,all_outpatient_procedures_reporting_proxy,not_yet_filtered_by_sigtap
317200,12,12,2,2,200,13146.0,169983.49000000002,2,39160.0,16.666666666666664,335.6996935648621,6573.0,all_outpatient_procedures_reporting_proxy,not_yet_filtered_by_sigtap
317210,3,3,0,0,0,0.0,0.0,0,4443.0,0.0,0.0,,all_outpatient_procedures_reporting_proxy,not_yet_filtered_by_sigtap
317220,1,1,0,0,0,0.0,0.0,0,2356.0,0.0,0.0,,all_outpatient_procedures_reporting_proxy,not_yet_filtered_by_sigtap
320010,8,8,8,8,11149,65871.0,306389.1800000003,24,30684.0,100.0,2146.754008603833,8233.875,all_outpatient_procedures_reporting_proxy,not_yet_filtered_by_sigtap
320013,6,6,0,0,0,0.0,0.0,0,9711.0,0.0,0.0,,all_outpatient_procedures_reporting_proxy,not_yet_filtered_by_sigtap
320016,9,5,0,0,0,0.0,0.0,0,12042.0,0.0,0.0,,all_outpatient_procedures_reporting_proxy,not_yet_filtered_by_sigtap
320020,11,10,10,10,7239,21339.0,26638.41,30,29177.0,100.0,731.3637454159098,2133.9,all_outpatient_procedures_reporting_proxy,not_yet_filtered_by_sigtap
320030,15,4,0,0,0,0.0,0.0,0,13836.0,0.0,0.0,,all_outpatient_procedures_reporting_proxy,not_yet_filtered_by_sigtap
320035,4,4,4,4,1723,8616.0,38940.899999999514,4,7434.0,100.0,1158.999192897498,2154.0,all_outpatient_procedures_reporting_proxy,not_yet_filtered_by_sigtap
320040,22,10,10,10,1312,2589.0,14452.119999999997,30,29984.0,100.0,86.34605122732124,258.9,all_outpatient_procedures_reporting_proxy,not_yet_filtered_by_sigtap
320050,3,3,3,3,2191,5540.0,43046.54999999996,9,7223.0,100.0,766.9943236882182,1846.6666666666667,all_outpatient_procedures_reporting_proxy,not_yet_filtered_by_sigtap
320060,22,21,16,16,678,1928.0,15113.300000000003,16,94765.0,76.19047619047619,20.34506410594629,120.5,all_outpatient_procedures_reporting_proxy,not_yet_filtered_by_sigtap
320070,8,8,0,0,0,0.0,0.0,0,10540.0,0.0,0.0,,all_outpatient_procedures_reporting_proxy,not_yet_filtered_by_sigtap
320080,14,13,0,0,0,0.0,0.0,0,30674.0,0.0,0.0,,all_outpatient_procedures_reporting_proxy,not_yet_filtered_by_sigtap
320090,17,15,14,14,12415,65293.0,293723.3100000009,28,42498.0,93.33333333333333,1536.378182502706,4663.785714285715,all_outpatient_procedures_reporting_proxy,not_yet_filtered_by_sigtap
320100,6,6,1,1,7503,45003.0,222764.85000000143,3,13608.0,16.666666666666664,3307.098765432099,45003.0,all_outpatient_procedures_reporting_proxy,not_yet_filtered_by_sigtap
320110,4,4,4,4,1783,5765.0,19220.109999999866,4,10254.0,100.0,562.2196216110787,1441.25,all_outpatient_procedures_reporting_proxy,not_yet_filtered_by_sigtap
320115,7,5,5,5,2448,11547.0,58458.57000000012,10,12985.0,100.0,889.2568348093954,2309.4,all_outpatient_procedures_reporting_proxy,not_yet_filtered_by_sigtap
320120,43,39,2,2,19128,142282.0,135207.57000000004,6,185786.0,5.128205128205128,765.838114820277,71141.0,all_outpatient_procedures_reporting_proxy,not_yet_filtered_by_sigtap
320130,39,36,30,30,39394,626495.0,2677211.8800000004,90,353491.0,83.33333333333334,1772.3082058666275,20883.166666666668,all_outpatient_procedures_reporting_proxy,not_yet_filtered_by_sigtap
320140,11,10,9,9,5447,75633.0,328776.9699999977,18,36930.0,90.0,2048.0097481722178,8403.666666666666,all_outpatient_procedures_reporting_proxy,not_yet_filtered_by_sigtap
320150,46,45,3,3,1347,3660.0,16284.630000000003,9,120033.0,6.666666666666667,30.491614805928368,1220.0,all_outpatient_procedures_reporting_proxy,not_yet_filtered_by_sigtap
320160,11,11,9,9,2886,26768.0,65588.68999999989,9,27458.0,81.81818181818183,974.8707116323112,2974.222222222222,all_outpatient_procedures_reporting_proxy,not_yet_filtered_by_sigtap
320170,7,4,3,3,704,5706.0,642.45,6,11937.0,75.0,478.0095501382257,1902.0,all_outpatient_procedures_reporting_proxy,not_yet_filtered_by_sigtap
320180,3,2,2,2,2702,10084.0,31266.64999999993,6,5083.0,100.0,1983.8677946094824,5042.0,all_outpatient_procedures_reporting_proxy,not_yet_filtered_by_sigtap
320190,13,12,1,1,5801,42769.0,224188.00000000047,3,35416.0,8.333333333333332,1207.618025751073,42769.0,all_outpatient_procedures_reporting_proxy,not_yet_filtered_by_sigtap
320200,4,4,3,3,2271,19330.0,125384.05999999994,9,6596.0,75.0,2930.563978168587,6443.333333333333,all_outpatient_procedures_reporting_proxy,not_yet_filtered_by_sigtap
320210,9,9,8,8,1686,19310.0,105233.94,10,21992.0,88.88888888888889,878.0465623863223,2413.75,all_outpatient_procedures_reporting_proxy,not_yet_filtered_by_sigtap
320220,4,3,0,0,0,0.0,0.0,0,18014.0,0.0,0.0,,all_outpatient_procedures_reporting_proxy,not_yet_filtered_by_sigtap
320225,5,5,4,4,6663,58932.0,349495.02999999805,10,11009.0,80.0,5353.074757016986,14733.0,all_outpatient_procedures_reporting_proxy,not_yet_filtered_by_sigtap
320230,13,11,11,11,4416,14093.0,64679.62000000112,22,29358.0,100.0,480.03951222835343,1281.1818181818182,all_outpatient_procedures_reporting_proxy,not_yet_filtered_by_sigtap
320240,30,24,23,23,14509,76332.0,203217.15999999997,69,124656.0,95.83333333333334,612.3411628802464,3318.782608695652,all_outpatient_procedures_reporting_proxy,not_yet_filtered_by_sigtap
320245,7,7,7,7,2740,16736.0,34889.74000000016,14,25380.0,100.0,659.4168636721828,2390.8571428571427,all_outpatient_procedures_reporting_proxy,not_yet_filtered_by_sigtap
320250,4,4,0,0,0,0.0,0.0,0,11723.0,0.0,0.0,,all_outpatient_procedures_reporting_proxy,not_yet_filtered_by_sigtap
320255,6,5,0,0,0,0.0,0.0,0,9520.0,0.0,0.0,,all_outpatient_procedures_reporting_proxy,not_yet_filtered_by_sigtap
320260,7,6,6,6,2411,5628.0,28077.080000000038,18,12326.0,100.0,456.59581372708095,938.0,all_outpatient_procedures_reporting_proxy,not_yet_filtered_by_sigtap
320265,6,6,6,6,1191,5164.0,5269.8200000000015,6,13710.0,100.0,376.6593727206419,860.6666666666666,all_outpatient_procedures_reporting_proxy,not_yet_filtered_by_sigtap
320270,10,9,6,6,1307,11177.0,41064.040000000015,6,13589.0,66.66666666666666,822.5034954742807,1862.8333333333333,all_outpatient_procedures_reporting_proxy,not_yet_filtered_by_sigtap
320280,17,12,0,0,0,0.0,0.0,0,39832.0,0.0,0.0,,all_outpatient_procedures_reporting_proxy,not_yet_filtered_by_sigtap
320290,2,2,2,2,4076,43190.0,178108.8499999966,6,10597.0,100.0,4075.681796734925,21595.0,all_outpatient_procedures_reporting_proxy,not_yet_filtered_by_sigtap
320300,11,11,9,9,1611,3882.0,15945.69999999997,25,28590.0,81.81818181818183,135.78174186778594,431.3333333333333,all_outpatient_procedures_reporting_proxy,not_yet_filtered_by_sigtap
320305,17,15,13,13,1899,4836.0,5920.110000000002,13,28931.0,86.66666666666667,167.15633749265493,372.0,all_outpatient_procedures_reporting_proxy,not_yet_filtered_by_sigtap
320310,4,4,4,4,1280,5930.0,17997.539999999997,8,11575.0,100.0,512.3110151187905,1482.5,all_outpatient_procedures_reporting_proxy,not_yet_filtered_by_sigtap
320313,12,12,0,0,0,0.0,0.0,0,14079.0,0.0,0.0,,all_outpatient_procedures_reporting_proxy,not_yet_filtered_by_sigtap
320316,6,6,5,5,3714,27785.0,104380.89000000025,13,11094.0,83.33333333333334,2504.5069406886605,5557.0,all_outpatient_procedures_reporting_proxy,not_yet_filtered_by_sigtap
320320,31,31,0,0,0,0.0,0.0,0,166786.0,0.0,0.0,,all_outpatient_procedures_reporting_proxy,not_yet_filtered_by_sigtap
320330,2,2,1,1,415,5495.0,22752.44,2,12770.0,50.0,430.3054032889585,5495.0,all_outpatient_procedures_reporting_proxy,not_yet_filtered_by_sigtap
320332,15,15,0,0,0,0.0,0.0,0,41929.0,0.0,0.0,,all_outpatient_procedures_reporting_proxy,not_yet_filtered_by_sigtap
320334,11,7,2,2,10271,54278.0,246722.50000000373,6,17641.0,28.57142857142857,3076.8097046652683,27139.0,all_outpatient_procedures_reporting_proxy,not_yet_filtered_by_sigtap
320335,10,6,5,5,4818,21157.0,42597.22000000004,15,12387.0,83.33333333333334,1708.0003229191896,4231.4,all_outpatient_procedures_reporting_proxy,not_yet_filtered_by_sigtap
320340,12,11,8,8,1587,5150.0,49595.24,15,24475.0,72.72727272727273,210.4187946884576,643.75,all_outpatient_procedures_reporting_proxy,not_yet_filtered_by_sigtap
320350,8,8,8,8,3728,40162.0,210937.5799999994,8,18900.0,100.0,2124.9735449735454,5020.25,all_outpatient_procedures_reporting_proxy,not_yet_filtered_by_sigtap
320360,5,5,5,5,7404,37596.0,150991.24000000014,15,5466.0,100.0,6878.155872667398,7519.2,all_outpatient_procedures_reporting_proxy,not_yet_filtered_by_sigtap
320380,9,7,0,0,0,0.0,0.0,0,13745.0,0.0,0.0,,all_outpatient_procedures_reporting_proxy,not_yet_filtered_by_sigtap
320390,17,15,15,15,15385,63516.0,227092.03999999998,45,49065.0,100.0,1294.527667380006,4234.4,all_outpatient_procedures_reporting_proxy,not_yet_filtered_by_sigtap
320400,9,9,9,9,3643,30214.0,174541.07000000004,27,18893.0,100.0,1599.2166410839993,3357.1111111111113,all_outpatient_procedures_reporting_proxy,not_yet_filtered_by_sigtap
320405,7,6,5,5,3947,19132.0,55057.86999999983,5,21522.0,83.33333333333334,888.9508409999071,3826.4,all_outpatient_procedures_reporting_proxy,not_yet_filtered_by_sigtap
320410,9,9,9,9,15641,92762.0,367015.8999999998,27,23915.0,100.0,3878.8208237507843,10306.888888888889,all_outpatient_procedures_reporting_proxy,not_yet_filtered_by_sigtap
320420,9,9,9,9,10699,35864.0,129112.55999999984,27,22300.0,100.0,1608.2511210762332,3984.8888888888887,all_outpatient_procedures_reporting_proxy,not_yet_filtered_by_sigtap
320425,3,3,0,0,0,0.0,0.0,0,6497.0,0.0,0.0,,all_outpatient_procedures_reporting_proxy,not_yet_filtered_by_sigtap
320430,11,11,9,9,6273,20547.0,102378.09000000241,24,13696.0,81.81818181818183,1500.2190420560748,2283.0,all_outpatient_procedures_reporting_proxy,not_yet_filtered_by_sigtap
320440,7,6,0,0,0,0.0,0.0,0,11069.0,0.0,0.0,,all_outpatient_procedures_reporting_proxy,not_yet_filtered_by_sigtap
320450,6,6,6,6,9261,53377.0,276632.28999999247,18,13106.0,100.0,4072.714787120403,8896.166666666666,all_outpatient_procedures_reporting_proxy,not_yet_filtered_by_sigtap
320455,16,15,15,15,16653,117429.0,465046.17000000115,45,41636.0,100.0,2820.371793640119,7828.6,all_outpatient_procedures_reporting_proxy,not_yet_filtered_by_sigtap
320460,13,10,10,10,8609,82734.0,404022.3399999993,30,22808.0,100.0,3627.4114345843564,8273.4,all_outpatient_procedures_reporting_proxy,not_yet_filtered_by_sigtap
320465,5,5,0,0,0,0.0,0.0,0,8589.0,0.0,0.0,,all_outpatient_procedures_reporting_proxy,not_yet_filtered_by_sigtap
320470,5,3,3,3,8006,28591.0,139083.29000000123,9,32252.0,100.0,886.4876596800199,9530.333333333334,all_outpatient_procedures_reporting_proxy,not_yet_filtered_by_sigtap
320480,5,4,4,4,4851,19687.0,27013.139999999956,11,10878.0,100.0,1809.7995955138813,4921.75,all_outpatient_procedures_reporting_proxy,not_yet_filtered_by_sigtap
320490,37,31,16,16,19599,52496.0,3092406.0199999786,18,123752.0,51.61290322580645,424.20324520007756,3281.0,all_outpatient_procedures_reporting_proxy,not_yet_filtered_by_sigtap
320495,5,5,4,4,29697,53559.0,145280.84000000008,12,10886.0,80.0,4919.988976667279,13389.75,all_outpatient_procedures_reporting_proxy,not_yet_filtered_by_sigtap
320500,42,41,39,39,26402,512855.0,3120908.510000002,117,520653.0,95.1219512195122,985.0226542438054,13150.128205128205,all_outpatient_procedures_reporting_proxy,not_yet_filtered_by_sigtap
320501,7,7,7,7,4230,30190.0,106041.92,14,26502.0,100.0,1139.1593087314166,4312.857142857143,all_outpatient_procedures_reporting_proxy,not_yet_filtered_by_sigtap
320503,12,10,9,9,4173,12649.0,16583.829999999998,18,19563.0,90.0,646.5777232530799,1405.4444444444443,all_outpatient_procedures_reporting_proxy,not_yet_filtered_by_sigtap
320506,5,5,5,5,4085,43616.0,177642.67,10,23831.0,100.0,1830.2211405312407,8723.2,all_outpatient_procedures_reporting_proxy,not_yet_filtered_by_sigtap
320510,29,28,19,19,10516,139749.0,679906.2599999997,38,73423.0,67.85714285714286,1903.3409149721476,7355.210526315789,all_outpatient_procedures_reporting_proxy,not_yet_filtered_by_sigtap
320515,2,2,2,2,6901,48435.0,231334.12000000032,6,8911.0,100.0,5435.416900460105,24217.5,all_outpatient_procedures_reporting_proxy,not_yet_filtered_by_sigtap
320517,7,7,6,6,5469,42051.0,176758.93000000174,18,13728.0,85.71428571428571,3063.1555944055945,7008.5,all_outpatient_procedures_reporting_proxy,not_yet_filtered_by_sigtap
320520,36,34,26,26,14484,525006.0,3008917.9700000044,66,467722.0,76.47058823529412,1122.4744613253172,20192.53846153846,all_outpatient_procedures_reporting_proxy,not_yet_filtered_by_sigtap
320530,32,30,29,29,2906,40240.0,126136.56,87,322869.0,96.66666666666667,124.63259092697038,1387.5862068965516,all_outpatient_procedures_reporting_proxy,not_yet_filtered_by_sigtap
330010,55,47,44,44,10646,81179.0,11515.09,44,167434.0,93.61702127659575,484.84178840617795,1844.9772727272727,all_outpatient_procedures_reporting_proxy,not_yet_filtered_by_sigtap
330015,8,8,0,0,0,0.0,0.0,0,11034.0,0.0,0.0,,all_outpatient_procedures_reporting_proxy,not_yet_filtered_by_sigtap
330022,6,5,0,0,0,0.0,0.0,0,11828.0,0.0,0.0,,all_outpatient_procedures_reporting_proxy,not_yet_filtered_by_sigtap
330023,22,16,0,0,0,0.0,0.0,0,40006.0,0.0,0.0,,all_outpatient_procedures_reporting_proxy,not_yet_filtered_by_sigtap
330025,9,9,0,0,0,0.0,0.0,0,30986.0,0.0,0.0,,all_outpatient_procedures_reporting_proxy,not_yet_filtered_by_sigtap
330030,28,26,0,0,0,0.0,0.0,0,92883.0,0.0,0.0,,all_outpatient_procedures_reporting_proxy,not_yet_filtered_by_sigtap
330040,52,50,4,4,1220,6600.0,29737.130000000012,7,169894.0,8.0,38.847752127797335,1650.0,all_outpatient_procedures_reporting_proxy,not_yet_filtered_by_sigtap
330045,57,52,0,0,0,0.0,0.0,0,483087.0,0.0,0.0,,all_outpatient_procedures_reporting_proxy,not_yet_filtered_by_sigtap
330050,9,7,0,0,0,0.0,0.0,0,28102.0,0.0,0.0,,all_outpatient_procedures_reporting_proxy,not_yet_filtered_by_sigtap
330060,38,28,25,25,37297,43954.0,9506.7,45,35173.0,89.28571428571429,1249.6517214909163,1758.16,all_outpatient_procedures_reporting_proxy,not_yet_filtered_by_sigtap
330070,3,1,0,0,0,0.0,0.0,0,222161.0,0.0,0.0,,all_outpatient_procedures_reporting_proxy,not_yet_filtered_by_sigtap
330080,29,21,0,0,0,0.0,0.0,0,56943.0,0.0,0.0,,all_outpatient_procedures_reporting_proxy,not_yet_filtered_by_sigtap
330090,7,5,0,0,0,0.0,0.0,0,14616.0,0.0,0.0,,all_outpatient_procedures_reporting_proxy,not_yet_filtered_by_sigtap
330093,5,4,4,4,4484,22868.0,25514.759999999882,8,13847.0,100.0,1651.4768541922438,5717.0,all_outpatient_procedures_reporting_proxy,not_yet_filtered_by_sigtap
330095,4,4,4,4,1273,4977.0,13654.289999999999,8,8741.0,100.0,569.3856538153528,1244.25,all_outpatient_procedures_reporting_proxy,not_yet_filtered_by_sigtap
330100,92,83,52,52,66270,94590.0,38589.700000000004,103,483540.0,62.65060240963856,195.619803945899,1819.0384615384614,all_outpatient_procedures_reporting_proxy,not_yet_filtered_by_sigtap
330115,11,9,4,4,617,803.0,10652.949999999999,7,12958.0,44.44444444444444,61.969439728353144,200.75,all_outpatient_procedures_reporting_proxy,not_yet_filtered_by_sigtap
330120,7,7,0,0,0,0.0,0.0,0,17198.0,0.0,0.0,,all_outpatient_procedures_reporting_proxy,not_yet_filtered_by_sigtap
330130,13,13,0,0,0,0.0,0.0,0,46110.0,0.0,0.0,,all_outpatient_procedures_reporting_proxy,not_yet_filtered_by_sigtap
330140,3,2,2,2,999,1100.0,4.0,4,21104.0,100.0,52.122820318423045,550.0,all_outpatient_procedures_reporting_proxy,not_yet_filtered_by_sigtap
330150,7,7,0,0,0,0.0,0.0,0,20783.0,0.0,0.0,,all_outpatient_procedures_reporting_proxy,not_yet_filtered_by_sigtap
330160,7,7,0,0,0,0.0,0.0,0,10980.0,0.0,0.0,,all_outpatient_procedures_reporting_proxy,not_yet_filtered_by_sigtap
330170,82,70,19,19,22645,305982.0,1775299.3700001081,33,808161.0,27.142857142857142,378.6151521788357,16104.315789473685,all_outpatient_procedures_reporting_proxy,not_yet_filtered_by_sigtap
330180,6,6,6,6,1237,20803.0,107844.69,12,12242.0,100.0,1699.313837608234,3467.1666666666665,all_outpatient_procedures_reporting_proxy,not_yet_filtered_by_sigtap
330187,13,11,0,0,0,0.0,0.0,0,27920.0,0.0,0.0,,all_outpatient_procedures_reporting_proxy,not_yet_filtered_by_sigtap
330190,41,37,0,0,0,0.0,0.0,0,224267.0,0.0,0.0,,all_outpatient_procedures_reporting_proxy,not_yet_filtered_by_sigtap
330200,40,26,0,0,0,0.0,0.0,0,116841.0,0.0,0.0,,all_outpatient_procedures_reporting_proxy,not_yet_filtered_by_sigtap
330205,8,8,0,0,0,0.0,0.0,0,14073.0,0.0,0.0,,all_outpatient_procedures_reporting_proxy,not_yet_filtered_by_sigtap
330210,4,4,0,0,0,0.0,0.0,0,22919.0,0.0,0.0,,all_outpatient_procedures_reporting_proxy,not_yet_filtered_by_sigtap
330220,29,28,0,0,0,0.0,0.0,0,101041.0,0.0,0.0,,all_outpatient_procedures_reporting_proxy,not_yet_filtered_by_sigtap
330225,8,8,0,0,0,0.0,0.0,0,30908.0,0.0,0.0,,all_outpatient_procedures_reporting_proxy,not_yet_filtered_by_sigtap
330227,15,13,0,0,0,0.0,0.0,0,96289.0,0.0,0.0,,all_outpatient_procedures_reporting_proxy,not_yet_filtered_by_sigtap
330230,6,5,4,4,639,1278.0,41407.20000000004,7,7336.0,80.0,174.2093784078517,319.5,all_outpatient_procedures_reporting_proxy,not_yet_filtered_by_sigtap
330240,63,52,8,8,1188,10558.0,32687.43,14,246391.0,15.384615384615385,42.850591133604716,1319.75,all_outpatient_procedures_reporting_proxy,not_yet_filtered_by_sigtap
330245,4,4,0,0,0,0.0,0.0,0,5415.0,0.0,0.0,,all_outpatient_procedures_reporting_proxy,not_yet_filtered_by_sigtap
330250,78,56,0,0,0,0.0,0.0,0,228127.0,0.0,0.0,,all_outpatient_procedures_reporting_proxy,not_yet_filtered_by_sigtap
330260,18,17,3,3,4240,37800.0,142782.34000000017,6,41220.0,17.647058823529413,917.0305676855895,12600.0,all_outpatient_procedures_reporting_proxy,not_yet_filtered_by_sigtap
330270,31,27,27,27,27,526.0,2708.9,27,197277.0,100.0,2.666301697613001,19.48148148148148,all_outpatient_procedures_reporting_proxy,not_yet_filtered_by_sigtap
330280,13,12,0,0,0,0.0,0.0,0,17502.0,0.0,0.0,,all_outpatient_procedures_reporting_proxy,not_yet_filtered_by_sigtap
330285,27,13,11,11,1748,366326.0,821647.9,22,167127.0,84.61538461538461,2191.901966767787,33302.36363636364,all_outpatient_procedures_reporting_proxy,not_yet_filtered_by_sigtap
330290,13,13,11,11,485,1930.0,2595.0399999999995,19,26582.0,84.61538461538461,72.60552253404559,175.45454545454547,all_outpatient_procedures_reporting_proxy,not_yet_filtered_by_sigtap
330300,13,10,0,0,0,0.0,0.0,0,26881.0,0.0,0.0,,all_outpatient_procedures_reporting_proxy,not_yet_filtered_by_sigtap
330310,7,7,0,0,0,0.0,0.0,0,15074.0,0.0,0.0,,all_outpatient_procedures_reporting_proxy,not_yet_filtered_by_sigtap
330320,17,13,2,2,223,609.0,5313.000000000002,2,146774.0,15.384615384615385,4.149236240751087,304.5,all_outpatient_procedures_reporting_proxy,not_yet_filtered_by_sigtap
330330,74,61,0,0,0,0.0,0.0,0,481749.0,0.0,0.0,,all_outpatient_procedures_reporting_proxy,not_yet_filtered_by_sigtap
330340,29,27,3,3,2402,10820.0,42684.9099999999,5,189939.0,11.11111111111111,56.965657395269005,3606.6666666666665,all_outpatient_procedures_reporting_proxy,not_yet_filtered_by_sigtap
330350,64,64,62,62,7126,1691270.0,3628224.9899999993,97,785867.0,96.875,2152.107163171376,27278.548387096773,all_outpatient_procedures_reporting_proxy,not_yet_filtered_by_sigtap
330360,13,12,12,12,1689,47710.0,169593.27000000002,23,41375.0,100.0,1153.1117824773414,3975.8333333333335,all_outpatient_procedures_reporting_proxy,not_yet_filtered_by_sigtap
330370,24,21,8,8,714,1816.0,9720.630000000008,15,42063.0,38.095238095238095,43.17333523524238,227.0,all_outpatient_procedures_reporting_proxy,not_yet_filtered_by_sigtap
330380,21,13,0,0,0,0.0,0.0,0,45243.0,0.0,0.0,,all_outpatient_procedures_reporting_proxy,not_yet_filtered_by_sigtap
330385,9,9,8,8,746,3356.0,19613.55999999999,15,29619.0,88.88888888888889,113.305648401364,419.5,all_outpatient_procedures_reporting_proxy,not_yet_filtered_by_sigtap
330390,55,53,0,0,0,0.0,0.0,0,278881.0,0.0,0.0,,all_outpatient_procedures_reporting_proxy,not_yet_filtered_by_sigtap
330395,13,11,0,0,0,0.0,0.0,0,24298.0,0.0,0.0,,all_outpatient_procedures_reporting_proxy,not_yet_filtered_by_sigtap
330400,13,13,0,0,0,0.0,0.0,0,27474.0,0.0,0.0,,all_outpatient_procedures_reporting_proxy,not_yet_filtered_by_sigtap
330410,12,9,0,0,0,0.0,0.0,0,17288.0,0.0,0.0,,all_outpatient_procedures_reporting_proxy,not_yet_filtered_by_sigtap
330411,8,8,8,8,3925,19634.0,1404.29,16,20373.0,100.0,963.726500760811,2454.25,all_outpatient_procedures_reporting_proxy,not_yet_filtered_by_sigtap
330412,4,4,4,4,949,7361.0,1759.9299999999998,8,13682.0,100.0,538.0061394532963,1840.25,all_outpatient_procedures_reporting_proxy,not_yet_filtered_by_sigtap
330414,23,19,20,19,1582,4936.0,1174.6000000000001,39,140523.0,100.0,35.125922446859235,246.8,all_outpatient_procedures_reporting_proxy,not_yet_filtered_by_sigtap
330415,9,9,1,1,7,90.0,2915.9999999999995,2,22393.0,11.11111111111111,4.019113115705801,90.0,all_outpatient_procedures_reporting_proxy,not_yet_filtered_by_sigtap
330420,36,32,0,0,0,0.0,0.0,0,129612.0,0.0,0.0,,all_outpatient_procedures_reporting_proxy,not_yet_filtered_by_sigtap
330430,21,20,0,0,0,0.0,0.0,0,56276.0,0.0,0.0,,all_outpatient_procedures_reporting_proxy,not_yet_filtered_by_sigtap
330440,12,9,0,0,0,0.0,0.0,0,17401.0,0.0,0.0,,all_outpatient_procedures_reporting_proxy,not_yet_filtered_by_sigtap
330450,5,4,4,4,1560,14012.0,58.47,8,8954.0,100.0,1564.8872012508377,3503.0,all_outpatient_procedures_reporting_proxy,not_yet_filtered_by_sigtap
330452,14,14,1,1,13,40.0,400.0,1,156491.0,7.142857142857142,0.25560575368551547,40.0,all_outpatient_procedures_reporting_proxy,not_yet_filtered_by_sigtap
330455,383,289,243,243,2263852,5709913.0,6628519.360000008,485,6211223.0,84.08304498269896,919.2896471435657,23497.584362139918,all_outpatient_procedures_reporting_proxy,not_yet_filtered_by_sigtap
330460,1,1,0,0,0,0.0,0.0,0,10232.0,0.0,0.0,,all_outpatient_procedures_reporting_proxy,not_yet_filtered_by_sigtap
330470,24,12,0,0,0,0.0,0.0,0,41325.0,0.0,0.0,,all_outpatient_procedures_reporting_proxy,not_yet_filtered_by_sigtap
330475,20,19,18,18,1439,3622.0,30685.350000000002,34,45059.0,94.73684210526315,80.38349719256973,201.22222222222223,all_outpatient_procedures_reporting_proxy,not_yet_filtered_by_sigtap
330480,9,8,7,7,767,2230.0,4997.0599999999995,13,38961.0,87.5,57.23672390339057,318.57142857142856,all_outpatient_procedures_reporting_proxy,not_yet_filtered_by_sigtap
330490,131,100,22,22,21938,242524.0,1288848.2800000017,33,896744.0,22.0,270.44953743766337,11023.818181818182,all_outpatient_procedures_reporting_proxy,not_yet_filtered_by_sigtap
330500,15,14,5,5,491,1905.0,11875.360000000004,7,36573.0,35.714285714285715,52.087605610696414,381.0,all_outpatient_procedures_reporting_proxy,not_yet_filtered_by_sigtap
330510,22,21,1,1,35,77.0,770.0,1,440962.0,4.761904761904762,0.17461822107120342,77.0,all_outpatient_procedures_reporting_proxy,not_yet_filtered_by_sigtap
330513,5,4,0,0,0,0.0,0.0,0,7070.0,0.0,0.0,,all_outpatient_procedures_reporting_proxy,not_yet_filtered_by_sigtap
330520,30,28,0,0,0,0.0,0.0,0,104029.0,0.0,0.0,,all_outpatient_procedures_reporting_proxy,not_yet_filtered_by_sigtap
330530,5,5,0,0,0,0.0,0.0,0,7750.0,0.0,0.0,,all_outpatient_procedures_reporting_proxy,not_yet_filtered_by_sigtap
330540,9,8,7,7,6308,7596.0,25541.8,14,17729.0,87.5,428.4505612273676,1085.142857142857,all_outpatient_procedures_reporting_proxy,not_yet_filtered_by_sigtap
330550,25,22,0,0,0,0.0,0.0,0,89559.0,0.0,0.0,,all_outpatient_procedures_reporting_proxy,not_yet_filtered_by_sigtap
330555,22,18,0,0,0,0.0,0.0,0,80596.0,0.0,0.0,,all_outpatient_procedures_reporting_proxy,not_yet_filtered_by_sigtap
330560,13,13,0,0,0,0.0,0.0,0,21352.0,0.0,0.0,,all_outpatient_procedures_reporting_proxy,not_yet_filtered_by_sigtap
330570,6,6,0,0,0,0.0,0.0,0,15206.0,0.0,0.0,,all_outpatient_procedures_reporting_proxy,not_yet_filtered_by_sigtap
330575,13,12,0,0,0,0.0,0.0,0,31086.0,0.0,0.0,,all_outpatient_procedures_reporting_proxy,not_yet_filtered_by_sigtap
330580,33,27,23,23,16060,75115.0,19976.530000000002,44,165123.0,85.18518518518519,454.90331449888873,3265.8695652173915,all_outpatient_procedures_reporting_proxy,not_yet_filtered_by_sigtap
330590,5,5,0,0,0,0.0,0.0,0,10302.0,0.0,0.0,,all_outpatient_procedures_reporting_proxy,not_yet_filtered_by_sigtap
330600,30,29,0,0,0,0.0,0.0,0,78346.0,0.0,0.0,,all_outpatient_procedures_reporting_proxy,not_yet_filtered_by_sigtap
330610,30,27,0,0,0,0.0,0.0,0,68088.0,0.0,0.0,,all_outpatient_procedures_reporting_proxy,not_yet_filtered_by_sigtap
330615,7,6,6,6,781,1371.0,25309.450000000008,12,10207.0,100.0,134.31958459880474,228.5,all_outpatient_procedures_reporting_proxy,not_yet_filtered_by_sigtap
330620,14,14,14,14,386,32092.0,38934.72,19,33976.0,100.0,944.549093477749,2292.285714285714,all_outpatient_procedures_reporting_proxy,not_yet_filtered_by_sigtap
330630,52,48,0,0,0,0.0,0.0,0,261563.0,0.0,0.0,,all_outpatient_procedures_reporting_proxy,not_yet_filtered_by_sigtap
350010,9,9,9,9,5425,49774.0,92085.66999999857,9,34687.0,100.0,1434.9468100441088,5530.444444444444,all_outpatient_procedures_reporting_proxy,not_yet_filtered_by_sigtap
350020,1,1,1,1,3525,20317.0,21096.5900000004,1,4351.0,100.0,4669.501264077224,20317.0,all_outpatient_procedures_reporting_proxy,not_yet_filtered_by_sigtap
350030,7,7,6,6,7806,32053.0,26078.87999999997,6,32072.0,85.71428571428571,999.4075829383886,5342.166666666667,all_outpatient_procedures_reporting_proxy,not_yet_filtered_by_sigtap
350040,3,3,0,0,0,0.0,0.0,0,7369.0,0.0,0.0,,all_outpatient_procedures_reporting_proxy,not_yet_filtered_by_sigtap
350050,7,5,0,0,0,0.0,0.0,0,17930.0,0.0,0.0,,all_outpatient_procedures_reporting_proxy,not_yet_filtered_by_sigtap
350055,3,3,3,3,109,7648.0,25382.52,3,7177.0,100.0,1065.6263062560959,2549.3333333333335,all_outpatient_procedures_reporting_proxy,not_yet_filtered_by_sigtap
350060,1,1,1,1,2937,10071.0,47684.08999999939,1,2780.0,100.0,3622.661870503597,10071.0,all_outpatient_procedures_reporting_proxy,not_yet_filtered_by_sigtap
350070,8,8,8,8,5751,37626.0,14960.480000000025,8,37680.0,100.0,998.5668789808917,4703.25,all_outpatient_procedures_reporting_proxy,not_yet_filtered_by_sigtap
350075,2,2,2,2,6191,16080.0,28184.900000000165,2,6141.0,100.0,2618.466047874939,8040.0,all_outpatient_procedures_reporting_proxy,not_yet_filtered_by_sigtap
350080,2,2,2,2,159,2405.0,19072.519999999993,2,4445.0,100.0,541.0573678290214,1202.5,all_outpatient_procedures_reporting_proxy,not_yet_filtered_by_sigtap
350090,3,3,3,3,1766,8933.0,10257.23,3,3451.0,100.0,2588.525065198493,2977.6666666666665,all_outpatient_procedures_reporting_proxy,not_yet_filtered_by_sigtap
350100,9,7,6,6,3796,19006.0,8587.359999999804,6,16818.0,85.71428571428571,1130.0987037697705,3167.6666666666665,all_outpatient_procedures_reporting_proxy,not_yet_filtered_by_sigtap
350110,3,3,0,0,0,0.0,0.0,0,3841.0,0.0,0.0,,all_outpatient_procedures_reporting_proxy,not_yet_filtered_by_sigtap
350115,2,2,1,1,95,8943.0,46908.93999999998,1,17301.0,50.0,516.9065371943818,8943.0,all_outpatient_procedures_reporting_proxy,not_yet_filtered_by_sigtap
350120,3,2,2,2,766,1123.0,5384.809999999959,2,3915.0,100.0,286.845466155811,561.5,all_outpatient_procedures_reporting_proxy,not_yet_filtered_by_sigtap
350130,9,8,4,4,346,622.0,9669.96,4,27255.0,50.0,22.821500642084022,155.5,all_outpatient_procedures_reporting_proxy,not_yet_filtered_by_sigtap
350140,3,3,1,1,1224,7741.0,6967.090000000016,1,4808.0,33.33333333333333,1610.0249584026622,7741.0,all_outpatient_procedures_reporting_proxy,not_yet_filtered_by_sigtap
350150,1,1,0,0,0,0.0,0.0,0,2885.0,0.0,0.0,,all_outpatient_procedures_reporting_proxy,not_yet_filtered_by_sigtap
350160,26,22,0,0,0,0.0,0.0,0,237240.0,0.0,0.0,,all_outpatient_procedures_reporting_proxy,not_yet_filtered_by_sigtap
350170,7,6,6,6,16333,16507.0,16253.320000000149,6,33019.0,100.0,499.9242860171417,2751.1666666666665,all_outpatient_procedures_reporting_proxy,not_yet_filtered_by_sigtap
350180,3,2,2,2,2687,10681.0,28919.05000000038,2,5870.0,100.0,1819.5911413969334,5340.5,all_outpatient_procedures_reporting_proxy,not_yet_filtered_by_sigtap
350190,19,16,0,0,0,0.0,0.0,0,68008.0,0.0,0.0,,all_outpatient_procedures_reporting_proxy,not_yet_filtered_by_sigtap
350200,2,2,0,0,0,0.0,0.0,0,4589.0,0.0,0.0,,all_outpatient_procedures_reporting_proxy,not_yet_filtered_by_sigtap
350210,9,9,0,0,0,0.0,0.0,0,59783.0,0.0,0.0,,all_outpatient_procedures_reporting_proxy,not_yet_filtered_by_sigtap
350220,5,0,0,0,0,0.0,0.0,0,24022.0,,0.0,,no_active_ubs_denominator,not_yet_filtered_by_sigtap
350230,4,4,2,2,4839,4898.0,21785.369999999966,2,5674.0,50.0,863.2358124779696,2449.0,all_outpatient_procedures_reporting_proxy,not_yet_filtered_by_sigtap
350240,2,2,2,2,225,5694.0,22695.98,2,4023.0,100.0,1415.3616703952275,2847.0,all_outpatient_procedures_reporting_proxy,not_yet_filtered_by_sigtap
350250,11,9,1,1,1826,1826.0,0.0,1,32569.0,11.11111111111111,56.06558383739139,1826.0,all_outpatient_procedures_reporting_proxy,not_yet_filtered_by_sigtap
350260,2,2,0,0,0,0.0,0.0,0,4086.0,0.0,0.0,,all_outpatient_procedures_reporting_proxy,not_yet_filtered_by_sigtap
350270,9,9,0,0,0,0.0,0.0,0,24585.0,0.0,0.0,,all_outpatient_procedures_reporting_proxy,not_yet_filtered_by_sigtap
350275,4,3,2,2,3676,8991.0,24742.079999999885,2,21522.0,66.66666666666666,417.7585726233621,4495.5,all_outpatient_procedures_reporting_proxy,not_yet_filtered_by_sigtap
350280,21,19,0,0,0,0.0,0.0,0,200124.0,0.0,0.0,,all_outpatient_procedures_reporting_proxy,not_yet_filtered_by_sigtap
350290,9,9,1,1,20,20.0,4500.0,1,32443.0,11.11111111111111,0.6164658015596585,20.0,all_outpatient_procedures_reporting_proxy,not_yet_filtered_by_sigtap
350300,5,3,2,2,134,286.0,9183.36,2,5420.0,66.66666666666666,52.76752767527675,143.0,all_outpatient_procedures_reporting_proxy,not_yet_filtered_by_sigtap
350310,1,1,1,1,40,5193.0,1729.5499999999995,1,6885.0,100.0,754.2483660130719,5193.0,all_outpatient_procedures_reporting_proxy,not_yet_filtered_by_sigtap
350315,2,2,0,0,0,0.0,0.0,0,2330.0,0.0,0.0,,all_outpatient_procedures_reporting_proxy,not_yet_filtered_by_sigtap
350320,45,42,1,1,204,762.0,6260.419999999999,1,242228.0,2.380952380952381,3.1457965222847895,762.0,all_outpatient_procedures_reporting_proxy,not_yet_filtered_by_sigtap
350330,26,23,23,23,42409,46809.0,11887.270000000026,23,130866.0,100.0,357.6864884691211,2035.1739130434783,all_outpatient_procedures_reporting_proxy,not_yet_filtered_by_sigtap
350335,1,1,1,1,417,3702.0,600.0,1,2044.0,100.0,1811.1545988258317,3702.0,all_outpatient_procedures_reporting_proxy,not_yet_filtered_by_sigtap
350340,4,4,0,0,0,0.0,0.0,0,8130.0,0.0,0.0,,all_outpatient_procedures_reporting_proxy,not_yet_filtered_by_sigtap
350350,1,1,1,1,505,3293.0,20749.56999999993,1,3577.0,100.0,920.6038579815488,3293.0,all_outpatient_procedures_reporting_proxy,not_yet_filtered_by_sigtap
350360,3,3,3,3,1425,19923.0,92.32000000000001,3,10130.0,100.0,1966.7324777887463,6641.0,all_outpatient_procedures_reporting_proxy,not_yet_filtered_by_sigtap
350370,3,3,0,0,0,0.0,0.0,0,7602.0,0.0,0.0,,all_outpatient_procedures_reporting_proxy,not_yet_filtered_by_sigtap
350380,18,16,0,0,0,0.0,0.0,0,51456.0,0.0,0.0,,all_outpatient_procedures_reporting_proxy,not_yet_filtered_by_sigtap
350390,8,8,0,0,0,0.0,0.0,0,86678.0,0.0,0.0,,all_outpatient_procedures_reporting_proxy,not_yet_filtered_by_sigtap
350395,1,1,1,1,1562,1926.0,11300.170000000157,1,1842.0,100.0,1045.6026058631921,1926.0,all_outpatient_procedures_reporting_proxy,not_yet_filtered_by_sigtap
350400,24,23,0,0,0,0.0,0.0,0,101409.0,0.0,0.0,,all_outpatient_procedures_reporting_proxy,not_yet_filtered_by_sigtap
350410,19,17,0,0,0,0.0,0.0,0,158647.0,0.0,0.0,,all_outpatient_procedures_reporting_proxy,not_yet_filtered_by_sigtap
350420,6,5,1,1,1569,5506.0,27852.18999999988,1,13692.0,20.0,402.13263219398186,5506.0,all_outpatient_procedures_reporting_proxy,not_yet_filtered_by_sigtap
350430,3,3,3,3,5935,5935.0,21417.399999999976,3,4483.0,100.0,1323.8902520633503,1978.3333333333333,all_outpatient_procedures_reporting_proxy,not_yet_filtered_by_sigtap
350440,6,5,0,0,0,0.0,0.0,0,11263.0,0.0,0.0,,all_outpatient_procedures_reporting_proxy,not_yet_filtered_by_sigtap
350450,23,23,1,1,18,206.0,667.8000000000001,1,92805.0,4.3478260869565215,2.2197079898712353,206.0,all_outpatient_procedures_reporting_proxy,not_yet_filtered_by_sigtap
350460,3,3,3,3,3,315.0,0.0,3,27260.0,100.0,11.555392516507704,105.0,all_outpatient_procedures_reporting_proxy,not_yet_filtered_by_sigtap
350470,4,4,2,2,6005,6005.0,16189.449999999903,2,3887.0,50.0,1544.8932338564446,3002.5,all_outpatient_procedures_reporting_proxy,not_yet_filtered_by_sigtap
350480,4,4,4,4,2239,11081.0,3011.2299999999973,4,9596.0,100.0,1154.7519799916633,2770.25,all_outpatient_procedures_reporting_proxy,not_yet_filtered_by_sigtap
350490,5,5,1,1,106,271.0,5625.0,1,9969.0,20.0,27.184271240846623,271.0,all_outpatient_procedures_reporting_proxy,not_yet_filtered_by_sigtap
350500,2,2,0,0,0,0.0,0.0,0,3531.0,0.0,0.0,,all_outpatient_procedures_reporting_proxy,not_yet_filtered_by_sigtap
350510,1,1,1,1,268,5264.0,2921.400000000004,1,5640.0,100.0,933.3333333333334,5264.0,all_outpatient_procedures_reporting_proxy,not_yet_filtered_by_sigtap
350520,7,7,7,7,5884,24729.0,5319.52,7,31595.0,100.0,782.6871340401962,3532.714285714286,all_outpatient_procedures_reporting_proxy,not_yet_filtered_by_sigtap
350530,8,8,8,8,6795,23067.0,39395.159999999996,8,34346.0,100.0,671.6065917428522,2883.375,all_outpatient_procedures_reporting_proxy,not_yet_filtered_by_sigtap
350535,4,3,0,0,0,0.0,0.0,0,5179.0,0.0,0.0,,all_outpatient_procedures_reporting_proxy,not_yet_filtered_by_sigtap
350540,1,1,0,0,0,0.0,0.0,0,6876.0,0.0,0.0,,all_outpatient_procedures_reporting_proxy,not_yet_filtered_by_sigtap
350550,19,18,18,18,15585,115733.0,4055.1,18,122485.0,100.0,944.8748826386905,6429.611111111111,all_outpatient_procedures_reporting_proxy,not_yet_filtered_by_sigtap
350560,10,10,0,0,0,0.0,0.0,0,32092.0,0.0,0.0,,all_outpatient_procedures_reporting_proxy,not_yet_filtered_by_sigtap
350570,23,22,22,22,31028,227638.0,85761.74000000006,22,316473.0,100.0,719.2967488537727,10347.181818181818,all_outpatient_procedures_reporting_proxy,not_yet_filtered_by_sigtap
350580,6,6,0,0,0,0.0,0.0,0,21503.0,0.0,0.0,,all_outpatient_procedures_reporting_proxy,not_yet_filtered_by_sigtap
350590,10,9,9,9,15171,46552.0,3241.9499999999975,9,58402.0,100.0,797.0959898633608,5172.444444444444,all_outpatient_procedures_reporting_proxy,not_yet_filtered_by_sigtap
350600,29,26,0,0,0,0.0,0.0,0,379146.0,0.0,0.0,,all_outpatient_procedures_reporting_proxy,not_yet_filtered_by_sigtap
350610,19,17,0,0,0,0.0,0.0,0,76373.0,0.0,0.0,,all_outpatient_procedures_reporting_proxy,not_yet_filtered_by_sigtap
350620,2,1,0,0,0,0.0,0.0,0,2606.0,0.0,0.0,,all_outpatient_procedures_reporting_proxy,not_yet_filtered_by_sigtap
350630,6,5,0,0,0,0.0,0.0,0,11607.0,0.0,0.0,,all_outpatient_procedures_reporting_proxy,not_yet_filtered_by_sigtap
350635,7,6,0,0,0,0.0,0.0,0,64188.0,0.0,0.0,,all_outpatient_procedures_reporting_proxy,not_yet_filtered_by_sigtap
350640,1,1,1,1,2398,13511.0,15907.78000000036,1,7319.0,100.0,1846.0172154665936,13511.0,all_outpatient_procedures_reporting_proxy,not_yet_filtered_by_sigtap
350650,13,13,12,12,20996,117495.0,15507.439999999999,12,118979.0,92.3076923076923,987.5272106842384,9791.25,all_outpatient_procedures_reporting_proxy,not_yet_filtered_by_sigtap
350660,6,6,6,6,9124,18819.0,54504.429999999986,6,29683.0,100.0,633.9992588350234,3136.5,all_outpatient_procedures_reporting_proxy,not_yet_filtered_by_sigtap
350670,4,4,3,3,219,1147.0,317.55999999999995,3,12978.0,75.0,88.38033595315149,382.3333333333333,all_outpatient_procedures_reporting_proxy,not_yet_filtered_by_sigtap
350680,4,4,4,4,761,11763.0,3807.0199999999995,4,11259.0,100.0,1044.7641886490808,2940.75,all_outpatient_procedures_reporting_proxy,not_yet_filtered_by_sigtap
350690,6,6,0,0,0,0.0,0.0,0,10460.0,0.0,0.0,,all_outpatient_procedures_reporting_proxy,not_yet_filtered_by_sigtap
350700,10,9,8,8,5416,28156.0,9186.849999999999,8,61081.0,88.88888888888889,460.9616738429298,3519.5,all_outpatient_procedures_reporting_proxy,not_yet_filtered_by_sigtap
350710,3,3,3,3,273,16952.0,97727.92,3,22006.0,100.0,770.3353630827957,5650.666666666667,all_outpatient_procedures_reporting_proxy,not_yet_filtered_by_sigtap
350715,2,2,0,0,0,0.0,0.0,0,3555.0,0.0,0.0,,all_outpatient_procedures_reporting_proxy,not_yet_filtered_by_sigtap
350720,1,1,0,0,0,0.0,0.0,0,907.0,0.0,0.0,,all_outpatient_procedures_reporting_proxy,not_yet_filtered_by_sigtap
350730,2,2,2,2,978,10061.0,10662.230000000016,2,4715.0,100.0,2133.8282078472957,5030.5,all_outpatient_procedures_reporting_proxy,not_yet_filtered_by_sigtap
350740,4,2,2,2,2580,6921.0,54958.100000000166,2,14226.0,100.0,486.50358498523826,3460.5,all_outpatient_procedures_reporting_proxy,not_yet_filtered_by_sigtap
350745,3,3,0,0,0,0.0,0.0,0,2713.0,0.0,0.0,,all_outpatient_procedures_reporting_proxy,not_yet_filtered_by_sigtap
350750,28,23,14,14,4927,42288.0,6285.010000000005,14,145155.0,60.86956521739131,291.3299576314974,3020.5714285714284,all_outpatient_procedures_reporting_proxy,not_yet_filtered_by_sigtap
350760,35,30,0,0,0,0.0,0.0,0,176811.0,0.0,0.0,,all_outpatient_procedures_reporting_proxy,not_yet_filtered_by_sigtap
350770,1,1,0,0,0,0.0,0.0,0,5356.0,0.0,0.0,,all_outpatient_procedures_reporting_proxy,not_yet_filtered_by_sigtap
350775,2,2,0,0,0,0.0,0.0,0,2565.0,0.0,0.0,,all_outpatient_procedures_reporting_proxy,not_yet_filtered_by_sigtap
350780,6,6,0,0,0,0.0,0.0,0,25201.0,0.0,0.0,,all_outpatient_procedures_reporting_proxy,not_yet_filtered_by_sigtap
350790,7,7,7,7,10065,10101.0,4403.2999999999965,7,23898.0,100.0,422.6713532513181,1443.0,all_outpatient_procedures_reporting_proxy,not_yet_filtered_by_sigtap
350800,6,6,0,0,0,0.0,0.0,0,20250.0,0.0,0.0,,all_outpatient_procedures_reporting_proxy,not_yet_filtered_by_sigtap
350810,2,2,2,2,4443,39490.0,32770.700000000004,2,17210.0,100.0,2294.5961650203367,19745.0,all_outpatient_procedures_reporting_proxy,not_yet_filtered_by_sigtap
350820,2,2,2,2,669,5360.0,7501.88,2,4356.0,100.0,1230.4866850321396,2680.0,all_outpatient_procedures_reporting_proxy,not_yet_filtered_by_sigtap
350830,2,2,2,2,3325,17390.0,15211.089999999802,2,4299.0,100.0,4045.1267736682944,8695.0,all_outpatient_procedures_reporting_proxy,not_yet_filtered_by_sigtap
350840,8,8,8,8,5273,48501.0,155327.93000000005,8,47011.0,100.0,1031.6947097487823,6062.625,all_outpatient_procedures_reporting_proxy,not_yet_filtered_by_sigtap
350850,29,21,16,16,745,1229.0,8594.130000000008,16,96202.0,76.19047619047619,12.775202178748883,76.8125,all_outpatient_procedures_reporting_proxy,not_yet_filtered_by_sigtap
350860,13,11,1,1,550,10769.0,53175.07999999997,1,31564.0,9.090909090909092,341.17982511722215,10769.0,all_outpatient_procedures_reporting_proxy,not_yet_filtered_by_sigtap
350870,7,7,1,1,105,179.0,4881.799999999986,1,17101.0,14.285714285714285,10.467224138939242,179.0,all_outpatient_procedures_reporting_proxy,not_yet_filtered_by_sigtap
350880,7,7,7,7,1872,19148.0,3021.22,7,16654.0,100.0,1149.7538128978024,2735.4285714285716,all_outpatient_procedures_reporting_proxy,not_yet_filtered_by_sigtap
350890,2,2,0,0,0,0.0,0.0,0,3712.0,0.0,0.0,,all_outpatient_procedures_reporting_proxy,not_yet_filtered_by_sigtap
350900,18,16,2,2,700,45455.0,230669.98999999976,2,95032.0,12.5,478.3125683980133,22727.5,all_outpatient_procedures_reporting_proxy,not_yet_filtered_by_sigtap
350910,5,5,3,3,1130,7927.0,8362.95,3,5466.0,60.0,1450.237833882181,2642.3333333333335,all_outpatient_procedures_reporting_proxy,not_yet_filtered_by_sigtap
350920,12,11,2,2,32,185.0,726.9600000000002,2,92689.0,18.181818181818183,1.9959218461737638,92.5,all_outpatient_procedures_reporting_proxy,not_yet_filtered_by_sigtap
350925,12,12,0,0,0,0.0,0.0,0,28515.0,0.0,0.0,,all_outpatient_procedures_reporting_proxy,not_yet_filtered_by_sigtap
350930,4,4,1,1,21,1431.0,7908.7,1,9133.0,25.0,156.68455053104128,1431.0,all_outpatient_procedures_reporting_proxy,not_yet_filtered_by_sigtap
350940,12,7,1,1,6,15.0,0.0,1,23830.0,14.285714285714285,0.629458665547629,15.0,all_outpatient_procedures_reporting_proxy,not_yet_filtered_by_sigtap
350945,1,1,1,1,842,3163.0,6958.719999999991,1,5954.0,100.0,531.2395028552233,3163.0,all_outpatient_procedures_reporting_proxy,not_yet_filtered_by_sigtap
350950,69,69,1,1,2,2.0,43.84,1,1139047.0,1.4492753623188406,0.0017558537970777325,2.0,all_outpatient_procedures_reporting_proxy,not_yet_filtered_by_sigtap
350960,10,8,8,8,3796,41997.0,82022.07999999996,8,77632.0,100.0,540.9753709810387,5249.625,all_outpatient_procedures_reporting_proxy,not_yet_filtered_by_sigtap
350970,8,2,2,2,3115,7536.0,10275.19999999999,2,46974.0,100.0,160.42917358538767,3768.0,all_outpatient_procedures_reporting_proxy,not_yet_filtered_by_sigtap
350980,3,3,3,3,4164,23693.0,18633.700000000055,3,4888.0,100.0,4847.176759410802,7897.666666666667,all_outpatient_procedures_reporting_proxy,not_yet_filtered_by_sigtap
350990,6,6,0,0,0,0.0,0.0,0,12289.0,0.0,0.0,,all_outpatient_procedures_reporting_proxy,not_yet_filtered_by_sigtap
350995,2,2,0,0,0,0.0,0.0,0,4931.0,0.0,0.0,,all_outpatient_procedures_reporting_proxy,not_yet_filtered_by_sigtap
351000,6,6,5,5,605,17394.0,104935.59000000001,5,29449.0,83.33333333333334,590.6482393290095,3478.8,all_outpatient_procedures_reporting_proxy,not_yet_filtered_by_sigtap
351010,1,1,0,0,0,0.0,0.0,0,2889.0,0.0,0.0,,all_outpatient_procedures_reporting_proxy,not_yet_filtered_by_sigtap
351015,3,3,1,1,292,4214.0,26675.440000000024,1,6283.0,33.33333333333333,670.6987108069393,4214.0,all_outpatient_procedures_reporting_proxy,not_yet_filtered_by_sigtap
351020,13,10,8,8,3786,34647.0,1203.6999999999998,8,46337.0,80.0,747.7178065045213,4330.875,all_outpatient_procedures_reporting_proxy,not_yet_filtered_by_sigtap
351030,6,6,4,4,380,12475.0,75803.28000000001,4,22866.0,66.66666666666666,545.5698416863465,3118.75,all_outpatient_procedures_reporting_proxy,not_yet_filtered_by_sigtap
351040,9,8,8,8,8752,31610.0,68111.38000000024,8,50068.0,100.0,631.3413757290085,3951.25,all_outpatient_procedures_reporting_proxy,not_yet_filtered_by_sigtap
351050,14,13,1,1,36,187.0,1169.1,1,134873.0,7.6923076923076925,1.3864895123560683,187.0,all_outpatient_procedures_reporting_proxy,not_yet_filtered_by_sigtap
351060,15,15,0,0,0,0.0,0.0,0,386984.0,0.0,0.0,,all_outpatient_procedures_reporting_proxy,not_yet_filtered_by_sigtap
351070,6,6,0,0,0,0.0,0.0,0,11345.0,0.0,0.0,,all_outpatient_procedures_reporting_proxy,not_yet_filtered_by_sigtap
351080,8,8,4,4,297,9665.0,46274.659999999865,4,28083.0,50.0,344.1583876366485,2416.25,all_outpatient_procedures_reporting_proxy,not_yet_filtered_by_sigtap
351090,2,2,0,0,0,0.0,0.0,0,2799.0,0.0,0.0,,all_outpatient_procedures_reporting_proxy,not_yet_filtered_by_sigtap
351100,6,5,5,5,7810,31820.0,33160.730000000694,5,19977.0,100.0,1592.8317565199982,6364.0,all_outpatient_procedures_reporting_proxy,not_yet_filtered_by_sigtap
351110,27,23,0,0,0,0.0,0.0,0,115791.0,0.0,0.0,,all_outpatient_procedures_reporting_proxy,not_yet_filtered_by_sigtap
351120,2,2,1,1,16,16.0,3600.0,1,7003.0,50.0,2.2847351135227756,16.0,all_outpatient_procedures_reporting_proxy,not_yet_filtered_by_sigtap
351130,3,3,2,2,620,31152.0,104440.91000000006,2,12618.0,66.66666666666666,2468.8540180694245,15576.0,all_outpatient_procedures_reporting_proxy,not_yet_filtered_by_sigtap
351140,13,12,0,0,0,0.0,0.0,0,21469.0,0.0,0.0,,all_outpatient_procedures_reporting_proxy,not_yet_filtered_by_sigtap
351150,9,9,9,9,9691,54700.0,12465.32,9,44695.0,100.0,1223.8505425662827,6077.777777777777,all_outpatient_procedures_reporting_proxy,not_yet_filtered_by_sigtap
351160,4,4,1,1,79,9746.0,56600.76000000002,1,19048.0,25.0,511.6547669046619,9746.0,all_outpatient_procedures_reporting_proxy,not_yet_filtered_by_sigtap
351170,5,5,5,5,4321,30888.0,90336.9799999995,5,15535.0,100.0,1988.2845188284518,6177.6,all_outpatient_procedures_reporting_proxy,not_yet_filtered_by_sigtap
351190,1,1,0,0,0,0.0,0.0,0,6982.0,0.0,0.0,,all_outpatient_procedures_reporting_proxy,not_yet_filtered_by_sigtap
351200,5,5,0,0,0,0.0,0.0,0,18486.0,0.0,0.0,,all_outpatient_procedures_reporting_proxy,not_yet_filtered_by_sigtap
351210,3,3,1,1,1,1.0,0.0,1,6629.0,33.33333333333333,0.15085231558304418,1.0,all_outpatient_procedures_reporting_proxy,not_yet_filtered_by_sigtap
351220,11,9,0,0,0,0.0,0.0,0,28101.0,0.0,0.0,,all_outpatient_procedures_reporting_proxy,not_yet_filtered_by_sigtap
351230,6,6,0,0,0,0.0,0.0,0,15232.0,0.0,0.0,,all_outpatient_procedures_reporting_proxy,not_yet_filtered_by_sigtap
351240,7,7,0,0,0,0.0,0.0,0,24514.0,0.0,0.0,,all_outpatient_procedures_reporting_proxy,not_yet_filtered_by_sigtap
351250,1,1,1,1,3950,16500.0,7245.950000000095,1,5400.0,100.0,3055.555555555555,16500.0,all_outpatient_procedures_reporting_proxy,not_yet_filtered_by_sigtap
351260,2,2,0,0,0,0.0,0.0,0,4280.0,0.0,0.0,,all_outpatient_procedures_reporting_proxy,not_yet_filtered_by_sigtap
351270,1,1,1,1,6560,6568.0,22209.129999999765,1,4195.0,100.0,1565.6734207389748,6568.0,all_outpatient_procedures_reporting_proxy,not_yet_filtered_by_sigtap
351280,10,9,0,0,0,0.0,0.0,0,59773.0,0.0,0.0,,all_outpatient_procedures_reporting_proxy,not_yet_filtered_by_sigtap
351290,2,1,0,0,0,0.0,0.0,0,8719.0,0.0,0.0,,all_outpatient_procedures_reporting_proxy,not_yet_filtered_by_sigtap
351300,32,31,26,26,10452,64016.0,13222.93,26,274413.0,83.87096774193549,233.28340858487027,2462.153846153846,all_outpatient_procedures_reporting_proxy,not_yet_filtered_by_sigtap
351310,15,13,0,0,0,0.0,0.0,0,33281.0,0.0,0.0,,all_outpatient_procedures_reporting_proxy,not_yet_filtered_by_sigtap
351320,5,4,2,2,48,203.0,5846.13,2,9272.0,50.0,21.893874029335635,101.5,all_outpatient_procedures_reporting_proxy,not_yet_filtered_by_sigtap
351330,3,2,0,0,0,0.0,0.0,0,2108.0,0.0,0.0,,all_outpatient_procedures_reporting_proxy,not_yet_filtered_by_sigtap
351340,14,13,0,0,0,0.0,0.0,0,74961.0,0.0,0.0,,all_outpatient_procedures_reporting_proxy,not_yet_filtered_by_sigtap
351350,18,18,0,0,0,0.0,0.0,0,112476.0,0.0,0.0,,all_outpatient_procedures_reporting_proxy,not_yet_filtered_by_sigtap
351360,7,7,2,2,1736,17924.0,112464.37000000053,2,22110.0,28.57142857142857,810.6739032112167,8962.0,all_outpatient_procedures_reporting_proxy,not_yet_filtered_by_sigtap
351370,13,11,3,3,8991,25077.0,76616.70000000233,3,31756.0,27.27272727272727,789.6775412520468,8359.0,all_outpatient_procedures_reporting_proxy,not_yet_filtered_by_sigtap
351380,21,21,4,4,471,471.0,12669.799999999987,4,393237.0,19.047619047619047,1.197750974603102,117.75,all_outpatient_procedures_reporting_proxy,not_yet_filtered_by_sigtap
351385,1,1,1,1,478,3037.0,15033.14999999994,1,1620.0,100.0,1874.6913580246912,3037.0,all_outpatient_procedures_reporting_proxy,not_yet_filtered_by_sigtap
351390,5,4,0,0,0,0.0,0.0,0,11158.0,0.0,0.0,,all_outpatient_procedures_reporting_proxy,not_yet_filtered_by_sigtap
351400,2,2,1,1,123,1681.0,12734.29,1,8759.0,50.0,191.9168854892111,1681.0,all_outpatient_procedures_reporting_proxy,not_yet_filtered_by_sigtap
351410,5,5,5,5,7178,39987.0,28557.48000000019,5,24510.0,100.0,1631.456548347613,7997.4,all_outpatient_procedures_reporting_proxy,not_yet_filtered_by_sigtap
351420,2,2,2,2,147,614.0,1350.9199999999996,2,2207.0,100.0,278.2057091073856,307.0,all_outpatient_procedures_reporting_proxy,not_yet_filtered_by_sigtap
351430,1,1,0,0,0,0.0,0.0,0,8096.0,0.0,0.0,,all_outpatient_procedures_reporting_proxy,not_yet_filtered_by_sigtap
351440,13,10,10,10,1572,6396.0,87486.92000000003,10,45474.0,100.0,140.65180102915951,639.6,all_outpatient_procedures_reporting_proxy,not_yet_filtered_by_sigtap
351450,6,4,4,4,3831,25665.0,3512.1499999999983,4,12328.0,100.0,2081.84620376379,6416.25,all_outpatient_procedures_reporting_proxy,not_yet_filtered_by_sigtap
351460,3,3,2,2,355,1436.0,19026.44,2,9471.0,66.66666666666666,151.62073698659066,718.0,all_outpatient_procedures_reporting_proxy,not_yet_filtered_by_sigtap
351470,2,2,0,0,0,0.0,0.0,0,6205.0,0.0,0.0,,all_outpatient_procedures_reporting_proxy,not_yet_filtered_by_sigtap
351480,10,6,0,0,0,0.0,0.0,0,13069.0,0.0,0.0,,all_outpatient_procedures_reporting_proxy,not_yet_filtered_by_sigtap
351490,4,4,0,0,0,0.0,0.0,0,17699.0,0.0,0.0,,all_outpatient_procedures_reporting_proxy,not_yet_filtered_by_sigtap
351492,1,1,1,1,715,3282.0,3635.60999999998,1,3138.0,100.0,1045.889101338432,3282.0,all_outpatient_procedures_reporting_proxy,not_yet_filtered_by_sigtap
351495,1,1,0,0,0,0.0,0.0,0,2323.0,0.0,0.0,,all_outpatient_procedures_reporting_proxy,not_yet_filtered_by_sigtap
351500,21,19,6,6,739,739.0,8127.659999999999,6,250691.0,31.57894736842105,2.947852136694177,123.16666666666667,all_outpatient_procedures_reporting_proxy,not_yet_filtered_by_sigtap
351510,1,1,0,0,0,0.0,0.0,0,66970.0,0.0,0.0,,all_outpatient_procedures_reporting_proxy,not_yet_filtered_by_sigtap
351512,1,1,1,1,780,1704.0,11583.62000000006,1,3014.0,100.0,565.3616456536165,1704.0,all_outpatient_procedures_reporting_proxy,not_yet_filtered_by_sigtap
351515,5,5,0,0,0,0.0,0.0,0,19566.0,0.0,0.0,,all_outpatient_procedures_reporting_proxy,not_yet_filtered_by_sigtap
351518,7,7,7,7,6457,36498.0,21469.94000000001,7,39816.0,100.0,916.6666666666666,5214.0,all_outpatient_procedures_reporting_proxy,not_yet_filtered_by_sigtap
351519,3,3,1,1,20,20.0,4500.0,1,4157.0,33.33333333333333,4.811161895597786,20.0,all_outpatient_procedures_reporting_proxy,not_yet_filtered_by_sigtap
351520,3,3,3,3,1448,12325.0,60302.85999999815,3,9417.0,100.0,1308.8032282043114,4108.333333333333,all_outpatient_procedures_reporting_proxy,not_yet_filtered_by_sigtap
351530,1,1,0,0,0,0.0,0.0,0,2703.0,0.0,0.0,,all_outpatient_procedures_reporting_proxy,not_yet_filtered_by_sigtap
351540,4,4,4,4,3659,35203.0,79038.12999999867,4,16641.0,100.0,2115.437774172225,8800.75,all_outpatient_procedures_reporting_proxy,not_yet_filtered_by_sigtap
351550,20,19,0,0,0,0.0,0.0,0,71186.0,0.0,0.0,,all_outpatient_procedures_reporting_proxy,not_yet_filtered_by_sigtap
351560,3,3,1,1,1278,4194.0,15924.420000000346,1,5942.0,33.33333333333333,705.822955233928,4194.0,all_outpatient_procedures_reporting_proxy,not_yet_filtered_by_sigtap
351565,1,1,0,0,0,0.0,0.0,0,1656.0,0.0,0.0,,all_outpatient_procedures_reporting_proxy,not_yet_filtered_by_sigtap
351570,14,14,0,0,0,0.0,0.0,0,179198.0,0.0,0.0,,all_outpatient_procedures_reporting_proxy,not_yet_filtered_by_sigtap
351580,1,1,1,1,314,392.0,1727.5500000000084,1,1487.0,100.0,263.6180228648285,392.0,all_outpatient_procedures_reporting_proxy,not_yet_filtered_by_sigtap
351590,2,1,0,0,0,0.0,0.0,0,2733.0,0.0,0.0,,all_outpatient_procedures_reporting_proxy,not_yet_filtered_by_sigtap
351600,4,4,0,0,0,0.0,0.0,0,12958.0,0.0,0.0,,all_outpatient_procedures_reporting_proxy,not_yet_filtered_by_sigtap
351610,3,3,2,2,1910,16146.0,45235.399999999,2,3851.0,66.66666666666666,4192.677226694365,8073.0,all_outpatient_procedures_reporting_proxy,not_yet_filtered_by_sigtap
351620,25,24,0,0,0,0.0,0.0,0,352536.0,0.0,0.0,,all_outpatient_procedures_reporting_proxy,not_yet_filtered_by_sigtap
351630,14,14,14,14,1977,46961.0,229407.94999999995,14,165139.0,100.0,284.372558874645,3354.3571428571427,all_outpatient_procedures_reporting_proxy,not_yet_filtered_by_sigtap
351640,25,25,1,1,55,225.0,1137.4499999999998,1,144849.0,4.0,1.5533417558975207,225.0,all_outpatient_procedures_reporting_proxy,not_yet_filtered_by_sigtap
351650,1,1,1,1,1907,9411.0,4430.439999999967,1,2763.0,100.0,3406.080347448426,9411.0,all_outpatient_procedures_reporting_proxy,not_yet_filtered_by_sigtap
351660,4,4,2,2,2333,13135.0,14012.090000000044,2,6380.0,50.0,2058.777429467085,6567.5,all_outpatient_procedures_reporting_proxy,not_yet_filtered_by_sigtap
351670,13,13,13,13,10062,86234.0,77937.31,13,42110.0,100.0,2047.8271194490621,6633.384615384615,all_outpatient_procedures_reporting_proxy,not_yet_filtered_by_sigtap
351680,1,1,0,0,0,0.0,0.0,0,3252.0,0.0,0.0,,all_outpatient_procedures_reporting_proxy,not_yet_filtered_by_sigtap
351685,3,3,1,1,539,2560.0,15977.19000000006,1,4702.0,33.33333333333333,544.4491705657167,2560.0,all_outpatient_procedures_reporting_proxy,not_yet_filtered_by_sigtap
351690,3,3,0,0,0,0.0,0.0,0,10312.0,0.0,0.0,,all_outpatient_procedures_reporting_proxy,not_yet_filtered_by_sigtap
351700,5,5,0,0,0,0.0,0.0,0,10232.0,0.0,0.0,,all_outpatient_procedures_reporting_proxy,not_yet_filtered_by_sigtap
351710,2,2,0,0,0,0.0,0.0,0,4138.0,0.0,0.0,,all_outpatient_procedures_reporting_proxy,not_yet_filtered_by_sigtap
351720,3,3,3,3,2684,15857.0,19904.159999999956,3,11239.0,100.0,1410.89064863422,5285.666666666667,all_outpatient_procedures_reporting_proxy,not_yet_filtered_by_sigtap
351730,3,3,3,3,141,487.0,8702.39,3,5512.0,100.0,88.35268505079826,162.33333333333334,all_outpatient_procedures_reporting_proxy,not_yet_filtered_by_sigtap
351740,8,7,7,7,5066,60638.0,1926.1400000000003,7,39279.0,100.0,1543.7765727233382,8662.57142857143,all_outpatient_procedures_reporting_proxy,not_yet_filtered_by_sigtap
351750,10,9,9,9,8821,55611.0,84637.14000000033,9,21711.0,100.0,2561.4204780986597,6179.0,all_outpatient_procedures_reporting_proxy,not_yet_filtered_by_sigtap
351760,1,1,0,0,0,0.0,0.0,0,17071.0,0.0,0.0,,all_outpatient_procedures_reporting_proxy,not_yet_filtered_by_sigtap
351770,7,7,1,1,253,547.0,5271.489999999991,1,18606.0,14.285714285714285,29.399118563904118,547.0,all_outpatient_procedures_reporting_proxy,not_yet_filtered_by_sigtap
351780,3,2,2,2,1082,10891.0,1291.7700000000004,2,7441.0,100.0,1463.6473592259106,5445.5,all_outpatient_procedures_reporting_proxy,not_yet_filtered_by_sigtap
351790,3,3,3,3,1295,8675.0,38709.48999999996,3,10350.0,100.0,838.1642512077294,2891.6666666666665,all_outpatient_procedures_reporting_proxy,not_yet_filtered_by_sigtap
351800,1,1,0,0,0,0.0,0.0,0,1968.0,0.0,0.0,,all_outpatient_procedures_reporting_proxy,not_yet_filtered_by_sigtap
351810,3,3,3,3,1380,9175.0,17.0,3,6427.0,100.0,1427.5711840672166,3058.3333333333335,all_outpatient_procedures_reporting_proxy,not_yet_filtered_by_sigtap
351820,6,4,4,4,6831,49142.0,81905.28999999809,4,31043.0,100.0,1583.0299906581192,12285.5,all_outpatient_procedures_reporting_proxy,not_yet_filtered_by_sigtap
351830,4,3,0,0,0,0.0,0.0,0,31236.0,0.0,0.0,,all_outpatient_procedures_reporting_proxy,not_yet_filtered_by_sigtap
351840,14,14,0,0,0,0.0,0.0,0,118044.0,0.0,0.0,,all_outpatient_procedures_reporting_proxy,not_yet_filtered_by_sigtap
351850,10,9,7,7,2184,35119.0,56641.19999999994,7,15013.0,77.77777777777779,2339.239325917538,5017.0,all_outpatient_procedures_reporting_proxy,not_yet_filtered_by_sigtap
351860,8,7,6,6,30513,35642.0,14134.02999999997,6,37498.0,85.71428571428571,950.5040268814337,5940.333333333333,all_outpatient_procedures_reporting_proxy,not_yet_filtered_by_sigtap
351870,24,23,4,4,1017,1305.0,37763.399999999994,4,287634.0,17.391304347826086,4.537015790900937,326.25,all_outpatient_procedures_reporting_proxy,not_yet_filtered_by_sigtap
351880,74,74,0,0,0,0.0,0.0,0,1291771.0,0.0,0.0,,all_outpatient_procedures_reporting_proxy,not_yet_filtered_by_sigtap
351885,4,4,1,1,90,93.0,3182.1799999999967,1,7320.0,25.0,12.704918032786885,93.0,all_outpatient_procedures_reporting_proxy,not_yet_filtered_by_sigtap
351890,2,2,0,0,0,0.0,0.0,0,4246.0,0.0,0.0,,all_outpatient_procedures_reporting_proxy,not_yet_filtered_by_sigtap
351900,2,1,1,1,15,15.0,0.0,1,9125.0,100.0,1.6438356164383563,15.0,all_outpatient_procedures_reporting_proxy,not_yet_filtered_by_sigtap
351905,4,4,0,0,0,0.0,0.0,0,15094.0,0.0,0.0,,all_outpatient_procedures_reporting_proxy,not_yet_filtered_by_sigtap
351907,23,21,0,0,0,0.0,0.0,0,236641.0,0.0,0.0,,all_outpatient_procedures_reporting_proxy,not_yet_filtered_by_sigtap
351910,5,4,3,3,64,848.0,6091.709999999999,3,10437.0,75.0,81.24940116891827,282.6666666666667,all_outpatient_procedures_reporting_proxy,not_yet_filtered_by_sigtap
351920,2,2,2,2,1794,7666.0,5937.449999999997,2,6131.0,100.0,1250.3669874408743,3833.0,all_outpatient_procedures_reporting_proxy,not_yet_filtered_by_sigtap
351925,8,6,4,4,7811,12666.0,32082.150000000027,4,8010.0,66.66666666666666,1581.2734082397005,3166.5,all_outpatient_procedures_reporting_proxy,not_yet_filtered_by_sigtap
351930,12,11,9,9,3657,25202.0,4289.85,9,32178.0,81.81818181818183,783.205917086208,2800.222222222222,all_outpatient_procedures_reporting_proxy,not_yet_filtered_by_sigtap
351940,3,3,3,3,126,1528.0,7741.94,3,11690.0,100.0,130.71000855431993,509.3333333333333,all_outpatient_procedures_reporting_proxy,not_yet_filtered_by_sigtap
351950,3,3,0,0,0,0.0,0.0,0,6385.0,0.0,0.0,,all_outpatient_procedures_reporting_proxy,not_yet_filtered_by_sigtap
351960,13,12,12,12,28239,35044.0,54020.93999999864,12,60033.0,100.0,583.745606583046,2920.3333333333335,all_outpatient_procedures_reporting_proxy,not_yet_filtered_by_sigtap
351970,3,1,0,0,0,0.0,0.0,0,75605.0,0.0,0.0,,all_outpatient_procedures_reporting_proxy,not_yet_filtered_by_sigtap
351980,6,6,1,1,410,14878.0,46189.08,1,7819.0,16.666666666666664,1902.800869676429,14878.0,all_outpatient_procedures_reporting_proxy,not_yet_filtered_by_sigtap
351990,4,4,3,3,2853,7217.0,36892.53999999943,3,7619.0,75.0,947.2371702323139,2405.6666666666665,all_outpatient_procedures_reporting_proxy,not_yet_filtered_by_sigtap
352000,4,4,4,4,9563,9713.0,12554.910000000036,4,23106.0,100.0,420.3670042413226,2428.25,all_outpatient_procedures_reporting_proxy,not_yet_filtered_by_sigtap
352010,7,7,1,1,89,233.0,2167.2,1,26212.0,14.285714285714285,8.889058446513047,233.0,all_outpatient_procedures_reporting_proxy,not_yet_filtered_by_sigtap
352020,5,3,0,0,0,0.0,0.0,0,10605.0,0.0,0.0,,all_outpatient_procedures_reporting_proxy,not_yet_filtered_by_sigtap
352030,10,9,0,0,0,0.0,0.0,0,29115.0,0.0,0.0,,all_outpatient_procedures_reporting_proxy,not_yet_filtered_by_sigtap
352040,14,13,0,0,0,0.0,0.0,0,34934.0,0.0,0.0,,all_outpatient_procedures_reporting_proxy,not_yet_filtered_by_sigtap
352042,8,7,7,7,286,18163.0,76467.07999999984,7,13419.0,100.0,1353.5285788806914,2594.714285714286,all_outpatient_procedures_reporting_proxy,not_yet_filtered_by_sigtap
352044,16,8,0,0,0,0.0,0.0,0,25549.0,0.0,0.0,,all_outpatient_procedures_reporting_proxy,not_yet_filtered_by_sigtap
352050,17,17,0,0,0,0.0,0.0,0,255748.0,0.0,0.0,,all_outpatient_procedures_reporting_proxy,not_yet_filtered_by_sigtap
352060,3,3,1,1,332,4216.0,25349.209999999985,1,5090.0,33.33333333333333,828.2907662082515,4216.0,all_outpatient_procedures_reporting_proxy,not_yet_filtered_by_sigtap
352070,1,1,1,1,549,2124.0,10513.80000000001,1,4035.0,100.0,526.3940520446097,2124.0,all_outpatient_procedures_reporting_proxy,not_yet_filtered_by_sigtap
352080,1,1,0,0,0,0.0,0.0,0,3615.0,0.0,0.0,,all_outpatient_procedures_reporting_proxy,not_yet_filtered_by_sigtap
352090,3,3,3,3,12504,19566.0,64272.759999999675,3,13712.0,100.0,1426.9253208868145,6522.0,all_outpatient_procedures_reporting_proxy,not_yet_filtered_by_sigtap
352100,6,6,0,0,0,0.0,0.0,0,36459.0,0.0,0.0,,all_outpatient_procedures_reporting_proxy,not_yet_filtered_by_sigtap
352110,3,3,0,0,0,0.0,0.0,0,6831.0,0.0,0.0,,all_outpatient_procedures_reporting_proxy,not_yet_filtered_by_sigtap
352115,2,1,1,1,1,91.0,468.65,1,6761.0,100.0,13.459547404230143,91.0,all_outpatient_procedures_reporting_proxy,not_yet_filtered_by_sigtap
352120,2,2,0,0,0,0.0,0.0,0,4046.0,0.0,0.0,,all_outpatient_procedures_reporting_proxy,not_yet_filtered_by_sigtap
352130,7,7,1,1,802,8009.0,33571.01999999978,1,14454.0,14.285714285714285,554.1026705410267,8009.0,all_outpatient_procedures_reporting_proxy,not_yet_filtered_by_sigtap
352140,4,4,4,4,15888,16081.0,12297.570000000052,4,21967.0,100.0,732.0526243911322,4020.25,all_outpatient_procedures_reporting_proxy,not_yet_filtered_by_sigtap
352150,2,1,1,1,2328,21620.0,19943.81999999998,1,6867.0,100.0,3148.390854812873,21620.0,all_outpatient_procedures_reporting_proxy,not_yet_filtered_by_sigtap
352160,5,5,4,4,100,4311.0,3362.399999999996,4,7085.0,80.0,608.4685956245589,1077.75,all_outpatient_procedures_reporting_proxy,not_yet_filtered_by_sigtap
352170,11,9,0,0,0,0.0,0.0,0,17983.0,0.0,0.0,,all_outpatient_procedures_reporting_proxy,not_yet_filtered_by_sigtap
352180,9,6,5,5,4136,26403.0,1198.24,5,25180.0,83.33333333333334,1048.570293884035,5280.6,all_outpatient_procedures_reporting_proxy,not_yet_filtered_by_sigtap
352190,5,5,5,5,4129,35155.0,8519.539999999999,5,16989.0,100.0,2069.280122432162,7031.0,all_outpatient_procedures_reporting_proxy,not_yet_filtered_by_sigtap
352200,1,1,0,0,0,0.0,0.0,0,3618.0,0.0,0.0,,all_outpatient_procedures_reporting_proxy,not_yet_filtered_by_sigtap
352210,11,11,0,0,0,0.0,0.0,0,112476.0,0.0,0.0,,all_outpatient_procedures_reporting_proxy,not_yet_filtered_by_sigtap
352215,1,1,0,0,0,0.0,0.0,0,3422.0,0.0,0.0,,all_outpatient_procedures_reporting_proxy,not_yet_filtered_by_sigtap
352220,15,15,3,3,372,1170.0,6465.940000000001,3,158522.0,20.0,7.3806790224700665,390.0,all_outpatient_procedures_reporting_proxy,not_yet_filtered_by_sigtap
352230,28,23,0,0,0,0.0,0.0,0,157790.0,0.0,0.0,,all_outpatient_procedures_reporting_proxy,not_yet_filtered_by_sigtap
352240,27,24,1,1,10,20.0,0.0,1,89728.0,4.166666666666666,0.22289586305278175,20.0,all_outpatient_procedures_reporting_proxy,not_yet_filtered_by_sigtap
352250,16,16,0,0,0,0.0,0.0,0,232297.0,0.0,0.0,,all_outpatient_procedures_reporting_proxy,not_yet_filtered_by_sigtap
352260,18,14,13,13,1528,20933.0,24528.74999999995,13,72022.0,92.85714285714286,290.6473022132126,1610.2307692307693,all_outpatient_procedures_reporting_proxy,not_yet_filtered_by_sigtap
352265,2,2,2,2,527,7892.0,44902.51000000006,2,4306.0,100.0,1832.7914537854158,3946.0,all_outpatient_procedures_reporting_proxy,not_yet_filtered_by_sigtap
352270,8,8,0,0,0,0.0,0.0,0,39493.0,0.0,0.0,,all_outpatient_procedures_reporting_proxy,not_yet_filtered_by_sigtap
352280,4,4,4,4,2250,19202.0,2912.4300000000003,4,14085.0,100.0,1363.2942847000356,4800.5,all_outpatient_procedures_reporting_proxy,not_yet_filtered_by_sigtap
352290,4,3,3,3,2317,31211.0,1124.7400000000002,3,13659.0,100.0,2285.013544183322,10403.666666666666,all_outpatient_procedures_reporting_proxy,not_yet_filtered_by_sigtap
352300,2,2,0,0,0,0.0,0.0,0,3979.0,0.0,0.0,,all_outpatient_procedures_reporting_proxy,not_yet_filtered_by_sigtap
352310,18,18,0,0,0,0.0,0.0,0,369275.0,0.0,0.0,,all_outpatient_procedures_reporting_proxy,not_yet_filtered_by_sigtap
352320,10,9,2,2,97,484.0,3049.199999999999,2,44438.0,22.22222222222222,10.891579278995454,242.0,all_outpatient_procedures_reporting_proxy,not_yet_filtered_by_sigtap
352330,8,8,0,0,0,0.0,0.0,0,15528.0,0.0,0.0,,all_outpatient_procedures_reporting_proxy,not_yet_filtered_by_sigtap
352340,25,24,24,24,15055,73589.0,43189.04000000002,24,121590.0,100.0,605.2224689530389,3066.2083333333335,all_outpatient_procedures_reporting_proxy,not_yet_filtered_by_sigtap
352350,4,4,0,0,0,0.0,0.0,0,19070.0,0.0,0.0,,all_outpatient_procedures_reporting_proxy,not_yet_filtered_by_sigtap
352360,7,6,0,0,0,0.0,0.0,0,16148.0,0.0,0.0,,all_outpatient_procedures_reporting_proxy,not_yet_filtered_by_sigtap
352370,3,3,1,1,122,5224.0,32156.859999999982,1,5779.0,33.33333333333333,903.9626232912269,5224.0,all_outpatient_procedures_reporting_proxy,not_yet_filtered_by_sigtap
352380,2,2,2,2,2284,20406.0,11260.240000000043,2,8046.0,100.0,2536.167039522744,10203.0,all_outpatient_procedures_reporting_proxy,not_yet_filtered_by_sigtap
352390,18,17,16,16,14358,88353.0,10667.900000000003,16,168240.0,94.11764705882352,525.160485021398,5522.0625,all_outpatient_procedures_reporting_proxy,not_yet_filtered_by_sigtap
352400,14,13,0,0,0,0.0,0.0,0,70616.0,0.0,0.0,,all_outpatient_procedures_reporting_proxy,not_yet_filtered_by_sigtap
352410,13,12,1,1,1460,1460.0,2305.5999999999985,1,37571.0,8.333333333333332,38.8597588565649,1460.0,all_outpatient_procedures_reporting_proxy,not_yet_filtered_by_sigtap
352420,2,2,0,0,0,0.0,0.0,0,6221.0,0.0,0.0,,all_outpatient_procedures_reporting_proxy,not_yet_filtered_by_sigtap
352430,12,12,12,12,4859,57439.0,359.28,12,71821.0,100.0,799.7521616240375,4786.583333333333,all_outpatient_procedures_reporting_proxy,not_yet_filtered_by_sigtap
352440,19,19,19,19,1554,2952.0,10605.759999999998,19,240275.0,100.0,12.285922380605557,155.3684210526316,all_outpatient_procedures_reporting_proxy,not_yet_filtered_by_sigtap
352450,3,3,1,1,860,1909.0,10755.5100000001,1,7613.0,33.33333333333333,250.75528700906347,1909.0,all_outpatient_procedures_reporting_proxy,not_yet_filtered_by_sigtap
352460,8,8,1,1,124,279.0,3779.999999999988,1,16097.0,12.5,17.332422190470275,279.0,all_outpatient_procedures_reporting_proxy,not_yet_filtered_by_sigtap
352470,13,13,0,0,0,0.0,0.0,0,59347.0,0.0,0.0,,all_outpatient_procedures_reporting_proxy,not_yet_filtered_by_sigtap
352480,12,12,0,0,0,0.0,0.0,0,48776.0,0.0,0.0,,all_outpatient_procedures_reporting_proxy,not_yet_filtered_by_sigtap
352490,3,2,0,0,0,0.0,0.0,0,6397.0,0.0,0.0,,all_outpatient_procedures_reporting_proxy,not_yet_filtered_by_sigtap
352500,10,10,0,0,0,0.0,0.0,0,118045.0,0.0,0.0,,all_outpatient_procedures_reporting_proxy,not_yet_filtered_by_sigtap
352510,12,12,10,10,5004,49196.0,98797.38999999998,10,45282.0,83.33333333333334,1086.436111479175,4919.6,all_outpatient_procedures_reporting_proxy,not_yet_filtered_by_sigtap
352520,5,5,0,0,0,0.0,0.0,0,37535.0,0.0,0.0,,all_outpatient_procedures_reporting_proxy,not_yet_filtered_by_sigtap
352530,21,19,18,18,14702,71206.0,10080.58,18,133497.0,94.73684210526315,533.3902634516131,3955.8888888888887,all_outpatient_procedures_reporting_proxy,not_yet_filtered_by_sigtap
352540,2,2,1,1,55,436.0,2545.03,1,3863.0,50.0,112.86564845974631,436.0,all_outpatient_procedures_reporting_proxy,not_yet_filtered_by_sigtap
352550,3,2,0,0,0,0.0,0.0,0,12815.0,0.0,0.0,,all_outpatient_procedures_reporting_proxy,not_yet_filtered_by_sigtap
352560,3,3,3,3,223,5635.0,17043.200000000015,3,4371.0,100.0,1289.1786776481356,1878.3333333333333,all_outpatient_procedures_reporting_proxy,not_yet_filtered_by_sigtap
352570,10,9,9,9,11364,86807.0,49762.25000000004,9,36633.0,100.0,2369.6393961728495,9645.222222222223,all_outpatient_procedures_reporting_proxy,not_yet_filtered_by_sigtap
352580,2,2,0,0,0,0.0,0.0,0,4254.0,0.0,0.0,,all_outpatient_procedures_reporting_proxy,not_yet_filtered_by_sigtap
352585,1,1,1,1,400,3061.0,9523.71,1,3056.0,100.0,1001.6361256544503,3061.0,all_outpatient_procedures_reporting_proxy,not_yet_filtered_by_sigtap
352590,40,36,35,35,34463,140209.0,25973.870000000206,35,443221.0,97.22222222222221,316.3410578469883,4005.9714285714285,all_outpatient_procedures_reporting_proxy,not_yet_filtered_by_sigtap
352600,11,11,2,2,3224,7734.0,11410.390000000012,2,20448.0,18.181818181818183,378.2276995305164,3867.0,all_outpatient_procedures_reporting_proxy,not_yet_filtered_by_sigtap
352610,8,8,1,1,279,4380.0,27265.14000000006,1,17154.0,12.5,255.33403287862888,4380.0,all_outpatient_procedures_reporting_proxy,not_yet_filtered_by_sigtap
352620,9,9,1,1,44,44.0,217.23999999999984,1,27404.0,11.11111111111111,1.6056050211647934,44.0,all_outpatient_procedures_reporting_proxy,not_yet_filtered_by_sigtap
352630,4,4,2,2,48,2242.0,9838.95,2,5083.0,50.0,441.07810348219556,1121.0,all_outpatient_procedures_reporting_proxy,not_yet_filtered_by_sigtap
352640,8,7,0,0,0,0.0,0.0,0,26261.0,0.0,0.0,,all_outpatient_procedures_reporting_proxy,not_yet_filtered_by_sigtap
352650,6,6,0,0,0,0.0,0.0,0,9689.0,0.0,0.0,,all_outpatient_procedures_reporting_proxy,not_yet_filtered_by_sigtap
352660,5,4,0,0,0,0.0,0.0,0,7171.0,0.0,0.0,,all_outpatient_procedures_reporting_proxy,not_yet_filtered_by_sigtap
352670,19,18,18,18,12339,80713.0,64445.220000000016,18,98161.0,100.0,822.2511995599067,4484.055555555556,all_outpatient_procedures_reporting_proxy,not_yet_filtered_by_sigtap
352680,13,13,13,13,11329,84281.0,9929.139999999992,13,66505.0,100.0,1267.2881738215171,6483.153846153846,all_outpatient_procedures_reporting_proxy,not_yet_filtered_by_sigtap
352690,34,34,33,33,12813,69246.0,34397.15,33,291869.0,97.05882352941177,237.25027323902162,2098.3636363636365,all_outpatient_procedures_reporting_proxy,not_yet_filtered_by_sigtap
352700,4,4,0,0,0,0.0,0.0,0,7014.0,0.0,0.0,,all_outpatient_procedures_reporting_proxy,not_yet_filtered_by_sigtap
352710,14,14,0,0,0,0.0,0.0,0,74779.0,0.0,0.0,,all_outpatient_procedures_reporting_proxy,not_yet_filtered_by_sigtap
352720,21,18,2,2,43,430.0,3416.93,2,84855.0,11.11111111111111,5.0674680337045555,215.0,all_outpatient_procedures_reporting_proxy,not_yet_filtered_by_sigtap
352725,2,2,0,0,0,0.0,0.0,0,1950.0,0.0,0.0,,all_outpatient_procedures_reporting_proxy,not_yet_filtered_by_sigtap
352730,7,6,6,6,3452,5505.0,30233.29000000119,6,51847.0,100.0,106.17779235056994,917.5,all_outpatient_procedures_reporting_proxy,not_yet_filtered_by_sigtap
352740,11,7,5,5,2436,20404.0,50.39999999999999,5,20061.0,71.42857142857143,1017.097851552764,4080.8,all_outpatient_procedures_reporting_proxy,not_yet_filtered_by_sigtap
352750,1,1,1,1,1970,7864.0,9186.180000000008,1,2372.0,100.0,3315.345699831366,7864.0,all_outpatient_procedures_reporting_proxy,not_yet_filtered_by_sigtap
352760,9,8,4,4,765,2746.0,24372.339999999997,4,12265.0,50.0,223.889115368936,686.5,all_outpatient_procedures_reporting_proxy,not_yet_filtered_by_sigtap
352770,1,1,1,1,5412,17586.0,4886.609999999981,1,4701.0,100.0,3740.906190172304,17586.0,all_outpatient_procedures_reporting_proxy,not_yet_filtered_by_sigtap
352780,1,1,0,0,0,0.0,0.0,0,3981.0,0.0,0.0,,all_outpatient_procedures_reporting_proxy,not_yet_filtered_by_sigtap
352790,1,1,0,0,0,0.0,0.0,0,2661.0,0.0,0.0,,all_outpatient_procedures_reporting_proxy,not_yet_filtered_by_sigtap
352800,4,4,4,4,3460,15606.0,2085.16,4,16829.0,100.0,927.3278269653574,3901.5,all_outpatient_procedures_reporting_proxy,not_yet_filtered_by_sigtap
352810,2,2,2,2,176,1895.0,14104.750000000011,2,7481.0,100.0,253.3083812324556,947.5,all_outpatient_procedures_reporting_proxy,not_yet_filtered_by_sigtap
352820,1,1,1,1,194,1882.0,6288.640000000005,1,3963.0,100.0,474.8927580116073,1882.0,all_outpatient_procedures_reporting_proxy,not_yet_filtered_by_sigtap
352830,1,1,1,1,134,7852.0,11710.430000000002,1,3165.0,100.0,2480.8846761453397,7852.0,all_outpatient_procedures_reporting_proxy,not_yet_filtered_by_sigtap
352840,18,13,1,1,761,16778.0,89150.35000000084,1,50027.0,7.6923076923076925,335.3788953964859,16778.0,all_outpatient_procedures_reporting_proxy,not_yet_filtered_by_sigtap
352850,18,17,0,0,0,0.0,0.0,0,93853.0,0.0,0.0,,all_outpatient_procedures_reporting_proxy,not_yet_filtered_by_sigtap
352860,2,2,0,0,0,0.0,0.0,0,9871.0,0.0,0.0,,all_outpatient_procedures_reporting_proxy,not_yet_filtered_by_sigtap
352870,2,2,1,1,1,1229.0,0.0,1,4573.0,50.0,268.7513667176908,1229.0,all_outpatient_procedures_reporting_proxy,not_yet_filtered_by_sigtap
352880,5,5,5,5,1718,25312.0,76457.23000000011,5,12673.0,100.0,1997.31713090823,5062.4,all_outpatient_procedures_reporting_proxy,not_yet_filtered_by_sigtap
352885,1,1,1,1,2432,13217.0,18841.17999999996,1,3292.0,100.0,4014.884568651276,13217.0,all_outpatient_procedures_reporting_proxy,not_yet_filtered_by_sigtap
352890,2,2,2,2,35,1652.0,8504.78,2,3513.0,100.0,470.25334471961287,826.0,all_outpatient_procedures_reporting_proxy,not_yet_filtered_by_sigtap
352900,60,60,16,16,29,29.0,290.0,16,237627.0,26.666666666666668,0.12204000387161391,1.8125,all_outpatient_procedures_reporting_proxy,not_yet_filtered_by_sigtap
352910,2,2,1,1,533,4444.0,1.0,1,1860.0,50.0,2389.2473118279568,4444.0,all_outpatient_procedures_reporting_proxy,not_yet_filtered_by_sigtap
352920,14,12,3,3,251,266.0,1170.4599999999998,3,24881.0,25.0,10.69088862987822,88.66666666666667,all_outpatient_procedures_reporting_proxy,not_yet_filtered_by_sigtap
352930,19,19,0,0,0,0.0,0.0,0,79033.0,0.0,0.0,,all_outpatient_procedures_reporting_proxy,not_yet_filtered_by_sigtap
352940,25,25,0,0,0,0.0,0.0,0,418261.0,0.0,0.0,,all_outpatient_procedures_reporting_proxy,not_yet_filtered_by_sigtap
352950,2,2,0,0,0,0.0,0.0,0,6159.0,0.0,0.0,,all_outpatient_procedures_reporting_proxy,not_yet_filtered_by_sigtap
352960,1,1,1,1,592,2053.0,13650.36000000007,1,4572.0,100.0,449.0376202974628,2053.0,all_outpatient_procedures_reporting_proxy,not_yet_filtered_by_sigtap
352965,1,1,1,1,1484,6641.0,35515.87000000016,1,1952.0,100.0,3402.1516393442625,6641.0,all_outpatient_procedures_reporting_proxy,not_yet_filtered_by_sigtap
352970,10,8,1,1,286,286.0,360.0,1,19441.0,12.5,14.711177408569517,286.0,all_outpatient_procedures_reporting_proxy,not_yet_filtered_by_sigtap
352980,3,3,0,0,0,0.0,0.0,0,11230.0,0.0,0.0,,all_outpatient_procedures_reporting_proxy,not_yet_filtered_by_sigtap
352990,10,9,0,0,0,0.0,0.0,0,18553.0,0.0,0.0,,all_outpatient_procedures_reporting_proxy,not_yet_filtered_by_sigtap
353000,2,2,1,1,526,4902.0,17789.349999999966,1,3126.0,50.0,1568.1381957773513,4902.0,all_outpatient_procedures_reporting_proxy,not_yet_filtered_by_sigtap
353010,8,8,6,6,3024,29246.0,312.35,6,27983.0,75.0,1045.1345459743416,4874.333333333333,all_outpatient_procedures_reporting_proxy,not_yet_filtered_by_sigtap
353020,10,8,2,2,326,807.0,15783.480000000036,2,15917.0,25.0,50.70050888986618,403.5,all_outpatient_procedures_reporting_proxy,not_yet_filtered_by_sigtap
353030,7,6,0,0,0,0.0,0.0,0,63337.0,0.0,0.0,,all_outpatient_procedures_reporting_proxy,not_yet_filtered_by_sigtap
353040,1,1,0,0,0,0.0,0.0,0,4669.0,0.0,0.0,,all_outpatient_procedures_reporting_proxy,not_yet_filtered_by_sigtap
353050,20,12,0,0,0,0.0,0.0,0,67681.0,0.0,0.0,,all_outpatient_procedures_reporting_proxy,not_yet_filtered_by_sigtap
353060,37,36,36,36,29898,191014.0,145857.38999999996,36,451505.0,100.0,423.06065270595013,5305.944444444444,all_outpatient_procedures_reporting_proxy,not_yet_filtered_by_sigtap
353070,27,23,0,0,0,0.0,0.0,0,153658.0,0.0,0.0,,all_outpatient_procedures_reporting_proxy,not_yet_filtered_by_sigtap
353080,14,14,14,14,6463,44998.0,1157.24,14,92558.0,100.0,486.160029386979,3214.1428571428573,all_outpatient_procedures_reporting_proxy,not_yet_filtered_by_sigtap
353090,2,2,2,2,4290,7516.0,32504.339999999782,2,3722.0,100.0,2019.3444384739387,3758.0,all_outpatient_procedures_reporting_proxy,not_yet_filtered_by_sigtap
353100,1,1,1,1,354,2782.0,6729.370000000008,1,1937.0,100.0,1436.2416107382548,2782.0,all_outpatient_procedures_reporting_proxy,not_yet_filtered_by_sigtap
353110,11,10,1,1,65,211.0,617.41,1,61951.0,10.0,3.4059175800229213,211.0,all_outpatient_procedures_reporting_proxy,not_yet_filtered_by_sigtap
353120,3,3,3,3,1438,13769.0,45977.5399999999,3,8627.0,100.0,1596.035701866234,4589.666666666667,all_outpatient_procedures_reporting_proxy,not_yet_filtered_by_sigtap
353130,10,9,9,9,4729,29777.0,11695.510000000004,9,47574.0,100.0,625.9091100180772,3308.5555555555557,all_outpatient_procedures_reporting_proxy,not_yet_filtered_by_sigtap
353140,7,7,7,7,8519,43159.0,111567.9299999981,7,22280.0,100.0,1937.1184919210054,6165.571428571428,all_outpatient_procedures_reporting_proxy,not_yet_filtered_by_sigtap
353150,10,9,2,2,336,1106.0,15775.9400000001,2,18151.0,22.22222222222222,60.93328191284227,553.0,all_outpatient_procedures_reporting_proxy,not_yet_filtered_by_sigtap
353160,2,2,2,2,1641,15811.0,999.5400000000004,2,4222.0,100.0,3744.9076267171954,7905.5,all_outpatient_procedures_reporting_proxy,not_yet_filtered_by_sigtap
353170,2,1,0,0,0,0.0,0.0,0,4138.0,0.0,0.0,,all_outpatient_procedures_reporting_proxy,not_yet_filtered_by_sigtap
353180,12,11,11,11,976,31263.0,169555.34000000003,11,64662.0,100.0,483.4833441588568,2842.090909090909,all_outpatient_procedures_reporting_proxy,not_yet_filtered_by_sigtap
353190,13,11,1,1,68,68.0,12461.52,1,27933.0,9.090909090909092,2.4343965918447714,68.0,all_outpatient_procedures_reporting_proxy,not_yet_filtered_by_sigtap
353200,6,5,3,3,3925,28493.0,115967.76999999628,3,13720.0,60.0,2076.749271137026,9497.666666666666,all_outpatient_procedures_reporting_proxy,not_yet_filtered_by_sigtap
353205,2,2,2,2,2090,8408.0,4614.65,2,4034.0,100.0,2084.2835894893406,4204.0,all_outpatient_procedures_reporting_proxy,not_yet_filtered_by_sigtap
353210,2,1,1,1,97,2510.0,13944.2,1,3737.0,100.0,671.6617607706717,2510.0,all_outpatient_procedures_reporting_proxy,not_yet_filtered_by_sigtap
353215,2,2,0,0,0,0.0,0.0,0,2660.0,0.0,0.0,,all_outpatient_procedures_reporting_proxy,not_yet_filtered_by_sigtap
353220,3,3,3,3,301,16839.0,39014.280000000006,3,5713.0,100.0,2947.4881848415894,5613.0,all_outpatient_procedures_reporting_proxy,not_yet_filtered_by_sigtap
353230,2,1,0,0,0,0.0,0.0,0,6999.0,0.0,0.0,,all_outpatient_procedures_reporting_proxy,not_yet_filtered_by_sigtap
353240,4,4,0,0,0,0.0,0.0,0,18217.0,0.0,0.0,,all_outpatient_procedures_reporting_proxy,not_yet_filtered_by_sigtap
353250,4,4,0,0,0,0.0,0.0,0,9699.0,0.0,0.0,,all_outpatient_procedures_reporting_proxy,not_yet_filtered_by_sigtap
353260,5,5,3,3,1814,4279.0,28021.2500000002,3,9852.0,60.0,434.3280552172148,1426.3333333333333,all_outpatient_procedures_reporting_proxy,not_yet_filtered_by_sigtap
353270,1,1,0,0,0,0.0,0.0,0,4750.0,0.0,0.0,,all_outpatient_procedures_reporting_proxy,not_yet_filtered_by_sigtap
353280,2,2,0,0,0,0.0,0.0,0,6693.0,0.0,0.0,,all_outpatient_procedures_reporting_proxy,not_yet_filtered_by_sigtap
353282,6,5,0,0,0,0.0,0.0,0,8497.0,0.0,0.0,,all_outpatient_procedures_reporting_proxy,not_yet_filtered_by_sigtap
353284,2,2,2,2,798,8443.0,15531.48999999992,2,2032.0,100.0,4155.01968503937,4221.5,all_outpatient_procedures_reporting_proxy,not_yet_filtered_by_sigtap
353286,1,1,0,0,0,0.0,0.0,0,1062.0,0.0,0.0,,all_outpatient_procedures_reporting_proxy,not_yet_filtered_by_sigtap
353290,5,5,1,1,244,5475.0,33819.75,1,9311.0,20.0,588.0141767801525,5475.0,all_outpatient_procedures_reporting_proxy,not_yet_filtered_by_sigtap
353300,2,2,0,0,0,0.0,0.0,0,19419.0,0.0,0.0,,all_outpatient_procedures_reporting_proxy,not_yet_filtered_by_sigtap
353310,2,1,1,1,800,1807.0,12601.64000000008,1,2156.0,100.0,838.126159554731,1807.0,all_outpatient_procedures_reporting_proxy,not_yet_filtered_by_sigtap
353320,3,3,1,1,8,8.0,193.6,1,4609.0,33.33333333333333,1.7357344326318074,8.0,all_outpatient_procedures_reporting_proxy,not_yet_filtered_by_sigtap
353325,1,1,0,0,0,0.0,0.0,0,4412.0,0.0,0.0,,all_outpatient_procedures_reporting_proxy,not_yet_filtered_by_sigtap
353330,1,1,1,1,2001,11570.0,13819.399999999923,1,2837.0,100.0,4078.251674303842,11570.0,all_outpatient_procedures_reporting_proxy,not_yet_filtered_by_sigtap
353340,7,7,0,0,0,0.0,0.0,0,62019.0,0.0,0.0,,all_outpatient_procedures_reporting_proxy,not_yet_filtered_by_sigtap
353350,8,7,6,6,10911,61873.0,53592.9100000005,6,38324.0,85.71428571428571,1614.4713495459764,10312.166666666666,all_outpatient_procedures_reporting_proxy,not_yet_filtered_by_sigtap
353360,7,7,1,1,1541,1945.0,37714.24999999994,1,7391.0,14.285714285714285,263.1578947368421,1945.0,all_outpatient_procedures_reporting_proxy,not_yet_filtered_by_sigtap
353370,2,2,0,0,0,0.0,0.0,0,4331.0,0.0,0.0,,all_outpatient_procedures_reporting_proxy,not_yet_filtered_by_sigtap
353380,2,2,2,2,362,2849.0,16971.15000000002,2,2512.0,100.0,1134.156050955414,1424.5,all_outpatient_procedures_reporting_proxy,not_yet_filtered_by_sigtap
353390,9,9,0,0,0,0.0,0.0,0,55074.0,0.0,0.0,,all_outpatient_procedures_reporting_proxy,not_yet_filtered_by_sigtap
353400,2,2,0,0,0,0.0,0.0,0,4771.0,0.0,0.0,,all_outpatient_procedures_reporting_proxy,not_yet_filtered_by_sigtap
353410,4,4,2,2,205,230.0,5481.909999999991,2,6085.0,50.0,37.79786359901397,115.0,all_outpatient_procedures_reporting_proxy,not_yet_filtered_by_sigtap
353420,1,1,1,1,1640,6648.0,43648.93000000071,1,6024.0,100.0,1103.5856573705178,6648.0,all_outpatient_procedures_reporting_proxy,not_yet_filtered_by_sigtap
353430,9,4,4,4,5241,20998.0,19992.480000000018,4,38319.0,100.0,547.978809467888,5249.5,all_outpatient_procedures_reporting_proxy,not_yet_filtered_by_sigtap
353440,38,37,0,0,0,0.0,0.0,0,728615.0,0.0,0.0,,all_outpatient_procedures_reporting_proxy,not_yet_filtered_by_sigtap
353450,1,1,1,1,1703,7456.0,2560.4,1,2470.0,100.0,3018.6234817813765,7456.0,all_outpatient_procedures_reporting_proxy,not_yet_filtered_by_sigtap
353460,10,10,1,1,112,504.0,2110.700000000001,1,31272.0,10.0,16.116653875671528,504.0,all_outpatient_procedures_reporting_proxy,not_yet_filtered_by_sigtap
353470,18,17,2,2,898,60354.0,426895.28000000026,2,103970.0,11.76470588235294,580.4943733769356,30177.0,all_outpatient_procedures_reporting_proxy,not_yet_filtered_by_sigtap
353475,3,3,3,3,2245,19628.0,5012.99,3,10294.0,100.0,1906.741791334758,6542.666666666667,all_outpatient_procedures_reporting_proxy,not_yet_filtered_by_sigtap
353480,4,4,2,2,757,3735.0,23841.140000000007,2,7779.0,50.0,480.1388353258774,1867.5,all_outpatient_procedures_reporting_proxy,not_yet_filtered_by_sigtap
353490,9,9,4,4,1442,10415.0,26622.270000000004,4,14877.0,44.44444444444444,700.073939638368,2603.75,all_outpatient_procedures_reporting_proxy,not_yet_filtered_by_sigtap
353500,1,1,1,1,3687,10420.0,24791.50999999969,1,11476.0,100.0,907.9818752178459,10420.0,all_outpatient_procedures_reporting_proxy,not_yet_filtered_by_sigtap
353510,4,4,1,1,273,10639.0,3155.049999999997,1,9650.0,25.0,1102.4870466321245,10639.0,all_outpatient_procedures_reporting_proxy,not_yet_filtered_by_sigtap
353520,4,3,2,2,1511,6505.0,38694.2200000002,2,8903.0,66.66666666666666,730.6525890149388,3252.5,all_outpatient_procedures_reporting_proxy,not_yet_filtered_by_sigtap
353530,6,6,6,6,5215,45380.0,115813.21999999991,6,19594.0,100.0,2316.0151066653057,7563.333333333333,all_outpatient_procedures_reporting_proxy,not_yet_filtered_by_sigtap
353540,6,6,5,5,521,2745.0,11176.499999999973,5,14964.0,83.33333333333334,183.4402566158781,549.0,all_outpatient_procedures_reporting_proxy,not_yet_filtered_by_sigtap
353550,13,12,2,2,646,1285.0,7703.999999999949,2,41120.0,16.666666666666664,31.25,642.5,all_outpatient_procedures_reporting_proxy,not_yet_filtered_by_sigtap
353560,7,7,0,0,0,0.0,0.0,0,17667.0,0.0,0.0,,all_outpatient_procedures_reporting_proxy,not_yet_filtered_by_sigtap
353570,3,2,2,2,1359,13838.0,40334.670000000115,2,6099.0,100.0,2268.8965404164614,6919.0,all_outpatient_procedures_reporting_proxy,not_yet_filtered_by_sigtap
353580,7,6,3,3,15163,20061.0,102944.00000000017,3,19395.0,50.0,1034.338747099768,6687.0,all_outpatient_procedures_reporting_proxy,not_yet_filtered_by_sigtap
353590,1,1,1,1,766,3365.0,22616.010000000075,1,4031.0,100.0,834.7804515008684,3365.0,all_outpatient_procedures_reporting_proxy,not_yet_filtered_by_sigtap
353600,4,4,0,0,0,0.0,0.0,0,10580.0,0.0,0.0,,all_outpatient_procedures_reporting_proxy,not_yet_filtered_by_sigtap
353610,1,1,1,1,532,4309.0,34732.05999999974,1,7153.0,100.0,602.4045854886062,4309.0,all_outpatient_procedures_reporting_proxy,not_yet_filtered_by_sigtap
353620,9,8,0,0,0,0.0,0.0,0,19233.0,0.0,0.0,,all_outpatient_procedures_reporting_proxy,not_yet_filtered_by_sigtap
353625,1,1,1,1,1036,25966.0,52438.09999999979,1,2892.0,100.0,8978.561549100968,25966.0,all_outpatient_procedures_reporting_proxy,not_yet_filtered_by_sigtap
353630,7,7,7,7,2950,22947.0,508.54,7,14512.0,100.0,1581.2431091510475,3278.1428571428573,all_outpatient_procedures_reporting_proxy,not_yet_filtered_by_sigtap
353640,3,3,0,0,0,0.0,0.0,0,7955.0,0.0,0.0,,all_outpatient_procedures_reporting_proxy,not_yet_filtered_by_sigtap
353650,12,12,0,0,0,0.0,0.0,0,110537.0,0.0,0.0,,all_outpatient_procedures_reporting_proxy,not_yet_filtered_by_sigtap
353657,1,1,0,0,0,0.0,0.0,0,2090.0,0.0,0.0,,all_outpatient_procedures_reporting_proxy,not_yet_filtered_by_sigtap
353660,2,2,0,0,0,0.0,0.0,0,7400.0,0.0,0.0,,all_outpatient_procedures_reporting_proxy,not_yet_filtered_by_sigtap
353670,14,14,14,14,9283,30172.0,19751.860000000055,14,44827.0,100.0,673.0764940772302,2155.1428571428573,all_outpatient_procedures_reporting_proxy,not_yet_filtered_by_sigtap
353680,3,2,0,0,0,0.0,0.0,0,6557.0,0.0,0.0,,all_outpatient_procedures_reporting_proxy,not_yet_filtered_by_sigtap
353690,1,1,0,0,0,0.0,0.0,0,2787.0,0.0,0.0,,all_outpatient_procedures_reporting_proxy,not_yet_filtered_by_sigtap
353700,9,7,3,3,180,23284.0,59752.520000000004,3,15525.0,42.857142857142854,1499.7745571658616,7761.333333333333,all_outpatient_procedures_reporting_proxy,not_yet_filtered_by_sigtap
353710,11,11,0,0,0,0.0,0.0,0,43112.0,0.0,0.0,,all_outpatient_procedures_reporting_proxy,not_yet_filtered_by_sigtap
353715,1,1,1,1,525,3630.0,871.2999999999997,1,2804.0,100.0,1294.5791726105565,3630.0,all_outpatient_procedures_reporting_proxy,not_yet_filtered_by_sigtap
353720,6,5,0,0,0,0.0,0.0,0,11281.0,0.0,0.0,,all_outpatient_procedures_reporting_proxy,not_yet_filtered_by_sigtap
353730,11,9,0,0,0,0.0,0.0,0,61679.0,0.0,0.0,,all_outpatient_procedures_reporting_proxy,not_yet_filtered_by_sigtap
353740,6,6,0,0,0,0.0,0.0,0,24095.0,0.0,0.0,,all_outpatient_procedures_reporting_proxy,not_yet_filtered_by_sigtap
353750,2,2,1,1,96,355.0,0.0,1,8737.0,50.0,40.63179581091908,355.0,all_outpatient_procedures_reporting_proxy,not_yet_filtered_by_sigtap
353760,14,13,0,0,0,0.0,0.0,0,68352.0,0.0,0.0,,all_outpatient_procedures_reporting_proxy,not_yet_filtered_by_sigtap
353770,1,1,1,1,1861,20918.0,12686.73000000009,1,5519.0,100.0,3790.1793803225223,20918.0,all_outpatient_procedures_reporting_proxy,not_yet_filtered_by_sigtap
353780,9,8,1,1,2452,24637.0,134989.63999999617,1,52970.0,12.5,465.11232773267886,24637.0,all_outpatient_procedures_reporting_proxy,not_yet_filtered_by_sigtap
353790,9,7,0,0,0,0.0,0.0,0,27619.0,0.0,0.0,,all_outpatient_procedures_reporting_proxy,not_yet_filtered_by_sigtap
353800,32,31,31,31,1408,4968.0,12684.74,31,165428.0,100.0,30.031191817588315,160.25806451612902,all_outpatient_procedures_reporting_proxy,not_yet_filtered_by_sigtap
353810,4,4,0,0,0,0.0,0.0,0,14542.0,0.0,0.0,,all_outpatient_procedures_reporting_proxy,not_yet_filtered_by_sigtap
353830,3,3,0,0,0,0.0,0.0,0,3264.0,0.0,0.0,,all_outpatient_procedures_reporting_proxy,not_yet_filtered_by_sigtap
353850,5,4,0,0,0,0.0,0.0,0,12490.0,0.0,0.0,,all_outpatient_procedures_reporting_proxy,not_yet_filtered_by_sigtap
353860,3,2,0,0,0,0.0,0.0,0,26029.0,0.0,0.0,,all_outpatient_procedures_reporting_proxy,not_yet_filtered_by_sigtap
353870,85,78,18,18,47258,51559.0,30047.64,18,423323.0,23.076923076923077,121.79588635628113,2864.3888888888887,all_outpatient_procedures_reporting_proxy,not_yet_filtered_by_sigtap
353880,10,10,0,0,0,0.0,0.0,0,29436.0,0.0,0.0,,all_outpatient_procedures_reporting_proxy,not_yet_filtered_by_sigtap
353890,10,10,0,0,0,0.0,0.0,0,22431.0,0.0,0.0,,all_outpatient_procedures_reporting_proxy,not_yet_filtered_by_sigtap
353900,3,3,2,2,437,1023.0,14740.299999999925,2,10885.0,66.66666666666666,93.98254478640331,511.5,all_outpatient_procedures_reporting_proxy,not_yet_filtered_by_sigtap
353910,4,4,0,0,0,0.0,0.0,0,18370.0,0.0,0.0,,all_outpatient_procedures_reporting_proxy,not_yet_filtered_by_sigtap
353920,9,9,1,1,339,10074.0,65271.08999999993,1,25348.0,11.11111111111111,397.42780495502603,10074.0,all_outpatient_procedures_reporting_proxy,not_yet_filtered_by_sigtap
353930,20,16,0,0,0,0.0,0.0,0,73545.0,0.0,0.0,,all_outpatient_procedures_reporting_proxy,not_yet_filtered_by_sigtap
353940,1,1,0,0,0,0.0,0.0,0,15108.0,0.0,0.0,,all_outpatient_procedures_reporting_proxy,not_yet_filtered_by_sigtap
353950,9,7,0,0,0,0.0,0.0,0,33674.0,0.0,0.0,,all_outpatient_procedures_reporting_proxy,not_yet_filtered_by_sigtap
353960,2,2,0,0,0,0.0,0.0,0,4389.0,0.0,0.0,,all_outpatient_procedures_reporting_proxy,not_yet_filtered_by_sigtap
353970,1,1,1,1,693,3580.0,15731.10000000024,1,3025.0,100.0,1183.4710743801652,3580.0,all_outpatient_procedures_reporting_proxy,not_yet_filtered_by_sigtap
353980,17,13,3,3,963,1476.0,31806.250000000276,3,103765.0,23.076923076923077,14.224449477184022,492.0,all_outpatient_procedures_reporting_proxy,not_yet_filtered_by_sigtap
353990,1,1,0,0,0,0.0,0.0,0,5592.0,0.0,0.0,,all_outpatient_procedures_reporting_proxy,not_yet_filtered_by_sigtap
354000,10,10,0,0,0,0.0,0.0,0,20196.0,0.0,0.0,,all_outpatient_procedures_reporting_proxy,not_yet_filtered_by_sigtap
354020,14,12,2,2,22,82.0,537.5,2,37607.0,16.666666666666664,2.18044512989603,41.0,all_outpatient_procedures_reporting_proxy,not_yet_filtered_by_sigtap
354025,1,1,1,1,51,51.0,1509.2000000000012,1,4127.0,100.0,12.357644778289314,51.0,all_outpatient_procedures_reporting_proxy,not_yet_filtered_by_sigtap
354030,2,2,0,0,0,0.0,0.0,0,2387.0,0.0,0.0,,all_outpatient_procedures_reporting_proxy,not_yet_filtered_by_sigtap
354040,1,1,1,1,636,2340.0,17130.46000000027,1,4127.0,100.0,566.9978192391568,2340.0,all_outpatient_procedures_reporting_proxy,not_yet_filtered_by_sigtap
354060,13,10,8,8,5113,51996.0,10701.079999999998,8,56497.0,80.0,920.3320530293644,6499.5,all_outpatient_procedures_reporting_proxy,not_yet_filtered_by_sigtap
354070,12,12,1,1,467,2145.0,766.6300000000001,1,52649.0,8.333333333333332,40.741514558681075,2145.0,all_outpatient_procedures_reporting_proxy,not_yet_filtered_by_sigtap
354075,9,9,2,2,2837,14019.0,57515.06999999897,2,20392.0,22.22222222222222,687.4754805806198,7009.5,all_outpatient_procedures_reporting_proxy,not_yet_filtered_by_sigtap
354080,5,4,2,2,189,8299.0,52921.18,2,18496.0,50.0,448.6916089965398,4149.5,all_outpatient_procedures_reporting_proxy,not_yet_filtered_by_sigtap
354085,2,2,1,1,162,1366.0,3825.0,1,2578.0,50.0,529.8681148176881,1366.0,all_outpatient_procedures_reporting_proxy,not_yet_filtered_by_sigtap
354090,3,3,1,1,36,1998.0,6016.570000000001,1,17078.0,33.33333333333333,116.99262208689542,1998.0,all_outpatient_procedures_reporting_proxy,not_yet_filtered_by_sigtap
354100,32,32,1,1,193,640.0,81.0,1,349935.0,3.125,1.828911083486933,640.0,all_outpatient_procedures_reporting_proxy,not_yet_filtered_by_sigtap
354105,2,1,1,1,210,2190.0,26094.900000000056,1,5126.0,100.0,427.23371049551304,2190.0,all_outpatient_procedures_reporting_proxy,not_yet_filtered_by_sigtap
354110,2,2,2,2,1151,3292.0,0.0,2,3804.0,100.0,865.4048370136697,1646.0,all_outpatient_procedures_reporting_proxy,not_yet_filtered_by_sigtap
354120,10,9,1,1,59,408.0,3399.2000000000003,1,14490.0,11.11111111111111,28.157349896480333,408.0,all_outpatient_procedures_reporting_proxy,not_yet_filtered_by_sigtap
354130,14,13,13,13,3311,31993.0,7189.9500000000035,13,39505.0,100.0,809.8468548285027,2461.0,all_outpatient_procedures_reporting_proxy,not_yet_filtered_by_sigtap
354140,34,33,0,0,0,0.0,0.0,0,225668.0,0.0,0.0,,all_outpatient_procedures_reporting_proxy,not_yet_filtered_by_sigtap
354150,13,12,10,10,5530,30077.0,25242.340000000528,10,35201.0,83.33333333333334,854.4359535240477,3007.7,all_outpatient_procedures_reporting_proxy,not_yet_filtered_by_sigtap
354160,15,10,1,1,7,7.0,0.0,1,35131.0,10.0,0.19925421991972903,7.0,all_outpatient_procedures_reporting_proxy,not_yet_filtered_by_sigtap
354165,1,1,1,1,202,4058.0,32459.630000000005,1,3405.0,100.0,1191.776798825257,4058.0,all_outpatient_procedures_reporting_proxy,not_yet_filtered_by_sigtap
354170,5,5,1,1,2,2073.0,0.0,1,13163.0,20.0,157.48689508470716,2073.0,all_outpatient_procedures_reporting_proxy,not_yet_filtered_by_sigtap
354180,2,2,2,2,1269,8742.0,4409.020000000008,2,3265.0,100.0,2677.488514548239,4371.0,all_outpatient_procedures_reporting_proxy,not_yet_filtered_by_sigtap
354190,4,4,0,0,0,0.0,0.0,0,9159.0,0.0,0.0,,all_outpatient_procedures_reporting_proxy,not_yet_filtered_by_sigtap
354200,4,4,4,4,3358,20588.0,2050.8700000000003,4,7038.0,100.0,2925.262858766695,5147.0,all_outpatient_procedures_reporting_proxy,not_yet_filtered_by_sigtap
354210,3,3,0,0,0,0.0,0.0,0,8965.0,0.0,0.0,,all_outpatient_procedures_reporting_proxy,not_yet_filtered_by_sigtap
354220,13,12,1,1,1619,3262.0,43897.74999999999,1,28588.0,8.333333333333332,114.10381978452499,3262.0,all_outpatient_procedures_reporting_proxy,not_yet_filtered_by_sigtap
354230,2,2,1,1,381,4822.0,28322.87999999985,1,4494.0,50.0,1072.9862038273252,4822.0,all_outpatient_procedures_reporting_proxy,not_yet_filtered_by_sigtap
354240,11,9,1,1,590,8418.0,34456.43999999966,1,20145.0,11.11111111111111,417.87043931496646,8418.0,all_outpatient_procedures_reporting_proxy,not_yet_filtered_by_sigtap
354250,4,4,2,2,124,7899.0,32337.370000000024,2,7662.0,50.0,1030.9318715740014,3949.5,all_outpatient_procedures_reporting_proxy,not_yet_filtered_by_sigtap
354260,22,20,1,1,893,25924.0,145703.700000001,1,59947.0,5.0,432.4486629856373,25924.0,all_outpatient_procedures_reporting_proxy,not_yet_filtered_by_sigtap
354270,3,3,1,1,87,250.0,8178.699999999997,1,6404.0,33.33333333333333,39.038101186758276,250.0,all_outpatient_procedures_reporting_proxy,not_yet_filtered_by_sigtap
354280,2,2,0,0,0,0.0,0.0,0,3132.0,0.0,0.0,,all_outpatient_procedures_reporting_proxy,not_yet_filtered_by_sigtap
354290,4,3,3,3,1544,9351.0,1479.7100000000005,3,10989.0,100.0,850.9418509418509,3117.0,all_outpatient_procedures_reporting_proxy,not_yet_filtered_by_sigtap
354300,6,6,6,6,2539,6233.0,21186.14000000001,6,18627.0,100.0,334.62178558007196,1038.8333333333333,all_outpatient_procedures_reporting_proxy,not_yet_filtered_by_sigtap
354310,3,3,1,1,1272,8940.0,1305.0999999999992,1,4608.0,33.33333333333333,1940.1041666666667,8940.0,all_outpatient_procedures_reporting_proxy,not_yet_filtered_by_sigtap
354320,1,1,1,1,2622,13578.0,3062.1,1,4677.0,100.0,2903.1430404105195,13578.0,all_outpatient_procedures_reporting_proxy,not_yet_filtered_by_sigtap
354323,1,1,0,0,0,0.0,0.0,0,2025.0,0.0,0.0,,all_outpatient_procedures_reporting_proxy,not_yet_filtered_by_sigtap
354325,1,1,0,0,0,0.0,0.0,0,7450.0,0.0,0.0,,all_outpatient_procedures_reporting_proxy,not_yet_filtered_by_sigtap
354330,13,13,1,1,1188,1451.0,5495.580000000063,1,115559.0,7.6923076923076925,12.556356493219914,1451.0,all_outpatient_procedures_reporting_proxy,not_yet_filtered_by_sigtap
354340,53,52,48,48,25459,220778.0,22091.46,48,698642.0,92.3076923076923,316.0102026502844,4599.541666666667,all_outpatient_procedures_reporting_proxy,not_yet_filtered_by_sigtap
354350,2,1,1,1,1,100.0,515.0,1,5599.0,100.0,17.86033220217896,100.0,all_outpatient_procedures_reporting_proxy,not_yet_filtered_by_sigtap
354360,2,2,1,1,2595,6388.0,4296.38,1,4049.0,50.0,1577.6734996295381,6388.0,all_outpatient_procedures_reporting_proxy,not_yet_filtered_by_sigtap
354370,2,2,1,1,34,34.0,1667.250000000001,1,9098.0,50.0,3.7370850736425587,34.0,all_outpatient_procedures_reporting_proxy,not_yet_filtered_by_sigtap
354380,4,4,4,4,5211,13852.0,7106.59,4,9259.0,100.0,1496.0578896209095,3463.0,all_outpatient_procedures_reporting_proxy,not_yet_filtered_by_sigtap
354390,24,24,3,3,102,136.0,3005.6000000000004,3,201418.0,12.5,0.675212741661619,45.333333333333336,all_outpatient_procedures_reporting_proxy,not_yet_filtered_by_sigtap
354400,5,3,3,3,4800,4815.0,249.28,3,31328.0,100.0,153.69637385086824,1605.0,all_outpatient_procedures_reporting_proxy,not_yet_filtered_by_sigtap
354410,8,8,0,0,0,0.0,0.0,0,44170.0,0.0,0.0,,all_outpatient_procedures_reporting_proxy,not_yet_filtered_by_sigtap
354420,6,6,0,0,0,0.0,0.0,0,10309.0,0.0,0.0,,all_outpatient_procedures_reporting_proxy,not_yet_filtered_by_sigtap
354425,2,2,0,0,0,0.0,0.0,0,17440.0,0.0,0.0,,all_outpatient_procedures_reporting_proxy,not_yet_filtered_by_sigtap
354440,2,2,2,2,1064,6020.0,3814.8400000000015,2,2700.0,100.0,2229.62962962963,3010.0,all_outpatient_procedures_reporting_proxy,not_yet_filtered_by_sigtap
354450,2,2,2,2,1150,13809.0,55502.47999999957,2,3833.0,100.0,3602.6611009653016,6904.5,all_outpatient_procedures_reporting_proxy,not_yet_filtered_by_sigtap
354460,3,3,3,3,1483,11662.0,4762.399999999996,3,5112.0,100.0,2281.298904538341,3887.3333333333335,all_outpatient_procedures_reporting_proxy,not_yet_filtered_by_sigtap
354470,1,1,1,1,243,1449.0,9684.790000000005,1,2474.0,100.0,585.6911883589329,1449.0,all_outpatient_procedures_reporting_proxy,not_yet_filtered_by_sigtap
354480,3,3,3,3,6251,23592.0,42360.98000000016,3,6437.0,100.0,3665.061363989436,7864.0,all_outpatient_procedures_reporting_proxy,not_yet_filtered_by_sigtap
354490,5,4,1,1,82,5146.0,33041.89000000001,1,11411.0,25.0,450.9683638594339,5146.0,all_outpatient_procedures_reporting_proxy,not_yet_filtered_by_sigtap
354500,2,2,2,2,172,5331.0,33344.12,2,15202.0,100.0,350.6775424286278,2665.5,all_outpatient_procedures_reporting_proxy,not_yet_filtered_by_sigtap
354510,3,3,0,0,0,0.0,0.0,0,4808.0,0.0,0.0,,all_outpatient_procedures_reporting_proxy,not_yet_filtered_by_sigtap
354515,2,2,2,2,7384,44240.0,123979.1999999975,2,8161.0,100.0,5420.904300943512,22120.0,all_outpatient_procedures_reporting_proxy,not_yet_filtered_by_sigtap
354520,13,10,0,0,0,0.0,0.0,0,134319.0,0.0,0.0,,all_outpatient_procedures_reporting_proxy,not_yet_filtered_by_sigtap
354530,11,10,9,9,441,1124.0,1335.6000000000001,9,43748.0,90.0,25.69260309042699,124.88888888888889,all_outpatient_procedures_reporting_proxy,not_yet_filtered_by_sigtap
354540,3,3,1,1,727,826.0,8633.669999999975,1,9050.0,33.33333333333333,91.2707182320442,826.0,all_outpatient_procedures_reporting_proxy,not_yet_filtered_by_sigtap
354550,2,2,1,1,560,560.0,3476.610000000003,1,3645.0,50.0,153.63511659807958,560.0,all_outpatient_procedures_reporting_proxy,not_yet_filtered_by_sigtap
354560,5,5,5,5,5837,31614.0,71076.83999999757,5,14018.0,100.0,2255.2432586674277,6322.8,all_outpatient_procedures_reporting_proxy,not_yet_filtered_by_sigtap
354570,2,2,2,2,2119,12718.0,67089.98000000019,2,6393.0,100.0,1989.3633661817614,6359.0,all_outpatient_procedures_reporting_proxy,not_yet_filtered_by_sigtap
354580,19,18,18,18,15109,48555.0,31893.310000000005,18,183347.0,100.0,264.8257129923042,2697.5,all_outpatient_procedures_reporting_proxy,not_yet_filtered_by_sigtap
354600,9,2,0,0,0,0.0,0.0,0,13975.0,0.0,0.0,,all_outpatient_procedures_reporting_proxy,not_yet_filtered_by_sigtap
354610,1,1,1,1,559,2975.0,16162.350000000077,1,2598.0,100.0,1145.111624326405,2975.0,all_outpatient_procedures_reporting_proxy,not_yet_filtered_by_sigtap
354620,2,2,2,2,649,9857.0,42011.46000000001,2,4277.0,100.0,2304.6527940144965,4928.5,all_outpatient_procedures_reporting_proxy,not_yet_filtered_by_sigtap
354625,2,2,0,0,0,0.0,0.0,0,2116.0,0.0,0.0,,all_outpatient_procedures_reporting_proxy,not_yet_filtered_by_sigtap
354630,6,6,6,6,3691,25314.0,77423.43999999986,6,28864.0,100.0,877.0094235033259,4219.0,all_outpatient_procedures_reporting_proxy,not_yet_filtered_by_sigtap
354640,11,10,2,2,1587,2806.0,86465.78999999884,2,46442.0,20.0,60.41944791352655,1403.0,all_outpatient_procedures_reporting_proxy,not_yet_filtered_by_sigtap
354650,1,1,1,1,78,434.0,4467.390000000005,1,6118.0,100.0,70.93821510297482,434.0,all_outpatient_procedures_reporting_proxy,not_yet_filtered_by_sigtap
354660,9,9,9,9,30236,31706.0,2155.2699999999973,9,34794.0,100.0,911.2490659309076,3522.8888888888887,all_outpatient_procedures_reporting_proxy,not_yet_filtered_by_sigtap
354670,5,5,0,0,0,0.0,0.0,0,23611.0,0.0,0.0,,all_outpatient_procedures_reporting_proxy,not_yet_filtered_by_sigtap
354680,12,12,1,1,112,112.0,5040.0,1,53174.0,8.333333333333332,2.106292548990108,112.0,all_outpatient_procedures_reporting_proxy,not_yet_filtered_by_sigtap
354690,2,2,1,1,2,1811.0,0.0,1,7149.0,50.0,253.3221429570569,1811.0,all_outpatient_procedures_reporting_proxy,not_yet_filtered_by_sigtap
354700,2,2,2,2,2693,7908.0,29297.21000000004,2,5243.0,100.0,1508.2967766545871,3954.0,all_outpatient_procedures_reporting_proxy,not_yet_filtered_by_sigtap
354710,2,2,2,2,665,1770.0,12725.129999999994,2,2956.0,100.0,598.7821380243572,885.0,all_outpatient_procedures_reporting_proxy,not_yet_filtered_by_sigtap
354720,1,1,1,1,1015,4081.0,27487.110000000062,1,1670.0,100.0,2443.7125748502995,4081.0,all_outpatient_procedures_reporting_proxy,not_yet_filtered_by_sigtap
354730,14,12,12,12,17785,90128.0,152452.88999999897,12,154105.0,100.0,584.8479932513546,7510.666666666667,all_outpatient_procedures_reporting_proxy,not_yet_filtered_by_sigtap
354740,1,1,1,1,909,5632.0,32221.709999999854,1,2733.0,100.0,2060.7391145261618,5632.0,all_outpatient_procedures_reporting_proxy,not_yet_filtered_by_sigtap
354750,6,6,6,6,4019,39180.0,92061.44999999976,6,24833.0,100.0,1577.7392985140739,6530.0,all_outpatient_procedures_reporting_proxy,not_yet_filtered_by_sigtap
354760,5,4,1,1,39,41.0,2651.28,1,23411.0,25.0,1.7513134851138354,41.0,all_outpatient_procedures_reporting_proxy,not_yet_filtered_by_sigtap
354765,1,1,1,1,645,4928.0,28880.98000000013,1,1645.0,100.0,2995.7446808510635,4928.0,all_outpatient_procedures_reporting_proxy,not_yet_filtered_by_sigtap
354770,6,6,0,0,0,0.0,0.0,0,17963.0,0.0,0.0,,all_outpatient_procedures_reporting_proxy,not_yet_filtered_by_sigtap
354780,38,38,35,35,51832,204410.0,10409.97,35,748919.0,92.10526315789474,272.9400642793146,5840.285714285715,all_outpatient_procedures_reporting_proxy,not_yet_filtered_by_sigtap
354790,5,5,4,4,289,1232.0,1738.47,4,6775.0,80.0,181.8450184501845,308.0,all_outpatient_procedures_reporting_proxy,not_yet_filtered_by_sigtap
354800,7,6,0,0,0,0.0,0.0,0,23244.0,0.0,0.0,,all_outpatient_procedures_reporting_proxy,not_yet_filtered_by_sigtap
354805,1,1,0,0,0,0.0,0.0,0,8379.0,0.0,0.0,,all_outpatient_procedures_reporting_proxy,not_yet_filtered_by_sigtap
354810,2,2,0,0,0,0.0,0.0,0,6126.0,0.0,0.0,,all_outpatient_procedures_reporting_proxy,not_yet_filtered_by_sigtap
354820,1,1,1,1,277,5559.0,24053.640000000007,1,7133.0,100.0,779.3354829664938,5559.0,all_outpatient_procedures_reporting_proxy,not_yet_filtered_by_sigtap
354830,2,2,1,1,64,78.0,707.25,1,3000.0,50.0,26.0,78.0,all_outpatient_procedures_reporting_proxy,not_yet_filtered_by_sigtap
354840,1,1,1,1,4000,19013.0,21655.450000000405,1,3899.0,100.0,4876.378558604771,19013.0,all_outpatient_procedures_reporting_proxy,not_yet_filtered_by_sigtap
354850,38,37,35,35,30207,204642.0,52645.46000000017,35,418608.0,94.5945945945946,488.86308909528725,5846.914285714286,all_outpatient_procedures_reporting_proxy,not_yet_filtered_by_sigtap
354860,2,2,1,1,27,493.0,7101.9,1,11674.0,50.0,42.23059790988522,493.0,all_outpatient_procedures_reporting_proxy,not_yet_filtered_by_sigtap
354870,38,37,35,35,61960,418016.0,47151.57,35,810729.0,94.5945945945946,515.6050912203708,11943.314285714287,all_outpatient_procedures_reporting_proxy,not_yet_filtered_by_sigtap
354880,16,14,14,14,16546,109181.0,7773.62,14,165655.0,100.0,659.0866560019317,7798.642857142857,all_outpatient_procedures_reporting_proxy,not_yet_filtered_by_sigtap
354890,35,34,0,0,0,0.0,0.0,0,254857.0,0.0,0.0,,all_outpatient_procedures_reporting_proxy,not_yet_filtered_by_sigtap
354900,2,2,2,2,1226,6397.0,7578.169999999951,2,2602.0,100.0,2458.4934665641813,3198.5,all_outpatient_procedures_reporting_proxy,not_yet_filtered_by_sigtap
354910,14,14,14,14,22999,81261.0,8890.83,14,92547.0,100.0,878.0511523874355,5804.357142857143,all_outpatient_procedures_reporting_proxy,not_yet_filtered_by_sigtap
354920,1,1,1,1,282,2447.0,14072.890000000038,1,2580.0,100.0,948.4496124031008,2447.0,all_outpatient_procedures_reporting_proxy,not_yet_filtered_by_sigtap
354925,2,2,0,0,0,0.0,0.0,0,1846.0,0.0,0.0,,all_outpatient_procedures_reporting_proxy,not_yet_filtered_by_sigtap
354930,1,1,1,1,487,6785.0,199.75,1,2242.0,100.0,3026.315789473684,6785.0,all_outpatient_procedures_reporting_proxy,not_yet_filtered_by_sigtap
354940,11,10,10,10,4368,35336.0,6252.180000000001,10,48558.0,100.0,727.7070719551875,3533.6,all_outpatient_procedures_reporting_proxy,not_yet_filtered_by_sigtap
354950,5,5,0,0,0,0.0,0.0,0,7626.0,0.0,0.0,,all_outpatient_procedures_reporting_proxy,not_yet_filtered_by_sigtap
354960,1,1,0,0,0,0.0,0.0,0,3853.0,0.0,0.0,,all_outpatient_procedures_reporting_proxy,not_yet_filtered_by_sigtap
354970,11,10,1,1,42,42.0,1960.0,1,52205.0,10.0,0.8045206397854612,42.0,all_outpatient_procedures_reporting_proxy,not_yet_filtered_by_sigtap
354980,33,33,29,29,45140,287082.0,5662.66,29,480393.0,87.87878787878788,597.5982164602731,9899.379310344828,all_outpatient_procedures_reporting_proxy,not_yet_filtered_by_sigtap
354990,40,40,0,0,0,0.0,0.0,0,697054.0,0.0,0.0,,all_outpatient_procedures_reporting_proxy,not_yet_filtered_by_sigtap
354995,3,3,0,0,0,0.0,0.0,0,16067.0,0.0,0.0,,all_outpatient_procedures_reporting_proxy,not_yet_filtered_by_sigtap
355000,4,4,1,1,69,240.0,0.0,1,10337.0,25.0,23.217567959756217,240.0,all_outpatient_procedures_reporting_proxy,not_yet_filtered_by_sigtap
355010,8,7,1,1,6,12.0,59.4,1,37289.0,14.285714285714285,0.32181072166054336,12.0,all_outpatient_procedures_reporting_proxy,not_yet_filtered_by_sigtap
355020,15,10,9,9,2788,215984.0,2727.37,9,32039.0,90.0,6741.284060051812,23998.222222222223,all_outpatient_procedures_reporting_proxy,not_yet_filtered_by_sigtap
355030,645,541,0,0,0,0.0,0.0,0,11451999.0,0.0,0.0,,all_outpatient_procedures_reporting_proxy,not_yet_filtered_by_sigtap
355040,11,10,10,10,4431,28749.0,4902.4400000000005,10,38256.0,100.0,751.4899623588457,2874.9,all_outpatient_procedures_reporting_proxy,not_yet_filtered_by_sigtap
355050,4,4,1,1,357,7709.0,48909.4699999999,1,7217.0,25.0,1068.1723707911874,7709.0,all_outpatient_procedures_reporting_proxy,not_yet_filtered_by_sigtap
355060,13,13,2,2,218,332.0,5460.949999999979,2,79484.0,15.384615384615385,4.176941271199235,166.0,all_outpatient_procedures_reporting_proxy,not_yet_filtered_by_sigtap
355070,29,29,2,2,31,2250.0,11959.64,2,81595.0,6.896551724137931,27.575219069795946,1125.0,all_outpatient_procedures_reporting_proxy,not_yet_filtered_by_sigtap
355080,6,5,1,1,58,3399.0,15302.52,1,10441.0,20.0,325.5435303131884,3399.0,all_outpatient_procedures_reporting_proxy,not_yet_filtered_by_sigtap
355090,6,3,3,3,2150,11770.0,18229.46999999996,3,13442.0,100.0,875.6137479541735,3923.3333333333335,all_outpatient_procedures_reporting_proxy,not_yet_filtered_by_sigtap
355100,31,29,16,16,1054,6428.0,2137.540000000001,16,329911.0,55.172413793103445,19.48404266605236,401.75,all_outpatient_procedures_reporting_proxy,not_yet_filtered_by_sigtap
355110,2,2,2,2,6604,25840.0,32703.61000000026,2,10369.0,100.0,2492.0435914745876,12920.0,all_outpatient_procedures_reporting_proxy,not_yet_filtered_by_sigtap
355120,1,1,1,1,152,2546.0,12849.699999999975,1,3704.0,100.0,687.365010799136,2546.0,all_outpatient_procedures_reporting_proxy,not_yet_filtered_by_sigtap
355130,1,1,1,1,767,17897.0,90956.31999999996,1,3130.0,100.0,5717.891373801917,17897.0,all_outpatient_procedures_reporting_proxy,not_yet_filtered_by_sigtap
355140,8,7,4,4,3372,22513.0,14532.60000000002,4,12746.0,57.14285714285714,1766.2796171347875,5628.25,all_outpatient_procedures_reporting_proxy,not_yet_filtered_by_sigtap
355150,8,7,0,0,0,0.0,0.0,0,43909.0,0.0,0.0,,all_outpatient_procedures_reporting_proxy,not_yet_filtered_by_sigtap
355160,10,10,10,10,6456,37795.0,12775.719999999996,10,29894.0,100.0,1264.300528534154,3779.5,all_outpatient_procedures_reporting_proxy,not_yet_filtered_by_sigtap
355170,14,9,9,9,34185,34403.0,2192.81,9,126887.0,100.0,271.1310063284655,3822.5555555555557,all_outpatient_procedures_reporting_proxy,not_yet_filtered_by_sigtap
355180,5,5,1,1,294,4262.0,16346.650000000032,1,12730.0,20.0,334.7996857816182,4262.0,all_outpatient_procedures_reporting_proxy,not_yet_filtered_by_sigtap
355190,3,3,0,0,0,0.0,0.0,0,14576.0,0.0,0.0,,all_outpatient_procedures_reporting_proxy,not_yet_filtered_by_sigtap
355200,3,3,0,0,0,0.0,0.0,0,6186.0,0.0,0.0,,all_outpatient_procedures_reporting_proxy,not_yet_filtered_by_sigtap
355210,15,15,0,0,0,0.0,0.0,0,40122.0,0.0,0.0,,all_outpatient_procedures_reporting_proxy,not_yet_filtered_by_sigtap
355220,33,33,0,0,0,0.0,0.0,0,723682.0,0.0,0.0,,all_outpatient_procedures_reporting_proxy,not_yet_filtered_by_sigtap
355230,2,2,2,2,3816,12634.0,26142.74000000006,2,7355.0,100.0,1717.7430319510536,6317.0,all_outpatient_procedures_reporting_proxy,not_yet_filtered_by_sigtap
355240,27,25,0,0,0,0.0,0.0,0,279545.0,0.0,0.0,,all_outpatient_procedures_reporting_proxy,not_yet_filtered_by_sigtap
355250,26,26,0,0,0,0.0,0.0,0,307429.0,0.0,0.0,,all_outpatient_procedures_reporting_proxy,not_yet_filtered_by_sigtap
355255,1,1,0,0,0,0.0,0.0,0,3408.0,0.0,0.0,,all_outpatient_procedures_reporting_proxy,not_yet_filtered_by_sigtap
355260,2,2,2,2,2021,13676.0,12206.660000000022,2,11323.0,100.0,1207.8071182548795,6838.0,all_outpatient_procedures_reporting_proxy,not_yet_filtered_by_sigtap
355270,5,5,1,1,208,9540.0,32615.500000000004,1,14769.0,20.0,645.9475929311395,9540.0,all_outpatient_procedures_reporting_proxy,not_yet_filtered_by_sigtap
355280,15,14,1,1,901,1550.0,44346.09999999969,1,273542.0,7.142857142857142,5.666405890137529,1550.0,all_outpatient_procedures_reporting_proxy,not_yet_filtered_by_sigtap
355290,4,4,1,1,590,5373.0,30506.94999999993,1,6260.0,25.0,858.3067092651758,5373.0,all_outpatient_procedures_reporting_proxy,not_yet_filtered_by_sigtap
355300,5,5,5,5,5967,42557.0,93894.45999999704,5,12669.0,100.0,3359.144368142711,8511.4,all_outpatient_procedures_reporting_proxy,not_yet_filtered_by_sigtap
355310,3,3,0,0,0,0.0,0.0,0,5677.0,0.0,0.0,,all_outpatient_procedures_reporting_proxy,not_yet_filtered_by_sigtap
355320,5,3,2,2,1396,28665.0,25154.780000000705,2,6548.0,66.66666666666666,4377.672571777642,14332.5,all_outpatient_procedures_reporting_proxy,not_yet_filtered_by_sigtap
355330,10,9,8,8,13347,18063.0,6373.11,8,21435.0,88.88888888888889,842.6871938418474,2257.875,all_outpatient_procedures_reporting_proxy,not_yet_filtered_by_sigtap
355340,9,9,2,2,379,2591.0,8376.199999999999,2,25265.0,22.22222222222222,102.55293884820898,1295.5,all_outpatient_procedures_reporting_proxy,not_yet_filtered_by_sigtap
355350,3,3,3,3,1887,10471.0,7050.2699999999895,3,7996.0,100.0,1309.5297648824412,3490.3333333333335,all_outpatient_procedures_reporting_proxy,not_yet_filtered_by_sigtap
355360,6,5,5,5,9207,9264.0,25926.32000000114,5,11816.0,100.0,784.0216655382533,1852.8,all_outpatient_procedures_reporting_proxy,not_yet_filtered_by_sigtap
355365,1,1,0,0,0,0.0,0.0,0,2619.0,0.0,0.0,,all_outpatient_procedures_reporting_proxy,not_yet_filtered_by_sigtap
355370,10,10,0,0,0,0.0,0.0,0,52260.0,0.0,0.0,,all_outpatient_procedures_reporting_proxy,not_yet_filtered_by_sigtap
355380,7,7,6,6,7558,47721.0,127819.86999999917,6,24350.0,85.71428571428571,1959.7946611909651,7953.5,all_outpatient_procedures_reporting_proxy,not_yet_filtered_by_sigtap
355385,3,3,3,3,127,4732.0,1220.0,3,6876.0,100.0,688.1908086096568,1577.3333333333333,all_outpatient_procedures_reporting_proxy,not_yet_filtered_by_sigtap
355395,4,4,4,4,3473,21872.0,1799.7799999999993,4,14882.0,100.0,1469.6949334766834,5468.0,all_outpatient_procedures_reporting_proxy,not_yet_filtered_by_sigtap
355400,21,19,19,19,26147,120507.0,15500.62000000003,19,123942.0,100.0,972.285423827274,6342.473684210527,all_outpatient_procedures_reporting_proxy,not_yet_filtered_by_sigtap
355410,58,49,0,0,0,0.0,0.0,0,310739.0,0.0,0.0,,all_outpatient_procedures_reporting_proxy,not_yet_filtered_by_sigtap
355420,3,3,0,0,0,0.0,0.0,0,4127.0,0.0,0.0,,all_outpatient_procedures_reporting_proxy,not_yet_filtered_by_sigtap
355430,12,12,11,11,4342,30584.0,7603.73,11,22173.0,91.66666666666666,1379.3352275289767,2780.3636363636365,all_outpatient_procedures_reporting_proxy,not_yet_filtered_by_sigtap
355440,5,5,0,0,0,0.0,0.0,0,7904.0,0.0,0.0,,all_outpatient_procedures_reporting_proxy,not_yet_filtered_by_sigtap
355450,6,6,0,0,0,0.0,0.0,0,37663.0,0.0,0.0,,all_outpatient_procedures_reporting_proxy,not_yet_filtered_by_sigtap
355460,1,1,1,1,7359,9358.0,35452.32000000033,1,2464.0,100.0,3797.8896103896104,9358.0,all_outpatient_procedures_reporting_proxy,not_yet_filtered_by_sigtap
355465,1,1,0,0,0,0.0,0.0,0,2046.0,0.0,0.0,,all_outpatient_procedures_reporting_proxy,not_yet_filtered_by_sigtap
355470,2,2,2,2,893,4094.0,0.0,2,9335.0,100.0,438.5645420460632,2047.0,all_outpatient_procedures_reporting_proxy,not_yet_filtered_by_sigtap
355475,1,1,1,1,67,244.0,950.0,1,1682.0,100.0,145.06539833531508,244.0,all_outpatient_procedures_reporting_proxy,not_yet_filtered_by_sigtap
355480,11,11,7,7,3513,38402.0,124252.11999999954,7,51173.0,63.63636363636363,750.4347996013523,5486.0,all_outpatient_procedures_reporting_proxy,not_yet_filtered_by_sigtap
355490,2,2,2,2,1249,5578.0,31058.50000000008,2,6804.0,100.0,819.811875367431,2789.0,all_outpatient_procedures_reporting_proxy,not_yet_filtered_by_sigtap
355495,1,1,1,1,96,143.0,1430.0,1,6778.0,100.0,21.09766892888758,143.0,all_outpatient_procedures_reporting_proxy,not_yet_filtered_by_sigtap
355500,16,15,2,2,2883,3398.0,2236.56,2,63928.0,13.333333333333334,53.15354774120886,1699.0,all_outpatient_procedures_reporting_proxy,not_yet_filtered_by_sigtap
355510,7,7,0,0,0,0.0,0.0,0,15854.0,0.0,0.0,,all_outpatient_procedures_reporting_proxy,not_yet_filtered_by_sigtap
355520,2,1,1,1,1591,8040.0,3459.82000000002,1,1818.0,100.0,4422.442244224422,8040.0,all_outpatient_procedures_reporting_proxy,not_yet_filtered_by_sigtap
355530,2,2,0,0,0,0.0,0.0,0,1669.0,0.0,0.0,,all_outpatient_procedures_reporting_proxy,not_yet_filtered_by_sigtap
355535,1,1,0,0,0,0.0,0.0,0,5365.0,0.0,0.0,,all_outpatient_procedures_reporting_proxy,not_yet_filtered_by_sigtap
355540,24,21,1,1,140,14617.0,79434.24000000006,1,92981.0,4.761904761904762,157.2041599896753,14617.0,all_outpatient_procedures_reporting_proxy,not_yet_filtered_by_sigtap
355550,2,2,2,2,17184,28719.0,22438.20999999995,2,5132.0,100.0,5596.063912704599,14359.5,all_outpatient_procedures_reporting_proxy,not_yet_filtered_by_sigtap
355560,3,3,1,1,118,4561.0,0.0,1,10394.0,33.33333333333333,438.8108524148547,4561.0,all_outpatient_procedures_reporting_proxy,not_yet_filtered_by_sigtap
355570,1,1,1,1,1724,8352.0,15733.939999999957,1,1603.0,100.0,5210.230817217716,8352.0,all_outpatient_procedures_reporting_proxy,not_yet_filtered_by_sigtap
355580,3,3,3,3,985,9205.0,55959.2099999999,3,8833.0,100.0,1042.1147967847844,3068.3333333333335,all_outpatient_procedures_reporting_proxy,not_yet_filtered_by_sigtap
355590,1,1,1,1,1957,5985.0,17.41,1,1387.0,100.0,4315.068493150685,5985.0,all_outpatient_procedures_reporting_proxy,not_yet_filtered_by_sigtap
355600,5,5,0,0,0,0.0,0.0,0,13744.0,0.0,0.0,,all_outpatient_procedures_reporting_proxy,not_yet_filtered_by_sigtap
355610,9,6,5,5,699,30287.0,136952.8200000001,5,14098.0,83.33333333333334,2148.3189104837566,6057.4,all_outpatient_procedures_reporting_proxy,not_yet_filtered_by_sigtap
355620,16,14,0,0,0,0.0,0.0,0,126373.0,0.0,0.0,,all_outpatient_procedures_reporting_proxy,not_yet_filtered_by_sigtap
355630,7,7,5,5,4309,27755.0,5687.729999999998,5,24241.0,71.42857142857143,1144.961016459717,5551.0,all_outpatient_procedures_reporting_proxy,not_yet_filtered_by_sigtap
355635,3,3,3,3,7159,16019.0,3763.0,3,10512.0,100.0,1523.8774733637747,5339.666666666667,all_outpatient_procedures_reporting_proxy,not_yet_filtered_by_sigtap
355640,9,7,7,7,2380,15859.0,8175.8499999999985,7,40133.0,100.0,395.16108937781877,2265.5714285714284,all_outpatient_procedures_reporting_proxy,not_yet_filtered_by_sigtap
355645,10,8,0,0,0,0.0,0.0,0,50415.0,0.0,0.0,,all_outpatient_procedures_reporting_proxy,not_yet_filtered_by_sigtap
355650,14,13,13,13,12236,60616.0,3521.599999999995,13,115771.0,100.0,523.5853538450907,4662.7692307692305,all_outpatient_procedures_reporting_proxy,not_yet_filtered_by_sigtap
355660,3,3,3,3,2591,14348.0,13992.37000000002,3,10176.0,100.0,1409.98427672956,4782.666666666667,all_outpatient_procedures_reporting_proxy,not_yet_filtered_by_sigtap
355670,9,8,8,8,4543,27566.0,13917.960000000006,8,76540.0,100.0,360.1515547426182,3445.75,all_outpatient_procedures_reporting_proxy,not_yet_filtered_by_sigtap
355680,5,5,0,0,0,0.0,0.0,0,17414.0,0.0,0.0,,all_outpatient_procedures_reporting_proxy,not_yet_filtered_by_sigtap
355690,3,2,0,0,0,0.0,0.0,0,8109.0,0.0,0.0,,all_outpatient_procedures_reporting_proxy,not_yet_filtered_by_sigtap
355695,1,1,1,1,593,3480.0,18229.25000000004,1,1794.0,100.0,1939.799331103679,3480.0,all_outpatient_procedures_reporting_proxy,not_yet_filtered_by_sigtap
355700,19,18,0,0,0,0.0,0.0,0,127923.0,0.0,0.0,,all_outpatient_procedures_reporting_proxy,not_yet_filtered_by_sigtap
355710,18,15,15,15,19266,110609.0,4659.239999999999,15,96634.0,100.0,1144.6178363722913,7373.933333333333,all_outpatient_procedures_reporting_proxy,not_yet_filtered_by_sigtap
355715,1,1,0,0,0,0.0,0.0,0,2692.0,0.0,0.0,,all_outpatient_procedures_reporting_proxy,not_yet_filtered_by_sigtap
355720,4,4,0,0,0,0.0,0.0,0,12211.0,0.0,0.0,,all_outpatient_procedures_reporting_proxy,not_yet_filtered_by_sigtap
355730,5,4,0,0,0,0.0,0.0,0,11295.0,0.0,0.0,,all_outpatient_procedures_reporting_proxy,not_yet_filtered_by_sigtap
410010,3,2,0,0,0,0.0,0.0,0,7241.0,0.0,0.0,,all_outpatient_procedures_reporting_proxy,not_yet_filtered_by_sigtap
410020,1,0,0,0,0,0.0,0.0,0,6256.0,,0.0,,no_active_ubs_denominator,not_yet_filtered_by_sigtap
410030,4,3,0,0,0,0.0,0.0,0,10233.0,0.0,0.0,,all_outpatient_procedures_reporting_proxy,not_yet_filtered_by_sigtap
410040,13,12,0,0,0,0.0,0.0,0,119825.0,0.0,0.0,,all_outpatient_procedures_reporting_proxy,not_yet_filtered_by_sigtap
410045,1,1,0,0,0,0.0,0.0,0,3590.0,0.0,0.0,,all_outpatient_procedures_reporting_proxy,not_yet_filtered_by_sigtap
410050,1,1,1,1,717,1873.0,4912.01,3,18742.0,100.0,99.93597268167751,1873.0,all_outpatient_procedures_reporting_proxy,not_yet_filtered_by_sigtap
410060,5,5,1,1,147,15571.0,69036.0,3,13909.0,20.0,1119.4909770652096,15571.0,all_outpatient_procedures_reporting_proxy,not_yet_filtered_by_sigtap
410070,4,4,2,2,2976,13742.0,4080.79,6,9727.0,50.0,1412.7685822967,6871.0,all_outpatient_procedures_reporting_proxy,not_yet_filtered_by_sigtap
410080,4,4,4,4,1696,13197.0,8532.029999999999,4,10326.0,100.0,1278.036025566531,3299.25,all_outpatient_procedures_reporting_proxy,not_yet_filtered_by_sigtap
410090,3,3,1,1,59,669.0,1809.6,3,4762.0,33.33333333333333,140.48719025619488,669.0,all_outpatient_procedures_reporting_proxy,not_yet_filtered_by_sigtap
410100,7,5,5,5,18893,110054.0,231013.1999999984,15,19620.0,100.0,5609.27624872579,22010.8,all_outpatient_procedures_reporting_proxy,not_yet_filtered_by_sigtap
410105,2,2,2,2,2510,14231.0,939.0,4,2918.0,100.0,4876.970527758739,7115.5,all_outpatient_procedures_reporting_proxy,not_yet_filtered_by_sigtap
410110,8,8,1,1,464,1266.0,8180.0,3,19878.0,12.5,63.688499849079385,1266.0,all_outpatient_procedures_reporting_proxy,not_yet_filtered_by_sigtap
410115,1,1,0,0,0,0.0,0.0,0,3235.0,0.0,0.0,,all_outpatient_procedures_reporting_proxy,not_yet_filtered_by_sigtap
410120,5,5,0,0,0,0.0,0.0,0,18091.0,0.0,0.0,,all_outpatient_procedures_reporting_proxy,not_yet_filtered_by_sigtap
410140,35,33,31,31,7739,18417.0,47446.23999999998,91,130134.0,93.93939393939394,141.52335285167598,594.0967741935484,all_outpatient_procedures_reporting_proxy,not_yet_filtered_by_sigtap
410150,31,31,30,30,269357,284026.0,16747.819999999996,90,119138.0,96.7741935483871,2384.0084607765784,9467.533333333333,all_outpatient_procedures_reporting_proxy,not_yet_filtered_by_sigtap
410160,13,7,7,7,12147,90775.0,0.0,21,25777.0,100.0,3521.550219187648,12967.857142857143,all_outpatient_procedures_reporting_proxy,not_yet_filtered_by_sigtap
410165,2,1,0,0,0,0.0,0.0,0,3527.0,0.0,0.0,,all_outpatient_procedures_reporting_proxy,not_yet_filtered_by_sigtap
410170,1,1,1,1,796,3339.0,0.0,3,14485.0,100.0,230.51432516396272,3339.0,all_outpatient_procedures_reporting_proxy,not_yet_filtered_by_sigtap
410180,19,19,18,18,78550,749932.0,13727.74,54,151666.0,94.73684210526315,4944.628328036607,41662.88888888889,all_outpatient_procedures_reporting_proxy,not_yet_filtered_by_sigtap
410185,1,1,0,0,0,0.0,0.0,0,2329.0,0.0,0.0,,all_outpatient_procedures_reporting_proxy,not_yet_filtered_by_sigtap
410190,3,3,1,1,146,10407.0,55424.66,3,13797.0,33.33333333333333,754.2944118286584,10407.0,all_outpatient_procedures_reporting_proxy,not_yet_filtered_by_sigtap
410200,13,13,10,10,15516,92421.0,10430.099999999999,29,36808.0,76.92307692307693,2510.894370788959,9242.1,all_outpatient_procedures_reporting_proxy,not_yet_filtered_by_sigtap
410210,8,7,1,1,2076,34175.0,221716.50999999937,3,25475.0,14.285714285714285,1341.5112855740922,34175.0,all_outpatient_procedures_reporting_proxy,not_yet_filtered_by_sigtap
410220,2,2,2,2,2738,19752.0,0.0,4,3980.0,100.0,4962.814070351759,9876.0,all_outpatient_procedures_reporting_proxy,not_yet_filtered_by_sigtap
410230,7,7,0,0,0,0.0,0.0,0,13395.0,0.0,0.0,,all_outpatient_procedures_reporting_proxy,not_yet_filtered_by_sigtap
410240,11,8,8,8,319,2652.0,24329.4,15,31273.0,100.0,84.80158603267995,331.5,all_outpatient_procedures_reporting_proxy,not_yet_filtered_by_sigtap
410250,7,6,1,1,996,996.0,4775.6400000000085,3,10795.0,16.666666666666664,92.26493747105141,996.0,all_outpatient_procedures_reporting_proxy,not_yet_filtered_by_sigtap
410260,4,4,4,4,7960,41500.0,14630.98000000003,12,9759.0,100.0,4252.48488574649,10375.0,all_outpatient_procedures_reporting_proxy,not_yet_filtered_by_sigtap
410270,2,2,0,0,0,0.0,0.0,0,2814.0,0.0,0.0,,all_outpatient_procedures_reporting_proxy,not_yet_filtered_by_sigtap
410275,1,1,1,1,6611,35592.0,97427.98999999954,3,4031.0,100.0,8829.57082609774,35592.0,all_outpatient_procedures_reporting_proxy,not_yet_filtered_by_sigtap
410280,5,3,2,2,1768,2520.0,29405.05000000007,6,14833.0,66.66666666666666,169.89145823501653,1260.0,all_outpatient_procedures_reporting_proxy,not_yet_filtered_by_sigtap
410290,5,5,1,1,8,8.0,1800.0,1,15533.0,20.0,0.5150325114272839,8.0,all_outpatient_procedures_reporting_proxy,not_yet_filtered_by_sigtap
410300,1,1,0,0,0,0.0,0.0,0,4558.0,0.0,0.0,,all_outpatient_procedures_reporting_proxy,not_yet_filtered_by_sigtap
410302,2,2,2,2,3570,33157.0,59230.23999999994,6,2455.0,100.0,13505.90631364562,16578.5,all_outpatient_procedures_reporting_proxy,not_yet_filtered_by_sigtap
410304,3,1,0,0,0,0.0,0.0,0,6378.0,0.0,0.0,,all_outpatient_procedures_reporting_proxy,not_yet_filtered_by_sigtap
410305,6,6,4,4,7841,33661.0,16829.59,12,7924.0,66.66666666666666,4247.980817768804,8415.25,all_outpatient_procedures_reporting_proxy,not_yet_filtered_by_sigtap
410310,4,3,3,3,8639,22610.0,3397.4100000000017,9,13299.0,100.0,1700.1278291600872,7536.666666666667,all_outpatient_procedures_reporting_proxy,not_yet_filtered_by_sigtap
410315,1,1,1,1,2557,23254.0,5742.0500000000175,3,3980.0,100.0,5842.713567839196,23254.0,all_outpatient_procedures_reporting_proxy,not_yet_filtered_by_sigtap
410320,4,4,1,1,42,6126.0,0.0,3,6581.0,25.0,930.8615711897887,6126.0,all_outpatient_procedures_reporting_proxy,not_yet_filtered_by_sigtap
410322,3,2,2,2,3234,21534.0,20595.680000000044,4,3202.0,100.0,6725.171767645222,10767.0,all_outpatient_procedures_reporting_proxy,not_yet_filtered_by_sigtap
410330,3,3,0,0,0,0.0,0.0,0,7735.0,0.0,0.0,,all_outpatient_procedures_reporting_proxy,not_yet_filtered_by_sigtap
410335,1,1,1,1,831,7188.0,23100.55,1,4854.0,100.0,1480.840543881335,7188.0,all_outpatient_procedures_reporting_proxy,not_yet_filtered_by_sigtap
410337,2,2,0,0,0,0.0,0.0,0,3708.0,0.0,0.0,,all_outpatient_procedures_reporting_proxy,not_yet_filtered_by_sigtap
410340,1,1,0,0,0,0.0,0.0,0,2627.0,0.0,0.0,,all_outpatient_procedures_reporting_proxy,not_yet_filtered_by_sigtap
410345,5,4,0,0,0,0.0,0.0,0,18997.0,0.0,0.0,,all_outpatient_procedures_reporting_proxy,not_yet_filtered_by_sigtap
410347,3,2,0,0,0,0.0,0.0,0,4473.0,0.0,0.0,,all_outpatient_procedures_reporting_proxy,not_yet_filtered_by_sigtap
410350,3,3,2,2,2166,18508.0,0.0,6,8710.0,66.66666666666666,2124.913892078071,9254.0,all_outpatient_procedures_reporting_proxy,not_yet_filtered_by_sigtap
410370,13,12,0,0,0,0.0,0.0,0,107208.0,0.0,0.0,,all_outpatient_procedures_reporting_proxy,not_yet_filtered_by_sigtap
410380,2,2,1,1,81,81.0,18225.0,3,9460.0,50.0,8.562367864693446,81.0,all_outpatient_procedures_reporting_proxy,not_yet_filtered_by_sigtap
410390,9,7,0,0,0,0.0,0.0,0,15723.0,0.0,0.0,,all_outpatient_procedures_reporting_proxy,not_yet_filtered_by_sigtap
410395,3,3,0,0,0,0.0,0.0,0,3936.0,0.0,0.0,,all_outpatient_procedures_reporting_proxy,not_yet_filtered_by_sigtap
410400,8,8,0,0,0,0.0,0.0,0,47825.0,0.0,0.0,,all_outpatient_procedures_reporting_proxy,not_yet_filtered_by_sigtap
410405,3,3,0,0,0,0.0,0.0,0,4027.0,0.0,0.0,,all_outpatient_procedures_reporting_proxy,not_yet_filtered_by_sigtap
410410,4,4,1,1,81,5651.0,60761.1,3,7508.0,25.0,752.6638252530635,5651.0,all_outpatient_procedures_reporting_proxy,not_yet_filtered_by_sigtap
410420,20,20,0,0,0,0.0,0.0,0,136327.0,0.0,0.0,,all_outpatient_procedures_reporting_proxy,not_yet_filtered_by_sigtap
410425,7,7,7,7,13814,152170.0,450135.8500000006,21,30160.0,100.0,5045.424403183024,21738.571428571428,all_outpatient_procedures_reporting_proxy,not_yet_filtered_by_sigtap
410430,27,19,18,18,40149,202641.0,99171.51000000002,54,99432.0,94.73684210526315,2037.9857591117548,11257.833333333334,all_outpatient_procedures_reporting_proxy,not_yet_filtered_by_sigtap
410440,5,5,1,1,82,82.0,18450.0,3,15244.0,20.0,5.379165573340331,82.0,all_outpatient_procedures_reporting_proxy,not_yet_filtered_by_sigtap
410442,2,2,2,2,5345,26045.0,127228.46000000084,4,14973.0,100.0,1739.4643691978895,13022.5,all_outpatient_procedures_reporting_proxy,not_yet_filtered_by_sigtap
410445,4,4,0,0,0,0.0,0.0,0,10933.0,0.0,0.0,,all_outpatient_procedures_reporting_proxy,not_yet_filtered_by_sigtap
410450,2,2,0,0,0,0.0,0.0,0,20481.0,0.0,0.0,,all_outpatient_procedures_reporting_proxy,not_yet_filtered_by_sigtap
410460,2,2,0,0,0,0.0,0.0,0,14648.0,0.0,0.0,,all_outpatient_procedures_reporting_proxy,not_yet_filtered_by_sigtap
410465,1,1,0,0,0,0.0,0.0,0,23283.0,0.0,0.0,,all_outpatient_procedures_reporting_proxy,not_yet_filtered_by_sigtap
410470,4,3,0,0,0,0.0,0.0,0,16905.0,0.0,0.0,,all_outpatient_procedures_reporting_proxy,not_yet_filtered_by_sigtap
410480,51,51,49,49,37495,269532.0,5088.05,49,348051.0,96.07843137254902,774.4037511743968,5500.65306122449,all_outpatient_procedures_reporting_proxy,not_yet_filtered_by_sigtap
410490,24,22,0,0,0,0.0,0.0,0,73075.0,0.0,0.0,,all_outpatient_procedures_reporting_proxy,not_yet_filtered_by_sigtap
410500,6,5,0,0,0,0.0,0.0,0,10446.0,0.0,0.0,,all_outpatient_procedures_reporting_proxy,not_yet_filtered_by_sigtap
410510,5,5,1,1,1074,3782.0,17007.890000000047,3,10832.0,20.0,349.1506646971935,3782.0,all_outpatient_procedures_reporting_proxy,not_yet_filtered_by_sigtap
410520,16,15,0,0,0,0.0,0.0,0,16134.0,0.0,0.0,,all_outpatient_procedures_reporting_proxy,not_yet_filtered_by_sigtap
410530,4,4,4,4,8625,30057.0,46.0,11,11087.0,100.0,2711.0128979886354,7514.25,all_outpatient_procedures_reporting_proxy,not_yet_filtered_by_sigtap
410540,3,3,3,3,20032,95851.0,124850.67000000124,9,21085.0,100.0,4545.933127815983,31950.333333333332,all_outpatient_procedures_reporting_proxy,not_yet_filtered_by_sigtap
410550,17,15,0,0,0,0.0,0.0,0,79527.0,0.0,0.0,,all_outpatient_procedures_reporting_proxy,not_yet_filtered_by_sigtap
410560,5,4,4,4,5515,58414.0,0.0,12,11467.0,100.0,5094.096101857504,14603.5,all_outpatient_procedures_reporting_proxy,not_yet_filtered_by_sigtap
410570,2,1,1,1,662,2538.0,1785.4999999999998,3,15070.0,100.0,168.4140676841407,2538.0,all_outpatient_procedures_reporting_proxy,not_yet_filtered_by_sigtap
410580,25,25,25,25,70614,485220.0,0.0,75,232212.0,100.0,2089.556095292233,19408.8,all_outpatient_procedures_reporting_proxy,not_yet_filtered_by_sigtap
410590,6,6,6,6,2871,627367.0,37496.159999999996,18,22896.0,100.0,27400.7250174703,104561.16666666667,all_outpatient_procedures_reporting_proxy,not_yet_filtered_by_sigtap
410600,1,1,0,0,0,0.0,0.0,0,8320.0,0.0,0.0,,all_outpatient_procedures_reporting_proxy,not_yet_filtered_by_sigtap
410610,2,1,0,0,0,0.0,0.0,0,3461.0,0.0,0.0,,all_outpatient_procedures_reporting_proxy,not_yet_filtered_by_sigtap
410620,5,4,2,2,292,25411.0,141434.38000000003,6,19128.0,50.0,1328.4713508992054,12705.5,all_outpatient_procedures_reporting_proxy,not_yet_filtered_by_sigtap
410630,6,6,6,6,21020,68227.0,22264.42,17,17470.0,100.0,3905.3806525472237,11371.166666666666,all_outpatient_procedures_reporting_proxy,not_yet_filtered_by_sigtap
410640,13,13,1,1,218,4772.0,19092.56,3,45206.0,7.6923076923076925,105.56120868911206,4772.0,all_outpatient_procedures_reporting_proxy,not_yet_filtered_by_sigtap
410645,6,6,1,1,10562,35117.0,55131.93999999961,3,5649.0,16.666666666666664,6216.498495308904,35117.0,all_outpatient_procedures_reporting_proxy,not_yet_filtered_by_sigtap
410650,10,10,10,10,13064,62163.0,43160.300000000054,30,23331.0,100.0,2664.3950109296647,6216.3,all_outpatient_procedures_reporting_proxy,not_yet_filtered_by_sigtap
410655,1,1,1,1,1202,8054.0,5697.379999999997,2,3760.0,100.0,2142.021276595745,8054.0,all_outpatient_procedures_reporting_proxy,not_yet_filtered_by_sigtap
410657,1,1,1,1,12215,45015.0,151119.57999999935,3,4133.0,100.0,10891.604161625937,45015.0,all_outpatient_procedures_reporting_proxy,not_yet_filtered_by_sigtap
410660,4,4,0,0,0,0.0,0.0,0,23831.0,0.0,0.0,,all_outpatient_procedures_reporting_proxy,not_yet_filtered_by_sigtap
410670,1,1,1,1,996,6096.0,1673.9299999999998,2,4494.0,100.0,1356.475300400534,6096.0,all_outpatient_procedures_reporting_proxy,not_yet_filtered_by_sigtap
410680,6,3,3,3,4106,21499.0,0.0,9,15978.0,100.0,1345.5376142195519,7166.333333333333,all_outpatient_procedures_reporting_proxy,not_yet_filtered_by_sigtap
410685,1,1,0,0,0,0.0,0.0,0,2892.0,0.0,0.0,,all_outpatient_procedures_reporting_proxy,not_yet_filtered_by_sigtap
410690,135,111,109,109,303596,3911224.0,95878.7,327,1773718.0,98.1981981981982,2205.099119476715,35882.78899082569,all_outpatient_procedures_reporting_proxy,not_yet_filtered_by_sigtap
410700,1,1,1,1,2261,2584.0,0.0,1,13647.0,100.0,189.345643731223,2584.0,all_outpatient_procedures_reporting_proxy,not_yet_filtered_by_sigtap
410710,2,2,0,0,0,0.0,0.0,0,5142.0,0.0,0.0,,all_outpatient_procedures_reporting_proxy,not_yet_filtered_by_sigtap
410712,2,2,0,0,0,0.0,0.0,0,3171.0,0.0,0.0,,all_outpatient_procedures_reporting_proxy,not_yet_filtered_by_sigtap
410715,1,1,0,0,0,0.0,0.0,0,4557.0,0.0,0.0,,all_outpatient_procedures_reporting_proxy,not_yet_filtered_by_sigtap
410720,18,18,18,18,43577,248838.0,331095.93999999535,52,44869.0,100.0,5545.878000401168,13824.333333333334,all_outpatient_procedures_reporting_proxy,not_yet_filtered_by_sigtap
410725,4,3,3,3,2980,17562.0,6474.200000000004,6,9161.0,100.0,1917.0396244951423,5854.0,all_outpatient_procedures_reporting_proxy,not_yet_filtered_by_sigtap
410730,5,4,0,0,0,0.0,0.0,0,6327.0,0.0,0.0,,all_outpatient_procedures_reporting_proxy,not_yet_filtered_by_sigtap
410740,1,1,1,1,2161,16048.0,6988.289999999998,3,5999.0,100.0,2675.1125187531256,16048.0,all_outpatient_procedures_reporting_proxy,not_yet_filtered_by_sigtap
410750,6,6,6,6,7740,49285.0,25290.0,16,12454.0,100.0,3957.363096193994,8214.166666666666,all_outpatient_procedures_reporting_proxy,not_yet_filtered_by_sigtap
410752,1,1,0,0,0,0.0,0.0,0,1849.0,0.0,0.0,,all_outpatient_procedures_reporting_proxy,not_yet_filtered_by_sigtap
410753,1,1,0,0,0,0.0,0.0,0,4575.0,0.0,0.0,,all_outpatient_procedures_reporting_proxy,not_yet_filtered_by_sigtap
410754,3,3,0,0,0,0.0,0.0,0,4797.0,0.0,0.0,,all_outpatient_procedures_reporting_proxy,not_yet_filtered_by_sigtap
410755,3,3,0,0,0,0.0,0.0,0,3039.0,0.0,0.0,,all_outpatient_procedures_reporting_proxy,not_yet_filtered_by_sigtap
410760,7,7,3,3,198,20592.0,0.0,9,16389.0,42.857142857142854,1256.4524986271279,6864.0,all_outpatient_procedures_reporting_proxy,not_yet_filtered_by_sigtap
410765,14,14,0,0,0,0.0,0.0,0,148873.0,0.0,0.0,,all_outpatient_procedures_reporting_proxy,not_yet_filtered_by_sigtap
410770,1,1,0,0,0,0.0,0.0,0,4492.0,0.0,0.0,,all_outpatient_procedures_reporting_proxy,not_yet_filtered_by_sigtap
410773,1,1,0,0,0,0.0,0.0,0,6255.0,0.0,0.0,,all_outpatient_procedures_reporting_proxy,not_yet_filtered_by_sigtap
410775,4,3,0,0,0,0.0,0.0,0,8062.0,0.0,0.0,,all_outpatient_procedures_reporting_proxy,not_yet_filtered_by_sigtap
410780,3,3,0,0,0,0.0,0.0,0,4792.0,0.0,0.0,,all_outpatient_procedures_reporting_proxy,not_yet_filtered_by_sigtap
410785,2,2,1,1,956,8700.0,59460.74,3,4364.0,50.0,1993.5838680109991,8700.0,all_outpatient_procedures_reporting_proxy,not_yet_filtered_by_sigtap
410790,4,3,2,2,51,3553.0,9646.749999999998,2,10458.0,66.66666666666666,339.73991202906865,1776.5,all_outpatient_procedures_reporting_proxy,not_yet_filtered_by_sigtap
410800,4,4,1,1,62,62.0,13950.0,2,11446.0,25.0,5.4167394723047355,62.0,all_outpatient_procedures_reporting_proxy,not_yet_filtered_by_sigtap
410810,1,1,0,0,0,0.0,0.0,0,2652.0,0.0,0.0,,all_outpatient_procedures_reporting_proxy,not_yet_filtered_by_sigtap
410820,1,1,0,0,0,0.0,0.0,0,7635.0,0.0,0.0,,all_outpatient_procedures_reporting_proxy,not_yet_filtered_by_sigtap
410830,42,32,3,3,2753,14435.0,58957.670000000006,9,285415.0,9.375,50.57547781300912,4811.666666666667,all_outpatient_procedures_reporting_proxy,not_yet_filtered_by_sigtap
410832,4,3,3,3,4972,27102.0,0.0,9,8116.0,100.0,3339.329719073435,9034.0,all_outpatient_procedures_reporting_proxy,not_yet_filtered_by_sigtap
410840,21,21,0,0,0,0.0,0.0,0,96666.0,0.0,0.0,,all_outpatient_procedures_reporting_proxy,not_yet_filtered_by_sigtap
410845,2,2,2,2,2223,15435.0,0.0,4,4926.0,100.0,3133.373934226553,7717.5,all_outpatient_procedures_reporting_proxy,not_yet_filtered_by_sigtap
410850,5,3,3,3,5823,19481.0,0.0,9,11062.0,100.0,1761.0739468450552,6493.666666666667,all_outpatient_procedures_reporting_proxy,not_yet_filtered_by_sigtap
410855,2,2,0,0,0,0.0,0.0,0,2977.0,0.0,0.0,,all_outpatient_procedures_reporting_proxy,not_yet_filtered_by_sigtap
410860,8,7,7,7,15054,88978.0,21356.14,21,28437.0,100.0,3128.9517178324013,12711.142857142857,all_outpatient_procedures_reporting_proxy,not_yet_filtered_by_sigtap
410865,1,1,1,1,7,34.0,0.0,1,6566.0,100.0,5.178190679256778,34.0,all_outpatient_procedures_reporting_proxy,not_yet_filtered_by_sigtap
410870,3,1,1,1,121,2570.0,0.0,3,5641.0,100.0,455.5929799680908,2570.0,all_outpatient_procedures_reporting_proxy,not_yet_filtered_by_sigtap
410880,14,13,0,0,0,0.0,0.0,0,32097.0,0.0,0.0,,all_outpatient_procedures_reporting_proxy,not_yet_filtered_by_sigtap
410890,1,1,1,1,1425,38490.0,0.0,3,6587.0,100.0,5843.327766813421,38490.0,all_outpatient_procedures_reporting_proxy,not_yet_filtered_by_sigtap
410900,1,1,1,1,1466,30502.0,0.0,2,4626.0,100.0,6593.601383484652,30502.0,all_outpatient_procedures_reporting_proxy,not_yet_filtered_by_sigtap
410920,3,3,2,2,194,5387.0,9021.259999999998,6,4748.0,66.66666666666666,1134.5829823083404,2693.5,all_outpatient_procedures_reporting_proxy,not_yet_filtered_by_sigtap
410930,7,6,1,1,113,12859.0,32977.53,3,13735.0,16.666666666666664,936.2213323625773,12859.0,all_outpatient_procedures_reporting_proxy,not_yet_filtered_by_sigtap
410940,48,44,38,38,1698,22557.0,96909.72000000002,38,182093.0,86.36363636363636,123.87626103145097,593.6052631578947,all_outpatient_procedures_reporting_proxy,not_yet_filtered_by_sigtap
410950,1,1,0,0,0,0.0,0.0,0,7430.0,0.0,0.0,,all_outpatient_procedures_reporting_proxy,not_yet_filtered_by_sigtap
410960,7,7,0,0,0,0.0,0.0,0,42062.0,0.0,0.0,,all_outpatient_procedures_reporting_proxy,not_yet_filtered_by_sigtap
410965,4,4,1,1,530,6196.0,34924.36999999998,3,4941.0,25.0,1253.9971665654725,6196.0,all_outpatient_procedures_reporting_proxy,not_yet_filtered_by_sigtap
410970,9,4,0,0,0,0.0,0.0,0,28830.0,0.0,0.0,,all_outpatient_procedures_reporting_proxy,not_yet_filtered_by_sigtap
410975,2,2,0,0,0,0.0,0.0,0,6218.0,0.0,0.0,,all_outpatient_procedures_reporting_proxy,not_yet_filtered_by_sigtap
410980,9,9,1,1,1,24.0,0.0,1,51603.0,11.11111111111111,0.4650892389977327,24.0,all_outpatient_procedures_reporting_proxy,not_yet_filtered_by_sigtap
410990,4,2,3,2,2669,20446.0,24902.73000000001,7,8991.0,100.0,2274.051829607385,6815.333333333333,all_outpatient_procedures_reporting_proxy,not_yet_filtered_by_sigtap
411000,3,3,3,3,6675,36689.0,1795.68,9,5338.0,100.0,6873.17347321094,12229.666666666666,all_outpatient_procedures_reporting_proxy,not_yet_filtered_by_sigtap
411005,3,3,0,0,0,0.0,0.0,0,2144.0,0.0,0.0,,all_outpatient_procedures_reporting_proxy,not_yet_filtered_by_sigtap
411007,6,6,5,5,1546,20392.0,39786.09000000001,11,14249.0,83.33333333333334,1431.1179731911013,4078.4,all_outpatient_procedures_reporting_proxy,not_yet_filtered_by_sigtap
411010,10,10,10,10,15462,90495.0,0.0,30,29924.0,100.0,3024.1612083945997,9049.5,all_outpatient_procedures_reporting_proxy,not_yet_filtered_by_sigtap
411020,14,14,0,0,0,0.0,0.0,0,9670.0,0.0,0.0,,all_outpatient_procedures_reporting_proxy,not_yet_filtered_by_sigtap
411030,1,1,0,0,0,0.0,0.0,0,2536.0,0.0,0.0,,all_outpatient_procedures_reporting_proxy,not_yet_filtered_by_sigtap
411040,3,3,2,2,3877,39569.0,13317.749999999998,6,4448.0,66.66666666666666,8895.908273381296,19784.5,all_outpatient_procedures_reporting_proxy,not_yet_filtered_by_sigtap
411050,4,4,1,1,177,5735.0,25831.93,1,14142.0,25.0,405.52962805826616,5735.0,all_outpatient_procedures_reporting_proxy,not_yet_filtered_by_sigtap
411060,3,2,2,2,2914,29581.0,2967.9199999999996,6,15746.0,100.0,1878.6358440238791,14790.5,all_outpatient_procedures_reporting_proxy,not_yet_filtered_by_sigtap
411065,2,1,0,0,0,0.0,0.0,0,2343.0,0.0,0.0,,all_outpatient_procedures_reporting_proxy,not_yet_filtered_by_sigtap
411070,15,13,13,13,2871,21948.0,3679.98,13,59250.0,100.0,370.43037974683546,1688.3076923076924,all_outpatient_procedures_reporting_proxy,not_yet_filtered_by_sigtap
411080,2,2,2,2,1379,11306.0,7904.110000000001,4,10684.0,100.0,1058.2178959191315,5653.0,all_outpatient_procedures_reporting_proxy,not_yet_filtered_by_sigtap
411090,3,2,0,0,0,0.0,0.0,0,4481.0,0.0,0.0,,all_outpatient_procedures_reporting_proxy,not_yet_filtered_by_sigtap
411100,1,1,0,0,0,0.0,0.0,0,5908.0,0.0,0.0,,all_outpatient_procedures_reporting_proxy,not_yet_filtered_by_sigtap
411110,1,1,0,0,0,0.0,0.0,0,6111.0,0.0,0.0,,all_outpatient_procedures_reporting_proxy,not_yet_filtered_by_sigtap
411120,6,6,6,6,41087,43074.0,67020.2,18,12344.0,100.0,3489.4685677252105,7179.0,all_outpatient_procedures_reporting_proxy,not_yet_filtered_by_sigtap
411125,5,5,0,0,0,0.0,0.0,0,31217.0,0.0,0.0,,all_outpatient_procedures_reporting_proxy,not_yet_filtered_by_sigtap
411130,4,2,0,0,0,0.0,0.0,0,3572.0,0.0,0.0,,all_outpatient_procedures_reporting_proxy,not_yet_filtered_by_sigtap
411140,2,2,2,2,2325,16291.0,0.0,6,13229.0,100.0,1231.461183762945,8145.5,all_outpatient_procedures_reporting_proxy,not_yet_filtered_by_sigtap
411150,10,9,0,0,0,0.0,0.0,0,32720.0,0.0,0.0,,all_outpatient_procedures_reporting_proxy,not_yet_filtered_by_sigtap
411155,4,4,0,0,0,0.0,0.0,0,6831.0,0.0,0.0,,all_outpatient_procedures_reporting_proxy,not_yet_filtered_by_sigtap
411160,2,2,2,2,2549,16713.0,0.0,6,2708.0,100.0,6171.713441654357,8356.5,all_outpatient_procedures_reporting_proxy,not_yet_filtered_by_sigtap
411170,2,2,0,0,0,0.0,0.0,0,5427.0,0.0,0.0,,all_outpatient_procedures_reporting_proxy,not_yet_filtered_by_sigtap
411180,12,12,12,12,1373,3777.0,20884.999999999996,24,40375.0,100.0,93.54798761609908,314.75,all_outpatient_procedures_reporting_proxy,not_yet_filtered_by_sigtap
411190,5,5,0,0,0,0.0,0.0,0,15122.0,0.0,0.0,,all_outpatient_procedures_reporting_proxy,not_yet_filtered_by_sigtap
411200,5,4,4,4,11306,79738.0,0.0,12,35141.0,100.0,2269.0873907970745,19934.5,all_outpatient_procedures_reporting_proxy,not_yet_filtered_by_sigtap
411210,6,6,0,0,0,0.0,0.0,0,21408.0,0.0,0.0,,all_outpatient_procedures_reporting_proxy,not_yet_filtered_by_sigtap
411220,2,2,2,2,2991,24178.0,68.68,3,5870.0,100.0,4118.909710391823,12089.0,all_outpatient_procedures_reporting_proxy,not_yet_filtered_by_sigtap
411230,3,1,0,0,0,0.0,0.0,0,4972.0,0.0,0.0,,all_outpatient_procedures_reporting_proxy,not_yet_filtered_by_sigtap
411240,1,1,1,1,4508,42526.0,0.0,3,9144.0,100.0,4650.699912510937,42526.0,all_outpatient_procedures_reporting_proxy,not_yet_filtered_by_sigtap
411250,2,2,0,0,0,0.0,0.0,0,12004.0,0.0,0.0,,all_outpatient_procedures_reporting_proxy,not_yet_filtered_by_sigtap
411260,1,1,0,0,0,0.0,0.0,0,1343.0,0.0,0.0,,all_outpatient_procedures_reporting_proxy,not_yet_filtered_by_sigtap
411270,3,3,1,1,387,10827.0,33705.12000000001,3,11813.0,33.33333333333333,916.5326335393212,10827.0,all_outpatient_procedures_reporting_proxy,not_yet_filtered_by_sigtap
411275,1,1,0,0,0,0.0,0.0,0,10506.0,0.0,0.0,,all_outpatient_procedures_reporting_proxy,not_yet_filtered_by_sigtap
411280,1,1,0,0,0,0.0,0.0,0,11945.0,0.0,0.0,,all_outpatient_procedures_reporting_proxy,not_yet_filtered_by_sigtap
411290,2,2,0,0,0,0.0,0.0,0,3333.0,0.0,0.0,,all_outpatient_procedures_reporting_proxy,not_yet_filtered_by_sigtap
411295,3,2,2,2,8537,61887.0,9037.630000000001,6,7771.0,100.0,7963.839917642516,30943.5,all_outpatient_procedures_reporting_proxy,not_yet_filtered_by_sigtap
411300,4,3,2,2,2938,19854.0,5.0,6,6690.0,66.66666666666666,2967.7130044843047,9927.0,all_outpatient_procedures_reporting_proxy,not_yet_filtered_by_sigtap
411310,1,1,0,0,0,0.0,0.0,0,4582.0,0.0,0.0,,all_outpatient_procedures_reporting_proxy,not_yet_filtered_by_sigtap
411320,13,12,12,12,64756,72943.0,1808.9800000000002,36,45003.0,100.0,1620.8474990556185,6078.583333333333,all_outpatient_procedures_reporting_proxy,not_yet_filtered_by_sigtap
411325,1,1,0,0,0,0.0,0.0,0,5600.0,0.0,0.0,,all_outpatient_procedures_reporting_proxy,not_yet_filtered_by_sigtap
411330,9,8,0,0,0,0.0,0.0,0,32227.0,0.0,0.0,,all_outpatient_procedures_reporting_proxy,not_yet_filtered_by_sigtap
411340,4,1,0,0,0,0.0,0.0,0,3752.0,0.0,0.0,,all_outpatient_procedures_reporting_proxy,not_yet_filtered_by_sigtap
411342,1,1,0,0,0,0.0,0.0,0,3938.0,0.0,0.0,,all_outpatient_procedures_reporting_proxy,not_yet_filtered_by_sigtap
411345,2,2,0,0,0,0.0,0.0,0,5175.0,0.0,0.0,,all_outpatient_procedures_reporting_proxy,not_yet_filtered_by_sigtap
411350,7,6,2,2,370,28434.0,187259.68000000002,6,23225.0,33.33333333333333,1224.2841765339074,14217.0,all_outpatient_procedures_reporting_proxy,not_yet_filtered_by_sigtap
411360,1,1,1,1,5628,37243.0,0.0,3,4601.0,100.0,8094.544664203435,37243.0,all_outpatient_procedures_reporting_proxy,not_yet_filtered_by_sigtap
411370,57,57,0,0,0,0.0,0.0,0,555965.0,0.0,0.0,,all_outpatient_procedures_reporting_proxy,not_yet_filtered_by_sigtap
411373,1,1,1,1,97,97.0,5649.0,2,6690.0,100.0,14.499252615844544,97.0,all_outpatient_procedures_reporting_proxy,not_yet_filtered_by_sigtap
411375,2,2,2,2,981,9789.0,6525.0,5,4872.0,100.0,2009.2364532019706,4894.5,all_outpatient_procedures_reporting_proxy,not_yet_filtered_by_sigtap
411380,2,2,0,0,0,0.0,0.0,0,4813.0,0.0,0.0,,all_outpatient_procedures_reporting_proxy,not_yet_filtered_by_sigtap
411390,8,6,0,0,0,0.0,0.0,0,13428.0,0.0,0.0,,all_outpatient_procedures_reporting_proxy,not_yet_filtered_by_sigtap
411400,3,3,3,3,8360,68987.0,134557.34999999817,9,13452.0,100.0,5128.382396669641,22995.666666666668,all_outpatient_procedures_reporting_proxy,not_yet_filtered_by_sigtap
411410,6,6,0,0,0,0.0,0.0,0,31457.0,0.0,0.0,,all_outpatient_procedures_reporting_proxy,not_yet_filtered_by_sigtap
411420,8,7,7,7,14244,125182.0,14524.679999999995,21,36716.0,100.0,3409.467262229001,17883.14285714286,all_outpatient_procedures_reporting_proxy,not_yet_filtered_by_sigtap
411430,5,4,0,0,0,0.0,0.0,0,27439.0,0.0,0.0,,all_outpatient_procedures_reporting_proxy,not_yet_filtered_by_sigtap
411435,4,4,2,2,1690,7153.0,3883.7400000000007,4,2770.0,50.0,2582.3104693140795,3576.5,all_outpatient_procedures_reporting_proxy,not_yet_filtered_by_sigtap
411440,7,7,7,7,6185,25634.0,44274.52000000012,21,16603.0,100.0,1543.9378425585737,3662.0,all_outpatient_procedures_reporting_proxy,not_yet_filtered_by_sigtap
411450,1,0,0,0,0,0.0,0.0,0,14240.0,,0.0,,no_active_ubs_denominator,not_yet_filtered_by_sigtap
411460,20,19,19,19,8113,67275.0,0.0,19,55836.0,100.0,1204.8678272082527,3540.7894736842104,all_outpatient_procedures_reporting_proxy,not_yet_filtered_by_sigtap
411470,2,2,0,0,0,0.0,0.0,0,5865.0,0.0,0.0,,all_outpatient_procedures_reporting_proxy,not_yet_filtered_by_sigtap
411480,9,9,9,9,10396,73482.0,0.0,27,41851.0,100.0,1755.8003392989415,8164.666666666667,all_outpatient_procedures_reporting_proxy,not_yet_filtered_by_sigtap
411490,1,1,0,0,0,0.0,0.0,0,8677.0,0.0,0.0,,all_outpatient_procedures_reporting_proxy,not_yet_filtered_by_sigtap
411500,1,1,0,0,0,0.0,0.0,0,7253.0,0.0,0.0,,all_outpatient_procedures_reporting_proxy,not_yet_filtered_by_sigtap
411510,2,2,1,1,2,5.0,0.0,2,9847.0,50.0,0.5077688636132832,5.0,all_outpatient_procedures_reporting_proxy,not_yet_filtered_by_sigtap
411520,42,42,42,42,122422,929303.0,353378.9799999993,124,409657.0,100.0,2268.4904688556526,22126.261904761905,all_outpatient_procedures_reporting_proxy,not_yet_filtered_by_sigtap
411530,2,2,0,0,0,0.0,0.0,0,6371.0,0.0,0.0,,all_outpatient_procedures_reporting_proxy,not_yet_filtered_by_sigtap
411535,2,2,0,0,0,0.0,0.0,0,6555.0,0.0,0.0,,all_outpatient_procedures_reporting_proxy,not_yet_filtered_by_sigtap
411540,3,3,3,3,9072,39824.0,67740.98,9,15901.0,100.0,2504.4965725426077,13274.666666666666,all_outpatient_procedures_reporting_proxy,not_yet_filtered_by_sigtap
411545,2,2,0,0,0,0.0,0.0,0,4504.0,0.0,0.0,,all_outpatient_procedures_reporting_proxy,not_yet_filtered_by_sigtap
411550,2,2,2,2,66,4992.0,10800.0,4,4699.0,100.0,1062.3536922749522,2496.0,all_outpatient_procedures_reporting_proxy,not_yet_filtered_by_sigtap
411560,7,7,7,7,14269,59673.0,20307.490000000005,21,18450.0,100.0,3234.308943089431,8524.714285714286,all_outpatient_procedures_reporting_proxy,not_yet_filtered_by_sigtap
411570,7,7,7,7,4599,86748.0,1825.0400000000002,21,39259.0,100.0,2209.633459843603,12392.57142857143,all_outpatient_procedures_reporting_proxy,not_yet_filtered_by_sigtap
411573,3,3,0,0,0,0.0,0.0,0,3267.0,0.0,0.0,,all_outpatient_procedures_reporting_proxy,not_yet_filtered_by_sigtap
411575,5,5,0,0,0,0.0,0.0,0,9383.0,0.0,0.0,,all_outpatient_procedures_reporting_proxy,not_yet_filtered_by_sigtap
411580,11,11,11,11,8194,40668.0,20165.30000000002,11,54369.0,100.0,747.9997792859901,3697.090909090909,all_outpatient_procedures_reporting_proxy,not_yet_filtered_by_sigtap
411585,1,1,0,0,0,0.0,0.0,0,5931.0,0.0,0.0,,all_outpatient_procedures_reporting_proxy,not_yet_filtered_by_sigtap
411590,2,2,1,1,17,1223.0,3422.34,2,2238.0,50.0,546.4700625558534,1223.0,all_outpatient_procedures_reporting_proxy,not_yet_filtered_by_sigtap
411600,1,1,0,0,0,0.0,0.0,0,1966.0,0.0,0.0,,all_outpatient_procedures_reporting_proxy,not_yet_filtered_by_sigtap
411605,6,5,5,5,7592,37310.0,17355.83,15,11064.0,100.0,3372.198120028923,7462.0,all_outpatient_procedures_reporting_proxy,not_yet_filtered_by_sigtap
411610,5,5,5,5,205,41535.0,0.0,15,11175.0,100.0,3716.778523489933,8307.0,all_outpatient_procedures_reporting_proxy,not_yet_filtered_by_sigtap
411620,3,2,1,1,102,3649.0,26053.98,2,18309.0,50.0,199.30089027254354,3649.0,all_outpatient_procedures_reporting_proxy,not_yet_filtered_by_sigtap
411630,3,1,1,1,5600,32858.0,58530.45999999984,3,3951.0,100.0,8316.375601113641,32858.0,all_outpatient_procedures_reporting_proxy,not_yet_filtered_by_sigtap
411640,2,2,0,0,0,0.0,0.0,0,3669.0,0.0,0.0,,all_outpatient_procedures_reporting_proxy,not_yet_filtered_by_sigtap
411650,1,1,1,1,36,1139.0,2970.33,2,1323.0,100.0,860.9221466364324,1139.0,all_outpatient_procedures_reporting_proxy,not_yet_filtered_by_sigtap
411660,1,1,0,0,0,0.0,0.0,0,3280.0,0.0,0.0,,all_outpatient_procedures_reporting_proxy,not_yet_filtered_by_sigtap
411670,3,3,3,3,5227,35811.0,66872.13999999998,9,13765.0,100.0,2601.5982564475116,11937.0,all_outpatient_procedures_reporting_proxy,not_yet_filtered_by_sigtap
411680,1,1,1,1,40,40.0,9000.0,2,6790.0,100.0,5.89101620029455,40.0,all_outpatient_procedures_reporting_proxy,not_yet_filtered_by_sigtap
411690,9,7,0,0,0,0.0,0.0,0,26585.0,0.0,0.0,,all_outpatient_procedures_reporting_proxy,not_yet_filtered_by_sigtap
411695,1,1,1,1,1120,13442.0,96015.53999999998,3,5597.0,100.0,2401.643737716634,13442.0,all_outpatient_procedures_reporting_proxy,not_yet_filtered_by_sigtap
411700,1,1,1,1,3086,30797.0,0.0,3,7225.0,100.0,4262.560553633218,30797.0,all_outpatient_procedures_reporting_proxy,not_yet_filtered_by_sigtap
411705,4,4,4,4,3058,16441.0,79902.1700000007,11,12074.0,100.0,1361.686268013914,4110.25,all_outpatient_procedures_reporting_proxy,not_yet_filtered_by_sigtap
411710,6,5,5,5,4304,36975.0,11479.030000000052,10,12923.0,100.0,2861.177745105626,7395.0,all_outpatient_procedures_reporting_proxy,not_yet_filtered_by_sigtap
411720,1,1,1,1,2170,28463.0,12514.399999999994,3,5833.0,100.0,4879.65026572947,28463.0,all_outpatient_procedures_reporting_proxy,not_yet_filtered_by_sigtap
411721,2,2,0,0,0,0.0,0.0,0,4184.0,0.0,0.0,,all_outpatient_procedures_reporting_proxy,not_yet_filtered_by_sigtap
411722,1,1,0,0,0,0.0,0.0,0,8322.0,0.0,0.0,,all_outpatient_procedures_reporting_proxy,not_yet_filtered_by_sigtap
411725,4,4,4,4,6372,41280.0,17653.5,12,12699.0,100.0,3250.649657453343,10320.0,all_outpatient_procedures_reporting_proxy,not_yet_filtered_by_sigtap
411727,8,7,7,7,3533,16392.0,37800.0,13,6848.0,100.0,2393.6915887850464,2341.714285714286,all_outpatient_procedures_reporting_proxy,not_yet_filtered_by_sigtap
411729,2,2,2,2,793,3556.0,0.0,2,3125.0,100.0,1137.92,1778.0,all_outpatient_procedures_reporting_proxy,not_yet_filtered_by_sigtap
411730,13,12,2,2,21,14747.0,54932.31999999999,2,24192.0,16.666666666666664,609.5816798941798,7373.5,all_outpatient_procedures_reporting_proxy,not_yet_filtered_by_sigtap
411740,3,3,3,3,4316,23392.0,1832.56,9,3187.0,100.0,7339.81801066834,7797.333333333333,all_outpatient_procedures_reporting_proxy,not_yet_filtered_by_sigtap
411745,2,1,0,0,0,0.0,0.0,0,6785.0,0.0,0.0,,all_outpatient_procedures_reporting_proxy,not_yet_filtered_by_sigtap
411750,7,6,6,6,10540,44231.0,29113.0,18,45962.0,100.0,962.3384535050694,7371.833333333333,all_outpatient_procedures_reporting_proxy,not_yet_filtered_by_sigtap
411760,10,9,0,0,0,0.0,0.0,0,48247.0,0.0,0.0,,all_outpatient_procedures_reporting_proxy,not_yet_filtered_by_sigtap
411770,15,15,0,0,0,0.0,0.0,0,33855.0,0.0,0.0,,all_outpatient_procedures_reporting_proxy,not_yet_filtered_by_sigtap
411780,5,5,4,4,1483,15052.0,0.0,8,13033.0,80.0,1154.914447939845,3763.0,all_outpatient_procedures_reporting_proxy,not_yet_filtered_by_sigtap
411790,10,9,2,2,1562,7884.0,90516.85,6,35011.0,22.22222222222222,225.18636999800063,3942.0,all_outpatient_procedures_reporting_proxy,not_yet_filtered_by_sigtap
411800,5,3,1,1,8875,8933.0,225.0,2,13245.0,33.33333333333333,674.4431861079653,8933.0,all_outpatient_procedures_reporting_proxy,not_yet_filtered_by_sigtap
411810,4,4,1,1,186,9334.0,55191.14,3,9557.0,25.0,976.6663178821806,9334.0,all_outpatient_procedures_reporting_proxy,not_yet_filtered_by_sigtap
411820,13,13,11,11,100741,102014.0,0.0,21,145829.0,84.61538461538461,699.5453579192067,9274.0,all_outpatient_procedures_reporting_proxy,not_yet_filtered_by_sigtap
411830,2,2,0,0,0,0.0,0.0,0,2398.0,0.0,0.0,,all_outpatient_procedures_reporting_proxy,not_yet_filtered_by_sigtap
411840,23,23,1,1,409,20795.0,82210.53,1,92001.0,4.3478260869565215,226.03015184617558,20795.0,all_outpatient_procedures_reporting_proxy,not_yet_filtered_by_sigtap
411845,3,2,0,0,0,0.0,0.0,0,5733.0,0.0,0.0,,all_outpatient_procedures_reporting_proxy,not_yet_filtered_by_sigtap
411850,19,19,2,2,2411,4112.0,21146.29,4,91836.0,10.526315789473683,44.77546931486563,2056.0,all_outpatient_procedures_reporting_proxy,not_yet_filtered_by_sigtap
411860,3,3,3,3,8771,25618.0,10541.8,9,5666.0,100.0,4521.355453582774,8539.333333333334,all_outpatient_procedures_reporting_proxy,not_yet_filtered_by_sigtap
411870,2,2,2,2,6539,19581.0,0.0,6,6343.0,100.0,3087.0250670029955,9790.5,all_outpatient_procedures_reporting_proxy,not_yet_filtered_by_sigtap
411880,4,3,0,0,0,0.0,0.0,0,13346.0,0.0,0.0,,all_outpatient_procedures_reporting_proxy,not_yet_filtered_by_sigtap
411885,3,3,0,0,0,0.0,0.0,0,7189.0,0.0,0.0,,all_outpatient_procedures_reporting_proxy,not_yet_filtered_by_sigtap
411890,3,3,3,3,3943,19309.0,11421.230000000007,9,11878.0,100.0,1625.610372116518,6436.333333333333,all_outpatient_procedures_reporting_proxy,not_yet_filtered_by_sigtap
411900,1,1,0,0,0,0.0,0.0,0,6221.0,0.0,0.0,,all_outpatient_procedures_reporting_proxy,not_yet_filtered_by_sigtap
411910,8,8,6,6,11924,49740.0,9379.999999999996,18,13655.0,75.0,3642.621750274625,8290.0,all_outpatient_procedures_reporting_proxy,not_yet_filtered_by_sigtap
411915,14,13,12,12,45515,336503.0,949.95,36,127019.0,92.3076923076923,2649.2335792283047,28041.916666666668,all_outpatient_procedures_reporting_proxy,not_yet_filtered_by_sigtap
411920,2,1,1,1,541,44592.0,0.0,2,6566.0,100.0,6791.349375571124,44592.0,all_outpatient_procedures_reporting_proxy,not_yet_filtered_by_sigtap
411925,1,1,1,1,535,11520.0,33655.26999999999,3,2761.0,100.0,4172.401303875407,11520.0,all_outpatient_procedures_reporting_proxy,not_yet_filtered_by_sigtap
411930,11,10,6,6,46,157.0,145.94,6,29886.0,60.0,5.2532958575921835,26.166666666666668,all_outpatient_procedures_reporting_proxy,not_yet_filtered_by_sigtap
411940,8,8,1,1,326,1353.0,10447.9,2,23651.0,12.5,57.206883429876115,1353.0,all_outpatient_procedures_reporting_proxy,not_yet_filtered_by_sigtap
411950,21,20,0,0,0,0.0,0.0,0,118730.0,0.0,0.0,,all_outpatient_procedures_reporting_proxy,not_yet_filtered_by_sigtap
411960,2,1,0,0,0,0.0,0.0,0,33567.0,0.0,0.0,,all_outpatient_procedures_reporting_proxy,not_yet_filtered_by_sigtap
411965,1,1,0,0,0,0.0,0.0,0,3046.0,0.0,0.0,,all_outpatient_procedures_reporting_proxy,not_yet_filtered_by_sigtap
411970,1,1,1,1,2221,17963.0,6.96,2,4070.0,100.0,4413.513513513513,17963.0,all_outpatient_procedures_reporting_proxy,not_yet_filtered_by_sigtap
411980,4,4,0,0,0,0.0,0.0,0,14374.0,0.0,0.0,,all_outpatient_procedures_reporting_proxy,not_yet_filtered_by_sigtap
411990,68,64,3,3,3429,32508.0,5751.870000000001,9,358371.0,4.6875,90.71046485346191,10836.0,all_outpatient_procedures_reporting_proxy,not_yet_filtered_by_sigtap
411995,5,5,5,5,345,2251.0,18149.149999999994,5,30425.0,100.0,73.98520953163516,450.2,all_outpatient_procedures_reporting_proxy,not_yet_filtered_by_sigtap
412000,4,4,3,3,198,17338.0,0.0,8,11624.0,75.0,1491.5691672401927,5779.333333333333,all_outpatient_procedures_reporting_proxy,not_yet_filtered_by_sigtap
412010,2,2,0,0,0,0.0,0.0,0,4098.0,0.0,0.0,,all_outpatient_procedures_reporting_proxy,not_yet_filtered_by_sigtap
412015,2,2,0,0,0,0.0,0.0,0,3110.0,0.0,0.0,,all_outpatient_procedures_reporting_proxy,not_yet_filtered_by_sigtap
412020,1,1,0,0,0,0.0,0.0,0,3182.0,0.0,0.0,,all_outpatient_procedures_reporting_proxy,not_yet_filtered_by_sigtap
412030,3,3,3,3,3917,11332.0,25365.78,9,3562.0,100.0,3181.3587871982036,3777.3333333333335,all_outpatient_procedures_reporting_proxy,not_yet_filtered_by_sigtap
412033,1,1,0,0,0,0.0,0.0,0,3709.0,0.0,0.0,,all_outpatient_procedures_reporting_proxy,not_yet_filtered_by_sigtap
412035,1,1,1,1,6732,29550.0,62064.74999999905,3,5737.0,100.0,5150.775666724769,29550.0,all_outpatient_procedures_reporting_proxy,not_yet_filtered_by_sigtap
412040,3,3,0,0,0,0.0,0.0,0,4336.0,0.0,0.0,,all_outpatient_procedures_reporting_proxy,not_yet_filtered_by_sigtap
412050,4,2,0,0,0,0.0,0.0,0,10082.0,0.0,0.0,,all_outpatient_procedures_reporting_proxy,not_yet_filtered_by_sigtap
412060,17,17,17,17,28462,132410.0,7207.18,51,49393.0,100.0,2680.7442350130586,7788.823529411765,all_outpatient_procedures_reporting_proxy,not_yet_filtered_by_sigtap
412065,3,3,3,3,5750,16696.0,0.0,9,4201.0,100.0,3974.291835277315,5565.333333333333,all_outpatient_procedures_reporting_proxy,not_yet_filtered_by_sigtap
412070,1,0,0,0,0,0.0,0.0,0,8099.0,,0.0,,no_active_ubs_denominator,not_yet_filtered_by_sigtap
412080,9,8,0,0,0,0.0,0.0,0,24191.0,0.0,0.0,,all_outpatient_procedures_reporting_proxy,not_yet_filtered_by_sigtap
412085,1,1,0,0,0,0.0,0.0,0,4480.0,0.0,0.0,,all_outpatient_procedures_reporting_proxy,not_yet_filtered_by_sigtap
412090,12,11,1,1,85,85.0,19125.0,2,30738.0,9.090909090909092,2.765306786388184,85.0,all_outpatient_procedures_reporting_proxy,not_yet_filtered_by_sigtap
412100,5,5,3,3,1333,17480.0,0.0,3,10685.0,60.0,1635.9382311651848,5826.666666666667,all_outpatient_procedures_reporting_proxy,not_yet_filtered_by_sigtap
412110,1,1,1,1,19,19.0,4275.0,1,5001.0,100.0,3.799240151969606,19.0,all_outpatient_procedures_reporting_proxy,not_yet_filtered_by_sigtap
412130,1,0,0,0,0,0.0,0.0,0,3512.0,,0.0,,no_active_ubs_denominator,not_yet_filtered_by_sigtap
412135,3,2,1,1,100,110.0,17124.0,2,2618.0,50.0,42.016806722689076,110.0,all_outpatient_procedures_reporting_proxy,not_yet_filtered_by_sigtap
412140,7,6,6,6,15355,57819.0,44505.190000000024,18,19247.0,100.0,3004.0525796227985,9636.5,all_outpatient_procedures_reporting_proxy,not_yet_filtered_by_sigtap
412150,5,5,1,1,46,46.0,10350.0,2,14514.0,20.0,3.1693537274355794,46.0,all_outpatient_procedures_reporting_proxy,not_yet_filtered_by_sigtap
412160,1,1,1,1,954,18702.0,1384.05,3,6845.0,100.0,2732.213294375457,18702.0,all_outpatient_procedures_reporting_proxy,not_yet_filtered_by_sigtap
412170,4,4,4,4,3077,17980.0,0.0,12,24573.0,100.0,731.6973914458958,4495.0,all_outpatient_procedures_reporting_proxy,not_yet_filtered_by_sigtap
412180,3,3,0,0,0,0.0,0.0,0,12364.0,0.0,0.0,,all_outpatient_procedures_reporting_proxy,not_yet_filtered_by_sigtap
412190,2,2,0,0,0,0.0,0.0,0,13060.0,0.0,0.0,,all_outpatient_procedures_reporting_proxy,not_yet_filtered_by_sigtap
412200,5,5,5,5,7077,38936.0,106.0,15,14025.0,100.0,2776.185383244207,7787.2,all_outpatient_procedures_reporting_proxy,not_yet_filtered_by_sigtap
412210,2,2,2,2,97,7582.0,0.0,6,3197.0,100.0,2371.598373475133,3791.0,all_outpatient_procedures_reporting_proxy,not_yet_filtered_by_sigtap
412215,4,4,4,4,1288,9512.0,66769.59999999963,8,13929.0,100.0,682.8918084571757,2378.0,all_outpatient_procedures_reporting_proxy,not_yet_filtered_by_sigtap
412217,3,3,0,0,0,0.0,0.0,0,3808.0,0.0,0.0,,all_outpatient_procedures_reporting_proxy,not_yet_filtered_by_sigtap
412220,10,10,0,0,0,0.0,0.0,0,37558.0,0.0,0.0,,all_outpatient_procedures_reporting_proxy,not_yet_filtered_by_sigtap
412230,11,11,11,11,14563,70198.0,0.0,33,31324.0,100.0,2241.0292427531604,6381.636363636364,all_outpatient_procedures_reporting_proxy,not_yet_filtered_by_sigtap
412240,10,10,1,1,99,6011.0,47235.52,3,71670.0,10.0,83.87051765034184,6011.0,all_outpatient_procedures_reporting_proxy,not_yet_filtered_by_sigtap
412250,3,3,3,3,1297,8775.0,4638.970000000001,3,11251.0,100.0,779.9306728290819,2925.0,all_outpatient_procedures_reporting_proxy,not_yet_filtered_by_sigtap
412260,3,3,2,2,5039,60288.0,181.85,6,9097.0,66.66666666666666,6627.239749367924,30144.0,all_outpatient_procedures_reporting_proxy,not_yet_filtered_by_sigtap
412265,3,3,0,0,0,0.0,0.0,0,5435.0,0.0,0.0,,all_outpatient_procedures_reporting_proxy,not_yet_filtered_by_sigtap
412270,2,2,0,0,0,0.0,0.0,0,8822.0,0.0,0.0,,all_outpatient_procedures_reporting_proxy,not_yet_filtered_by_sigtap
412280,1,0,0,0,0,0.0,0.0,0,4075.0,,0.0,,no_active_ubs_denominator,not_yet_filtered_by_sigtap
412290,2,2,0,0,0,0.0,0.0,0,5192.0,0.0,0.0,,all_outpatient_procedures_reporting_proxy,not_yet_filtered_by_sigtap
412300,7,6,6,6,25891,51035.0,42874.700000000026,18,15223.0,100.0,3352.49293831702,8505.833333333334,all_outpatient_procedures_reporting_proxy,not_yet_filtered_by_sigtap
412310,1,1,0,0,0,0.0,0.0,0,3394.0,0.0,0.0,,all_outpatient_procedures_reporting_proxy,not_yet_filtered_by_sigtap
412320,3,3,0,0,0,0.0,0.0,0,3365.0,0.0,0.0,,all_outpatient_procedures_reporting_proxy,not_yet_filtered_by_sigtap
412330,6,6,4,4,7071,37065.0,37499.410000000134,12,8613.0,66.66666666666666,4303.378613723441,9266.25,all_outpatient_procedures_reporting_proxy,not_yet_filtered_by_sigtap
412340,3,2,2,2,7157,37947.0,127.0,6,11378.0,100.0,3335.120407804535,18973.5,all_outpatient_procedures_reporting_proxy,not_yet_filtered_by_sigtap
412350,1,1,1,1,1047,23746.0,0.0,3,25492.0,100.0,931.5079240546054,23746.0,all_outpatient_procedures_reporting_proxy,not_yet_filtered_by_sigtap
412360,2,1,0,0,0,0.0,0.0,0,1748.0,0.0,0.0,,all_outpatient_procedures_reporting_proxy,not_yet_filtered_by_sigtap
412370,2,2,2,2,2998,16899.0,19392.450000000023,3,8912.0,100.0,1896.2073608617593,8449.5,all_outpatient_procedures_reporting_proxy,not_yet_filtered_by_sigtap
412380,6,6,6,6,12808,86335.0,244421.73000000502,12,14070.0,100.0,6136.105188343994,14389.166666666666,all_outpatient_procedures_reporting_proxy,not_yet_filtered_by_sigtap
412382,2,2,2,2,1429,5931.0,0.0,2,3644.0,100.0,1627.6070252469815,2965.5,all_outpatient_procedures_reporting_proxy,not_yet_filtered_by_sigtap
412385,2,2,0,0,0,0.0,0.0,0,9934.0,0.0,0.0,,all_outpatient_procedures_reporting_proxy,not_yet_filtered_by_sigtap
412395,2,2,1,1,98,5821.0,20023.41,3,3356.0,50.0,1734.5053635280094,5821.0,all_outpatient_procedures_reporting_proxy,not_yet_filtered_by_sigtap
412400,3,3,3,3,4417,39192.0,2822.46,9,5514.0,100.0,7107.72578890098,13064.0,all_outpatient_procedures_reporting_proxy,not_yet_filtered_by_sigtap
412402,6,6,0,0,0,0.0,0.0,0,13174.0,0.0,0.0,,all_outpatient_procedures_reporting_proxy,not_yet_filtered_by_sigtap
412405,3,2,2,2,4731,50312.0,54470.0,6,24262.0,100.0,2073.6954908911052,25156.0,all_outpatient_procedures_reporting_proxy,not_yet_filtered_by_sigtap
412410,11,11,10,10,14980,92939.0,656.26,29,44369.0,90.9090909090909,2094.683224774054,9293.9,all_outpatient_procedures_reporting_proxy,not_yet_filtered_by_sigtap
412420,1,1,0,0,0,0.0,0.0,0,2493.0,0.0,0.0,,all_outpatient_procedures_reporting_proxy,not_yet_filtered_by_sigtap
412430,1,1,0,0,0,0.0,0.0,0,2125.0,0.0,0.0,,all_outpatient_procedures_reporting_proxy,not_yet_filtered_by_sigtap
412440,2,2,0,0,0,0.0,0.0,0,23673.0,0.0,0.0,,all_outpatient_procedures_reporting_proxy,not_yet_filtered_by_sigtap
412450,3,3,1,1,95,4202.0,14038.639999999998,3,6181.0,33.33333333333333,679.825270991749,4202.0,all_outpatient_procedures_reporting_proxy,not_yet_filtered_by_sigtap
412460,2,2,1,1,55,3127.0,7263.309999999999,3,6587.0,50.0,474.72293912251405,3127.0,all_outpatient_procedures_reporting_proxy,not_yet_filtered_by_sigtap
412470,2,2,0,0,0,0.0,0.0,0,10830.0,0.0,0.0,,all_outpatient_procedures_reporting_proxy,not_yet_filtered_by_sigtap
412480,3,3,3,3,5646,21641.0,0.0,9,11886.0,100.0,1820.713444388356,7213.666666666667,all_outpatient_procedures_reporting_proxy,not_yet_filtered_by_sigtap
412490,2,2,1,1,38,4219.0,11028.86,2,5586.0,50.0,755.2810597923379,4219.0,all_outpatient_procedures_reporting_proxy,not_yet_filtered_by_sigtap
412500,4,3,1,1,194,1982.0,20240.100000000013,3,10667.0,33.33333333333333,185.80669354082684,1982.0,all_outpatient_procedures_reporting_proxy,not_yet_filtered_by_sigtap
412510,3,3,2,2,2089,16252.0,21275.190000000017,6,13726.0,66.66666666666666,1184.0303074457236,8126.0,all_outpatient_procedures_reporting_proxy,not_yet_filtered_by_sigtap
412520,4,4,3,3,7899,34521.0,1644.1,9,9378.0,75.0,3681.062060140755,11507.0,all_outpatient_procedures_reporting_proxy,not_yet_filtered_by_sigtap
412530,2,2,0,0,0,0.0,0.0,0,5168.0,0.0,0.0,,all_outpatient_procedures_reporting_proxy,not_yet_filtered_by_sigtap
412535,2,2,2,2,6257,42250.0,18428.549999999996,6,6504.0,100.0,6496.002460024601,21125.0,all_outpatient_procedures_reporting_proxy,not_yet_filtered_by_sigtap
412540,3,3,0,0,0,0.0,0.0,0,6040.0,0.0,0.0,,all_outpatient_procedures_reporting_proxy,not_yet_filtered_by_sigtap
412545,1,1,0,0,0,0.0,0.0,0,3957.0,0.0,0.0,,all_outpatient_procedures_reporting_proxy,not_yet_filtered_by_sigtap
412550,31,30,29,29,54311,383600.0,22614.119999999995,87,329628.0,96.66666666666667,1163.7360903806714,13227.586206896553,all_outpatient_procedures_reporting_proxy,not_yet_filtered_by_sigtap
412555,1,1,1,1,1866,23269.0,9037.519999999997,3,2138.0,100.0,10883.53601496726,23269.0,all_outpatient_procedures_reporting_proxy,not_yet_filtered_by_sigtap
412560,23,22,13,13,1519,2728.0,32279.530000000002,35,42366.0,59.09090909090909,64.39125714015955,209.84615384615384,all_outpatient_procedures_reporting_proxy,not_yet_filtered_by_sigtap
412570,1,1,1,1,4361,18694.0,13894.900000000123,3,29122.0,100.0,641.9201977886135,18694.0,all_outpatient_procedures_reporting_proxy,not_yet_filtered_by_sigtap
412575,6,5,0,0,0,0.0,0.0,0,5784.0,0.0,0.0,,all_outpatient_procedures_reporting_proxy,not_yet_filtered_by_sigtap
412580,1,1,0,0,0,0.0,0.0,0,8690.0,0.0,0.0,,all_outpatient_procedures_reporting_proxy,not_yet_filtered_by_sigtap
412590,3,3,0,0,0,0.0,0.0,0,2661.0,0.0,0.0,,all_outpatient_procedures_reporting_proxy,not_yet_filtered_by_sigtap
412600,2,2,0,0,0,0.0,0.0,0,8063.0,0.0,0.0,,all_outpatient_procedures_reporting_proxy,not_yet_filtered_by_sigtap
412610,2,1,1,1,5423,42556.0,9790.86,3,5232.0,100.0,8133.792048929664,42556.0,all_outpatient_procedures_reporting_proxy,not_yet_filtered_by_sigtap
412620,1,1,0,0,0,0.0,0.0,0,6695.0,0.0,0.0,,all_outpatient_procedures_reporting_proxy,not_yet_filtered_by_sigtap
412625,13,12,10,10,5900,39756.0,483.0,10,118455.0,83.33333333333334,335.6211219450424,3975.6,all_outpatient_procedures_reporting_proxy,not_yet_filtered_by_sigtap
412630,3,3,0,0,0,0.0,0.0,0,17270.0,0.0,0.0,,all_outpatient_procedures_reporting_proxy,not_yet_filtered_by_sigtap
412635,2,2,2,2,4561,24323.0,5077.6799999999985,6,5007.0,100.0,4857.799081286199,12161.5,all_outpatient_procedures_reporting_proxy,not_yet_filtered_by_sigtap
412640,4,4,0,0,0,0.0,0.0,0,5616.0,0.0,0.0,,all_outpatient_procedures_reporting_proxy,not_yet_filtered_by_sigtap
412650,3,3,1,1,142,6215.0,18153.02,3,15930.0,33.33333333333333,390.1443816698054,6215.0,all_outpatient_procedures_reporting_proxy,not_yet_filtered_by_sigtap
412660,11,9,0,0,0,0.0,0.0,0,22811.0,0.0,0.0,,all_outpatient_procedures_reporting_proxy,not_yet_filtered_by_sigtap
412665,2,2,2,2,12991,29962.0,109464.38999999982,6,3440.0,100.0,8709.883720930233,14981.0,all_outpatient_procedures_reporting_proxy,not_yet_filtered_by_sigtap
412667,4,3,0,0,0,0.0,0.0,0,10707.0,0.0,0.0,,all_outpatient_procedures_reporting_proxy,not_yet_filtered_by_sigtap
412670,2,2,1,1,118,11487.0,50456.76,3,4880.0,50.0,2353.893442622951,11487.0,all_outpatient_procedures_reporting_proxy,not_yet_filtered_by_sigtap
412680,4,4,4,4,8335,75737.0,16189.61,12,15869.0,100.0,4772.638477534817,18934.25,all_outpatient_procedures_reporting_proxy,not_yet_filtered_by_sigtap
412690,3,3,3,3,2218,11366.0,15142.4,9,5745.0,100.0,1978.4160139251524,3788.6666666666665,all_outpatient_procedures_reporting_proxy,not_yet_filtered_by_sigtap
412700,3,3,3,3,1221,4274.0,0.0,3,9547.0,100.0,447.67989944485174,1424.6666666666667,all_outpatient_procedures_reporting_proxy,not_yet_filtered_by_sigtap
412710,22,20,1,1,324,536.0,8322.880000000003,1,75042.0,5.0,7.142666773273633,536.0,all_outpatient_procedures_reporting_proxy,not_yet_filtered_by_sigtap
412720,4,4,0,0,0,0.0,0.0,0,17568.0,0.0,0.0,,all_outpatient_procedures_reporting_proxy,not_yet_filtered_by_sigtap
412730,7,6,5,5,11668,131744.0,103828.26,15,14842.0,83.33333333333334,8876.431747742892,26348.8,all_outpatient_procedures_reporting_proxy,not_yet_filtered_by_sigtap
412740,5,4,0,0,0,0.0,0.0,0,18119.0,0.0,0.0,,all_outpatient_procedures_reporting_proxy,not_yet_filtered_by_sigtap
412750,7,7,0,0,0,0.0,0.0,0,19961.0,0.0,0.0,,all_outpatient_procedures_reporting_proxy,not_yet_filtered_by_sigtap
412770,29,28,0,0,0,0.0,0.0,0,150470.0,0.0,0.0,,all_outpatient_procedures_reporting_proxy,not_yet_filtered_by_sigtap
412780,1,1,1,1,96,10055.0,63728.09,2,8426.0,100.0,1193.330168525991,10055.0,all_outpatient_procedures_reporting_proxy,not_yet_filtered_by_sigtap
412785,1,1,1,1,141,2208.0,27914.4,3,11135.0,100.0,198.29366861248315,2208.0,all_outpatient_procedures_reporting_proxy,not_yet_filtered_by_sigtap
412788,3,3,0,0,0,0.0,0.0,0,6219.0,0.0,0.0,,all_outpatient_procedures_reporting_proxy,not_yet_filtered_by_sigtap
412790,4,4,4,4,1342,13005.0,1506.6999999999998,9,8067.0,100.0,1612.1234659724805,3251.25,all_outpatient_procedures_reporting_proxy,not_yet_filtered_by_sigtap
412795,2,2,0,0,0,0.0,0.0,0,8077.0,0.0,0.0,,all_outpatient_procedures_reporting_proxy,not_yet_filtered_by_sigtap
412796,6,6,6,6,4897,24961.0,1669.66,16,14231.0,100.0,1753.9877731712459,4160.166666666667,all_outpatient_procedures_reporting_proxy,not_yet_filtered_by_sigtap
412800,11,11,11,11,6058,25624.0,26938.400000000027,11,24749.0,100.0,1035.3549638369227,2329.4545454545455,all_outpatient_procedures_reporting_proxy,not_yet_filtered_by_sigtap
412810,26,23,0,0,0,0.0,0.0,0,117095.0,0.0,0.0,,all_outpatient_procedures_reporting_proxy,not_yet_filtered_by_sigtap
412820,14,12,0,0,0,0.0,0.0,0,55033.0,0.0,0.0,,all_outpatient_procedures_reporting_proxy,not_yet_filtered_by_sigtap
412830,2,1,1,1,67,129452.0,202598.43,3,2136.0,100.0,60604.86891385768,129452.0,all_outpatient_procedures_reporting_proxy,not_yet_filtered_by_sigtap
412840,2,2,0,0,0,0.0,0.0,0,10406.0,0.0,0.0,,all_outpatient_procedures_reporting_proxy,not_yet_filtered_by_sigtap
412850,12,8,0,0,0,0.0,0.0,0,19188.0,0.0,0.0,,all_outpatient_procedures_reporting_proxy,not_yet_filtered_by_sigtap
412853,2,2,0,0,0,0.0,0.0,0,9681.0,0.0,0.0,,all_outpatient_procedures_reporting_proxy,not_yet_filtered_by_sigtap
412855,1,1,0,0,0,0.0,0.0,0,8215.0,0.0,0.0,,all_outpatient_procedures_reporting_proxy,not_yet_filtered_by_sigtap
412860,1,1,1,1,846,2366.0,6.0,1,7932.0,100.0,298.28542612203734,2366.0,all_outpatient_procedures_reporting_proxy,not_yet_filtered_by_sigtap
412862,2,2,2,2,1358,14725.0,0.0,6,3055.0,100.0,4819.967266775778,7362.5,all_outpatient_procedures_reporting_proxy,not_yet_filtered_by_sigtap
412863,3,3,3,3,3999,5994.0,0.0,6,5697.0,100.0,1052.132701421801,1998.0,all_outpatient_procedures_reporting_proxy,not_yet_filtered_by_sigtap
412865,2,1,0,0,0,0.0,0.0,0,3811.0,0.0,0.0,,all_outpatient_procedures_reporting_proxy,not_yet_filtered_by_sigtap
412870,2,2,2,2,6358,49820.0,35256.549999999996,6,9706.0,100.0,5132.907479909335,24910.0,all_outpatient_procedures_reporting_proxy,not_yet_filtered_by_sigtap
412880,2,2,2,2,4035,7480.0,13310.0,6,5798.0,100.0,1290.1000344946533,3740.0,all_outpatient_procedures_reporting_proxy,not_yet_filtered_by_sigtap
420005,1,1,1,1,8450,8830.0,15000.080000000107,3,2598.0,100.0,3398.768283294842,8830.0,all_outpatient_procedures_reporting_proxy,not_yet_filtered_by_sigtap
420010,7,7,7,7,9130,77196.0,123663.38000000009,21,17392.0,100.0,4438.592456301748,11028.0,all_outpatient_procedures_reporting_proxy,not_yet_filtered_by_sigtap
420020,5,5,0,0,0,0.0,0.0,0,10990.0,0.0,0.0,,all_outpatient_procedures_reporting_proxy,not_yet_filtered_by_sigtap
420030,2,2,2,2,4673,41651.0,158102.9799999998,6,6055.0,100.0,6878.777869529315,20825.5,all_outpatient_procedures_reporting_proxy,not_yet_filtered_by_sigtap
420040,5,5,5,5,1597,2418.0,8541.34999999998,10,6508.0,100.0,371.54271665642284,483.6,all_outpatient_procedures_reporting_proxy,not_yet_filtered_by_sigtap
420050,3,3,0,0,0,0.0,0.0,0,6036.0,0.0,0.0,,all_outpatient_procedures_reporting_proxy,not_yet_filtered_by_sigtap
420055,1,1,1,1,9444,11763.0,53046.83999999936,2,2839.0,100.0,4143.360338147235,11763.0,all_outpatient_procedures_reporting_proxy,not_yet_filtered_by_sigtap
420060,2,2,2,2,1417,19403.0,304231.71,6,6743.0,100.0,2877.5025952839983,9701.5,all_outpatient_procedures_reporting_proxy,not_yet_filtered_by_sigtap
420070,3,2,1,1,774,14941.0,150734.85000000012,2,10481.0,50.0,1425.5319148936169,14941.0,all_outpatient_procedures_reporting_proxy,not_yet_filtered_by_sigtap
420075,1,1,0,0,0,0.0,0.0,0,1856.0,0.0,0.0,,all_outpatient_procedures_reporting_proxy,not_yet_filtered_by_sigtap
420080,2,2,1,1,1052,1126.0,21180.710000000086,3,5943.0,50.0,189.46659936059228,1126.0,all_outpatient_procedures_reporting_proxy,not_yet_filtered_by_sigtap
420090,4,4,2,2,5716,16138.0,0.0,6,5358.0,50.0,3011.9447555057855,8069.0,all_outpatient_procedures_reporting_proxy,not_yet_filtered_by_sigtap
420100,3,2,0,0,0,0.0,0.0,0,8285.0,0.0,0.0,,all_outpatient_procedures_reporting_proxy,not_yet_filtered_by_sigtap
420110,1,1,1,1,792,4293.0,55798.30999999985,3,3593.0,100.0,1194.8232674645142,4293.0,all_outpatient_procedures_reporting_proxy,not_yet_filtered_by_sigtap
420120,3,3,2,2,1776,2206.0,43607.82000000004,4,11224.0,66.66666666666666,196.5431218816821,1103.0,all_outpatient_procedures_reporting_proxy,not_yet_filtered_by_sigtap
420125,8,7,7,7,10546,49970.0,38037.87000000015,21,9811.0,100.0,5093.262664356334,7138.571428571428,all_outpatient_procedures_reporting_proxy,not_yet_filtered_by_sigtap
420127,2,2,0,0,0,0.0,0.0,0,4378.0,0.0,0.0,,all_outpatient_procedures_reporting_proxy,not_yet_filtered_by_sigtap
420130,13,10,0,0,0,0.0,0.0,0,45283.0,0.0,0.0,,all_outpatient_procedures_reporting_proxy,not_yet_filtered_by_sigtap
420140,25,17,16,16,838,2003.0,20953.190000000002,28,71922.0,94.11764705882352,27.84961486054337,125.1875,all_outpatient_procedures_reporting_proxy,not_yet_filtered_by_sigtap
420150,3,3,3,3,123,21587.0,11218.1,9,8834.0,100.0,2443.6268960833145,7195.666666666667,all_outpatient_procedures_reporting_proxy,not_yet_filtered_by_sigtap
420160,1,1,1,1,1031,1037.0,6980.540000000014,3,3556.0,100.0,291.6197975253093,1037.0,all_outpatient_procedures_reporting_proxy,not_yet_filtered_by_sigtap
420165,1,1,1,1,4130,13301.0,14711.3,3,2510.0,100.0,5299.203187250996,13301.0,all_outpatient_procedures_reporting_proxy,not_yet_filtered_by_sigtap
420170,3,3,3,3,7894,37494.0,77934.58999999853,9,8319.0,100.0,4507.03209520375,12498.0,all_outpatient_procedures_reporting_proxy,not_yet_filtered_by_sigtap
420180,1,1,1,1,1251,12503.0,108118.48999999976,3,3227.0,100.0,3874.4964363185622,12503.0,all_outpatient_procedures_reporting_proxy,not_yet_filtered_by_sigtap
420190,1,1,1,1,897,14994.0,170587.41999999955,2,6780.0,100.0,2211.5044247787614,14994.0,all_outpatient_procedures_reporting_proxy,not_yet_filtered_by_sigtap
420195,7,6,3,3,4244,29292.0,26354.800000000003,9,15820.0,50.0,1851.5802781289508,9764.0,all_outpatient_procedures_reporting_proxy,not_yet_filtered_by_sigtap
420200,18,15,0,0,0,0.0,0.0,0,139155.0,0.0,0.0,,all_outpatient_procedures_reporting_proxy,not_yet_filtered_by_sigtap
420205,4,4,4,4,3698,30340.0,1034.9,8,14912.0,100.0,2034.6030042918458,7585.0,all_outpatient_procedures_reporting_proxy,not_yet_filtered_by_sigtap
420207,9,9,9,9,16641,149968.0,115244.81,27,15669.0,100.0,9571.000063820282,16663.11111111111,all_outpatient_procedures_reporting_proxy,not_yet_filtered_by_sigtap
420208,1,1,1,1,223,8320.0,37128.32000000001,3,3144.0,100.0,2646.3104325699746,8320.0,all_outpatient_procedures_reporting_proxy,not_yet_filtered_by_sigtap
420209,2,2,1,1,178,2435.0,16639.939999999995,3,1668.0,50.0,1459.832134292566,2435.0,all_outpatient_procedures_reporting_proxy,not_yet_filtered_by_sigtap
420210,9,7,2,2,3384,13291.0,1338.0200000000004,6,45369.0,28.57142857142857,292.9533381824594,6645.5,all_outpatient_procedures_reporting_proxy,not_yet_filtered_by_sigtap
420213,8,2,0,0,0,0.0,0.0,0,5872.0,0.0,0.0,,all_outpatient_procedures_reporting_proxy,not_yet_filtered_by_sigtap
420215,1,1,1,1,249,4033.0,25458.140000000003,2,2658.0,100.0,1517.3062452972158,4033.0,all_outpatient_procedures_reporting_proxy,not_yet_filtered_by_sigtap
420220,5,5,5,5,8422,71763.0,36198.86,15,10520.0,100.0,6821.57794676806,14352.6,all_outpatient_procedures_reporting_proxy,not_yet_filtered_by_sigtap
420230,18,16,0,0,0,0.0,0.0,0,76773.0,0.0,0.0,,all_outpatient_procedures_reporting_proxy,not_yet_filtered_by_sigtap
420240,81,63,9,9,7517,7800.0,1372.0300000000004,11,361261.0,14.285714285714285,21.591038058356702,866.6666666666666,all_outpatient_procedures_reporting_proxy,not_yet_filtered_by_sigtap
420243,1,1,0,0,0,0.0,0.0,0,3515.0,0.0,0.0,,all_outpatient_procedures_reporting_proxy,not_yet_filtered_by_sigtap
420245,10,10,0,0,0,0.0,0.0,0,25058.0,0.0,0.0,,all_outpatient_procedures_reporting_proxy,not_yet_filtered_by_sigtap
420250,1,1,0,0,0,0.0,0.0,0,4026.0,0.0,0.0,,all_outpatient_procedures_reporting_proxy,not_yet_filtered_by_sigtap
420253,1,1,1,1,3622,16919.0,2583.81,3,2777.0,100.0,6092.545912855599,16919.0,all_outpatient_procedures_reporting_proxy,not_yet_filtered_by_sigtap
420257,1,1,1,1,642,7230.0,54534.09999999992,3,2187.0,100.0,3305.8984910836766,7230.0,all_outpatient_procedures_reporting_proxy,not_yet_filtered_by_sigtap
420260,2,2,1,1,365,1477.0,7534.029999999997,3,8418.0,50.0,175.45735329056782,1477.0,all_outpatient_procedures_reporting_proxy,not_yet_filtered_by_sigtap
420270,4,3,3,3,349,652.0,2717.61,9,5363.0,100.0,121.57374603766549,217.33333333333334,all_outpatient_procedures_reporting_proxy,not_yet_filtered_by_sigtap
420280,17,16,15,15,27688,262161.0,126089.54999999968,45,33773.0,93.75,7762.443371924318,17477.4,all_outpatient_procedures_reporting_proxy,not_yet_filtered_by_sigtap
420285,4,2,1,1,261,9951.0,136993.98000000004,2,4026.0,50.0,2471.684053651267,9951.0,all_outpatient_procedures_reporting_proxy,not_yet_filtered_by_sigtap
420287,2,2,1,1,4843,12537.0,99201.35000000012,3,2489.0,50.0,5036.962635596625,12537.0,all_outpatient_procedures_reporting_proxy,not_yet_filtered_by_sigtap
420290,35,27,27,27,47828,374945.0,7851.49,81,141385.0,100.0,2651.943275453549,13886.851851851852,all_outpatient_procedures_reporting_proxy,not_yet_filtered_by_sigtap
420300,9,7,1,1,231,231.0,5590.200000000007,3,73720.0,14.285714285714285,3.1334780249593055,231.0,all_outpatient_procedures_reporting_proxy,not_yet_filtered_by_sigtap
420310,4,2,1,1,497,13278.0,83346.28999999996,3,6304.0,50.0,2106.281725888325,13278.0,all_outpatient_procedures_reporting_proxy,not_yet_filtered_by_sigtap
420315,3,3,2,2,1698,6788.0,40817.99999999989,4,3443.0,66.66666666666666,1971.5364507696775,3394.0,all_outpatient_procedures_reporting_proxy,not_yet_filtered_by_sigtap
420320,14,13,0,0,0,0.0,0.0,0,103074.0,0.0,0.0,,all_outpatient_procedures_reporting_proxy,not_yet_filtered_by_sigtap
420325,1,1,0,0,0,0.0,0.0,0,2625.0,0.0,0.0,,all_outpatient_procedures_reporting_proxy,not_yet_filtered_by_sigtap
420330,2,2,2,2,4184,21535.0,5916.470000000003,4,12501.0,100.0,1722.662187025038,10767.5,all_outpatient_procedures_reporting_proxy,not_yet_filtered_by_sigtap
420340,1,1,1,1,3277,52627.0,11277.540000000005,3,7257.0,100.0,7251.894722337054,52627.0,all_outpatient_procedures_reporting_proxy,not_yet_filtered_by_sigtap
420350,4,3,2,2,1675,25888.0,196227.50999999949,6,9623.0,66.66666666666666,2690.221344695002,12944.0,all_outpatient_procedures_reporting_proxy,not_yet_filtered_by_sigtap
420360,11,10,8,8,410,4428.0,1559.3,21,36932.0,80.0,119.89602512726091,553.5,all_outpatient_procedures_reporting_proxy,not_yet_filtered_by_sigtap
420370,8,8,1,1,478,593.0,41129.56,3,12821.0,12.5,46.252242414788235,593.0,all_outpatient_procedures_reporting_proxy,not_yet_filtered_by_sigtap
420380,24,10,2,2,2220,13612.0,5957.739999999998,4,55016.0,20.0,247.41893267413118,6806.0,all_outpatient_procedures_reporting_proxy,not_yet_filtered_by_sigtap
420390,12,10,0,0,0,0.0,0.0,0,23314.0,0.0,0.0,,all_outpatient_procedures_reporting_proxy,not_yet_filtered_by_sigtap
420395,15,14,13,13,9378,101440.0,939.77,25,23975.0,92.85714285714286,4231.074035453597,7803.076923076923,all_outpatient_procedures_reporting_proxy,not_yet_filtered_by_sigtap
420400,1,1,1,1,42,42.0,9450.0,2,10566.0,100.0,3.9750141964792727,42.0,all_outpatient_procedures_reporting_proxy,not_yet_filtered_by_sigtap
420410,3,1,1,1,2631,6766.0,46128.68000000036,3,4614.0,100.0,1466.4065886432595,6766.0,all_outpatient_procedures_reporting_proxy,not_yet_filtered_by_sigtap
420415,1,1,1,1,90,235.0,4513.660000000002,3,2805.0,100.0,83.77896613190731,235.0,all_outpatient_procedures_reporting_proxy,not_yet_filtered_by_sigtap
420417,2,2,0,0,0,0.0,0.0,0,3317.0,0.0,0.0,,all_outpatient_procedures_reporting_proxy,not_yet_filtered_by_sigtap
420419,1,1,1,1,2421,20637.0,69177.49999999988,2,2950.0,100.0,6995.593220338983,20637.0,all_outpatient_procedures_reporting_proxy,not_yet_filtered_by_sigtap
420420,35,30,0,0,0,0.0,0.0,0,254785.0,0.0,0.0,,all_outpatient_procedures_reporting_proxy,not_yet_filtered_by_sigtap
420425,8,8,2,2,2350,9073.0,55246.58,5,17240.0,25.0,526.2761020881671,4536.5,all_outpatient_procedures_reporting_proxy,not_yet_filtered_by_sigtap
420430,21,20,2,2,7935,9976.0,34711.55000000005,6,81646.0,10.0,122.18602258530731,4988.0,all_outpatient_procedures_reporting_proxy,not_yet_filtered_by_sigtap
420435,2,2,0,0,0,0.0,0.0,0,4781.0,0.0,0.0,,all_outpatient_procedures_reporting_proxy,not_yet_filtered_by_sigtap
420440,3,3,0,0,0,0.0,0.0,0,10388.0,0.0,0.0,,all_outpatient_procedures_reporting_proxy,not_yet_filtered_by_sigtap
420445,1,1,1,1,1982,12727.0,4529.01,3,2065.0,100.0,6163.19612590799,12727.0,all_outpatient_procedures_reporting_proxy,not_yet_filtered_by_sigtap
420450,6,5,5,5,7647,40017.0,765.44,15,15267.0,100.0,2621.143643151896,8003.4,all_outpatient_procedures_reporting_proxy,not_yet_filtered_by_sigtap
420455,1,1,0,0,0,0.0,0.0,0,15727.0,0.0,0.0,,all_outpatient_procedures_reporting_proxy,not_yet_filtered_by_sigtap
420460,55,50,44,44,39003,373339.0,14666.759999999997,45,214493.0,88.0,1740.56496016187,8484.977272727272,all_outpatient_procedures_reporting_proxy,not_yet_filtered_by_sigtap
420470,3,2,2,2,755,1364.0,23506.83000000004,6,10953.0,100.0,124.53209166438418,682.0,all_outpatient_procedures_reporting_proxy,not_yet_filtered_by_sigtap
420475,1,1,1,1,537,5305.0,35147.63999999999,3,1968.0,100.0,2695.6300813008133,5305.0,all_outpatient_procedures_reporting_proxy,not_yet_filtered_by_sigtap
420480,13,12,10,10,31717,97775.0,48431.75000000013,30,40045.0,83.33333333333334,2441.6281683106504,9777.5,all_outpatient_procedures_reporting_proxy,not_yet_filtered_by_sigtap
420490,3,3,3,3,2567,3245.0,29263.090000000244,9,8530.0,100.0,380.42203985932,1081.6666666666667,all_outpatient_procedures_reporting_proxy,not_yet_filtered_by_sigtap
420500,9,6,6,6,16121,62346.0,35444.60000000001,18,15008.0,100.0,4154.184434968017,10391.0,all_outpatient_procedures_reporting_proxy,not_yet_filtered_by_sigtap
420510,3,2,1,1,2451,21349.0,112922.25999999992,2,4221.0,50.0,5057.806207059938,21349.0,all_outpatient_procedures_reporting_proxy,not_yet_filtered_by_sigtap
420515,2,2,2,2,3323,23506.0,54616.55999999999,6,3637.0,100.0,6463.018971679956,11753.0,all_outpatient_procedures_reporting_proxy,not_yet_filtered_by_sigtap
420517,4,3,1,1,29,29.0,6525.0,1,3402.0,33.33333333333333,8.524397413286302,29.0,all_outpatient_procedures_reporting_proxy,not_yet_filtered_by_sigtap
420519,2,2,2,2,2408,21038.0,9338.95,4,2269.0,100.0,9271.92595857206,10519.0,all_outpatient_procedures_reporting_proxy,not_yet_filtered_by_sigtap
420520,2,1,1,1,85,9363.0,14340.48,3,4885.0,100.0,1916.6837256908905,9363.0,all_outpatient_procedures_reporting_proxy,not_yet_filtered_by_sigtap
420530,7,6,6,6,3912,12417.0,83346.16999999995,18,11192.0,100.0,1109.4531808434594,2069.5,all_outpatient_procedures_reporting_proxy,not_yet_filtered_by_sigtap
420535,1,1,1,1,15,15.0,3150.0,1,1783.0,100.0,8.412787436904095,15.0,all_outpatient_procedures_reporting_proxy,not_yet_filtered_by_sigtap
420540,57,55,0,0,0,0.0,0.0,0,537211.0,0.0,0.0,,all_outpatient_procedures_reporting_proxy,not_yet_filtered_by_sigtap
420543,1,1,1,1,4534,20210.0,13128.590000000047,3,2682.0,100.0,7535.421327367637,20210.0,all_outpatient_procedures_reporting_proxy,not_yet_filtered_by_sigtap
420545,15,12,12,12,16453,154240.0,109870.84,36,31431.0,100.0,4907.25716649168,12853.333333333334,all_outpatient_procedures_reporting_proxy,not_yet_filtered_by_sigtap
420550,8,7,7,7,3347,3351.0,52684.39999999988,21,33481.0,100.0,100.08661628983602,478.7142857142857,all_outpatient_procedures_reporting_proxy,not_yet_filtered_by_sigtap
420555,1,1,1,1,129,406.0,2985.2899999999995,2,2411.0,100.0,168.39485690584817,406.0,all_outpatient_procedures_reporting_proxy,not_yet_filtered_by_sigtap
420560,1,1,1,1,301,4833.0,31254.88,3,3210.0,100.0,1505.607476635514,4833.0,all_outpatient_procedures_reporting_proxy,not_yet_filtered_by_sigtap
420570,11,11,1,1,73,291.0,900.9000000000002,2,29959.0,9.090909090909092,9.713274808905505,291.0,all_outpatient_procedures_reporting_proxy,not_yet_filtered_by_sigtap
420580,8,7,3,3,751,2244.0,52951.800000000134,6,18545.0,42.857142857142854,121.00296575896469,748.0,all_outpatient_procedures_reporting_proxy,not_yet_filtered_by_sigtap
420590,24,22,1,1,362,362.0,5151.889999999974,1,72570.0,4.545454545454546,4.988287171007303,362.0,all_outpatient_procedures_reporting_proxy,not_yet_filtered_by_sigtap
420600,7,6,6,6,2926,2927.0,16538.039999999983,18,16915.0,100.0,173.04167898315103,487.8333333333333,all_outpatient_procedures_reporting_proxy,not_yet_filtered_by_sigtap
420610,4,4,4,4,929,2445.0,29533.15000000001,12,6277.0,100.0,389.5172853273857,611.25,all_outpatient_procedures_reporting_proxy,not_yet_filtered_by_sigtap
420620,11,11,6,6,5908,42782.0,12389.209999999997,18,12435.0,54.54545454545454,3440.4503417772416,7130.333333333333,all_outpatient_procedures_reporting_proxy,not_yet_filtered_by_sigtap
420630,7,7,7,7,4931,21607.0,3888.27,14,24543.0,100.0,880.3732225074359,3086.714285714286,all_outpatient_procedures_reporting_proxy,not_yet_filtered_by_sigtap
420640,4,3,1,1,896,24053.0,131460.3600000001,3,10796.0,33.33333333333333,2227.9547980733605,24053.0,all_outpatient_procedures_reporting_proxy,not_yet_filtered_by_sigtap
420650,10,10,10,10,32543,177068.0,14126.599999999999,30,46711.0,100.0,3790.7131082614374,17706.8,all_outpatient_procedures_reporting_proxy,not_yet_filtered_by_sigtap
420660,1,1,0,0,0,0.0,0.0,0,4829.0,0.0,0.0,,all_outpatient_procedures_reporting_proxy,not_yet_filtered_by_sigtap
420665,2,2,2,2,34609,48688.0,82612.36999999975,6,8425.0,100.0,5778.991097922849,24344.0,all_outpatient_procedures_reporting_proxy,not_yet_filtered_by_sigtap
420670,10,9,9,9,6219,71528.0,32075.22000000001,27,21724.0,100.0,3292.579635426257,7947.555555555556,all_outpatient_procedures_reporting_proxy,not_yet_filtered_by_sigtap
420675,1,1,1,1,2306,13477.0,7065.350000000006,3,2008.0,100.0,6711.653386454183,13477.0,all_outpatient_procedures_reporting_proxy,not_yet_filtered_by_sigtap
420680,1,1,1,1,1319,1395.0,15950.440000000017,3,3269.0,100.0,426.7360048944631,1395.0,all_outpatient_procedures_reporting_proxy,not_yet_filtered_by_sigtap
420690,8,7,6,6,7307,81222.0,181031.66,12,19862.0,85.71428571428571,4089.3162823482025,13537.0,all_outpatient_procedures_reporting_proxy,not_yet_filtered_by_sigtap
420700,29,19,19,19,19209,97043.0,4595.150000000001,38,59035.0,100.0,1643.8214618446684,5107.526315789473,all_outpatient_procedures_reporting_proxy,not_yet_filtered_by_sigtap
420710,4,3,0,0,0,0.0,0.0,0,17046.0,0.0,0.0,,all_outpatient_procedures_reporting_proxy,not_yet_filtered_by_sigtap
420720,13,7,6,6,7125,62590.0,38114.03000000003,18,11881.0,85.71428571428571,5268.075077855399,10431.666666666666,all_outpatient_procedures_reporting_proxy,not_yet_filtered_by_sigtap
420730,26,25,0,0,0,0.0,0.0,0,52579.0,0.0,0.0,,all_outpatient_procedures_reporting_proxy,not_yet_filtered_by_sigtap
420740,3,2,1,1,4205,22063.0,247671.85999999568,2,5982.0,50.0,3688.2313607489136,22063.0,all_outpatient_procedures_reporting_proxy,not_yet_filtered_by_sigtap
420750,31,21,2,2,2799,5199.0,9352.11,6,71549.0,9.523809523809524,72.6634893569442,2599.5,all_outpatient_procedures_reporting_proxy,not_yet_filtered_by_sigtap
420757,1,1,1,1,2012,9254.0,52732.35999999975,3,2877.0,100.0,3216.54501216545,9254.0,all_outpatient_procedures_reporting_proxy,not_yet_filtered_by_sigtap
420760,2,2,1,1,126,283.0,8442.45,3,4578.0,50.0,61.8173875054609,283.0,all_outpatient_procedures_reporting_proxy,not_yet_filtered_by_sigtap
420765,2,2,1,1,1952,29716.0,264443.70000000054,3,9335.0,50.0,3183.288698446706,29716.0,all_outpatient_procedures_reporting_proxy,not_yet_filtered_by_sigtap
420768,2,2,2,2,8788,54552.0,29985.13000000008,6,7730.0,100.0,7057.179818887452,27276.0,all_outpatient_procedures_reporting_proxy,not_yet_filtered_by_sigtap
420770,2,2,2,2,253,254.0,1298.6599999999999,2,7816.0,100.0,32.49744114636643,127.0,all_outpatient_procedures_reporting_proxy,not_yet_filtered_by_sigtap
420775,2,2,1,1,360,7918.0,39447.66,3,3986.0,50.0,1986.4525840441545,7918.0,all_outpatient_procedures_reporting_proxy,not_yet_filtered_by_sigtap
420780,4,4,4,4,5290,47143.0,10223.189999999999,12,10195.0,100.0,4624.129475232957,11785.75,all_outpatient_procedures_reporting_proxy,not_yet_filtered_by_sigtap
420785,1,1,1,1,73,73.0,16425.0,2,2069.0,100.0,35.28274528757854,73.0,all_outpatient_procedures_reporting_proxy,not_yet_filtered_by_sigtap
420790,2,2,1,1,954,14554.0,68705.82000000008,3,10285.0,50.0,1415.0704910063198,14554.0,all_outpatient_procedures_reporting_proxy,not_yet_filtered_by_sigtap
420800,2,2,2,2,170,5738.0,36605.31999999999,5,7067.0,100.0,811.9428328852413,2869.0,all_outpatient_procedures_reporting_proxy,not_yet_filtered_by_sigtap
420810,9,8,0,0,0,0.0,0.0,0,22051.0,0.0,0.0,,all_outpatient_procedures_reporting_proxy,not_yet_filtered_by_sigtap
420820,45,43,36,36,656892,672217.0,31260.300000000003,85,264054.0,83.72093023255815,2545.7557923758022,18672.694444444445,all_outpatient_procedures_reporting_proxy,not_yet_filtered_by_sigtap
420830,20,17,1,1,866,2159.0,16580.54,3,75940.0,5.88235294117647,28.430339741901502,2159.0,all_outpatient_procedures_reporting_proxy,not_yet_filtered_by_sigtap
420840,7,7,7,7,21803,25427.0,219889.6799999988,20,16638.0,100.0,1528.2485875706216,3632.4285714285716,all_outpatient_procedures_reporting_proxy,not_yet_filtered_by_sigtap
420845,13,11,0,0,0,0.0,0.0,0,30750.0,0.0,0.0,,all_outpatient_procedures_reporting_proxy,not_yet_filtered_by_sigtap
420850,10,8,8,8,9653,114135.0,4068.29,24,26525.0,100.0,4302.921771913289,14266.875,all_outpatient_procedures_reporting_proxy,not_yet_filtered_by_sigtap
420860,3,2,2,2,3543,32464.0,4622.519999999993,6,4310.0,100.0,7532.250580046404,16232.0,all_outpatient_procedures_reporting_proxy,not_yet_filtered_by_sigtap
420870,1,0,0,0,0,0.0,0.0,0,10624.0,,0.0,,no_active_ubs_denominator,not_yet_filtered_by_sigtap
420880,12,11,11,11,16135,154226.0,93575.77999999859,32,20375.0,100.0,7569.374233128834,14020.545454545454,all_outpatient_procedures_reporting_proxy,not_yet_filtered_by_sigtap
420890,38,35,35,35,84460,634278.0,63000.030000000006,102,182660.0,100.0,3472.451549326618,18122.22857142857,all_outpatient_procedures_reporting_proxy,not_yet_filtered_by_sigtap
420895,1,1,1,1,291,5910.0,33846.84,3,1776.0,100.0,3327.7027027027025,5910.0,all_outpatient_procedures_reporting_proxy,not_yet_filtered_by_sigtap
420900,13,12,11,11,3396,4651.0,55765.91000000002,33,30146.0,91.66666666666666,154.2824918728853,422.8181818181818,all_outpatient_procedures_reporting_proxy,not_yet_filtered_by_sigtap
420910,66,56,0,0,0,0.0,0.0,0,616317.0,0.0,0.0,,all_outpatient_procedures_reporting_proxy,not_yet_filtered_by_sigtap
420915,2,1,1,1,208,10317.0,144420.43999999994,2,5985.0,100.0,1723.8095238095239,10317.0,all_outpatient_procedures_reporting_proxy,not_yet_filtered_by_sigtap
420917,1,1,1,1,5449,17439.0,8859.070000000016,3,2555.0,100.0,6825.440313111546,17439.0,all_outpatient_procedures_reporting_proxy,not_yet_filtered_by_sigtap
420920,1,1,0,0,0,0.0,0.0,0,2248.0,0.0,0.0,,all_outpatient_procedures_reporting_proxy,not_yet_filtered_by_sigtap
420930,33,30,28,28,16790,137771.0,5702.16,56,164981.0,93.33333333333333,835.0719173723035,4920.392857142857,all_outpatient_procedures_reporting_proxy,not_yet_filtered_by_sigtap
420940,20,20,0,0,0,0.0,0.0,0,42785.0,0.0,0.0,,all_outpatient_procedures_reporting_proxy,not_yet_filtered_by_sigtap
420945,1,1,1,1,6820,18241.0,24682.28000000004,3,1702.0,100.0,10717.391304347826,18241.0,all_outpatient_procedures_reporting_proxy,not_yet_filtered_by_sigtap
420950,2,1,1,1,6,712.0,12816.0,2,7932.0,100.0,89.76298537569339,712.0,all_outpatient_procedures_reporting_proxy,not_yet_filtered_by_sigtap
420960,8,6,6,6,8789,89088.0,33945.63999999998,18,14381.0,100.0,6194.840414435714,14848.0,all_outpatient_procedures_reporting_proxy,not_yet_filtered_by_sigtap
420970,1,1,1,1,1039,17199.0,64309.31,3,11472.0,100.0,1499.2154811715482,17199.0,all_outpatient_procedures_reporting_proxy,not_yet_filtered_by_sigtap
420980,2,2,1,1,753,7120.0,61060.59000000002,2,3330.0,50.0,2138.1381381381384,7120.0,all_outpatient_procedures_reporting_proxy,not_yet_filtered_by_sigtap
420985,1,1,1,1,588,12070.0,63245.93000000004,3,4549.0,100.0,2653.3304022862167,12070.0,all_outpatient_procedures_reporting_proxy,not_yet_filtered_by_sigtap
420990,5,5,3,3,30,4536.0,86592.75,6,12873.0,60.0,352.3654159869494,1512.0,all_outpatient_procedures_reporting_proxy,not_yet_filtered_by_sigtap
421000,7,6,0,0,0,0.0,0.0,0,11684.0,0.0,0.0,,all_outpatient_procedures_reporting_proxy,not_yet_filtered_by_sigtap
421003,3,3,0,0,0,0.0,0.0,0,5794.0,0.0,0.0,,all_outpatient_procedures_reporting_proxy,not_yet_filtered_by_sigtap
421005,1,1,1,1,6354,11111.0,38240.23999999999,3,1778.0,100.0,6249.156355455569,11111.0,all_outpatient_procedures_reporting_proxy,not_yet_filtered_by_sigtap
421010,9,8,7,7,5962,89392.0,3076.080000000001,7,55286.0,87.5,1616.9012046449373,12770.285714285714,all_outpatient_procedures_reporting_proxy,not_yet_filtered_by_sigtap
421020,2,2,2,2,2201,15693.0,124070.9699999997,3,3214.0,100.0,4882.700684505289,7846.5,all_outpatient_procedures_reporting_proxy,not_yet_filtered_by_sigtap
421030,1,1,1,1,1887,605060.0,2920697.760000013,3,7425.0,100.0,81489.56228956228,605060.0,all_outpatient_procedures_reporting_proxy,not_yet_filtered_by_sigtap
421040,2,2,2,2,5948,24084.0,181377.9199999995,6,7815.0,100.0,3081.7658349328212,12042.0,all_outpatient_procedures_reporting_proxy,not_yet_filtered_by_sigtap
421050,12,8,2,2,666,38917.0,203848.93000000023,6,28251.0,25.0,1377.54415772893,19458.5,all_outpatient_procedures_reporting_proxy,not_yet_filtered_by_sigtap
421055,1,1,1,1,259,902.0,10760.669999999996,3,2184.0,100.0,413.003663003663,902.0,all_outpatient_procedures_reporting_proxy,not_yet_filtered_by_sigtap
421060,7,6,6,6,12267,54060.0,3746.299999999999,18,17162.0,100.0,3149.9825195198696,9010.0,all_outpatient_procedures_reporting_proxy,not_yet_filtered_by_sigtap
421070,1,1,1,1,8678,15465.0,64722.399999999805,3,2761.0,100.0,5601.231437884825,15465.0,all_outpatient_procedures_reporting_proxy,not_yet_filtered_by_sigtap
421080,1,1,1,1,759,7246.0,1925.240000000001,1,7006.0,100.0,1034.2563516985442,7246.0,all_outpatient_procedures_reporting_proxy,not_yet_filtered_by_sigtap
421085,1,1,1,1,589,6002.0,0.0,3,2511.0,100.0,2390.2827558741537,6002.0,all_outpatient_procedures_reporting_proxy,not_yet_filtered_by_sigtap
421090,1,1,1,1,1057,19527.0,111150.49999999964,3,4080.0,100.0,4786.029411764706,19527.0,all_outpatient_procedures_reporting_proxy,not_yet_filtered_by_sigtap
421100,4,4,1,1,87,163.0,18997.28,3,10066.0,25.0,16.193125372541225,163.0,all_outpatient_procedures_reporting_proxy,not_yet_filtered_by_sigtap
421105,5,4,1,1,46,956.0,3219.95,3,9117.0,25.0,104.85905451354613,956.0,all_outpatient_procedures_reporting_proxy,not_yet_filtered_by_sigtap
421110,6,4,1,1,50,50.0,11250.0,3,7736.0,25.0,6.463288521199586,50.0,all_outpatient_procedures_reporting_proxy,not_yet_filtered_by_sigtap
421120,11,10,10,10,7474,55312.0,8246.539999999999,29,18537.0,100.0,2983.8700976425525,5531.2,all_outpatient_procedures_reporting_proxy,not_yet_filtered_by_sigtap
421125,2,2,2,2,2449,34956.0,4853.889999999998,6,3010.0,100.0,11613.289036544851,17478.0,all_outpatient_procedures_reporting_proxy,not_yet_filtered_by_sigtap
421130,25,20,17,17,32228,267425.0,12735.36,34,86401.0,85.0,3095.160935637319,15730.882352941177,all_outpatient_procedures_reporting_proxy,not_yet_filtered_by_sigtap
421140,1,1,1,1,1211,12472.0,79050.13000000016,3,5155.0,100.0,2419.398642095053,12472.0,all_outpatient_procedures_reporting_proxy,not_yet_filtered_by_sigtap
421145,1,1,1,1,277,277.0,7074.310000000003,1,4536.0,100.0,61.06701940035273,277.0,all_outpatient_procedures_reporting_proxy,not_yet_filtered_by_sigtap
421150,5,5,1,1,2647,10279.0,59955.53999999911,3,13727.0,20.0,748.8162016463903,10279.0,all_outpatient_procedures_reporting_proxy,not_yet_filtered_by_sigtap
421160,8,7,6,6,10773,114497.0,27935.520000000015,18,13664.0,85.71428571428571,8379.464285714286,19082.833333333332,all_outpatient_procedures_reporting_proxy,not_yet_filtered_by_sigtap
421165,1,1,1,1,6,10.0,1125.0,2,2643.0,100.0,3.7835792659856224,10.0,all_outpatient_procedures_reporting_proxy,not_yet_filtered_by_sigtap
421170,14,11,1,1,29,53.0,4487.5,3,23661.0,9.090909090909092,2.239972951270022,53.0,all_outpatient_procedures_reporting_proxy,not_yet_filtered_by_sigtap
421175,6,6,0,0,0,0.0,0.0,0,17312.0,0.0,0.0,,all_outpatient_procedures_reporting_proxy,not_yet_filtered_by_sigtap
421180,3,3,3,3,6934,66893.0,222744.7300000006,9,7032.0,100.0,9512.656427758817,22297.666666666668,all_outpatient_procedures_reporting_proxy,not_yet_filtered_by_sigtap
421185,1,1,1,1,4229,7112.0,8750.740000000009,2,2181.0,100.0,3260.889500229253,7112.0,all_outpatient_procedures_reporting_proxy,not_yet_filtered_by_sigtap
421187,1,1,1,1,71,2347.0,19922.55,1,1927.0,100.0,1217.955371043072,2347.0,all_outpatient_procedures_reporting_proxy,not_yet_filtered_by_sigtap
421189,1,1,0,0,0,0.0,0.0,0,2215.0,0.0,0.0,,all_outpatient_procedures_reporting_proxy,not_yet_filtered_by_sigtap
421190,24,23,23,23,58217,373051.0,149475.86000000007,68,222598.0,100.0,1675.8955606070135,16219.608695652174,all_outpatient_procedures_reporting_proxy,not_yet_filtered_by_sigtap
421200,2,2,1,1,19830,19984.0,111183.90999999538,3,7605.0,50.0,2627.7449046679817,19984.0,all_outpatient_procedures_reporting_proxy,not_yet_filtered_by_sigtap
421205,4,4,0,0,0,0.0,0.0,0,2561.0,0.0,0.0,,all_outpatient_procedures_reporting_proxy,not_yet_filtered_by_sigtap
421210,3,3,1,1,172,627.0,19999.97,3,15626.0,33.33333333333333,40.12543197235377,627.0,all_outpatient_procedures_reporting_proxy,not_yet_filtered_by_sigtap
421220,3,1,1,1,4,4.0,4.0,2,19150.0,100.0,0.20887728459530025,4.0,all_outpatient_procedures_reporting_proxy,not_yet_filtered_by_sigtap
421223,1,1,1,1,362,6953.0,43525.05999999999,3,4267.0,100.0,1629.4820717131474,6953.0,all_outpatient_procedures_reporting_proxy,not_yet_filtered_by_sigtap
421225,4,4,4,4,8744,83365.0,151750.72000000003,12,12897.0,100.0,6463.906334806544,20841.25,all_outpatient_procedures_reporting_proxy,not_yet_filtered_by_sigtap
421227,1,1,1,1,8847,10031.0,9680.330000000013,2,4034.0,100.0,2486.6137828458104,10031.0,all_outpatient_procedures_reporting_proxy,not_yet_filtered_by_sigtap
421230,3,3,2,2,2177,3616.0,39383.75000000012,6,9063.0,66.66666666666666,398.98488359262933,1808.0,all_outpatient_procedures_reporting_proxy,not_yet_filtered_by_sigtap
421240,2,2,2,2,210,4205.0,34158.93000000001,6,4245.0,100.0,990.5771495877503,2102.5,all_outpatient_procedures_reporting_proxy,not_yet_filtered_by_sigtap
421250,11,9,0,0,0,0.0,0.0,0,33663.0,0.0,0.0,,all_outpatient_procedures_reporting_proxy,not_yet_filtered_by_sigtap
421260,1,1,1,1,231,254.0,5879.180000000013,1,2992.0,100.0,84.89304812834226,254.0,all_outpatient_procedures_reporting_proxy,not_yet_filtered_by_sigtap
421265,5,4,4,4,8489,62985.0,5480.620000000002,12,10190.0,100.0,6181.059862610402,15746.25,all_outpatient_procedures_reporting_proxy,not_yet_filtered_by_sigtap
421270,3,3,2,2,567,7632.0,226361.7,4,6716.0,66.66666666666666,1136.3907087552113,3816.0,all_outpatient_procedures_reporting_proxy,not_yet_filtered_by_sigtap
421280,10,8,2,2,4305,43902.0,33599.03,6,27127.0,25.0,1618.3875843255796,21951.0,all_outpatient_procedures_reporting_proxy,not_yet_filtered_by_sigtap
421290,9,9,8,8,7023,112776.0,40248.36,24,21972.0,88.88888888888889,5132.714363735664,14097.0,all_outpatient_procedures_reporting_proxy,not_yet_filtered_by_sigtap
421300,1,1,1,1,4749,32782.0,18682.48000000004,3,3473.0,100.0,9439.101641232364,32782.0,all_outpatient_procedures_reporting_proxy,not_yet_filtered_by_sigtap
421310,1,1,1,1,4416,24822.0,8054.980000000002,3,5769.0,100.0,4302.652106084243,24822.0,all_outpatient_procedures_reporting_proxy,not_yet_filtered_by_sigtap
421315,1,1,1,1,244,4656.0,29831.93,2,2946.0,100.0,1580.448065173116,4656.0,all_outpatient_procedures_reporting_proxy,not_yet_filtered_by_sigtap
421320,12,12,12,12,14707,112271.0,436131.560000001,24,34289.0,100.0,3274.2570503660063,9355.916666666666,all_outpatient_procedures_reporting_proxy,not_yet_filtered_by_sigtap
421330,2,2,0,0,0,0.0,0.0,0,4437.0,0.0,0.0,,all_outpatient_procedures_reporting_proxy,not_yet_filtered_by_sigtap
421335,4,2,0,0,0,0.0,0.0,0,3210.0,0.0,0.0,,all_outpatient_procedures_reporting_proxy,not_yet_filtered_by_sigtap
421340,3,2,2,2,2079,7442.0,3050.4799999999977,4,10649.0,100.0,698.84496196826,3721.0,all_outpatient_procedures_reporting_proxy,not_yet_filtered_by_sigtap
421350,9,9,9,9,18453,177316.0,16685.27,27,27688.0,100.0,6404.073967061543,19701.777777777777,all_outpatient_procedures_reporting_proxy,not_yet_filtered_by_sigtap
421360,13,13,1,1,335,1483.0,12577.810000000003,3,32970.0,7.6923076923076925,44.980285107673645,1483.0,all_outpatient_procedures_reporting_proxy,not_yet_filtered_by_sigtap
421370,6,5,5,5,5482,48142.0,253969.4200000012,10,17123.0,100.0,2811.540033872569,9628.4,all_outpatient_procedures_reporting_proxy,not_yet_filtered_by_sigtap
421380,2,2,2,2,3668,50376.0,18966.23000000002,6,8270.0,100.0,6091.414752116083,25188.0,all_outpatient_procedures_reporting_proxy,not_yet_filtered_by_sigtap
421390,1,1,0,0,0,0.0,0.0,0,1689.0,0.0,0.0,,all_outpatient_procedures_reporting_proxy,not_yet_filtered_by_sigtap
421400,6,5,5,5,8524,59746.0,236178.78000000006,10,20010.0,100.0,2985.807096451774,11949.2,all_outpatient_procedures_reporting_proxy,not_yet_filtered_by_sigtap
421410,3,2,1,1,440,6739.0,133141.4000000001,2,2301.0,50.0,2928.7266405910473,6739.0,all_outpatient_procedures_reporting_proxy,not_yet_filtered_by_sigtap
421415,1,1,1,1,2386,3126.0,19743.890000000145,3,2964.0,100.0,1054.6558704453441,3126.0,all_outpatient_procedures_reporting_proxy,not_yet_filtered_by_sigtap
421420,2,2,2,2,7023,32706.0,195271.0600000002,6,11022.0,100.0,2967.3380511703863,16353.0,all_outpatient_procedures_reporting_proxy,not_yet_filtered_by_sigtap
421430,1,1,1,1,495,11547.0,86705.11999999997,3,3279.0,100.0,3521.5004574565414,11547.0,all_outpatient_procedures_reporting_proxy,not_yet_filtered_by_sigtap
421440,2,2,2,2,4687,47555.0,140344.1999999992,6,6253.0,100.0,7605.149528226451,23777.5,all_outpatient_procedures_reporting_proxy,not_yet_filtered_by_sigtap
421450,2,2,1,1,176,7480.0,41989.93000000005,1,6452.0,50.0,1159.3304401735895,7480.0,all_outpatient_procedures_reporting_proxy,not_yet_filtered_by_sigtap
421460,4,3,1,1,3819,42561.0,219253.05999999915,2,7747.0,33.33333333333333,5493.868594294566,42561.0,all_outpatient_procedures_reporting_proxy,not_yet_filtered_by_sigtap
421470,1,1,1,1,1329,6275.0,1566.9199999999998,2,10865.0,100.0,577.542567878509,6275.0,all_outpatient_procedures_reporting_proxy,not_yet_filtered_by_sigtap
421480,27,26,26,26,92145,96069.0,44169.32000000011,78,72587.0,100.0,1323.5014534282998,3694.9615384615386,all_outpatient_procedures_reporting_proxy,not_yet_filtered_by_sigtap
421490,1,1,1,1,95,406.0,10251.4,3,4847.0,100.0,83.76315246544254,406.0,all_outpatient_procedures_reporting_proxy,not_yet_filtered_by_sigtap
421500,12,12,12,12,1481,2312.0,12950.609999999999,35,39261.0,100.0,58.887954968034435,192.66666666666666,all_outpatient_procedures_reporting_proxy,not_yet_filtered_by_sigtap
421505,2,2,1,1,4466,32563.0,32065.50000000033,3,2397.0,50.0,13584.897788902796,32563.0,all_outpatient_procedures_reporting_proxy,not_yet_filtered_by_sigtap
421507,2,2,2,2,441,10146.0,70374.11000000002,4,4768.0,100.0,2127.9362416107383,5073.0,all_outpatient_procedures_reporting_proxy,not_yet_filtered_by_sigtap
421510,8,8,7,7,8595,42753.0,282610.98,14,12757.0,87.5,3351.336521125657,6107.571428571428,all_outpatient_procedures_reporting_proxy,not_yet_filtered_by_sigtap
421520,1,1,1,1,19,19.0,4275.0,1,4823.0,100.0,3.939456769645449,19.0,all_outpatient_procedures_reporting_proxy,not_yet_filtered_by_sigtap
421530,6,4,4,4,466,19535.0,349498.5200000001,8,7489.0,100.0,2608.492455601549,4883.75,all_outpatient_procedures_reporting_proxy,not_yet_filtered_by_sigtap
421535,1,1,1,1,3187,20819.0,121605.62000000088,3,3632.0,100.0,5732.1035242290745,20819.0,all_outpatient_procedures_reporting_proxy,not_yet_filtered_by_sigtap
421540,1,1,1,1,310,684.0,6972.800000000007,2,4390.0,100.0,155.80865603644648,684.0,all_outpatient_procedures_reporting_proxy,not_yet_filtered_by_sigtap
421545,7,7,7,7,14748,91128.0,72562.00999999871,21,12882.0,100.0,7074.056823474616,13018.285714285714,all_outpatient_procedures_reporting_proxy,not_yet_filtered_by_sigtap
421550,5,5,1,1,22,198.0,1462.5700000000002,2,15546.0,20.0,12.73639521420301,198.0,all_outpatient_procedures_reporting_proxy,not_yet_filtered_by_sigtap
421555,1,1,1,1,9825,9979.0,76.00999999999999,3,2425.0,100.0,4115.051546391753,9979.0,all_outpatient_procedures_reporting_proxy,not_yet_filtered_by_sigtap
421560,1,1,1,1,92,400.0,2235.209999999999,1,2088.0,100.0,191.57088122605364,400.0,all_outpatient_procedures_reporting_proxy,not_yet_filtered_by_sigtap
421565,5,5,4,4,11048,83446.0,24943.850000000006,12,9792.0,80.0,8521.8545751634,20861.5,all_outpatient_procedures_reporting_proxy,not_yet_filtered_by_sigtap
421567,3,3,3,3,399,6674.0,62793.25000000002,4,8066.0,100.0,827.4237540292586,2224.6666666666665,all_outpatient_procedures_reporting_proxy,not_yet_filtered_by_sigtap
421568,1,1,1,1,382,4890.0,27196.989999999994,3,2576.0,100.0,1898.2919254658386,4890.0,all_outpatient_procedures_reporting_proxy,not_yet_filtered_by_sigtap
421569,1,1,1,1,478,1429.0,9432.730000000009,3,1651.0,100.0,865.5360387643852,1429.0,all_outpatient_procedures_reporting_proxy,not_yet_filtered_by_sigtap
421570,8,7,1,1,273,1242.0,4548.75,2,27272.0,14.285714285714285,45.54121443238486,1242.0,all_outpatient_procedures_reporting_proxy,not_yet_filtered_by_sigtap
421575,1,1,0,0,0,0.0,0.0,0,2684.0,0.0,0.0,,all_outpatient_procedures_reporting_proxy,not_yet_filtered_by_sigtap
421580,26,23,22,22,41288,180094.0,14446.999999999998,66,83277.0,95.65217391304348,2162.5899107796868,8186.090909090909,all_outpatient_procedures_reporting_proxy,not_yet_filtered_by_sigtap
421590,1,1,0,0,0,0.0,0.0,0,2946.0,0.0,0.0,,all_outpatient_procedures_reporting_proxy,not_yet_filtered_by_sigtap
421600,4,4,4,4,35839,36671.0,11553.780000000097,8,10282.0,100.0,3566.5240225637035,9167.75,all_outpatient_procedures_reporting_proxy,not_yet_filtered_by_sigtap
421605,4,3,1,1,171,18784.0,116514.05,3,6084.0,33.33333333333333,3087.442472057857,18784.0,all_outpatient_procedures_reporting_proxy,not_yet_filtered_by_sigtap
421610,4,3,0,0,0,0.0,0.0,0,9226.0,0.0,0.0,,all_outpatient_procedures_reporting_proxy,not_yet_filtered_by_sigtap
421620,18,13,13,13,6704,35443.0,5666.120000000001,13,52674.0,100.0,672.8746630216046,2726.3846153846152,all_outpatient_procedures_reporting_proxy,not_yet_filtered_by_sigtap
421625,2,1,1,1,1049,20879.0,166897.9000000003,3,6295.0,100.0,3316.759332803813,20879.0,all_outpatient_procedures_reporting_proxy,not_yet_filtered_by_sigtap
421630,13,12,10,10,2273,30807.0,335910.1400000009,19,32687.0,83.33333333333334,942.4847798819103,3080.7,all_outpatient_procedures_reporting_proxy,not_yet_filtered_by_sigtap
421635,4,4,4,4,3891,29964.0,17206.730000000018,11,4463.0,100.0,6713.869594443199,7491.0,all_outpatient_procedures_reporting_proxy,not_yet_filtered_by_sigtap
421640,3,3,3,3,33212,33695.0,42891.46999999992,9,8668.0,100.0,3887.2865712967237,11231.666666666666,all_outpatient_procedures_reporting_proxy,not_yet_filtered_by_sigtap
421650,3,3,2,2,3121,15846.0,14149.500000000024,6,25939.0,66.66666666666666,610.8947916265084,7923.0,all_outpatient_procedures_reporting_proxy,not_yet_filtered_by_sigtap
421660,28,27,0,0,0,0.0,0.0,0,270299.0,0.0,0.0,,all_outpatient_procedures_reporting_proxy,not_yet_filtered_by_sigtap
421670,5,4,1,1,159,16001.0,93984.92,2,14167.0,25.0,1129.4557775111173,16001.0,all_outpatient_procedures_reporting_proxy,not_yet_filtered_by_sigtap
421680,2,1,0,0,0,0.0,0.0,0,8708.0,0.0,0.0,,all_outpatient_procedures_reporting_proxy,not_yet_filtered_by_sigtap
421690,7,6,6,6,3479,30723.0,70890.15999999993,6,24791.0,100.0,1239.2803840103263,5120.5,all_outpatient_procedures_reporting_proxy,not_yet_filtered_by_sigtap
421700,6,6,6,6,9624,101471.0,31804.59999999999,12,13509.0,100.0,7511.362795173588,16911.833333333332,all_outpatient_procedures_reporting_proxy,not_yet_filtered_by_sigtap
421710,2,1,0,0,0,0.0,0.0,0,3405.0,0.0,0.0,,all_outpatient_procedures_reporting_proxy,not_yet_filtered_by_sigtap
421715,1,1,1,1,277,3446.0,18773.18,3,1781.0,100.0,1934.8680516563727,3446.0,all_outpatient_procedures_reporting_proxy,not_yet_filtered_by_sigtap
421720,18,16,2,2,1828,9667.0,45138.90999999997,6,44330.0,12.5,218.0690277464471,4833.5,all_outpatient_procedures_reporting_proxy,not_yet_filtered_by_sigtap
421725,3,3,2,2,20,20.0,160.78,4,5776.0,66.66666666666666,3.4626038781163433,10.0,all_outpatient_procedures_reporting_proxy,not_yet_filtered_by_sigtap
421730,3,1,1,1,332,16607.0,81260.33,3,10265.0,100.0,1617.8275694106185,16607.0,all_outpatient_procedures_reporting_proxy,not_yet_filtered_by_sigtap
421740,11,11,9,9,16352,53141.0,8721.490000000002,27,20061.0,81.81818181818183,2648.9706395493745,5904.555555555556,all_outpatient_procedures_reporting_proxy,not_yet_filtered_by_sigtap
421750,7,7,6,6,84834,85439.0,17110.690000000162,18,18620.0,85.71428571428571,4588.560687432868,14239.833333333334,all_outpatient_procedures_reporting_proxy,not_yet_filtered_by_sigtap
421755,1,1,1,1,282,7488.0,37053.09,3,3303.0,100.0,2267.0299727520437,7488.0,all_outpatient_procedures_reporting_proxy,not_yet_filtered_by_sigtap
421760,7,7,6,6,48,229.0,7419.6,11,13714.0,85.71428571428571,16.698264547178066,38.166666666666664,all_outpatient_procedures_reporting_proxy,not_yet_filtered_by_sigtap
421770,8,8,8,8,12135,108104.0,34215.48000000013,16,29991.0,100.0,3604.5480310759895,13513.0,all_outpatient_procedures_reporting_proxy,not_yet_filtered_by_sigtap
421775,1,1,1,1,2733,11702.0,69017.51000000004,3,2832.0,100.0,4132.062146892656,11702.0,all_outpatient_procedures_reporting_proxy,not_yet_filtered_by_sigtap
421780,10,10,10,10,7744,37368.0,29664.08000000001,30,18310.0,100.0,2040.8519934462045,3736.8,all_outpatient_procedures_reporting_proxy,not_yet_filtered_by_sigtap
421790,3,3,1,1,105,2298.0,17662.410000000003,2,8143.0,33.33333333333333,282.2055753407835,2298.0,all_outpatient_procedures_reporting_proxy,not_yet_filtered_by_sigtap
421795,1,1,1,1,233,10152.0,39397.44,2,2329.0,100.0,4358.952340060112,10152.0,all_outpatient_procedures_reporting_proxy,not_yet_filtered_by_sigtap
421800,9,9,0,0,0,0.0,0.0,0,51592.0,0.0,0.0,,all_outpatient_procedures_reporting_proxy,not_yet_filtered_by_sigtap
421810,3,3,3,3,3470,39742.0,13642.09,9,5386.0,100.0,7378.759747493501,13247.333333333334,all_outpatient_procedures_reporting_proxy,not_yet_filtered_by_sigtap
421820,17,15,13,13,12763,55080.0,83131.06999999995,26,46099.0,86.66666666666667,1194.8198442482483,4236.923076923077,all_outpatient_procedures_reporting_proxy,not_yet_filtered_by_sigtap
421825,3,3,1,1,4,4.0,22.8,2,7342.0,33.33333333333333,0.5448106782892945,4.0,all_outpatient_procedures_reporting_proxy,not_yet_filtered_by_sigtap
421830,3,2,1,1,2016,8849.0,9923.640000000005,1,19746.0,50.0,448.1413957257166,8849.0,all_outpatient_procedures_reporting_proxy,not_yet_filtered_by_sigtap
421835,1,1,1,1,4721,15976.0,275.67,3,3782.0,100.0,4224.2199894235855,15976.0,all_outpatient_procedures_reporting_proxy,not_yet_filtered_by_sigtap
421840,4,4,4,4,6773,58667.0,22512.510000000017,12,7362.0,100.0,7968.894322195056,14666.75,all_outpatient_procedures_reporting_proxy,not_yet_filtered_by_sigtap
421850,2,1,1,1,6551,46040.0,46966.72999999994,3,8787.0,100.0,5239.558438602481,46040.0,all_outpatient_procedures_reporting_proxy,not_yet_filtered_by_sigtap
421860,4,3,2,2,206,15355.0,221826.93000000008,4,7274.0,66.66666666666666,2110.943084960132,7677.5,all_outpatient_procedures_reporting_proxy,not_yet_filtered_by_sigtap
421870,37,35,1,1,32,258.0,492.5999999999999,2,110088.0,2.857142857142857,2.343579681709178,258.0,all_outpatient_procedures_reporting_proxy,not_yet_filtered_by_sigtap
421875,2,1,1,1,1419,13659.0,68943.80999999969,3,4916.0,100.0,2778.478437754272,13659.0,all_outpatient_procedures_reporting_proxy,not_yet_filtered_by_sigtap
421880,7,6,6,6,9381,121440.0,188331.50000000003,18,13043.0,100.0,9310.741393851109,20240.0,all_outpatient_procedures_reporting_proxy,not_yet_filtered_by_sigtap
421885,1,1,1,1,232,1800.0,14264.650000000003,2,2774.0,100.0,648.8824801730353,1800.0,all_outpatient_procedures_reporting_proxy,not_yet_filtered_by_sigtap
421890,6,5,1,1,3,3.0,32.7,1,10834.0,20.0,0.2769060365515968,3.0,all_outpatient_procedures_reporting_proxy,not_yet_filtered_by_sigtap
421895,1,1,0,0,0,0.0,0.0,0,2656.0,0.0,0.0,,all_outpatient_procedures_reporting_proxy,not_yet_filtered_by_sigtap
421900,10,9,9,9,32629,116745.0,220550.02000000016,27,20919.0,100.0,5580.811702280224,12971.666666666666,all_outpatient_procedures_reporting_proxy,not_yet_filtered_by_sigtap
421910,1,1,1,1,331,1002.0,5181.049999999994,3,3634.0,100.0,275.7292239955971,1002.0,all_outpatient_procedures_reporting_proxy,not_yet_filtered_by_sigtap
421915,1,1,1,1,906,1185.0,27157.930000000066,2,2627.0,100.0,451.08488770460605,1185.0,all_outpatient_procedures_reporting_proxy,not_yet_filtered_by_sigtap
421917,1,1,1,1,2673,24599.0,4215.409999999994,3,4576.0,100.0,5375.6555944055945,24599.0,all_outpatient_procedures_reporting_proxy,not_yet_filtered_by_sigtap
421920,2,2,2,2,6727,42202.0,315518.5299999977,4,6189.0,100.0,6818.872192599774,21101.0,all_outpatient_procedures_reporting_proxy,not_yet_filtered_by_sigtap
421930,22,19,16,16,163427,165021.0,54453.81000000005,48,55466.0,84.21052631578947,2975.173980456496,10313.8125,all_outpatient_procedures_reporting_proxy,not_yet_filtered_by_sigtap
421935,2,2,1,1,2740,37476.0,96408.09999999996,3,5370.0,50.0,6978.77094972067,37476.0,all_outpatient_procedures_reporting_proxy,not_yet_filtered_by_sigtap
421940,1,1,1,1,3615,14496.0,47560.15999999997,3,4255.0,100.0,3406.8155111633373,14496.0,all_outpatient_procedures_reporting_proxy,not_yet_filtered_by_sigtap
421950,16,15,14,14,17837,133196.0,1619.6000000000001,42,51607.0,93.33333333333333,2580.9676981804796,9514.0,all_outpatient_procedures_reporting_proxy,not_yet_filtered_by_sigtap
421960,2,1,1,1,1974,11752.0,22585.349999999984,3,3653.0,100.0,3217.0818505338075,11752.0,all_outpatient_procedures_reporting_proxy,not_yet_filtered_by_sigtap
421970,12,10,2,2,2052,2112.0,73629.00000000044,4,31918.0,20.0,66.16955949620903,1056.0,all_outpatient_procedures_reporting_proxy,not_yet_filtered_by_sigtap
421985,1,1,1,1,538,10623.0,77052.29000000005,3,3930.0,100.0,2703.053435114504,10623.0,all_outpatient_procedures_reporting_proxy,not_yet_filtered_by_sigtap
422000,6,5,5,5,11562,131331.0,30668.37,15,15981.0,100.0,8217.946311244603,26266.2,all_outpatient_procedures_reporting_proxy,not_yet_filtered_by_sigtap
430003,2,2,0,0,0,0.0,0.0,0,4170.0,0.0,0.0,,all_outpatient_procedures_reporting_proxy,not_yet_filtered_by_sigtap
430005,2,2,1,1,78,279.0,1306.2899999999995,2,3912.0,50.0,71.31901840490798,279.0,all_outpatient_procedures_reporting_proxy,not_yet_filtered_by_sigtap
430010,2,2,0,0,0,0.0,0.0,0,16041.0,0.0,0.0,,all_outpatient_procedures_reporting_proxy,not_yet_filtered_by_sigtap
430020,3,3,0,0,0,0.0,0.0,0,6720.0,0.0,0.0,,all_outpatient_procedures_reporting_proxy,not_yet_filtered_by_sigtap
430030,2,1,1,1,114,114.0,8100.0,2,6123.0,100.0,18.618324350808425,114.0,all_outpatient_procedures_reporting_proxy,not_yet_filtered_by_sigtap
430040,26,20,0,0,0,0.0,0.0,0,72409.0,0.0,0.0,,all_outpatient_procedures_reporting_proxy,not_yet_filtered_by_sigtap
430045,1,1,0,0,0,0.0,0.0,0,3651.0,0.0,0.0,,all_outpatient_procedures_reporting_proxy,not_yet_filtered_by_sigtap
430050,4,4,0,0,0,0.0,0.0,0,7117.0,0.0,0.0,,all_outpatient_procedures_reporting_proxy,not_yet_filtered_by_sigtap
430055,1,1,1,1,116,395.0,1924.64,2,1800.0,100.0,219.44444444444443,395.0,all_outpatient_procedures_reporting_proxy,not_yet_filtered_by_sigtap
430060,20,19,0,0,0,0.0,0.0,0,187315.0,0.0,0.0,,all_outpatient_procedures_reporting_proxy,not_yet_filtered_by_sigtap
430064,4,4,1,1,58,3968.0,12401.370000000004,2,7650.0,25.0,518.6928104575163,3968.0,all_outpatient_procedures_reporting_proxy,not_yet_filtered_by_sigtap
430070,1,1,1,1,2,16.0,0.0,1,5957.0,100.0,2.68591572939399,16.0,all_outpatient_procedures_reporting_proxy,not_yet_filtered_by_sigtap
430080,2,2,2,2,3331,17351.0,4013.42,4,13045.0,100.0,1330.0881563817554,8675.5,all_outpatient_procedures_reporting_proxy,not_yet_filtered_by_sigtap
430085,1,1,1,1,1139,5783.0,16465.2,2,4112.0,100.0,1406.3715953307394,5783.0,all_outpatient_procedures_reporting_proxy,not_yet_filtered_by_sigtap
430087,3,3,0,0,0,0.0,0.0,0,8525.0,0.0,0.0,,all_outpatient_procedures_reporting_proxy,not_yet_filtered_by_sigtap
430090,1,1,0,0,0,0.0,0.0,0,6483.0,0.0,0.0,,all_outpatient_procedures_reporting_proxy,not_yet_filtered_by_sigtap
430105,6,5,0,0,0,0.0,0.0,0,11057.0,0.0,0.0,,all_outpatient_procedures_reporting_proxy,not_yet_filtered_by_sigtap
430107,1,1,0,0,0,0.0,0.0,0,2599.0,0.0,0.0,,all_outpatient_procedures_reporting_proxy,not_yet_filtered_by_sigtap
430110,4,4,0,0,0,0.0,0.0,0,14601.0,0.0,0.0,,all_outpatient_procedures_reporting_proxy,not_yet_filtered_by_sigtap
430120,4,4,0,0,0,0.0,0.0,0,12058.0,0.0,0.0,,all_outpatient_procedures_reporting_proxy,not_yet_filtered_by_sigtap
430130,4,4,0,0,0,0.0,0.0,0,17558.0,0.0,0.0,,all_outpatient_procedures_reporting_proxy,not_yet_filtered_by_sigtap
430140,4,3,2,2,399,1186.0,15088.160000000002,4,10322.0,66.66666666666666,114.90021313698895,593.0,all_outpatient_procedures_reporting_proxy,not_yet_filtered_by_sigtap
430150,1,1,1,1,1542,23142.0,0.0,2,7149.0,100.0,3237.0960973562733,23142.0,all_outpatient_procedures_reporting_proxy,not_yet_filtered_by_sigtap
430155,1,1,0,0,0,0.0,0.0,0,3396.0,0.0,0.0,,all_outpatient_procedures_reporting_proxy,not_yet_filtered_by_sigtap
430160,19,16,0,0,0,0.0,0.0,0,117938.0,0.0,0.0,,all_outpatient_procedures_reporting_proxy,not_yet_filtered_by_sigtap
430165,4,4,0,0,0,0.0,0.0,0,6461.0,0.0,0.0,,all_outpatient_procedures_reporting_proxy,not_yet_filtered_by_sigtap
430170,2,1,0,0,0,0.0,0.0,0,7144.0,0.0,0.0,,all_outpatient_procedures_reporting_proxy,not_yet_filtered_by_sigtap
430175,2,2,0,0,0,0.0,0.0,0,5889.0,0.0,0.0,,all_outpatient_procedures_reporting_proxy,not_yet_filtered_by_sigtap
430180,1,1,0,0,0,0.0,0.0,0,4831.0,0.0,0.0,,all_outpatient_procedures_reporting_proxy,not_yet_filtered_by_sigtap
430185,3,3,0,0,0,0.0,0.0,0,3161.0,0.0,0.0,,all_outpatient_procedures_reporting_proxy,not_yet_filtered_by_sigtap
430187,4,3,0,0,0,0.0,0.0,0,4241.0,0.0,0.0,,all_outpatient_procedures_reporting_proxy,not_yet_filtered_by_sigtap
430190,3,3,0,0,0,0.0,0.0,0,12225.0,0.0,0.0,,all_outpatient_procedures_reporting_proxy,not_yet_filtered_by_sigtap
430192,1,1,1,1,23,23.0,5175.0,2,1696.0,100.0,13.56132075471698,23.0,all_outpatient_procedures_reporting_proxy,not_yet_filtered_by_sigtap
430195,1,1,0,0,0,0.0,0.0,0,2498.0,0.0,0.0,,all_outpatient_procedures_reporting_proxy,not_yet_filtered_by_sigtap
430200,6,4,0,0,0,0.0,0.0,0,9296.0,0.0,0.0,,all_outpatient_procedures_reporting_proxy,not_yet_filtered_by_sigtap
430205,1,1,1,1,156,3594.0,23795.310000000005,2,2082.0,100.0,1726.2247838616715,3594.0,all_outpatient_procedures_reporting_proxy,not_yet_filtered_by_sigtap
430210,21,19,1,1,274,1774.0,0.0,2,123151.0,5.263157894736842,14.405079942509603,1774.0,all_outpatient_procedures_reporting_proxy,not_yet_filtered_by_sigtap
430215,1,1,1,1,24,24.0,5400.0,2,1933.0,100.0,12.415933781686498,24.0,all_outpatient_procedures_reporting_proxy,not_yet_filtered_by_sigtap
430220,5,3,1,1,22,22.0,4950.0,2,6966.0,33.33333333333333,3.1581969566465693,22.0,all_outpatient_procedures_reporting_proxy,not_yet_filtered_by_sigtap
430222,1,1,0,0,0,0.0,0.0,0,2229.0,0.0,0.0,,all_outpatient_procedures_reporting_proxy,not_yet_filtered_by_sigtap
430225,1,1,0,0,0,0.0,0.0,0,2779.0,0.0,0.0,,all_outpatient_procedures_reporting_proxy,not_yet_filtered_by_sigtap
430230,4,3,0,0,0,0.0,0.0,0,11202.0,0.0,0.0,,all_outpatient_procedures_reporting_proxy,not_yet_filtered_by_sigtap
430235,4,4,0,0,0,0.0,0.0,0,13142.0,0.0,0.0,,all_outpatient_procedures_reporting_proxy,not_yet_filtered_by_sigtap
430237,1,1,0,0,0,0.0,0.0,0,2096.0,0.0,0.0,,all_outpatient_procedures_reporting_proxy,not_yet_filtered_by_sigtap
430240,4,4,1,1,31,152.0,4500.0,2,12294.0,25.0,12.36375467707825,152.0,all_outpatient_procedures_reporting_proxy,not_yet_filtered_by_sigtap
430245,1,1,0,0,0,0.0,0.0,0,6247.0,0.0,0.0,,all_outpatient_procedures_reporting_proxy,not_yet_filtered_by_sigtap
430250,3,3,0,0,0,0.0,0.0,0,5890.0,0.0,0.0,,all_outpatient_procedures_reporting_proxy,not_yet_filtered_by_sigtap
430258,1,1,0,0,0,0.0,0.0,0,2151.0,0.0,0.0,,all_outpatient_procedures_reporting_proxy,not_yet_filtered_by_sigtap
430260,1,1,1,1,22,22.0,4950.0,1,3268.0,100.0,6.731946144430845,22.0,all_outpatient_procedures_reporting_proxy,not_yet_filtered_by_sigtap
430265,1,1,0,0,0,0.0,0.0,0,4966.0,0.0,0.0,,all_outpatient_procedures_reporting_proxy,not_yet_filtered_by_sigtap
430270,10,6,0,0,0,0.0,0.0,0,19084.0,0.0,0.0,,all_outpatient_procedures_reporting_proxy,not_yet_filtered_by_sigtap
430280,9,7,0,0,0,0.0,0.0,0,32515.0,0.0,0.0,,all_outpatient_procedures_reporting_proxy,not_yet_filtered_by_sigtap
430290,6,6,0,0,0,0.0,0.0,0,11157.0,0.0,0.0,,all_outpatient_procedures_reporting_proxy,not_yet_filtered_by_sigtap
430300,31,19,18,18,28994,94989.0,15941.97,36,80070.0,94.73684210526315,1186.3244660921694,5277.166666666667,all_outpatient_procedures_reporting_proxy,not_yet_filtered_by_sigtap
430310,4,0,0,0,0,0.0,0.0,0,136258.0,,0.0,,no_active_ubs_denominator,not_yet_filtered_by_sigtap
430330,3,2,0,0,0,0.0,0.0,0,4704.0,0.0,0.0,,all_outpatient_procedures_reporting_proxy,not_yet_filtered_by_sigtap
430340,1,1,0,0,0,0.0,0.0,0,4836.0,0.0,0.0,,all_outpatient_procedures_reporting_proxy,not_yet_filtered_by_sigtap
430350,15,12,0,0,0,0.0,0.0,0,62200.0,0.0,0.0,,all_outpatient_procedures_reporting_proxy,not_yet_filtered_by_sigtap
430355,1,1,0,0,0,0.0,0.0,0,2981.0,0.0,0.0,,all_outpatient_procedures_reporting_proxy,not_yet_filtered_by_sigtap
430360,3,2,0,0,0,0.0,0.0,0,6361.0,0.0,0.0,,all_outpatient_procedures_reporting_proxy,not_yet_filtered_by_sigtap
430367,2,1,1,1,97,480.0,2606.16,2,3242.0,100.0,148.05675508945095,480.0,all_outpatient_procedures_reporting_proxy,not_yet_filtered_by_sigtap
430380,1,1,0,0,0,0.0,0.0,0,5284.0,0.0,0.0,,all_outpatient_procedures_reporting_proxy,not_yet_filtered_by_sigtap
430390,18,18,14,14,21223,182703.0,26937.800000000014,28,62886.0,77.77777777777779,2905.3048373246825,13050.214285714286,all_outpatient_procedures_reporting_proxy,not_yet_filtered_by_sigtap
430400,1,1,0,0,0,0.0,0.0,0,4975.0,0.0,0.0,,all_outpatient_procedures_reporting_proxy,not_yet_filtered_by_sigtap
430410,1,1,0,0,0,0.0,0.0,0,3613.0,0.0,0.0,,all_outpatient_procedures_reporting_proxy,not_yet_filtered_by_sigtap
430420,8,7,0,0,0,0.0,0.0,0,28906.0,0.0,0.0,,all_outpatient_procedures_reporting_proxy,not_yet_filtered_by_sigtap
430430,2,1,0,0,0,0.0,0.0,0,6294.0,0.0,0.0,,all_outpatient_procedures_reporting_proxy,not_yet_filtered_by_sigtap
430435,2,2,2,2,85,3022.0,283.65,2,10710.0,100.0,282.16619981325863,1511.0,all_outpatient_procedures_reporting_proxy,not_yet_filtered_by_sigtap
430440,8,6,0,0,0,0.0,0.0,0,48946.0,0.0,0.0,,all_outpatient_procedures_reporting_proxy,not_yet_filtered_by_sigtap
430450,9,9,0,0,0,0.0,0.0,0,49680.0,0.0,0.0,,all_outpatient_procedures_reporting_proxy,not_yet_filtered_by_sigtap
430460,46,35,2,2,935,1065.0,1965.839999999998,2,347657.0,5.714285714285714,3.063364177910987,532.5,all_outpatient_procedures_reporting_proxy,not_yet_filtered_by_sigtap
430461,1,1,0,0,0,0.0,0.0,0,1656.0,0.0,0.0,,all_outpatient_procedures_reporting_proxy,not_yet_filtered_by_sigtap
430462,1,1,0,0,0,0.0,0.0,0,1733.0,0.0,0.0,,all_outpatient_procedures_reporting_proxy,not_yet_filtered_by_sigtap
430463,17,14,2,2,2504,6481.0,9564.040000000003,4,63594.0,14.285714285714285,101.91213007516433,3240.5,all_outpatient_procedures_reporting_proxy,not_yet_filtered_by_sigtap
430465,3,3,0,0,0,0.0,0.0,0,3119.0,0.0,0.0,,all_outpatient_procedures_reporting_proxy,not_yet_filtered_by_sigtap
430466,6,6,0,0,0,0.0,0.0,0,26487.0,0.0,0.0,,all_outpatient_procedures_reporting_proxy,not_yet_filtered_by_sigtap
430467,2,2,0,0,0,0.0,0.0,0,3991.0,0.0,0.0,,all_outpatient_procedures_reporting_proxy,not_yet_filtered_by_sigtap
430468,1,1,0,0,0,0.0,0.0,0,11159.0,0.0,0.0,,all_outpatient_procedures_reporting_proxy,not_yet_filtered_by_sigtap
430470,1,1,0,0,0,0.0,0.0,0,61804.0,0.0,0.0,,all_outpatient_procedures_reporting_proxy,not_yet_filtered_by_sigtap
430480,4,2,2,2,33033,35862.0,71580.01999999865,4,30420.0,100.0,1178.8954635108482,17931.0,all_outpatient_procedures_reporting_proxy,not_yet_filtered_by_sigtap
430485,1,1,0,0,0,0.0,0.0,0,1368.0,0.0,0.0,,all_outpatient_procedures_reporting_proxy,not_yet_filtered_by_sigtap
430490,3,3,0,0,0,0.0,0.0,0,9465.0,0.0,0.0,,all_outpatient_procedures_reporting_proxy,not_yet_filtered_by_sigtap
430495,2,1,0,0,0,0.0,0.0,0,3000.0,0.0,0.0,,all_outpatient_procedures_reporting_proxy,not_yet_filtered_by_sigtap
430500,2,2,0,0,0,0.0,0.0,0,8674.0,0.0,0.0,,all_outpatient_procedures_reporting_proxy,not_yet_filtered_by_sigtap
430510,52,52,0,0,0,0.0,0.0,0,463501.0,0.0,0.0,,all_outpatient_procedures_reporting_proxy,not_yet_filtered_by_sigtap
430511,1,1,0,0,0,0.0,0.0,0,2721.0,0.0,0.0,,all_outpatient_procedures_reporting_proxy,not_yet_filtered_by_sigtap
430512,1,1,0,0,0,0.0,0.0,0,5808.0,0.0,0.0,,all_outpatient_procedures_reporting_proxy,not_yet_filtered_by_sigtap
430513,2,2,2,2,2105,16555.0,0.0,4,3802.0,100.0,4354.287217254077,8277.5,all_outpatient_procedures_reporting_proxy,not_yet_filtered_by_sigtap
430515,2,2,0,0,0,0.0,0.0,0,2379.0,0.0,0.0,,all_outpatient_procedures_reporting_proxy,not_yet_filtered_by_sigtap
430517,3,3,0,0,0,0.0,0.0,0,9178.0,0.0,0.0,,all_outpatient_procedures_reporting_proxy,not_yet_filtered_by_sigtap
430520,6,4,0,0,0,0.0,0.0,0,13705.0,0.0,0.0,,all_outpatient_procedures_reporting_proxy,not_yet_filtered_by_sigtap
430535,6,6,0,0,0,0.0,0.0,0,35012.0,0.0,0.0,,all_outpatient_procedures_reporting_proxy,not_yet_filtered_by_sigtap
430537,1,1,0,0,0,0.0,0.0,0,2768.0,0.0,0.0,,all_outpatient_procedures_reporting_proxy,not_yet_filtered_by_sigtap
430540,1,0,0,0,0,0.0,0.0,0,3913.0,,0.0,,no_active_ubs_denominator,not_yet_filtered_by_sigtap
430543,2,2,0,0,0,0.0,0.0,0,6262.0,0.0,0.0,,all_outpatient_procedures_reporting_proxy,not_yet_filtered_by_sigtap
430544,4,2,0,0,0,0.0,0.0,0,4597.0,0.0,0.0,,all_outpatient_procedures_reporting_proxy,not_yet_filtered_by_sigtap
430545,4,4,0,0,0,0.0,0.0,0,17071.0,0.0,0.0,,all_outpatient_procedures_reporting_proxy,not_yet_filtered_by_sigtap
430550,1,1,0,0,0,0.0,0.0,0,4149.0,0.0,0.0,,all_outpatient_procedures_reporting_proxy,not_yet_filtered_by_sigtap
430558,1,1,0,0,0,0.0,0.0,0,2423.0,0.0,0.0,,all_outpatient_procedures_reporting_proxy,not_yet_filtered_by_sigtap
430560,1,1,0,0,0,0.0,0.0,0,3258.0,0.0,0.0,,all_outpatient_procedures_reporting_proxy,not_yet_filtered_by_sigtap
430570,1,1,0,0,0,0.0,0.0,0,6406.0,0.0,0.0,,all_outpatient_procedures_reporting_proxy,not_yet_filtered_by_sigtap
430580,3,2,1,1,20,20.0,4500.0,1,10385.0,50.0,1.9258545979778525,20.0,all_outpatient_procedures_reporting_proxy,not_yet_filtered_by_sigtap
430583,1,1,0,0,0,0.0,0.0,0,1290.0,0.0,0.0,,all_outpatient_procedures_reporting_proxy,not_yet_filtered_by_sigtap
430585,1,1,1,1,102,466.0,2686.75,2,2211.0,100.0,210.76436001809137,466.0,all_outpatient_procedures_reporting_proxy,not_yet_filtered_by_sigtap
430587,1,1,0,0,0,0.0,0.0,0,2822.0,0.0,0.0,,all_outpatient_procedures_reporting_proxy,not_yet_filtered_by_sigtap
430590,3,3,1,1,17,17.0,3825.0,1,6144.0,33.33333333333333,2.7669270833333335,17.0,all_outpatient_procedures_reporting_proxy,not_yet_filtered_by_sigtap
430593,1,1,0,0,0,0.0,0.0,0,1607.0,0.0,0.0,,all_outpatient_procedures_reporting_proxy,not_yet_filtered_by_sigtap
430595,2,1,0,0,0,0.0,0.0,0,3846.0,0.0,0.0,,all_outpatient_procedures_reporting_proxy,not_yet_filtered_by_sigtap
430597,1,1,1,1,13,13.0,2925.0,1,2667.0,100.0,4.874390701162355,13.0,all_outpatient_procedures_reporting_proxy,not_yet_filtered_by_sigtap
430600,1,0,0,0,0,0.0,0.0,0,12886.0,,0.0,,no_active_ubs_denominator,not_yet_filtered_by_sigtap
430605,3,3,0,0,0,0.0,0.0,0,7299.0,0.0,0.0,,all_outpatient_procedures_reporting_proxy,not_yet_filtered_by_sigtap
430607,2,2,0,0,0,0.0,0.0,0,2692.0,0.0,0.0,,all_outpatient_procedures_reporting_proxy,not_yet_filtered_by_sigtap
430610,24,23,1,1,17,17.0,170.0,1,58913.0,4.3478260869565215,0.2885610985690764,17.0,all_outpatient_procedures_reporting_proxy,not_yet_filtered_by_sigtap
430613,2,1,1,1,38,124.0,3012.7899999999995,2,1635.0,100.0,75.84097859327217,124.0,all_outpatient_procedures_reporting_proxy,not_yet_filtered_by_sigtap
430620,3,3,1,1,20,20.0,4500.0,1,11600.0,33.33333333333333,1.7241379310344827,20.0,all_outpatient_procedures_reporting_proxy,not_yet_filtered_by_sigtap
430630,1,1,1,1,227,645.0,3012.1499999999983,2,4321.0,100.0,149.2710020828512,645.0,all_outpatient_procedures_reporting_proxy,not_yet_filtered_by_sigtap
430632,2,1,0,0,0,0.0,0.0,0,2751.0,0.0,0.0,,all_outpatient_procedures_reporting_proxy,not_yet_filtered_by_sigtap
430635,1,1,0,0,0,0.0,0.0,0,2507.0,0.0,0.0,,all_outpatient_procedures_reporting_proxy,not_yet_filtered_by_sigtap
430637,1,1,0,0,0,0.0,0.0,0,2806.0,0.0,0.0,,all_outpatient_procedures_reporting_proxy,not_yet_filtered_by_sigtap
430640,8,7,0,0,0,0.0,0.0,0,30709.0,0.0,0.0,,all_outpatient_procedures_reporting_proxy,not_yet_filtered_by_sigtap
430642,1,1,1,1,8,25.0,0.0,2,2090.0,100.0,11.961722488038278,25.0,all_outpatient_procedures_reporting_proxy,not_yet_filtered_by_sigtap
430645,1,1,0,0,0,0.0,0.0,0,3097.0,0.0,0.0,,all_outpatient_procedures_reporting_proxy,not_yet_filtered_by_sigtap
430650,6,6,0,0,0,0.0,0.0,0,13051.0,0.0,0.0,,all_outpatient_procedures_reporting_proxy,not_yet_filtered_by_sigtap
430655,1,1,0,0,0,0.0,0.0,0,2562.0,0.0,0.0,,all_outpatient_procedures_reporting_proxy,not_yet_filtered_by_sigtap
430660,8,7,0,0,0,0.0,0.0,0,36981.0,0.0,0.0,,all_outpatient_procedures_reporting_proxy,not_yet_filtered_by_sigtap
430670,2,1,0,0,0,0.0,0.0,0,3079.0,0.0,0.0,,all_outpatient_procedures_reporting_proxy,not_yet_filtered_by_sigtap
430673,2,2,0,0,0,0.0,0.0,0,4470.0,0.0,0.0,,all_outpatient_procedures_reporting_proxy,not_yet_filtered_by_sigtap
430675,1,1,0,0,0,0.0,0.0,0,1888.0,0.0,0.0,,all_outpatient_procedures_reporting_proxy,not_yet_filtered_by_sigtap
430676,9,9,0,0,0,0.0,0.0,0,39559.0,0.0,0.0,,all_outpatient_procedures_reporting_proxy,not_yet_filtered_by_sigtap
430680,3,2,0,0,0,0.0,0.0,0,22962.0,0.0,0.0,,all_outpatient_procedures_reporting_proxy,not_yet_filtered_by_sigtap
430690,6,5,0,0,0,0.0,0.0,0,23819.0,0.0,0.0,,all_outpatient_procedures_reporting_proxy,not_yet_filtered_by_sigtap
430692,2,1,0,0,0,0.0,0.0,0,1296.0,0.0,0.0,,all_outpatient_procedures_reporting_proxy,not_yet_filtered_by_sigtap
430693,5,3,3,3,33,219.0,234.41,6,9158.0,100.0,23.913518235422583,73.0,all_outpatient_procedures_reporting_proxy,not_yet_filtered_by_sigtap
430695,1,1,0,0,0,0.0,0.0,0,2685.0,0.0,0.0,,all_outpatient_procedures_reporting_proxy,not_yet_filtered_by_sigtap
430697,1,1,0,0,0,0.0,0.0,0,3054.0,0.0,0.0,,all_outpatient_procedures_reporting_proxy,not_yet_filtered_by_sigtap
430700,13,12,12,12,20933,131536.0,0.0,24,105705.0,100.0,1244.3687621209972,10961.333333333334,all_outpatient_procedures_reporting_proxy,not_yet_filtered_by_sigtap
430710,3,3,0,0,0,0.0,0.0,0,6191.0,0.0,0.0,,all_outpatient_procedures_reporting_proxy,not_yet_filtered_by_sigtap
430720,1,1,1,1,565,831.0,4315.980000000003,2,4930.0,100.0,168.5598377281947,831.0,all_outpatient_procedures_reporting_proxy,not_yet_filtered_by_sigtap
430730,3,3,0,0,0,0.0,0.0,0,6787.0,0.0,0.0,,all_outpatient_procedures_reporting_proxy,not_yet_filtered_by_sigtap
430740,1,1,0,0,0,0.0,0.0,0,3195.0,0.0,0.0,,all_outpatient_procedures_reporting_proxy,not_yet_filtered_by_sigtap
430745,1,1,0,0,0,0.0,0.0,0,3226.0,0.0,0.0,,all_outpatient_procedures_reporting_proxy,not_yet_filtered_by_sigtap
430750,4,4,1,1,30,30.0,6750.0,2,15173.0,25.0,1.9771963355961248,30.0,all_outpatient_procedures_reporting_proxy,not_yet_filtered_by_sigtap
430755,2,2,0,0,0,0.0,0.0,0,5582.0,0.0,0.0,,all_outpatient_procedures_reporting_proxy,not_yet_filtered_by_sigtap
430760,10,9,0,0,0,0.0,0.0,0,47924.0,0.0,0.0,,all_outpatient_procedures_reporting_proxy,not_yet_filtered_by_sigtap
430770,16,15,15,15,11953,47714.0,3582.0199999999995,30,76137.0,100.0,626.6861053101645,3180.9333333333334,all_outpatient_procedures_reporting_proxy,not_yet_filtered_by_sigtap
430780,8,6,0,0,0,0.0,0.0,0,32183.0,0.0,0.0,,all_outpatient_procedures_reporting_proxy,not_yet_filtered_by_sigtap
430781,1,1,1,1,244,525.0,0.0,2,3070.0,100.0,171.0097719869707,525.0,all_outpatient_procedures_reporting_proxy,not_yet_filtered_by_sigtap
430783,1,1,0,0,0,0.0,0.0,0,2633.0,0.0,0.0,,all_outpatient_procedures_reporting_proxy,not_yet_filtered_by_sigtap
430786,1,1,1,1,297,2018.0,23664.77000000002,2,2566.0,100.0,786.4380358534684,2018.0,all_outpatient_procedures_reporting_proxy,not_yet_filtered_by_sigtap
430790,19,14,14,14,3038,15130.0,28529.609999999993,28,70286.0,100.0,215.26335258799762,1080.7142857142858,all_outpatient_procedures_reporting_proxy,not_yet_filtered_by_sigtap
430800,2,2,0,0,0,0.0,0.0,0,6702.0,0.0,0.0,,all_outpatient_procedures_reporting_proxy,not_yet_filtered_by_sigtap
430805,1,1,0,0,0,0.0,0.0,0,2520.0,0.0,0.0,,all_outpatient_procedures_reporting_proxy,not_yet_filtered_by_sigtap
430807,1,1,1,1,45,58.0,9675.0,2,4291.0,100.0,13.516662782568165,58.0,all_outpatient_procedures_reporting_proxy,not_yet_filtered_by_sigtap
430810,6,3,1,1,2,2.0,0.0,2,13764.0,33.33333333333333,0.14530659691950015,2.0,all_outpatient_procedures_reporting_proxy,not_yet_filtered_by_sigtap
430820,6,6,1,1,335,335.0,7032.749999999998,2,30892.0,16.666666666666664,10.844231516250161,335.0,all_outpatient_procedures_reporting_proxy,not_yet_filtered_by_sigtap
430825,1,1,0,0,0,0.0,0.0,0,1668.0,0.0,0.0,,all_outpatient_procedures_reporting_proxy,not_yet_filtered_by_sigtap
430830,5,4,0,0,0,0.0,0.0,0,9550.0,0.0,0.0,,all_outpatient_procedures_reporting_proxy,not_yet_filtered_by_sigtap
430840,4,4,0,0,0,0.0,0.0,0,6413.0,0.0,0.0,,all_outpatient_procedures_reporting_proxy,not_yet_filtered_by_sigtap
430843,1,1,1,1,21,21.0,4725.0,1,2393.0,100.0,8.775595486836606,21.0,all_outpatient_procedures_reporting_proxy,not_yet_filtered_by_sigtap
430845,2,2,0,0,0,0.0,0.0,0,4477.0,0.0,0.0,,all_outpatient_procedures_reporting_proxy,not_yet_filtered_by_sigtap
430850,6,5,1,1,116,116.0,1545.5299999999993,2,32627.0,20.0,3.555337603825053,116.0,all_outpatient_procedures_reporting_proxy,not_yet_filtered_by_sigtap
430860,6,5,0,0,0,0.0,0.0,0,34335.0,0.0,0.0,,all_outpatient_procedures_reporting_proxy,not_yet_filtered_by_sigtap
430865,2,2,0,0,0,0.0,0.0,0,2688.0,0.0,0.0,,all_outpatient_procedures_reporting_proxy,not_yet_filtered_by_sigtap
430870,1,1,0,0,0,0.0,0.0,0,5665.0,0.0,0.0,,all_outpatient_procedures_reporting_proxy,not_yet_filtered_by_sigtap
430880,3,3,0,0,0,0.0,0.0,0,7612.0,0.0,0.0,,all_outpatient_procedures_reporting_proxy,not_yet_filtered_by_sigtap
430885,1,1,1,1,74,788.0,840.74,2,1744.0,100.0,451.8348623853211,788.0,all_outpatient_procedures_reporting_proxy,not_yet_filtered_by_sigtap
430890,5,4,0,0,0,0.0,0.0,0,16602.0,0.0,0.0,,all_outpatient_procedures_reporting_proxy,not_yet_filtered_by_sigtap
430900,6,6,0,0,0,0.0,0.0,0,16013.0,0.0,0.0,,all_outpatient_procedures_reporting_proxy,not_yet_filtered_by_sigtap
430905,2,2,0,0,0,0.0,0.0,0,7658.0,0.0,0.0,,all_outpatient_procedures_reporting_proxy,not_yet_filtered_by_sigtap
430910,8,8,7,7,6184,46285.0,9774.650000000016,7,40134.0,87.5,1153.2615737280112,6612.142857142857,all_outpatient_procedures_reporting_proxy,not_yet_filtered_by_sigtap
430912,1,1,0,0,0,0.0,0.0,0,2014.0,0.0,0.0,,all_outpatient_procedures_reporting_proxy,not_yet_filtered_by_sigtap
430915,1,1,1,1,71,304.0,1010.65,2,3304.0,100.0,92.00968523002422,304.0,all_outpatient_procedures_reporting_proxy,not_yet_filtered_by_sigtap
430920,31,29,0,0,0,0.0,0.0,0,265074.0,0.0,0.0,,all_outpatient_procedures_reporting_proxy,not_yet_filtered_by_sigtap
430930,6,6,0,0,0,0.0,0.0,0,92924.0,0.0,0.0,,all_outpatient_procedures_reporting_proxy,not_yet_filtered_by_sigtap
430940,6,6,1,1,7520,37159.0,74680.6000000005,2,25268.0,16.666666666666664,1470.5952192496438,37159.0,all_outpatient_procedures_reporting_proxy,not_yet_filtered_by_sigtap
430950,4,3,0,0,0,0.0,0.0,0,7415.0,0.0,0.0,,all_outpatient_procedures_reporting_proxy,not_yet_filtered_by_sigtap
430955,1,1,0,0,0,0.0,0.0,0,5378.0,0.0,0.0,,all_outpatient_procedures_reporting_proxy,not_yet_filtered_by_sigtap
430957,1,1,0,0,0,0.0,0.0,0,2565.0,0.0,0.0,,all_outpatient_procedures_reporting_proxy,not_yet_filtered_by_sigtap
430960,6,6,6,6,7392,58525.0,913.59,12,18851.0,100.0,3104.6098350220145,9754.166666666666,all_outpatient_procedures_reporting_proxy,not_yet_filtered_by_sigtap
430965,1,1,0,0,0,0.0,0.0,0,5976.0,0.0,0.0,,all_outpatient_procedures_reporting_proxy,not_yet_filtered_by_sigtap
430970,3,2,1,1,66,66.0,14850.0,2,4681.0,50.0,14.099551377910704,66.0,all_outpatient_procedures_reporting_proxy,not_yet_filtered_by_sigtap
430975,2,2,1,1,18,18.0,4050.0,1,3732.0,50.0,4.82315112540193,18.0,all_outpatient_procedures_reporting_proxy,not_yet_filtered_by_sigtap
430980,1,1,0,0,0,0.0,0.0,0,4527.0,0.0,0.0,,all_outpatient_procedures_reporting_proxy,not_yet_filtered_by_sigtap
430995,1,1,0,0,0,0.0,0.0,0,3723.0,0.0,0.0,,all_outpatient_procedures_reporting_proxy,not_yet_filtered_by_sigtap
431000,7,7,2,2,101,101.0,11083.6,4,21583.0,28.57142857142857,4.679608951489598,50.5,all_outpatient_procedures_reporting_proxy,not_yet_filtered_by_sigtap
431010,13,12,0,0,0,0.0,0.0,0,32808.0,0.0,0.0,,all_outpatient_procedures_reporting_proxy,not_yet_filtered_by_sigtap
431020,25,21,0,0,0,0.0,0.0,0,84780.0,0.0,0.0,,all_outpatient_procedures_reporting_proxy,not_yet_filtered_by_sigtap
431030,1,1,0,0,0,0.0,0.0,0,4157.0,0.0,0.0,,all_outpatient_procedures_reporting_proxy,not_yet_filtered_by_sigtap
431033,8,7,0,0,0,0.0,0.0,0,26824.0,0.0,0.0,,all_outpatient_procedures_reporting_proxy,not_yet_filtered_by_sigtap
431036,1,1,1,1,20,20.0,4500.0,1,3080.0,100.0,6.493506493506494,20.0,all_outpatient_procedures_reporting_proxy,not_yet_filtered_by_sigtap
431040,2,2,0,0,0,0.0,0.0,0,6427.0,0.0,0.0,,all_outpatient_procedures_reporting_proxy,not_yet_filtered_by_sigtap
431041,2,1,0,0,0,0.0,0.0,0,2014.0,0.0,0.0,,all_outpatient_procedures_reporting_proxy,not_yet_filtered_by_sigtap
431043,2,2,0,0,0,0.0,0.0,0,5399.0,0.0,0.0,,all_outpatient_procedures_reporting_proxy,not_yet_filtered_by_sigtap
431046,1,1,0,0,0,0.0,0.0,0,1720.0,0.0,0.0,,all_outpatient_procedures_reporting_proxy,not_yet_filtered_by_sigtap
431050,2,1,1,1,33,2067.0,6694.45,2,7482.0,100.0,276.26303127506014,2067.0,all_outpatient_procedures_reporting_proxy,not_yet_filtered_by_sigtap
431053,2,2,0,0,0,0.0,0.0,0,5572.0,0.0,0.0,,all_outpatient_procedures_reporting_proxy,not_yet_filtered_by_sigtap
431055,1,1,0,0,0,0.0,0.0,0,2995.0,0.0,0.0,,all_outpatient_procedures_reporting_proxy,not_yet_filtered_by_sigtap
431060,15,12,0,0,0,0.0,0.0,0,35768.0,0.0,0.0,,all_outpatient_procedures_reporting_proxy,not_yet_filtered_by_sigtap
431065,1,1,0,0,0,0.0,0.0,0,2638.0,0.0,0.0,,all_outpatient_procedures_reporting_proxy,not_yet_filtered_by_sigtap
431070,1,1,1,1,47,47.0,794.2000000000002,2,3208.0,100.0,14.650872817955111,47.0,all_outpatient_procedures_reporting_proxy,not_yet_filtered_by_sigtap
431075,1,1,0,0,0,0.0,0.0,0,1929.0,0.0,0.0,,all_outpatient_procedures_reporting_proxy,not_yet_filtered_by_sigtap
431080,5,5,0,0,0,0.0,0.0,0,22983.0,0.0,0.0,,all_outpatient_procedures_reporting_proxy,not_yet_filtered_by_sigtap
431085,2,1,0,0,0,0.0,0.0,0,3779.0,0.0,0.0,,all_outpatient_procedures_reporting_proxy,not_yet_filtered_by_sigtap
431087,1,1,1,1,18,18.0,4050.0,2,2040.0,100.0,8.823529411764707,18.0,all_outpatient_procedures_reporting_proxy,not_yet_filtered_by_sigtap
431090,1,1,0,0,0,0.0,0.0,0,3338.0,0.0,0.0,,all_outpatient_procedures_reporting_proxy,not_yet_filtered_by_sigtap
431100,10,8,0,0,0,0.0,0.0,0,26603.0,0.0,0.0,,all_outpatient_procedures_reporting_proxy,not_yet_filtered_by_sigtap
431110,4,4,0,0,0,0.0,0.0,0,10579.0,0.0,0.0,,all_outpatient_procedures_reporting_proxy,not_yet_filtered_by_sigtap
431112,2,1,0,0,0,0.0,0.0,0,3690.0,0.0,0.0,,all_outpatient_procedures_reporting_proxy,not_yet_filtered_by_sigtap
431113,1,1,0,0,0,0.0,0.0,0,3349.0,0.0,0.0,,all_outpatient_procedures_reporting_proxy,not_yet_filtered_by_sigtap
431115,3,1,0,0,0,0.0,0.0,0,7184.0,0.0,0.0,,all_outpatient_procedures_reporting_proxy,not_yet_filtered_by_sigtap
431120,7,7,0,0,0,0.0,0.0,0,18226.0,0.0,0.0,,all_outpatient_procedures_reporting_proxy,not_yet_filtered_by_sigtap
431125,1,1,0,0,0,0.0,0.0,0,5341.0,0.0,0.0,,all_outpatient_procedures_reporting_proxy,not_yet_filtered_by_sigtap
431127,2,2,1,1,11,11.0,2475.0,2,1738.0,50.0,6.329113924050633,11.0,all_outpatient_procedures_reporting_proxy,not_yet_filtered_by_sigtap
431130,8,8,0,0,0,0.0,0.0,0,27659.0,0.0,0.0,,all_outpatient_procedures_reporting_proxy,not_yet_filtered_by_sigtap
431140,3,2,2,2,2987,3022.0,21950.880000000245,4,93646.0,100.0,32.27046536958333,1511.0,all_outpatient_procedures_reporting_proxy,not_yet_filtered_by_sigtap
431142,1,1,1,1,18,133.0,5.8,2,2601.0,100.0,51.13417916186083,133.0,all_outpatient_procedures_reporting_proxy,not_yet_filtered_by_sigtap
431160,3,3,0,0,0,0.0,0.0,0,4781.0,0.0,0.0,,all_outpatient_procedures_reporting_proxy,not_yet_filtered_by_sigtap
431162,2,2,0,0,0,0.0,0.0,0,6248.0,0.0,0.0,,all_outpatient_procedures_reporting_proxy,not_yet_filtered_by_sigtap
431164,1,1,0,0,0,0.0,0.0,0,1683.0,0.0,0.0,,all_outpatient_procedures_reporting_proxy,not_yet_filtered_by_sigtap
431170,4,2,0,0,0,0.0,0.0,0,5735.0,0.0,0.0,,all_outpatient_procedures_reporting_proxy,not_yet_filtered_by_sigtap
431171,5,2,0,0,0,0.0,0.0,0,4425.0,0.0,0.0,,all_outpatient_procedures_reporting_proxy,not_yet_filtered_by_sigtap
431173,3,3,0,0,0,0.0,0.0,0,3131.0,0.0,0.0,,all_outpatient_procedures_reporting_proxy,not_yet_filtered_by_sigtap
431175,3,3,0,0,0,0.0,0.0,0,6801.0,0.0,0.0,,all_outpatient_procedures_reporting_proxy,not_yet_filtered_by_sigtap
431177,4,4,0,0,0,0.0,0.0,0,7418.0,0.0,0.0,,all_outpatient_procedures_reporting_proxy,not_yet_filtered_by_sigtap
431179,1,1,0,0,0,0.0,0.0,0,2470.0,0.0,0.0,,all_outpatient_procedures_reporting_proxy,not_yet_filtered_by_sigtap
431180,17,15,14,14,11658,82909.0,3824.42,28,45124.0,93.33333333333333,1837.3592766598706,5922.071428571428,all_outpatient_procedures_reporting_proxy,not_yet_filtered_by_sigtap
431190,1,1,1,1,274,274.0,1405.5800000000002,2,4320.0,100.0,63.425925925925924,274.0,all_outpatient_procedures_reporting_proxy,not_yet_filtered_by_sigtap
431198,2,2,0,0,0,0.0,0.0,0,3916.0,0.0,0.0,,all_outpatient_procedures_reporting_proxy,not_yet_filtered_by_sigtap
431200,1,1,0,0,0,0.0,0.0,0,1858.0,0.0,0.0,,all_outpatient_procedures_reporting_proxy,not_yet_filtered_by_sigtap
431205,1,1,0,0,0,0.0,0.0,0,3969.0,0.0,0.0,,all_outpatient_procedures_reporting_proxy,not_yet_filtered_by_sigtap
431210,1,1,0,0,0,0.0,0.0,0,4698.0,0.0,0.0,,all_outpatient_procedures_reporting_proxy,not_yet_filtered_by_sigtap
431213,1,1,1,1,244,634.0,7725.440000000002,2,2553.0,100.0,248.3352918135527,634.0,all_outpatient_procedures_reporting_proxy,not_yet_filtered_by_sigtap
431215,1,1,0,0,0,0.0,0.0,0,4859.0,0.0,0.0,,all_outpatient_procedures_reporting_proxy,not_yet_filtered_by_sigtap
431217,1,1,0,0,0,0.0,0.0,0,1795.0,0.0,0.0,,all_outpatient_procedures_reporting_proxy,not_yet_filtered_by_sigtap
431220,1,1,1,1,36,202.0,1282.5,2,4191.0,100.0,48.19852063946552,202.0,all_outpatient_procedures_reporting_proxy,not_yet_filtered_by_sigtap
431225,1,1,1,1,351,6681.0,26381.5,1,7505.0,100.0,890.2065289806795,6681.0,all_outpatient_procedures_reporting_proxy,not_yet_filtered_by_sigtap
431230,1,1,1,1,25,25.0,5625.0,2,4427.0,100.0,5.6471651231082,25.0,all_outpatient_procedures_reporting_proxy,not_yet_filtered_by_sigtap
431235,1,1,0,0,0,0.0,0.0,0,1499.0,0.0,0.0,,all_outpatient_procedures_reporting_proxy,not_yet_filtered_by_sigtap
431237,2,2,0,0,0,0.0,0.0,0,3180.0,0.0,0.0,,all_outpatient_procedures_reporting_proxy,not_yet_filtered_by_sigtap
431238,1,1,1,1,37,87.0,446.61,2,2557.0,100.0,34.02424716464607,87.0,all_outpatient_procedures_reporting_proxy,not_yet_filtered_by_sigtap
431240,16,13,11,11,10193,71565.0,0.0,22,64322.0,84.61538461538461,1112.6053294362737,6505.909090909091,all_outpatient_procedures_reporting_proxy,not_yet_filtered_by_sigtap
431242,1,1,0,0,0,0.0,0.0,0,2756.0,0.0,0.0,,all_outpatient_procedures_reporting_proxy,not_yet_filtered_by_sigtap
431244,1,1,0,0,0,0.0,0.0,0,3071.0,0.0,0.0,,all_outpatient_procedures_reporting_proxy,not_yet_filtered_by_sigtap
431245,2,2,0,0,0,0.0,0.0,0,6046.0,0.0,0.0,,all_outpatient_procedures_reporting_proxy,not_yet_filtered_by_sigtap
431247,1,1,0,0,0,0.0,0.0,0,6029.0,0.0,0.0,,all_outpatient_procedures_reporting_proxy,not_yet_filtered_by_sigtap
431250,3,3,0,0,0,0.0,0.0,0,12090.0,0.0,0.0,,all_outpatient_procedures_reporting_proxy,not_yet_filtered_by_sigtap
431260,2,1,0,0,0,0.0,0.0,0,4601.0,0.0,0.0,,all_outpatient_procedures_reporting_proxy,not_yet_filtered_by_sigtap
431261,2,2,0,0,0,0.0,0.0,0,2879.0,0.0,0.0,,all_outpatient_procedures_reporting_proxy,not_yet_filtered_by_sigtap
431262,1,1,0,0,0,0.0,0.0,0,1721.0,0.0,0.0,,all_outpatient_procedures_reporting_proxy,not_yet_filtered_by_sigtap
431265,1,1,0,0,0,0.0,0.0,0,17898.0,0.0,0.0,,all_outpatient_procedures_reporting_proxy,not_yet_filtered_by_sigtap
431267,1,1,1,1,49,49.0,308.7,2,1932.0,100.0,25.36231884057971,49.0,all_outpatient_procedures_reporting_proxy,not_yet_filtered_by_sigtap
431270,2,2,1,1,1782,5529.0,27126.440000000148,2,13719.0,50.0,403.0177126612727,5529.0,all_outpatient_procedures_reporting_proxy,not_yet_filtered_by_sigtap
431275,1,1,1,1,216,1244.0,6118.369999999999,2,3163.0,100.0,393.2975023711666,1244.0,all_outpatient_procedures_reporting_proxy,not_yet_filtered_by_sigtap
431280,1,1,0,0,0,0.0,0.0,0,4954.0,0.0,0.0,,all_outpatient_procedures_reporting_proxy,not_yet_filtered_by_sigtap
431290,4,4,1,1,24,125.0,583.7500000000001,1,9649.0,25.0,12.954710332676962,125.0,all_outpatient_procedures_reporting_proxy,not_yet_filtered_by_sigtap
431295,1,1,0,0,0,0.0,0.0,0,2042.0,0.0,0.0,,all_outpatient_procedures_reporting_proxy,not_yet_filtered_by_sigtap
431300,1,0,0,0,0,0.0,0.0,0,3044.0,,0.0,,no_active_ubs_denominator,not_yet_filtered_by_sigtap
431303,2,2,0,0,0,0.0,0.0,0,4865.0,0.0,0.0,,all_outpatient_procedures_reporting_proxy,not_yet_filtered_by_sigtap
431306,1,0,0,0,0,0.0,0.0,0,20088.0,,0.0,,no_active_ubs_denominator,not_yet_filtered_by_sigtap
431308,1,1,0,0,0,0.0,0.0,0,2343.0,0.0,0.0,,all_outpatient_procedures_reporting_proxy,not_yet_filtered_by_sigtap
431310,5,4,0,0,0,0.0,0.0,0,5586.0,0.0,0.0,,all_outpatient_procedures_reporting_proxy,not_yet_filtered_by_sigtap
431320,8,8,1,1,960,1917.0,11750.830000000036,2,23300.0,12.5,82.27467811158797,1917.0,all_outpatient_procedures_reporting_proxy,not_yet_filtered_by_sigtap
431330,2,2,0,0,0,0.0,0.0,0,25692.0,0.0,0.0,,all_outpatient_procedures_reporting_proxy,not_yet_filtered_by_sigtap
431333,2,2,0,0,0,0.0,0.0,0,2163.0,0.0,0.0,,all_outpatient_procedures_reporting_proxy,not_yet_filtered_by_sigtap
431335,1,1,0,0,0,0.0,0.0,0,3466.0,0.0,0.0,,all_outpatient_procedures_reporting_proxy,not_yet_filtered_by_sigtap
431337,7,6,0,0,0,0.0,0.0,0,29024.0,0.0,0.0,,all_outpatient_procedures_reporting_proxy,not_yet_filtered_by_sigtap
431339,2,2,0,0,0,0.0,0.0,0,3568.0,0.0,0.0,,all_outpatient_procedures_reporting_proxy,not_yet_filtered_by_sigtap
431340,9,9,6,6,12614,108532.0,4232.360000000001,12,227646.0,66.66666666666666,476.75777303356966,18088.666666666668,all_outpatient_procedures_reporting_proxy,not_yet_filtered_by_sigtap
431342,2,2,0,0,0,0.0,0.0,0,3198.0,0.0,0.0,,all_outpatient_procedures_reporting_proxy,not_yet_filtered_by_sigtap
431344,1,1,0,0,0,0.0,0.0,0,2146.0,0.0,0.0,,all_outpatient_procedures_reporting_proxy,not_yet_filtered_by_sigtap
431346,1,1,0,0,0,0.0,0.0,0,1646.0,0.0,0.0,,all_outpatient_procedures_reporting_proxy,not_yet_filtered_by_sigtap
431349,1,1,0,0,0,0.0,0.0,0,4272.0,0.0,0.0,,all_outpatient_procedures_reporting_proxy,not_yet_filtered_by_sigtap
431350,8,6,3,3,1198,3501.0,3694.2999999999997,5,47396.0,50.0,73.86699299518946,1167.0,all_outpatient_procedures_reporting_proxy,not_yet_filtered_by_sigtap
431360,1,1,1,1,17,17.0,3825.0,2,3629.0,100.0,4.68448608432075,17.0,all_outpatient_procedures_reporting_proxy,not_yet_filtered_by_sigtap
431365,5,5,2,2,1045,8246.0,0.0,4,12844.0,40.0,642.0118343195265,4123.0,all_outpatient_procedures_reporting_proxy,not_yet_filtered_by_sigtap
431370,14,11,0,0,0,0.0,0.0,0,33216.0,0.0,0.0,,all_outpatient_procedures_reporting_proxy,not_yet_filtered_by_sigtap
431380,3,2,0,0,0,0.0,0.0,0,7839.0,0.0,0.0,,all_outpatient_procedures_reporting_proxy,not_yet_filtered_by_sigtap
431390,13,13,13,13,15149,95887.0,17041.769999999997,26,43515.0,100.0,2203.539009536941,7375.923076923077,all_outpatient_procedures_reporting_proxy,not_yet_filtered_by_sigtap
431395,5,5,0,0,0,0.0,0.0,0,10212.0,0.0,0.0,,all_outpatient_procedures_reporting_proxy,not_yet_filtered_by_sigtap
431400,2,1,1,1,44,138.0,681.4200000000001,1,7194.0,100.0,19.182652210175146,138.0,all_outpatient_procedures_reporting_proxy,not_yet_filtered_by_sigtap
431402,1,1,0,0,0,0.0,0.0,0,6519.0,0.0,0.0,,all_outpatient_procedures_reporting_proxy,not_yet_filtered_by_sigtap
431403,1,1,0,0,0,0.0,0.0,0,4319.0,0.0,0.0,,all_outpatient_procedures_reporting_proxy,not_yet_filtered_by_sigtap
431405,14,14,2,2,1782,6992.0,0.0,4,52058.0,14.285714285714285,134.3117292250951,3496.0,all_outpatient_procedures_reporting_proxy,not_yet_filtered_by_sigtap
431406,1,0,0,0,0,0.0,0.0,0,3983.0,,0.0,,no_active_ubs_denominator,not_yet_filtered_by_sigtap
431407,2,2,0,0,0,0.0,0.0,0,6025.0,0.0,0.0,,all_outpatient_procedures_reporting_proxy,not_yet_filtered_by_sigtap
431410,57,41,0,0,0,0.0,0.0,0,206215.0,0.0,0.0,,all_outpatient_procedures_reporting_proxy,not_yet_filtered_by_sigtap
431413,1,1,0,0,0,0.0,0.0,0,2144.0,0.0,0.0,,all_outpatient_procedures_reporting_proxy,not_yet_filtered_by_sigtap
431417,1,1,0,0,0,0.0,0.0,0,2061.0,0.0,0.0,,all_outpatient_procedures_reporting_proxy,not_yet_filtered_by_sigtap
431420,1,1,0,0,0,0.0,0.0,0,7484.0,0.0,0.0,,all_outpatient_procedures_reporting_proxy,not_yet_filtered_by_sigtap
431430,1,1,0,0,0,0.0,0.0,0,3745.0,0.0,0.0,,all_outpatient_procedures_reporting_proxy,not_yet_filtered_by_sigtap
431440,54,52,0,0,0,0.0,0.0,0,325685.0,0.0,0.0,,all_outpatient_procedures_reporting_proxy,not_yet_filtered_by_sigtap
431442,1,1,1,1,543,557.0,9526.11999999998,2,5351.0,100.0,104.09269295458792,557.0,all_outpatient_procedures_reporting_proxy,not_yet_filtered_by_sigtap
431445,1,1,0,0,0,0.0,0.0,0,2959.0,0.0,0.0,,all_outpatient_procedures_reporting_proxy,not_yet_filtered_by_sigtap
431446,1,1,0,0,0,0.0,0.0,0,2248.0,0.0,0.0,,all_outpatient_procedures_reporting_proxy,not_yet_filtered_by_sigtap
431447,3,2,0,0,0,0.0,0.0,0,3805.0,0.0,0.0,,all_outpatient_procedures_reporting_proxy,not_yet_filtered_by_sigtap
431449,2,2,1,1,22,22.0,4950.0,1,4540.0,50.0,4.845814977973568,22.0,all_outpatient_procedures_reporting_proxy,not_yet_filtered_by_sigtap
431450,5,5,0,0,0,0.0,0.0,0,11214.0,0.0,0.0,,all_outpatient_procedures_reporting_proxy,not_yet_filtered_by_sigtap
431454,1,1,0,0,0,0.0,0.0,0,2723.0,0.0,0.0,,all_outpatient_procedures_reporting_proxy,not_yet_filtered_by_sigtap
431455,1,1,0,0,0,0.0,0.0,0,2260.0,0.0,0.0,,all_outpatient_procedures_reporting_proxy,not_yet_filtered_by_sigtap
431460,6,6,0,0,0,0.0,0.0,0,17504.0,0.0,0.0,,all_outpatient_procedures_reporting_proxy,not_yet_filtered_by_sigtap
431470,3,3,0,0,0,0.0,0.0,0,10406.0,0.0,0.0,,all_outpatient_procedures_reporting_proxy,not_yet_filtered_by_sigtap
431475,1,1,0,0,0,0.0,0.0,0,2171.0,0.0,0.0,,all_outpatient_procedures_reporting_proxy,not_yet_filtered_by_sigtap
431477,1,1,0,0,0,0.0,0.0,0,3296.0,0.0,0.0,,all_outpatient_procedures_reporting_proxy,not_yet_filtered_by_sigtap
431478,1,1,1,1,4,4.0,900.0,1,1575.0,100.0,2.5396825396825395,4.0,all_outpatient_procedures_reporting_proxy,not_yet_filtered_by_sigtap
431480,6,6,0,0,0,0.0,0.0,0,34071.0,0.0,0.0,,all_outpatient_procedures_reporting_proxy,not_yet_filtered_by_sigtap
431490,172,143,13,13,295,4878.0,28170.48,13,1332845.0,9.090909090909092,3.6598404165525626,375.2307692307692,all_outpatient_procedures_reporting_proxy,not_yet_filtered_by_sigtap
431500,3,2,1,1,19,19.0,4275.0,1,4360.0,50.0,4.3577981651376145,19.0,all_outpatient_procedures_reporting_proxy,not_yet_filtered_by_sigtap
431505,1,1,0,0,0,0.0,0.0,0,2142.0,0.0,0.0,,all_outpatient_procedures_reporting_proxy,not_yet_filtered_by_sigtap
431507,1,1,0,0,0,0.0,0.0,0,1560.0,0.0,0.0,,all_outpatient_procedures_reporting_proxy,not_yet_filtered_by_sigtap
431510,5,4,1,1,4746,9850.0,19800.0,2,9938.0,25.0,991.1450996176293,9850.0,all_outpatient_procedures_reporting_proxy,not_yet_filtered_by_sigtap
431513,1,1,1,1,21,21.0,4725.0,1,1739.0,100.0,12.07590569292697,21.0,all_outpatient_procedures_reporting_proxy,not_yet_filtered_by_sigtap
431514,1,1,0,0,0,0.0,0.0,0,3077.0,0.0,0.0,,all_outpatient_procedures_reporting_proxy,not_yet_filtered_by_sigtap
431515,2,2,0,0,0,0.0,0.0,0,5340.0,0.0,0.0,,all_outpatient_procedures_reporting_proxy,not_yet_filtered_by_sigtap
431517,1,1,0,0,0,0.0,0.0,0,2025.0,0.0,0.0,,all_outpatient_procedures_reporting_proxy,not_yet_filtered_by_sigtap
431520,1,1,0,0,0,0.0,0.0,0,3747.0,0.0,0.0,,all_outpatient_procedures_reporting_proxy,not_yet_filtered_by_sigtap
431530,8,8,0,0,0,0.0,0.0,0,23500.0,0.0,0.0,,all_outpatient_procedures_reporting_proxy,not_yet_filtered_by_sigtap
431531,1,1,0,0,0,0.0,0.0,0,1552.0,0.0,0.0,,all_outpatient_procedures_reporting_proxy,not_yet_filtered_by_sigtap
431532,2,1,0,0,0,0.0,0.0,0,2507.0,0.0,0.0,,all_outpatient_procedures_reporting_proxy,not_yet_filtered_by_sigtap
431535,1,1,0,0,0,0.0,0.0,0,3910.0,0.0,0.0,,all_outpatient_procedures_reporting_proxy,not_yet_filtered_by_sigtap
431545,1,1,0,0,0,0.0,0.0,0,1796.0,0.0,0.0,,all_outpatient_procedures_reporting_proxy,not_yet_filtered_by_sigtap
431550,8,7,0,0,0,0.0,0.0,0,14939.0,0.0,0.0,,all_outpatient_procedures_reporting_proxy,not_yet_filtered_by_sigtap
431555,1,1,0,0,0,0.0,0.0,0,2835.0,0.0,0.0,,all_outpatient_procedures_reporting_proxy,not_yet_filtered_by_sigtap
431560,18,18,0,0,0,0.0,0.0,0,191900.0,0.0,0.0,,all_outpatient_procedures_reporting_proxy,not_yet_filtered_by_sigtap
431570,9,8,0,0,0,0.0,0.0,0,34654.0,0.0,0.0,,all_outpatient_procedures_reporting_proxy,not_yet_filtered_by_sigtap
431580,3,3,0,0,0,0.0,0.0,0,10418.0,0.0,0.0,,all_outpatient_procedures_reporting_proxy,not_yet_filtered_by_sigtap
431590,1,1,0,0,0,0.0,0.0,0,6654.0,0.0,0.0,,all_outpatient_procedures_reporting_proxy,not_yet_filtered_by_sigtap
431595,1,1,0,0,0,0.0,0.0,0,2291.0,0.0,0.0,,all_outpatient_procedures_reporting_proxy,not_yet_filtered_by_sigtap
431600,6,5,0,0,0,0.0,0.0,0,21253.0,0.0,0.0,,all_outpatient_procedures_reporting_proxy,not_yet_filtered_by_sigtap
431610,3,3,0,0,0,0.0,0.0,0,9777.0,0.0,0.0,,all_outpatient_procedures_reporting_proxy,not_yet_filtered_by_sigtap
431620,2,2,1,1,21,21.0,2700.0,1,4991.0,50.0,4.207573632538569,21.0,all_outpatient_procedures_reporting_proxy,not_yet_filtered_by_sigtap
431630,3,2,0,0,0,0.0,0.0,0,6576.0,0.0,0.0,,all_outpatient_procedures_reporting_proxy,not_yet_filtered_by_sigtap
431640,11,11,0,0,0,0.0,0.0,0,36630.0,0.0,0.0,,all_outpatient_procedures_reporting_proxy,not_yet_filtered_by_sigtap
431642,2,1,1,1,17,105.0,2.32,2,2480.0,100.0,42.33870967741935,105.0,all_outpatient_procedures_reporting_proxy,not_yet_filtered_by_sigtap
431643,1,1,0,0,0,0.0,0.0,0,2575.0,0.0,0.0,,all_outpatient_procedures_reporting_proxy,not_yet_filtered_by_sigtap
431645,4,4,1,1,58,58.0,7551.260000000002,2,10203.0,25.0,5.6846025678721945,58.0,all_outpatient_procedures_reporting_proxy,not_yet_filtered_by_sigtap
431647,1,1,0,0,0,0.0,0.0,0,2877.0,0.0,0.0,,all_outpatient_procedures_reporting_proxy,not_yet_filtered_by_sigtap
431650,2,2,0,0,0,0.0,0.0,0,6879.0,0.0,0.0,,all_outpatient_procedures_reporting_proxy,not_yet_filtered_by_sigtap
431670,2,2,1,1,40,40.0,9000.0,2,8122.0,50.0,4.924895345973899,40.0,all_outpatient_procedures_reporting_proxy,not_yet_filtered_by_sigtap
431673,1,1,0,0,0,0.0,0.0,0,1674.0,0.0,0.0,,all_outpatient_procedures_reporting_proxy,not_yet_filtered_by_sigtap
431675,2,2,1,1,174,437.0,12004.199999999995,2,6887.0,50.0,63.45288224190504,437.0,all_outpatient_procedures_reporting_proxy,not_yet_filtered_by_sigtap
431680,43,41,38,38,39546,224322.0,12647.86,76,133230.0,92.6829268292683,1683.7198829092545,5903.210526315789,all_outpatient_procedures_reporting_proxy,not_yet_filtered_by_sigtap
431690,43,42,0,0,0,0.0,0.0,0,271735.0,0.0,0.0,,all_outpatient_procedures_reporting_proxy,not_yet_filtered_by_sigtap
431697,2,2,0,0,0,0.0,0.0,0,2596.0,0.0,0.0,,all_outpatient_procedures_reporting_proxy,not_yet_filtered_by_sigtap
431700,2,2,0,0,0,0.0,0.0,0,7024.0,0.0,0.0,,all_outpatient_procedures_reporting_proxy,not_yet_filtered_by_sigtap
431710,15,12,0,0,0,0.0,0.0,0,84421.0,0.0,0.0,,all_outpatient_procedures_reporting_proxy,not_yet_filtered_by_sigtap
431720,22,22,21,21,70315,72339.0,5210.93,42,76963.0,95.45454545454545,939.9191819445708,3444.714285714286,all_outpatient_procedures_reporting_proxy,not_yet_filtered_by_sigtap
431725,2,1,1,1,34,147.0,710.73,1,1505.0,100.0,97.67441860465117,147.0,all_outpatient_procedures_reporting_proxy,not_yet_filtered_by_sigtap
431740,14,14,0,0,0,0.0,0.0,0,48938.0,0.0,0.0,,all_outpatient_procedures_reporting_proxy,not_yet_filtered_by_sigtap
431750,18,18,0,0,0,0.0,0.0,0,76917.0,0.0,0.0,,all_outpatient_procedures_reporting_proxy,not_yet_filtered_by_sigtap
431755,1,1,0,0,0,0.0,0.0,0,2091.0,0.0,0.0,,all_outpatient_procedures_reporting_proxy,not_yet_filtered_by_sigtap
431760,9,8,7,7,9269,44417.0,0.0,14,42947.0,87.5,1034.228234801034,6345.285714285715,all_outpatient_procedures_reporting_proxy,not_yet_filtered_by_sigtap
431770,5,5,1,1,10,54.0,0.0,2,10300.0,20.0,5.242718446601941,54.0,all_outpatient_procedures_reporting_proxy,not_yet_filtered_by_sigtap
431775,1,1,1,1,758,4315.0,532.4000000000001,2,2089.0,100.0,2065.5816179990425,4315.0,all_outpatient_procedures_reporting_proxy,not_yet_filtered_by_sigtap
431780,7,5,0,0,0,0.0,0.0,0,13902.0,0.0,0.0,,all_outpatient_procedures_reporting_proxy,not_yet_filtered_by_sigtap
431790,2,2,0,0,0,0.0,0.0,0,15320.0,0.0,0.0,,all_outpatient_procedures_reporting_proxy,not_yet_filtered_by_sigtap
431795,1,1,0,0,0,0.0,0.0,0,2349.0,0.0,0.0,,all_outpatient_procedures_reporting_proxy,not_yet_filtered_by_sigtap
431800,28,23,0,0,0,0.0,0.0,0,59676.0,0.0,0.0,,all_outpatient_procedures_reporting_proxy,not_yet_filtered_by_sigtap
431805,2,2,0,0,0,0.0,0.0,0,2754.0,0.0,0.0,,all_outpatient_procedures_reporting_proxy,not_yet_filtered_by_sigtap
431810,7,7,7,7,4053,16839.0,4582.07,14,17618.0,100.0,955.7838574185492,2405.5714285714284,all_outpatient_procedures_reporting_proxy,not_yet_filtered_by_sigtap
431830,13,13,2,2,1527,2460.0,10017.070000000087,2,58487.0,15.384615384615385,42.060628857694866,1230.0,all_outpatient_procedures_reporting_proxy,not_yet_filtered_by_sigtap
431840,8,6,1,1,41,258.0,1625.4,1,21028.0,16.666666666666664,12.269355145520258,258.0,all_outpatient_procedures_reporting_proxy,not_yet_filtered_by_sigtap
431842,1,1,1,1,52,97.0,9000.0,2,4461.0,100.0,21.744003586639767,97.0,all_outpatient_procedures_reporting_proxy,not_yet_filtered_by_sigtap
431843,2,2,0,0,0,0.0,0.0,0,2649.0,0.0,0.0,,all_outpatient_procedures_reporting_proxy,not_yet_filtered_by_sigtap
431844,1,1,0,0,0,0.0,0.0,0,2912.0,0.0,0.0,,all_outpatient_procedures_reporting_proxy,not_yet_filtered_by_sigtap
431845,1,1,0,0,0,0.0,0.0,0,2362.0,0.0,0.0,,all_outpatient_procedures_reporting_proxy,not_yet_filtered_by_sigtap
431846,1,1,0,0,0,0.0,0.0,0,1902.0,0.0,0.0,,all_outpatient_procedures_reporting_proxy,not_yet_filtered_by_sigtap
431849,1,1,1,1,90,96.0,20025.0,1,2406.0,100.0,39.900249376558605,96.0,all_outpatient_procedures_reporting_proxy,not_yet_filtered_by_sigtap
431850,10,8,0,0,0,0.0,0.0,0,25443.0,0.0,0.0,,all_outpatient_procedures_reporting_proxy,not_yet_filtered_by_sigtap
431860,3,3,0,0,0,0.0,0.0,0,6834.0,0.0,0.0,,all_outpatient_procedures_reporting_proxy,not_yet_filtered_by_sigtap
431861,1,1,0,0,0,0.0,0.0,0,2380.0,0.0,0.0,,all_outpatient_procedures_reporting_proxy,not_yet_filtered_by_sigtap
431862,1,1,1,1,1,1.0,0.0,1,4172.0,100.0,0.23969319271332692,1.0,all_outpatient_procedures_reporting_proxy,not_yet_filtered_by_sigtap
431870,30,28,0,0,0,0.0,0.0,0,217409.0,0.0,0.0,,all_outpatient_procedures_reporting_proxy,not_yet_filtered_by_sigtap
431880,15,13,0,0,0,0.0,0.0,0,41989.0,0.0,0.0,,all_outpatient_procedures_reporting_proxy,not_yet_filtered_by_sigtap
431890,13,13,0,0,0,0.0,0.0,0,34752.0,0.0,0.0,,all_outpatient_procedures_reporting_proxy,not_yet_filtered_by_sigtap
431900,5,4,2,2,4390,13118.0,69431.76999999888,4,21084.0,50.0,622.1779548472775,6559.0,all_outpatient_procedures_reporting_proxy,not_yet_filtered_by_sigtap
431910,2,1,0,0,0,0.0,0.0,0,5481.0,0.0,0.0,,all_outpatient_procedures_reporting_proxy,not_yet_filtered_by_sigtap
431912,1,1,0,0,0,0.0,0.0,0,2860.0,0.0,0.0,,all_outpatient_procedures_reporting_proxy,not_yet_filtered_by_sigtap
431915,4,4,0,0,0,0.0,0.0,0,7056.0,0.0,0.0,,all_outpatient_procedures_reporting_proxy,not_yet_filtered_by_sigtap
431920,3,2,0,0,0,0.0,0.0,0,5118.0,0.0,0.0,,all_outpatient_procedures_reporting_proxy,not_yet_filtered_by_sigtap
431930,2,2,0,0,0,0.0,0.0,0,5846.0,0.0,0.0,,all_outpatient_procedures_reporting_proxy,not_yet_filtered_by_sigtap
431935,1,1,0,0,0,0.0,0.0,0,3548.0,0.0,0.0,,all_outpatient_procedures_reporting_proxy,not_yet_filtered_by_sigtap
431936,1,1,0,0,0,0.0,0.0,0,1757.0,0.0,0.0,,all_outpatient_procedures_reporting_proxy,not_yet_filtered_by_sigtap
431937,1,1,0,0,0,0.0,0.0,0,3070.0,0.0,0.0,,all_outpatient_procedures_reporting_proxy,not_yet_filtered_by_sigtap
431940,7,6,0,0,0,0.0,0.0,0,15577.0,0.0,0.0,,all_outpatient_procedures_reporting_proxy,not_yet_filtered_by_sigtap
431950,6,6,0,0,0,0.0,0.0,0,24428.0,0.0,0.0,,all_outpatient_procedures_reporting_proxy,not_yet_filtered_by_sigtap
431960,11,8,0,0,0,0.0,0.0,0,21219.0,0.0,0.0,,all_outpatient_procedures_reporting_proxy,not_yet_filtered_by_sigtap
431970,1,1,1,1,40,40.0,9000.0,2,3264.0,100.0,12.254901960784313,40.0,all_outpatient_procedures_reporting_proxy,not_yet_filtered_by_sigtap
431973,1,1,0,0,0,0.0,0.0,0,2543.0,0.0,0.0,,all_outpatient_procedures_reporting_proxy,not_yet_filtered_by_sigtap
431975,1,1,0,0,0,0.0,0.0,0,2251.0,0.0,0.0,,all_outpatient_procedures_reporting_proxy,not_yet_filtered_by_sigtap
431980,5,4,0,0,0,0.0,0.0,0,8097.0,0.0,0.0,,all_outpatient_procedures_reporting_proxy,not_yet_filtered_by_sigtap
431990,20,19,1,1,2112,9868.0,0.0,2,75648.0,5.263157894736842,130.44627749576986,9868.0,all_outpatient_procedures_reporting_proxy,not_yet_filtered_by_sigtap
432000,28,26,26,26,37391,201315.0,5143.93,52,132107.0,100.0,1523.8783713202176,7742.884615384615,all_outpatient_procedures_reporting_proxy,not_yet_filtered_by_sigtap
432010,6,6,0,0,0,0.0,0.0,0,22851.0,0.0,0.0,,all_outpatient_procedures_reporting_proxy,not_yet_filtered_by_sigtap
432020,5,4,4,4,1173,10718.0,87257.15000000001,8,11950.0,100.0,896.9037656903765,2679.5,all_outpatient_procedures_reporting_proxy,not_yet_filtered_by_sigtap
432023,1,1,0,0,0,0.0,0.0,0,2704.0,0.0,0.0,,all_outpatient_procedures_reporting_proxy,not_yet_filtered_by_sigtap
432026,3,3,0,0,0,0.0,0.0,0,6009.0,0.0,0.0,,all_outpatient_procedures_reporting_proxy,not_yet_filtered_by_sigtap
432030,2,2,0,0,0,0.0,0.0,0,5107.0,0.0,0.0,,all_outpatient_procedures_reporting_proxy,not_yet_filtered_by_sigtap
432032,1,1,1,1,47,54.0,9000.0,2,2673.0,100.0,20.202020202020204,54.0,all_outpatient_procedures_reporting_proxy,not_yet_filtered_by_sigtap
432035,1,0,0,0,0,0.0,0.0,0,5306.0,,0.0,,no_active_ubs_denominator,not_yet_filtered_by_sigtap
432040,5,5,1,1,443,764.0,18106.72000000012,1,16961.0,20.0,45.04451388479453,764.0,all_outpatient_procedures_reporting_proxy,not_yet_filtered_by_sigtap
432045,1,1,0,0,0,0.0,0.0,0,1941.0,0.0,0.0,,all_outpatient_procedures_reporting_proxy,not_yet_filtered_by_sigtap
432055,3,3,0,0,0,0.0,0.0,0,5863.0,0.0,0.0,,all_outpatient_procedures_reporting_proxy,not_yet_filtered_by_sigtap
432057,1,1,0,0,0,0.0,0.0,0,1830.0,0.0,0.0,,all_outpatient_procedures_reporting_proxy,not_yet_filtered_by_sigtap
432060,3,1,0,0,0,0.0,0.0,0,3406.0,0.0,0.0,,all_outpatient_procedures_reporting_proxy,not_yet_filtered_by_sigtap
432065,2,2,0,0,0,0.0,0.0,0,2028.0,0.0,0.0,,all_outpatient_procedures_reporting_proxy,not_yet_filtered_by_sigtap
432067,2,2,0,0,0,0.0,0.0,0,8578.0,0.0,0.0,,all_outpatient_procedures_reporting_proxy,not_yet_filtered_by_sigtap
432070,6,6,0,0,0,0.0,0.0,0,14226.0,0.0,0.0,,all_outpatient_procedures_reporting_proxy,not_yet_filtered_by_sigtap
432080,15,12,2,2,3961,38210.0,19570.050000000047,4,29991.0,16.666666666666664,1274.048881331066,19105.0,all_outpatient_procedures_reporting_proxy,not_yet_filtered_by_sigtap
432085,1,1,0,0,0,0.0,0.0,0,4461.0,0.0,0.0,,all_outpatient_procedures_reporting_proxy,not_yet_filtered_by_sigtap
432100,4,4,0,0,0,0.0,0.0,0,10592.0,0.0,0.0,,all_outpatient_procedures_reporting_proxy,not_yet_filtered_by_sigtap
432110,6,4,0,0,0,0.0,0.0,0,14695.0,0.0,0.0,,all_outpatient_procedures_reporting_proxy,not_yet_filtered_by_sigtap
432120,9,9,0,0,0,0.0,0.0,0,53242.0,0.0,0.0,,all_outpatient_procedures_reporting_proxy,not_yet_filtered_by_sigtap
432130,3,2,0,0,0,0.0,0.0,0,25198.0,0.0,0.0,,all_outpatient_procedures_reporting_proxy,not_yet_filtered_by_sigtap
432132,1,1,1,1,23,23.0,5175.0,2,3119.0,100.0,7.374158384097467,23.0,all_outpatient_procedures_reporting_proxy,not_yet_filtered_by_sigtap
432140,7,5,0,0,0,0.0,0.0,0,14497.0,0.0,0.0,,all_outpatient_procedures_reporting_proxy,not_yet_filtered_by_sigtap
432143,6,5,1,1,64,4823.0,0.0,1,10334.0,20.0,466.71182504354556,4823.0,all_outpatient_procedures_reporting_proxy,not_yet_filtered_by_sigtap
432145,9,8,8,8,13066,56532.0,13739.85000000008,16,32797.0,100.0,1723.6942403268592,7066.5,all_outpatient_procedures_reporting_proxy,not_yet_filtered_by_sigtap
432146,1,1,1,1,529,1234.0,2570.91,2,3267.0,100.0,377.71655953474135,1234.0,all_outpatient_procedures_reporting_proxy,not_yet_filtered_by_sigtap
432147,2,2,0,0,0,0.0,0.0,0,5129.0,0.0,0.0,,all_outpatient_procedures_reporting_proxy,not_yet_filtered_by_sigtap
432149,1,1,0,0,0,0.0,0.0,0,2554.0,0.0,0.0,,all_outpatient_procedures_reporting_proxy,not_yet_filtered_by_sigtap
432150,12,10,0,0,0,0.0,0.0,0,41751.0,0.0,0.0,,all_outpatient_procedures_reporting_proxy,not_yet_filtered_by_sigtap
432160,11,10,6,6,22,1638.0,1638.0,11,54387.0,60.0,30.11749131226212,273.0,all_outpatient_procedures_reporting_proxy,not_yet_filtered_by_sigtap
432162,1,1,0,0,0,0.0,0.0,0,2152.0,0.0,0.0,,all_outpatient_procedures_reporting_proxy,not_yet_filtered_by_sigtap
432163,2,1,1,1,15,15.0,3375.0,2,2591.0,100.0,5.789270551910459,15.0,all_outpatient_procedures_reporting_proxy,not_yet_filtered_by_sigtap
432166,4,4,0,0,0,0.0,0.0,0,10962.0,0.0,0.0,,all_outpatient_procedures_reporting_proxy,not_yet_filtered_by_sigtap
432180,11,10,0,0,0,0.0,0.0,0,24916.0,0.0,0.0,,all_outpatient_procedures_reporting_proxy,not_yet_filtered_by_sigtap
432185,1,1,0,0,0,0.0,0.0,0,4716.0,0.0,0.0,,all_outpatient_procedures_reporting_proxy,not_yet_filtered_by_sigtap
432190,3,1,0,0,0,0.0,0.0,0,25436.0,0.0,0.0,,all_outpatient_procedures_reporting_proxy,not_yet_filtered_by_sigtap
432195,2,2,1,1,84,84.0,392.28000000000014,1,7556.0,50.0,11.11699311805188,84.0,all_outpatient_procedures_reporting_proxy,not_yet_filtered_by_sigtap
432200,10,9,0,0,0,0.0,0.0,0,27498.0,0.0,0.0,,all_outpatient_procedures_reporting_proxy,not_yet_filtered_by_sigtap
432215,1,1,0,0,0,0.0,0.0,0,3681.0,0.0,0.0,,all_outpatient_procedures_reporting_proxy,not_yet_filtered_by_sigtap
432220,5,5,0,0,0,0.0,0.0,0,20005.0,0.0,0.0,,all_outpatient_procedures_reporting_proxy,not_yet_filtered_by_sigtap
432225,1,1,0,0,0,0.0,0.0,0,5029.0,0.0,0.0,,all_outpatient_procedures_reporting_proxy,not_yet_filtered_by_sigtap
432230,2,2,0,0,0,0.0,0.0,0,8363.0,0.0,0.0,,all_outpatient_procedures_reporting_proxy,not_yet_filtered_by_sigtap
432232,2,2,0,0,0,0.0,0.0,0,3419.0,0.0,0.0,,all_outpatient_procedures_reporting_proxy,not_yet_filtered_by_sigtap
432234,1,1,0,0,0,0.0,0.0,0,1994.0,0.0,0.0,,all_outpatient_procedures_reporting_proxy,not_yet_filtered_by_sigtap
432235,1,1,0,0,0,0.0,0.0,0,1170.0,0.0,0.0,,all_outpatient_procedures_reporting_proxy,not_yet_filtered_by_sigtap
432237,1,1,0,0,0,0.0,0.0,0,1995.0,0.0,0.0,,all_outpatient_procedures_reporting_proxy,not_yet_filtered_by_sigtap
432240,25,21,0,0,0,0.0,0.0,0,117210.0,0.0,0.0,,all_outpatient_procedures_reporting_proxy,not_yet_filtered_by_sigtap
432250,18,17,15,15,3135,8859.0,41703.3700000002,30,64197.0,88.23529411764706,137.997102668349,590.6,all_outpatient_procedures_reporting_proxy,not_yet_filtered_by_sigtap
432253,3,3,0,0,0,0.0,0.0,0,9897.0,0.0,0.0,,all_outpatient_procedures_reporting_proxy,not_yet_filtered_by_sigtap
432254,2,2,0,0,0,0.0,0.0,0,6058.0,0.0,0.0,,all_outpatient_procedures_reporting_proxy,not_yet_filtered_by_sigtap
432255,1,1,0,0,0,0.0,0.0,0,2004.0,0.0,0.0,,all_outpatient_procedures_reporting_proxy,not_yet_filtered_by_sigtap
432260,18,16,15,15,24218,64749.0,15259.010000000011,30,68763.0,93.75,941.6255835260242,4316.6,all_outpatient_procedures_reporting_proxy,not_yet_filtered_by_sigtap
432270,2,1,0,0,0,0.0,0.0,0,26710.0,0.0,0.0,,all_outpatient_procedures_reporting_proxy,not_yet_filtered_by_sigtap
432280,6,6,6,6,733,734.0,5887.090000000002,12,24021.0,100.0,30.556596311560718,122.33333333333333,all_outpatient_procedures_reporting_proxy,not_yet_filtered_by_sigtap
432285,1,1,0,0,0,0.0,0.0,0,1818.0,0.0,0.0,,all_outpatient_procedures_reporting_proxy,not_yet_filtered_by_sigtap
432290,1,1,0,0,0,0.0,0.0,0,4769.0,0.0,0.0,,all_outpatient_procedures_reporting_proxy,not_yet_filtered_by_sigtap
432300,24,22,18,18,6611,125127.0,0.0,18,224112.0,81.81818181818183,558.323516813022,6951.5,all_outpatient_procedures_reporting_proxy,not_yet_filtered_by_sigtap
432310,1,1,1,1,115,2376.0,14408.559999999998,2,4665.0,100.0,509.32475884244377,2376.0,all_outpatient_procedures_reporting_proxy,not_yet_filtered_by_sigtap
432320,2,2,0,0,0,0.0,0.0,0,2780.0,0.0,0.0,,all_outpatient_procedures_reporting_proxy,not_yet_filtered_by_sigtap
432330,2,1,1,1,554,4732.0,34225.36000000005,2,3646.0,100.0,1297.8606692265498,4732.0,all_outpatient_procedures_reporting_proxy,not_yet_filtered_by_sigtap
432335,1,1,1,1,7,120.0,0.0,1,2079.0,100.0,57.72005772005772,120.0,all_outpatient_procedures_reporting_proxy,not_yet_filtered_by_sigtap
432345,1,1,0,0,0,0.0,0.0,0,3863.0,0.0,0.0,,all_outpatient_procedures_reporting_proxy,not_yet_filtered_by_sigtap
432350,1,1,0,0,0,0.0,0.0,0,2660.0,0.0,0.0,,all_outpatient_procedures_reporting_proxy,not_yet_filtered_by_sigtap
432360,1,1,0,0,0,0.0,0.0,0,1590.0,0.0,0.0,,all_outpatient_procedures_reporting_proxy,not_yet_filtered_by_sigtap
432370,1,1,1,1,30,30.0,6750.0,2,2783.0,100.0,10.779734099892202,30.0,all_outpatient_procedures_reporting_proxy,not_yet_filtered_by_sigtap
432375,1,1,0,0,0,0.0,0.0,0,3260.0,0.0,0.0,,all_outpatient_procedures_reporting_proxy,not_yet_filtered_by_sigtap
432377,1,1,0,0,0,0.0,0.0,0,3098.0,0.0,0.0,,all_outpatient_procedures_reporting_proxy,not_yet_filtered_by_sigtap
432380,5,5,0,0,0,0.0,0.0,0,16463.0,0.0,0.0,,all_outpatient_procedures_reporting_proxy,not_yet_filtered_by_sigtap
500020,5,4,0,0,0,0.0,0.0,0,16741.0,0.0,0.0,,all_outpatient_procedures_reporting_proxy,not_yet_filtered_by_sigtap
500025,2,2,1,1,1398,11026.0,48751.50000000006,3,4537.0,50.0,2430.240246859158,11026.0,all_outpatient_procedures_reporting_proxy,not_yet_filtered_by_sigtap
500060,10,9,0,0,0,0.0,0.0,0,39325.0,0.0,0.0,,all_outpatient_procedures_reporting_proxy,not_yet_filtered_by_sigtap
500070,10,9,0,0,0,0.0,0.0,0,24114.0,0.0,0.0,,all_outpatient_procedures_reporting_proxy,not_yet_filtered_by_sigtap
500080,4,4,0,0,0,0.0,0.0,0,7653.0,0.0,0.0,,all_outpatient_procedures_reporting_proxy,not_yet_filtered_by_sigtap
500085,4,4,0,0,0,0.0,0.0,0,10729.0,0.0,0.0,,all_outpatient_procedures_reporting_proxy,not_yet_filtered_by_sigtap
500090,3,3,0,0,0,0.0,0.0,0,9303.0,0.0,0.0,,all_outpatient_procedures_reporting_proxy,not_yet_filtered_by_sigtap
500100,7,7,0,0,0,0.0,0.0,0,27674.0,0.0,0.0,,all_outpatient_procedures_reporting_proxy,not_yet_filtered_by_sigtap
500110,15,15,0,0,0,0.0,0.0,0,46803.0,0.0,0.0,,all_outpatient_procedures_reporting_proxy,not_yet_filtered_by_sigtap
500124,5,4,1,1,4,30.0,0.0,1,10748.0,25.0,2.7912169705991814,30.0,all_outpatient_procedures_reporting_proxy,not_yet_filtered_by_sigtap
500150,5,2,0,0,0,0.0,0.0,0,7940.0,0.0,0.0,,all_outpatient_procedures_reporting_proxy,not_yet_filtered_by_sigtap
500190,11,8,0,0,0,0.0,0.0,0,23031.0,0.0,0.0,,all_outpatient_procedures_reporting_proxy,not_yet_filtered_by_sigtap
500200,5,5,0,0,0,0.0,0.0,0,10712.0,0.0,0.0,,all_outpatient_procedures_reporting_proxy,not_yet_filtered_by_sigtap
500210,8,8,1,1,10918,15956.0,70855.75999999762,3,21613.0,12.5,738.2593809281451,15956.0,all_outpatient_procedures_reporting_proxy,not_yet_filtered_by_sigtap
500215,4,4,1,1,1270,10576.0,50873.37999999958,3,8567.0,25.0,1234.5044939885609,10576.0,all_outpatient_procedures_reporting_proxy,not_yet_filtered_by_sigtap
500220,6,6,1,1,181,341.0,1273.14,3,23659.0,16.666666666666664,14.413119743015342,341.0,all_outpatient_procedures_reporting_proxy,not_yet_filtered_by_sigtap
500230,7,7,0,0,0,0.0,0.0,0,11579.0,0.0,0.0,,all_outpatient_procedures_reporting_proxy,not_yet_filtered_by_sigtap
500240,7,7,0,0,0,0.0,0.0,0,30612.0,0.0,0.0,,all_outpatient_procedures_reporting_proxy,not_yet_filtered_by_sigtap
500260,10,8,2,2,231,18408.0,69397.37,4,13583.0,25.0,1355.2234410660385,9204.0,all_outpatient_procedures_reporting_proxy,not_yet_filtered_by_sigtap
500270,82,81,0,0,0,0.0,0.0,0,898100.0,0.0,0.0,,all_outpatient_procedures_reporting_proxy,not_yet_filtered_by_sigtap
500280,3,3,1,1,21,40.0,4500.0,1,5036.0,33.33333333333333,7.942811755361397,40.0,all_outpatient_procedures_reporting_proxy,not_yet_filtered_by_sigtap
500290,15,10,0,0,0,0.0,0.0,0,20988.0,0.0,0.0,,all_outpatient_procedures_reporting_proxy,not_yet_filtered_by_sigtap
500295,9,8,1,1,17550,38578.0,236562.009999998,3,30993.0,12.5,1244.7326815732586,38578.0,all_outpatient_procedures_reporting_proxy,not_yet_filtered_by_sigtap
500310,4,4,1,1,861,9296.0,5989.060000000003,2,4783.0,25.0,1943.5500731758311,9296.0,all_outpatient_procedures_reporting_proxy,not_yet_filtered_by_sigtap
500315,4,4,0,0,0,0.0,0.0,0,14289.0,0.0,0.0,,all_outpatient_procedures_reporting_proxy,not_yet_filtered_by_sigtap
500320,28,25,2,2,12,491.0,0.0,4,96268.0,8.0,5.10034487056966,245.5,all_outpatient_procedures_reporting_proxy,not_yet_filtered_by_sigtap
500325,7,5,4,4,539,2125.0,1008.7200000000004,12,26037.0,80.0,81.61462534086108,531.25,all_outpatient_procedures_reporting_proxy,not_yet_filtered_by_sigtap
500330,12,9,1,1,6358,21319.0,151893.2599999952,3,32151.0,11.11111111111111,663.0897950297035,21319.0,all_outpatient_procedures_reporting_proxy,not_yet_filtered_by_sigtap
500345,8,7,1,1,64,190.0,13950.0,1,13663.0,14.285714285714285,13.90616994803484,190.0,all_outpatient_procedures_reporting_proxy,not_yet_filtered_by_sigtap
500348,5,5,0,0,0,0.0,0.0,0,11100.0,0.0,0.0,,all_outpatient_procedures_reporting_proxy,not_yet_filtered_by_sigtap
500350,2,2,2,2,89,4823.0,12250.160000000002,6,5578.0,100.0,864.6468268196487,2411.5,all_outpatient_procedures_reporting_proxy,not_yet_filtered_by_sigtap
500370,38,34,0,0,0,0.0,0.0,0,243367.0,0.0,0.0,,all_outpatient_procedures_reporting_proxy,not_yet_filtered_by_sigtap
500375,5,5,3,3,889,3183.0,20424.17000000003,6,11386.0,60.0,279.5538380467241,1061.0,all_outpatient_procedures_reporting_proxy,not_yet_filtered_by_sigtap
500380,8,7,1,1,36,36.0,8100.0,1,20609.0,14.285714285714285,1.7468096462710467,36.0,all_outpatient_procedures_reporting_proxy,not_yet_filtered_by_sigtap
500390,2,1,0,0,0,0.0,0.0,0,3539.0,0.0,0.0,,all_outpatient_procedures_reporting_proxy,not_yet_filtered_by_sigtap
500400,6,5,0,0,0,0.0,0.0,0,10444.0,0.0,0.0,,all_outpatient_procedures_reporting_proxy,not_yet_filtered_by_sigtap
500410,2,2,1,1,3,3.0,22.0,2,9940.0,50.0,0.30181086519114686,3.0,all_outpatient_procedures_reporting_proxy,not_yet_filtered_by_sigtap
500430,5,5,0,0,0,0.0,0.0,0,13808.0,0.0,0.0,,all_outpatient_procedures_reporting_proxy,not_yet_filtered_by_sigtap
500440,6,5,1,1,961,1053.0,20139.46,2,8404.0,20.0,125.29747739171823,1053.0,all_outpatient_procedures_reporting_proxy,not_yet_filtered_by_sigtap
500450,9,8,7,7,1612,13739.0,10226.50000000012,8,24137.0,87.5,569.2090980652112,1962.7142857142858,all_outpatient_procedures_reporting_proxy,not_yet_filtered_by_sigtap
500460,9,9,1,1,72,264.0,9163.600000000002,1,19423.0,11.11111111111111,13.592133038150648,264.0,all_outpatient_procedures_reporting_proxy,not_yet_filtered_by_sigtap
500470,9,9,1,1,57,57.0,12825.0,1,27821.0,11.11111111111111,2.048812048452608,57.0,all_outpatient_procedures_reporting_proxy,not_yet_filtered_by_sigtap
500480,6,5,1,1,20,20.0,4500.0,2,8148.0,20.0,2.454590083456063,20.0,all_outpatient_procedures_reporting_proxy,not_yet_filtered_by_sigtap
500490,2,2,0,0,0,0.0,0.0,0,7139.0,0.0,0.0,,all_outpatient_procedures_reporting_proxy,not_yet_filtered_by_sigtap
500500,12,10,0,0,0,0.0,0.0,0,23981.0,0.0,0.0,,all_outpatient_procedures_reporting_proxy,not_yet_filtered_by_sigtap
500510,4,4,2,2,7,45.0,0.0,2,3586.0,50.0,12.548800892359175,22.5,all_outpatient_procedures_reporting_proxy,not_yet_filtered_by_sigtap
500515,2,2,0,0,0,0.0,0.0,0,6729.0,0.0,0.0,,all_outpatient_procedures_reporting_proxy,not_yet_filtered_by_sigtap
500520,6,6,0,0,0,0.0,0.0,0,21522.0,0.0,0.0,,all_outpatient_procedures_reporting_proxy,not_yet_filtered_by_sigtap
500525,5,4,0,0,0,0.0,0.0,0,6799.0,0.0,0.0,,all_outpatient_procedures_reporting_proxy,not_yet_filtered_by_sigtap
500540,16,14,3,3,15526,16039.0,147650.56000000017,9,45047.0,21.428571428571427,356.0503474149222,5346.333333333333,all_outpatient_procedures_reporting_proxy,not_yet_filtered_by_sigtap
500560,11,9,1,1,237,24301.0,66972.4,3,25536.0,11.11111111111111,951.6369047619048,24301.0,all_outpatient_procedures_reporting_proxy,not_yet_filtered_by_sigtap
500568,5,5,1,1,566,1656.0,19617.55,3,19193.0,20.0,86.28145678111812,1656.0,all_outpatient_procedures_reporting_proxy,not_yet_filtered_by_sigtap
500570,16,15,2,2,1188,3016.0,19795.30999999998,4,50457.0,13.333333333333334,59.77366866837109,1508.0,all_outpatient_procedures_reporting_proxy,not_yet_filtered_by_sigtap
500580,5,5,0,0,0,0.0,0.0,0,13220.0,0.0,0.0,,all_outpatient_procedures_reporting_proxy,not_yet_filtered_by_sigtap
500600,7,7,0,0,0,0.0,0.0,0,21822.0,0.0,0.0,,all_outpatient_procedures_reporting_proxy,not_yet_filtered_by_sigtap
500620,14,12,1,1,125,291.0,171.34000000000006,1,48563.0,8.333333333333332,5.992216296357309,291.0,all_outpatient_procedures_reporting_proxy,not_yet_filtered_by_sigtap
500625,3,3,0,0,0,0.0,0.0,0,4721.0,0.0,0.0,,all_outpatient_procedures_reporting_proxy,not_yet_filtered_by_sigtap
500627,4,4,2,2,17,462.0,29.7,4,5510.0,50.0,83.8475499092559,231.0,all_outpatient_procedures_reporting_proxy,not_yet_filtered_by_sigtap
500630,15,14,4,4,927,3319.0,32847.659999999974,10,40957.0,28.57142857142857,81.03620870669238,829.75,all_outpatient_procedures_reporting_proxy,not_yet_filtered_by_sigtap
500635,4,4,0,0,0,0.0,0.0,0,12921.0,0.0,0.0,,all_outpatient_procedures_reporting_proxy,not_yet_filtered_by_sigtap
500640,5,3,1,1,942,7224.0,33961.68000000005,3,6941.0,33.33333333333333,1040.7722230226193,7224.0,all_outpatient_procedures_reporting_proxy,not_yet_filtered_by_sigtap
500660,24,23,0,0,0,0.0,0.0,0,92017.0,0.0,0.0,,all_outpatient_procedures_reporting_proxy,not_yet_filtered_by_sigtap
500690,7,4,1,1,1319,1672.0,8601.430000000024,3,12859.0,25.0,130.02566295979472,1672.0,all_outpatient_procedures_reporting_proxy,not_yet_filtered_by_sigtap
500710,8,8,3,3,19795,29133.0,67963.55000000002,8,23150.0,37.5,1258.4449244060477,9711.0,all_outpatient_procedures_reporting_proxy,not_yet_filtered_by_sigtap
500720,13,12,0,0,0,0.0,0.0,0,37601.0,0.0,0.0,,all_outpatient_procedures_reporting_proxy,not_yet_filtered_by_sigtap
500730,5,3,3,3,176,3637.0,10421.300000000008,5,4841.0,100.0,751.2910555670315,1212.3333333333333,all_outpatient_procedures_reporting_proxy,not_yet_filtered_by_sigtap
500740,12,9,1,1,1270,24875.0,79800.31999999975,3,19818.0,11.11111111111111,1255.172065798769,24875.0,all_outpatient_procedures_reporting_proxy,not_yet_filtered_by_sigtap
500750,2,2,0,0,0,0.0,0.0,0,5199.0,0.0,0.0,,all_outpatient_procedures_reporting_proxy,not_yet_filtered_by_sigtap
500755,2,1,1,1,2318,5833.0,22219.17,3,7027.0,100.0,830.0839618613918,5833.0,all_outpatient_procedures_reporting_proxy,not_yet_filtered_by_sigtap
500769,14,12,1,1,980,985.0,738.1900000000002,2,29579.0,8.333333333333332,33.30065248994219,985.0,all_outpatient_procedures_reporting_proxy,not_yet_filtered_by_sigtap
500770,5,4,0,0,0,0.0,0.0,0,10994.0,0.0,0.0,,all_outpatient_procedures_reporting_proxy,not_yet_filtered_by_sigtap
500780,4,4,1,1,13,230.0,0.0,3,8142.0,25.0,28.248587570621467,230.0,all_outpatient_procedures_reporting_proxy,not_yet_filtered_by_sigtap
500790,15,11,0,0,0,0.0,0.0,0,47118.0,0.0,0.0,,all_outpatient_procedures_reporting_proxy,not_yet_filtered_by_sigtap
500793,7,6,0,0,0,0.0,0.0,0,14516.0,0.0,0.0,,all_outpatient_procedures_reporting_proxy,not_yet_filtered_by_sigtap
500795,3,2,0,0,0,0.0,0.0,0,10808.0,0.0,0.0,,all_outpatient_procedures_reporting_proxy,not_yet_filtered_by_sigtap
500797,2,2,0,0,0,0.0,0.0,0,3625.0,0.0,0.0,,all_outpatient_procedures_reporting_proxy,not_yet_filtered_by_sigtap
500830,20,20,4,4,83,91.0,0.0,6,132152.0,20.0,0.6886010049034446,22.75,all_outpatient_procedures_reporting_proxy,not_yet_filtered_by_sigtap
500840,4,4,4,4,1618,18223.0,13499.449999999997,8,6336.0,100.0,2876.104797979798,4555.75,all_outpatient_procedures_reporting_proxy,not_yet_filtered_by_sigtap
510010,1,1,0,0,0,0.0,0.0,0,5014.0,0.0,0.0,,all_outpatient_procedures_reporting_proxy,not_yet_filtered_by_sigtap
510020,16,15,1,1,1623,3196.0,79990.79000000059,3,29219.0,6.666666666666667,109.38088230261131,3196.0,all_outpatient_procedures_reporting_proxy,not_yet_filtered_by_sigtap
510025,19,19,1,1,41,41.0,9001.16,2,58613.0,5.263157894736842,0.6995035231092078,41.0,all_outpatient_procedures_reporting_proxy,not_yet_filtered_by_sigtap
510030,8,8,0,0,0,0.0,0.0,0,17193.0,0.0,0.0,,all_outpatient_procedures_reporting_proxy,not_yet_filtered_by_sigtap
510035,3,3,1,1,49,123.0,5563.849999999998,1,5715.0,33.33333333333333,21.522309711286088,123.0,all_outpatient_procedures_reporting_proxy,not_yet_filtered_by_sigtap
510040,4,4,4,4,5616,69710.0,2624.75,12,13052.0,100.0,5340.9439166411275,17427.5,all_outpatient_procedures_reporting_proxy,not_yet_filtered_by_sigtap
510050,5,4,3,3,2872,24846.0,0.0,6,8009.0,75.0,3102.259957547759,8282.0,all_outpatient_procedures_reporting_proxy,not_yet_filtered_by_sigtap
510060,4,4,1,1,1257,1266.0,4163.889999999986,3,10904.0,25.0,116.1041819515774,1266.0,all_outpatient_procedures_reporting_proxy,not_yet_filtered_by_sigtap
510080,4,3,3,3,21,2838.0,3375.0,3,8590.0,100.0,330.38416763678697,946.0,all_outpatient_procedures_reporting_proxy,not_yet_filtered_by_sigtap
510100,2,1,0,0,0,0.0,0.0,0,3795.0,0.0,0.0,,all_outpatient_procedures_reporting_proxy,not_yet_filtered_by_sigtap
510120,1,1,1,1,303,5141.0,25102.919999999995,3,1010.0,100.0,5090.09900990099,5141.0,all_outpatient_procedures_reporting_proxy,not_yet_filtered_by_sigtap
510125,5,5,0,0,0,0.0,0.0,0,14786.0,0.0,0.0,,all_outpatient_procedures_reporting_proxy,not_yet_filtered_by_sigtap
510130,5,5,1,1,24,24.0,5400.0,1,10576.0,20.0,2.26928895612708,24.0,all_outpatient_procedures_reporting_proxy,not_yet_filtered_by_sigtap
510140,6,6,2,2,295,493.0,13099.349999999973,4,24626.0,33.33333333333333,20.01949159424998,246.5,all_outpatient_procedures_reporting_proxy,not_yet_filtered_by_sigtap
510160,3,3,3,3,6,233.0,1251.9,3,7253.0,100.0,32.124638080794156,77.66666666666667,all_outpatient_procedures_reporting_proxy,not_yet_filtered_by_sigtap
510170,11,9,0,0,0,0.0,0.0,0,29403.0,0.0,0.0,,all_outpatient_procedures_reporting_proxy,not_yet_filtered_by_sigtap
510180,23,21,0,0,0,0.0,0.0,0,69210.0,0.0,0.0,,all_outpatient_procedures_reporting_proxy,not_yet_filtered_by_sigtap
510183,3,3,0,0,0,0.0,0.0,0,,0.0,,,all_outpatient_procedures_reporting_proxy,not_yet_filtered_by_sigtap
510185,4,3,0,0,0,0.0,0.0,0,7280.0,0.0,0.0,,all_outpatient_procedures_reporting_proxy,not_yet_filtered_by_sigtap
510190,8,7,0,0,0,0.0,0.0,0,17004.0,0.0,0.0,,all_outpatient_procedures_reporting_proxy,not_yet_filtered_by_sigtap
510250,25,20,0,0,0,0.0,0.0,0,89681.0,0.0,0.0,,all_outpatient_procedures_reporting_proxy,not_yet_filtered_by_sigtap
510260,3,3,0,0,0,0.0,0.0,0,15347.0,0.0,0.0,,all_outpatient_procedures_reporting_proxy,not_yet_filtered_by_sigtap
510263,12,12,0,0,0,0.0,0.0,0,45899.0,0.0,0.0,,all_outpatient_procedures_reporting_proxy,not_yet_filtered_by_sigtap
510267,17,16,0,0,0,0.0,0.0,0,44585.0,0.0,0.0,,all_outpatient_procedures_reporting_proxy,not_yet_filtered_by_sigtap
510268,3,3,0,0,0,0.0,0.0,0,8822.0,0.0,0.0,,all_outpatient_procedures_reporting_proxy,not_yet_filtered_by_sigtap
510269,2,2,2,2,2213,15764.0,55.0,6,4485.0,100.0,3514.8272017837235,7882.0,all_outpatient_procedures_reporting_proxy,not_yet_filtered_by_sigtap
510270,8,8,7,7,315,377.0,966.2099999999999,17,25858.0,87.5,14.579627194678629,53.857142857142854,all_outpatient_procedures_reporting_proxy,not_yet_filtered_by_sigtap
510279,6,5,1,1,35,70.0,0.0,1,10332.0,20.0,6.775067750677507,70.0,all_outpatient_procedures_reporting_proxy,not_yet_filtered_by_sigtap
510285,3,3,0,0,0,0.0,0.0,0,7506.0,0.0,0.0,,all_outpatient_procedures_reporting_proxy,not_yet_filtered_by_sigtap
510300,11,10,0,0,0,0.0,0.0,0,18990.0,0.0,0.0,,all_outpatient_procedures_reporting_proxy,not_yet_filtered_by_sigtap
510305,5,4,0,0,0,0.0,0.0,0,9593.0,0.0,0.0,,all_outpatient_procedures_reporting_proxy,not_yet_filtered_by_sigtap
510310,3,3,2,2,23,3197.0,4500.0,4,6220.0,66.66666666666666,513.9871382636657,1598.5,all_outpatient_procedures_reporting_proxy,not_yet_filtered_by_sigtap
510320,10,10,8,8,32148,34914.0,78.63,8,31370.0,80.0,1112.9741791520562,4364.25,all_outpatient_procedures_reporting_proxy,not_yet_filtered_by_sigtap
510325,9,7,7,7,74968,83469.0,0.0,21,25766.0,100.0,3239.501668865947,11924.142857142857,all_outpatient_procedures_reporting_proxy,not_yet_filtered_by_sigtap
510330,6,6,0,0,0,0.0,0.0,0,18238.0,0.0,0.0,,all_outpatient_procedures_reporting_proxy,not_yet_filtered_by_sigtap
510335,9,8,1,1,999,2559.0,7164.159999999991,3,35075.0,12.5,72.95794725588026,2559.0,all_outpatient_procedures_reporting_proxy,not_yet_filtered_by_sigtap
510336,2,2,0,0,0,0.0,0.0,0,3760.0,0.0,0.0,,all_outpatient_procedures_reporting_proxy,not_yet_filtered_by_sigtap
510337,6,5,0,0,0,0.0,0.0,0,11011.0,0.0,0.0,,all_outpatient_procedures_reporting_proxy,not_yet_filtered_by_sigtap
510340,100,94,1,1,1013,2146.0,815.3599999999999,2,650877.0,1.0638297872340425,3.297089926360895,2146.0,all_outpatient_procedures_reporting_proxy,not_yet_filtered_by_sigtap
510343,2,2,0,0,0,0.0,0.0,0,4903.0,0.0,0.0,,all_outpatient_procedures_reporting_proxy,not_yet_filtered_by_sigtap
510345,3,3,0,0,0,0.0,0.0,0,7014.0,0.0,0.0,,all_outpatient_procedures_reporting_proxy,not_yet_filtered_by_sigtap
510350,12,12,0,0,0,0.0,0.0,0,21941.0,0.0,0.0,,all_outpatient_procedures_reporting_proxy,not_yet_filtered_by_sigtap
510360,5,5,1,1,917,8709.0,37737.84999999995,2,7872.0,20.0,1106.3262195121952,8709.0,all_outpatient_procedures_reporting_proxy,not_yet_filtered_by_sigtap
510370,5,4,0,0,0,0.0,0.0,0,10521.0,0.0,0.0,,all_outpatient_procedures_reporting_proxy,not_yet_filtered_by_sigtap
510380,1,1,0,0,0,0.0,0.0,0,3187.0,0.0,0.0,,all_outpatient_procedures_reporting_proxy,not_yet_filtered_by_sigtap
510385,2,2,0,0,0,0.0,0.0,0,8642.0,0.0,0.0,,all_outpatient_procedures_reporting_proxy,not_yet_filtered_by_sigtap
510390,4,2,0,0,0,0.0,0.0,0,6037.0,0.0,0.0,,all_outpatient_procedures_reporting_proxy,not_yet_filtered_by_sigtap
510395,2,2,1,1,45,1485.0,7227.409999999999,1,2905.0,50.0,511.18760757314976,1485.0,all_outpatient_procedures_reporting_proxy,not_yet_filtered_by_sigtap
510410,11,10,9,9,12102,84936.0,3134.7099999999996,18,31024.0,90.0,2737.7514182568334,9437.333333333334,all_outpatient_procedures_reporting_proxy,not_yet_filtered_by_sigtap
510420,6,6,6,6,2223,14883.0,17032.850000000122,6,10966.0,100.0,1357.194966259347,2480.5,all_outpatient_procedures_reporting_proxy,not_yet_filtered_by_sigtap
510450,1,1,0,0,0,0.0,0.0,0,2213.0,0.0,0.0,,all_outpatient_procedures_reporting_proxy,not_yet_filtered_by_sigtap
510452,2,2,0,0,0,0.0,0.0,0,7815.0,0.0,0.0,,all_outpatient_procedures_reporting_proxy,not_yet_filtered_by_sigtap
510454,3,3,0,0,0,0.0,0.0,0,7539.0,0.0,0.0,,all_outpatient_procedures_reporting_proxy,not_yet_filtered_by_sigtap
510455,2,1,0,0,0,0.0,0.0,0,5020.0,0.0,0.0,,all_outpatient_procedures_reporting_proxy,not_yet_filtered_by_sigtap
510460,5,5,0,0,0,0.0,0.0,0,12236.0,0.0,0.0,,all_outpatient_procedures_reporting_proxy,not_yet_filtered_by_sigtap
510480,8,8,0,0,0,0.0,0.0,0,28569.0,0.0,0.0,,all_outpatient_procedures_reporting_proxy,not_yet_filtered_by_sigtap
510490,5,4,0,0,0,0.0,0.0,0,7426.0,0.0,0.0,,all_outpatient_procedures_reporting_proxy,not_yet_filtered_by_sigtap
510500,4,4,2,2,4,1181.0,0.0,2,8367.0,50.0,141.14975498984103,590.5,all_outpatient_procedures_reporting_proxy,not_yet_filtered_by_sigtap
510510,11,10,8,8,50,900.0,1527.8999999999999,16,34906.0,80.0,25.783532916977023,112.5,all_outpatient_procedures_reporting_proxy,not_yet_filtered_by_sigtap
510515,16,15,0,0,0,0.0,0.0,0,45869.0,0.0,0.0,,all_outpatient_procedures_reporting_proxy,not_yet_filtered_by_sigtap
510517,4,3,3,3,3,38.0,0.0,3,10213.0,100.0,3.72074806619015,12.666666666666666,all_outpatient_procedures_reporting_proxy,not_yet_filtered_by_sigtap
510520,5,5,3,3,554,621.0,7923.319999999998,5,11480.0,60.0,54.09407665505227,207.0,all_outpatient_procedures_reporting_proxy,not_yet_filtered_by_sigtap
510523,2,2,2,2,62,959.0,11690.24,4,4790.0,100.0,200.2087682672234,479.5,all_outpatient_procedures_reporting_proxy,not_yet_filtered_by_sigtap
510525,22,19,19,19,25967,92711.0,10554.800000000083,19,83798.0,100.0,1106.3629203560945,4879.526315789473,all_outpatient_procedures_reporting_proxy,not_yet_filtered_by_sigtap
510530,2,1,1,1,58,81.0,1723.0000000000016,1,2509.0,100.0,32.28377839776803,81.0,all_outpatient_procedures_reporting_proxy,not_yet_filtered_by_sigtap
510550,9,5,5,5,4605,45747.0,46.0,10,16774.0,100.0,2727.2564683438654,9149.4,all_outpatient_procedures_reporting_proxy,not_yet_filtered_by_sigtap
510558,4,4,0,0,0,0.0,0.0,0,11396.0,0.0,0.0,,all_outpatient_procedures_reporting_proxy,not_yet_filtered_by_sigtap
510560,7,7,0,0,0,0.0,0.0,0,20091.0,0.0,0.0,,all_outpatient_procedures_reporting_proxy,not_yet_filtered_by_sigtap
510562,8,8,1,1,38,176.0,704.0,1,26785.0,12.5,6.570841889117043,176.0,all_outpatient_procedures_reporting_proxy,not_yet_filtered_by_sigtap
510590,7,6,0,0,0,0.0,0.0,0,15492.0,0.0,0.0,,all_outpatient_procedures_reporting_proxy,not_yet_filtered_by_sigtap
510600,4,3,0,0,0,0.0,0.0,0,5956.0,0.0,0.0,,all_outpatient_procedures_reporting_proxy,not_yet_filtered_by_sigtap
510610,3,3,0,0,0,0.0,0.0,0,12940.0,0.0,0.0,,all_outpatient_procedures_reporting_proxy,not_yet_filtered_by_sigtap
510615,7,6,4,4,496,2060.0,23099.7,9,13635.0,66.66666666666666,151.08177484415108,515.0,all_outpatient_procedures_reporting_proxy,not_yet_filtered_by_sigtap
510617,3,2,0,0,0,0.0,0.0,0,4200.0,0.0,0.0,,all_outpatient_procedures_reporting_proxy,not_yet_filtered_by_sigtap
510618,3,3,0,0,0,0.0,0.0,0,6670.0,0.0,0.0,,all_outpatient_procedures_reporting_proxy,not_yet_filtered_by_sigtap
510619,1,1,0,0,0,0.0,0.0,0,4239.0,0.0,0.0,,all_outpatient_procedures_reporting_proxy,not_yet_filtered_by_sigtap
510620,2,2,1,1,22,22.0,4950.0,2,3932.0,50.0,5.595116988809766,22.0,all_outpatient_procedures_reporting_proxy,not_yet_filtered_by_sigtap
510621,5,5,5,5,43506,44612.0,100.0,10,11707.0,100.0,3810.711540104211,8922.4,all_outpatient_procedures_reporting_proxy,not_yet_filtered_by_sigtap
510622,15,15,0,0,0,0.0,0.0,0,55839.0,0.0,0.0,,all_outpatient_procedures_reporting_proxy,not_yet_filtered_by_sigtap
510623,7,7,6,6,8705,61519.0,1285.0,16,16352.0,85.71428571428571,3762.1697651663408,10253.166666666666,all_outpatient_procedures_reporting_proxy,not_yet_filtered_by_sigtap
510624,9,6,6,6,7526,43895.0,14900.130000000001,12,11530.0,100.0,3807.0251517779707,7315.833333333333,all_outpatient_procedures_reporting_proxy,not_yet_filtered_by_sigtap
510625,6,6,6,6,24,24.0,5400.0,6,24345.0,100.0,0.9858287122612446,4.0,all_outpatient_procedures_reporting_proxy,not_yet_filtered_by_sigtap
510626,5,4,0,0,0,0.0,0.0,0,6520.0,0.0,0.0,,all_outpatient_procedures_reporting_proxy,not_yet_filtered_by_sigtap
510627,2,1,1,1,725,3232.0,12.0,2,3349.0,100.0,965.0641982681398,3232.0,all_outpatient_procedures_reporting_proxy,not_yet_filtered_by_sigtap
510628,3,3,0,0,0,0.0,0.0,0,6919.0,0.0,0.0,,all_outpatient_procedures_reporting_proxy,not_yet_filtered_by_sigtap
510629,5,5,4,4,44,44.0,9900.0,7,11671.0,80.0,3.770028275212064,11.0,all_outpatient_procedures_reporting_proxy,not_yet_filtered_by_sigtap
510630,8,7,1,1,20,20.0,4500.0,1,26423.0,14.285714285714285,0.7569163229005034,20.0,all_outpatient_procedures_reporting_proxy,not_yet_filtered_by_sigtap
510631,1,1,1,1,35,93.0,4438.799999999999,2,2015.0,100.0,46.15384615384615,93.0,all_outpatient_procedures_reporting_proxy,not_yet_filtered_by_sigtap
510637,5,5,0,0,0,0.0,0.0,0,18066.0,0.0,0.0,,all_outpatient_procedures_reporting_proxy,not_yet_filtered_by_sigtap
510642,10,10,0,0,0,0.0,0.0,0,32714.0,0.0,0.0,,all_outpatient_procedures_reporting_proxy,not_yet_filtered_by_sigtap
510645,2,2,1,1,13550,20136.0,53819.99999999943,3,3166.0,50.0,6360.0758054327225,20136.0,all_outpatient_procedures_reporting_proxy,not_yet_filtered_by_sigtap
510650,12,11,1,1,51,51.0,11475.0,2,31217.0,9.090909090909092,1.6337252138258,51.0,all_outpatient_procedures_reporting_proxy,not_yet_filtered_by_sigtap
510665,4,3,1,1,3302,3302.0,18361.87999999997,2,6932.0,33.33333333333333,476.3416041546451,3302.0,all_outpatient_procedures_reporting_proxy,not_yet_filtered_by_sigtap
510670,1,1,0,0,0,0.0,0.0,0,2008.0,0.0,0.0,,all_outpatient_procedures_reporting_proxy,not_yet_filtered_by_sigtap
510675,13,12,0,0,0,0.0,0.0,0,52018.0,0.0,0.0,,all_outpatient_procedures_reporting_proxy,not_yet_filtered_by_sigtap
510677,5,5,2,2,41,56.0,56.0,3,12127.0,40.0,4.617795002886122,28.0,all_outpatient_procedures_reporting_proxy,not_yet_filtered_by_sigtap
510680,3,3,3,3,12,3600.0,0.0,6,5593.0,100.0,643.6617200071519,1200.0,all_outpatient_procedures_reporting_proxy,not_yet_filtered_by_sigtap
510682,5,5,0,0,0,0.0,0.0,0,10204.0,0.0,0.0,,all_outpatient_procedures_reporting_proxy,not_yet_filtered_by_sigtap
510685,3,3,3,3,3279,20718.0,16687.68999999999,9,3224.0,100.0,6426.178660049628,6906.0,all_outpatient_procedures_reporting_proxy,not_yet_filtered_by_sigtap
510700,7,7,2,2,151,17378.0,70781.69,4,23283.0,28.57142857142857,746.3814800498218,8689.0,all_outpatient_procedures_reporting_proxy,not_yet_filtered_by_sigtap
510704,20,19,0,0,0,0.0,0.0,0,85146.0,0.0,0.0,,all_outpatient_procedures_reporting_proxy,not_yet_filtered_by_sigtap
510706,11,11,4,4,302,615.0,7472.169999999995,4,26769.0,36.36363636363637,22.97433598565505,153.75,all_outpatient_procedures_reporting_proxy,not_yet_filtered_by_sigtap
510710,6,5,0,0,0,0.0,0.0,0,17849.0,0.0,0.0,,all_outpatient_procedures_reporting_proxy,not_yet_filtered_by_sigtap
510715,1,1,1,1,74,3376.0,18709.450000000004,3,2122.0,100.0,1590.9519321394912,3376.0,all_outpatient_procedures_reporting_proxy,not_yet_filtered_by_sigtap
510718,6,5,1,1,28,28.0,6300.0,1,10089.0,20.0,2.775299831499653,28.0,all_outpatient_procedures_reporting_proxy,not_yet_filtered_by_sigtap
510719,1,1,0,0,0,0.0,0.0,0,2593.0,0.0,0.0,,all_outpatient_procedures_reporting_proxy,not_yet_filtered_by_sigtap
510724,3,2,2,2,3742,23524.0,551.97,4,5374.0,100.0,4377.37253442501,11762.0,all_outpatient_procedures_reporting_proxy,not_yet_filtered_by_sigtap
510726,1,1,1,1,138,8297.0,42083.240000000005,3,2519.0,100.0,3293.7673680031758,8297.0,all_outpatient_procedures_reporting_proxy,not_yet_filtered_by_sigtap
510729,2,2,2,2,551,6332.0,8923.750000000004,6,2875.0,100.0,2202.434782608696,3166.0,all_outpatient_procedures_reporting_proxy,not_yet_filtered_by_sigtap
510730,7,6,6,6,948,1790.0,9796.33,18,14911.0,100.0,120.04560391657165,298.3333333333333,all_outpatient_procedures_reporting_proxy,not_yet_filtered_by_sigtap
510735,2,2,0,0,0,0.0,0.0,0,5964.0,0.0,0.0,,all_outpatient_procedures_reporting_proxy,not_yet_filtered_by_sigtap
510740,3,3,1,1,924,9216.0,44065.88000000008,3,4191.0,33.33333333333333,2198.99785254116,9216.0,all_outpatient_procedures_reporting_proxy,not_yet_filtered_by_sigtap
510757,2,2,0,0,0,0.0,0.0,0,3505.0,0.0,0.0,,all_outpatient_procedures_reporting_proxy,not_yet_filtered_by_sigtap
510760,70,69,0,0,0,0.0,0.0,0,244911.0,0.0,0.0,,all_outpatient_procedures_reporting_proxy,not_yet_filtered_by_sigtap
510770,7,7,1,1,168,168.0,0.0,1,15453.0,14.285714285714285,10.8716754028344,168.0,all_outpatient_procedures_reporting_proxy,not_yet_filtered_by_sigtap
510774,1,1,0,0,0,0.0,0.0,0,2661.0,0.0,0.0,,all_outpatient_procedures_reporting_proxy,not_yet_filtered_by_sigtap
510775,2,2,0,0,0,0.0,0.0,0,3679.0,0.0,0.0,,all_outpatient_procedures_reporting_proxy,not_yet_filtered_by_sigtap
510776,3,3,0,0,0,0.0,0.0,0,3276.0,0.0,0.0,,all_outpatient_procedures_reporting_proxy,not_yet_filtered_by_sigtap
510777,2,2,0,0,0,0.0,0.0,0,7596.0,0.0,0.0,,all_outpatient_procedures_reporting_proxy,not_yet_filtered_by_sigtap
510779,2,2,2,2,15878,33124.0,85764.94999999876,5,4099.0,100.0,8080.995364723103,16562.0,all_outpatient_procedures_reporting_proxy,not_yet_filtered_by_sigtap
510780,8,7,0,0,0,0.0,0.0,0,15246.0,0.0,0.0,,all_outpatient_procedures_reporting_proxy,not_yet_filtered_by_sigtap
510785,4,4,4,4,100,1808.0,8710.279999999997,4,13621.0,100.0,132.73621613684753,452.0,all_outpatient_procedures_reporting_proxy,not_yet_filtered_by_sigtap
510787,8,7,0,0,0,0.0,0.0,0,28944.0,0.0,0.0,,all_outpatient_procedures_reporting_proxy,not_yet_filtered_by_sigtap
510788,2,1,1,1,130,186.0,7838.5499999999965,2,1800.0,100.0,103.33333333333333,186.0,all_outpatient_procedures_reporting_proxy,not_yet_filtered_by_sigtap
510790,38,33,8,8,132,6515.0,1250.1500000000008,9,196312.0,24.242424242424242,33.18696768409471,814.375,all_outpatient_procedures_reporting_proxy,not_yet_filtered_by_sigtap
510792,31,29,28,28,2624,2624.0,1489.67,55,110635.0,96.55172413793103,23.717630044741718,93.71428571428571,all_outpatient_procedures_reporting_proxy,not_yet_filtered_by_sigtap
510794,6,5,0,0,0,0.0,0.0,0,9818.0,0.0,0.0,,all_outpatient_procedures_reporting_proxy,not_yet_filtered_by_sigtap
510795,27,25,0,0,0,0.0,0.0,0,106434.0,0.0,0.0,,all_outpatient_procedures_reporting_proxy,not_yet_filtered_by_sigtap
510800,6,6,0,0,0,0.0,0.0,0,14370.0,0.0,0.0,,all_outpatient_procedures_reporting_proxy,not_yet_filtered_by_sigtap
510805,5,4,1,1,10716,12382.0,15318.0,3,10616.0,25.0,1166.3526752072344,12382.0,all_outpatient_procedures_reporting_proxy,not_yet_filtered_by_sigtap
510810,3,2,0,0,0,0.0,0.0,0,3025.0,0.0,0.0,,all_outpatient_procedures_reporting_proxy,not_yet_filtered_by_sigtap
510820,2,2,0,0,0,0.0,0.0,0,4164.0,0.0,0.0,,all_outpatient_procedures_reporting_proxy,not_yet_filtered_by_sigtap
510830,3,3,2,2,36,36.0,8100.0,4,3838.0,66.66666666666666,9.379885356956748,18.0,all_outpatient_procedures_reporting_proxy,not_yet_filtered_by_sigtap
510835,4,4,1,1,23,46.0,4727.32,1,2904.0,25.0,15.840220385674932,46.0,all_outpatient_procedures_reporting_proxy,not_yet_filtered_by_sigtap
510840,31,30,13,13,3500,78646.0,452046.7400000004,35,300078.0,43.333333333333336,262.0851911836256,6049.692307692308,all_outpatient_procedures_reporting_proxy,not_yet_filtered_by_sigtap
510850,4,4,0,0,0,0.0,0.0,0,12800.0,0.0,0.0,,all_outpatient_procedures_reporting_proxy,not_yet_filtered_by_sigtap
510860,6,6,0,0,0,0.0,0.0,0,19888.0,0.0,0.0,,all_outpatient_procedures_reporting_proxy,not_yet_filtered_by_sigtap
510880,1,1,0,0,0,0.0,0.0,0,4590.0,0.0,0.0,,all_outpatient_procedures_reporting_proxy,not_yet_filtered_by_sigtap
510885,1,1,0,0,0,0.0,0.0,0,3529.0,0.0,0.0,,all_outpatient_procedures_reporting_proxy,not_yet_filtered_by_sigtap
510890,4,4,1,1,66,1900.0,6943.88,1,5846.0,25.0,325.00855285665415,1900.0,all_outpatient_procedures_reporting_proxy,not_yet_filtered_by_sigtap
510895,3,3,3,3,69,4412.0,13500.0,4,8313.0,100.0,530.7349933838567,1470.6666666666667,all_outpatient_procedures_reporting_proxy,not_yet_filtered_by_sigtap
520005,4,3,0,0,0,0.0,0.0,0,19128.0,0.0,0.0,,all_outpatient_procedures_reporting_proxy,not_yet_filtered_by_sigtap
520010,5,4,2,2,86,2774.0,13731.34,4,17232.0,50.0,160.97957288765087,1387.0,all_outpatient_procedures_reporting_proxy,not_yet_filtered_by_sigtap
520013,7,6,6,6,3825,11680.0,15695.479999999996,14,21568.0,100.0,541.5430267062314,1946.6666666666667,all_outpatient_procedures_reporting_proxy,not_yet_filtered_by_sigtap
520015,1,1,1,1,358,12030.0,90218.57,3,2297.0,100.0,5237.265999129299,12030.0,all_outpatient_procedures_reporting_proxy,not_yet_filtered_by_sigtap
520017,3,2,1,1,33,33.0,7425.0,1,4954.0,50.0,6.661283811061769,33.0,all_outpatient_procedures_reporting_proxy,not_yet_filtered_by_sigtap
520020,2,2,2,2,3752,6918.0,33935.99000000001,4,1858.0,100.0,3723.3584499461786,3459.0,all_outpatient_procedures_reporting_proxy,not_yet_filtered_by_sigtap
520025,34,28,0,0,0,0.0,0.0,0,225693.0,0.0,0.0,,all_outpatient_procedures_reporting_proxy,not_yet_filtered_by_sigtap
520030,10,10,1,1,111,240.0,24979.8,3,27008.0,10.0,8.886255924170616,240.0,all_outpatient_procedures_reporting_proxy,not_yet_filtered_by_sigtap
520050,1,1,1,1,662,662.0,7875.0,3,1973.0,100.0,335.5296502787633,662.0,all_outpatient_procedures_reporting_proxy,not_yet_filtered_by_sigtap
520055,2,2,0,0,0,0.0,0.0,0,6072.0,0.0,0.0,,all_outpatient_procedures_reporting_proxy,not_yet_filtered_by_sigtap
520060,4,3,0,0,0,0.0,0.0,0,10306.0,0.0,0.0,,all_outpatient_procedures_reporting_proxy,not_yet_filtered_by_sigtap
520080,4,4,0,0,0,0.0,0.0,0,8446.0,0.0,0.0,,all_outpatient_procedures_reporting_proxy,not_yet_filtered_by_sigtap
520082,3,3,1,1,8010,8225.0,12717.670000000133,2,3268.0,33.33333333333333,2516.829865361077,8225.0,all_outpatient_procedures_reporting_proxy,not_yet_filtered_by_sigtap
520085,2,2,1,1,12,12.0,2700.0,1,5259.0,50.0,2.2818026240730176,12.0,all_outpatient_procedures_reporting_proxy,not_yet_filtered_by_sigtap
520090,2,2,1,1,553,1014.0,5165.270000000011,3,3007.0,50.0,337.21316927169937,1014.0,all_outpatient_procedures_reporting_proxy,not_yet_filtered_by_sigtap
520110,53,51,2,2,23782,219099.0,363536.53000000014,6,398869.0,3.9215686274509802,549.3006475810354,109549.5,all_outpatient_procedures_reporting_proxy,not_yet_filtered_by_sigtap
520120,1,1,0,0,0,0.0,0.0,0,924.0,0.0,0.0,,all_outpatient_procedures_reporting_proxy,not_yet_filtered_by_sigtap
520130,8,8,0,0,0,0.0,0.0,0,18503.0,0.0,0.0,,all_outpatient_procedures_reporting_proxy,not_yet_filtered_by_sigtap
520140,55,50,4,4,659,8496.0,74405.08000000006,7,527796.0,8.0,16.09712843598663,2124.0,all_outpatient_procedures_reporting_proxy,not_yet_filtered_by_sigtap
520145,1,1,1,1,8,208.0,0.0,2,2907.0,100.0,71.5514275885793,208.0,all_outpatient_procedures_reporting_proxy,not_yet_filtered_by_sigtap
520150,1,1,1,1,60,63.0,1785.8500000000015,1,4325.0,100.0,14.566473988439306,63.0,all_outpatient_procedures_reporting_proxy,not_yet_filtered_by_sigtap
520160,2,2,2,2,1183,3775.0,24154.520000000048,6,3799.0,100.0,993.6825480389576,1887.5,all_outpatient_procedures_reporting_proxy,not_yet_filtered_by_sigtap
520170,8,8,1,1,40,40.0,9000.0,2,18390.0,12.5,2.175095160413268,40.0,all_outpatient_procedures_reporting_proxy,not_yet_filtered_by_sigtap
520180,4,4,3,3,115,793.0,6889.599999999999,5,11890.0,75.0,66.69470142977292,264.3333333333333,all_outpatient_procedures_reporting_proxy,not_yet_filtered_by_sigtap
520215,3,3,3,3,3458,15514.0,12049.76,9,7153.0,100.0,2168.8801901300153,5171.333333333333,all_outpatient_procedures_reporting_proxy,not_yet_filtered_by_sigtap
520235,2,2,1,1,17,32.0,3600.0,1,2946.0,50.0,10.862186014935505,32.0,all_outpatient_procedures_reporting_proxy,not_yet_filtered_by_sigtap
520250,3,2,0,0,0,0.0,0.0,0,8300.0,0.0,0.0,,all_outpatient_procedures_reporting_proxy,not_yet_filtered_by_sigtap
520260,2,2,1,1,207,398.0,2379.66,3,3284.0,50.0,121.19366626065774,398.0,all_outpatient_procedures_reporting_proxy,not_yet_filtered_by_sigtap
520280,1,1,0,0,0,0.0,0.0,0,2868.0,0.0,0.0,,all_outpatient_procedures_reporting_proxy,not_yet_filtered_by_sigtap
520310,3,3,2,2,172,18706.0,117451.55999999998,6,3351.0,66.66666666666666,5582.214264398687,9353.0,all_outpatient_procedures_reporting_proxy,not_yet_filtered_by_sigtap
520320,3,3,1,1,45,719.0,7190.0,3,10371.0,33.33333333333333,69.32793366117058,719.0,all_outpatient_procedures_reporting_proxy,not_yet_filtered_by_sigtap
520330,11,11,10,10,2872,2872.0,35657.92999999999,22,34445.0,90.9090909090909,83.37930033386557,287.2,all_outpatient_procedures_reporting_proxy,not_yet_filtered_by_sigtap
520340,5,4,1,1,39,135.0,844.2,2,7826.0,25.0,17.25019166879632,135.0,all_outpatient_procedures_reporting_proxy,not_yet_filtered_by_sigtap
520350,7,7,0,0,0,0.0,0.0,0,23958.0,0.0,0.0,,all_outpatient_procedures_reporting_proxy,not_yet_filtered_by_sigtap
520355,4,4,0,0,0,0.0,0.0,0,10296.0,0.0,0.0,,all_outpatient_procedures_reporting_proxy,not_yet_filtered_by_sigtap
520357,2,2,2,2,2221,3168.0,10075.659999999996,6,3299.0,100.0,960.2909972719006,1584.0,all_outpatient_procedures_reporting_proxy,not_yet_filtered_by_sigtap
520360,4,4,3,3,15558,15621.0,26048.719999999834,8,3992.0,75.0,3913.076152304609,5207.0,all_outpatient_procedures_reporting_proxy,not_yet_filtered_by_sigtap
520380,3,3,1,1,20,20.0,4500.0,1,5695.0,33.33333333333333,3.5118525021949076,20.0,all_outpatient_procedures_reporting_proxy,not_yet_filtered_by_sigtap
520390,3,3,3,3,3040,3503.0,37063.61000000007,9,10495.0,100.0,333.77798951881846,1167.6666666666667,all_outpatient_procedures_reporting_proxy,not_yet_filtered_by_sigtap
520393,1,1,1,1,3761,6452.0,15591.700000000024,3,2732.0,100.0,2361.6398243045387,6452.0,all_outpatient_procedures_reporting_proxy,not_yet_filtered_by_sigtap
520396,2,1,1,1,671,6785.0,34752.329999999994,3,3145.0,100.0,2157.392686804452,6785.0,all_outpatient_procedures_reporting_proxy,not_yet_filtered_by_sigtap
520400,3,3,1,1,41,41.0,9225.0,2,7560.0,33.33333333333333,5.423280423280423,41.0,all_outpatient_procedures_reporting_proxy,not_yet_filtered_by_sigtap
520410,6,5,1,1,63,63.0,14175.0,3,11513.0,20.0,5.472075045600626,63.0,all_outpatient_procedures_reporting_proxy,not_yet_filtered_by_sigtap
520420,1,1,1,1,186,3161.0,17569.090000000007,2,1405.0,100.0,2249.8220640569393,3161.0,all_outpatient_procedures_reporting_proxy,not_yet_filtered_by_sigtap
520425,4,4,2,2,28,1115.0,10482.2,6,7782.0,50.0,143.2793626317142,557.5,all_outpatient_procedures_reporting_proxy,not_yet_filtered_by_sigtap
520430,6,5,0,0,0,0.0,0.0,0,13774.0,0.0,0.0,,all_outpatient_procedures_reporting_proxy,not_yet_filtered_by_sigtap
520440,5,5,5,5,331,458.0,7819.48,15,16513.0,100.0,27.73572336946648,91.6,all_outpatient_procedures_reporting_proxy,not_yet_filtered_by_sigtap
520450,22,17,1,1,28,28.0,6300.0,1,98622.0,5.88235294117647,0.2839123116546004,28.0,all_outpatient_procedures_reporting_proxy,not_yet_filtered_by_sigtap
520455,1,1,1,1,113,29375.0,0.0,3,4507.0,100.0,6517.639227867761,29375.0,all_outpatient_procedures_reporting_proxy,not_yet_filtered_by_sigtap
520460,1,1,1,1,2651,7000.0,17812.920000000064,3,3755.0,100.0,1864.1810918774966,7000.0,all_outpatient_procedures_reporting_proxy,not_yet_filtered_by_sigtap
520465,1,1,0,0,0,0.0,0.0,0,3708.0,0.0,0.0,,all_outpatient_procedures_reporting_proxy,not_yet_filtered_by_sigtap
520470,5,5,0,0,0,0.0,0.0,0,12510.0,0.0,0.0,,all_outpatient_procedures_reporting_proxy,not_yet_filtered_by_sigtap
520480,6,6,4,4,273,1920.0,17631.199999999997,8,7422.0,66.66666666666666,258.6903799514956,480.0,all_outpatient_procedures_reporting_proxy,not_yet_filtered_by_sigtap
520485,2,2,2,2,31805,34099.0,27915.169999999976,6,8081.0,100.0,4219.65103328796,17049.5,all_outpatient_procedures_reporting_proxy,not_yet_filtered_by_sigtap
520490,6,6,0,0,0,0.0,0.0,0,18108.0,0.0,0.0,,all_outpatient_procedures_reporting_proxy,not_yet_filtered_by_sigtap
520495,3,3,3,3,2054,38563.0,139596.3299999999,9,4005.0,100.0,9628.714107365793,12854.333333333334,all_outpatient_procedures_reporting_proxy,not_yet_filtered_by_sigtap
520500,4,4,4,4,5903,7368.0,14426.200000000008,12,9710.0,100.0,758.8053553038105,1842.0,all_outpatient_procedures_reporting_proxy,not_yet_filtered_by_sigtap
520505,1,1,1,1,103,869.0,7310.63,3,2985.0,100.0,291.1222780569514,869.0,all_outpatient_procedures_reporting_proxy,not_yet_filtered_by_sigtap
520510,20,17,0,0,0,0.0,0.0,0,114427.0,0.0,0.0,,all_outpatient_procedures_reporting_proxy,not_yet_filtered_by_sigtap
520520,3,3,3,3,7853,11555.0,56885.66000000009,9,5184.0,100.0,2228.973765432099,3851.6666666666665,all_outpatient_procedures_reporting_proxy,not_yet_filtered_by_sigtap
520530,4,3,1,1,40,40.0,9000.0,2,9583.0,33.33333333333333,4.174058228112282,40.0,all_outpatient_procedures_reporting_proxy,not_yet_filtered_by_sigtap
520540,7,7,7,7,4559,16725.0,27745.130000000005,21,22046.0,100.0,758.641023314887,2389.285714285714,all_outpatient_procedures_reporting_proxy,not_yet_filtered_by_sigtap
520545,4,4,1,1,94,135.0,4009.500000000002,2,8090.0,25.0,16.687268232385662,135.0,all_outpatient_procedures_reporting_proxy,not_yet_filtered_by_sigtap
520547,3,3,3,3,5311,26891.0,23721.39000000005,9,12870.0,100.0,2089.4327894327894,8963.666666666666,all_outpatient_procedures_reporting_proxy,not_yet_filtered_by_sigtap
520549,27,26,25,25,69982,309160.0,231158.78999999832,75,91767.0,96.15384615384616,3368.967057874835,12366.4,all_outpatient_procedures_reporting_proxy,not_yet_filtered_by_sigtap
520551,7,7,0,0,0,0.0,0.0,0,25016.0,0.0,0.0,,all_outpatient_procedures_reporting_proxy,not_yet_filtered_by_sigtap
520552,2,2,1,1,5537,5537.0,20696.21000000004,2,4030.0,50.0,1373.9454094292805,5537.0,all_outpatient_procedures_reporting_proxy,not_yet_filtered_by_sigtap
520570,1,1,0,0,0,0.0,0.0,0,2454.0,0.0,0.0,,all_outpatient_procedures_reporting_proxy,not_yet_filtered_by_sigtap
520580,4,3,1,1,43,43.0,9675.0,2,10562.0,33.33333333333333,4.071198636621852,43.0,all_outpatient_procedures_reporting_proxy,not_yet_filtered_by_sigtap
520590,2,2,0,0,0,0.0,0.0,0,9164.0,0.0,0.0,,all_outpatient_procedures_reporting_proxy,not_yet_filtered_by_sigtap
520620,22,21,16,16,3265,3265.0,18380.45,29,62337.0,76.19047619047619,52.376598168022205,204.0625,all_outpatient_procedures_reporting_proxy,not_yet_filtered_by_sigtap
520630,1,1,0,0,0,0.0,0.0,0,3504.0,0.0,0.0,,all_outpatient_procedures_reporting_proxy,not_yet_filtered_by_sigtap
520640,6,6,6,6,1807,8475.0,16.0,18,17065.0,100.0,496.6305303252271,1412.5,all_outpatient_procedures_reporting_proxy,not_yet_filtered_by_sigtap
520650,2,2,2,2,6435,9552.0,22742.52000000009,5,3883.0,100.0,2459.9536440896213,4776.0,all_outpatient_procedures_reporting_proxy,not_yet_filtered_by_sigtap
520660,2,2,0,0,0,0.0,0.0,0,2927.0,0.0,0.0,,all_outpatient_procedures_reporting_proxy,not_yet_filtered_by_sigtap
520670,2,2,0,0,0,0.0,0.0,0,3770.0,0.0,0.0,,all_outpatient_procedures_reporting_proxy,not_yet_filtered_by_sigtap
520680,3,2,1,1,76,76.0,2004.2000000000007,2,2724.0,50.0,27.900146842878122,76.0,all_outpatient_procedures_reporting_proxy,not_yet_filtered_by_sigtap
520690,2,2,0,0,0,0.0,0.0,0,1902.0,0.0,0.0,,all_outpatient_procedures_reporting_proxy,not_yet_filtered_by_sigtap
520710,2,1,1,1,443,979.0,18417.58000000002,3,2062.0,100.0,474.78176527643063,979.0,all_outpatient_procedures_reporting_proxy,not_yet_filtered_by_sigtap
520725,1,1,1,1,310,310.0,3474.0,3,6956.0,100.0,44.56584243818287,310.0,all_outpatient_procedures_reporting_proxy,not_yet_filtered_by_sigtap
520735,2,2,2,2,1594,1710.0,13359.339999999987,6,4001.0,100.0,427.393151712072,855.0,all_outpatient_procedures_reporting_proxy,not_yet_filtered_by_sigtap
520740,5,5,2,2,478,23190.0,108144.05,6,11747.0,40.0,1974.1210521835362,11595.0,all_outpatient_procedures_reporting_proxy,not_yet_filtered_by_sigtap
520750,2,2,1,1,40,40.0,9000.0,2,3205.0,50.0,12.480499219968799,40.0,all_outpatient_procedures_reporting_proxy,not_yet_filtered_by_sigtap
520753,3,3,1,1,10093,10829.0,49397.81999999874,2,7070.0,33.33333333333333,1531.6831683168316,10829.0,all_outpatient_procedures_reporting_proxy,not_yet_filtered_by_sigtap
520760,1,1,1,1,1012,3457.0,10259.810000000032,3,5877.0,100.0,588.2252850093586,3457.0,all_outpatient_procedures_reporting_proxy,not_yet_filtered_by_sigtap
520780,6,6,1,1,51,51.0,11475.0,2,10419.0,16.666666666666664,4.894903541606681,51.0,all_outpatient_procedures_reporting_proxy,not_yet_filtered_by_sigtap
520790,5,5,0,0,0,0.0,0.0,0,13744.0,0.0,0.0,,all_outpatient_procedures_reporting_proxy,not_yet_filtered_by_sigtap
520800,21,19,1,1,61,2271.0,19642.35,3,115901.0,5.263157894736842,19.594308936074754,2271.0,all_outpatient_procedures_reporting_proxy,not_yet_filtered_by_sigtap
520810,2,2,1,1,60,60.0,13500.0,3,4660.0,50.0,12.875536480686696,60.0,all_outpatient_procedures_reporting_proxy,not_yet_filtered_by_sigtap
520815,3,3,1,1,525,846.0,20444.44999999997,3,3456.0,33.33333333333333,244.79166666666666,846.0,all_outpatient_procedures_reporting_proxy,not_yet_filtered_by_sigtap
520830,3,3,0,0,0,0.0,0.0,0,4457.0,0.0,0.0,,all_outpatient_procedures_reporting_proxy,not_yet_filtered_by_sigtap
520840,7,7,1,1,471,471.0,3956.4000000000046,3,13967.0,14.285714285714285,33.72234552874633,471.0,all_outpatient_procedures_reporting_proxy,not_yet_filtered_by_sigtap
520850,3,3,1,1,61,61.0,13725.0,3,4973.0,33.33333333333333,12.26623768349085,61.0,all_outpatient_procedures_reporting_proxy,not_yet_filtered_by_sigtap
520860,28,20,19,19,8607,31998.0,343.52,57,73707.0,95.0,434.1243029834344,1684.1052631578948,all_outpatient_procedures_reporting_proxy,not_yet_filtered_by_sigtap
520870,106,87,79,79,35308,99232.0,55028.53,232,1437366.0,90.80459770114942,69.0373920073245,1256.1012658227849,all_outpatient_procedures_reporting_proxy,not_yet_filtered_by_sigtap
520880,17,17,2,2,203,571.0,3258.4,6,71916.0,11.76470588235294,7.939818677345792,285.5,all_outpatient_procedures_reporting_proxy,not_yet_filtered_by_sigtap
520890,6,6,1,1,94,395.0,12195.0,2,24071.0,16.666666666666664,16.40978771135391,395.0,all_outpatient_procedures_reporting_proxy,not_yet_filtered_by_sigtap
520910,16,15,0,0,0,0.0,0.0,0,35664.0,0.0,0.0,,all_outpatient_procedures_reporting_proxy,not_yet_filtered_by_sigtap
520915,2,2,1,1,8,49.0,490.0,1,4390.0,50.0,11.161731207289295,49.0,all_outpatient_procedures_reporting_proxy,not_yet_filtered_by_sigtap
520920,7,6,1,1,125,5606.0,53522.1,3,19545.0,16.666666666666664,286.8252750063955,5606.0,all_outpatient_procedures_reporting_proxy,not_yet_filtered_by_sigtap
520929,1,1,0,0,0,0.0,0.0,0,2188.0,0.0,0.0,,all_outpatient_procedures_reporting_proxy,not_yet_filtered_by_sigtap
520940,2,2,1,1,313,5489.0,41273.03,3,4085.0,50.0,1343.6964504283965,5489.0,all_outpatient_procedures_reporting_proxy,not_yet_filtered_by_sigtap
520945,1,1,1,1,267,9142.0,42801.87,2,2161.0,100.0,4230.448866265618,9142.0,all_outpatient_procedures_reporting_proxy,not_yet_filtered_by_sigtap
520960,2,2,2,2,60,194.0,12030.0,2,3354.0,100.0,57.841383422778776,97.0,all_outpatient_procedures_reporting_proxy,not_yet_filtered_by_sigtap
520970,10,10,6,6,2577,9885.0,55213.460000000036,18,27742.0,60.0,356.3189387931656,1647.5,all_outpatient_procedures_reporting_proxy,not_yet_filtered_by_sigtap
520980,2,1,1,1,14,14.0,3150.0,1,3545.0,100.0,3.9492242595204514,14.0,all_outpatient_procedures_reporting_proxy,not_yet_filtered_by_sigtap
520990,6,6,0,0,0,0.0,0.0,0,10584.0,0.0,0.0,,all_outpatient_procedures_reporting_proxy,not_yet_filtered_by_sigtap
520993,2,2,2,2,259,395.0,11133.32,4,5954.0,100.0,66.3419549882432,197.5,all_outpatient_procedures_reporting_proxy,not_yet_filtered_by_sigtap
520995,6,6,5,5,2153,2153.0,5648.920000000021,10,17061.0,83.33333333333334,126.19424418263877,430.6,all_outpatient_procedures_reporting_proxy,not_yet_filtered_by_sigtap
521000,12,12,2,2,194,1692.0,9029.769999999999,2,52204.0,16.666666666666664,32.4113094782009,846.0,all_outpatient_procedures_reporting_proxy,not_yet_filtered_by_sigtap
521010,12,11,5,5,654,2691.0,27243.660000000003,13,25548.0,45.45454545454545,105.33114138093,538.2,all_outpatient_procedures_reporting_proxy,not_yet_filtered_by_sigtap
521015,1,1,1,1,6878,9968.0,30727.479999999723,2,2919.0,100.0,3414.8681055155876,9968.0,all_outpatient_procedures_reporting_proxy,not_yet_filtered_by_sigtap
521020,9,9,2,2,912,3085.0,8959.999999999996,6,35684.0,22.22222222222222,86.45331240892276,1542.5,all_outpatient_procedures_reporting_proxy,not_yet_filtered_by_sigtap
521040,14,11,10,10,12325,143134.0,8504.51,20,44734.0,90.9090909090909,3199.6691554522286,14313.4,all_outpatient_procedures_reporting_proxy,not_yet_filtered_by_sigtap
521060,2,2,0,0,0,0.0,0.0,0,4904.0,0.0,0.0,,all_outpatient_procedures_reporting_proxy,not_yet_filtered_by_sigtap
521080,1,1,1,1,174,1002.0,14894.990000000003,3,4380.0,100.0,228.76712328767124,1002.0,all_outpatient_procedures_reporting_proxy,not_yet_filtered_by_sigtap
521090,6,6,6,6,12388,20675.0,85480.59000000033,17,21087.0,100.0,980.4618959548536,3445.8333333333335,all_outpatient_procedures_reporting_proxy,not_yet_filtered_by_sigtap
521100,3,3,3,3,6158,11544.0,12019.300000000008,6,8007.0,100.0,1441.7384788310228,3848.0,all_outpatient_procedures_reporting_proxy,not_yet_filtered_by_sigtap
521120,7,6,1,1,229,311.0,34715.0,2,26113.0,16.666666666666664,11.909776739555012,311.0,all_outpatient_procedures_reporting_proxy,not_yet_filtered_by_sigtap
521130,6,5,1,1,92,663.0,2715.3,2,6101.0,20.0,108.67070971971808,663.0,all_outpatient_procedures_reporting_proxy,not_yet_filtered_by_sigtap
521140,3,3,1,1,223,1698.0,16430.420000000002,2,7736.0,33.33333333333333,219.49327817993793,1698.0,all_outpatient_procedures_reporting_proxy,not_yet_filtered_by_sigtap
521150,37,10,0,0,0,0.0,0.0,0,107970.0,0.0,0.0,,all_outpatient_procedures_reporting_proxy,not_yet_filtered_by_sigtap
521160,1,1,1,1,126,414.0,15208.2,3,2693.0,100.0,153.73189751206834,414.0,all_outpatient_procedures_reporting_proxy,not_yet_filtered_by_sigtap
521170,5,3,1,1,6604,6604.0,17346.85999999993,2,6272.0,33.33333333333333,1052.9336734693877,6604.0,all_outpatient_procedures_reporting_proxy,not_yet_filtered_by_sigtap
521180,12,12,12,12,21370,57911.0,60126.96,36,45223.0,100.0,1280.5651991243394,4825.916666666667,all_outpatient_procedures_reporting_proxy,not_yet_filtered_by_sigtap
521190,19,18,7,7,544,20693.0,106308.93,19,105729.0,38.88888888888889,195.71735285494046,2956.1428571428573,all_outpatient_procedures_reporting_proxy,not_yet_filtered_by_sigtap
521200,2,1,1,1,756,1246.0,7675.23000000001,3,2924.0,100.0,426.1285909712722,1246.0,all_outpatient_procedures_reporting_proxy,not_yet_filtered_by_sigtap
521205,2,2,2,2,45,1846.0,4903.04,3,2123.0,100.0,869.5242581252944,923.0,all_outpatient_procedures_reporting_proxy,not_yet_filtered_by_sigtap
521210,2,2,2,2,1111,1111.0,4313.280000000019,5,7159.0,100.0,155.18927224472694,555.5,all_outpatient_procedures_reporting_proxy,not_yet_filtered_by_sigtap
521220,7,6,0,0,0,0.0,0.0,0,19620.0,0.0,0.0,,all_outpatient_procedures_reporting_proxy,not_yet_filtered_by_sigtap
521230,4,4,4,4,1413,3884.0,7.140000000000001,12,8745.0,100.0,444.13950829045166,971.0,all_outpatient_procedures_reporting_proxy,not_yet_filtered_by_sigtap
521250,39,36,1,1,664,38895.0,133145.78000000012,3,209129.0,2.7777777777777777,185.98568347766212,38895.0,all_outpatient_procedures_reporting_proxy,not_yet_filtered_by_sigtap
521260,1,1,1,1,722,1353.0,8311.330000000002,3,2561.0,100.0,528.3092541975791,1353.0,all_outpatient_procedures_reporting_proxy,not_yet_filtered_by_sigtap
521270,4,4,0,0,0,0.0,0.0,0,8124.0,0.0,0.0,,all_outpatient_procedures_reporting_proxy,not_yet_filtered_by_sigtap
521280,4,4,2,2,115,620.0,20521.8,5,10700.0,50.0,57.94392523364486,310.0,all_outpatient_procedures_reporting_proxy,not_yet_filtered_by_sigtap
521290,1,1,1,1,31,31.0,6975.0,1,2758.0,100.0,11.240029006526468,31.0,all_outpatient_procedures_reporting_proxy,not_yet_filtered_by_sigtap
521295,2,2,1,1,304,304.0,1282.7399999999996,1,4042.0,50.0,75.2102919346858,304.0,all_outpatient_procedures_reporting_proxy,not_yet_filtered_by_sigtap
521300,5,4,1,1,53,53.0,11925.0,2,10304.0,25.0,5.143633540372671,53.0,all_outpatient_procedures_reporting_proxy,not_yet_filtered_by_sigtap
521305,2,2,2,2,239,1359.0,1280.490000000001,2,2614.0,100.0,519.8928844682479,679.5,all_outpatient_procedures_reporting_proxy,not_yet_filtered_by_sigtap
521308,7,7,1,1,157,157.0,35325.0,3,27075.0,14.285714285714285,5.7987072945521705,157.0,all_outpatient_procedures_reporting_proxy,not_yet_filtered_by_sigtap
521310,13,13,1,1,131,778.0,0.0,2,70081.0,7.6923076923076925,11.101439762560465,778.0,all_outpatient_procedures_reporting_proxy,not_yet_filtered_by_sigtap
521340,2,2,2,2,652,3618.0,26296.23000000001,4,1685.0,100.0,2147.181008902077,1809.0,all_outpatient_procedures_reporting_proxy,not_yet_filtered_by_sigtap
521350,3,3,0,0,0,0.0,0.0,0,6692.0,0.0,0.0,,all_outpatient_procedures_reporting_proxy,not_yet_filtered_by_sigtap
521370,8,6,5,5,808,2165.0,12369.199999999997,15,8756.0,83.33333333333334,247.25902238465054,433.0,all_outpatient_procedures_reporting_proxy,not_yet_filtered_by_sigtap
521375,6,6,0,0,0,0.0,0.0,0,12521.0,0.0,0.0,,all_outpatient_procedures_reporting_proxy,not_yet_filtered_by_sigtap
521377,2,2,1,1,6889,16013.0,64573.32000000001,2,3779.0,50.0,4237.364382111669,16013.0,all_outpatient_procedures_reporting_proxy,not_yet_filtered_by_sigtap
521380,16,15,0,0,0,0.0,0.0,0,51351.0,0.0,0.0,,all_outpatient_procedures_reporting_proxy,not_yet_filtered_by_sigtap
521385,1,1,1,1,26,26.0,5850.0,2,2456.0,100.0,10.586319218241043,26.0,all_outpatient_procedures_reporting_proxy,not_yet_filtered_by_sigtap
521390,2,2,0,0,0,0.0,0.0,0,4654.0,0.0,0.0,,all_outpatient_procedures_reporting_proxy,not_yet_filtered_by_sigtap
521400,5,5,4,4,3726,14870.0,11867.0,12,14750.0,80.0,1008.135593220339,3717.5,all_outpatient_procedures_reporting_proxy,not_yet_filtered_by_sigtap
521405,1,1,1,1,204,1879.0,30816.800000000003,2,6189.0,100.0,303.60316690903215,1879.0,all_outpatient_procedures_reporting_proxy,not_yet_filtered_by_sigtap
521410,4,2,1,1,85,85.0,19125.0,3,3564.0,50.0,23.849607182940517,85.0,all_outpatient_procedures_reporting_proxy,not_yet_filtered_by_sigtap
521440,5,5,0,0,0,0.0,0.0,0,8189.0,0.0,0.0,,all_outpatient_procedures_reporting_proxy,not_yet_filtered_by_sigtap
521450,5,5,0,0,0,0.0,0.0,0,31932.0,0.0,0.0,,all_outpatient_procedures_reporting_proxy,not_yet_filtered_by_sigtap
521460,12,11,0,0,0,0.0,0.0,0,34964.0,0.0,0.0,,all_outpatient_procedures_reporting_proxy,not_yet_filtered_by_sigtap
521470,1,1,1,1,122,544.0,6289.630000000001,2,2337.0,100.0,232.7770646127514,544.0,all_outpatient_procedures_reporting_proxy,not_yet_filtered_by_sigtap
521480,1,1,1,1,54,890.0,6717.0,3,2101.0,100.0,423.6078058067587,890.0,all_outpatient_procedures_reporting_proxy,not_yet_filtered_by_sigtap
521483,3,3,1,1,40,40.0,9000.0,2,12815.0,33.33333333333333,3.1213421771361687,40.0,all_outpatient_procedures_reporting_proxy,not_yet_filtered_by_sigtap
521486,3,2,2,2,27865,37724.0,144416.2800000006,4,8310.0,100.0,4539.590854392299,18862.0,all_outpatient_procedures_reporting_proxy,not_yet_filtered_by_sigtap
521487,1,1,0,0,0,0.0,0.0,0,3010.0,0.0,0.0,,all_outpatient_procedures_reporting_proxy,not_yet_filtered_by_sigtap
521490,1,1,1,1,1657,9770.0,35803.100000000035,3,3076.0,100.0,3176.2028608582577,9770.0,all_outpatient_procedures_reporting_proxy,not_yet_filtered_by_sigtap
521500,4,4,0,0,0,0.0,0.0,0,9481.0,0.0,0.0,,all_outpatient_procedures_reporting_proxy,not_yet_filtered_by_sigtap
521520,1,1,0,0,0,0.0,0.0,0,3527.0,0.0,0.0,,all_outpatient_procedures_reporting_proxy,not_yet_filtered_by_sigtap
521523,24,20,0,0,0,0.0,0.0,0,103804.0,0.0,0.0,,all_outpatient_procedures_reporting_proxy,not_yet_filtered_by_sigtap
521525,2,2,2,2,1795,83956.0,88212.37000000021,6,3716.0,100.0,22593.110871905275,41978.0,all_outpatient_procedures_reporting_proxy,not_yet_filtered_by_sigtap
521530,8,8,2,2,1055,1385.0,65665.0,5,16399.0,25.0,84.45636929081041,692.5,all_outpatient_procedures_reporting_proxy,not_yet_filtered_by_sigtap
521540,1,1,1,1,33,33.0,7425.0,2,4057.0,100.0,8.134089228493961,33.0,all_outpatient_procedures_reporting_proxy,not_yet_filtered_by_sigtap
521550,2,2,0,0,0,0.0,0.0,0,7200.0,0.0,0.0,,all_outpatient_procedures_reporting_proxy,not_yet_filtered_by_sigtap
521560,11,9,2,2,154,154.0,22180.0,4,34967.0,22.22222222222222,4.4041524866302515,77.0,all_outpatient_procedures_reporting_proxy,not_yet_filtered_by_sigtap
521565,1,1,1,1,9,107.0,0.0,3,3132.0,100.0,34.16347381864623,107.0,all_outpatient_procedures_reporting_proxy,not_yet_filtered_by_sigtap
521570,5,5,5,5,4516,21843.0,11.0,15,31858.0,100.0,685.6362609077783,4368.6,all_outpatient_procedures_reporting_proxy,not_yet_filtered_by_sigtap
521580,1,1,1,1,11,11.0,2475.0,1,2259.0,100.0,4.869411243913236,11.0,all_outpatient_procedures_reporting_proxy,not_yet_filtered_by_sigtap
521590,3,3,0,0,0,0.0,0.0,0,3851.0,0.0,0.0,,all_outpatient_procedures_reporting_proxy,not_yet_filtered_by_sigtap
521600,1,1,1,1,2396,2396.0,14029.310000000049,3,2455.0,100.0,975.9674134419552,2396.0,all_outpatient_procedures_reporting_proxy,not_yet_filtered_by_sigtap
521630,3,3,3,3,2047,19570.0,194677.82,9,7607.0,100.0,2572.630471933745,6523.333333333333,all_outpatient_procedures_reporting_proxy,not_yet_filtered_by_sigtap
521640,6,5,0,0,0,0.0,0.0,0,10659.0,0.0,0.0,,all_outpatient_procedures_reporting_proxy,not_yet_filtered_by_sigtap
521645,1,1,1,1,20,20.0,4500.0,1,2964.0,100.0,6.747638326585696,20.0,all_outpatient_procedures_reporting_proxy,not_yet_filtered_by_sigtap
521680,2,2,1,1,10,10.0,2250.0,1,9573.0,50.0,1.0446046171524077,10.0,all_outpatient_procedures_reporting_proxy,not_yet_filtered_by_sigtap
521690,1,1,0,0,0,0.0,0.0,0,2328.0,0.0,0.0,,all_outpatient_procedures_reporting_proxy,not_yet_filtered_by_sigtap
521710,8,7,0,0,0,0.0,0.0,0,24883.0,0.0,0.0,,all_outpatient_procedures_reporting_proxy,not_yet_filtered_by_sigtap
521720,3,3,1,1,263,926.0,4104.28,3,11712.0,33.33333333333333,79.06420765027322,926.0,all_outpatient_procedures_reporting_proxy,not_yet_filtered_by_sigtap
521730,7,7,0,0,0,0.0,0.0,0,26690.0,0.0,0.0,,all_outpatient_procedures_reporting_proxy,not_yet_filtered_by_sigtap
521740,8,8,1,1,2112,10039.0,64721.29000000024,3,32373.0,12.5,310.1040990949248,10039.0,all_outpatient_procedures_reporting_proxy,not_yet_filtered_by_sigtap
521760,33,27,1,1,1622,3359.0,27639.990000000016,3,105031.0,3.7037037037037033,31.981034170863843,3359.0,all_outpatient_procedures_reporting_proxy,not_yet_filtered_by_sigtap
521770,8,7,2,2,37,204.0,4050.0,4,18309.0,28.57142857142857,11.142061281337048,102.0,all_outpatient_procedures_reporting_proxy,not_yet_filtered_by_sigtap
521800,14,13,0,0,0,0.0,0.0,0,44317.0,0.0,0.0,,all_outpatient_procedures_reporting_proxy,not_yet_filtered_by_sigtap
521805,1,1,1,1,21,36.0,4500.0,2,4070.0,100.0,8.845208845208846,36.0,all_outpatient_procedures_reporting_proxy,not_yet_filtered_by_sigtap
521810,1,1,1,1,14480,14480.0,2776.129999999993,3,3280.0,100.0,4414.634146341464,14480.0,all_outpatient_procedures_reporting_proxy,not_yet_filtered_by_sigtap
521830,14,13,1,1,276,975.0,24085.0,3,34914.0,7.6923076923076925,27.925760439938134,975.0,all_outpatient_procedures_reporting_proxy,not_yet_filtered_by_sigtap
521839,1,1,1,1,914,2522.0,36619.99999999995,3,3649.0,100.0,691.1482597972048,2522.0,all_outpatient_procedures_reporting_proxy,not_yet_filtered_by_sigtap
521850,17,15,1,1,1214,1214.0,6800.720000000005,3,48447.0,6.666666666666667,25.058311144136894,1214.0,all_outpatient_procedures_reporting_proxy,not_yet_filtered_by_sigtap
521860,5,5,1,1,32,32.0,7200.0,1,12165.0,20.0,2.630497328401151,32.0,all_outpatient_procedures_reporting_proxy,not_yet_filtered_by_sigtap
521870,2,2,2,2,3861,13853.0,56249.61999999998,6,3980.0,100.0,3480.6532663316584,6926.5,all_outpatient_procedures_reporting_proxy,not_yet_filtered_by_sigtap
521878,1,1,1,1,814,2569.0,15675.780000000012,3,3864.0,100.0,664.8550724637681,2569.0,all_outpatient_procedures_reporting_proxy,not_yet_filtered_by_sigtap
521880,47,27,0,0,0,0.0,0.0,0,225696.0,0.0,0.0,,all_outpatient_procedures_reporting_proxy,not_yet_filtered_by_sigtap
521890,9,8,8,8,3267,10998.0,8.0,24,19788.0,100.0,555.7913887204367,1374.75,all_outpatient_procedures_reporting_proxy,not_yet_filtered_by_sigtap
521900,5,4,0,0,0,0.0,0.0,0,7918.0,0.0,0.0,,all_outpatient_procedures_reporting_proxy,not_yet_filtered_by_sigtap
521910,2,2,0,0,0,0.0,0.0,0,6149.0,0.0,0.0,,all_outpatient_procedures_reporting_proxy,not_yet_filtered_by_sigtap
521920,1,1,1,1,24,2130.0,13902.64,2,3002.0,100.0,709.526982011992,2130.0,all_outpatient_procedures_reporting_proxy,not_yet_filtered_by_sigtap
521925,2,2,0,0,0,0.0,0.0,0,4951.0,0.0,0.0,,all_outpatient_procedures_reporting_proxy,not_yet_filtered_by_sigtap
521930,10,10,0,0,0,0.0,0.0,0,38492.0,0.0,0.0,,all_outpatient_procedures_reporting_proxy,not_yet_filtered_by_sigtap
521935,2,2,1,1,73,9687.0,39247.66,3,3538.0,50.0,2737.9875635952517,9687.0,all_outpatient_procedures_reporting_proxy,not_yet_filtered_by_sigtap
521940,2,2,1,1,237,1396.0,10008.449999999995,2,5924.0,50.0,235.65158676569885,1396.0,all_outpatient_procedures_reporting_proxy,not_yet_filtered_by_sigtap
521945,3,2,0,0,0,0.0,0.0,0,2689.0,0.0,0.0,,all_outpatient_procedures_reporting_proxy,not_yet_filtered_by_sigtap
521950,1,1,1,1,729,11101.0,35173.609999999986,3,2820.0,100.0,3936.5248226950357,11101.0,all_outpatient_procedures_reporting_proxy,not_yet_filtered_by_sigtap
521960,2,2,1,1,40,40.0,9000.0,2,3293.0,50.0,12.146978439113271,40.0,all_outpatient_procedures_reporting_proxy,not_yet_filtered_by_sigtap
521970,4,4,0,0,0,0.0,0.0,0,10645.0,0.0,0.0,,all_outpatient_procedures_reporting_proxy,not_yet_filtered_by_sigtap
521971,2,2,2,2,140,698.0,5810.799999999999,4,4267.0,100.0,163.58097023670027,349.0,all_outpatient_procedures_reporting_proxy,not_yet_filtered_by_sigtap
521973,3,2,2,2,858,4361.0,5.0,6,7386.0,100.0,590.441375575413,2180.5,all_outpatient_procedures_reporting_proxy,not_yet_filtered_by_sigtap
521975,23,12,5,5,1173,363553.0,5148.280000000001,13,72127.0,41.66666666666667,5040.456417153077,72710.6,all_outpatient_procedures_reporting_proxy,not_yet_filtered_by_sigtap
521980,5,5,0,0,0,0.0,0.0,0,9711.0,0.0,0.0,,all_outpatient_procedures_reporting_proxy,not_yet_filtered_by_sigtap
521990,2,2,0,0,0,0.0,0.0,0,6378.0,0.0,0.0,,all_outpatient_procedures_reporting_proxy,not_yet_filtered_by_sigtap
522000,4,4,1,1,105,105.0,23625.0,2,14041.0,25.0,7.478099850438003,105.0,all_outpatient_procedures_reporting_proxy,not_yet_filtered_by_sigtap
522005,1,1,0,0,0,0.0,0.0,0,1774.0,0.0,0.0,,all_outpatient_procedures_reporting_proxy,not_yet_filtered_by_sigtap
522010,10,10,0,0,0,0.0,0.0,0,33852.0,0.0,0.0,,all_outpatient_procedures_reporting_proxy,not_yet_filtered_by_sigtap
522015,1,1,0,0,0,0.0,0.0,0,4837.0,0.0,0.0,,all_outpatient_procedures_reporting_proxy,not_yet_filtered_by_sigtap
522020,7,7,0,0,0,0.0,0.0,0,21900.0,0.0,0.0,,all_outpatient_procedures_reporting_proxy,not_yet_filtered_by_sigtap
522026,2,2,0,0,0,0.0,0.0,0,4464.0,0.0,0.0,,all_outpatient_procedures_reporting_proxy,not_yet_filtered_by_sigtap
522028,1,1,1,1,6455,10661.0,65689.75999999902,2,2143.0,100.0,4974.801679888007,10661.0,all_outpatient_procedures_reporting_proxy,not_yet_filtered_by_sigtap
522040,9,8,6,6,7853,31069.0,242287.6600000011,17,17020.0,75.0,1825.4406580493537,5178.166666666667,all_outpatient_procedures_reporting_proxy,not_yet_filtered_by_sigtap
522045,24,24,22,22,82,3752.0,93800.0,22,155635.0,91.66666666666666,24.107687859414657,170.54545454545453,all_outpatient_procedures_reporting_proxy,not_yet_filtered_by_sigtap
522050,4,3,3,3,14446,14446.0,22236.000000000065,4,8027.0,100.0,1799.676093185499,4815.333333333333,all_outpatient_procedures_reporting_proxy,not_yet_filtered_by_sigtap
522060,9,9,1,1,153,153.0,34425.0,3,22245.0,11.11111111111111,6.877950101146324,153.0,all_outpatient_procedures_reporting_proxy,not_yet_filtered_by_sigtap
522068,2,2,0,0,0,0.0,0.0,0,5742.0,0.0,0.0,,all_outpatient_procedures_reporting_proxy,not_yet_filtered_by_sigtap
522070,3,3,1,1,688,9554.0,38193.16000000002,3,2927.0,33.33333333333333,3264.0929279125385,9554.0,all_outpatient_procedures_reporting_proxy,not_yet_filtered_by_sigtap
522100,2,2,2,2,16536,16536.0,48038.399999998794,6,4026.0,100.0,4107.302533532042,8268.0,all_outpatient_procedures_reporting_proxy,not_yet_filtered_by_sigtap
522108,3,2,0,0,0,0.0,0.0,0,2701.0,0.0,0.0,,all_outpatient_procedures_reporting_proxy,not_yet_filtered_by_sigtap
522119,3,3,2,2,390,26120.0,160840.28999999995,4,7944.0,66.66666666666666,3288.0161127895267,13060.0,all_outpatient_procedures_reporting_proxy,not_yet_filtered_by_sigtap
522130,2,2,2,2,11485,19284.0,67560.51,6,2921.0,100.0,6601.848681958233,9642.0,all_outpatient_procedures_reporting_proxy,not_yet_filtered_by_sigtap
522140,33,28,3,3,2054,12058.0,106677.67000000029,9,142431.0,10.714285714285714,84.65853641412332,4019.3333333333335,all_outpatient_procedures_reporting_proxy,not_yet_filtered_by_sigtap
522145,2,2,2,2,39,676.0,4148.28,6,3120.0,100.0,216.66666666666669,338.0,all_outpatient_procedures_reporting_proxy,not_yet_filtered_by_sigtap
522150,2,2,1,1,23,64.0,4500.0,1,4480.0,50.0,14.285714285714285,64.0,all_outpatient_procedures_reporting_proxy,not_yet_filtered_by_sigtap
522155,1,1,1,1,30,72.0,5175.0,2,4985.0,100.0,14.443329989969909,72.0,all_outpatient_procedures_reporting_proxy,not_yet_filtered_by_sigtap
522157,1,1,1,1,8200,10079.0,20626.720000000096,3,2798.0,100.0,3602.215868477484,10079.0,all_outpatient_procedures_reporting_proxy,not_yet_filtered_by_sigtap
522160,13,12,1,1,1403,1403.0,2961.399999999998,2,42546.0,8.333333333333332,32.976072956329624,1403.0,all_outpatient_procedures_reporting_proxy,not_yet_filtered_by_sigtap
522170,6,5,1,1,278,3716.0,36046.70000000001,3,13729.0,20.0,270.66792920096145,3716.0,all_outpatient_procedures_reporting_proxy,not_yet_filtered_by_sigtap
522180,1,1,1,1,435,11579.0,84085.94000000003,3,3553.0,100.0,3258.9361103292995,11579.0,all_outpatient_procedures_reporting_proxy,not_yet_filtered_by_sigtap
522185,40,37,0,0,0,0.0,0.0,0,198861.0,0.0,0.0,,all_outpatient_procedures_reporting_proxy,not_yet_filtered_by_sigtap
522190,2,2,1,1,6329,8314.0,26727.559999999863,2,3716.0,50.0,2237.35199138859,8314.0,all_outpatient_procedures_reporting_proxy,not_yet_filtered_by_sigtap
522200,5,5,1,1,99,2436.0,18838.14,3,14956.0,20.0,162.87777480609788,2436.0,all_outpatient_procedures_reporting_proxy,not_yet_filtered_by_sigtap
522205,5,4,4,4,2776,2776.0,8522.26000000002,10,8768.0,100.0,316.6058394160584,694.0,all_outpatient_procedures_reporting_proxy,not_yet_filtered_by_sigtap
522220,2,2,1,1,20,20.0,4500.0,1,4215.0,50.0,4.744958481613287,20.0,all_outpatient_procedures_reporting_proxy,not_yet_filtered_by_sigtap
522230,2,2,2,2,3275,17123.0,12890.510000000002,6,5815.0,100.0,2944.6259673258814,8561.5,all_outpatient_procedures_reporting_proxy,not_yet_filtered_by_sigtap
530010,210,183,0,0,0,0.0,0.0,0,2817381.0,0.0,0.0,,all_outpatient_procedures_reporting_proxy,not_yet_filtered_by_sigtap
530040,1,0,0,0,0,0.0,0.0,0,,,,,no_active_ubs_denominator,not_yet_filtered_by_sigtap
