ibge_municipio,municipio_nome_ibge,uf_sigla,phase1_eligibility,phase1_mc_score_median,phase1_mc_rank_median,phase1_mc_rank_p05,phase1_mc_rank_p95,phase1_mc_probability_top_decile
351620,Franca,SP,eligible_phase1_proxy,89.15147399902344,1.0,1.0,2.0,1.0
520870,Goiânia,GO,eligible_phase1_proxy,88.47196960449219,2.0,1.0,4.0,1.0
520510,Catalão,GO,eligible_phase1_proxy,87.99606323242188,3.0,1.0,5.0,1.0
350330,Araras,SP,eligible_phase1_proxy,86.54624938964844,4.0,3.0,13.0,1.0
317010,Uberaba,MG,eligible_phase1_proxy,85.44049072265625,5.0,4.0,10.0,1.0
354140,Presidente Prudente,SP,eligible_phase1_proxy,85.23030853271484,7.0,5.0,12.0,1.0
410690,Curitiba,PR,eligible_phase1_proxy,84.50827026367188,8.0,3.0,22.0,1.0
352430,Jaboticabal,SP,eligible_phase1_proxy,83.93058013916016,10.0,5.0,41.04999923706055,1.0
411370,Londrina,PR,eligible_phase1_proxy,84.22702026367188,10.0,7.0,18.0,1.0
352690,Limeira,SP,eligible_phase1_proxy,83.95466613769531,11.0,5.0,26.0,1.0
317020,Uberlândia,MG,eligible_phase1_proxy,83.80402374267578,11.0,6.949999809265137,26.0,1.0
521250,Luziânia,GO,eligible_phase1_proxy,83.90933227539062,12.0,5.0,32.0,1.0
354890,São Carlos,SP,eligible_phase1_proxy,83.54552459716797,13.0,10.0,20.049999237060547,1.0
430210,Bento Gonçalves,RS,eligible_phase1_proxy,82.87796020507812,16.0,10.0,32.0,1.0
353030,Mirassol,SP,eligible_phase1_proxy,82.97998046875,17.0,10.0,28.0,1.0
355700,Votorantim,SP,eligible_phase1_proxy,82.74445343017578,18.0,12.0,29.0,1.0
521150,Itumbiara,GO,eligible_phase1_proxy,82.39582824707031,19.0,7.0,48.0,1.0
431690,Santa Maria,RS,eligible_phase1_proxy,82.4764175415039,19.0,13.0,34.0,1.0
350600,Bauru,SP,eligible_phase1_proxy,82.18778991699219,19.0,7.0,49.0,1.0
355670,Vinhedo,SP,eligible_phase1_proxy,82.40913391113281,20.0,14.0,31.0,1.0
430510,Caxias do Sul,RS,eligible_phase1_proxy,81.89476013183594,22.0,11.0,48.0,1.0
350160,Americana,SP,eligible_phase1_proxy,81.79541015625,22.0,10.0,52.04999923706055,1.0
353130,Monte Alto,SP,eligible_phase1_proxy,81.22880554199219,27.0,9.0,70.0,1.0
352530,Jaú,SP,eligible_phase1_proxy,81.10147094726562,28.0,22.0,42.0,1.0
351040,Capivari,SP,eligible_phase1_proxy,80.9640884399414,29.0,20.0,49.0,1.0
421190,Palhoça,SC,eligible_phase1_proxy,80.99505615234375,29.0,23.0,41.0,1.0
354520,Salto,SP,eligible_phase1_proxy,80.97480773925781,29.0,22.0,46.0,1.0
354980,São José do Rio Preto,SP,eligible_phase1_proxy,80.79569244384766,29.0,16.0,58.04999923706055,1.0
320130,Cariacica,ES,eligible_phase1_proxy,81.10037994384766,29.0,20.0,40.0,1.0
350280,Araçatuba,SP,eligible_phase1_proxy,80.48258972167969,31.0,10.0,76.05000305175781,1.0
330580,Teresópolis,RJ,eligible_phase1_proxy,80.58686828613281,33.0,26.0,46.0,1.0
355170,Sertãozinho,SP,eligible_phase1_proxy,80.18153381347656,34.0,19.0,70.0,1.0
354580,Santa Bárbara d'Oeste,SP,eligible_phase1_proxy,79.94564819335938,36.0,23.0,74.0,1.0
520450,Caldas Novas,GO,eligible_phase1_proxy,79.98682403564453,36.0,28.0,53.04999923706055,1.0
520140,Aparecida de Goiânia,GO,eligible_phase1_proxy,79.88007354736328,36.0,20.0,74.05000305175781,1.0
320520,Vila Velha,ES,eligible_phase1_proxy,80.13044738769531,36.0,15.0,75.05000305175781,1.0
420140,Araranguá,SC,eligible_phase1_proxy,79.33543395996094,39.0,15.0,92.0,1.0
520025,Águas Lindas de Goiás,GO,eligible_phase1_proxy,79.54737091064453,39.0,31.0,68.05000305175781,1.0
353390,Olímpia,SP,eligible_phase1_proxy,79.29520416259766,40.0,9.0,113.0,1.0
530010,Brasília,DF,eligible_phase1_proxy,79.28398132324219,41.0,17.950000762939453,83.0,1.0
355240,Sumaré,SP,eligible_phase1_proxy,79.15257263183594,41.0,29.0,82.0,1.0
240810,Natal,RN,eligible_phase1_proxy,79.33682250976562,42.0,25.0,71.0,1.0
310560,Barbacena,MG,eligible_phase1_proxy,78.4324951171875,48.0,35.0,76.0,1.0
311860,Contagem,MG,eligible_phase1_proxy,78.56509399414062,48.0,31.0,84.0,1.0
354780,Santo André,SP,eligible_phase1_proxy,78.18810272216797,48.5,19.0,133.0500030517578,1.0
350320,Araraquara,SP,eligible_phase1_proxy,78.05561828613281,50.0,42.0,91.0,1.0
352270,Itápolis,SP,eligible_phase1_proxy,77.94166564941406,51.0,26.0,115.0,1.0
353870,Piracicaba,SP,eligible_phase1_proxy,77.92544555664062,52.0,37.0,109.0,1.0
312710,Frutal,MG,eligible_phase1_proxy,77.80284118652344,52.0,24.0,123.0,1.0
431870,São Leopoldo,RS,eligible_phase1_proxy,78.03260803222656,52.0,45.0,82.05000305175781,1.0
350950,Campinas,SP,eligible_phase1_proxy,77.849365234375,53.0,32.0,116.0,1.0
352230,Itapetininga,SP,eligible_phase1_proxy,77.94298553466797,54.0,40.0,88.0,1.0
354390,Rio Claro,SP,eligible_phase1_proxy,77.75761413574219,54.0,25.0,128.0500030517578,1.0
354340,Ribeirão Preto,SP,eligible_phase1_proxy,77.40064239501953,56.0,20.0,155.0500030517578,1.0
430310,Cachoeirinha,RS,eligible_phase1_proxy,77.50680541992188,58.0,42.0,92.0,1.0
313820,Lavras,MG,eligible_phase1_proxy,77.27024841308594,59.0,52.0,78.0,1.0
354630,Santa Cruz das Palmeiras,SP,eligible_phase1_proxy,77.06378173828125,60.0,19.0,156.0,1.0
520110,Anápolis,GO,eligible_phase1_proxy,76.84774780273438,63.0,21.0,161.14999389648438,1.0
320500,Serra,ES,eligible_phase1_proxy,76.765625,63.0,40.0,139.0,1.0
430463,Capão da Canoa,RS,eligible_phase1_proxy,76.6329345703125,63.0,40.0,122.0,1.0
314790,Passos,MG,eligible_phase1_proxy,76.83609008789062,64.0,25.950000762939453,152.0,1.0
353930,Pirassununga,SP,eligible_phase1_proxy,76.56817626953125,64.0,45.95000076293945,114.0,1.0
315460,Ribeirão das Neves,MG,eligible_phase1_proxy,76.44790649414062,67.0,42.95000076293945,148.10000610351562,1.0
520800,Formosa,GO,eligible_phase1_proxy,76.4635009765625,68.0,49.0,108.05000305175781,1.0
354880,São Caetano do Sul,SP,eligible_phase1_proxy,76.400390625,70.0,53.0,100.05000305175781,1.0
354990,São José dos Campos,SP,eligible_phase1_proxy,76.0789794921875,70.0,35.0,168.0500030517578,1.0
353070,Mogi Guaçu,SP,eligible_phase1_proxy,75.97500610351562,71.0,53.0,138.0,1.0
350530,Barra Bonita,SP,eligible_phase1_proxy,76.22044372558594,72.0,23.0,174.0500030517578,1.0
352590,Jundiaí,SP,eligible_phase1_proxy,76.09835815429688,73.0,50.0,141.0,1.0
412625,Sarandi,PR,eligible_phase1_proxy,76.00775146484375,73.0,56.0,128.0,1.0
351860,Guariba,SP,eligible_phase1_proxy,76.17213439941406,74.0,45.0,125.05000305175781,1.0
431140,Lajeado,RS,eligible_phase1_proxy,75.3495101928711,77.0,41.95000076293945,146.10000610351562,1.0
521020,Iporá,GO,eligible_phase1_proxy,75.78652954101562,79.0,14.0,202.0500030517578,1.0
315250,Pouso Alegre,MG,eligible_phase1_proxy,75.67514038085938,79.0,62.0,106.0,1.0
350550,Barretos,SP,eligible_phase1_proxy,75.42649841308594,81.0,60.0,128.0,1.0
350450,Avaré,SP,eligible_phase1_proxy,75.56588745117188,81.0,63.0,122.0,1.0
320240,Guarapari,ES,eligible_phase1_proxy,75.37454223632812,83.0,70.0,116.0,1.0
411990,Ponta Grossa,PR,eligible_phase1_proxy,75.21537780761719,85.0,60.0,130.0,1.0
410430,Campo Mourão,PR,eligible_phase1_proxy,75.107421875,86.0,71.0,121.0,1.0
351960,Ibitinga,SP,eligible_phase1_proxy,75.38803100585938,86.0,62.0,122.0,1.0
354070,Porto Ferreira,SP,eligible_phase1_proxy,74.73762512207031,88.0,54.0,154.0,1.0
353080,Mogi Mirim,SP,eligible_phase1_proxy,75.26518249511719,88.0,70.0,111.0,1.0
350520,Bariri,SP,eligible_phase1_proxy,75.18656921386719,88.0,51.0,148.0,1.0
310260,Andradas,MG,eligible_phase1_proxy,74.823486328125,91.0,44.95000076293945,169.0,1.0
420890,Jaraguá do Sul,SC,eligible_phase1_proxy,74.894287109375,92.0,67.0,138.0,1.0
355620,Valinhos,SP,eligible_phase1_proxy,74.43974304199219,94.0,49.0,186.0500030517578,1.0
431410,Passo Fundo,RS,eligible_phase1_proxy,74.40455627441406,94.5,46.0,192.0,1.0
521740,Pires do Rio,GO,eligible_phase1_proxy,74.82193756103516,94.5,25.0,210.0,1.0
351907,Hortolândia,SP,eligible_phase1_proxy,74.35617065429688,95.0,47.0,195.10000610351562,1.0
313420,Ituiutaba,MG,eligible_phase1_proxy,74.55897521972656,97.0,66.0,158.0,1.0
350410,Atibaia,SP,eligible_phase1_proxy,74.70243835449219,97.0,76.94999694824219,128.0500030517578,1.0
410370,Cambé,PR,eligible_phase1_proxy,74.17799377441406,98.0,56.0,164.0500030517578,1.0
330170,Duque de Caxias,RJ,eligible_phase1_proxy,74.01901245117188,101.0,44.95000076293945,211.0,1.0
355400,Tatuí,SP,eligible_phase1_proxy,74.15679168701172,101.0,79.0,142.0,1.0
420200,Balneário Camboriú,SC,eligible_phase1_proxy,74.23928833007812,102.0,78.0,135.0,1.0
355370,Taquaritinga,SP,eligible_phase1_proxy,74.0726318359375,104.0,28.0,214.0,1.0
330330,Niterói,RJ,eligible_phase1_proxy,73.76591491699219,104.0,58.95000076293945,179.0,1.0
353050,Mococa,SP,eligible_phase1_proxy,74.26055908203125,104.0,83.0,132.0,1.0
310620,Belo Horizonte,MG,eligible_phase1_proxy,73.72340393066406,105.0,39.95000076293945,218.10000610351562,1.0
410480,Cascavel,PR,eligible_phase1_proxy,73.65380096435547,105.5,56.0,186.0500030517578,1.0
313380,Itaúna,MG,eligible_phase1_proxy,73.67082214355469,106.0,63.0,170.0,1.0
352940,Mauá,SP,eligible_phase1_proxy,73.77105712890625,106.0,57.0,194.0500030517578,1.0
431340,Novo Hamburgo,RS,eligible_phase1_proxy,73.62284851074219,107.0,64.94999694824219,169.0500030517578,1.0
355650,Várzea Paulista,SP,eligible_phase1_proxy,73.78935241699219,107.5,65.0,184.0,1.0
354330,Ribeirão Pires,SP,eligible_phase1_proxy,73.73966217041016,108.0,59.0,194.0,1.0
330100,Campos dos Goytacazes,RJ,eligible_phase1_proxy,73.73220825195312,110.0,59.0,202.0,1.0
432160,Tramandaí,RS,eligible_phase1_proxy,73.5379638671875,111.0,77.94999694824219,167.0,1.0
354940,São Joaquim da Barra,SP,eligible_phase1_proxy,73.3495864868164,112.0,61.0,185.0,1.0
431740,Santiago,RS,eligible_phase1_proxy,73.57595825195312,112.5,37.0,211.0,1.0
350700,Boituva,SP,eligible_phase1_proxy,73.66914367675781,113.0,91.0,141.0,1.0
354400,Rio das Pedras,SP,eligible_phase1_proxy,73.87309265136719,113.0,72.0,161.0500030517578,1.0
430790,Farroupilha,RS,eligible_phase1_proxy,73.43106079101562,114.0,75.0,172.0,1.0
352260,Itapira,SP,eligible_phase1_proxy,73.3492431640625,114.0,70.0,175.0500030517578,1.0
330340,Nova Friburgo,RJ,eligible_phase1_proxy,73.29502868652344,115.0,65.0,205.14999389648438,1.0
352050,Indaiatuba,SP,eligible_phase1_proxy,73.12689208984375,116.0,56.0,222.0,1.0
430160,Bagé,RS,eligible_phase1_proxy,73.30426788330078,116.0,87.0,158.0500030517578,1.0
354970,São José do Rio Pardo,SP,eligible_phase1_proxy,73.4105224609375,116.0,88.0,162.0,1.0
430280,Caçapava do Sul,RS,eligible_phase1_proxy,73.33290100097656,117.0,40.95000076293945,217.0,1.0
354850,Santos,SP,eligible_phase1_proxy,73.21098327636719,117.0,54.0,218.0,1.0
421480,Rio do Sul,SC,eligible_phase1_proxy,73.25209045410156,117.5,42.95000076293945,209.0,1.0
317070,Varginha,MG,eligible_phase1_proxy,73.37256622314453,118.0,101.0,140.0,1.0
110004,Cacoal,RO,eligible_phase1_proxy,73.18267822265625,118.0,67.0,183.0,1.0
351000,Cândido Mota,SP,eligible_phase1_proxy,73.04722595214844,119.0,73.0,189.0,1.0
313720,Lagoa da Prata,MG,eligible_phase1_proxy,72.96055603027344,121.0,69.94999694824219,190.0,1.0
353060,Mogi das Cruzes,SP,eligible_phase1_proxy,72.88349914550781,121.0,51.95000076293945,232.0500030517578,1.0
330455,Rio de Janeiro,RJ,eligible_phase1_proxy,72.96810913085938,123.0,58.0,224.0,1.0
350400,Assis,SP,eligible_phase1_proxy,72.74905395507812,124.0,85.0,179.0500030517578,1.0
352390,Itu,SP,eligible_phase1_proxy,72.75604248046875,124.0,62.0,224.0,1.0
411520,Maringá,PR,eligible_phase1_proxy,72.52491760253906,125.0,70.94999694824219,199.0500030517578,1.0
351050,Caraguatatuba,SP,eligible_phase1_proxy,72.93196105957031,125.0,99.0,162.0,1.0
430470,Carazinho,RS,eligible_phase1_proxy,72.61639404296875,126.0,54.0,206.0,1.0
500370,Dourados,MS,eligible_phase1_proxy,72.83654022216797,126.0,93.0,165.0,1.0
431710,Sant'Ana do Livramento,RS,eligible_phase1_proxy,72.80731201171875,127.0,104.0,158.0500030517578,1.0
431080,Ivoti,RS,eligible_phase1_proxy,72.72451782226562,131.0,44.95000076293945,227.0500030517578,1.0
350760,Bragança Paulista,SP,eligible_phase1_proxy,72.3707275390625,132.0,103.0,180.0,1.0
315180,Poços de Caldas,MG,eligible_phase1_proxy,72.2492904663086,135.0,108.0,169.0,1.0
353340,Nova Odessa,SP,eligible_phase1_proxy,72.56192016601562,135.0,104.0,166.0,1.0
352670,Leme,SP,eligible_phase1_proxy,72.02154541015625,137.0,89.0,209.0,1.0
430300,Cachoeira do Sul,RS,eligible_phase1_proxy,72.1063232421875,138.0,95.0,186.0,1.0
432300,Viamão,RS,eligible_phase1_proxy,72.10493469238281,139.0,109.0,174.0,1.0
410765,Fazenda Rio Grande,PR,eligible_phase1_proxy,71.7386474609375,141.0,84.94999694824219,225.0500030517578,1.0
355220,Sorocaba,SP,eligible_phase1_proxy,71.81390380859375,142.0,34.0,303.0,1.0
351840,Guaratinguetá,SP,eligible_phase1_proxy,71.70976257324219,143.0,72.94999694824219,241.0500030517578,1.0
350115,Alumínio,SP,eligible_phase1_proxy,71.54338836669922,144.0,76.0,224.0,1.0
430060,Alvorada,RS,eligible_phase1_proxy,71.61279296875,144.0,97.0,207.0500030517578,1.0
330390,Petrópolis,RJ,eligible_phase1_proxy,71.33103942871094,149.0,104.94999694824219,213.0500030517578,1.0
350650,Birigui,SP,eligible_phase1_proxy,71.06797790527344,149.0,102.0,204.0500030517578,1.0
351280,Cosmópolis,SP,eligible_phase1_proxy,71.43275451660156,151.0,126.0,179.0,1.0
411070,Irati,PR,eligible_phase1_proxy,71.26397705078125,152.0,116.0,195.0,1.0
432240,Uruguaiana,RS,eligible_phase1_proxy,71.0278091430664,153.0,120.0,208.0500030517578,1.0
350960,Campo Limpo Paulista,SP,eligible_phase1_proxy,71.00775146484375,155.0,124.0,199.0500030517578,1.0
351880,Guarulhos,SP,eligible_phase1_proxy,70.654052734375,157.0,46.0,304.0,1.0
350610,Bebedouro,SP,eligible_phase1_proxy,70.56773376464844,158.0,89.0,231.0,1.0
510790,Sinop,MT,eligible_phase1_proxy,70.74934387207031,158.0,99.94999694824219,238.0500030517578,1.0
330020,ARARUAMA,RJ,eligible_phase1_proxy,70.83651733398438,159.0,119.0,197.0,1.0
315770,Santa Juliana,MG,eligible_phase1_proxy,70.43724060058594,161.0,67.94999694824219,266.0,1.0
522140,Trindade,GO,eligible_phase1_proxy,70.62474060058594,161.0,121.0,220.0,1.0
330490,São Gonçalo,RJ,eligible_phase1_proxy,70.56382751464844,162.0,91.0,236.0,1.0
412550,São José dos Pinhais,PR,eligible_phase1_proxy,70.3428955078125,164.0,96.9000015258789,247.0,1.0
355030,São Paulo,SP,eligible_phase1_proxy,70.1004638671875,164.0,56.0,306.04998779296875,1.0
315780,Santa Luzia,MG,eligible_phase1_proxy,70.09661102294922,165.0,129.0,214.0500030517578,1.0
313620,João Monlevade,MG,eligible_phase1_proxy,70.04629516601562,166.0,146.0,198.0,1.0
352900,Marília,SP,eligible_phase1_proxy,70.37869262695312,166.0,133.0,203.0,1.0
355410,Taubaté,SP,eligible_phase1_proxy,69.84846496582031,168.0,74.0,288.0,1.0
430860,Garibaldi,RS,eligible_phase1_proxy,70.33566284179688,169.0,123.0,210.0,1.0
352720,Lorena,SP,eligible_phase1_proxy,70.04563903808594,169.0,132.0,229.0500030517578,1.0
432150,Torres,RS,eligible_phase1_proxy,69.64747619628906,172.0,97.0,249.0,1.0
250750,João Pessoa,PB,eligible_phase1_proxy,70.12611389160156,173.0,111.0,228.0,1.0
312770,Governador Valadares,MG,eligible_phase1_proxy,69.58082580566406,174.0,99.0,256.0,1.0
350170,Américo Brasiliense,SP,eligible_phase1_proxy,69.54804992675781,174.0,114.94999694824219,247.0,1.0
330350,Nova Iguaçu,RJ,eligible_phase1_proxy,69.73531341552734,174.0,79.0,291.0,1.0
316940,Três Pontas,MG,eligible_phase1_proxy,69.50454711914062,176.0,131.0,230.0,1.0
351870,Guarujá,SP,eligible_phase1_proxy,69.23103332519531,176.0,94.0,283.04998779296875,1.0
313940,Manhuaçu,MG,eligible_phase1_proxy,69.50865173339844,177.5,82.94999694824219,265.0,1.0
522185,Valparaíso de Goiás,GO,eligible_phase1_proxy,69.11487579345703,179.0,122.0,258.0,1.0
330452,Rio das Ostras,RJ,eligible_phase1_proxy,69.02964782714844,180.0,102.0,275.1000061035156,1.0
431680,Santa Cruz do Sul,RS,eligible_phase1_proxy,69.22120666503906,180.5,91.94999694824219,267.0,1.0
313130,Ipatinga,MG,eligible_phase1_proxy,69.26824951171875,180.5,93.94999694824219,276.04998779296875,1.0
311830,Conselheiro Lafaiete,MG,eligible_phase1_proxy,69.07614135742188,181.0,111.0,259.0,1.0
353430,Orlândia,SP,eligible_phase1_proxy,68.88838958740234,182.0,117.94999694824219,266.04998779296875,1.0
430930,Guaíba,RS,eligible_phase1_proxy,68.84534454345703,182.0,139.9499969482422,229.0,1.0
350560,Barrinha,SP,eligible_phase1_proxy,68.76991271972656,182.0,113.94999694824219,260.0,1.0
330630,Volta Redonda,RJ,eligible_phase1_proxy,68.65303039550781,184.0,138.9499969482422,249.10000610351562,1.0
430780,Estrela,RS,eligible_phase1_proxy,68.82302856445312,187.0,78.9000015258789,285.0,1.0
410940,Guarapuava,PR,eligible_phase1_proxy,68.9149398803711,187.0,124.0,261.04998779296875,1.0
316930,Três Corações,MG,eligible_phase1_proxy,68.48463439941406,187.0,132.0,246.0,1.0
350790,Brotas,SP,eligible_phase1_proxy,68.82942199707031,188.0,101.0,274.04998779296875,1.0
410040,Almirante Tamandaré,PR,eligible_phase1_proxy,68.58200073242188,189.5,103.0,299.04998779296875,1.0
354870,São Bernardo do Campo,SP,eligible_phase1_proxy,68.384033203125,190.0,99.94999694824219,305.0,1.0
351930,Ibaté,SP,eligible_phase1_proxy,68.35277557373047,192.0,140.9499969482422,257.0,1.0
314800,Patos de Minas,MG,eligible_phase1_proxy,68.06631469726562,193.0,140.0,259.04998779296875,1.0
211130,São Luís,MA,eligible_phase1_proxy,68.03486633300781,195.0,71.0,346.0,1.0
351340,Cruzeiro,SP,eligible_phase1_proxy,68.17443084716797,195.0,152.0,257.04998779296875,1.0
353780,Piedade,SP,eligible_phase1_proxy,68.37992858886719,196.0,145.9499969482422,257.0,1.0
411580,Medianeira,PR,eligible_phase1_proxy,68.20885467529297,196.0,89.94999694824219,288.1000061035156,1.0
352010,Igarapava,SP,eligible_phase1_proxy,68.17286682128906,196.0,86.0,296.0,1.0
431490,Porto Alegre,RS,eligible_phase1_proxy,67.7188949584961,196.0,102.0,312.1000061035156,1.0
270430,Maceió,AL,eligible_phase1_proxy,68.00834655761719,197.0,81.0,337.04998779296875,1.0
412710,Telêmaco Borba,PR,eligible_phase1_proxy,67.81842041015625,201.0,186.0,222.0,1.0
432145,Teutônia,RS,eligible_phase1_proxy,68.04875183105469,202.0,87.9000015258789,310.04998779296875,1.0
521190,Jataí,GO,eligible_phase1_proxy,67.78788757324219,202.0,190.0,217.0,1.0
420480,Curitibanos,SC,eligible_phase1_proxy,67.64682006835938,202.5,124.0,293.0,1.0
411915,Pinhais,PR,eligible_phase1_proxy,67.46688842773438,203.0,166.0,246.0500030517578,1.0
420210,Barra Velha,SC,eligible_phase1_proxy,67.33393859863281,206.0,161.0,268.04998779296875,1.0
431750,Santo Ângelo,RS,eligible_phase1_proxy,67.15986633300781,207.0,143.0,273.0,1.0
330070,Cabo Frio,RJ,eligible_phase1_proxy,67.27606201171875,207.0,97.0,338.0,1.0
350590,Batatais,SP,eligible_phase1_proxy,67.29014587402344,207.5,129.0,288.0,1.0
510760,Rondonópolis,MT,eligible_phase1_proxy,67.1656494140625,209.0,176.0,252.0,1.0
352710,Lins,SP,eligible_phase1_proxy,67.20710754394531,211.0,193.0,234.0,1.0
351380,Diadema,SP,eligible_phase1_proxy,67.15400695800781,211.0,140.0,297.0,1.0
353180,Monte Mor,SP,eligible_phase1_proxy,67.08140563964844,214.0,201.0,230.0,1.0
354060,Porto Feliz,SP,eligible_phase1_proxy,67.03665161132812,215.0,197.0,235.0500030517578,1.0
355150,Serrana,SP,eligible_phase1_proxy,67.31758117675781,215.0,164.0,264.0,1.0
432260,Venâncio Aires,RS,eligible_phase1_proxy,66.80221557617188,216.0,140.9499969482422,296.0,1.0
260410,Caruaru,PE,eligible_phase1_proxy,66.71647644042969,217.0,150.0,311.04998779296875,1.0
330510,São João de Meriti,RJ,eligible_phase1_proxy,66.53346252441406,218.0,106.94999694824219,350.0,1.0
500270,Campo Grande,MS,eligible_phase1_proxy,66.89102935791016,218.0,137.0,302.04998779296875,1.0
411570,Matinhos,PR,eligible_phase1_proxy,66.52932739257812,220.0,187.9499969482422,262.0,1.0
317040,Unaí,MG,eligible_phase1_proxy,66.34138488769531,221.0,169.0,271.0,1.0
314810,Patrocínio,MG,eligible_phase1_proxy,66.61102294921875,222.0,124.0,305.04998779296875,1.0
316370,São Lourenço,MG,eligible_phase1_proxy,66.43995666503906,222.0,139.0,299.0,1.0
330520,São Pedro da Aldeia,RJ,eligible_phase1_proxy,66.41081237792969,223.0,157.0,315.04998779296875,1.0
310400,Araxá,MG,eligible_phase1_proxy,66.15288543701172,225.0,155.0,320.0,1.0
316870,Timóteo,MG,eligible_phase1_proxy,66.21371459960938,225.0,134.0,303.0,1.0
430450,Canguçu,RS,eligible_phase1_proxy,65.99018859863281,225.0,127.94999694824219,340.04998779296875,0.999
311940,Coronel Fabriciano,MG,eligible_phase1_proxy,66.29341125488281,225.5,133.0,309.0,1.0
412240,Rolândia,PR,eligible_phase1_proxy,66.06687927246094,226.5,113.0,350.0,1.0
313440,Iturama,MG,eligible_phase1_proxy,66.25556945800781,228.0,128.0,312.04998779296875,1.0
431020,Ijuí,RS,eligible_phase1_proxy,65.99078369140625,230.0,149.9499969482422,299.0,1.0
330360,Paracambi,RJ,eligible_phase1_proxy,65.58224487304688,232.0,177.0,290.0,1.0
510704,Primavera do Leste,MT,eligible_phase1_proxy,65.85580444335938,233.0,164.0,329.04998779296875,1.0
430480,Carlos Barbosa,RS,eligible_phase1_proxy,65.27638244628906,237.0,154.0,335.04998779296875,1.0
330190,Itaboraí,RJ,eligible_phase1_proxy,65.57077026367188,238.0,177.9499969482422,320.0,1.0
355450,Tietê,SP,eligible_phase1_proxy,65.2425537109375,238.0,203.0,277.0,1.0
430920,Gravataí,RS,eligible_phase1_proxy,65.04225158691406,238.0,195.9499969482422,293.04998779296875,1.0
352210,Itanhaém,SP,eligible_phase1_proxy,65.26607513427734,240.0,186.0,314.0,1.0
354660,Santa Fé do Sul,SP,eligible_phase1_proxy,65.37327575683594,240.0,120.0,333.04998779296875,1.0
317120,Vespasiano,MG,eligible_phase1_proxy,65.20486450195312,240.0,217.0,272.04998779296875,1.0
310670,Betim,MG,eligible_phase1_proxy,64.78644561767578,241.0,181.0,314.0,1.0
421660,São José,SC,eligible_phase1_proxy,64.86749267578125,242.0,165.9499969482422,334.0,1.0
350220,Angatuba,SP,eligible_phase1_proxy,65.29141235351562,242.0,106.0,345.04998779296875,1.0
350070,Agudos,SP,eligible_phase1_proxy,64.9171142578125,243.0,148.9499969482422,350.0,1.0
352350,Itatinga,SP,eligible_phase1_proxy,64.8588638305664,243.5,181.0,310.0,1.0
510675,Pontes e Lacerda,MT,eligible_phase1_proxy,64.84335327148438,244.0,208.0,282.04998779296875,1.0
420910,Joinville,SC,eligible_phase1_proxy,64.44513702392578,244.0,169.9499969482422,336.04998779296875,1.0
310350,Araguari,MG,eligible_phase1_proxy,64.6866455078125,245.0,178.9499969482422,313.0,1.0
353820,PINHALZINHO,SP,eligible_phase1_proxy,64.66217041015625,245.0,160.0,330.0,1.0
240325,Parnamirim,RN,eligible_phase1_proxy,64.77438354492188,247.0,182.0,320.0,1.0
320320,Linhares,ES,eligible_phase1_proxy,64.32601928710938,247.0,207.0,300.0,1.0
522045,Senador Canedo,GO,eligible_phase1_proxy,64.45680236816406,248.0,188.0,328.04998779296875,1.0
350570,Barueri,SP,eligible_phase1_proxy,64.32412719726562,248.0,132.0,387.04998779296875,1.0
410465,Carambeí,PR,eligible_phase1_proxy,64.36092376708984,249.0,182.9499969482422,316.0,1.0
353470,Ourinhos,SP,eligible_phase1_proxy,64.25165557861328,251.0,204.9499969482422,318.04998779296875,1.0
352740,Lucélia,SP,eligible_phase1_proxy,64.39273071289062,251.0,171.9499969482422,327.04998779296875,1.0
432130,Taquari,RS,eligible_phase1_proxy,64.37472534179688,251.0,160.9499969482422,328.0,1.0
330030,Barra do Piraí,RJ,eligible_phase1_proxy,64.19477844238281,252.0,221.0,305.04998779296875,1.0
353800,Pindamonhangaba,SP,eligible_phase1_proxy,64.06159973144531,253.0,160.0,377.20001220703125,1.0
351820,Guararapes,SP,eligible_phase1_proxy,64.06192016601562,253.0,170.0,335.0,1.0
410150,Arapongas,PR,eligible_phase1_proxy,63.71866226196289,257.0,208.0,313.0,1.0
351830,Guararema,SP,eligible_phase1_proxy,64.13140869140625,258.0,185.0,337.0,1.0
430440,Canela,RS,eligible_phase1_proxy,63.930763244628906,259.0,189.9499969482422,336.0,1.0
353440,Osasco,SP,eligible_phase1_proxy,63.70201873779297,259.0,108.0,416.1000061035156,1.0
355060,São Roque,SP,eligible_phase1_proxy,63.680572509765625,260.0,239.0,297.0,1.0
330240,Macaé,RJ,eligible_phase1_proxy,63.46693420410156,260.5,154.0,396.0,1.0
411750,Paiçandu,PR,eligible_phase1_proxy,63.76683807373047,261.0,221.0,303.04998779296875,1.0
313490,Jacutinga,MG,eligible_phase1_proxy,63.75007247924805,261.0,169.9499969482422,340.0,1.0
354750,Santa Rita do Passa Quatro,SP,eligible_phase1_proxy,63.34046173095703,265.0,169.0,362.0,1.0
230440,Fortaleza,CE,eligible_phase1_proxy,63.261802673339844,266.0,133.9499969482422,414.04998779296875,1.0
411820,Paranaguá,PR,eligible_phase1_proxy,63.451904296875,267.0,217.0,321.0,1.0
411850,Pato Branco,PR,eligible_phase1_proxy,63.00251007080078,267.0,210.9499969482422,322.0,1.0
353300,Nova Granada,SP,eligible_phase1_proxy,62.78590774536133,270.0,191.89999389648438,340.04998779296875,1.0
350840,Cabreúva,SP,eligible_phase1_proxy,63.0548095703125,272.0,250.0,296.0,1.0
293330,Vitória da Conquista,BA,eligible_phase1_proxy,62.543697357177734,272.0,142.0,425.0,1.0
110002,Ariquemes,RO,eligible_phase1_proxy,63.05305099487305,272.0,237.0,323.04998779296875,1.0
354730,Santana de Parnaíba,SP,eligible_phase1_proxy,62.81016159057617,272.5,161.9499969482422,406.0,1.0
432250,Vacaria,RS,eligible_phase1_proxy,62.877349853515625,273.0,252.0,297.0,1.0
350380,Artur Nogueira,SP,eligible_phase1_proxy,62.710113525390625,274.0,251.0,303.0,1.0
430690,Encruzilhada do Sul,RS,eligible_phase1_proxy,62.743709564208984,274.0,180.0,357.0,1.0
355500,Tupã,SP,eligible_phase1_proxy,62.33295440673828,276.0,243.0,311.0,1.0
330045,Belford Roxo,RJ,eligible_phase1_proxy,62.506919860839844,278.0,212.9499969482422,347.0,1.0
355250,Suzano,SP,eligible_phase1_proxy,62.156646728515625,279.0,133.9499969482422,437.1000061035156,0.995
330185,GUAPIMIRIM,RJ,eligible_phase1_proxy,62.59886932373047,279.0,240.9499969482422,317.0,1.0
411410,Mandaguaçu,PR,eligible_phase1_proxy,61.95452117919922,283.0,239.9499969482422,328.0,1.0
521380,Morrinhos,GO,eligible_phase1_proxy,62.142242431640625,284.0,168.9499969482422,372.04998779296875,1.0
150140,Belém,PA,eligible_phase1_proxy,61.75513458251953,285.5,166.9499969482422,421.0,1.0
292740,Salvador,BA,eligible_phase1_proxy,61.79329299926758,286.0,126.0,451.1499938964844,0.989
420320,Camboriú,SC,eligible_phase1_proxy,61.851890563964844,287.0,239.0,352.04998779296875,1.0
240360,Extremoz,RN,eligible_phase1_proxy,61.643531799316406,288.0,231.9499969482422,368.0,1.0
352310,Itaquaquecetuba,SP,eligible_phase1_proxy,61.334083557128906,289.5,115.94999694824219,463.04998779296875,0.977
330250,Magé,RJ,eligible_phase1_proxy,61.40248107910156,293.0,240.9499969482422,349.0,1.0
431350,Osório,RS,eligible_phase1_proxy,61.10121154785156,293.0,228.0,348.04998779296875,1.0
411840,Paranavaí,PR,eligible_phase1_proxy,61.12915802001953,293.0,238.0,348.0,1.0
431990,Sapiranga,RS,eligible_phase1_proxy,61.09501647949219,293.0,239.0,341.04998779296875,1.0
354760,Santa Rosa de Viterbo,SP,eligible_phase1_proxy,61.657814025878906,293.0,237.0,342.0,1.0
355100,São Vicente,SP,eligible_phase1_proxy,60.90705871582031,294.0,128.9499969482422,465.0,0.978
421620,São Francisco do Sul,SC,eligible_phase1_proxy,60.869049072265625,295.0,245.0,340.0,1.0
430660,Dom Pedrito,RS,eligible_phase1_proxy,60.941219329833984,296.0,249.0,337.04998779296875,1.0
522160,Uruaçu,GO,eligible_phase1_proxy,61.152061462402344,296.5,193.9499969482422,369.0,1.0
500100,Aparecida do Taboado,MS,eligible_phase1_proxy,61.12657165527344,297.0,215.0,365.04998779296875,1.0
410840,Francisco Beltrão,PR,eligible_phase1_proxy,60.53424072265625,300.5,223.0,366.0,1.0
410400,Campina Grande do Sul,PR,eligible_phase1_proxy,60.77894592285156,301.0,230.0,388.1000061035156,1.0
420420,Chapecó,SC,eligible_phase1_proxy,60.39613723754883,302.0,226.0,383.0,1.0
352090,Ipaussu,SP,eligible_phase1_proxy,60.45466613769531,303.5,209.9499969482422,383.0,1.0
352340,Itatiba,SP,eligible_phase1_proxy,60.36219024658203,304.0,262.0,373.0,1.0
352220,Itapecerica da Serra,SP,eligible_phase1_proxy,59.857322692871094,307.0,204.0,433.0,0.999
431640,Rosário do Sul,RS,eligible_phase1_proxy,60.102699279785156,308.0,235.0,367.04998779296875,1.0
351220,Conchal,SP,eligible_phase1_proxy,59.71408462524414,310.0,268.0,356.04998779296875,1.0
351300,Cotia,SP,eligible_phase1_proxy,59.5256233215332,311.0,138.0,489.0,0.963
510340,Cuiabá,MT,eligible_phase1_proxy,59.71279525756836,311.0,166.9499969482422,468.04998779296875,0.975
430460,Canoas,RS,eligible_phase1_proxy,59.972450256347656,312.0,249.9499969482422,374.04998779296875,1.0
411480,Marialva,PR,eligible_phase1_proxy,59.578800201416016,312.0,274.0,349.0,1.0
521800,Porangatu,GO,eligible_phase1_proxy,59.47722625732422,313.0,267.0,356.0,1.0
352140,Iracemápolis,SP,eligible_phase1_proxy,59.46309280395508,313.0,253.9499969482422,375.0,1.0
330414,Queimados,RJ,eligible_phase1_proxy,59.3732795715332,315.0,182.0,466.04998779296875,0.983
314520,Nova Serrana,MG,eligible_phase1_proxy,59.010780334472656,318.0,287.0,352.0,1.0
352840,Mairinque,SP,eligible_phase1_proxy,59.331077575683594,319.0,267.95001220703125,395.0,1.0
330050,Bom Jardim,RJ,eligible_phase1_proxy,59.18431091308594,319.0,256.0,373.04998779296875,1.0
110028,Rolim de Moura,RO,eligible_phase1_proxy,58.8458251953125,319.5,260.0,369.04998779296875,1.0
430760,Estância Velha,RS,eligible_phase1_proxy,58.786834716796875,320.0,278.95001220703125,385.0,1.0
350750,Botucatu,SP,eligible_phase1_proxy,59.012393951416016,322.0,234.85000610351562,432.04998779296875,1.0
352440,Jacareí,SP,eligible_phase1_proxy,58.77178192138672,324.0,257.95001220703125,411.0,1.0
521760,Planaltina,GO,eligible_phase1_proxy,58.5285758972168,325.0,269.0,413.0,1.0
354670,Santa Gertrudes,SP,eligible_phase1_proxy,58.47956085205078,325.0,278.95001220703125,375.0,1.0
353980,Poá,SP,eligible_phase1_proxy,58.60218048095703,325.5,203.0,472.0,0.977
353650,Paulínia,SP,eligible_phase1_proxy,58.440860748291016,326.0,265.95001220703125,402.0,1.0
172100,Palmas,TO,eligible_phase1_proxy,58.65807342529297,326.0,275.0,382.0,1.0
431440,Pelotas,RS,eligible_phase1_proxy,58.69404602050781,327.0,211.9499969482422,430.0,0.997
240800,Mossoró,RN,eligible_phase1_proxy,58.65510177612305,327.0,280.0,381.0,1.0
315895,Santana do Paraíso,MG,eligible_phase1_proxy,58.386558532714844,329.0,290.0,379.1000061035156,1.0
280030,Aracaju,SE,eligible_phase1_proxy,58.11554718017578,330.0,216.89999389648438,459.04998779296875,0.983
510795,Tangará da Serra,MT,eligible_phase1_proxy,58.10707092285156,332.0,240.0,453.04998779296875,0.998
317130,Viçosa,MG,eligible_phase1_proxy,58.29019546508789,332.5,217.0,412.0,1.0
412810,Umuarama,PR,eligible_phase1_proxy,57.97953796386719,333.0,283.0,386.04998779296875,1.0
355480,Tremembé,SP,eligible_phase1_proxy,58.133853912353516,336.0,242.9499969482422,450.04998779296875,0.999
351540,Fartura,SP,eligible_phase1_proxy,57.968017578125,336.0,229.0,434.0,0.999
430040,Alegrete,RS,eligible_phase1_proxy,57.60882568359375,337.0,295.95001220703125,375.0,1.0
314480,Nova Lima,MG,eligible_phase1_proxy,57.56525421142578,337.0,306.0,372.04998779296875,1.0
432000,Sapucaia do Sul,RS,eligible_phase1_proxy,57.622467041015625,337.0,307.0,375.0,1.0
411950,Piraquara,PR,eligible_phase1_proxy,57.29973602294922,339.0,283.0,431.1000061035156,1.0
420460,Criciúma,SC,eligible_phase1_proxy,57.138206481933594,344.0,262.0,425.04998779296875,0.999
431180,Marau,RS,eligible_phase1_proxy,57.02705383300781,344.0,278.95001220703125,398.0,1.0
431480,Portão,RS,eligible_phase1_proxy,57.30171203613281,344.0,239.0,471.0,0.98
291080,Feira de Santana,BA,eligible_phase1_proxy,56.90830993652344,344.0,212.0,497.1499938964844,0.95
261160,Recife,PE,eligible_phase1_proxy,57.133243560791016,345.0,242.9499969482422,464.04998779296875,0.987
431760,Santo Antônio da Patrulha,RS,eligible_phase1_proxy,57.04508972167969,345.0,309.0,377.0,1.0
412820,União da Vitória,PR,eligible_phase1_proxy,56.578208923339844,347.0,312.95001220703125,385.0,1.0
355380,Taquarituba,SP,eligible_phase1_proxy,56.73689270019531,347.0,302.95001220703125,391.0,1.0
430545,Cidreira,RS,eligible_phase1_proxy,57.057525634765625,347.0,254.0,421.04998779296875,1.0
411200,Jaguariaíva,PR,eligible_phase1_proxy,56.568572998046875,348.0,284.0,398.0,1.0
260960,Olinda,PE,eligible_phase1_proxy,56.45841979980469,348.0,191.0,518.0999755859375,0.922
350920,Cajamar,SP,eligible_phase1_proxy,56.552757263183594,349.0,292.0,441.04998779296875,1.0
410980,Ibiporã,PR,eligible_phase1_proxy,56.59568786621094,349.5,260.0,411.0,1.0
261070,Paulista,PE,eligible_phase1_proxy,56.28593444824219,353.0,187.0,528.0999755859375,0.895
292400,Paulo Afonso,BA,eligible_phase1_proxy,56.13652801513672,353.0,295.0,447.0,1.0
412180,Ribeirão Claro,PR,eligible_phase1_proxy,56.45014190673828,355.0,236.9499969482422,434.04998779296875,1.0
351410,Dois Córregos,SP,eligible_phase1_proxy,55.84657287597656,360.0,229.0,443.04998779296875,1.0
350850,Caçapava,SP,eligible_phase1_proxy,55.414222717285156,361.0,272.8500061035156,484.04998779296875,0.968
354090,Pradópolis,SP,eligible_phase1_proxy,55.410438537597656,363.5,312.0,418.0,1.0
316720,Sete Lagoas,MG,eligible_phase1_proxy,55.05906677246094,364.0,315.95001220703125,430.0,0.999
352000,Igaraçu do Tietê,SP,eligible_phase1_proxy,55.11892318725586,367.0,320.95001220703125,411.0,1.0
510840,Várzea Grande,MT,eligible_phase1_proxy,54.83955383300781,367.0,244.0,513.0,0.926
520590,Corumbaíba,GO,eligible_phase1_proxy,55.33664321899414,367.0,265.8999938964844,447.04998779296875,0.998
352290,Itapuí,SP,eligible_phase1_proxy,55.22010040283203,367.5,269.0,455.04998779296875,0.997
350740,Borborema,SP,eligible_phase1_proxy,55.229103088378906,369.0,211.9499969482422,463.04998779296875,0.992
430010,Agudo,RS,eligible_phase1_proxy,55.121063232421875,369.0,261.95001220703125,452.0,0.999
320501,Sooretama,ES,eligible_phase1_proxy,54.84874725341797,370.0,320.95001220703125,412.0,1.0
521975,Santo Antônio do Descoberto,GO,eligible_phase1_proxy,54.96919250488281,370.0,330.0,433.04998779296875,1.0
291920,Lauro de Freitas,BA,eligible_phase1_proxy,54.66552734375,370.0,226.9499969482422,526.1500244140625,0.894
330550,Saquarema,RJ,eligible_phase1_proxy,54.70525360107422,370.0,300.0,480.0,0.976
354910,São João da Boa Vista,SP,eligible_phase1_proxy,54.94148254394531,371.0,343.0,415.0,1.0
352570,José Bonifácio,SP,eligible_phase1_proxy,54.95118713378906,373.0,262.0,442.0,1.0
411690,Nova Esperança,PR,eligible_phase1_proxy,54.76634216308594,373.0,272.95001220703125,437.0,1.0
431848,SAO JOSE DO HORTENCIO,RS,eligible_phase1_proxy,54.700958251953125,375.0,225.85000610351562,481.04998779296875,0.979
350660,Biritiba Mirim,SP,eligible_phase1_proxy,54.534645080566406,379.0,338.0,427.0,1.0
352240,Itapeva,SP,eligible_phase1_proxy,54.23663330078125,379.0,351.95001220703125,431.04998779296875,1.0
521570,Palmeiras de Goiás,GO,eligible_phase1_proxy,54.06700134277344,379.0,297.95001220703125,439.0,1.0
510140,Aripuanã,MT,eligible_phase1_proxy,54.172874450683594,380.0,340.0,425.0,0.999
292050,Maracás,BA,eligible_phase1_proxy,54.1115837097168,381.0,325.0,430.04998779296875,1.0
210530,Imperatriz,MA,eligible_phase1_proxy,54.33528137207031,381.0,305.95001220703125,473.0,0.983
521180,Jaraguá,GO,eligible_phase1_proxy,54.17891311645508,382.0,262.95001220703125,455.0,0.999
500325,Costa Rica,MS,eligible_phase1_proxy,53.87285614013672,382.0,323.95001220703125,432.0,1.0
353730,Penápolis,SP,eligible_phase1_proxy,53.72450637817383,382.5,318.0,437.04998779296875,1.0
510515,Juína,MT,eligible_phase1_proxy,53.823768615722656,383.0,348.95001220703125,413.0,1.0
320245,Ibatiba,ES,eligible_phase1_proxy,54.2850341796875,383.0,291.0,437.04998779296875,1.0
521880,Rio Verde,GO,eligible_phase1_proxy,53.482513427734375,384.5,325.0,456.04998779296875,0.997
510642,Peixoto de Azevedo,MT,eligible_phase1_proxy,53.76702880859375,385.0,351.95001220703125,416.0,1.0
411890,Pérola,PR,eligible_phase1_proxy,54.024070739746094,385.5,283.0,457.04998779296875,0.999
431720,Santa Rosa,RS,eligible_phase1_proxy,53.95825958251953,386.0,269.0,460.0,0.996
251370,Santa Rita,PB,eligible_phase1_proxy,53.407630920410156,388.0,352.95001220703125,434.0,1.0
312600,Florestal,MG,eligible_phase1_proxy,53.74513626098633,389.0,269.95001220703125,472.0,0.99
421550,Santa Cecília,SC,eligible_phase1_proxy,53.893310546875,390.0,272.95001220703125,464.0,0.994
353950,Pitangueiras,SP,eligible_phase1_proxy,53.53453826904297,391.0,291.95001220703125,471.0,0.99
150060,Altamira,PA,eligible_phase1_proxy,53.423789978027344,392.0,304.95001220703125,505.0,0.933
430100,ARROIO DO MEIO,RS,eligible_phase1_proxy,53.27886962890625,394.0,274.95001220703125,469.04998779296875,0.992
432280,Veranópolis,RS,eligible_phase1_proxy,52.81993865966797,396.0,340.0,452.0,1.0
410640,Cornélio Procópio,PR,eligible_phase1_proxy,53.093414306640625,396.0,273.0,482.0,0.984
351500,Embu das Artes,SP,eligible_phase1_proxy,53.05443572998047,396.5,312.95001220703125,502.04998779296875,0.941
291480,Itabuna,BA,eligible_phase1_proxy,52.6729736328125,397.5,347.0,450.04998779296875,0.999
291360,Ilhéus,BA,eligible_phase1_proxy,52.8912239074707,399.0,349.95001220703125,459.0,0.999
293070,Simões Filho,BA,eligible_phase1_proxy,52.85334014892578,399.0,304.95001220703125,515.0,0.924
521310,Mineiros,GO,eligible_phase1_proxy,52.28413391113281,400.0,362.0,438.04998779296875,1.0
350635,Bertioga,SP,eligible_phase1_proxy,52.72576904296875,400.0,349.95001220703125,475.0,0.986
311050,Camanducaia,MG,eligible_phase1_proxy,52.773136138916016,400.5,342.0,440.0,1.0
150795,Tailândia,PA,eligible_phase1_proxy,52.95072937011719,401.0,312.95001220703125,509.0,0.927
411430,Mandirituba,PR,eligible_phase1_proxy,52.45366668701172,402.0,373.0,431.0,1.0
510320,Colíder,MT,eligible_phase1_proxy,52.28042221069336,403.0,371.0,431.0,1.0
411350,Loanda,PR,eligible_phase1_proxy,52.66357421875,403.5,311.0,470.0,0.996
314700,Paracatu,MG,eligible_phase1_proxy,51.93162155151367,404.0,363.0,448.0,1.0
420820,Itajaí,SC,eligible_phase1_proxy,52.29833221435547,404.0,341.0,474.04998779296875,0.982
421580,São Bento do Sul,SC,eligible_phase1_proxy,52.4178466796875,405.0,295.0,538.0,0.886
430770,Esteio,RS,eligible_phase1_proxy,52.05088424682617,406.0,378.0,437.0,1.0
500060,Amambai,MS,eligible_phase1_proxy,51.89335632324219,408.0,368.0,458.04998779296875,1.0
314930,Pedro Leopoldo,MG,eligible_phase1_proxy,51.885772705078125,409.0,349.0,456.0,1.0
355010,São Manuel,SP,eligible_phase1_proxy,51.86186981201172,409.0,356.0,447.0,1.0
314740,Paraopeba,MG,eligible_phase1_proxy,51.77056121826172,411.0,374.0,447.0,1.0
521850,Quirinópolis,GO,eligible_phase1_proxy,51.863014221191406,412.5,309.0,475.04998779296875,0.991
353940,Piratininga,SP,eligible_phase1_proxy,51.24473571777344,416.0,357.95001220703125,469.0,0.995
520005,Abadia de Goiás,GO,eligible_phase1_proxy,51.368038177490234,416.0,374.0,457.04998779296875,0.999
330227,Japeri,RJ,eligible_phase1_proxy,51.41136932373047,417.5,319.0,532.0,0.857
290070,Alagoinhas,BA,eligible_phase1_proxy,51.11492156982422,418.0,336.95001220703125,522.0,0.896
261110,Petrolina,PE,eligible_phase1_proxy,50.72024154663086,425.0,304.95001220703125,552.0,0.818
310020,Abaeté,MG,eligible_phase1_proxy,51.038787841796875,425.0,303.0,496.0,0.967
110012,Ji-Paraná,RO,eligible_phase1_proxy,50.73396301269531,426.0,359.0,506.0,0.932
421950,Xanxerê,SC,eligible_phase1_proxy,50.552337646484375,427.5,331.95001220703125,493.0,0.969
352400,Itupeva,SP,eligible_phase1_proxy,50.322959899902344,428.0,372.0,511.0,0.928
351060,Carapicuíba,SP,eligible_phase1_proxy,50.00702667236328,429.0,222.9499969482422,598.0499877929688,0.726
315670,Sabará,MG,eligible_phase1_proxy,50.02522277832031,431.0,385.0,475.04998779296875,0.988
510562,Mirassol d'Oeste,MT,eligible_phase1_proxy,50.2620735168457,432.0,368.95001220703125,478.0,0.998
350995,Canas,SP,eligible_phase1_proxy,50.31073760986328,433.0,314.8999938964844,520.0,0.898
421970,Xaxim,SC,eligible_phase1_proxy,49.988372802734375,434.0,375.0,472.0,0.999
261540,Toritama,PE,eligible_phase1_proxy,50.006683349609375,434.0,380.0,496.0,0.964
293135,Teixeira de Freitas,BA,eligible_phase1_proxy,49.368431091308594,434.0,389.0,495.0,0.962
411125,Itaperuçu,PR,eligible_phase1_proxy,49.737030029296875,437.0,381.0,496.04998779296875,0.964
410590,Colorado,PR,eligible_phase1_proxy,49.91499328613281,438.0,350.0,499.0,0.954
352520,Jarinu,SP,eligible_phase1_proxy,49.74072265625,438.5,357.0,526.0999755859375,0.858
431660,SANANDUVA,RS,eligible_phase1_proxy,49.848289489746094,439.0,302.0,519.0,0.896
410180,Araucária,PR,eligible_phase1_proxy,49.46837615966797,440.5,387.0,485.04998779296875,0.975
350390,Arujá,SP,eligible_phase1_proxy,49.09278106689453,441.0,315.0,576.0999755859375,0.741
310160,Alfenas,MG,eligible_phase1_proxy,49.351924896240234,441.0,351.0,505.0,0.934
310420,Arcos,MG,eligible_phase1_proxy,49.43525314331055,441.0,322.0,520.0,0.884
353550,Paraguaçu Paulista,SP,eligible_phase1_proxy,49.18260192871094,442.0,391.0,480.0,0.995
351740,Guaíra,SP,eligible_phase1_proxy,49.17278289794922,442.0,349.95001220703125,511.0,0.914
354290,Ribeirão Bonito,SP,eligible_phase1_proxy,49.47248840332031,444.0,326.0,525.0499877929688,0.863
352320,Itararé,SP,eligible_phase1_proxy,48.673248291015625,446.0,396.0,480.0,0.998
410550,Cianorte,PR,eligible_phase1_proxy,48.95349884033203,446.0,345.0,518.0499877929688,0.885
330025,Arraial do Cabo,RJ,eligible_phase1_proxy,48.35053253173828,447.0,413.0,495.0,0.971
312410,Esmeraldas,MG,eligible_phase1_proxy,48.68244171142578,447.0,362.95001220703125,550.0,0.795
314000,Mariana,MG,eligible_phase1_proxy,48.43482208251953,448.0,382.0,523.0,0.875
110020,Porto Velho,RO,eligible_phase1_proxy,48.36589431762695,448.5,262.0,605.0,0.674
312300,Dores de Campos,MG,eligible_phase1_proxy,48.685546875,449.0,349.95001220703125,539.0,0.802
311340,Caratinga,MG,eligible_phase1_proxy,48.80119323730469,449.0,345.0,520.0499877929688,0.865
260600,Garanhuns,PE,eligible_phase1_proxy,48.353736877441406,450.0,398.95001220703125,499.0,0.952
355395,Tarumã,SP,eligible_phase1_proxy,48.475276947021484,450.0,367.95001220703125,508.04998779296875,0.924
260400,Carpina,PE,eligible_phase1_proxy,48.32001495361328,450.5,411.0,489.04998779296875,0.986
312980,Ibirité,MG,eligible_phase1_proxy,47.868595123291016,451.0,391.95001220703125,516.0,0.891
500660,Ponta Porã,MS,eligible_phase1_proxy,48.20812225341797,451.0,359.95001220703125,557.0,0.771
352730,Louveira,SP,eligible_phase1_proxy,48.902557373046875,453.0,328.95001220703125,572.0499877929688,0.741
312870,Guaxupé,MG,eligible_phase1_proxy,48.037906646728516,453.0,370.0,517.0,0.882
260790,Jaboatão dos Guararapes,PE,eligible_phase1_proxy,48.109825134277344,454.0,259.8500061035156,614.0,0.663
510025,Alta Floresta,MT,eligible_phase1_proxy,47.76184844970703,457.0,378.0,517.0,0.875
351030,Capela do Alto,SP,eligible_phase1_proxy,47.713584899902344,458.0,417.95001220703125,487.0,0.992
412795,Tupãssi,PR,eligible_phase1_proxy,47.68632507324219,461.0,338.0,547.0499877929688,0.749
351510,Embu-Guaçu,SP,eligible_phase1_proxy,46.98219299316406,462.0,398.95001220703125,518.0,0.869
351515,Engenheiro Coelho,SP,eligible_phase1_proxy,47.20287322998047,463.0,426.0,500.0,0.944
351370,Descalvado,SP,eligible_phase1_proxy,47.075340270996094,466.0,406.0,510.0,0.878
240130,Campo Grande,RN,eligible_phase1_proxy,46.67626953125,467.0,387.0,536.0,0.777
430980,Ibiaçá,RS,eligible_phase1_proxy,47.234046936035156,468.0,351.0,542.0,0.744
351110,Catanduva,SP,eligible_phase1_proxy,46.839691162109375,468.5,333.95001220703125,567.0,0.675
350710,Bom Jesus dos Perdões,SP,eligible_phase1_proxy,46.70697021484375,469.0,392.0,543.0,0.741
330470,Santo Antônio de Pádua,RJ,eligible_phase1_proxy,46.51264953613281,471.0,386.95001220703125,535.0,0.75
351200,Colina,SP,eligible_phase1_proxy,46.38780975341797,472.0,409.0,519.0499877929688,0.8
291955,Luís Eduardo Magalhães,BA,eligible_phase1_proxy,46.02970504760742,473.0,369.0,587.0,0.648
316990,Ubá,MG,eligible_phase1_proxy,46.16588592529297,473.0,404.95001220703125,540.0499877929688,0.749
352850,Mairiporã,SP,eligible_phase1_proxy,45.97681427001953,474.0,355.0,598.0,0.612
522050,Serranópolis,GO,eligible_phase1_proxy,46.17747116088867,476.0,377.0,547.0,0.68
150420,Marabá,PA,eligible_phase1_proxy,45.573970794677734,477.5,291.95001220703125,630.0,0.565
430940,Guaporé,RS,eligible_phase1_proxy,46.04924011230469,478.0,393.0,534.0499877929688,0.701
431060,Itaqui,RS,eligible_phase1_proxy,45.76457214355469,479.0,438.0,517.0,0.801
354680,Santa Isabel,SP,eligible_phase1_proxy,45.868934631347656,479.0,415.0,547.0499877929688,0.692
421930,Videira,SC,eligible_phase1_proxy,45.49644470214844,479.0,417.95001220703125,543.0,0.695
430850,Frederico Westphalen,RS,eligible_phase1_proxy,45.8426399230957,480.0,366.95001220703125,556.0,0.645
411760,Palmas,PR,eligible_phase1_proxy,45.442726135253906,481.0,427.0,527.0,0.727
352480,Jales,SP,eligible_phase1_proxy,45.7298698425293,482.0,352.0,569.0,0.604
311530,Cataguases,MG,eligible_phase1_proxy,45.660850524902344,484.0,355.0,570.0499877929688,0.606
110009,Espigão D'Oeste,RO,eligible_phase1_proxy,45.41790771484375,485.0,420.0,548.0499877929688,0.624
353200,Morungaba,SP,eligible_phase1_proxy,44.88684844970703,487.0,422.0,552.0,0.624
355350,Tapiraí,SP,eligible_phase1_proxy,45.32590103149414,487.0,400.0,547.0,0.616
150553,Parauapebas,PA,eligible_phase1_proxy,44.760292053222656,487.0,315.0,632.0,0.54
260640,Gravatá,PE,eligible_phase1_proxy,44.92369842529297,488.0,437.95001220703125,538.0499877929688,0.653
315390,Raposos,MG,eligible_phase1_proxy,44.723716735839844,489.0,452.0,523.0,0.679
314600,Ouro Fino,MG,eligible_phase1_proxy,45.02298355102539,490.0,419.95001220703125,555.0,0.572
352180,Itaí,SP,eligible_phase1_proxy,44.58409118652344,491.0,475.0,510.0,0.791
420665,Guatambú,SC,eligible_phase1_proxy,44.507049560546875,491.0,415.95001220703125,559.0,0.576
500020,Água Clara,MS,eligible_phase1_proxy,44.47709655761719,492.0,441.0,546.0,0.591
355190,Severínia,SP,eligible_phase1_proxy,44.830596923828125,492.0,369.0,567.0,0.533
510385,Gaúcha do Norte,MT,eligible_phase1_proxy,44.26780319213867,492.5,410.95001220703125,567.0999755859375,0.545
351518,Espírito Santo do Pinhal,SP,eligible_phase1_proxy,44.378868103027344,493.0,456.0,525.0,0.585
410200,Assis Chateaubriand,PR,eligible_phase1_proxy,44.59031295776367,494.0,401.95001220703125,557.0,0.543
411210,Jandaia do Sul,PR,eligible_phase1_proxy,44.29008483886719,499.0,399.95001220703125,563.0,0.505
330270,Maricá,RJ,eligible_phase1_proxy,43.47544860839844,500.0,454.0,557.0,0.494
353860,Piracaia,SP,eligible_phase1_proxy,43.79443359375,501.0,438.0,547.0,0.483
330420,Resende,RJ,eligible_phase1_proxy,43.24278259277344,502.0,460.0,558.0499877929688,0.464
431570,Rio Pardo,RS,eligible_phase1_proxy,43.810882568359375,502.0,419.95001220703125,556.0499877929688,0.472
261390,Serra Talhada,PE,eligible_phase1_proxy,43.49432373046875,502.0,436.0,571.0,0.48
110032,São Miguel do Guaporé,RO,eligible_phase1_proxy,43.35840606689453,505.0,454.95001220703125,560.0,0.429
353710,Pedreira,SP,eligible_phase1_proxy,42.94321060180664,507.0,464.0,550.0499877929688,0.412
315160,Planura,MG,eligible_phase1_proxy,43.220619201660156,508.0,420.0,570.0,0.437
353040,Mirassolândia,SP,eligible_phase1_proxy,42.947479248046875,508.5,406.95001220703125,588.0,0.436
261250,Santa Cruz do Capibaribe,PE,eligible_phase1_proxy,42.535118103027344,511.0,463.0,561.0,0.354
432220,Tupanciretã,RS,eligible_phase1_proxy,43.050025939941406,511.0,425.95001220703125,567.0,0.382
311000,Caeté,MG,eligible_phase1_proxy,42.70832061767578,511.0,479.0,539.0499877929688,0.26
510180,Barra do Garças,MT,eligible_phase1_proxy,42.384822845458984,511.0,480.0,548.0,0.277
430190,Barra do Ribeiro,RS,eligible_phase1_proxy,42.512916564941406,512.0,433.8999938964844,596.0,0.398
353110,Mongaguá,SP,eligible_phase1_proxy,43.056785583496094,512.0,396.8999938964844,612.0499877929688,0.458
150613,Redenção,PA,eligible_phase1_proxy,42.520057678222656,513.0,451.0,583.0499877929688,0.36
351310,Cravinhos,SP,eligible_phase1_proxy,42.68328857421875,513.0,480.0,548.0499877929688,0.259
314110,Matozinhos,MG,eligible_phase1_proxy,42.12494659423828,516.0,485.0,547.0,0.204
291005,Dias d'Ávila,BA,eligible_phase1_proxy,42.28049087524414,516.0,464.0,567.0,0.299
431420,Pedro Osório,RS,eligible_phase1_proxy,42.462799072265625,517.0,418.8999938964844,578.0499877929688,0.376
150815,Uruará,PA,eligible_phase1_proxy,42.02348327636719,517.0,451.95001220703125,585.0,0.362
352100,Iperó,SP,eligible_phase1_proxy,42.342674255371094,518.0,464.0,572.0499877929688,0.325
150080,Ananindeua,PA,eligible_phase1_proxy,41.58914566040039,519.5,381.0,638.0499877929688,0.393
350030,Aguaí,SP,eligible_phase1_proxy,41.915008544921875,520.0,474.0,561.0,0.237
420390,Capinzal,SC,eligible_phase1_proxy,41.65528869628906,520.0,467.0,584.0499877929688,0.285
130260,Manaus,AM,eligible_phase1_proxy,41.369964599609375,522.0,304.0,669.0499877929688,0.429
280060,Barra dos Coqueiros,SE,eligible_phase1_proxy,42.08037185668945,522.0,455.0,588.0499877929688,0.328
421500,Rio Negrinho,SC,eligible_phase1_proxy,41.302207946777344,524.0,504.0,545.0,0.009
521710,Piracanjuba,GO,eligible_phase1_proxy,41.73994827270508,525.0,428.0,585.0,0.303
312230,Divinópolis,MG,eligible_phase1_proxy,41.20098876953125,526.0,432.95001220703125,612.0,0.325
432110,Tapes,RS,eligible_phase1_proxy,41.34222412109375,528.0,460.0,575.0,0.228
351360,Cunha,SP,eligible_phase1_proxy,41.09028625488281,528.0,481.8999938964844,562.0,0.162
510630,Paranatinga,MT,eligible_phase1_proxy,40.91143035888672,530.5,490.95001220703125,573.0,0.141
292990,Seabra,BA,eligible_phase1_proxy,40.53285598754883,532.0,479.0,591.0,0.208
220770,Parnaíba,PI,eligible_phase1_proxy,40.229888916015625,533.0,425.0,629.0999755859375,0.3
510792,Sorriso,MT,eligible_phase1_proxy,40.452186584472656,533.0,409.0,640.0,0.335
351905,Holambra,SP,eligible_phase1_proxy,40.05854797363281,537.0,507.0,568.0,0.019
412545,São José das Palmeiras,PR,eligible_phase1_proxy,40.109474182128906,540.0,435.8500061035156,606.0,0.239
431950,São Sebastião do Caí,RS,eligible_phase1_proxy,39.34523010253906,542.0,504.0,579.0,0.033
352250,Itapevi,SP,eligible_phase1_proxy,38.96619415283203,544.0,345.8500061035156,677.0,0.35
411275,Jesuítas,PR,eligible_phase1_proxy,39.437477111816406,544.0,443.95001220703125,611.0,0.192
355495,Tuiuti,SP,eligible_phase1_proxy,39.21833038330078,546.0,456.0,640.0,0.203
410310,Bocaiúva do Sul,PR,eligible_phase1_proxy,39.12129211425781,547.0,468.95001220703125,635.1500244140625,0.178
354025,Pontalinda,SP,eligible_phase1_proxy,39.294525146484375,547.0,447.0,624.0,0.181
353370,Ocauçu,SP,eligible_phase1_proxy,39.21101379394531,548.0,463.95001220703125,616.0,0.159
330555,Seropédica,RJ,eligible_phase1_proxy,38.806583404541016,548.0,475.0,622.0,0.134
521550,Ouvidor,GO,eligible_phase1_proxy,39.19060516357422,549.0,464.95001220703125,613.0,0.139
510455,Itaúba,MT,eligible_phase1_proxy,38.62882614135742,549.0,465.8999938964844,626.0,0.16
292530,Porto Seguro,BA,eligible_phase1_proxy,38.744422912597656,550.0,441.95001220703125,643.0499877929688,0.214
291840,Juazeiro,BA,eligible_phase1_proxy,38.63111877441406,550.0,439.95001220703125,643.0499877929688,0.212
355540,Ubatuba,SP,eligible_phase1_proxy,38.07007598876953,553.0,507.0,608.0499877929688,0.028
421985,Zortéa,SC,eligible_phase1_proxy,38.528770446777344,553.5,450.95001220703125,639.0499877929688,0.168
110013,Machadinho D'Oeste,RO,eligible_phase1_proxy,38.04113006591797,554.0,523.0,597.0,0.001
500240,Caarapó,MS,eligible_phase1_proxy,37.53639221191406,557.0,521.0,593.0,0.008
330380,Paraty,RJ,eligible_phase1_proxy,37.98017120361328,557.0,506.0,615.0499877929688,0.029
330150,Cordeiro,RJ,eligible_phase1_proxy,37.87088394165039,559.0,461.0,632.0499877929688,0.137
280290,Itabaiana,SE,eligible_phase1_proxy,37.824249267578125,560.5,515.9500122070312,606.0499877929688,0.018
510263,Campo Novo do Parecis,MT,eligible_phase1_proxy,37.56595993041992,561.0,513.0,617.0499877929688,0.015
312125,Delta,MG,eligible_phase1_proxy,37.70998764038086,561.5,495.0,614.0,0.06
431400,Paraí,RS,eligible_phase1_proxy,37.404396057128906,565.0,455.0,645.0499877929688,0.138
260392,Carnaubeira da Penha,PE,eligible_phase1_proxy,37.04328155517578,567.0,472.0,663.0,0.136
230370,Caucaia,CE,eligible_phase1_proxy,36.576019287109375,567.0,393.0,687.0,0.243
315200,Pompéu,MG,eligible_phase1_proxy,36.588905334472656,567.5,521.0,612.0,0.009
211120,São José de Ribamar,MA,eligible_phase1_proxy,36.48344421386719,568.0,395.0,688.0499877929688,0.239
352800,Macatuba,SP,eligible_phase1_proxy,36.77989196777344,568.0,496.95001220703125,628.0,0.054
350275,Araçariguama,SP,eligible_phase1_proxy,36.60840606689453,569.0,550.0,587.0,0.0
500770,Sete Quedas,MS,eligible_phase1_proxy,36.91657257080078,569.0,524.0,608.0,0.016
510060,Alto Taquari,MT,eligible_phase1_proxy,36.69163513183594,570.0,527.0,615.0,0.01
311280,Capitólio,MG,eligible_phase1_proxy,36.751522064208984,570.0,498.95001220703125,626.0,0.051
412033,Prado Ferreira,PR,eligible_phase1_proxy,36.9638671875,571.0,472.95001220703125,643.0499877929688,0.102
432170,TRES COROAS,RS,eligible_phase1_proxy,36.167564392089844,571.0,530.9500122070312,611.0,0.003
431000,Ibirubá,RS,eligible_phase1_proxy,36.2652587890625,571.0,544.0,601.0,0.0
150618,Rondon do Pará,PA,eligible_phase1_proxy,36.653133392333984,572.0,472.0,652.0,0.146
353790,Pilar do Sul,SP,eligible_phase1_proxy,36.388431549072266,572.0,480.95001220703125,644.0,0.084
312610,Formiga,MG,eligible_phase1_proxy,35.980064392089844,572.5,491.0,649.0,0.066
351570,Ferraz de Vasconcelos,SP,eligible_phase1_proxy,35.82901382446289,574.5,458.0,669.0,0.136
350860,Cachoeira Paulista,SP,eligible_phase1_proxy,35.88731384277344,575.0,543.0,614.0,0.0
521486,Nova Glória,GO,eligible_phase1_proxy,36.18115234375,576.0,514.0,644.0,0.028
314190,Minduri,MG,eligible_phase1_proxy,36.387210845947266,577.0,474.95001220703125,648.0,0.093
420070,Alfredo Wagner,SC,eligible_phase1_proxy,35.891090393066406,577.5,483.95001220703125,642.0499877929688,0.076
210750,Paço do Lumiar,MA,eligible_phase1_proxy,35.465675354003906,580.5,408.0,693.0,0.213
130070,Boca do Acre,AM,eligible_phase1_proxy,35.24988555908203,582.0,513.9500122070312,646.0,0.016
351490,Elias Fausto,SP,eligible_phase1_proxy,35.44097900390625,582.0,522.0,637.0,0.009
260720,Ipojuca,PE,eligible_phase1_proxy,35.32239532470703,582.0,499.0,658.0499877929688,0.052
291970,Macarani,BA,eligible_phase1_proxy,34.972801208496094,582.0,547.0,627.0,0.0
316553,Sarzedo,MG,eligible_phase1_proxy,35.13779067993164,582.5,561.0,605.0,0.0
290570,Camaçari,BA,eligible_phase1_proxy,35.091915130615234,584.0,420.95001220703125,694.0499877929688,0.185
411007,Imbaú,PR,eligible_phase1_proxy,34.99494171142578,587.0,555.9500122070312,616.0499877929688,0.0
350820,Buritizal,SP,eligible_phase1_proxy,35.08838653564453,588.0,486.0,677.0,0.066
352980,Mineiros do Tietê,SP,eligible_phase1_proxy,34.880897521972656,589.0,544.0,629.0499877929688,0.0
430390,Campo Bom,RS,eligible_phase1_proxy,34.54182434082031,590.0,531.0,649.0,0.004
431390,Panambi,RS,eligible_phase1_proxy,34.44413757324219,591.0,503.95001220703125,666.0,0.043
261300,São Bento do Una,PE,eligible_phase1_proxy,34.288909912109375,592.0,564.0,614.0,0.0
150630,Salvaterra,PA,eligible_phase1_proxy,34.22175598144531,592.0,532.0,647.0999755859375,0.004
420850,Ituporanga,SC,eligible_phase1_proxy,34.43559265136719,593.0,510.0,661.0,0.032
291400,Ipirá,BA,eligible_phase1_proxy,34.30137634277344,593.0,557.0,626.0,0.0
411360,Lobato,PR,eligible_phase1_proxy,33.93670654296875,594.5,518.9500122070312,661.0499877929688,0.021
316290,São João Nepomuceno,MG,eligible_phase1_proxy,34.13805389404297,595.0,474.95001220703125,679.0,0.09
410490,Castro,PR,eligible_phase1_proxy,33.74488830566406,595.0,561.0,635.0,0.0
354410,Rio Grande da Serra,SP,eligible_phase1_proxy,33.563026428222656,596.0,549.0,646.0499877929688,0.001
292205,Mulungu do Morro,BA,eligible_phase1_proxy,33.904876708984375,596.0,501.95001220703125,666.0499877929688,0.048
520880,Goianira,GO,eligible_phase1_proxy,33.7828369140625,597.0,537.0,658.0,0.002
500220,Bonito,MS,eligible_phase1_proxy,33.902374267578125,598.0,514.9500122070312,659.0,0.017
500570,Naviraí,MS,eligible_phase1_proxy,33.81514358520508,599.0,550.9500122070312,646.0,0.0
120040,Rio Branco,AC,eligible_phase1_proxy,33.4476203918457,600.5,442.95001220703125,701.0999755859375,0.127
520860,Goianésia,GO,eligible_phase1_proxy,33.46247482299805,601.0,515.9500122070312,675.0,0.028
230730,Juazeiro do Norte,CE,eligible_phase1_proxy,33.08892822265625,604.0,533.0,659.0,0.008
510325,Colniza,MT,eligible_phase1_proxy,32.88328552246094,606.0,583.0,631.0499877929688,0.0
431810,São Francisco de Assis,RS,eligible_phase1_proxy,33.431549072265625,606.0,526.0,663.0,0.024
431840,São Jerônimo,RS,eligible_phase1_proxy,33.12232208251953,607.0,527.0,668.0,0.016
350800,Buri,SP,eligible_phase1_proxy,32.81297302246094,608.0,570.0,646.0,0.0
351460,Dumont,SP,eligible_phase1_proxy,33.0792236328125,608.0,473.95001220703125,717.0,0.101
521308,Minaçu,GO,eligible_phase1_proxy,32.77906036376953,608.0,521.0,672.0,0.019
260680,Igarassu,PE,eligible_phase1_proxy,32.49712371826172,609.0,560.9500122070312,646.0,0.0
311550,Caxambu,MG,eligible_phase1_proxy,32.656803131103516,611.0,548.0,665.0,0.003
353760,Peruíbe,SP,eligible_phase1_proxy,32.15660858154297,612.0,547.0,673.0,0.005
510625,Nova Xavantina,MT,eligible_phase1_proxy,32.21173858642578,613.0,599.0,628.0499877929688,0.0
313160,Iraí de Minas,MG,eligible_phase1_proxy,32.58069610595703,613.0,529.0,684.0,0.017
500790,Sidrolândia,MS,eligible_phase1_proxy,32.33300018310547,613.0,566.0,655.0,0.0
352500,Jandira,SP,eligible_phase1_proxy,32.06534957885742,614.0,471.95001220703125,705.0499877929688,0.085
500450,Itaporã,MS,eligible_phase1_proxy,32.183998107910156,615.0,577.0,646.0499877929688,0.0
411320,Lapa,PR,eligible_phase1_proxy,31.898235321044922,616.0,596.0,630.0,0.0
510850,Vera,MT,eligible_phase1_proxy,31.91343879699707,619.0,549.0,673.0,0.009
431308,Nova Pádua,RS,eligible_phase1_proxy,31.663312911987305,620.0,525.9500122070312,681.0499877929688,0.022
293360,Xique-Xique,BA,eligible_phase1_proxy,31.293792724609375,622.0,588.0,650.0,0.0
355090,São Simão,SP,eligible_phase1_proxy,31.631587982177734,622.0,557.0,671.0499877929688,0.0
317052,Urucuia,MG,eligible_phase1_proxy,30.960838317871094,624.5,586.9500122070312,653.0,0.0
510787,Sapezal,MT,eligible_phase1_proxy,31.545610427856445,625.0,548.0,676.0,0.001
311660,Cláudio,MG,eligible_phase1_proxy,31.158878326416016,625.0,561.9500122070312,678.0,0.0
150360,Itaituba,PA,eligible_phase1_proxy,30.832443237304688,627.0,478.95001220703125,716.0,0.068
351080,Casa Branca,SP,eligible_phase1_proxy,31.006999969482422,627.5,557.0,683.0,0.001
150530,Oriximiná,PA,eligible_phase1_proxy,30.730104446411133,629.0,529.9000244140625,695.0,0.011
354690,Santa Lúcia,SP,eligible_phase1_proxy,30.550750732421875,629.0,574.9500122070312,672.0,0.0
260290,Cabo de Santo Agostinho,PE,eligible_phase1_proxy,30.441320419311523,630.0,497.0,716.0,0.055
150480,Monte Alegre,PA,eligible_phase1_proxy,30.392637252807617,631.0,531.9500122070312,693.0499877929688,0.011
510710,São José dos Quatro Marcos,MT,eligible_phase1_proxy,30.314258575439453,634.0,539.0,693.0499877929688,0.011
150680,Santarém,PA,eligible_phase1_proxy,29.88079833984375,634.0,500.95001220703125,719.0,0.049
150808,Tucumã,PA,eligible_phase1_proxy,29.877702713012695,635.0,610.9500122070312,652.0,0.0
353250,Neves Paulista,SP,eligible_phase1_proxy,29.965007781982422,637.0,568.9500122070312,686.0,0.0
351630,Francisco Morato,SP,eligible_phase1_proxy,30.133590698242188,638.0,491.95001220703125,717.0499877929688,0.063
210480,Grajaú,MA,eligible_phase1_proxy,29.760234832763672,639.0,548.9500122070312,698.0,0.004
430905,Glorinha,RS,eligible_phase1_proxy,29.469257354736328,639.0,594.0,673.0,0.0
353240,Nazaré Paulista,SP,eligible_phase1_proxy,29.51555633544922,640.0,571.9500122070312,689.0,0.0
110094,Cujubim,RO,eligible_phase1_proxy,28.810611724853516,640.0,602.0,674.0,0.0
290720,Casa Nova,BA,eligible_phase1_proxy,29.51632308959961,641.0,555.9500122070312,698.0,0.001
520549,Cidade Ocidental,GO,eligible_phase1_proxy,29.071544647216797,642.0,580.0,698.0499877929688,0.0
510100,Araguaiana,MT,eligible_phase1_proxy,28.87942123413086,646.0,574.0,691.0,0.003
430175,Barão do Triunfo,RS,eligible_phase1_proxy,28.00409507751465,649.0,581.0,700.0,0.002
313900,Machado,MG,eligible_phase1_proxy,28.22582244873047,649.5,573.0,706.0,0.001
355680,Viradouro,SP,eligible_phase1_proxy,28.08482551574707,652.5,573.9500122070312,707.0,0.001
431460,Piratini,RS,eligible_phase1_proxy,28.020112991333008,653.0,581.0,699.0,0.0
354500,Salesópolis,SP,eligible_phase1_proxy,27.575611114501953,653.0,624.0,678.0,0.0
293010,Senhor do Bonfim,BA,eligible_phase1_proxy,27.53451156616211,653.0,620.0,684.0,0.0
411670,Nova Aurora,PR,eligible_phase1_proxy,27.86257553100586,654.0,609.0,689.0,0.0
160060,Santana,AP,eligible_phase1_proxy,27.753158569335938,654.0,546.9500122070312,723.0,0.008
150810,Tucuruí,PA,eligible_phase1_proxy,27.640316009521484,655.0,576.9500122070312,711.0,0.001
510525,Lucas do Rio Verde,MT,eligible_phase1_proxy,27.82557487487793,655.0,588.9500122070312,701.0,0.0
510260,Campinápolis,MT,eligible_phase1_proxy,27.40069580078125,655.0,577.0,716.0,0.0
500295,Chapadão do Sul,MS,eligible_phase1_proxy,27.048812866210938,658.0,611.8499755859375,698.0,0.0
353910,Pirapora do Bom Jesus,SP,eligible_phase1_proxy,26.976783752441406,658.0,635.0,680.0,0.0
230625,Itaitinga,CE,eligible_phase1_proxy,27.55048179626465,658.0,609.9500122070312,689.0499877929688,0.0
510270,Canarana,MT,eligible_phase1_proxy,26.9313907623291,659.0,607.0,703.0499877929688,0.0
410060,Alto Paraná,PR,eligible_phase1_proxy,27.2677001953125,659.0,583.0,709.0,0.0
352760,Luís Antônio,SP,eligible_phase1_proxy,26.834747314453125,659.5,545.0,736.0,0.009
431650,Salvador do Sul,RS,eligible_phase1_proxy,26.888774871826172,661.5,583.0,709.0,0.0
150280,Curralinho,PA,eligible_phase1_proxy,26.28296661376953,662.5,587.0,721.0499877929688,0.0
130406,Tabatinga,AM,eligible_phase1_proxy,26.295555114746094,665.0,578.0,720.0,0.0
354360,Rifaina,SP,eligible_phase1_proxy,26.153093338012695,665.5,554.9500122070312,736.0499877929688,0.009
313460,Jaboticatubas,MG,eligible_phase1_proxy,26.190937042236328,666.0,608.9500122070312,707.0,0.0
510510,Juara,MT,eligible_phase1_proxy,26.537193298339844,666.0,601.0,705.0,0.0
500540,Maracaju,MS,eligible_phase1_proxy,26.63776397705078,666.0,585.0,718.0,0.0
150790,SOURE,PA,eligible_phase1_proxy,25.96947479248047,667.0,602.0,710.0,0.0
293077,Sobradinho,BA,eligible_phase1_proxy,26.15549659729004,668.0,624.0,695.0,0.0
520320,Barro Alto,GO,eligible_phase1_proxy,25.847759246826172,670.5,622.0,701.0,0.0
150293,Dom Eliseu,PA,eligible_phase1_proxy,25.763957977294922,673.5,561.9500122070312,736.0,0.006
520630,Cristianópolis,GO,eligible_phase1_proxy,25.45471954345703,674.0,599.0,716.0,0.001
260260,Brejo da Madre de Deus,PE,eligible_phase1_proxy,25.01052474975586,675.0,641.9500122070312,703.0,0.0
290460,Brumado,BA,eligible_phase1_proxy,24.687402725219727,675.5,646.0,704.0,0.0
522000,São João d'Aliança,GO,eligible_phase1_proxy,24.64311981201172,676.0,652.0,700.0,0.0
431330,Nova Prata,RS,eligible_phase1_proxy,24.792940139770508,677.0,588.9500122070312,723.0,0.001
354450,Rubinéia,SP,eligible_phase1_proxy,24.49024200439453,679.0,612.9500122070312,721.0,0.0
353610,Pardinho,SP,eligible_phase1_proxy,24.590381622314453,680.0,634.0,707.0,0.0
510335,Confresa,MT,eligible_phase1_proxy,24.673845291137695,680.0,627.9500122070312,714.0,0.0
500630,Paranaíba,MS,eligible_phase1_proxy,24.539934158325195,681.0,593.0,724.0,0.0
150010,Abaetetuba,PA,eligible_phase1_proxy,24.399009704589844,681.0,586.0,736.0499877929688,0.001
500635,Paranhos,MS,eligible_phase1_proxy,23.986000061035156,682.0,630.0,722.0,0.0
420440,Coronel Freitas,SC,eligible_phase1_proxy,24.40408706665039,683.0,599.9500122070312,723.0,0.0
430005,Água Santa,RS,eligible_phase1_proxy,24.08145523071289,684.0,622.0,721.0,0.0
510706,Querência,MT,eligible_phase1_proxy,24.175275802612305,685.0,640.0,714.0,0.0
410620,Contenda,PR,eligible_phase1_proxy,23.44664764404297,686.0,630.0,729.0499877929688,0.0
500320,Corumbá,MS,eligible_phase1_proxy,23.56717872619629,687.0,628.9500122070312,729.0499877929688,0.0
411700,Nova Fátima,PR,eligible_phase1_proxy,23.449493408203125,688.0,622.0,719.0,0.0
320530,Vitória,ES,eligible_phase1_proxy,23.3978271484375,689.0,610.0,733.0,0.0
130068,Boa Vista do Ramos,AM,eligible_phase1_proxy,22.716670989990234,692.0,612.0,739.0,0.0
520547,Chapadão do Céu,GO,eligible_phase1_proxy,22.8077392578125,692.5,648.0,715.0,0.0
150130,Barcarena,PA,eligible_phase1_proxy,22.875539779663086,693.0,618.0,739.0,0.0
354050,PORANGABA,SP,eligible_phase1_proxy,22.845029830932617,693.0,658.0,712.0499877929688,0.0
150172,Brasil Novo,PA,eligible_phase1_proxy,22.712793350219727,694.0,657.9500122070312,720.0,0.0
292930,São Gonçalo dos Campos,BA,eligible_phase1_proxy,22.533187866210938,696.5,643.0,731.0499877929688,0.0
150780,Senador José Porfírio,PA,eligible_phase1_proxy,22.0053653717041,698.0,647.0,732.0499877929688,0.0
260230,Bonito,PE,eligible_phase1_proxy,21.88178253173828,698.0,677.0,715.0,0.0
355120,Sarutaiá,SP,eligible_phase1_proxy,22.109798431396484,699.0,641.0,726.0,0.0
431700,Santana da Boa Vista,RS,eligible_phase1_proxy,22.127605438232422,701.0,627.0,725.0,0.0
315430,Resplendor,MG,eligible_phase1_proxy,21.836929321289062,701.0,631.9500122070312,729.0,0.0
500795,Tacuru,MS,eligible_phase1_proxy,21.391155242919922,701.0,672.0,728.0499877929688,0.0
150250,Chaves,PA,eligible_phase1_proxy,21.257713317871094,703.0,639.0,744.0,0.0
150120,Baião,PA,eligible_phase1_proxy,21.167247772216797,704.0,668.0,733.0,0.0
150445,Medicilândia,PA,eligible_phase1_proxy,20.68390655517578,708.0,674.0,732.0,0.0
150820,Vigia,PA,eligible_phase1_proxy,20.898181915283203,708.0,635.9500122070312,744.0499877929688,0.0
354810,Santo Antônio do Jardim,SP,eligible_phase1_proxy,20.707469940185547,709.0,647.9000244140625,732.0,0.0
510190,Brasnorte,MT,eligible_phase1_proxy,20.668380737304688,709.0,654.9500122070312,731.0,0.0
170825,Tabocão,TO,eligible_phase1_proxy,20.557682037353516,710.0,654.9500122070312,733.0,0.0
410850,General Carneiro,PR,eligible_phase1_proxy,20.54854965209961,710.0,666.0,724.0,0.0
260700,Inajá,PE,eligible_phase1_proxy,20.40020751953125,711.0,668.0,737.0,0.0
150650,Santa Izabel do Pará,PA,eligible_phase1_proxy,20.478622436523438,711.5,645.0,746.0,0.0
352470,Jaguariúna,SP,eligible_phase1_proxy,20.261451721191406,712.0,654.0,736.0,0.0
210360,Coroatá,MA,eligible_phase1_proxy,20.227638244628906,712.0,682.0,731.0,0.0
351790,Guaraci,SP,eligible_phase1_proxy,20.48769760131836,712.0,621.9500122070312,742.0,0.0
500515,Juti,MS,eligible_phase1_proxy,20.01388931274414,715.0,642.0,737.0,0.0
150180,Breves,PA,eligible_phase1_proxy,19.438926696777344,716.0,630.8499755859375,750.0499877929688,0.0
355490,Três Fronteiras,SP,eligible_phase1_proxy,20.020404815673828,716.0,636.0,740.0,0.0
211240,Turiaçu,MA,eligible_phase1_proxy,19.567604064941406,717.5,654.0,746.0,0.0
432143,Terra de Areia,RS,eligible_phase1_proxy,19.563236236572266,719.0,645.0,741.0,0.0
500330,Coxim,MS,eligible_phase1_proxy,19.191478729248047,720.0,698.9500122070312,736.0,0.0
150470,Moju,PA,eligible_phase1_proxy,19.00237274169922,722.0,624.9500122070312,752.0,0.0
315480,Rio Acima,MG,eligible_phase1_proxy,18.528003692626953,723.0,690.9500122070312,734.0,0.0
312440,Espírito Santo do Dourado,MG,eligible_phase1_proxy,18.717601776123047,723.0,670.0,736.0,0.0
330460,Santa Maria Madalena,RJ,eligible_phase1_proxy,18.0985164642334,726.0,671.9500122070312,743.0,0.0
522180,Urutaí,GO,eligible_phase1_proxy,17.581180572509766,726.0,660.0,751.0,0.0
352200,Itaju,SP,eligible_phase1_proxy,17.52029037475586,726.0,668.0,747.0,0.0
150230,Capitão Poço,PA,eligible_phase1_proxy,17.52109146118164,728.0,704.9500122070312,740.0,0.0
411745,Ouro Verde do Oeste,PR,eligible_phase1_proxy,17.607187271118164,728.0,662.0,745.0,0.0
260915,Manari,PE,eligible_phase1_proxy,17.696186065673828,728.0,693.0,747.0,0.0
292440,Pilão Arcado,BA,eligible_phase1_proxy,17.12592887878418,729.0,708.0,743.0,0.0
150800,Tomé-Açu,PA,eligible_phase1_proxy,17.655162811279297,731.0,674.0,750.0,0.0
351190,Clementina,SP,eligible_phase1_proxy,17.209426879882812,732.0,671.0,744.0,0.0
352540,Jeriquara,SP,eligible_phase1_proxy,16.54082679748535,732.5,674.0,754.0,0.0
130380,São Gabriel da Cachoeira,AM,eligible_phase1_proxy,17.106670379638672,733.0,644.0,755.0,0.0
353230,Natividade da Serra,SP,eligible_phase1_proxy,16.337099075317383,733.0,702.9500122070312,745.0,0.0
351720,Guaiçara,SP,eligible_phase1_proxy,17.2642879486084,733.0,681.0,741.0,0.0
520551,Cocalzinho de Goiás,GO,eligible_phase1_proxy,16.309803009033203,735.0,684.0,746.0,0.0
500710,Ribas do Rio Pardo,MS,eligible_phase1_proxy,15.085996627807617,738.0,726.0,746.0,0.0
130250,Manacapuru,AM,eligible_phase1_proxy,15.744139671325684,739.0,696.0,752.0,0.0
350350,Areias,SP,eligible_phase1_proxy,14.904966354370117,740.0,701.0,749.0,0.0
150020,Acará,PA,eligible_phase1_proxy,14.374456405639648,743.0,688.9500122070312,757.0,0.0
314020,Maripá de Minas,MG,eligible_phase1_proxy,13.598060607910156,745.0,705.9500122070312,753.0,0.0
521730,Pirenópolis,GO,eligible_phase1_proxy,13.36607551574707,745.0,703.0,750.0,0.0
351150,Cerquilho,SP,eligible_phase1_proxy,12.973552703857422,746.0,698.0,752.0,0.0
430520,Cerro Largo,RS,eligible_phase1_proxy,13.46597671508789,746.0,681.0,752.0,0.0
290400,Boninal,BA,eligible_phase1_proxy,11.94134521484375,748.0,738.0,754.0,0.0
330285,Mesquita,RJ,eligible_phase1_proxy,11.373942375183105,749.0,731.9500122070312,754.0,0.0
130190,Itacoatiara,AM,eligible_phase1_proxy,11.943164825439453,749.0,726.0,757.0,0.0
421710,São Martinho,SC,eligible_phase1_proxy,11.233176231384277,751.0,720.0,755.0,0.0
352550,Joanópolis,SP,eligible_phase1_proxy,11.401225090026855,751.0,714.0,754.0,0.0
410345,Cafelândia,PR,eligible_phase1_proxy,10.39364242553711,753.0,729.0,756.0,0.0
120060,Tarauacá,AC,eligible_phase1_proxy,10.20102310180664,754.0,737.9500122070312,758.0,0.0
510370,Feliz Natal,MT,eligible_phase1_proxy,8.388582229614258,756.0,748.0,758.0,0.0
352110,Ipeúna,SP,eligible_phase1_proxy,6.807124614715576,757.0,751.0,759.0,0.0
412030,Porto Vitória,PR,eligible_phase1_proxy,6.501986503601074,758.0,752.9500122070312,759.0,0.0
120080,Porto Acre,AC,eligible_phase1_proxy,6.2292985916137695,758.0,756.0,759.0,0.0
431033,Imbé,RS,eligible_phase1_proxy,0.0,2874.0,2874.0,2874.0,0.0
522068,Simolândia,GO,eligible_phase1_proxy,0.0,2874.0,2874.0,2874.0,0.0
522060,Silvânia,GO,eligible_phase1_proxy,0.0,2874.0,2874.0,2874.0,0.0
522205,Vicentinópolis,GO,eligible_phase1_proxy,0.0,2874.0,2874.0,2874.0,0.0
522200,Vianópolis,GO,eligible_phase1_proxy,0.0,2874.0,2874.0,2874.0,0.0
522190,Varjão,GO,eligible_phase1_proxy,0.0,2874.0,2874.0,2874.0,0.0
110003,Cabixi,RO,eligible_phase1_proxy,0.0,2874.0,2874.0,2874.0,0.0
522170,Uruana,GO,eligible_phase1_proxy,0.0,2874.0,2874.0,2874.0,0.0
522028,São Patrício,GO,eligible_phase1_proxy,0.0,2874.0,2874.0,2874.0,0.0
522026,São Miguel do Passa Quatro,GO,eligible_phase1_proxy,0.0,2874.0,2874.0,2874.0,0.0
522020,São Miguel do Araguaia,GO,eligible_phase1_proxy,0.0,2874.0,2874.0,2874.0,0.0
522015,São Luiz do Norte,GO,eligible_phase1_proxy,0.0,2874.0,2874.0,2874.0,0.0
522010,São Luís de Montes Belos,GO,eligible_phase1_proxy,0.0,2874.0,2874.0,2874.0,0.0
522005,São João da Paraúna,GO,eligible_phase1_proxy,0.0,2874.0,2874.0,2874.0,0.0
110007,Corumbiara,RO,eligible_phase1_proxy,0.0,2874.0,2874.0,2874.0,0.0
521870,Rianápolis,GO,eligible_phase1_proxy,0.0,2874.0,2874.0,2874.0,0.0
220665,Morro Cabeça no Tempo,PI,eligible_phase1_proxy,0.0,2874.0,2874.0,2874.0,0.0
220660,Monte Alegre do Piauí,PI,eligible_phase1_proxy,0.0,2874.0,2874.0,2874.0,0.0
220650,Monsenhor Hipólito,PI,eligible_phase1_proxy,0.0,2874.0,2874.0,2874.0,0.0
220640,Monsenhor Gil,PI,eligible_phase1_proxy,0.0,2874.0,2874.0,2874.0,0.0
220620,Miguel Alves,PI,eligible_phase1_proxy,0.0,2874.0,2874.0,2874.0,0.0
220610,Matias Olímpio,PI,eligible_phase1_proxy,0.0,2874.0,2874.0,2874.0,0.0
220600,Marcos Parente,PI,eligible_phase1_proxy,0.0,2874.0,2874.0,2874.0,0.0
220595,Marcolândia,PI,eligible_phase1_proxy,0.0,2874.0,2874.0,2874.0,0.0
220590,Manoel Emídio,PI,eligible_phase1_proxy,0.0,2874.0,2874.0,2874.0,0.0
220585,Madeiro,PI,eligible_phase1_proxy,0.0,2874.0,2874.0,2874.0,0.0
220580,Luzilândia,PI,eligible_phase1_proxy,0.0,2874.0,2874.0,2874.0,0.0
220570,Luís Correia,PI,eligible_phase1_proxy,0.0,2874.0,2874.0,2874.0,0.0
220560,Landri Sales,PI,eligible_phase1_proxy,0.0,2874.0,2874.0,2874.0,0.0
220558,Lagoa do Piauí,PI,eligible_phase1_proxy,0.0,2874.0,2874.0,2874.0,0.0
220556,Lagoa do Barro do Piauí,PI,eligible_phase1_proxy,0.0,2874.0,2874.0,2874.0,0.0
220555,Lagoa Alegre,PI,eligible_phase1_proxy,0.0,2874.0,2874.0,2874.0,0.0
220775,Passagem Franca do Piauí,PI,eligible_phase1_proxy,0.0,2874.0,2874.0,2874.0,0.0
220760,Parnaguá,PI,eligible_phase1_proxy,0.0,2874.0,2874.0,2874.0,0.0
220750,Palmeirais,PI,eligible_phase1_proxy,0.0,2874.0,2874.0,2874.0,0.0
220740,Palmeira do Piauí,PI,eligible_phase1_proxy,0.0,2874.0,2874.0,2874.0,0.0
220735,Pajeú do Piauí,PI,eligible_phase1_proxy,0.0,2874.0,2874.0,2874.0,0.0
220730,Paes Landim,PI,eligible_phase1_proxy,0.0,2874.0,2874.0,2874.0,0.0
220720,Padre Marcos,PI,eligible_phase1_proxy,0.0,2874.0,2874.0,2874.0,0.0
220710,Olho D'Água do Piauí,PI,eligible_phase1_proxy,0.0,2874.0,2874.0,2874.0,0.0
220700,Oeiras,PI,eligible_phase1_proxy,0.0,2874.0,2874.0,2874.0,0.0
220695,Novo Santo Antônio,PI,eligible_phase1_proxy,0.0,2874.0,2874.0,2874.0,0.0
220690,Novo Oriente do Piauí,PI,eligible_phase1_proxy,0.0,2874.0,2874.0,2874.0,0.0
220680,Nossa Senhora dos Remédios,PI,eligible_phase1_proxy,0.0,2874.0,2874.0,2874.0,0.0
220675,Nossa Senhora de Nazaré,PI,eligible_phase1_proxy,0.0,2874.0,2874.0,2874.0,0.0
220672,Nazária,PI,eligible_phase1_proxy,0.0,2874.0,2874.0,2874.0,0.0
220670,Nazaré do Piauí,PI,eligible_phase1_proxy,0.0,2874.0,2874.0,2874.0,0.0
220667,Morro do Chapéu do Piauí,PI,eligible_phase1_proxy,0.0,2874.0,2874.0,2874.0,0.0
220890,RIBEIRO GONCALVES,PI,eligible_phase1_proxy,0.0,2874.0,2874.0,2874.0,0.0
220880,Regeneração,PI,eligible_phase1_proxy,0.0,2874.0,2874.0,2874.0,0.0
220865,Queimada Nova,PI,eligible_phase1_proxy,0.0,2874.0,2874.0,2874.0,0.0
220860,Prata do Piauí,PI,eligible_phase1_proxy,0.0,2874.0,2874.0,2874.0,0.0
220855,Porto Alegre do Piauí,PI,eligible_phase1_proxy,0.0,2874.0,2874.0,2874.0,0.0
220850,Porto,PI,eligible_phase1_proxy,0.0,2874.0,2874.0,2874.0,0.0
220840,Piripiri,PI,eligible_phase1_proxy,0.0,2874.0,2874.0,2874.0,0.0
220830,Piracuruca,PI,eligible_phase1_proxy,0.0,2874.0,2874.0,2874.0,0.0
220820,Pio IX,PI,eligible_phase1_proxy,0.0,2874.0,2874.0,2874.0,0.0
220810,Pimenteiras,PI,eligible_phase1_proxy,0.0,2874.0,2874.0,2874.0,0.0
220800,Picos,PI,eligible_phase1_proxy,0.0,2874.0,2874.0,2874.0,0.0
220795,Nova Santa Rita,PI,eligible_phase1_proxy,0.0,2874.0,2874.0,2874.0,0.0
220790,Pedro II,PI,eligible_phase1_proxy,0.0,2874.0,2874.0,2874.0,0.0
220785,Pavussu,PI,eligible_phase1_proxy,0.0,2874.0,2874.0,2874.0,0.0
220780,Paulistana,PI,eligible_phase1_proxy,0.0,2874.0,2874.0,2874.0,0.0
220777,Patos do Piauí,PI,eligible_phase1_proxy,0.0,2874.0,2874.0,2874.0,0.0
221040,São Miguel do Tapuio,PI,eligible_phase1_proxy,0.0,2874.0,2874.0,2874.0,0.0
221035,São Lourenço do Piauí,PI,eligible_phase1_proxy,0.0,2874.0,2874.0,2874.0,0.0
221030,São Julião,PI,eligible_phase1_proxy,0.0,2874.0,2874.0,2874.0,0.0
221000,São João do Piauí,PI,eligible_phase1_proxy,0.0,2874.0,2874.0,2874.0,0.0
220997,São João do Arraial,PI,eligible_phase1_proxy,0.0,2874.0,2874.0,2874.0,0.0
220990,São João da Serra,PI,eligible_phase1_proxy,0.0,2874.0,2874.0,2874.0,0.0
220987,São João da Fronteira,PI,eligible_phase1_proxy,0.0,2874.0,2874.0,2874.0,0.0
220970,São Francisco do Piauí,PI,eligible_phase1_proxy,0.0,2874.0,2874.0,2874.0,0.0
220965,São Francisco de Assis do Piauí,PI,eligible_phase1_proxy,0.0,2874.0,2874.0,2874.0,0.0
220955,São Braz do Piauí,PI,eligible_phase1_proxy,0.0,2874.0,2874.0,2874.0,0.0
220940,Santo Antônio de Lisboa,PI,eligible_phase1_proxy,0.0,2874.0,2874.0,2874.0,0.0
220930,Santa Luz,PI,eligible_phase1_proxy,0.0,2874.0,2874.0,2874.0,0.0
220920,Santa Filomena,PI,eligible_phase1_proxy,0.0,2874.0,2874.0,2874.0,0.0
220915,Santa Cruz dos Milagres,PI,eligible_phase1_proxy,0.0,2874.0,2874.0,2874.0,0.0
220910,Santa Cruz do Piauí,PI,eligible_phase1_proxy,0.0,2874.0,2874.0,2874.0,0.0
220900,Rio Grande do Piauí,PI,eligible_phase1_proxy,0.0,2874.0,2874.0,2874.0,0.0
230010,Abaiara,CE,eligible_phase1_proxy,0.0,2874.0,2874.0,2874.0,0.0
221170,Wall Ferraz,PI,eligible_phase1_proxy,0.0,2874.0,2874.0,2874.0,0.0
221160,Vila Nova do Piauí,PI,eligible_phase1_proxy,0.0,2874.0,2874.0,2874.0,0.0
221150,Vera Mendes,PI,eligible_phase1_proxy,0.0,2874.0,2874.0,2874.0,0.0
221140,Várzea Grande,PI,eligible_phase1_proxy,0.0,2874.0,2874.0,2874.0,0.0
221130,Valença do Piauí,PI,eligible_phase1_proxy,0.0,2874.0,2874.0,2874.0,0.0
221120,Uruçuí,PI,eligible_phase1_proxy,0.0,2874.0,2874.0,2874.0,0.0
221110,União,PI,eligible_phase1_proxy,0.0,2874.0,2874.0,2874.0,0.0
221100,Teresina,PI,eligible_phase1_proxy,0.0,2874.0,2874.0,2874.0,0.0
221097,Tanque do Piauí,PI,eligible_phase1_proxy,0.0,2874.0,2874.0,2874.0,0.0
221093,Sussuapara,PI,eligible_phase1_proxy,0.0,2874.0,2874.0,2874.0,0.0
221070,Simões,PI,eligible_phase1_proxy,0.0,2874.0,2874.0,2874.0,0.0
221065,Sigefredo Pacheco,PI,eligible_phase1_proxy,0.0,2874.0,2874.0,2874.0,0.0
221063,Sebastião Leal,PI,eligible_phase1_proxy,0.0,2874.0,2874.0,2874.0,0.0
221060,São Raimundo Nonato,PI,eligible_phase1_proxy,0.0,2874.0,2874.0,2874.0,0.0
221050,São Pedro do Piauí,PI,eligible_phase1_proxy,0.0,2874.0,2874.0,2874.0,0.0
230150,Arneiroz,CE,eligible_phase1_proxy,0.0,2874.0,2874.0,2874.0,0.0
230140,Aratuba,CE,eligible_phase1_proxy,0.0,2874.0,2874.0,2874.0,0.0
230130,Araripe,CE,eligible_phase1_proxy,0.0,2874.0,2874.0,2874.0,0.0
230125,Ararendá,CE,eligible_phase1_proxy,0.0,2874.0,2874.0,2874.0,0.0
230110,Aracati,CE,eligible_phase1_proxy,0.0,2874.0,2874.0,2874.0,0.0
230100,Aquiraz,CE,eligible_phase1_proxy,0.0,2874.0,2874.0,2874.0,0.0
230090,Apuiarés,CE,eligible_phase1_proxy,0.0,2874.0,2874.0,2874.0,0.0
230080,Antonina do Norte,CE,eligible_phase1_proxy,0.0,2874.0,2874.0,2874.0,0.0
230075,Amontada,CE,eligible_phase1_proxy,0.0,2874.0,2874.0,2874.0,0.0
230070,Alto Santo,CE,eligible_phase1_proxy,0.0,2874.0,2874.0,2874.0,0.0
230060,Altaneira,CE,eligible_phase1_proxy,0.0,2874.0,2874.0,2874.0,0.0
230050,Alcântaras,CE,eligible_phase1_proxy,0.0,2874.0,2874.0,2874.0,0.0
230040,Aiuaba,CE,eligible_phase1_proxy,0.0,2874.0,2874.0,2874.0,0.0
230030,Acopiara,CE,eligible_phase1_proxy,0.0,2874.0,2874.0,2874.0,0.0
230020,Acaraú,CE,eligible_phase1_proxy,0.0,2874.0,2874.0,2874.0,0.0
230015,Acarape,CE,eligible_phase1_proxy,0.0,2874.0,2874.0,2874.0,0.0
230280,Canindé,CE,eligible_phase1_proxy,0.0,2874.0,2874.0,2874.0,0.0
230270,Campos Sales,CE,eligible_phase1_proxy,0.0,2874.0,2874.0,2874.0,0.0
230260,Camocim,CE,eligible_phase1_proxy,0.0,2874.0,2874.0,2874.0,0.0
230250,Brejo Santo,CE,eligible_phase1_proxy,0.0,2874.0,2874.0,2874.0,0.0
230240,Boa Viagem,CE,eligible_phase1_proxy,0.0,2874.0,2874.0,2874.0,0.0
230230,Bela Cruz,CE,eligible_phase1_proxy,0.0,2874.0,2874.0,2874.0,0.0
230220,Beberibe,CE,eligible_phase1_proxy,0.0,2874.0,2874.0,2874.0,0.0
230210,Baturité,CE,eligible_phase1_proxy,0.0,2874.0,2874.0,2874.0,0.0
230205,Barroquinha,CE,eligible_phase1_proxy,0.0,2874.0,2874.0,2874.0,0.0
230200,Barro,CE,eligible_phase1_proxy,0.0,2874.0,2874.0,2874.0,0.0
230195,Barreira,CE,eligible_phase1_proxy,0.0,2874.0,2874.0,2874.0,0.0
230190,Barbalha,CE,eligible_phase1_proxy,0.0,2874.0,2874.0,2874.0,0.0
230185,Banabuiú,CE,eligible_phase1_proxy,0.0,2874.0,2874.0,2874.0,0.0
230180,Baixio,CE,eligible_phase1_proxy,0.0,2874.0,2874.0,2874.0,0.0
230170,Aurora,CE,eligible_phase1_proxy,0.0,2874.0,2874.0,2874.0,0.0
230160,Assaré,CE,eligible_phase1_proxy,0.0,2874.0,2874.0,2874.0,0.0
230423,Croatá,CE,eligible_phase1_proxy,0.0,2874.0,2874.0,2874.0,0.0
230420,Crato,CE,eligible_phase1_proxy,0.0,2874.0,2874.0,2874.0,0.0
230410,Crateús,CE,eligible_phase1_proxy,0.0,2874.0,2874.0,2874.0,0.0
230400,Coreaú,CE,eligible_phase1_proxy,0.0,2874.0,2874.0,2874.0,0.0
230395,Chorozinho,CE,eligible_phase1_proxy,0.0,2874.0,2874.0,2874.0,0.0
230393,Choró,CE,eligible_phase1_proxy,0.0,2874.0,2874.0,2874.0,0.0
230390,Chaval,CE,eligible_phase1_proxy,0.0,2874.0,2874.0,2874.0,0.0
230380,Cedro,CE,eligible_phase1_proxy,0.0,2874.0,2874.0,2874.0,0.0
230365,Catunda,CE,eligible_phase1_proxy,0.0,2874.0,2874.0,2874.0,0.0
230350,Cascavel,CE,eligible_phase1_proxy,0.0,2874.0,2874.0,2874.0,0.0
230340,Carnaubal,CE,eligible_phase1_proxy,0.0,2874.0,2874.0,2874.0,0.0
230330,Cariús,CE,eligible_phase1_proxy,0.0,2874.0,2874.0,2874.0,0.0
230320,Caririaçu,CE,eligible_phase1_proxy,0.0,2874.0,2874.0,2874.0,0.0
230310,Cariré,CE,eligible_phase1_proxy,0.0,2874.0,2874.0,2874.0,0.0
230300,Caridade,CE,eligible_phase1_proxy,0.0,2874.0,2874.0,2874.0,0.0
230290,Capistrano,CE,eligible_phase1_proxy,0.0,2874.0,2874.0,2874.0,0.0
230520,Hidrolândia,CE,eligible_phase1_proxy,0.0,2874.0,2874.0,2874.0,0.0
230500,Guaraciaba do Norte,CE,eligible_phase1_proxy,0.0,2874.0,2874.0,2874.0,0.0
230495,Guaiúba,CE,eligible_phase1_proxy,0.0,2874.0,2874.0,2874.0,0.0
230490,Groaíras,CE,eligible_phase1_proxy,0.0,2874.0,2874.0,2874.0,0.0
230480,Granjeiro,CE,eligible_phase1_proxy,0.0,2874.0,2874.0,2874.0,0.0
230470,Granja,CE,eligible_phase1_proxy,0.0,2874.0,2874.0,2874.0,0.0
230465,Graça,CE,eligible_phase1_proxy,0.0,2874.0,2874.0,2874.0,0.0
230460,General Sampaio,CE,eligible_phase1_proxy,0.0,2874.0,2874.0,2874.0,0.0
230450,Frecheirinha,CE,eligible_phase1_proxy,0.0,2874.0,2874.0,2874.0,0.0
230445,Fortim,CE,eligible_phase1_proxy,0.0,2874.0,2874.0,2874.0,0.0
230435,Forquilha,CE,eligible_phase1_proxy,0.0,2874.0,2874.0,2874.0,0.0
230430,Farias Brito,CE,eligible_phase1_proxy,0.0,2874.0,2874.0,2874.0,0.0
230428,Eusébio,CE,eligible_phase1_proxy,0.0,2874.0,2874.0,2874.0,0.0
230427,Ereré,CE,eligible_phase1_proxy,0.0,2874.0,2874.0,2874.0,0.0
230426,Deputado Irapuan Pinheiro,CE,eligible_phase1_proxy,0.0,2874.0,2874.0,2874.0,0.0
230425,Cruz,CE,eligible_phase1_proxy,0.0,2874.0,2874.0,2874.0,0.0
230630,Itapajé,CE,eligible_phase1_proxy,0.0,2874.0,2874.0,2874.0,0.0
230620,Itaiçaba,CE,eligible_phase1_proxy,0.0,2874.0,2874.0,2874.0,0.0
230610,Irauçuba,CE,eligible_phase1_proxy,0.0,2874.0,2874.0,2874.0,0.0
230600,Iracema,CE,eligible_phase1_proxy,0.0,2874.0,2874.0,2874.0,0.0
230590,Ipueiras,CE,eligible_phase1_proxy,0.0,2874.0,2874.0,2874.0,0.0
230580,Ipu,CE,eligible_phase1_proxy,0.0,2874.0,2874.0,2874.0,0.0
230570,Ipaumirim,CE,eligible_phase1_proxy,0.0,2874.0,2874.0,2874.0,0.0
230565,Ipaporanga,CE,eligible_phase1_proxy,0.0,2874.0,2874.0,2874.0,0.0
230560,Independência,CE,eligible_phase1_proxy,0.0,2874.0,2874.0,2874.0,0.0
230550,Iguatu,CE,eligible_phase1_proxy,0.0,2874.0,2874.0,2874.0,0.0
230540,Icó,CE,eligible_phase1_proxy,0.0,2874.0,2874.0,2874.0,0.0
230535,Icapuí,CE,eligible_phase1_proxy,0.0,2874.0,2874.0,2874.0,0.0
230533,Ibicuitinga,CE,eligible_phase1_proxy,0.0,2874.0,2874.0,2874.0,0.0
230530,Ibiapina,CE,eligible_phase1_proxy,0.0,2874.0,2874.0,2874.0,0.0
230526,Ibaretama,CE,eligible_phase1_proxy,0.0,2874.0,2874.0,2874.0,0.0
230523,Horizonte,CE,eligible_phase1_proxy,0.0,2874.0,2874.0,2874.0,0.0
230770,Maranguape,CE,eligible_phase1_proxy,0.0,2874.0,2874.0,2874.0,0.0
230765,Maracanaú,CE,eligible_phase1_proxy,0.0,2874.0,2874.0,2874.0,0.0
230763,Madalena,CE,eligible_phase1_proxy,0.0,2874.0,2874.0,2874.0,0.0
230760,Limoeiro do Norte,CE,eligible_phase1_proxy,0.0,2874.0,2874.0,2874.0,0.0
230750,Lavras da Mangabeira,CE,eligible_phase1_proxy,0.0,2874.0,2874.0,2874.0,0.0
230740,Jucás,CE,eligible_phase1_proxy,0.0,2874.0,2874.0,2874.0,0.0
230725,Jijoca de Jericoacoara,CE,eligible_phase1_proxy,0.0,2874.0,2874.0,2874.0,0.0
230710,Jardim,CE,eligible_phase1_proxy,0.0,2874.0,2874.0,2874.0,0.0
230700,Jaguaruana,CE,eligible_phase1_proxy,0.0,2874.0,2874.0,2874.0,0.0
230690,Jaguaribe,CE,eligible_phase1_proxy,0.0,2874.0,2874.0,2874.0,0.0
230680,Jaguaribara,CE,eligible_phase1_proxy,0.0,2874.0,2874.0,2874.0,0.0
230670,Jaguaretama,CE,eligible_phase1_proxy,0.0,2874.0,2874.0,2874.0,0.0
230660,Itatira,CE,eligible_phase1_proxy,0.0,2874.0,2874.0,2874.0,0.0
230655,Itarema,CE,eligible_phase1_proxy,0.0,2874.0,2874.0,2874.0,0.0
230650,Itapiúna,CE,eligible_phase1_proxy,0.0,2874.0,2874.0,2874.0,0.0
230640,Itapipoca,CE,eligible_phase1_proxy,0.0,2874.0,2874.0,2874.0,0.0
230910,Mulungu,CE,eligible_phase1_proxy,0.0,2874.0,2874.0,2874.0,0.0
230900,Mucambo,CE,eligible_phase1_proxy,0.0,2874.0,2874.0,2874.0,0.0
230890,Morrinhos,CE,eligible_phase1_proxy,0.0,2874.0,2874.0,2874.0,0.0
230880,Moraújo,CE,eligible_phase1_proxy,0.0,2874.0,2874.0,2874.0,0.0
230870,Morada Nova,CE,eligible_phase1_proxy,0.0,2874.0,2874.0,2874.0,0.0
230860,Monsenhor Tabosa,CE,eligible_phase1_proxy,0.0,2874.0,2874.0,2874.0,0.0
230850,Mombaça,CE,eligible_phase1_proxy,0.0,2874.0,2874.0,2874.0,0.0
230840,Missão Velha,CE,eligible_phase1_proxy,0.0,2874.0,2874.0,2874.0,0.0
230837,Miraíma,CE,eligible_phase1_proxy,0.0,2874.0,2874.0,2874.0,0.0
230835,Milhã,CE,eligible_phase1_proxy,0.0,2874.0,2874.0,2874.0,0.0
230830,Milagres,CE,eligible_phase1_proxy,0.0,2874.0,2874.0,2874.0,0.0
230820,Meruoca,CE,eligible_phase1_proxy,0.0,2874.0,2874.0,2874.0,0.0
230810,Mauriti,CE,eligible_phase1_proxy,0.0,2874.0,2874.0,2874.0,0.0
230800,Massapê,CE,eligible_phase1_proxy,0.0,2874.0,2874.0,2874.0,0.0
230790,Martinópole,CE,eligible_phase1_proxy,0.0,2874.0,2874.0,2874.0,0.0
230780,Marco,CE,eligible_phase1_proxy,0.0,2874.0,2874.0,2874.0,0.0
231050,Pedra Branca,CE,eligible_phase1_proxy,0.0,2874.0,2874.0,2874.0,0.0
231040,Paramoti,CE,eligible_phase1_proxy,0.0,2874.0,2874.0,2874.0,0.0
231030,Parambu,CE,eligible_phase1_proxy,0.0,2874.0,2874.0,2874.0,0.0
231025,Paraipaba,CE,eligible_phase1_proxy,0.0,2874.0,2874.0,2874.0,0.0
231020,Paracuru,CE,eligible_phase1_proxy,0.0,2874.0,2874.0,2874.0,0.0
231010,Palmácia,CE,eligible_phase1_proxy,0.0,2874.0,2874.0,2874.0,0.0
231000,Palhano,CE,eligible_phase1_proxy,0.0,2874.0,2874.0,2874.0,0.0
230990,Pacujá,CE,eligible_phase1_proxy,0.0,2874.0,2874.0,2874.0,0.0
230980,Pacoti,CE,eligible_phase1_proxy,0.0,2874.0,2874.0,2874.0,0.0
230970,Pacatuba,CE,eligible_phase1_proxy,0.0,2874.0,2874.0,2874.0,0.0
230960,Pacajus,CE,eligible_phase1_proxy,0.0,2874.0,2874.0,2874.0,0.0
230950,Orós,CE,eligible_phase1_proxy,0.0,2874.0,2874.0,2874.0,0.0
230945,Ocara,CE,eligible_phase1_proxy,0.0,2874.0,2874.0,2874.0,0.0
230940,Novo Oriente,CE,eligible_phase1_proxy,0.0,2874.0,2874.0,2874.0,0.0
230930,Nova Russas,CE,eligible_phase1_proxy,0.0,2874.0,2874.0,2874.0,0.0
230920,Nova Olinda,CE,eligible_phase1_proxy,0.0,2874.0,2874.0,2874.0,0.0
231170,Reriutaba,CE,eligible_phase1_proxy,0.0,2874.0,2874.0,2874.0,0.0
231160,Redenção,CE,eligible_phase1_proxy,0.0,2874.0,2874.0,2874.0,0.0
231150,Quixeré,CE,eligible_phase1_proxy,0.0,2874.0,2874.0,2874.0,0.0
231140,Quixeramobim,CE,eligible_phase1_proxy,0.0,2874.0,2874.0,2874.0,0.0
231135,Quixelô,CE,eligible_phase1_proxy,0.0,2874.0,2874.0,2874.0,0.0
231130,Quixadá,CE,eligible_phase1_proxy,0.0,2874.0,2874.0,2874.0,0.0
231126,Quiterianópolis,CE,eligible_phase1_proxy,0.0,2874.0,2874.0,2874.0,0.0
231123,Potiretama,CE,eligible_phase1_proxy,0.0,2874.0,2874.0,2874.0,0.0
231120,Potengi,CE,eligible_phase1_proxy,0.0,2874.0,2874.0,2874.0,0.0
231110,Porteiras,CE,eligible_phase1_proxy,0.0,2874.0,2874.0,2874.0,0.0
231100,Poranga,CE,eligible_phase1_proxy,0.0,2874.0,2874.0,2874.0,0.0
231090,Piquet Carneiro,CE,eligible_phase1_proxy,0.0,2874.0,2874.0,2874.0,0.0
231085,Pindoretama,CE,eligible_phase1_proxy,0.0,2874.0,2874.0,2874.0,0.0
231080,Pereiro,CE,eligible_phase1_proxy,0.0,2874.0,2874.0,2874.0,0.0
231070,Pentecoste,CE,eligible_phase1_proxy,0.0,2874.0,2874.0,2874.0,0.0
231060,Penaforte,CE,eligible_phase1_proxy,0.0,2874.0,2874.0,2874.0,0.0
231320,Tamboril,CE,eligible_phase1_proxy,0.0,2874.0,2874.0,2874.0,0.0
231310,Tabuleiro do Norte,CE,eligible_phase1_proxy,0.0,2874.0,2874.0,2874.0,0.0
231300,Solonópole,CE,eligible_phase1_proxy,0.0,2874.0,2874.0,2874.0,0.0
231290,Sobral,CE,eligible_phase1_proxy,0.0,2874.0,2874.0,2874.0,0.0
231280,Senador Sá,CE,eligible_phase1_proxy,0.0,2874.0,2874.0,2874.0,0.0
231270,Senador Pompeu,CE,eligible_phase1_proxy,0.0,2874.0,2874.0,2874.0,0.0
231260,São Luís do Curu,CE,eligible_phase1_proxy,0.0,2874.0,2874.0,2874.0,0.0
231250,São João do Jaguaribe,CE,eligible_phase1_proxy,0.0,2874.0,2874.0,2874.0,0.0
231240,São Gonçalo do Amarante,CE,eligible_phase1_proxy,0.0,2874.0,2874.0,2874.0,0.0
231230,São Benedito,CE,eligible_phase1_proxy,0.0,2874.0,2874.0,2874.0,0.0
231220,Santa Quitéria,CE,eligible_phase1_proxy,0.0,2874.0,2874.0,2874.0,0.0
231210,Santana do Cariri,CE,eligible_phase1_proxy,0.0,2874.0,2874.0,2874.0,0.0
231200,Santana do Acaraú,CE,eligible_phase1_proxy,0.0,2874.0,2874.0,2874.0,0.0
231195,Salitre,CE,eligible_phase1_proxy,0.0,2874.0,2874.0,2874.0,0.0
231190,Saboeiro,CE,eligible_phase1_proxy,0.0,2874.0,2874.0,2874.0,0.0
231180,Russas,CE,eligible_phase1_proxy,0.0,2874.0,2874.0,2874.0,0.0
240030,Afonso Bezerra,RN,eligible_phase1_proxy,0.0,2874.0,2874.0,2874.0,0.0
240020,Assú,RN,eligible_phase1_proxy,0.0,2874.0,2874.0,2874.0,0.0
240010,Acari,RN,eligible_phase1_proxy,0.0,2874.0,2874.0,2874.0,0.0
231410,Viçosa do Ceará,CE,eligible_phase1_proxy,0.0,2874.0,2874.0,2874.0,0.0
231400,Várzea Alegre,CE,eligible_phase1_proxy,0.0,2874.0,2874.0,2874.0,0.0
231395,Varjota,CE,eligible_phase1_proxy,0.0,2874.0,2874.0,2874.0,0.0
231390,Uruoca,CE,eligible_phase1_proxy,0.0,2874.0,2874.0,2874.0,0.0
231380,Uruburetama,CE,eligible_phase1_proxy,0.0,2874.0,2874.0,2874.0,0.0
231375,Umirim,CE,eligible_phase1_proxy,0.0,2874.0,2874.0,2874.0,0.0
231370,Umari,CE,eligible_phase1_proxy,0.0,2874.0,2874.0,2874.0,0.0
231360,Ubajara,CE,eligible_phase1_proxy,0.0,2874.0,2874.0,2874.0,0.0
231350,Trairi,CE,eligible_phase1_proxy,0.0,2874.0,2874.0,2874.0,0.0
231340,Tianguá,CE,eligible_phase1_proxy,0.0,2874.0,2874.0,2874.0,0.0
231335,Tejuçuoca,CE,eligible_phase1_proxy,0.0,2874.0,2874.0,2874.0,0.0
231330,Tauá,CE,eligible_phase1_proxy,0.0,2874.0,2874.0,2874.0,0.0
231325,Tarrafas,CE,eligible_phase1_proxy,0.0,2874.0,2874.0,2874.0,0.0
220220,Campo Maior,PI,eligible_phase1_proxy,0.0,2874.0,2874.0,2874.0,0.0
220217,Campo Largo do Piauí,PI,eligible_phase1_proxy,0.0,2874.0,2874.0,2874.0,0.0
220213,Campo Grande do Piauí,PI,eligible_phase1_proxy,0.0,2874.0,2874.0,2874.0,0.0
220211,Campo Alegre do Fidalgo,PI,eligible_phase1_proxy,0.0,2874.0,2874.0,2874.0,0.0
220210,Campinas do Piauí,PI,eligible_phase1_proxy,0.0,2874.0,2874.0,2874.0,0.0
220209,Caldeirão Grande do Piauí,PI,eligible_phase1_proxy,0.0,2874.0,2874.0,2874.0,0.0
220208,Cajueiro da Praia,PI,eligible_phase1_proxy,0.0,2874.0,2874.0,2874.0,0.0
220205,Cabeceiras do Piauí,PI,eligible_phase1_proxy,0.0,2874.0,2874.0,2874.0,0.0
220202,Buriti dos Montes,PI,eligible_phase1_proxy,0.0,2874.0,2874.0,2874.0,0.0
220198,Brejo do Piauí,PI,eligible_phase1_proxy,0.0,2874.0,2874.0,2874.0,0.0
220192,Bonfim do Piauí,PI,eligible_phase1_proxy,0.0,2874.0,2874.0,2874.0,0.0
240080,Angicos,RN,eligible_phase1_proxy,0.0,2874.0,2874.0,2874.0,0.0
240070,Alto do Rodrigues,RN,eligible_phase1_proxy,0.0,2874.0,2874.0,2874.0,0.0
240060,Almino Afonso,RN,eligible_phase1_proxy,0.0,2874.0,2874.0,2874.0,0.0
240050,Alexandria,RN,eligible_phase1_proxy,0.0,2874.0,2874.0,2874.0,0.0
240040,Água Nova,RN,eligible_phase1_proxy,0.0,2874.0,2874.0,2874.0,0.0
240260,Ceará-Mirim,RN,eligible_phase1_proxy,0.0,2874.0,2874.0,2874.0,0.0
240250,Carnaubais,RN,eligible_phase1_proxy,0.0,2874.0,2874.0,2874.0,0.0
240240,Carnaúba dos Dantas,RN,eligible_phase1_proxy,0.0,2874.0,2874.0,2874.0,0.0
240230,Caraúbas,RN,eligible_phase1_proxy,0.0,2874.0,2874.0,2874.0,0.0
240220,Canguaretama,RN,eligible_phase1_proxy,0.0,2874.0,2874.0,2874.0,0.0
240210,Campo Redondo,RN,eligible_phase1_proxy,0.0,2874.0,2874.0,2874.0,0.0
240200,Caicó,RN,eligible_phase1_proxy,0.0,2874.0,2874.0,2874.0,0.0
240185,Caiçara do Norte,RN,eligible_phase1_proxy,0.0,2874.0,2874.0,2874.0,0.0
240180,Brejinho,RN,eligible_phase1_proxy,0.0,2874.0,2874.0,2874.0,0.0
240170,Bom Jesus,RN,eligible_phase1_proxy,0.0,2874.0,2874.0,2874.0,0.0
240145,Baraúna,RN,eligible_phase1_proxy,0.0,2874.0,2874.0,2874.0,0.0
240140,Baía Formosa,RN,eligible_phase1_proxy,0.0,2874.0,2874.0,2874.0,0.0
240120,Arez,RN,eligible_phase1_proxy,0.0,2874.0,2874.0,2874.0,0.0
240110,Areia Branca,RN,eligible_phase1_proxy,0.0,2874.0,2874.0,2874.0,0.0
240100,Apodi,RN,eligible_phase1_proxy,0.0,2874.0,2874.0,2874.0,0.0
240090,Antônio Martins,RN,eligible_phase1_proxy,0.0,2874.0,2874.0,2874.0,0.0
240440,Grossos,RN,eligible_phase1_proxy,0.0,2874.0,2874.0,2874.0,0.0
240430,Governador Dix-Sept Rosado,RN,eligible_phase1_proxy,0.0,2874.0,2874.0,2874.0,0.0
240420,Goianinha,RN,eligible_phase1_proxy,0.0,2874.0,2874.0,2874.0,0.0
240400,Frutuoso Gomes,RN,eligible_phase1_proxy,0.0,2874.0,2874.0,2874.0,0.0
240390,Francisco Dantas,RN,eligible_phase1_proxy,0.0,2874.0,2874.0,2874.0,0.0
240380,Florânia,RN,eligible_phase1_proxy,0.0,2874.0,2874.0,2874.0,0.0
240375,Fernando Pedroza,RN,eligible_phase1_proxy,0.0,2874.0,2874.0,2874.0,0.0
240370,Felipe Guerra,RN,eligible_phase1_proxy,0.0,2874.0,2874.0,2874.0,0.0
240350,Espírito Santo,RN,eligible_phase1_proxy,0.0,2874.0,2874.0,2874.0,0.0
240340,Equador,RN,eligible_phase1_proxy,0.0,2874.0,2874.0,2874.0,0.0
240330,Encanto,RN,eligible_phase1_proxy,0.0,2874.0,2874.0,2874.0,0.0
240320,Doutor Severiano,RN,eligible_phase1_proxy,0.0,2874.0,2874.0,2874.0,0.0
240310,Currais Novos,RN,eligible_phase1_proxy,0.0,2874.0,2874.0,2874.0,0.0
240300,Cruzeta,RN,eligible_phase1_proxy,0.0,2874.0,2874.0,2874.0,0.0
240280,Coronel Ezequiel,RN,eligible_phase1_proxy,0.0,2874.0,2874.0,2874.0,0.0
240270,Cerro Corá,RN,eligible_phase1_proxy,0.0,2874.0,2874.0,2874.0,0.0
240610,Jucurutu,RN,eligible_phase1_proxy,0.0,2874.0,2874.0,2874.0,0.0
240600,José da Penha,RN,eligible_phase1_proxy,0.0,2874.0,2874.0,2874.0,0.0
240590,João Dias,RN,eligible_phase1_proxy,0.0,2874.0,2874.0,2874.0,0.0
240580,João Câmara,RN,eligible_phase1_proxy,0.0,2874.0,2874.0,2874.0,0.0
240570,Jardim do Seridó,RN,eligible_phase1_proxy,0.0,2874.0,2874.0,2874.0,0.0
240560,Jardim de Piranhas,RN,eligible_phase1_proxy,0.0,2874.0,2874.0,2874.0,0.0
240540,Japi,RN,eligible_phase1_proxy,0.0,2874.0,2874.0,2874.0,0.0
240530,Januário Cicco,RN,eligible_phase1_proxy,0.0,2874.0,2874.0,2874.0,0.0
240520,Janduís,RN,eligible_phase1_proxy,0.0,2874.0,2874.0,2874.0,0.0
240510,Jandaíra,RN,eligible_phase1_proxy,0.0,2874.0,2874.0,2874.0,0.0
240500,Jaçanã,RN,eligible_phase1_proxy,0.0,2874.0,2874.0,2874.0,0.0
240490,Itaú,RN,eligible_phase1_proxy,0.0,2874.0,2874.0,2874.0,0.0
240485,Itajá,RN,eligible_phase1_proxy,0.0,2874.0,2874.0,2874.0,0.0
240470,Ipanguaçu,RN,eligible_phase1_proxy,0.0,2874.0,2874.0,2874.0,0.0
240460,Ielmo Marinho,RN,eligible_phase1_proxy,0.0,2874.0,2874.0,2874.0,0.0
240450,Guamaré,RN,eligible_phase1_proxy,0.0,2874.0,2874.0,2874.0,0.0
160070,Tartarugalzinho,AP,eligible_phase1_proxy,0.0,2874.0,2874.0,2874.0,0.0
240750,Maxaranguape,RN,eligible_phase1_proxy,0.0,2874.0,2874.0,2874.0,0.0
240740,Martins,RN,eligible_phase1_proxy,0.0,2874.0,2874.0,2874.0,0.0
240730,Marcelino Vieira,RN,eligible_phase1_proxy,0.0,2874.0,2874.0,2874.0,0.0
240725,Major Sales,RN,eligible_phase1_proxy,0.0,2874.0,2874.0,2874.0,0.0
240720,Macau,RN,eligible_phase1_proxy,0.0,2874.0,2874.0,2874.0,0.0
240710,Macaíba,RN,eligible_phase1_proxy,0.0,2874.0,2874.0,2874.0,0.0
240700,Luís Gomes,RN,eligible_phase1_proxy,0.0,2874.0,2874.0,2874.0,0.0
240690,Lucrécia,RN,eligible_phase1_proxy,0.0,2874.0,2874.0,2874.0,0.0
240680,Lajes Pintadas,RN,eligible_phase1_proxy,0.0,2874.0,2874.0,2874.0,0.0
240670,Lajes,RN,eligible_phase1_proxy,0.0,2874.0,2874.0,2874.0,0.0
240660,Lagoa Salgada,RN,eligible_phase1_proxy,0.0,2874.0,2874.0,2874.0,0.0
240650,Lagoa Nova,RN,eligible_phase1_proxy,0.0,2874.0,2874.0,2874.0,0.0
240640,Lagoa de Velhos,RN,eligible_phase1_proxy,0.0,2874.0,2874.0,2874.0,0.0
240630,Lagoa de Pedras,RN,eligible_phase1_proxy,0.0,2874.0,2874.0,2874.0,0.0
240620,Lagoa d'Anta,RN,eligible_phase1_proxy,0.0,2874.0,2874.0,2874.0,0.0
240850,Ouro Branco,RN,eligible_phase1_proxy,0.0,2874.0,2874.0,2874.0,0.0
240840,Olho d'Água do Borges,RN,eligible_phase1_proxy,0.0,2874.0,2874.0,2874.0,0.0
240830,Nova Cruz,RN,eligible_phase1_proxy,0.0,2874.0,2874.0,2874.0,0.0
240820,Nísia Floresta,RN,eligible_phase1_proxy,0.0,2874.0,2874.0,2874.0,0.0
240780,Monte Alegre,RN,eligible_phase1_proxy,0.0,2874.0,2874.0,2874.0,0.0
240770,Montanhas,RN,eligible_phase1_proxy,0.0,2874.0,2874.0,2874.0,0.0
240760,Messias Targino,RN,eligible_phase1_proxy,0.0,2874.0,2874.0,2874.0,0.0
170220,Araguatins,TO,eligible_phase1_proxy,0.0,2874.0,2874.0,2874.0,0.0
170210,Araguaína,TO,eligible_phase1_proxy,0.0,2874.0,2874.0,2874.0,0.0
170200,Araguaçu,TO,eligible_phase1_proxy,0.0,2874.0,2874.0,2874.0,0.0
170190,Araguacema,TO,eligible_phase1_proxy,0.0,2874.0,2874.0,2874.0,0.0
170110,Aparecida do Rio Negro,TO,eligible_phase1_proxy,0.0,2874.0,2874.0,2874.0,0.0
170100,Ananás,TO,eligible_phase1_proxy,0.0,2874.0,2874.0,2874.0,0.0
170070,Alvorada,TO,eligible_phase1_proxy,0.0,2874.0,2874.0,2874.0,0.0
170040,Almas,TO,eligible_phase1_proxy,0.0,2874.0,2874.0,2874.0,0.0
170035,Aliança do Tocantins,TO,eligible_phase1_proxy,0.0,2874.0,2874.0,2874.0,0.0
241010,Poço Branco,RN,eligible_phase1_proxy,0.0,2874.0,2874.0,2874.0,0.0
241000,Pilões,RN,eligible_phase1_proxy,0.0,2874.0,2874.0,2874.0,0.0
240990,Pendências,RN,eligible_phase1_proxy,0.0,2874.0,2874.0,2874.0,0.0
240980,Pedro Velho,RN,eligible_phase1_proxy,0.0,2874.0,2874.0,2874.0,0.0
240970,Pedro Avelino,RN,eligible_phase1_proxy,0.0,2874.0,2874.0,2874.0,0.0
240950,Pedra Grande,RN,eligible_phase1_proxy,0.0,2874.0,2874.0,2874.0,0.0
240940,Pau dos Ferros,RN,eligible_phase1_proxy,0.0,2874.0,2874.0,2874.0,0.0
240933,Santa Maria,RN,eligible_phase1_proxy,0.0,2874.0,2874.0,2874.0,0.0
240930,Patu,RN,eligible_phase1_proxy,0.0,2874.0,2874.0,2874.0,0.0
240920,Passagem,RN,eligible_phase1_proxy,0.0,2874.0,2874.0,2874.0,0.0
240910,Passa e Fica,RN,eligible_phase1_proxy,0.0,2874.0,2874.0,2874.0,0.0
240895,Rio do Fogo,RN,eligible_phase1_proxy,0.0,2874.0,2874.0,2874.0,0.0
240890,Parelhas,RN,eligible_phase1_proxy,0.0,2874.0,2874.0,2874.0,0.0
240880,Parazinho,RN,eligible_phase1_proxy,0.0,2874.0,2874.0,2874.0,0.0
240870,Paraú,RN,eligible_phase1_proxy,0.0,2874.0,2874.0,2874.0,0.0
240860,Paraná,RN,eligible_phase1_proxy,0.0,2874.0,2874.0,2874.0,0.0
241160,São Bento do Norte,RN,eligible_phase1_proxy,0.0,2874.0,2874.0,2874.0,0.0
241150,Santo Antônio,RN,eligible_phase1_proxy,0.0,2874.0,2874.0,2874.0,0.0
241140,Santana do Matos,RN,eligible_phase1_proxy,0.0,2874.0,2874.0,2874.0,0.0
241120,Santa Cruz,RN,eligible_phase1_proxy,0.0,2874.0,2874.0,2874.0,0.0
241110,Ruy Barbosa,RN,eligible_phase1_proxy,0.0,2874.0,2874.0,2874.0,0.0
241105,Tibau,RN,eligible_phase1_proxy,0.0,2874.0,2874.0,2874.0,0.0
241100,Rodolfo Fernandes,RN,eligible_phase1_proxy,0.0,2874.0,2874.0,2874.0,0.0
241090,Riachuelo,RN,eligible_phase1_proxy,0.0,2874.0,2874.0,2874.0,0.0
241080,Riacho de Santana,RN,eligible_phase1_proxy,0.0,2874.0,2874.0,2874.0,0.0
241070,Riacho da Cruz,RN,eligible_phase1_proxy,0.0,2874.0,2874.0,2874.0,0.0
241060,Rafael Godeiro,RN,eligible_phase1_proxy,0.0,2874.0,2874.0,2874.0,0.0
241050,Rafael Fernandes,RN,eligible_phase1_proxy,0.0,2874.0,2874.0,2874.0,0.0
241040,Pureza,RN,eligible_phase1_proxy,0.0,2874.0,2874.0,2874.0,0.0
241030,Serra Caiada,RN,eligible_phase1_proxy,0.0,2874.0,2874.0,2874.0,0.0
241025,Porto do Mangue,RN,eligible_phase1_proxy,0.0,2874.0,2874.0,2874.0,0.0
241020,Portalegre,RN,eligible_phase1_proxy,0.0,2874.0,2874.0,2874.0,0.0
241310,Senador Elói de Souza,RN,eligible_phase1_proxy,0.0,2874.0,2874.0,2874.0,0.0
241300,São Vicente,RN,eligible_phase1_proxy,0.0,2874.0,2874.0,2874.0,0.0
241290,São Tomé,RN,eligible_phase1_proxy,0.0,2874.0,2874.0,2874.0,0.0
241280,São Rafael,RN,eligible_phase1_proxy,0.0,2874.0,2874.0,2874.0,0.0
241270,São Pedro,RN,eligible_phase1_proxy,0.0,2874.0,2874.0,2874.0,0.0
241260,São Paulo do Potengi,RN,eligible_phase1_proxy,0.0,2874.0,2874.0,2874.0,0.0
241255,São Miguel do Gostoso,RN,eligible_phase1_proxy,0.0,2874.0,2874.0,2874.0,0.0
241250,São Miguel,RN,eligible_phase1_proxy,0.0,2874.0,2874.0,2874.0,0.0
241240,São José do Seridó,RN,eligible_phase1_proxy,0.0,2874.0,2874.0,2874.0,0.0
241230,São José do Campestre,RN,eligible_phase1_proxy,0.0,2874.0,2874.0,2874.0,0.0
241220,São José de Mipibu,RN,eligible_phase1_proxy,0.0,2874.0,2874.0,2874.0,0.0
241210,São João do Sabugi,RN,eligible_phase1_proxy,0.0,2874.0,2874.0,2874.0,0.0
241200,São Gonçalo do Amarante,RN,eligible_phase1_proxy,0.0,2874.0,2874.0,2874.0,0.0
241190,São Francisco do Oeste,RN,eligible_phase1_proxy,0.0,2874.0,2874.0,2874.0,0.0
241180,São Fernando,RN,eligible_phase1_proxy,0.0,2874.0,2874.0,2874.0,0.0
241170,São Bento do Trairí,RN,eligible_phase1_proxy,0.0,2874.0,2874.0,2874.0,0.0
241445,Triunfo Potiguar,RN,eligible_phase1_proxy,0.0,2874.0,2874.0,2874.0,0.0
241440,Touros,RN,eligible_phase1_proxy,0.0,2874.0,2874.0,2874.0,0.0
241430,Timbaúba dos Batistas,RN,eligible_phase1_proxy,0.0,2874.0,2874.0,2874.0,0.0
241420,Tibau do Sul,RN,eligible_phase1_proxy,0.0,2874.0,2874.0,2874.0,0.0
241415,Tenente Laurentino Cruz,RN,eligible_phase1_proxy,0.0,2874.0,2874.0,2874.0,0.0
241410,Tenente Ananias,RN,eligible_phase1_proxy,0.0,2874.0,2874.0,2874.0,0.0
241400,Tangará,RN,eligible_phase1_proxy,0.0,2874.0,2874.0,2874.0,0.0
241390,Taipu,RN,eligible_phase1_proxy,0.0,2874.0,2874.0,2874.0,0.0
241370,Sítio Novo,RN,eligible_phase1_proxy,0.0,2874.0,2874.0,2874.0,0.0
241360,Severiano Melo,RN,eligible_phase1_proxy,0.0,2874.0,2874.0,2874.0,0.0
241355,Serrinha dos Pintos,RN,eligible_phase1_proxy,0.0,2874.0,2874.0,2874.0,0.0
241350,Serrinha,RN,eligible_phase1_proxy,0.0,2874.0,2874.0,2874.0,0.0
241340,Serra Negra do Norte,RN,eligible_phase1_proxy,0.0,2874.0,2874.0,2874.0,0.0
241335,Serra do Mel,RN,eligible_phase1_proxy,0.0,2874.0,2874.0,2874.0,0.0
241330,Serra de São Bento,RN,eligible_phase1_proxy,0.0,2874.0,2874.0,2874.0,0.0
241320,Senador Georgino Avelino,RN,eligible_phase1_proxy,0.0,2874.0,2874.0,2874.0,0.0
250073,Amparo,PB,eligible_phase1_proxy,0.0,2874.0,2874.0,2874.0,0.0
250070,São João do Rio do Peixe,PB,eligible_phase1_proxy,0.0,2874.0,2874.0,2874.0,0.0
250060,Alhandra,PB,eligible_phase1_proxy,0.0,2874.0,2874.0,2874.0,0.0
250057,Algodão de Jandaíra,PB,eligible_phase1_proxy,0.0,2874.0,2874.0,2874.0,0.0
250050,Alagoinha,PB,eligible_phase1_proxy,0.0,2874.0,2874.0,2874.0,0.0
250040,Alagoa Nova,PB,eligible_phase1_proxy,0.0,2874.0,2874.0,2874.0,0.0
250030,Alagoa Grande,PB,eligible_phase1_proxy,0.0,2874.0,2874.0,2874.0,0.0
250020,Aguiar,PB,eligible_phase1_proxy,0.0,2874.0,2874.0,2874.0,0.0
250010,Água Branca,PB,eligible_phase1_proxy,0.0,2874.0,2874.0,2874.0,0.0
241500,Vila Flor,RN,eligible_phase1_proxy,0.0,2874.0,2874.0,2874.0,0.0
241490,Viçosa,RN,eligible_phase1_proxy,0.0,2874.0,2874.0,2874.0,0.0
241480,Vera Cruz,RN,eligible_phase1_proxy,0.0,2874.0,2874.0,2874.0,0.0
241475,Venha-Ver,RN,eligible_phase1_proxy,0.0,2874.0,2874.0,2874.0,0.0
241470,Várzea,RN,eligible_phase1_proxy,0.0,2874.0,2874.0,2874.0,0.0
241460,Upanema,RN,eligible_phase1_proxy,0.0,2874.0,2874.0,2874.0,0.0
241450,Umarizal,RN,eligible_phase1_proxy,0.0,2874.0,2874.0,2874.0,0.0
250190,Belém,PB,eligible_phase1_proxy,0.0,2874.0,2874.0,2874.0,0.0
250180,Bayeux,PB,eligible_phase1_proxy,0.0,2874.0,2874.0,2874.0,0.0
250170,Barra de São Miguel,PB,eligible_phase1_proxy,0.0,2874.0,2874.0,2874.0,0.0
250160,Barra de Santa Rosa,PB,eligible_phase1_proxy,0.0,2874.0,2874.0,2874.0,0.0
250157,Barra de Santana,PB,eligible_phase1_proxy,0.0,2874.0,2874.0,2874.0,0.0
250153,Baraúna,PB,eligible_phase1_proxy,0.0,2874.0,2874.0,2874.0,0.0
250150,Bananeiras,PB,eligible_phase1_proxy,0.0,2874.0,2874.0,2874.0,0.0
250140,Baía da Traição,PB,eligible_phase1_proxy,0.0,2874.0,2874.0,2874.0,0.0
250135,Assunção,PB,eligible_phase1_proxy,0.0,2874.0,2874.0,2874.0,0.0
250130,Aroeiras,PB,eligible_phase1_proxy,0.0,2874.0,2874.0,2874.0,0.0
250120,Areial,PB,eligible_phase1_proxy,0.0,2874.0,2874.0,2874.0,0.0
250110,Areia,PB,eligible_phase1_proxy,0.0,2874.0,2874.0,2874.0,0.0
250100,Araruna,PB,eligible_phase1_proxy,0.0,2874.0,2874.0,2874.0,0.0
250090,Arara,PB,eligible_phase1_proxy,0.0,2874.0,2874.0,2874.0,0.0
250080,Araçagi,PB,eligible_phase1_proxy,0.0,2874.0,2874.0,2874.0,0.0
250077,Aparecida,PB,eligible_phase1_proxy,0.0,2874.0,2874.0,2874.0,0.0
250330,Cachoeira dos Índios,PB,eligible_phase1_proxy,0.0,2874.0,2874.0,2874.0,0.0
250320,Cabedelo,PB,eligible_phase1_proxy,0.0,2874.0,2874.0,2874.0,0.0
250310,Cabaceiras,PB,eligible_phase1_proxy,0.0,2874.0,2874.0,2874.0,0.0
250300,Caaporã,PB,eligible_phase1_proxy,0.0,2874.0,2874.0,2874.0,0.0
250290,Brejo dos Santos,PB,eligible_phase1_proxy,0.0,2874.0,2874.0,2874.0,0.0
250280,Brejo do Cruz,PB,eligible_phase1_proxy,0.0,2874.0,2874.0,2874.0,0.0
250270,Borborema,PB,eligible_phase1_proxy,0.0,2874.0,2874.0,2874.0,0.0
250260,Igaracy,PB,eligible_phase1_proxy,0.0,2874.0,2874.0,2874.0,0.0
250250,Boqueirão,PB,eligible_phase1_proxy,0.0,2874.0,2874.0,2874.0,0.0
250240,Bonito de Santa Fé,PB,eligible_phase1_proxy,0.0,2874.0,2874.0,2874.0,0.0
250230,Bom Sucesso,PB,eligible_phase1_proxy,0.0,2874.0,2874.0,2874.0,0.0
250220,Bom Jesus,PB,eligible_phase1_proxy,0.0,2874.0,2874.0,2874.0,0.0
250215,Boa Vista,PB,eligible_phase1_proxy,0.0,2874.0,2874.0,2874.0,0.0
250210,Boa Ventura,PB,eligible_phase1_proxy,0.0,2874.0,2874.0,2874.0,0.0
250205,Bernardino Batista,PB,eligible_phase1_proxy,0.0,2874.0,2874.0,2874.0,0.0
250200,Belém do Brejo do Cruz,PB,eligible_phase1_proxy,0.0,2874.0,2874.0,2874.0,0.0
250450,Condado,PB,eligible_phase1_proxy,0.0,2874.0,2874.0,2874.0,0.0
250440,Conceição,PB,eligible_phase1_proxy,0.0,2874.0,2874.0,2874.0,0.0
250435,Caturité,PB,eligible_phase1_proxy,0.0,2874.0,2874.0,2874.0,0.0
250430,Catolé do Rocha,PB,eligible_phase1_proxy,0.0,2874.0,2874.0,2874.0,0.0
250420,Catingueira,PB,eligible_phase1_proxy,0.0,2874.0,2874.0,2874.0,0.0
250415,Casserengue,PB,eligible_phase1_proxy,0.0,2874.0,2874.0,2874.0,0.0
250407,Caraúbas,PB,eligible_phase1_proxy,0.0,2874.0,2874.0,2874.0,0.0
250403,Capim,PB,eligible_phase1_proxy,0.0,2874.0,2874.0,2874.0,0.0
250400,Campina Grande,PB,eligible_phase1_proxy,0.0,2874.0,2874.0,2874.0,0.0
250390,Camalaú,PB,eligible_phase1_proxy,0.0,2874.0,2874.0,2874.0,0.0
250380,Caldas Brandão,PB,eligible_phase1_proxy,0.0,2874.0,2874.0,2874.0,0.0
250370,Cajazeiras,PB,eligible_phase1_proxy,0.0,2874.0,2874.0,2874.0,0.0
250360,Caiçara,PB,eligible_phase1_proxy,0.0,2874.0,2874.0,2874.0,0.0
250355,Cacimbas,PB,eligible_phase1_proxy,0.0,2874.0,2874.0,2874.0,0.0
250350,Cacimba de Dentro,PB,eligible_phase1_proxy,0.0,2874.0,2874.0,2874.0,0.0
250340,Cacimba de Areia,PB,eligible_phase1_proxy,0.0,2874.0,2874.0,2874.0,0.0
250570,Dona Inês,PB,eligible_phase1_proxy,0.0,2874.0,2874.0,2874.0,0.0
250560,Diamante,PB,eligible_phase1_proxy,0.0,2874.0,2874.0,2874.0,0.0
250550,Vista Serrana,PB,eligible_phase1_proxy,0.0,2874.0,2874.0,2874.0,0.0
250540,Desterro,PB,eligible_phase1_proxy,0.0,2874.0,2874.0,2874.0,0.0
250535,Damião,PB,eligible_phase1_proxy,0.0,2874.0,2874.0,2874.0,0.0
250530,Curral Velho,PB,eligible_phase1_proxy,0.0,2874.0,2874.0,2874.0,0.0
250527,Curral de Cima,PB,eligible_phase1_proxy,0.0,2874.0,2874.0,2874.0,0.0
250523,Cuité de Mamanguape,PB,eligible_phase1_proxy,0.0,2874.0,2874.0,2874.0,0.0
250520,Cuitegi,PB,eligible_phase1_proxy,0.0,2874.0,2874.0,2874.0,0.0
250510,Cuité,PB,eligible_phase1_proxy,0.0,2874.0,2874.0,2874.0,0.0
250500,Cubati,PB,eligible_phase1_proxy,0.0,2874.0,2874.0,2874.0,0.0
250490,Cruz do Espírito Santo,PB,eligible_phase1_proxy,0.0,2874.0,2874.0,2874.0,0.0
250485,Coxixola,PB,eligible_phase1_proxy,0.0,2874.0,2874.0,2874.0,0.0
250480,Coremas,PB,eligible_phase1_proxy,0.0,2874.0,2874.0,2874.0,0.0
250470,Congo,PB,eligible_phase1_proxy,0.0,2874.0,2874.0,2874.0,0.0
250460,Conde,PB,eligible_phase1_proxy,0.0,2874.0,2874.0,2874.0,0.0
250720,Itatuba,PB,eligible_phase1_proxy,0.0,2874.0,2874.0,2874.0,0.0
250710,Itapororoca,PB,eligible_phase1_proxy,0.0,2874.0,2874.0,2874.0,0.0
250700,Itaporanga,PB,eligible_phase1_proxy,0.0,2874.0,2874.0,2874.0,0.0
250690,Itabaiana,PB,eligible_phase1_proxy,0.0,2874.0,2874.0,2874.0,0.0
250680,Ingá,PB,eligible_phase1_proxy,0.0,2874.0,2874.0,2874.0,0.0
250670,Imaculada,PB,eligible_phase1_proxy,0.0,2874.0,2874.0,2874.0,0.0
250660,Ibiara,PB,eligible_phase1_proxy,0.0,2874.0,2874.0,2874.0,0.0
250650,Gurjão,PB,eligible_phase1_proxy,0.0,2874.0,2874.0,2874.0,0.0
250640,Gurinhém,PB,eligible_phase1_proxy,0.0,2874.0,2874.0,2874.0,0.0
250630,Guarabira,PB,eligible_phase1_proxy,0.0,2874.0,2874.0,2874.0,0.0
250625,Gado Bravo,PB,eligible_phase1_proxy,0.0,2874.0,2874.0,2874.0,0.0
250620,Frei Martinho,PB,eligible_phase1_proxy,0.0,2874.0,2874.0,2874.0,0.0
250610,Fagundes,PB,eligible_phase1_proxy,0.0,2874.0,2874.0,2874.0,0.0
250600,Esperança,PB,eligible_phase1_proxy,0.0,2874.0,2874.0,2874.0,0.0
250590,Emas,PB,eligible_phase1_proxy,0.0,2874.0,2874.0,2874.0,0.0
250580,Duas Estradas,PB,eligible_phase1_proxy,0.0,2874.0,2874.0,2874.0,0.0
250890,Mamanguape,PB,eligible_phase1_proxy,0.0,2874.0,2874.0,2874.0,0.0
250880,Malta,PB,eligible_phase1_proxy,0.0,2874.0,2874.0,2874.0,0.0
250870,Mãe d'Água,PB,eligible_phase1_proxy,0.0,2874.0,2874.0,2874.0,0.0
250860,Lucena,PB,eligible_phase1_proxy,0.0,2874.0,2874.0,2874.0,0.0
250850,Livramento,PB,eligible_phase1_proxy,0.0,2874.0,2874.0,2874.0,0.0
250840,Lastro,PB,eligible_phase1_proxy,0.0,2874.0,2874.0,2874.0,0.0
250830,Lagoa Seca,PB,eligible_phase1_proxy,0.0,2874.0,2874.0,2874.0,0.0
250820,Lagoa de Dentro,PB,eligible_phase1_proxy,0.0,2874.0,2874.0,2874.0,0.0
250810,Lagoa,PB,eligible_phase1_proxy,0.0,2874.0,2874.0,2874.0,0.0
250800,Juru,PB,eligible_phase1_proxy,0.0,2874.0,2874.0,2874.0,0.0
250790,Juripiranga,PB,eligible_phase1_proxy,0.0,2874.0,2874.0,2874.0,0.0
250780,Junco do Seridó,PB,eligible_phase1_proxy,0.0,2874.0,2874.0,2874.0,0.0
250770,Juazeirinho,PB,eligible_phase1_proxy,0.0,2874.0,2874.0,2874.0,0.0
250760,Juarez Távora,PB,eligible_phase1_proxy,0.0,2874.0,2874.0,2874.0,0.0
250740,Jericó,PB,eligible_phase1_proxy,0.0,2874.0,2874.0,2874.0,0.0
250730,Jacaraú,PB,eligible_phase1_proxy,0.0,2874.0,2874.0,2874.0,0.0
251000,Nazarezinho,PB,eligible_phase1_proxy,0.0,2874.0,2874.0,2874.0,0.0
250990,Natuba,PB,eligible_phase1_proxy,0.0,2874.0,2874.0,2874.0,0.0
250980,Mulungu,PB,eligible_phase1_proxy,0.0,2874.0,2874.0,2874.0,0.0
250970,Monteiro,PB,eligible_phase1_proxy,0.0,2874.0,2874.0,2874.0,0.0
250960,Monte Horebe,PB,eligible_phase1_proxy,0.0,2874.0,2874.0,2874.0,0.0
250950,Montadas,PB,eligible_phase1_proxy,0.0,2874.0,2874.0,2874.0,0.0
250940,Mogeiro,PB,eligible_phase1_proxy,0.0,2874.0,2874.0,2874.0,0.0
250939,Maturéia,PB,eligible_phase1_proxy,0.0,2874.0,2874.0,2874.0,0.0
250937,Mato Grosso,PB,eligible_phase1_proxy,0.0,2874.0,2874.0,2874.0,0.0
250933,Matinhas,PB,eligible_phase1_proxy,0.0,2874.0,2874.0,2874.0,0.0
250930,Mataraca,PB,eligible_phase1_proxy,0.0,2874.0,2874.0,2874.0,0.0
250920,Massaranduba,PB,eligible_phase1_proxy,0.0,2874.0,2874.0,2874.0,0.0
250915,Marizópolis,PB,eligible_phase1_proxy,0.0,2874.0,2874.0,2874.0,0.0
250910,Mari,PB,eligible_phase1_proxy,0.0,2874.0,2874.0,2874.0,0.0
250905,Marcação,PB,eligible_phase1_proxy,0.0,2874.0,2874.0,2874.0,0.0
250900,Manaíra,PB,eligible_phase1_proxy,0.0,2874.0,2874.0,2874.0,0.0
251150,Pilar,PB,eligible_phase1_proxy,0.0,2874.0,2874.0,2874.0,0.0
251140,PICUI,PB,eligible_phase1_proxy,0.0,2874.0,2874.0,2874.0,0.0
251130,Piancó,PB,eligible_phase1_proxy,0.0,2874.0,2874.0,2874.0,0.0
251120,Pedras de Fogo,PB,eligible_phase1_proxy,0.0,2874.0,2874.0,2874.0,0.0
251110,Pedra Lavrada,PB,eligible_phase1_proxy,0.0,2874.0,2874.0,2874.0,0.0
251100,Pedra Branca,PB,eligible_phase1_proxy,0.0,2874.0,2874.0,2874.0,0.0
251090,Paulista,PB,eligible_phase1_proxy,0.0,2874.0,2874.0,2874.0,0.0
251080,Patos,PB,eligible_phase1_proxy,0.0,2874.0,2874.0,2874.0,0.0
251070,Passagem,PB,eligible_phase1_proxy,0.0,2874.0,2874.0,2874.0,0.0
251065,Parari,PB,eligible_phase1_proxy,0.0,2874.0,2874.0,2874.0,0.0
251060,Ouro Velho,PB,eligible_phase1_proxy,0.0,2874.0,2874.0,2874.0,0.0
251050,Olivedos,PB,eligible_phase1_proxy,0.0,2874.0,2874.0,2874.0,0.0
251040,Olho d'Água,PB,eligible_phase1_proxy,0.0,2874.0,2874.0,2874.0,0.0
251030,Nova Palmeira,PB,eligible_phase1_proxy,0.0,2874.0,2874.0,2874.0,0.0
251020,Nova Olinda,PB,eligible_phase1_proxy,0.0,2874.0,2874.0,2874.0,0.0
251010,Nova Floresta,PB,eligible_phase1_proxy,0.0,2874.0,2874.0,2874.0,0.0
251276,Riachão do Poço,PB,eligible_phase1_proxy,0.0,2874.0,2874.0,2874.0,0.0
251275,Riachão do Bacamarte,PB,eligible_phase1_proxy,0.0,2874.0,2874.0,2874.0,0.0
251272,Pedro Régis,PB,eligible_phase1_proxy,0.0,2874.0,2874.0,2874.0,0.0
251270,Remígio,PB,eligible_phase1_proxy,0.0,2874.0,2874.0,2874.0,0.0
251250,Queimadas,PB,eligible_phase1_proxy,0.0,2874.0,2874.0,2874.0,0.0
251240,Puxinanã,PB,eligible_phase1_proxy,0.0,2874.0,2874.0,2874.0,0.0
251230,Princesa Isabel,PB,eligible_phase1_proxy,0.0,2874.0,2874.0,2874.0,0.0
251220,Prata,PB,eligible_phase1_proxy,0.0,2874.0,2874.0,2874.0,0.0
251210,Pombal,PB,eligible_phase1_proxy,0.0,2874.0,2874.0,2874.0,0.0
251207,Poço de José de Moura,PB,eligible_phase1_proxy,0.0,2874.0,2874.0,2874.0,0.0
251203,Poço Dantas,PB,eligible_phase1_proxy,0.0,2874.0,2874.0,2874.0,0.0
251200,Pocinhos,PB,eligible_phase1_proxy,0.0,2874.0,2874.0,2874.0,0.0
251190,Pitimbu,PB,eligible_phase1_proxy,0.0,2874.0,2874.0,2874.0,0.0
251180,Pirpirituba,PB,eligible_phase1_proxy,0.0,2874.0,2874.0,2874.0,0.0
251170,Pilõezinhos,PB,eligible_phase1_proxy,0.0,2874.0,2874.0,2874.0,0.0
251160,Pilões,PB,eligible_phase1_proxy,0.0,2874.0,2874.0,2874.0,0.0
251396,São Domingos,PB,eligible_phase1_proxy,0.0,2874.0,2874.0,2874.0,0.0
251394,São Domingos do Cariri,PB,eligible_phase1_proxy,0.0,2874.0,2874.0,2874.0,0.0
251392,São Bentinho,PB,eligible_phase1_proxy,0.0,2874.0,2874.0,2874.0,0.0
251390,São Bento,PB,eligible_phase1_proxy,0.0,2874.0,2874.0,2874.0,0.0
251385,Santo André,PB,eligible_phase1_proxy,0.0,2874.0,2874.0,2874.0,0.0
251365,Joca Claudino,PB,eligible_phase1_proxy,0.0,2874.0,2874.0,2874.0,0.0
251360,Santana dos Garrotes,PB,eligible_phase1_proxy,0.0,2874.0,2874.0,2874.0,0.0
251350,Santana de Mangueira,PB,eligible_phase1_proxy,0.0,2874.0,2874.0,2874.0,0.0
251340,Santa Luzia,PB,eligible_phase1_proxy,0.0,2874.0,2874.0,2874.0,0.0
251335,Santa Inês,PB,eligible_phase1_proxy,0.0,2874.0,2874.0,2874.0,0.0
251330,Santa Helena,PB,eligible_phase1_proxy,0.0,2874.0,2874.0,2874.0,0.0
251320,Santa Cruz,PB,eligible_phase1_proxy,0.0,2874.0,2874.0,2874.0,0.0
251315,Santa Cecília,PB,eligible_phase1_proxy,0.0,2874.0,2874.0,2874.0,0.0
251310,Salgado de São Félix,PB,eligible_phase1_proxy,0.0,2874.0,2874.0,2874.0,0.0
251290,Rio Tinto,PB,eligible_phase1_proxy,0.0,2874.0,2874.0,2874.0,0.0
251280,Riacho dos Cavalos,PB,eligible_phase1_proxy,0.0,2874.0,2874.0,2874.0,0.0
251520,São Sebastião do Umbuzeiro,PB,eligible_phase1_proxy,0.0,2874.0,2874.0,2874.0,0.0
251510,São Sebastião de Lagoa de Roça,PB,eligible_phase1_proxy,0.0,2874.0,2874.0,2874.0,0.0
251500,São Miguel de Taipu,PB,eligible_phase1_proxy,0.0,2874.0,2874.0,2874.0,0.0
251490,São Mamede,PB,eligible_phase1_proxy,0.0,2874.0,2874.0,2874.0,0.0
251480,São José dos Cordeiros,PB,eligible_phase1_proxy,0.0,2874.0,2874.0,2874.0,0.0
251470,São José do Sabugi,PB,eligible_phase1_proxy,0.0,2874.0,2874.0,2874.0,0.0
251465,São José do Brejo do Cruz,PB,eligible_phase1_proxy,0.0,2874.0,2874.0,2874.0,0.0
251455,São José de Princesa,PB,eligible_phase1_proxy,0.0,2874.0,2874.0,2874.0,0.0
251450,São José de Piranhas,PB,eligible_phase1_proxy,0.0,2874.0,2874.0,2874.0,0.0
251445,São José dos Ramos,PB,eligible_phase1_proxy,0.0,2874.0,2874.0,2874.0,0.0
251440,São José de Espinharas,PB,eligible_phase1_proxy,0.0,2874.0,2874.0,2874.0,0.0
251430,São José de Caiana,PB,eligible_phase1_proxy,0.0,2874.0,2874.0,2874.0,0.0
251420,São José da Lagoa Tapada,PB,eligible_phase1_proxy,0.0,2874.0,2874.0,2874.0,0.0
251410,São João do Tigre,PB,eligible_phase1_proxy,0.0,2874.0,2874.0,2874.0,0.0
251400,São João do Cariri,PB,eligible_phase1_proxy,0.0,2874.0,2874.0,2874.0,0.0
251398,São Francisco,PB,eligible_phase1_proxy,0.0,2874.0,2874.0,2874.0,0.0
251650,Taperoá,PB,eligible_phase1_proxy,0.0,2874.0,2874.0,2874.0,0.0
251640,Tacima,PB,eligible_phase1_proxy,0.0,2874.0,2874.0,2874.0,0.0
251630,Sumé,PB,eligible_phase1_proxy,0.0,2874.0,2874.0,2874.0,0.0
251620,Sousa,PB,eligible_phase1_proxy,0.0,2874.0,2874.0,2874.0,0.0
251615,Sossêgo,PB,eligible_phase1_proxy,0.0,2874.0,2874.0,2874.0,0.0
251610,Soledade,PB,eligible_phase1_proxy,0.0,2874.0,2874.0,2874.0,0.0
251600,Solânea,PB,eligible_phase1_proxy,0.0,2874.0,2874.0,2874.0,0.0
251597,Sobrado,PB,eligible_phase1_proxy,0.0,2874.0,2874.0,2874.0,0.0
251593,Sertãozinho,PB,eligible_phase1_proxy,0.0,2874.0,2874.0,2874.0,0.0
251590,SERRARIA,PB,eligible_phase1_proxy,0.0,2874.0,2874.0,2874.0,0.0
251580,Serra Redonda,PB,eligible_phase1_proxy,0.0,2874.0,2874.0,2874.0,0.0
251570,Serra Grande,PB,eligible_phase1_proxy,0.0,2874.0,2874.0,2874.0,0.0
251560,Serra da Raiz,PB,eligible_phase1_proxy,0.0,2874.0,2874.0,2874.0,0.0
251550,Serra Branca,PB,eligible_phase1_proxy,0.0,2874.0,2874.0,2874.0,0.0
251540,São Vicente do Seridó,PB,eligible_phase1_proxy,0.0,2874.0,2874.0,2874.0,0.0
251530,Sapé,PB,eligible_phase1_proxy,0.0,2874.0,2874.0,2874.0,0.0
260060,Alagoinha,PE,eligible_phase1_proxy,0.0,2874.0,2874.0,2874.0,0.0
260050,Águas Belas,PE,eligible_phase1_proxy,0.0,2874.0,2874.0,2874.0,0.0
260040,Água Preta,PE,eligible_phase1_proxy,0.0,2874.0,2874.0,2874.0,0.0
260030,Agrestina,PE,eligible_phase1_proxy,0.0,2874.0,2874.0,2874.0,0.0
260020,Afrânio,PE,eligible_phase1_proxy,0.0,2874.0,2874.0,2874.0,0.0
260010,Afogados da Ingazeira,PE,eligible_phase1_proxy,0.0,2874.0,2874.0,2874.0,0.0
260005,Abreu e Lima,PE,eligible_phase1_proxy,0.0,2874.0,2874.0,2874.0,0.0
251740,Zabelê,PB,eligible_phase1_proxy,0.0,2874.0,2874.0,2874.0,0.0
251720,Vieirópolis,PB,eligible_phase1_proxy,0.0,2874.0,2874.0,2874.0,0.0
251710,Várzea,PB,eligible_phase1_proxy,0.0,2874.0,2874.0,2874.0,0.0
251700,Umbuzeiro,PB,eligible_phase1_proxy,0.0,2874.0,2874.0,2874.0,0.0
251690,Uiraúna,PB,eligible_phase1_proxy,0.0,2874.0,2874.0,2874.0,0.0
251680,Triunfo,PB,eligible_phase1_proxy,0.0,2874.0,2874.0,2874.0,0.0
251675,Tenório,PB,eligible_phase1_proxy,0.0,2874.0,2874.0,2874.0,0.0
251670,Teixeira,PB,eligible_phase1_proxy,0.0,2874.0,2874.0,2874.0,0.0
251660,Tavares,PB,eligible_phase1_proxy,0.0,2874.0,2874.0,2874.0,0.0
260220,Bom Jardim,PE,eligible_phase1_proxy,0.0,2874.0,2874.0,2874.0,0.0
260210,Bom Conselho,PE,eligible_phase1_proxy,0.0,2874.0,2874.0,2874.0,0.0
260200,BODOCO,PE,eligible_phase1_proxy,0.0,2874.0,2874.0,2874.0,0.0
260190,Bezerros,PE,eligible_phase1_proxy,0.0,2874.0,2874.0,2874.0,0.0
260170,Belo Jardim,PE,eligible_phase1_proxy,0.0,2874.0,2874.0,2874.0,0.0
260160,Belém do São Francisco,PE,eligible_phase1_proxy,0.0,2874.0,2874.0,2874.0,0.0
260150,Belém de Maria,PE,eligible_phase1_proxy,0.0,2874.0,2874.0,2874.0,0.0
260140,Barreiros,PE,eligible_phase1_proxy,0.0,2874.0,2874.0,2874.0,0.0
260130,Barra de Guabiraba,PE,eligible_phase1_proxy,0.0,2874.0,2874.0,2874.0,0.0
260120,Arcoverde,PE,eligible_phase1_proxy,0.0,2874.0,2874.0,2874.0,0.0
260110,Araripina,PE,eligible_phase1_proxy,0.0,2874.0,2874.0,2874.0,0.0
260105,Araçoiaba,PE,eligible_phase1_proxy,0.0,2874.0,2874.0,2874.0,0.0
260100,Angelim,PE,eligible_phase1_proxy,0.0,2874.0,2874.0,2874.0,0.0
260090,Amaraji,PE,eligible_phase1_proxy,0.0,2874.0,2874.0,2874.0,0.0
260080,Altinho,PE,eligible_phase1_proxy,0.0,2874.0,2874.0,2874.0,0.0
260070,Aliança,PE,eligible_phase1_proxy,0.0,2874.0,2874.0,2874.0,0.0
260415,Casinhas,PE,eligible_phase1_proxy,0.0,2874.0,2874.0,2874.0,0.0
260390,Carnaíba,PE,eligible_phase1_proxy,0.0,2874.0,2874.0,2874.0,0.0
260380,Capoeiras,PE,eligible_phase1_proxy,0.0,2874.0,2874.0,2874.0,0.0
260370,Canhotinho,PE,eligible_phase1_proxy,0.0,2874.0,2874.0,2874.0,0.0
260360,Camutanga,PE,eligible_phase1_proxy,0.0,2874.0,2874.0,2874.0,0.0
260350,Camocim de São Félix,PE,eligible_phase1_proxy,0.0,2874.0,2874.0,2874.0,0.0
260345,Camaragibe,PE,eligible_phase1_proxy,0.0,2874.0,2874.0,2874.0,0.0
260340,Calumbi,PE,eligible_phase1_proxy,0.0,2874.0,2874.0,2874.0,0.0
260330,Calçado,PE,eligible_phase1_proxy,0.0,2874.0,2874.0,2874.0,0.0
260320,Caetés,PE,eligible_phase1_proxy,0.0,2874.0,2874.0,2874.0,0.0
260310,Cachoeirinha,PE,eligible_phase1_proxy,0.0,2874.0,2874.0,2874.0,0.0
260300,Cabrobó,PE,eligible_phase1_proxy,0.0,2874.0,2874.0,2874.0,0.0
260280,Buíque,PE,eligible_phase1_proxy,0.0,2874.0,2874.0,2874.0,0.0
260270,Buenos Aires,PE,eligible_phase1_proxy,0.0,2874.0,2874.0,2874.0,0.0
260250,Brejinho,PE,eligible_phase1_proxy,0.0,2874.0,2874.0,2874.0,0.0
260240,Brejão,PE,eligible_phase1_proxy,0.0,2874.0,2874.0,2874.0,0.0
260560,Flores,PE,eligible_phase1_proxy,0.0,2874.0,2874.0,2874.0,0.0
260550,Ferreiros,PE,eligible_phase1_proxy,0.0,2874.0,2874.0,2874.0,0.0
260540,Feira Nova,PE,eligible_phase1_proxy,0.0,2874.0,2874.0,2874.0,0.0
260530,Exu,PE,eligible_phase1_proxy,0.0,2874.0,2874.0,2874.0,0.0
260520,Escada,PE,eligible_phase1_proxy,0.0,2874.0,2874.0,2874.0,0.0
260515,Dormentes,PE,eligible_phase1_proxy,0.0,2874.0,2874.0,2874.0,0.0
260510,Custódia,PE,eligible_phase1_proxy,0.0,2874.0,2874.0,2874.0,0.0
260500,Cupira,PE,eligible_phase1_proxy,0.0,2874.0,2874.0,2874.0,0.0
260490,Cumaru,PE,eligible_phase1_proxy,0.0,2874.0,2874.0,2874.0,0.0
260480,Cortês,PE,eligible_phase1_proxy,0.0,2874.0,2874.0,2874.0,0.0
260470,Correntes,PE,eligible_phase1_proxy,0.0,2874.0,2874.0,2874.0,0.0
260460,Condado,PE,eligible_phase1_proxy,0.0,2874.0,2874.0,2874.0,0.0
260450,Chã Grande,PE,eligible_phase1_proxy,0.0,2874.0,2874.0,2874.0,0.0
260440,Chã de Alegria,PE,eligible_phase1_proxy,0.0,2874.0,2874.0,2874.0,0.0
260430,Cedro,PE,eligible_phase1_proxy,0.0,2874.0,2874.0,2874.0,0.0
260420,Catende,PE,eligible_phase1_proxy,0.0,2874.0,2874.0,2874.0,0.0
260770,Itapetim,PE,eligible_phase1_proxy,0.0,2874.0,2874.0,2874.0,0.0
260765,Itambé,PE,eligible_phase1_proxy,0.0,2874.0,2874.0,2874.0,0.0
260760,Ilha de Itamaracá,PE,eligible_phase1_proxy,0.0,2874.0,2874.0,2874.0,0.0
260750,Itaíba,PE,eligible_phase1_proxy,0.0,2874.0,2874.0,2874.0,0.0
260740,Itacuruba,PE,eligible_phase1_proxy,0.0,2874.0,2874.0,2874.0,0.0
260730,Ipubi,PE,eligible_phase1_proxy,0.0,2874.0,2874.0,2874.0,0.0
260690,Iguaracy,PE,eligible_phase1_proxy,0.0,2874.0,2874.0,2874.0,0.0
260670,Ibirajuba,PE,eligible_phase1_proxy,0.0,2874.0,2874.0,2874.0,0.0
260660,Ibimirim,PE,eligible_phase1_proxy,0.0,2874.0,2874.0,2874.0,0.0
260650,Iati,PE,eligible_phase1_proxy,0.0,2874.0,2874.0,2874.0,0.0
260630,Granito,PE,eligible_phase1_proxy,0.0,2874.0,2874.0,2874.0,0.0
260620,Goiana,PE,eligible_phase1_proxy,0.0,2874.0,2874.0,2874.0,0.0
260610,Glória do Goitá,PE,eligible_phase1_proxy,0.0,2874.0,2874.0,2874.0,0.0
260590,Gameleira,PE,eligible_phase1_proxy,0.0,2874.0,2874.0,2874.0,0.0
260580,Frei Miguelinho,PE,eligible_phase1_proxy,0.0,2874.0,2874.0,2874.0,0.0
260570,Floresta,PE,eligible_phase1_proxy,0.0,2874.0,2874.0,2874.0,0.0
260900,Macaparana,PE,eligible_phase1_proxy,0.0,2874.0,2874.0,2874.0,0.0
260890,Limoeiro,PE,eligible_phase1_proxy,0.0,2874.0,2874.0,2874.0,0.0
260880,Lajedo,PE,eligible_phase1_proxy,0.0,2874.0,2874.0,2874.0,0.0
260875,Lagoa Grande,PE,eligible_phase1_proxy,0.0,2874.0,2874.0,2874.0,0.0
260870,Lagoa dos Gatos,PE,eligible_phase1_proxy,0.0,2874.0,2874.0,2874.0,0.0
260860,Lagoa do Ouro,PE,eligible_phase1_proxy,0.0,2874.0,2874.0,2874.0,0.0
260850,Lagoa de Itaenga,PE,eligible_phase1_proxy,0.0,2874.0,2874.0,2874.0,0.0
260840,Jurema,PE,eligible_phase1_proxy,0.0,2874.0,2874.0,2874.0,0.0
260830,Jupi,PE,eligible_phase1_proxy,0.0,2874.0,2874.0,2874.0,0.0
260825,Jucati,PE,eligible_phase1_proxy,0.0,2874.0,2874.0,2874.0,0.0
260820,Joaquim Nabuco,PE,eligible_phase1_proxy,0.0,2874.0,2874.0,2874.0,0.0
260810,João Alfredo,PE,eligible_phase1_proxy,0.0,2874.0,2874.0,2874.0,0.0
260805,Jatobá,PE,eligible_phase1_proxy,0.0,2874.0,2874.0,2874.0,0.0
260800,Jataúba,PE,eligible_phase1_proxy,0.0,2874.0,2874.0,2874.0,0.0
260780,Itaquitinga,PE,eligible_phase1_proxy,0.0,2874.0,2874.0,2874.0,0.0
260775,Itapissuma,PE,eligible_phase1_proxy,0.0,2874.0,2874.0,2874.0,0.0
220140,Barro Duro,PI,eligible_phase1_proxy,0.0,2874.0,2874.0,2874.0,0.0
220120,Barras,PI,eligible_phase1_proxy,0.0,2874.0,2874.0,2874.0,0.0
220117,Barra D'Alcântara,PI,eligible_phase1_proxy,0.0,2874.0,2874.0,2874.0,0.0
220115,Baixa Grande do Ribeiro,PI,eligible_phase1_proxy,0.0,2874.0,2874.0,2874.0,0.0
220110,Avelino Lopes,PI,eligible_phase1_proxy,0.0,2874.0,2874.0,2874.0,0.0
261020,Panelas,PE,eligible_phase1_proxy,0.0,2874.0,2874.0,2874.0,0.0
261010,Palmeirina,PE,eligible_phase1_proxy,0.0,2874.0,2874.0,2874.0,0.0
261000,Palmares,PE,eligible_phase1_proxy,0.0,2874.0,2874.0,2874.0,0.0
260990,Ouricuri,PE,eligible_phase1_proxy,0.0,2874.0,2874.0,2874.0,0.0
260980,Orocó,PE,eligible_phase1_proxy,0.0,2874.0,2874.0,2874.0,0.0
260970,Orobó,PE,eligible_phase1_proxy,0.0,2874.0,2874.0,2874.0,0.0
260950,Nazaré da Mata,PE,eligible_phase1_proxy,0.0,2874.0,2874.0,2874.0,0.0
260940,Moreno,PE,eligible_phase1_proxy,0.0,2874.0,2874.0,2874.0,0.0
260930,Mirandiba,PE,eligible_phase1_proxy,0.0,2874.0,2874.0,2874.0,0.0
260920,Maraial,PE,eligible_phase1_proxy,0.0,2874.0,2874.0,2874.0,0.0
260910,Machados,PE,eligible_phase1_proxy,0.0,2874.0,2874.0,2874.0,0.0
261140,Primavera,PE,eligible_phase1_proxy,0.0,2874.0,2874.0,2874.0,0.0
261130,Pombos,PE,eligible_phase1_proxy,0.0,2874.0,2874.0,2874.0,0.0
261120,Poção,PE,eligible_phase1_proxy,0.0,2874.0,2874.0,2874.0,0.0
261100,Petrolândia,PE,eligible_phase1_proxy,0.0,2874.0,2874.0,2874.0,0.0
261090,Pesqueira,PE,eligible_phase1_proxy,0.0,2874.0,2874.0,2874.0,0.0
261080,Pedra,PE,eligible_phase1_proxy,0.0,2874.0,2874.0,2874.0,0.0
261060,Paudalho,PE,eligible_phase1_proxy,0.0,2874.0,2874.0,2874.0,0.0
261050,Passira,PE,eligible_phase1_proxy,0.0,2874.0,2874.0,2874.0,0.0
261040,Parnamirim,PE,eligible_phase1_proxy,0.0,2874.0,2874.0,2874.0,0.0
261030,Paranatama,PE,eligible_phase1_proxy,0.0,2874.0,2874.0,2874.0,0.0
220190,Bom Jesus,PI,eligible_phase1_proxy,0.0,2874.0,2874.0,2874.0,0.0
220170,Bertolínia,PI,eligible_phase1_proxy,0.0,2874.0,2874.0,2874.0,0.0
220160,Beneditinos,PI,eligible_phase1_proxy,0.0,2874.0,2874.0,2874.0,0.0
220157,Belém do Piauí,PI,eligible_phase1_proxy,0.0,2874.0,2874.0,2874.0,0.0
220155,BELA VISTA DO PIAUI,PI,eligible_phase1_proxy,0.0,2874.0,2874.0,2874.0,0.0
220150,Batalha,PI,eligible_phase1_proxy,0.0,2874.0,2874.0,2874.0,0.0
261290,São Benedito do Sul,PE,eligible_phase1_proxy,0.0,2874.0,2874.0,2874.0,0.0
261280,Santa Terezinha,PE,eligible_phase1_proxy,0.0,2874.0,2874.0,2874.0,0.0
261270,Santa Maria do Cambucá,PE,eligible_phase1_proxy,0.0,2874.0,2874.0,2874.0,0.0
261260,Santa Maria da Boa Vista,PE,eligible_phase1_proxy,0.0,2874.0,2874.0,2874.0,0.0
261247,Santa Cruz da Baixa Verde,PE,eligible_phase1_proxy,0.0,2874.0,2874.0,2874.0,0.0
261245,Santa Cruz,PE,eligible_phase1_proxy,0.0,2874.0,2874.0,2874.0,0.0
261240,Sanharó,PE,eligible_phase1_proxy,0.0,2874.0,2874.0,2874.0,0.0
261230,Saloá,PE,eligible_phase1_proxy,0.0,2874.0,2874.0,2874.0,0.0
261220,Salgueiro,PE,eligible_phase1_proxy,0.0,2874.0,2874.0,2874.0,0.0
261210,Salgadinho,PE,eligible_phase1_proxy,0.0,2874.0,2874.0,2874.0,0.0
261200,Sairé,PE,eligible_phase1_proxy,0.0,2874.0,2874.0,2874.0,0.0
261190,Rio Formoso,PE,eligible_phase1_proxy,0.0,2874.0,2874.0,2874.0,0.0
261180,Ribeirão,PE,eligible_phase1_proxy,0.0,2874.0,2874.0,2874.0,0.0
261170,Riacho das Almas,PE,eligible_phase1_proxy,0.0,2874.0,2874.0,2874.0,0.0
261153,Quixaba,PE,eligible_phase1_proxy,0.0,2874.0,2874.0,2874.0,0.0
261150,Quipapá,PE,eligible_phase1_proxy,0.0,2874.0,2874.0,2874.0,0.0
261485,Tamandaré,PE,eligible_phase1_proxy,0.0,2874.0,2874.0,2874.0,0.0
261480,Tacaratu,PE,eligible_phase1_proxy,0.0,2874.0,2874.0,2874.0,0.0
261470,Tacaimbó,PE,eligible_phase1_proxy,0.0,2874.0,2874.0,2874.0,0.0
261460,Tabira,PE,eligible_phase1_proxy,0.0,2874.0,2874.0,2874.0,0.0
261450,Surubim,PE,eligible_phase1_proxy,0.0,2874.0,2874.0,2874.0,0.0
261430,Moreilândia,PE,eligible_phase1_proxy,0.0,2874.0,2874.0,2874.0,0.0
261410,Sertânia,PE,eligible_phase1_proxy,0.0,2874.0,2874.0,2874.0,0.0
261400,Serrita,PE,eligible_phase1_proxy,0.0,2874.0,2874.0,2874.0,0.0
261380,São Vicente Férrer,PE,eligible_phase1_proxy,0.0,2874.0,2874.0,2874.0,0.0
261370,São Lourenço da Mata,PE,eligible_phase1_proxy,0.0,2874.0,2874.0,2874.0,0.0
261360,São José do Egito,PE,eligible_phase1_proxy,0.0,2874.0,2874.0,2874.0,0.0
261350,São José do Belmonte,PE,eligible_phase1_proxy,0.0,2874.0,2874.0,2874.0,0.0
261340,São José da Coroa Grande,PE,eligible_phase1_proxy,0.0,2874.0,2874.0,2874.0,0.0
261330,São Joaquim do Monte,PE,eligible_phase1_proxy,0.0,2874.0,2874.0,2874.0,0.0
261320,São João,PE,eligible_phase1_proxy,0.0,2874.0,2874.0,2874.0,0.0
261310,São Caitano,PE,eligible_phase1_proxy,0.0,2874.0,2874.0,2874.0,0.0
261650,Xexéu,PE,eligible_phase1_proxy,0.0,2874.0,2874.0,2874.0,0.0
261640,Vitória de Santo Antão,PE,eligible_phase1_proxy,0.0,2874.0,2874.0,2874.0,0.0
261630,Vicência,PE,eligible_phase1_proxy,0.0,2874.0,2874.0,2874.0,0.0
261620,Vertentes,PE,eligible_phase1_proxy,0.0,2874.0,2874.0,2874.0,0.0
261618,Vertente do Lério,PE,eligible_phase1_proxy,0.0,2874.0,2874.0,2874.0,0.0
261610,Verdejante,PE,eligible_phase1_proxy,0.0,2874.0,2874.0,2874.0,0.0
261600,Venturosa,PE,eligible_phase1_proxy,0.0,2874.0,2874.0,2874.0,0.0
261590,Tuparetama,PE,eligible_phase1_proxy,0.0,2874.0,2874.0,2874.0,0.0
261580,Tupanatinga,PE,eligible_phase1_proxy,0.0,2874.0,2874.0,2874.0,0.0
261570,Triunfo,PE,eligible_phase1_proxy,0.0,2874.0,2874.0,2874.0,0.0
261560,Trindade,PE,eligible_phase1_proxy,0.0,2874.0,2874.0,2874.0,0.0
261550,Tracunhaém,PE,eligible_phase1_proxy,0.0,2874.0,2874.0,2874.0,0.0
261530,Timbaúba,PE,eligible_phase1_proxy,0.0,2874.0,2874.0,2874.0,0.0
261520,Terra Nova,PE,eligible_phase1_proxy,0.0,2874.0,2874.0,2874.0,0.0
261510,Terezinha,PE,eligible_phase1_proxy,0.0,2874.0,2874.0,2874.0,0.0
261500,Taquaritinga do Norte,PE,eligible_phase1_proxy,0.0,2874.0,2874.0,2874.0,0.0
270160,Canapi,AL,eligible_phase1_proxy,0.0,2874.0,2874.0,2874.0,0.0
270150,Campo Grande,AL,eligible_phase1_proxy,0.0,2874.0,2874.0,2874.0,0.0
270140,Campo Alegre,AL,eligible_phase1_proxy,0.0,2874.0,2874.0,2874.0,0.0
270135,Campestre,AL,eligible_phase1_proxy,0.0,2874.0,2874.0,2874.0,0.0
270130,Cajueiro,AL,eligible_phase1_proxy,0.0,2874.0,2874.0,2874.0,0.0
270120,Cacimbinhas,AL,eligible_phase1_proxy,0.0,2874.0,2874.0,2874.0,0.0
270110,Branquinha,AL,eligible_phase1_proxy,0.0,2874.0,2874.0,2874.0,0.0
270100,Boca da Mata,AL,eligible_phase1_proxy,0.0,2874.0,2874.0,2874.0,0.0
270080,Belém,AL,eligible_phase1_proxy,0.0,2874.0,2874.0,2874.0,0.0
270070,Batalha,AL,eligible_phase1_proxy,0.0,2874.0,2874.0,2874.0,0.0
270060,Barra de São Miguel,AL,eligible_phase1_proxy,0.0,2874.0,2874.0,2874.0,0.0
270050,Barra de Santo Antônio,AL,eligible_phase1_proxy,0.0,2874.0,2874.0,2874.0,0.0
270040,Atalaia,AL,eligible_phase1_proxy,0.0,2874.0,2874.0,2874.0,0.0
270030,Arapiraca,AL,eligible_phase1_proxy,0.0,2874.0,2874.0,2874.0,0.0
270020,Anadia,AL,eligible_phase1_proxy,0.0,2874.0,2874.0,2874.0,0.0
270010,Água Branca,AL,eligible_phase1_proxy,0.0,2874.0,2874.0,2874.0,0.0
270310,Igaci,AL,eligible_phase1_proxy,0.0,2874.0,2874.0,2874.0,0.0
270300,Ibateguara,AL,eligible_phase1_proxy,0.0,2874.0,2874.0,2874.0,0.0
270290,Girau do Ponciano,AL,eligible_phase1_proxy,0.0,2874.0,2874.0,2874.0,0.0
270280,Flexeiras,AL,eligible_phase1_proxy,0.0,2874.0,2874.0,2874.0,0.0
270260,Feira Grande,AL,eligible_phase1_proxy,0.0,2874.0,2874.0,2874.0,0.0
270255,Estrela de Alagoas,AL,eligible_phase1_proxy,0.0,2874.0,2874.0,2874.0,0.0
270250,Dois Riachos,AL,eligible_phase1_proxy,0.0,2874.0,2874.0,2874.0,0.0
270240,Delmiro Gouveia,AL,eligible_phase1_proxy,0.0,2874.0,2874.0,2874.0,0.0
270235,Craíbas,AL,eligible_phase1_proxy,0.0,2874.0,2874.0,2874.0,0.0
270230,Coruripe,AL,eligible_phase1_proxy,0.0,2874.0,2874.0,2874.0,0.0
270220,Coqueiro Seco,AL,eligible_phase1_proxy,0.0,2874.0,2874.0,2874.0,0.0
270210,Colônia Leopoldina,AL,eligible_phase1_proxy,0.0,2874.0,2874.0,2874.0,0.0
270200,Coité do Nóia,AL,eligible_phase1_proxy,0.0,2874.0,2874.0,2874.0,0.0
270190,Chã Preta,AL,eligible_phase1_proxy,0.0,2874.0,2874.0,2874.0,0.0
270180,Carneiros,AL,eligible_phase1_proxy,0.0,2874.0,2874.0,2874.0,0.0
270170,Capela,AL,eligible_phase1_proxy,0.0,2874.0,2874.0,2874.0,0.0
270490,Mar Vermelho,AL,eligible_phase1_proxy,0.0,2874.0,2874.0,2874.0,0.0
270480,Maribondo,AL,eligible_phase1_proxy,0.0,2874.0,2874.0,2874.0,0.0
270470,Marechal Deodoro,AL,eligible_phase1_proxy,0.0,2874.0,2874.0,2874.0,0.0
270460,Maravilha,AL,eligible_phase1_proxy,0.0,2874.0,2874.0,2874.0,0.0
270450,Maragogi,AL,eligible_phase1_proxy,0.0,2874.0,2874.0,2874.0,0.0
270440,Major Isidoro,AL,eligible_phase1_proxy,0.0,2874.0,2874.0,2874.0,0.0
270420,Limoeiro de Anadia,AL,eligible_phase1_proxy,0.0,2874.0,2874.0,2874.0,0.0
270410,Lagoa da Canoa,AL,eligible_phase1_proxy,0.0,2874.0,2874.0,2874.0,0.0
270400,Junqueiro,AL,eligible_phase1_proxy,0.0,2874.0,2874.0,2874.0,0.0
270390,Jundiá,AL,eligible_phase1_proxy,0.0,2874.0,2874.0,2874.0,0.0
270380,Joaquim Gomes,AL,eligible_phase1_proxy,0.0,2874.0,2874.0,2874.0,0.0
270375,Jequiá da Praia,AL,eligible_phase1_proxy,0.0,2874.0,2874.0,2874.0,0.0
270370,Jaramataia,AL,eligible_phase1_proxy,0.0,2874.0,2874.0,2874.0,0.0
270340,Jacaré dos Homens,AL,eligible_phase1_proxy,0.0,2874.0,2874.0,2874.0,0.0
270330,Inhapi,AL,eligible_phase1_proxy,0.0,2874.0,2874.0,2874.0,0.0
270320,Igreja Nova,AL,eligible_phase1_proxy,0.0,2874.0,2874.0,2874.0,0.0
270650,Passo de Camaragibe,AL,eligible_phase1_proxy,0.0,2874.0,2874.0,2874.0,0.0
270644,Paripueira,AL,eligible_phase1_proxy,0.0,2874.0,2874.0,2874.0,0.0
270642,Pariconha,AL,eligible_phase1_proxy,0.0,2874.0,2874.0,2874.0,0.0
270640,Pão de Açúcar,AL,eligible_phase1_proxy,0.0,2874.0,2874.0,2874.0,0.0
270630,Palmeira dos Índios,AL,eligible_phase1_proxy,0.0,2874.0,2874.0,2874.0,0.0
270610,Ouro Branco,AL,eligible_phase1_proxy,0.0,2874.0,2874.0,2874.0,0.0
270590,Olho d'Água Grande,AL,eligible_phase1_proxy,0.0,2874.0,2874.0,2874.0,0.0
270580,Olho d'Água do Casado,AL,eligible_phase1_proxy,0.0,2874.0,2874.0,2874.0,0.0
270570,Olho d'Água das Flores,AL,eligible_phase1_proxy,0.0,2874.0,2874.0,2874.0,0.0
270560,Novo Lino,AL,eligible_phase1_proxy,0.0,2874.0,2874.0,2874.0,0.0
270550,Murici,AL,eligible_phase1_proxy,0.0,2874.0,2874.0,2874.0,0.0
270540,Monteirópolis,AL,eligible_phase1_proxy,0.0,2874.0,2874.0,2874.0,0.0
270530,Minador do Negrão,AL,eligible_phase1_proxy,0.0,2874.0,2874.0,2874.0,0.0
270520,Messias,AL,eligible_phase1_proxy,0.0,2874.0,2874.0,2874.0,0.0
270510,Matriz de Camaragibe,AL,eligible_phase1_proxy,0.0,2874.0,2874.0,2874.0,0.0
270500,Mata Grande,AL,eligible_phase1_proxy,0.0,2874.0,2874.0,2874.0,0.0
270830,São José da Laje,AL,eligible_phase1_proxy,0.0,2874.0,2874.0,2874.0,0.0
270820,São Brás,AL,eligible_phase1_proxy,0.0,2874.0,2874.0,2874.0,0.0
270810,Santana do Mundaú,AL,eligible_phase1_proxy,0.0,2874.0,2874.0,2874.0,0.0
270800,Santana do Ipanema,AL,eligible_phase1_proxy,0.0,2874.0,2874.0,2874.0,0.0
270790,Santa Luzia do Norte,AL,eligible_phase1_proxy,0.0,2874.0,2874.0,2874.0,0.0
270780,Roteiro,AL,eligible_phase1_proxy,0.0,2874.0,2874.0,2874.0,0.0
270770,Rio Largo,AL,eligible_phase1_proxy,0.0,2874.0,2874.0,2874.0,0.0
270760,Quebrangulo,AL,eligible_phase1_proxy,0.0,2874.0,2874.0,2874.0,0.0
270740,Porto de Pedras,AL,eligible_phase1_proxy,0.0,2874.0,2874.0,2874.0,0.0
270730,Porto Calvo,AL,eligible_phase1_proxy,0.0,2874.0,2874.0,2874.0,0.0
270720,Poço das Trincheiras,AL,eligible_phase1_proxy,0.0,2874.0,2874.0,2874.0,0.0
270710,Piranhas,AL,eligible_phase1_proxy,0.0,2874.0,2874.0,2874.0,0.0
270690,Pilar,AL,eligible_phase1_proxy,0.0,2874.0,2874.0,2874.0,0.0
270680,Piaçabuçu,AL,eligible_phase1_proxy,0.0,2874.0,2874.0,2874.0,0.0
270670,Penedo,AL,eligible_phase1_proxy,0.0,2874.0,2874.0,2874.0,0.0
270660,Paulo Jacinto,AL,eligible_phase1_proxy,0.0,2874.0,2874.0,2874.0,0.0
280050,Areia Branca,SE,eligible_phase1_proxy,0.0,2874.0,2874.0,2874.0,0.0
280040,Arauá,SE,eligible_phase1_proxy,0.0,2874.0,2874.0,2874.0,0.0
280020,Aquidabã,SE,eligible_phase1_proxy,0.0,2874.0,2874.0,2874.0,0.0
270940,Viçosa,AL,eligible_phase1_proxy,0.0,2874.0,2874.0,2874.0,0.0
270930,União dos Palmares,AL,eligible_phase1_proxy,0.0,2874.0,2874.0,2874.0,0.0
270920,Traipu,AL,eligible_phase1_proxy,0.0,2874.0,2874.0,2874.0,0.0
270915,Teotônio Vilela,AL,eligible_phase1_proxy,0.0,2874.0,2874.0,2874.0,0.0
270910,Taquarana,AL,eligible_phase1_proxy,0.0,2874.0,2874.0,2874.0,0.0
270900,Tanque d'Arca,AL,eligible_phase1_proxy,0.0,2874.0,2874.0,2874.0,0.0
270895,Senador Rui Palmeira,AL,eligible_phase1_proxy,0.0,2874.0,2874.0,2874.0,0.0
270890,Satuba,AL,eligible_phase1_proxy,0.0,2874.0,2874.0,2874.0,0.0
270880,São Sebastião,AL,eligible_phase1_proxy,0.0,2874.0,2874.0,2874.0,0.0
270870,São Miguel dos Milagres,AL,eligible_phase1_proxy,0.0,2874.0,2874.0,2874.0,0.0
270860,São Miguel dos Campos,AL,eligible_phase1_proxy,0.0,2874.0,2874.0,2874.0,0.0
270850,São Luís do Quitunde,AL,eligible_phase1_proxy,0.0,2874.0,2874.0,2874.0,0.0
270840,São José da Tapera,AL,eligible_phase1_proxy,0.0,2874.0,2874.0,2874.0,0.0
280300,Itabaianinha,SE,eligible_phase1_proxy,0.0,2874.0,2874.0,2874.0,0.0
280280,Indiaroba,SE,eligible_phase1_proxy,0.0,2874.0,2874.0,2874.0,0.0
280270,Ilha das Flores,SE,eligible_phase1_proxy,0.0,2874.0,2874.0,2874.0,0.0
280260,Graccho Cardoso,SE,eligible_phase1_proxy,0.0,2874.0,2874.0,2874.0,0.0
280240,Gararu,SE,eligible_phase1_proxy,0.0,2874.0,2874.0,2874.0,0.0
280230,Frei Paulo,SE,eligible_phase1_proxy,0.0,2874.0,2874.0,2874.0,0.0
280220,Feira Nova,SE,eligible_phase1_proxy,0.0,2874.0,2874.0,2874.0,0.0
280210,Estância,SE,eligible_phase1_proxy,0.0,2874.0,2874.0,2874.0,0.0
280170,Cristinápolis,SE,eligible_phase1_proxy,0.0,2874.0,2874.0,2874.0,0.0
280160,Cedro de São João,SE,eligible_phase1_proxy,0.0,2874.0,2874.0,2874.0,0.0
280150,Carmópolis,SE,eligible_phase1_proxy,0.0,2874.0,2874.0,2874.0,0.0
280140,Carira,SE,eligible_phase1_proxy,0.0,2874.0,2874.0,2874.0,0.0
280130,Capela,SE,eligible_phase1_proxy,0.0,2874.0,2874.0,2874.0,0.0
280120,Canindé de São Francisco,SE,eligible_phase1_proxy,0.0,2874.0,2874.0,2874.0,0.0
280100,Campo do Brito,SE,eligible_phase1_proxy,0.0,2874.0,2874.0,2874.0,0.0
280067,Boquim,SE,eligible_phase1_proxy,0.0,2874.0,2874.0,2874.0,0.0
280480,Nossa Senhora do Socorro,SE,eligible_phase1_proxy,0.0,2874.0,2874.0,2874.0,0.0
280470,Nossa Senhora de Lourdes,SE,eligible_phase1_proxy,0.0,2874.0,2874.0,2874.0,0.0
280460,Nossa Senhora das Dores,SE,eligible_phase1_proxy,0.0,2874.0,2874.0,2874.0,0.0
280450,Nossa Senhora da Glória,SE,eligible_phase1_proxy,0.0,2874.0,2874.0,2874.0,0.0
280445,Nossa Senhora Aparecida,SE,eligible_phase1_proxy,0.0,2874.0,2874.0,2874.0,0.0
280430,Muribeca,SE,eligible_phase1_proxy,0.0,2874.0,2874.0,2874.0,0.0
280420,Monte Alegre de Sergipe,SE,eligible_phase1_proxy,0.0,2874.0,2874.0,2874.0,0.0
280410,Moita Bonita,SE,eligible_phase1_proxy,0.0,2874.0,2874.0,2874.0,0.0
280400,Maruim,SE,eligible_phase1_proxy,0.0,2874.0,2874.0,2874.0,0.0
280390,Malhador,SE,eligible_phase1_proxy,0.0,2874.0,2874.0,2874.0,0.0
280370,Macambira,SE,eligible_phase1_proxy,0.0,2874.0,2874.0,2874.0,0.0
280360,Laranjeiras,SE,eligible_phase1_proxy,0.0,2874.0,2874.0,2874.0,0.0
280350,Lagarto,SE,eligible_phase1_proxy,0.0,2874.0,2874.0,2874.0,0.0
280330,Japaratuba,SE,eligible_phase1_proxy,0.0,2874.0,2874.0,2874.0,0.0
280320,Itaporanga d'Ajuda,SE,eligible_phase1_proxy,0.0,2874.0,2874.0,2874.0,0.0
280310,ITABI,SE,eligible_phase1_proxy,0.0,2874.0,2874.0,2874.0,0.0
280720,Siriri,SE,eligible_phase1_proxy,0.0,2874.0,2874.0,2874.0,0.0
280710,Simão Dias,SE,eligible_phase1_proxy,0.0,2874.0,2874.0,2874.0,0.0
280690,São Francisco,SE,eligible_phase1_proxy,0.0,2874.0,2874.0,2874.0,0.0
280680,São Domingos,SE,eligible_phase1_proxy,0.0,2874.0,2874.0,2874.0,0.0
280670,São Cristóvão,SE,eligible_phase1_proxy,0.0,2874.0,2874.0,2874.0,0.0
280660,Santo Amaro das Brotas,SE,eligible_phase1_proxy,0.0,2874.0,2874.0,2874.0,0.0
280650,Santa Rosa de Lima,SE,eligible_phase1_proxy,0.0,2874.0,2874.0,2874.0,0.0
280620,Salgado,SE,eligible_phase1_proxy,0.0,2874.0,2874.0,2874.0,0.0
280600,Ribeirópolis,SE,eligible_phase1_proxy,0.0,2874.0,2874.0,2874.0,0.0
280580,Riachão do Dantas,SE,eligible_phase1_proxy,0.0,2874.0,2874.0,2874.0,0.0
280570,Propriá,SE,eligible_phase1_proxy,0.0,2874.0,2874.0,2874.0,0.0
280560,Porto da Folha,SE,eligible_phase1_proxy,0.0,2874.0,2874.0,2874.0,0.0
280550,Poço Verde,SE,eligible_phase1_proxy,0.0,2874.0,2874.0,2874.0,0.0
280540,Poço Redondo,SE,eligible_phase1_proxy,0.0,2874.0,2874.0,2874.0,0.0
280520,Pinhão,SE,eligible_phase1_proxy,0.0,2874.0,2874.0,2874.0,0.0
280510,Pedrinhas,SE,eligible_phase1_proxy,0.0,2874.0,2874.0,2874.0,0.0
290130,Andaraí,BA,eligible_phase1_proxy,0.0,2874.0,2874.0,2874.0,0.0
290120,Anagé,BA,eligible_phase1_proxy,0.0,2874.0,2874.0,2874.0,0.0
290115,América Dourada,BA,eligible_phase1_proxy,0.0,2874.0,2874.0,2874.0,0.0
290110,Amélia Rodrigues,BA,eligible_phase1_proxy,0.0,2874.0,2874.0,2874.0,0.0
290100,Amargosa,BA,eligible_phase1_proxy,0.0,2874.0,2874.0,2874.0,0.0
290080,Alcobaça,BA,eligible_phase1_proxy,0.0,2874.0,2874.0,2874.0,0.0
290060,Aiquara,BA,eligible_phase1_proxy,0.0,2874.0,2874.0,2874.0,0.0
290050,Érico Cardoso,BA,eligible_phase1_proxy,0.0,2874.0,2874.0,2874.0,0.0
290040,Água Fria,BA,eligible_phase1_proxy,0.0,2874.0,2874.0,2874.0,0.0
290035,Adustina,BA,eligible_phase1_proxy,0.0,2874.0,2874.0,2874.0,0.0
290030,Acajutiba,BA,eligible_phase1_proxy,0.0,2874.0,2874.0,2874.0,0.0
290020,Abaré,BA,eligible_phase1_proxy,0.0,2874.0,2874.0,2874.0,0.0
290010,Abaíra,BA,eligible_phase1_proxy,0.0,2874.0,2874.0,2874.0,0.0
280760,Umbaúba,SE,eligible_phase1_proxy,0.0,2874.0,2874.0,2874.0,0.0
280750,Tomar do Geru,SE,eligible_phase1_proxy,0.0,2874.0,2874.0,2874.0,0.0
280740,Tobias Barreto,SE,eligible_phase1_proxy,0.0,2874.0,2874.0,2874.0,0.0
290280,Barra da Estiva,BA,eligible_phase1_proxy,0.0,2874.0,2874.0,2874.0,0.0
290270,Barra,BA,eligible_phase1_proxy,0.0,2874.0,2874.0,2874.0,0.0
290265,Banzaê,BA,eligible_phase1_proxy,0.0,2874.0,2874.0,2874.0,0.0
290260,Baixa Grande,BA,eligible_phase1_proxy,0.0,2874.0,2874.0,2874.0,0.0
290250,Baianópolis,BA,eligible_phase1_proxy,0.0,2874.0,2874.0,2874.0,0.0
290240,Aurelino Leal,BA,eligible_phase1_proxy,0.0,2874.0,2874.0,2874.0,0.0
290230,Aratuípe,BA,eligible_phase1_proxy,0.0,2874.0,2874.0,2874.0,0.0
290225,Arataca,BA,eligible_phase1_proxy,0.0,2874.0,2874.0,2874.0,0.0
290210,Araci,BA,eligible_phase1_proxy,0.0,2874.0,2874.0,2874.0,0.0
290200,Aracatu,BA,eligible_phase1_proxy,0.0,2874.0,2874.0,2874.0,0.0
290195,Apuarema,BA,eligible_phase1_proxy,0.0,2874.0,2874.0,2874.0,0.0
290190,Aporá,BA,eligible_phase1_proxy,0.0,2874.0,2874.0,2874.0,0.0
290180,Antônio Gonçalves,BA,eligible_phase1_proxy,0.0,2874.0,2874.0,2874.0,0.0
290160,Antas,BA,eligible_phase1_proxy,0.0,2874.0,2874.0,2874.0,0.0
290140,Angical,BA,eligible_phase1_proxy,0.0,2874.0,2874.0,2874.0,0.0
290135,Andorinha,BA,eligible_phase1_proxy,0.0,2874.0,2874.0,2874.0,0.0
290410,Boquira,BA,eligible_phase1_proxy,0.0,2874.0,2874.0,2874.0,0.0
290405,Bonito,BA,eligible_phase1_proxy,0.0,2874.0,2874.0,2874.0,0.0
290395,Bom Jesus da Serra,BA,eligible_phase1_proxy,0.0,2874.0,2874.0,2874.0,0.0
290390,Bom Jesus da Lapa,BA,eligible_phase1_proxy,0.0,2874.0,2874.0,2874.0,0.0
290380,Boa Vista do Tupim,BA,eligible_phase1_proxy,0.0,2874.0,2874.0,2874.0,0.0
290370,Boa Nova,BA,eligible_phase1_proxy,0.0,2874.0,2874.0,2874.0,0.0
290360,Biritinga,BA,eligible_phase1_proxy,0.0,2874.0,2874.0,2874.0,0.0
290350,Belo Campo,BA,eligible_phase1_proxy,0.0,2874.0,2874.0,2874.0,0.0
290340,Belmonte,BA,eligible_phase1_proxy,0.0,2874.0,2874.0,2874.0,0.0
290330,Barro Preto,BA,eligible_phase1_proxy,0.0,2874.0,2874.0,2874.0,0.0
290327,Barrocas,BA,eligible_phase1_proxy,0.0,2874.0,2874.0,2874.0,0.0
290323,Barro Alto,BA,eligible_phase1_proxy,0.0,2874.0,2874.0,2874.0,0.0
290320,Barreiras,BA,eligible_phase1_proxy,0.0,2874.0,2874.0,2874.0,0.0
290310,Barra do Rocha,BA,eligible_phase1_proxy,0.0,2874.0,2874.0,2874.0,0.0
290300,Barra do Mendes,BA,eligible_phase1_proxy,0.0,2874.0,2874.0,2874.0,0.0
290290,Barra do Choça,BA,eligible_phase1_proxy,0.0,2874.0,2874.0,2874.0,0.0
290590,Campo Alegre de Lourdes,BA,eligible_phase1_proxy,0.0,2874.0,2874.0,2874.0,0.0
290580,Camamu,BA,eligible_phase1_proxy,0.0,2874.0,2874.0,2874.0,0.0
290560,Camacan,BA,eligible_phase1_proxy,0.0,2874.0,2874.0,2874.0,0.0
290550,Caldeirão Grande,BA,eligible_phase1_proxy,0.0,2874.0,2874.0,2874.0,0.0
290530,Cafarnaum,BA,eligible_phase1_proxy,0.0,2874.0,2874.0,2874.0,0.0
290520,Caetité,BA,eligible_phase1_proxy,0.0,2874.0,2874.0,2874.0,0.0
290515,Caetanos,BA,eligible_phase1_proxy,0.0,2874.0,2874.0,2874.0,0.0
290500,Caculé,BA,eligible_phase1_proxy,0.0,2874.0,2874.0,2874.0,0.0
290490,Cachoeira,BA,eligible_phase1_proxy,0.0,2874.0,2874.0,2874.0,0.0
290485,Cabaceiras do Paraguaçu,BA,eligible_phase1_proxy,0.0,2874.0,2874.0,2874.0,0.0
290475,Buritirama,BA,eligible_phase1_proxy,0.0,2874.0,2874.0,2874.0,0.0
290470,Buerarema,BA,eligible_phase1_proxy,0.0,2874.0,2874.0,2874.0,0.0
290450,Brotas de Macaúbas,BA,eligible_phase1_proxy,0.0,2874.0,2874.0,2874.0,0.0
290440,Brejolândia,BA,eligible_phase1_proxy,0.0,2874.0,2874.0,2874.0,0.0
290430,Brejões,BA,eligible_phase1_proxy,0.0,2874.0,2874.0,2874.0,0.0
290420,Botuporã,BA,eligible_phase1_proxy,0.0,2874.0,2874.0,2874.0,0.0
290730,Castro Alves,BA,eligible_phase1_proxy,0.0,2874.0,2874.0,2874.0,0.0
290710,Carinhanha,BA,eligible_phase1_proxy,0.0,2874.0,2874.0,2874.0,0.0
290690,Caravelas,BA,eligible_phase1_proxy,0.0,2874.0,2874.0,2874.0,0.0
290689,Caraíbas,BA,eligible_phase1_proxy,0.0,2874.0,2874.0,2874.0,0.0
290687,Capim Grosso,BA,eligible_phase1_proxy,0.0,2874.0,2874.0,2874.0,0.0
290685,Capela do Alto Alegre,BA,eligible_phase1_proxy,0.0,2874.0,2874.0,2874.0,0.0
290682,Canudos,BA,eligible_phase1_proxy,0.0,2874.0,2874.0,2874.0,0.0
290680,Cansanção,BA,eligible_phase1_proxy,0.0,2874.0,2874.0,2874.0,0.0
290670,Cândido Sales,BA,eligible_phase1_proxy,0.0,2874.0,2874.0,2874.0,0.0
290660,Candiba,BA,eligible_phase1_proxy,0.0,2874.0,2874.0,2874.0,0.0
290650,Candeias,BA,eligible_phase1_proxy,0.0,2874.0,2874.0,2874.0,0.0
290640,Candeal,BA,eligible_phase1_proxy,0.0,2874.0,2874.0,2874.0,0.0
290630,Canavieiras,BA,eligible_phase1_proxy,0.0,2874.0,2874.0,2874.0,0.0
290620,Canarana,BA,eligible_phase1_proxy,0.0,2874.0,2874.0,2874.0,0.0
290610,Canápolis,BA,eligible_phase1_proxy,0.0,2874.0,2874.0,2874.0,0.0
290600,Campo Formoso,BA,eligible_phase1_proxy,0.0,2874.0,2874.0,2874.0,0.0
290900,Cordeiros,BA,eligible_phase1_proxy,0.0,2874.0,2874.0,2874.0,0.0
290890,Coração de Maria,BA,eligible_phase1_proxy,0.0,2874.0,2874.0,2874.0,0.0
290880,Contendas do Sincorá,BA,eligible_phase1_proxy,0.0,2874.0,2874.0,2874.0,0.0
290870,Condeúba,BA,eligible_phase1_proxy,0.0,2874.0,2874.0,2874.0,0.0
290860,Conde,BA,eligible_phase1_proxy,0.0,2874.0,2874.0,2874.0,0.0
290850,Conceição do Jacuípe,BA,eligible_phase1_proxy,0.0,2874.0,2874.0,2874.0,0.0
290840,Conceição do Coité,BA,eligible_phase1_proxy,0.0,2874.0,2874.0,2874.0,0.0
290830,Conceição do Almeida,BA,eligible_phase1_proxy,0.0,2874.0,2874.0,2874.0,0.0
290810,Cocos,BA,eligible_phase1_proxy,0.0,2874.0,2874.0,2874.0,0.0
290800,Coaraci,BA,eligible_phase1_proxy,0.0,2874.0,2874.0,2874.0,0.0
290790,Cipó,BA,eligible_phase1_proxy,0.0,2874.0,2874.0,2874.0,0.0
290780,Cícero Dantas,BA,eligible_phase1_proxy,0.0,2874.0,2874.0,2874.0,0.0
290760,Central,BA,eligible_phase1_proxy,0.0,2874.0,2874.0,2874.0,0.0
290755,Caturama,BA,eligible_phase1_proxy,0.0,2874.0,2874.0,2874.0,0.0
290750,Catu,BA,eligible_phase1_proxy,0.0,2874.0,2874.0,2874.0,0.0
290740,Catolândia,BA,eligible_phase1_proxy,0.0,2874.0,2874.0,2874.0,0.0
291075,Fátima,BA,eligible_phase1_proxy,0.0,2874.0,2874.0,2874.0,0.0
291072,Eunápolis,BA,eligible_phase1_proxy,0.0,2874.0,2874.0,2874.0,0.0
291070,Euclides da Cunha,BA,eligible_phase1_proxy,0.0,2874.0,2874.0,2874.0,0.0
291060,Esplanada,BA,eligible_phase1_proxy,0.0,2874.0,2874.0,2874.0,0.0
291050,Entre Rios,BA,eligible_phase1_proxy,0.0,2874.0,2874.0,2874.0,0.0
291040,Encruzilhada,BA,eligible_phase1_proxy,0.0,2874.0,2874.0,2874.0,0.0
291010,Dom Basílio,BA,eligible_phase1_proxy,0.0,2874.0,2874.0,2874.0,0.0
291000,Dário Meira,BA,eligible_phase1_proxy,0.0,2874.0,2874.0,2874.0,0.0
290990,Curaçá,BA,eligible_phase1_proxy,0.0,2874.0,2874.0,2874.0,0.0
290980,Cruz das Almas,BA,eligible_phase1_proxy,0.0,2874.0,2874.0,2874.0,0.0
290970,Cristópolis,BA,eligible_phase1_proxy,0.0,2874.0,2874.0,2874.0,0.0
290960,Crisópolis,BA,eligible_phase1_proxy,0.0,2874.0,2874.0,2874.0,0.0
290950,Cravolândia,BA,eligible_phase1_proxy,0.0,2874.0,2874.0,2874.0,0.0
290930,Correntina,BA,eligible_phase1_proxy,0.0,2874.0,2874.0,2874.0,0.0
290920,Coronel João Sá,BA,eligible_phase1_proxy,0.0,2874.0,2874.0,2874.0,0.0
290910,Coribe,BA,eligible_phase1_proxy,0.0,2874.0,2874.0,2874.0,0.0
291210,Ibicaraí,BA,eligible_phase1_proxy,0.0,2874.0,2874.0,2874.0,0.0
291200,Ibiassucê,BA,eligible_phase1_proxy,0.0,2874.0,2874.0,2874.0,0.0
291190,Iaçu,BA,eligible_phase1_proxy,0.0,2874.0,2874.0,2874.0,0.0
291185,Heliópolis,BA,eligible_phase1_proxy,0.0,2874.0,2874.0,2874.0,0.0
291180,Guaratinga,BA,eligible_phase1_proxy,0.0,2874.0,2874.0,2874.0,0.0
291170,Guanambi,BA,eligible_phase1_proxy,0.0,2874.0,2874.0,2874.0,0.0
291165,Guajeru,BA,eligible_phase1_proxy,0.0,2874.0,2874.0,2874.0,0.0
291160,Governador Mangabeira,BA,eligible_phase1_proxy,0.0,2874.0,2874.0,2874.0,0.0
291150,Gongogi,BA,eligible_phase1_proxy,0.0,2874.0,2874.0,2874.0,0.0
291130,Gentio do Ouro,BA,eligible_phase1_proxy,0.0,2874.0,2874.0,2874.0,0.0
291125,Gavião,BA,eligible_phase1_proxy,0.0,2874.0,2874.0,2874.0,0.0
291120,Gandu,BA,eligible_phase1_proxy,0.0,2874.0,2874.0,2874.0,0.0
291110,Formosa do Rio Preto,BA,eligible_phase1_proxy,0.0,2874.0,2874.0,2874.0,0.0
291100,Floresta Azul,BA,eligible_phase1_proxy,0.0,2874.0,2874.0,2874.0,0.0
291085,Filadélfia,BA,eligible_phase1_proxy,0.0,2874.0,2874.0,2874.0,0.0
291077,Feira da Mata,BA,eligible_phase1_proxy,0.0,2874.0,2874.0,2874.0,0.0
220005,Acauã,PI,eligible_phase1_proxy,0.0,2874.0,2874.0,2874.0,0.0
291440,Iraquara,BA,eligible_phase1_proxy,0.0,2874.0,2874.0,2874.0,0.0
291430,Iramaia,BA,eligible_phase1_proxy,0.0,2874.0,2874.0,2874.0,0.0
291410,Ipupiara,BA,eligible_phase1_proxy,0.0,2874.0,2874.0,2874.0,0.0
291390,Ipiaú,BA,eligible_phase1_proxy,0.0,2874.0,2874.0,2874.0,0.0
291370,Inhambupe,BA,eligible_phase1_proxy,0.0,2874.0,2874.0,2874.0,0.0
291350,Iguaí,BA,eligible_phase1_proxy,0.0,2874.0,2874.0,2874.0,0.0
291340,Igaporã,BA,eligible_phase1_proxy,0.0,2874.0,2874.0,2874.0,0.0
291320,Ibotirama,BA,eligible_phase1_proxy,0.0,2874.0,2874.0,2874.0,0.0
291310,Ibititá,BA,eligible_phase1_proxy,0.0,2874.0,2874.0,2874.0,0.0
291280,Ibirapuã,BA,eligible_phase1_proxy,0.0,2874.0,2874.0,2874.0,0.0
291270,Ibirapitanga,BA,eligible_phase1_proxy,0.0,2874.0,2874.0,2874.0,0.0
291250,Ibipitanga,BA,eligible_phase1_proxy,0.0,2874.0,2874.0,2874.0,0.0
291240,Ibipeba,BA,eligible_phase1_proxy,0.0,2874.0,2874.0,2874.0,0.0
291230,Ibicuí,BA,eligible_phase1_proxy,0.0,2874.0,2874.0,2874.0,0.0
291220,Ibicoara,BA,eligible_phase1_proxy,0.0,2874.0,2874.0,2874.0,0.0
291470,Itaberaba,BA,eligible_phase1_proxy,0.0,2874.0,2874.0,2874.0,0.0
291465,Itabela,BA,eligible_phase1_proxy,0.0,2874.0,2874.0,2874.0,0.0
291460,Irecê,BA,eligible_phase1_proxy,0.0,2874.0,2874.0,2874.0,0.0
291450,Irará,BA,eligible_phase1_proxy,0.0,2874.0,2874.0,2874.0,0.0
220105,Assunção do Piauí,PI,eligible_phase1_proxy,0.0,2874.0,2874.0,2874.0,0.0
220100,Arraial,PI,eligible_phase1_proxy,0.0,2874.0,2874.0,2874.0,0.0
220090,Aroazes,PI,eligible_phase1_proxy,0.0,2874.0,2874.0,2874.0,0.0
220080,Antônio Almeida,PI,eligible_phase1_proxy,0.0,2874.0,2874.0,2874.0,0.0
220070,Anísio de Abreu,PI,eligible_phase1_proxy,0.0,2874.0,2874.0,2874.0,0.0
220060,Angical do Piauí,PI,eligible_phase1_proxy,0.0,2874.0,2874.0,2874.0,0.0
220050,Amarante,PI,eligible_phase1_proxy,0.0,2874.0,2874.0,2874.0,0.0
220040,Altos,PI,eligible_phase1_proxy,0.0,2874.0,2874.0,2874.0,0.0
220030,Alto Longá,PI,eligible_phase1_proxy,0.0,2874.0,2874.0,2874.0,0.0
220027,Alegrete do Piauí,PI,eligible_phase1_proxy,0.0,2874.0,2874.0,2874.0,0.0
220025,Alagoinha do Piauí,PI,eligible_phase1_proxy,0.0,2874.0,2874.0,2874.0,0.0
220020,Água Branca,PI,eligible_phase1_proxy,0.0,2874.0,2874.0,2874.0,0.0
291650,Itapicuru,BA,eligible_phase1_proxy,0.0,2874.0,2874.0,2874.0,0.0
291640,Itapetinga,BA,eligible_phase1_proxy,0.0,2874.0,2874.0,2874.0,0.0
291630,Itapebi,BA,eligible_phase1_proxy,0.0,2874.0,2874.0,2874.0,0.0
291620,Itapé,BA,eligible_phase1_proxy,0.0,2874.0,2874.0,2874.0,0.0
291610,Itaparica,BA,eligible_phase1_proxy,0.0,2874.0,2874.0,2874.0,0.0
291600,Itanhém,BA,eligible_phase1_proxy,0.0,2874.0,2874.0,2874.0,0.0
291580,Itambé,BA,eligible_phase1_proxy,0.0,2874.0,2874.0,2874.0,0.0
291570,Itamari,BA,eligible_phase1_proxy,0.0,2874.0,2874.0,2874.0,0.0
291560,Itamaraju,BA,eligible_phase1_proxy,0.0,2874.0,2874.0,2874.0,0.0
291550,Itajuípe,BA,eligible_phase1_proxy,0.0,2874.0,2874.0,2874.0,0.0
291540,Itaju do Colônia,BA,eligible_phase1_proxy,0.0,2874.0,2874.0,2874.0,0.0
291535,Itaguaçu da Bahia,BA,eligible_phase1_proxy,0.0,2874.0,2874.0,2874.0,0.0
291530,Itagimirim,BA,eligible_phase1_proxy,0.0,2874.0,2874.0,2874.0,0.0
291520,Itagibá,BA,eligible_phase1_proxy,0.0,2874.0,2874.0,2874.0,0.0
291510,Itagi,BA,eligible_phase1_proxy,0.0,2874.0,2874.0,2874.0,0.0
291490,Itacaré,BA,eligible_phase1_proxy,0.0,2874.0,2874.0,2874.0,0.0
291800,Jequié,BA,eligible_phase1_proxy,0.0,2874.0,2874.0,2874.0,0.0
291770,Jaguarari,BA,eligible_phase1_proxy,0.0,2874.0,2874.0,2874.0,0.0
291760,Jaguaquara,BA,eligible_phase1_proxy,0.0,2874.0,2874.0,2874.0,0.0
291750,Jacobina,BA,eligible_phase1_proxy,0.0,2874.0,2874.0,2874.0,0.0
291740,Jacaraci,BA,eligible_phase1_proxy,0.0,2874.0,2874.0,2874.0,0.0
291735,Jaborandi,BA,eligible_phase1_proxy,0.0,2874.0,2874.0,2874.0,0.0
291733,Iuiu,BA,eligible_phase1_proxy,0.0,2874.0,2874.0,2874.0,0.0
291730,Ituberá,BA,eligible_phase1_proxy,0.0,2874.0,2874.0,2874.0,0.0
291720,Ituaçu,BA,eligible_phase1_proxy,0.0,2874.0,2874.0,2874.0,0.0
291710,Itororó,BA,eligible_phase1_proxy,0.0,2874.0,2874.0,2874.0,0.0
291700,Itiúba,BA,eligible_phase1_proxy,0.0,2874.0,2874.0,2874.0,0.0
291690,Itiruçu,BA,eligible_phase1_proxy,0.0,2874.0,2874.0,2874.0,0.0
291685,Itatim,BA,eligible_phase1_proxy,0.0,2874.0,2874.0,2874.0,0.0
291680,Itarantim,BA,eligible_phase1_proxy,0.0,2874.0,2874.0,2874.0,0.0
291670,Itaquara,BA,eligible_phase1_proxy,0.0,2874.0,2874.0,2874.0,0.0
291660,Itapitanga,BA,eligible_phase1_proxy,0.0,2874.0,2874.0,2874.0,0.0
291950,Livramento de Nossa Senhora,BA,eligible_phase1_proxy,0.0,2874.0,2874.0,2874.0,0.0
291940,Licínio de Almeida,BA,eligible_phase1_proxy,0.0,2874.0,2874.0,2874.0,0.0
291930,Lençóis,BA,eligible_phase1_proxy,0.0,2874.0,2874.0,2874.0,0.0
291915,Lapão,BA,eligible_phase1_proxy,0.0,2874.0,2874.0,2874.0,0.0
291905,Lajedo do Tabocal,BA,eligible_phase1_proxy,0.0,2874.0,2874.0,2874.0,0.0
291890,Lajedão,BA,eligible_phase1_proxy,0.0,2874.0,2874.0,2874.0,0.0
291880,Laje,BA,eligible_phase1_proxy,0.0,2874.0,2874.0,2874.0,0.0
291875,Lagoa Real,BA,eligible_phase1_proxy,0.0,2874.0,2874.0,2874.0,0.0
291870,Lafaiete Coutinho,BA,eligible_phase1_proxy,0.0,2874.0,2874.0,2874.0,0.0
291860,Jussiape,BA,eligible_phase1_proxy,0.0,2874.0,2874.0,2874.0,0.0
291855,Jussari,BA,eligible_phase1_proxy,0.0,2874.0,2874.0,2874.0,0.0
291845,Jucuruçu,BA,eligible_phase1_proxy,0.0,2874.0,2874.0,2874.0,0.0
291835,João Dourado,BA,eligible_phase1_proxy,0.0,2874.0,2874.0,2874.0,0.0
291830,JITAUNA,BA,eligible_phase1_proxy,0.0,2874.0,2874.0,2874.0,0.0
291820,Jiquiriçá,BA,eligible_phase1_proxy,0.0,2874.0,2874.0,2874.0,0.0
291810,Jeremoabo,BA,eligible_phase1_proxy,0.0,2874.0,2874.0,2874.0,0.0
292110,Medeiros Neto,BA,eligible_phase1_proxy,0.0,2874.0,2874.0,2874.0,0.0
292105,Matina,BA,eligible_phase1_proxy,0.0,2874.0,2874.0,2874.0,0.0
292100,Mata de São João,BA,eligible_phase1_proxy,0.0,2874.0,2874.0,2874.0,0.0
292090,Mascote,BA,eligible_phase1_proxy,0.0,2874.0,2874.0,2874.0,0.0
292080,Marcionílio Souza,BA,eligible_phase1_proxy,0.0,2874.0,2874.0,2874.0,0.0
292070,Maraú,BA,eligible_phase1_proxy,0.0,2874.0,2874.0,2874.0,0.0
292060,Maragogipe,BA,eligible_phase1_proxy,0.0,2874.0,2874.0,2874.0,0.0
292045,Mansidão,BA,eligible_phase1_proxy,0.0,2874.0,2874.0,2874.0,0.0
292040,Manoel Vitorino,BA,eligible_phase1_proxy,0.0,2874.0,2874.0,2874.0,0.0
292030,Malhada de Pedras,BA,eligible_phase1_proxy,0.0,2874.0,2874.0,2874.0,0.0
292020,Malhada,BA,eligible_phase1_proxy,0.0,2874.0,2874.0,2874.0,0.0
292010,Mairi,BA,eligible_phase1_proxy,0.0,2874.0,2874.0,2874.0,0.0
292000,Maiquinique,BA,eligible_phase1_proxy,0.0,2874.0,2874.0,2874.0,0.0
291995,Maetinga,BA,eligible_phase1_proxy,0.0,2874.0,2874.0,2874.0,0.0
291980,Macaúbas,BA,eligible_phase1_proxy,0.0,2874.0,2874.0,2874.0,0.0
291960,Macajuba,BA,eligible_phase1_proxy,0.0,2874.0,2874.0,2874.0,0.0
292270,Nova Canaã,BA,eligible_phase1_proxy,0.0,2874.0,2874.0,2874.0,0.0
292265,Nordestina,BA,eligible_phase1_proxy,0.0,2874.0,2874.0,2874.0,0.0
292260,Nilo Peçanha,BA,eligible_phase1_proxy,0.0,2874.0,2874.0,2874.0,0.0
292250,Nazaré,BA,eligible_phase1_proxy,0.0,2874.0,2874.0,2874.0,0.0
292240,Mutuípe,BA,eligible_phase1_proxy,0.0,2874.0,2874.0,2874.0,0.0
292230,Muritiba,BA,eligible_phase1_proxy,0.0,2874.0,2874.0,2874.0,0.0
292220,Muniz Ferreira,BA,eligible_phase1_proxy,0.0,2874.0,2874.0,2874.0,0.0
292210,Mundo Novo,BA,eligible_phase1_proxy,0.0,2874.0,2874.0,2874.0,0.0
292200,Mucuri,BA,eligible_phase1_proxy,0.0,2874.0,2874.0,2874.0,0.0
292190,Mucugê,BA,eligible_phase1_proxy,0.0,2874.0,2874.0,2874.0,0.0
292180,Mortugaba,BA,eligible_phase1_proxy,0.0,2874.0,2874.0,2874.0,0.0
292170,Morro do Chapéu,BA,eligible_phase1_proxy,0.0,2874.0,2874.0,2874.0,0.0
292150,Monte Santo,BA,eligible_phase1_proxy,0.0,2874.0,2874.0,2874.0,0.0
292145,Mirante,BA,eligible_phase1_proxy,0.0,2874.0,2874.0,2874.0,0.0
292130,Milagres,BA,eligible_phase1_proxy,0.0,2874.0,2874.0,2874.0,0.0
292120,Miguel Calmon,BA,eligible_phase1_proxy,0.0,2874.0,2874.0,2874.0,0.0
292405,Pé de Serra,BA,eligible_phase1_proxy,0.0,2874.0,2874.0,2874.0,0.0
292390,Pau Brasil,BA,eligible_phase1_proxy,0.0,2874.0,2874.0,2874.0,0.0
292380,Paripiranga,BA,eligible_phase1_proxy,0.0,2874.0,2874.0,2874.0,0.0
292370,Paratinga,BA,eligible_phase1_proxy,0.0,2874.0,2874.0,2874.0,0.0
292360,Paramirim,BA,eligible_phase1_proxy,0.0,2874.0,2874.0,2874.0,0.0
292350,Palmeiras,BA,eligible_phase1_proxy,0.0,2874.0,2874.0,2874.0,0.0
292340,Palmas de Monte Alto,BA,eligible_phase1_proxy,0.0,2874.0,2874.0,2874.0,0.0
292335,Ourolândia,BA,eligible_phase1_proxy,0.0,2874.0,2874.0,2874.0,0.0
292330,Ouriçangas,BA,eligible_phase1_proxy,0.0,2874.0,2874.0,2874.0,0.0
292320,Oliveira dos Brejinhos,BA,eligible_phase1_proxy,0.0,2874.0,2874.0,2874.0,0.0
292310,Olindina,BA,eligible_phase1_proxy,0.0,2874.0,2874.0,2874.0,0.0
292305,Novo Triunfo,BA,eligible_phase1_proxy,0.0,2874.0,2874.0,2874.0,0.0
292303,Novo Horizonte,BA,eligible_phase1_proxy,0.0,2874.0,2874.0,2874.0,0.0
292300,Nova Viçosa,BA,eligible_phase1_proxy,0.0,2874.0,2874.0,2874.0,0.0
292290,Nova Soure,BA,eligible_phase1_proxy,0.0,2874.0,2874.0,2874.0,0.0
292273,Nova Fátima,BA,eligible_phase1_proxy,0.0,2874.0,2874.0,2874.0,0.0
292560,Presidente Dutra,BA,eligible_phase1_proxy,0.0,2874.0,2874.0,2874.0,0.0
292550,Prado,BA,eligible_phase1_proxy,0.0,2874.0,2874.0,2874.0,0.0
292540,Potiraguá,BA,eligible_phase1_proxy,0.0,2874.0,2874.0,2874.0,0.0
292520,Pojuca,BA,eligible_phase1_proxy,0.0,2874.0,2874.0,2874.0,0.0
292510,Poções,BA,eligible_phase1_proxy,0.0,2874.0,2874.0,2874.0,0.0
292500,Planalto,BA,eligible_phase1_proxy,0.0,2874.0,2874.0,2874.0,0.0
292490,Planaltino,BA,eligible_phase1_proxy,0.0,2874.0,2874.0,2874.0,0.0
292480,Piritiba,BA,eligible_phase1_proxy,0.0,2874.0,2874.0,2874.0,0.0
292470,Piripá,BA,eligible_phase1_proxy,0.0,2874.0,2874.0,2874.0,0.0
292467,Piraí do Norte,BA,eligible_phase1_proxy,0.0,2874.0,2874.0,2874.0,0.0
292465,Pintadas,BA,eligible_phase1_proxy,0.0,2874.0,2874.0,2874.0,0.0
292460,Pindobaçu,BA,eligible_phase1_proxy,0.0,2874.0,2874.0,2874.0,0.0
292450,Pindaí,BA,eligible_phase1_proxy,0.0,2874.0,2874.0,2874.0,0.0
292430,PIATA,BA,eligible_phase1_proxy,0.0,2874.0,2874.0,2874.0,0.0
292420,Pedro Alexandre,BA,eligible_phase1_proxy,0.0,2874.0,2874.0,2874.0,0.0
292410,Pedrão,BA,eligible_phase1_proxy,0.0,2874.0,2874.0,2874.0,0.0
292700,Rio Real,BA,eligible_phase1_proxy,0.0,2874.0,2874.0,2874.0,0.0
292690,Rio do Pires,BA,eligible_phase1_proxy,0.0,2874.0,2874.0,2874.0,0.0
292680,Rio do Antônio,BA,eligible_phase1_proxy,0.0,2874.0,2874.0,2874.0,0.0
292670,Rio de Contas,BA,eligible_phase1_proxy,0.0,2874.0,2874.0,2874.0,0.0
292665,Ribeirão do Largo,BA,eligible_phase1_proxy,0.0,2874.0,2874.0,2874.0,0.0
292660,Ribeira do Pombal,BA,eligible_phase1_proxy,0.0,2874.0,2874.0,2874.0,0.0
292650,Ribeira do Amparo,BA,eligible_phase1_proxy,0.0,2874.0,2874.0,2874.0,0.0
292640,Riacho de Santana,BA,eligible_phase1_proxy,0.0,2874.0,2874.0,2874.0,0.0
292630,Riachão do Jacuípe,BA,eligible_phase1_proxy,0.0,2874.0,2874.0,2874.0,0.0
292610,Retirolândia,BA,eligible_phase1_proxy,0.0,2874.0,2874.0,2874.0,0.0
292600,Remanso,BA,eligible_phase1_proxy,0.0,2874.0,2874.0,2874.0,0.0
292593,Quixabeira,BA,eligible_phase1_proxy,0.0,2874.0,2874.0,2874.0,0.0
292590,Quijingue,BA,eligible_phase1_proxy,0.0,2874.0,2874.0,2874.0,0.0
292580,Queimadas,BA,eligible_phase1_proxy,0.0,2874.0,2874.0,2874.0,0.0
292575,Presidente Tancredo Neves,BA,eligible_phase1_proxy,0.0,2874.0,2874.0,2874.0,0.0
292570,Presidente Jânio Quadros,BA,eligible_phase1_proxy,0.0,2874.0,2874.0,2874.0,0.0
292890,São Desidério,BA,eligible_phase1_proxy,0.0,2874.0,2874.0,2874.0,0.0
292880,Santo Estêvão,BA,eligible_phase1_proxy,0.0,2874.0,2874.0,2874.0,0.0
292870,Santo Antônio de Jesus,BA,eligible_phase1_proxy,0.0,2874.0,2874.0,2874.0,0.0
292860,Santo Amaro,BA,eligible_phase1_proxy,0.0,2874.0,2874.0,2874.0,0.0
292850,Santa Terezinha,BA,eligible_phase1_proxy,0.0,2874.0,2874.0,2874.0,0.0
292840,Santa Rita de Cássia,BA,eligible_phase1_proxy,0.0,2874.0,2874.0,2874.0,0.0
292820,Santana,BA,eligible_phase1_proxy,0.0,2874.0,2874.0,2874.0,0.0
292810,Santa Maria da Vitória,BA,eligible_phase1_proxy,0.0,2874.0,2874.0,2874.0,0.0
292805,Santa Luzia,BA,eligible_phase1_proxy,0.0,2874.0,2874.0,2874.0,0.0
292800,Santaluz,BA,eligible_phase1_proxy,0.0,2874.0,2874.0,2874.0,0.0
292790,Santa Inês,BA,eligible_phase1_proxy,0.0,2874.0,2874.0,2874.0,0.0
292780,Santa Cruz da Vitória,BA,eligible_phase1_proxy,0.0,2874.0,2874.0,2874.0,0.0
292760,Santa Brígida,BA,eligible_phase1_proxy,0.0,2874.0,2874.0,2874.0,0.0
292750,Santa Bárbara,BA,eligible_phase1_proxy,0.0,2874.0,2874.0,2874.0,0.0
292730,Salinas da Margarida,BA,eligible_phase1_proxy,0.0,2874.0,2874.0,2874.0,0.0
292720,Ruy Barbosa,BA,eligible_phase1_proxy,0.0,2874.0,2874.0,2874.0,0.0
293030,Serra Dourada,BA,eligible_phase1_proxy,0.0,2874.0,2874.0,2874.0,0.0
293020,Sento Sé,BA,eligible_phase1_proxy,0.0,2874.0,2874.0,2874.0,0.0
293015,Serra do Ramalho,BA,eligible_phase1_proxy,0.0,2874.0,2874.0,2874.0,0.0
293000,Sebastião Laranjeiras,BA,eligible_phase1_proxy,0.0,2874.0,2874.0,2874.0,0.0
292975,Saubara,BA,eligible_phase1_proxy,0.0,2874.0,2874.0,2874.0,0.0
292970,Sátiro Dias,BA,eligible_phase1_proxy,0.0,2874.0,2874.0,2874.0,0.0
292960,Sapeaçu,BA,eligible_phase1_proxy,0.0,2874.0,2874.0,2874.0,0.0
292950,São Sebastião do Passé,BA,eligible_phase1_proxy,0.0,2874.0,2874.0,2874.0,0.0
292940,São Miguel das Matas,BA,eligible_phase1_proxy,0.0,2874.0,2874.0,2874.0,0.0
292937,São José do Jacuípe,BA,eligible_phase1_proxy,0.0,2874.0,2874.0,2874.0,0.0
292925,São Gabriel,BA,eligible_phase1_proxy,0.0,2874.0,2874.0,2874.0,0.0
292920,São Francisco do Conde,BA,eligible_phase1_proxy,0.0,2874.0,2874.0,2874.0,0.0
292910,São Felipe,BA,eligible_phase1_proxy,0.0,2874.0,2874.0,2874.0,0.0
292905,São Félix do Coribe,BA,eligible_phase1_proxy,0.0,2874.0,2874.0,2874.0,0.0
292900,São Félix,BA,eligible_phase1_proxy,0.0,2874.0,2874.0,2874.0,0.0
292895,São Domingos,BA,eligible_phase1_proxy,0.0,2874.0,2874.0,2874.0,0.0
293200,Uauá,BA,eligible_phase1_proxy,0.0,2874.0,2874.0,2874.0,0.0
293190,Tucano,BA,eligible_phase1_proxy,0.0,2874.0,2874.0,2874.0,0.0
293180,Tremedal,BA,eligible_phase1_proxy,0.0,2874.0,2874.0,2874.0,0.0
293160,Teolândia,BA,eligible_phase1_proxy,0.0,2874.0,2874.0,2874.0,0.0
293150,Teofilândia,BA,eligible_phase1_proxy,0.0,2874.0,2874.0,2874.0,0.0
293130,Tapiramutá,BA,eligible_phase1_proxy,0.0,2874.0,2874.0,2874.0,0.0
293120,Taperoá,BA,eligible_phase1_proxy,0.0,2874.0,2874.0,2874.0,0.0
293110,Tanquinho,BA,eligible_phase1_proxy,0.0,2874.0,2874.0,2874.0,0.0
293105,Tanque Novo,BA,eligible_phase1_proxy,0.0,2874.0,2874.0,2874.0,0.0
293100,Tanhaçu,BA,eligible_phase1_proxy,0.0,2874.0,2874.0,2874.0,0.0
293090,Tabocas do Brejo Velho,BA,eligible_phase1_proxy,0.0,2874.0,2874.0,2874.0,0.0
293080,Souto Soares,BA,eligible_phase1_proxy,0.0,2874.0,2874.0,2874.0,0.0
293075,Sítio do Mato,BA,eligible_phase1_proxy,0.0,2874.0,2874.0,2874.0,0.0
293060,Serrolândia,BA,eligible_phase1_proxy,0.0,2874.0,2874.0,2874.0,0.0
293050,Serrinha,BA,eligible_phase1_proxy,0.0,2874.0,2874.0,2874.0,0.0
293040,Serra Preta,BA,eligible_phase1_proxy,0.0,2874.0,2874.0,2874.0,0.0
293320,Vera Cruz,BA,eligible_phase1_proxy,0.0,2874.0,2874.0,2874.0,0.0
293317,Varzedo,BA,eligible_phase1_proxy,0.0,2874.0,2874.0,2874.0,0.0
293315,Várzea Nova,BA,eligible_phase1_proxy,0.0,2874.0,2874.0,2874.0,0.0
293310,Várzea do Poço,BA,eligible_phase1_proxy,0.0,2874.0,2874.0,2874.0,0.0
293305,Várzea da Roça,BA,eligible_phase1_proxy,0.0,2874.0,2874.0,2874.0,0.0
293300,Valente,BA,eligible_phase1_proxy,0.0,2874.0,2874.0,2874.0,0.0
293290,Valença,BA,eligible_phase1_proxy,0.0,2874.0,2874.0,2874.0,0.0
293280,Utinga,BA,eligible_phase1_proxy,0.0,2874.0,2874.0,2874.0,0.0
293270,Uruçuca,BA,eligible_phase1_proxy,0.0,2874.0,2874.0,2874.0,0.0
293260,Urandi,BA,eligible_phase1_proxy,0.0,2874.0,2874.0,2874.0,0.0
293250,Una,BA,eligible_phase1_proxy,0.0,2874.0,2874.0,2874.0,0.0
293245,Umburanas,BA,eligible_phase1_proxy,0.0,2874.0,2874.0,2874.0,0.0
293240,Uibaí,BA,eligible_phase1_proxy,0.0,2874.0,2874.0,2874.0,0.0
293230,Ubatã,BA,eligible_phase1_proxy,0.0,2874.0,2874.0,2874.0,0.0
293220,Ubaitaba,BA,eligible_phase1_proxy,0.0,2874.0,2874.0,2874.0,0.0
293210,Ubaíra,BA,eligible_phase1_proxy,0.0,2874.0,2874.0,2874.0,0.0
211210,Timbiras,MA,eligible_phase1_proxy,0.0,2874.0,2874.0,2874.0,0.0
211200,Tasso Fragoso,MA,eligible_phase1_proxy,0.0,2874.0,2874.0,2874.0,0.0
310120,Aiuruoca,MG,eligible_phase1_proxy,0.0,2874.0,2874.0,2874.0,0.0
310110,Aimorés,MG,eligible_phase1_proxy,0.0,2874.0,2874.0,2874.0,0.0
310100,Águas Vermelhas,MG,eligible_phase1_proxy,0.0,2874.0,2874.0,2874.0,0.0
310090,Águas Formosas,MG,eligible_phase1_proxy,0.0,2874.0,2874.0,2874.0,0.0
310080,Aguanil,MG,eligible_phase1_proxy,0.0,2874.0,2874.0,2874.0,0.0
310060,Água Boa,MG,eligible_phase1_proxy,0.0,2874.0,2874.0,2874.0,0.0
310050,Açucena,MG,eligible_phase1_proxy,0.0,2874.0,2874.0,2874.0,0.0
310040,Acaiaca,MG,eligible_phase1_proxy,0.0,2874.0,2874.0,2874.0,0.0
310030,Abre Campo,MG,eligible_phase1_proxy,0.0,2874.0,2874.0,2874.0,0.0
310010,Abadia dos Dourados,MG,eligible_phase1_proxy,0.0,2874.0,2874.0,2874.0,0.0
293350,Wenceslau Guimarães,BA,eligible_phase1_proxy,0.0,2874.0,2874.0,2874.0,0.0
293345,Wanderley,BA,eligible_phase1_proxy,0.0,2874.0,2874.0,2874.0,0.0
293340,Wagner,BA,eligible_phase1_proxy,0.0,2874.0,2874.0,2874.0,0.0
293325,Vereda,BA,eligible_phase1_proxy,0.0,2874.0,2874.0,2874.0,0.0
310170,Almenara,MG,eligible_phase1_proxy,0.0,2874.0,2874.0,2874.0,0.0
310163,Alfredo Vasconcelos,MG,eligible_phase1_proxy,0.0,2874.0,2874.0,2874.0,0.0
310150,Além Paraíba,MG,eligible_phase1_proxy,0.0,2874.0,2874.0,2874.0,0.0
310140,Albertina,MG,eligible_phase1_proxy,0.0,2874.0,2874.0,2874.0,0.0
310130,Alagoa,MG,eligible_phase1_proxy,0.0,2874.0,2874.0,2874.0,0.0
211400,Zé Doca,MA,eligible_phase1_proxy,0.0,2874.0,2874.0,2874.0,0.0
211300,Vitorino Freire,MA,eligible_phase1_proxy,0.0,2874.0,2874.0,2874.0,0.0
211290,Vitória do Mearim,MA,eligible_phase1_proxy,0.0,2874.0,2874.0,2874.0,0.0
211285,Vila Nova dos Martírios,MA,eligible_phase1_proxy,0.0,2874.0,2874.0,2874.0,0.0
211280,Viana,MA,eligible_phase1_proxy,0.0,2874.0,2874.0,2874.0,0.0
211270,Vargem Grande,MA,eligible_phase1_proxy,0.0,2874.0,2874.0,2874.0,0.0
211260,Urbano Santos,MA,eligible_phase1_proxy,0.0,2874.0,2874.0,2874.0,0.0
211250,Tutóia,MA,eligible_phase1_proxy,0.0,2874.0,2874.0,2874.0,0.0
211230,Tuntum,MA,eligible_phase1_proxy,0.0,2874.0,2874.0,2874.0,0.0
211223,Trizidela do Vale,MA,eligible_phase1_proxy,0.0,2874.0,2874.0,2874.0,0.0
211220,Timon,MA,eligible_phase1_proxy,0.0,2874.0,2874.0,2874.0,0.0
310340,Araçuaí,MG,eligible_phase1_proxy,0.0,2874.0,2874.0,2874.0,0.0
310330,Aracitaba,MG,eligible_phase1_proxy,0.0,2874.0,2874.0,2874.0,0.0
310300,Antônio Dias,MG,eligible_phase1_proxy,0.0,2874.0,2874.0,2874.0,0.0
310290,Antônio Carlos,MG,eligible_phase1_proxy,0.0,2874.0,2874.0,2874.0,0.0
310285,Angelândia,MG,eligible_phase1_proxy,0.0,2874.0,2874.0,2874.0,0.0
310280,Andrelândia,MG,eligible_phase1_proxy,0.0,2874.0,2874.0,2874.0,0.0
310270,Cachoeira de Pajeú,MG,eligible_phase1_proxy,0.0,2874.0,2874.0,2874.0,0.0
310250,Amparo do Serra,MG,eligible_phase1_proxy,0.0,2874.0,2874.0,2874.0,0.0
310240,Alvorada de Minas,MG,eligible_phase1_proxy,0.0,2874.0,2874.0,2874.0,0.0
310230,Alvinópolis,MG,eligible_phase1_proxy,0.0,2874.0,2874.0,2874.0,0.0
310220,Alvarenga,MG,eligible_phase1_proxy,0.0,2874.0,2874.0,2874.0,0.0
310210,Alto Rio Doce,MG,eligible_phase1_proxy,0.0,2874.0,2874.0,2874.0,0.0
310205,Alto Caparaó,MG,eligible_phase1_proxy,0.0,2874.0,2874.0,2874.0,0.0
310200,Alterosa,MG,eligible_phase1_proxy,0.0,2874.0,2874.0,2874.0,0.0
310190,Alpinópolis,MG,eligible_phase1_proxy,0.0,2874.0,2874.0,2874.0,0.0
310180,Alpercata,MG,eligible_phase1_proxy,0.0,2874.0,2874.0,2874.0,0.0
310520,Bandeira,MG,eligible_phase1_proxy,0.0,2874.0,2874.0,2874.0,0.0
310510,Bambuí,MG,eligible_phase1_proxy,0.0,2874.0,2874.0,2874.0,0.0
310500,Baldim,MG,eligible_phase1_proxy,0.0,2874.0,2874.0,2874.0,0.0
310490,Baependi,MG,eligible_phase1_proxy,0.0,2874.0,2874.0,2874.0,0.0
310470,Ataléia,MG,eligible_phase1_proxy,0.0,2874.0,2874.0,2874.0,0.0
310460,Astolfo Dutra,MG,eligible_phase1_proxy,0.0,2874.0,2874.0,2874.0,0.0
310450,Arinos,MG,eligible_phase1_proxy,0.0,2874.0,2874.0,2874.0,0.0
310445,Aricanduva,MG,eligible_phase1_proxy,0.0,2874.0,2874.0,2874.0,0.0
310440,Argirita,MG,eligible_phase1_proxy,0.0,2874.0,2874.0,2874.0,0.0
310430,Areado,MG,eligible_phase1_proxy,0.0,2874.0,2874.0,2874.0,0.0
310410,Arceburgo,MG,eligible_phase1_proxy,0.0,2874.0,2874.0,2874.0,0.0
310390,Araújos,MG,eligible_phase1_proxy,0.0,2874.0,2874.0,2874.0,0.0
310380,Arapuá,MG,eligible_phase1_proxy,0.0,2874.0,2874.0,2874.0,0.0
310375,Araporã,MG,eligible_phase1_proxy,0.0,2874.0,2874.0,2874.0,0.0
310370,Araponga,MG,eligible_phase1_proxy,0.0,2874.0,2874.0,2874.0,0.0
310360,Arantina,MG,eligible_phase1_proxy,0.0,2874.0,2874.0,2874.0,0.0
310720,Bocaina de Minas,MG,eligible_phase1_proxy,0.0,2874.0,2874.0,2874.0,0.0
310710,Boa Esperança,MG,eligible_phase1_proxy,0.0,2874.0,2874.0,2874.0,0.0
310700,Biquinhas,MG,eligible_phase1_proxy,0.0,2874.0,2874.0,2874.0,0.0
310690,BICAS,MG,eligible_phase1_proxy,0.0,2874.0,2874.0,2874.0,0.0
310680,Bias Fortes,MG,eligible_phase1_proxy,0.0,2874.0,2874.0,2874.0,0.0
310660,Bertópolis,MG,eligible_phase1_proxy,0.0,2874.0,2874.0,2874.0,0.0
310650,Berilo,MG,eligible_phase1_proxy,0.0,2874.0,2874.0,2874.0,0.0
310640,Belo Vale,MG,eligible_phase1_proxy,0.0,2874.0,2874.0,2874.0,0.0
310630,Belo Oriente,MG,eligible_phase1_proxy,0.0,2874.0,2874.0,2874.0,0.0
310610,Belmiro Braga,MG,eligible_phase1_proxy,0.0,2874.0,2874.0,2874.0,0.0
310600,Bela Vista de Minas,MG,eligible_phase1_proxy,0.0,2874.0,2874.0,2874.0,0.0
310590,Barroso,MG,eligible_phase1_proxy,0.0,2874.0,2874.0,2874.0,0.0
310570,Barra Longa,MG,eligible_phase1_proxy,0.0,2874.0,2874.0,2874.0,0.0
310550,Barão do Monte Alto,MG,eligible_phase1_proxy,0.0,2874.0,2874.0,2874.0,0.0
310540,Barão de Cocais,MG,eligible_phase1_proxy,0.0,2874.0,2874.0,2874.0,0.0
310530,Bandeira do Sul,MG,eligible_phase1_proxy,0.0,2874.0,2874.0,2874.0,0.0
310860,Brasília de Minas,MG,eligible_phase1_proxy,0.0,2874.0,2874.0,2874.0,0.0
310855,Brasilândia de Minas,MG,eligible_phase1_proxy,0.0,2874.0,2874.0,2874.0,0.0
310850,Botumirim,MG,eligible_phase1_proxy,0.0,2874.0,2874.0,2874.0,0.0
310840,Botelhos,MG,eligible_phase1_proxy,0.0,2874.0,2874.0,2874.0,0.0
310830,Borda da Mata,MG,eligible_phase1_proxy,0.0,2874.0,2874.0,2874.0,0.0
310825,Bonito de Minas,MG,eligible_phase1_proxy,0.0,2874.0,2874.0,2874.0,0.0
310820,Bonfinópolis de Minas,MG,eligible_phase1_proxy,0.0,2874.0,2874.0,2874.0,0.0
310810,Bonfim,MG,eligible_phase1_proxy,0.0,2874.0,2874.0,2874.0,0.0
310800,Bom Sucesso,MG,eligible_phase1_proxy,0.0,2874.0,2874.0,2874.0,0.0
310790,Bom Repouso,MG,eligible_phase1_proxy,0.0,2874.0,2874.0,2874.0,0.0
310780,Bom Jesus do Galho,MG,eligible_phase1_proxy,0.0,2874.0,2874.0,2874.0,0.0
310770,Bom Jesus do Amparo,MG,eligible_phase1_proxy,0.0,2874.0,2874.0,2874.0,0.0
310760,Bom Jesus da Penha,MG,eligible_phase1_proxy,0.0,2874.0,2874.0,2874.0,0.0
310750,Bom Jardim de Minas,MG,eligible_phase1_proxy,0.0,2874.0,2874.0,2874.0,0.0
310740,Bom Despacho,MG,eligible_phase1_proxy,0.0,2874.0,2874.0,2874.0,0.0
310730,Bocaiúva,MG,eligible_phase1_proxy,0.0,2874.0,2874.0,2874.0,0.0
311020,Cajuri,MG,eligible_phase1_proxy,0.0,2874.0,2874.0,2874.0,0.0
311010,Caiana,MG,eligible_phase1_proxy,0.0,2874.0,2874.0,2874.0,0.0
310990,Caetanópolis,MG,eligible_phase1_proxy,0.0,2874.0,2874.0,2874.0,0.0
310980,Cachoeira Dourada,MG,eligible_phase1_proxy,0.0,2874.0,2874.0,2874.0,0.0
310970,Cachoeira de Minas,MG,eligible_phase1_proxy,0.0,2874.0,2874.0,2874.0,0.0
310950,Cabo Verde,MG,eligible_phase1_proxy,0.0,2874.0,2874.0,2874.0,0.0
310945,Cabeceira Grande,MG,eligible_phase1_proxy,0.0,2874.0,2874.0,2874.0,0.0
310940,Buritizeiro,MG,eligible_phase1_proxy,0.0,2874.0,2874.0,2874.0,0.0
310930,Buritis,MG,eligible_phase1_proxy,0.0,2874.0,2874.0,2874.0,0.0
310925,Bugre,MG,eligible_phase1_proxy,0.0,2874.0,2874.0,2874.0,0.0
310920,Buenópolis,MG,eligible_phase1_proxy,0.0,2874.0,2874.0,2874.0,0.0
310910,Bueno Brandão,MG,eligible_phase1_proxy,0.0,2874.0,2874.0,2874.0,0.0
310900,Brumadinho,MG,eligible_phase1_proxy,0.0,2874.0,2874.0,2874.0,0.0
310890,Brazópolis,MG,eligible_phase1_proxy,0.0,2874.0,2874.0,2874.0,0.0
310880,Braúnas,MG,eligible_phase1_proxy,0.0,2874.0,2874.0,2874.0,0.0
310870,Brás Pires,MG,eligible_phase1_proxy,0.0,2874.0,2874.0,2874.0,0.0
311190,Cana Verde,MG,eligible_phase1_proxy,0.0,2874.0,2874.0,2874.0,0.0
311180,Canápolis,MG,eligible_phase1_proxy,0.0,2874.0,2874.0,2874.0,0.0
311170,Canaã,MG,eligible_phase1_proxy,0.0,2874.0,2874.0,2874.0,0.0
311160,Campos Gerais,MG,eligible_phase1_proxy,0.0,2874.0,2874.0,2874.0,0.0
311150,Campos Altos,MG,eligible_phase1_proxy,0.0,2874.0,2874.0,2874.0,0.0
311140,Campo Florido,MG,eligible_phase1_proxy,0.0,2874.0,2874.0,2874.0,0.0
311130,Campo do Meio,MG,eligible_phase1_proxy,0.0,2874.0,2874.0,2874.0,0.0
311120,Campo Belo,MG,eligible_phase1_proxy,0.0,2874.0,2874.0,2874.0,0.0
311110,Campina Verde,MG,eligible_phase1_proxy,0.0,2874.0,2874.0,2874.0,0.0
311100,Campestre,MG,eligible_phase1_proxy,0.0,2874.0,2874.0,2874.0,0.0
311090,Campanha,MG,eligible_phase1_proxy,0.0,2874.0,2874.0,2874.0,0.0
311080,Campanário,MG,eligible_phase1_proxy,0.0,2874.0,2874.0,2874.0,0.0
311070,Cambuquira,MG,eligible_phase1_proxy,0.0,2874.0,2874.0,2874.0,0.0
311060,Cambuí,MG,eligible_phase1_proxy,0.0,2874.0,2874.0,2874.0,0.0
311040,Camacho,MG,eligible_phase1_proxy,0.0,2874.0,2874.0,2874.0,0.0
311030,Caldas,MG,eligible_phase1_proxy,0.0,2874.0,2874.0,2874.0,0.0
311360,Careaçu,MG,eligible_phase1_proxy,0.0,2874.0,2874.0,2874.0,0.0
311350,Carbonita,MG,eligible_phase1_proxy,0.0,2874.0,2874.0,2874.0,0.0
311330,Carangola,MG,eligible_phase1_proxy,0.0,2874.0,2874.0,2874.0,0.0
311320,Carandaí,MG,eligible_phase1_proxy,0.0,2874.0,2874.0,2874.0,0.0
311300,Caraí,MG,eligible_phase1_proxy,0.0,2874.0,2874.0,2874.0,0.0
311290,Caputira,MG,eligible_phase1_proxy,0.0,2874.0,2874.0,2874.0,0.0
311270,Capitão Enéas,MG,eligible_phase1_proxy,0.0,2874.0,2874.0,2874.0,0.0
311265,Capitão Andrade,MG,eligible_phase1_proxy,0.0,2874.0,2874.0,2874.0,0.0
311260,Capinópolis,MG,eligible_phase1_proxy,0.0,2874.0,2874.0,2874.0,0.0
311250,Capim Branco,MG,eligible_phase1_proxy,0.0,2874.0,2874.0,2874.0,0.0
311240,Capetinga,MG,eligible_phase1_proxy,0.0,2874.0,2874.0,2874.0,0.0
311230,Capelinha,MG,eligible_phase1_proxy,0.0,2874.0,2874.0,2874.0,0.0
311220,Capela Nova,MG,eligible_phase1_proxy,0.0,2874.0,2874.0,2874.0,0.0
311210,Caparaó,MG,eligible_phase1_proxy,0.0,2874.0,2874.0,2874.0,0.0
311205,Cantagalo,MG,eligible_phase1_proxy,0.0,2874.0,2874.0,2874.0,0.0
311200,Candeias,MG,eligible_phase1_proxy,0.0,2874.0,2874.0,2874.0,0.0
311510,Cássia,MG,eligible_phase1_proxy,0.0,2874.0,2874.0,2874.0,0.0
311500,Cascalho Rico,MG,eligible_phase1_proxy,0.0,2874.0,2874.0,2874.0,0.0
311490,Casa Grande,MG,eligible_phase1_proxy,0.0,2874.0,2874.0,2874.0,0.0
311480,Carvalhos,MG,eligible_phase1_proxy,0.0,2874.0,2874.0,2874.0,0.0
311470,Carvalhópolis,MG,eligible_phase1_proxy,0.0,2874.0,2874.0,2874.0,0.0
311460,Carrancas,MG,eligible_phase1_proxy,0.0,2874.0,2874.0,2874.0,0.0
311455,Carneirinho,MG,eligible_phase1_proxy,0.0,2874.0,2874.0,2874.0,0.0
311450,Carmópolis de Minas,MG,eligible_phase1_proxy,0.0,2874.0,2874.0,2874.0,0.0
311440,Carmo do Rio Claro,MG,eligible_phase1_proxy,0.0,2874.0,2874.0,2874.0,0.0
311430,Carmo do Paranaíba,MG,eligible_phase1_proxy,0.0,2874.0,2874.0,2874.0,0.0
311420,Carmo do Cajuru,MG,eligible_phase1_proxy,0.0,2874.0,2874.0,2874.0,0.0
311410,Carmo de Minas,MG,eligible_phase1_proxy,0.0,2874.0,2874.0,2874.0,0.0
311400,Carmo da Mata,MG,eligible_phase1_proxy,0.0,2874.0,2874.0,2874.0,0.0
311390,Carmo da Cachoeira,MG,eligible_phase1_proxy,0.0,2874.0,2874.0,2874.0,0.0
311380,Carmésia,MG,eligible_phase1_proxy,0.0,2874.0,2874.0,2874.0,0.0
311370,Carlos Chagas,MG,eligible_phase1_proxy,0.0,2874.0,2874.0,2874.0,0.0
311690,Comendador Gomes,MG,eligible_phase1_proxy,0.0,2874.0,2874.0,2874.0,0.0
311680,Coluna,MG,eligible_phase1_proxy,0.0,2874.0,2874.0,2874.0,0.0
311670,Coimbra,MG,eligible_phase1_proxy,0.0,2874.0,2874.0,2874.0,0.0
311650,Claro dos Poções,MG,eligible_phase1_proxy,0.0,2874.0,2874.0,2874.0,0.0
311640,Claraval,MG,eligible_phase1_proxy,0.0,2874.0,2874.0,2874.0,0.0
311630,Cipotânea,MG,eligible_phase1_proxy,0.0,2874.0,2874.0,2874.0,0.0
311615,Chapada Gaúcha,MG,eligible_phase1_proxy,0.0,2874.0,2874.0,2874.0,0.0
311610,Chapada do Norte,MG,eligible_phase1_proxy,0.0,2874.0,2874.0,2874.0,0.0
311600,Chalé,MG,eligible_phase1_proxy,0.0,2874.0,2874.0,2874.0,0.0
311580,Centralina,MG,eligible_phase1_proxy,0.0,2874.0,2874.0,2874.0,0.0
311570,Central de Minas,MG,eligible_phase1_proxy,0.0,2874.0,2874.0,2874.0,0.0
311547,Catuti,MG,eligible_phase1_proxy,0.0,2874.0,2874.0,2874.0,0.0
311545,Catuji,MG,eligible_phase1_proxy,0.0,2874.0,2874.0,2874.0,0.0
311540,Catas Altas da Noruega,MG,eligible_phase1_proxy,0.0,2874.0,2874.0,2874.0,0.0
311535,Catas Altas,MG,eligible_phase1_proxy,0.0,2874.0,2874.0,2874.0,0.0
311520,Conceição da Barra de Minas,MG,eligible_phase1_proxy,0.0,2874.0,2874.0,2874.0,0.0
311840,Conselheiro Pena,MG,eligible_phase1_proxy,0.0,2874.0,2874.0,2874.0,0.0
311820,Conquista,MG,eligible_phase1_proxy,0.0,2874.0,2874.0,2874.0,0.0
311810,Congonhas do Norte,MG,eligible_phase1_proxy,0.0,2874.0,2874.0,2874.0,0.0
311800,Congonhas,MG,eligible_phase1_proxy,0.0,2874.0,2874.0,2874.0,0.0
311790,Congonhal,MG,eligible_phase1_proxy,0.0,2874.0,2874.0,2874.0,0.0
311787,Confins,MG,eligible_phase1_proxy,0.0,2874.0,2874.0,2874.0,0.0
311783,Cônego Marinho,MG,eligible_phase1_proxy,0.0,2874.0,2874.0,2874.0,0.0
311780,Conceição dos Ouros,MG,eligible_phase1_proxy,0.0,2874.0,2874.0,2874.0,0.0
311770,Conceição do Rio Verde,MG,eligible_phase1_proxy,0.0,2874.0,2874.0,2874.0,0.0
311760,Conceição do Pará,MG,eligible_phase1_proxy,0.0,2874.0,2874.0,2874.0,0.0
311750,Conceição do Mato Dentro,MG,eligible_phase1_proxy,0.0,2874.0,2874.0,2874.0,0.0
311740,Conceição de Ipanema,MG,eligible_phase1_proxy,0.0,2874.0,2874.0,2874.0,0.0
311730,Conceição das Alagoas,MG,eligible_phase1_proxy,0.0,2874.0,2874.0,2874.0,0.0
311720,Conceição das Pedras,MG,eligible_phase1_proxy,0.0,2874.0,2874.0,2874.0,0.0
311710,Conceição da Aparecida,MG,eligible_phase1_proxy,0.0,2874.0,2874.0,2874.0,0.0
311700,Comercinho,MG,eligible_phase1_proxy,0.0,2874.0,2874.0,2874.0,0.0
312010,Couto de Magalhães de Minas,MG,eligible_phase1_proxy,0.0,2874.0,2874.0,2874.0,0.0
312000,Córrego Novo,MG,eligible_phase1_proxy,0.0,2874.0,2874.0,2874.0,0.0
311995,Córrego Fundo,MG,eligible_phase1_proxy,0.0,2874.0,2874.0,2874.0,0.0
311990,Córrego do Bom Jesus,MG,eligible_phase1_proxy,0.0,2874.0,2874.0,2874.0,0.0
311980,Córrego Danta,MG,eligible_phase1_proxy,0.0,2874.0,2874.0,2874.0,0.0
311970,Coronel Xavier Chaves,MG,eligible_phase1_proxy,0.0,2874.0,2874.0,2874.0,0.0
311960,Coronel Pacheco,MG,eligible_phase1_proxy,0.0,2874.0,2874.0,2874.0,0.0
311950,Coronel Murta,MG,eligible_phase1_proxy,0.0,2874.0,2874.0,2874.0,0.0
311930,Coromandel,MG,eligible_phase1_proxy,0.0,2874.0,2874.0,2874.0,0.0
311920,Coroaci,MG,eligible_phase1_proxy,0.0,2874.0,2874.0,2874.0,0.0
311910,Corinto,MG,eligible_phase1_proxy,0.0,2874.0,2874.0,2874.0,0.0
311900,Cordislândia,MG,eligible_phase1_proxy,0.0,2874.0,2874.0,2874.0,0.0
311890,Cordisburgo,MG,eligible_phase1_proxy,0.0,2874.0,2874.0,2874.0,0.0
311880,Coração de Jesus,MG,eligible_phase1_proxy,0.0,2874.0,2874.0,2874.0,0.0
311870,Coqueiral,MG,eligible_phase1_proxy,0.0,2874.0,2874.0,2874.0,0.0
311850,Consolação,MG,eligible_phase1_proxy,0.0,2874.0,2874.0,2874.0,0.0
312140,Desterro de Entre Rios,MG,eligible_phase1_proxy,0.0,2874.0,2874.0,2874.0,0.0
312130,Descoberto,MG,eligible_phase1_proxy,0.0,2874.0,2874.0,2874.0,0.0
312120,Delfinópolis,MG,eligible_phase1_proxy,0.0,2874.0,2874.0,2874.0,0.0
312110,Delfim Moreira,MG,eligible_phase1_proxy,0.0,2874.0,2874.0,2874.0,0.0
312100,DATAS,MG,eligible_phase1_proxy,0.0,2874.0,2874.0,2874.0,0.0
312090,Curvelo,MG,eligible_phase1_proxy,0.0,2874.0,2874.0,2874.0,0.0
312087,Curral de Dentro,MG,eligible_phase1_proxy,0.0,2874.0,2874.0,2874.0,0.0
312083,Cuparaque,MG,eligible_phase1_proxy,0.0,2874.0,2874.0,2874.0,0.0
312080,Cruzília,MG,eligible_phase1_proxy,0.0,2874.0,2874.0,2874.0,0.0
312070,Cruzeiro da Fortaleza,MG,eligible_phase1_proxy,0.0,2874.0,2874.0,2874.0,0.0
312060,Crucilândia,MG,eligible_phase1_proxy,0.0,2874.0,2874.0,2874.0,0.0
312050,Cristina,MG,eligible_phase1_proxy,0.0,2874.0,2874.0,2874.0,0.0
312040,Cristiano Otoni,MG,eligible_phase1_proxy,0.0,2874.0,2874.0,2874.0,0.0
312030,Cristália,MG,eligible_phase1_proxy,0.0,2874.0,2874.0,2874.0,0.0
312020,Cristais,MG,eligible_phase1_proxy,0.0,2874.0,2874.0,2874.0,0.0
312015,Crisólita,MG,eligible_phase1_proxy,0.0,2874.0,2874.0,2874.0,0.0
312280,Dom Viçoso,MG,eligible_phase1_proxy,0.0,2874.0,2874.0,2874.0,0.0
312270,Dom Silvério,MG,eligible_phase1_proxy,0.0,2874.0,2874.0,2874.0,0.0
312260,Dom Joaquim,MG,eligible_phase1_proxy,0.0,2874.0,2874.0,2874.0,0.0
312250,Dom Cavati,MG,eligible_phase1_proxy,0.0,2874.0,2874.0,2874.0,0.0
312247,Dom Bosco,MG,eligible_phase1_proxy,0.0,2874.0,2874.0,2874.0,0.0
312245,Divisópolis,MG,eligible_phase1_proxy,0.0,2874.0,2874.0,2874.0,0.0
312240,Divisa Nova,MG,eligible_phase1_proxy,0.0,2874.0,2874.0,2874.0,0.0
312235,Divisa Alegre,MG,eligible_phase1_proxy,0.0,2874.0,2874.0,2874.0,0.0
312220,Divinolândia de Minas,MG,eligible_phase1_proxy,0.0,2874.0,2874.0,2874.0,0.0
312210,Divino das Laranjeiras,MG,eligible_phase1_proxy,0.0,2874.0,2874.0,2874.0,0.0
312200,Divino,MG,eligible_phase1_proxy,0.0,2874.0,2874.0,2874.0,0.0
312190,Divinésia,MG,eligible_phase1_proxy,0.0,2874.0,2874.0,2874.0,0.0
312180,Dionísio,MG,eligible_phase1_proxy,0.0,2874.0,2874.0,2874.0,0.0
312170,Diogo de Vasconcelos,MG,eligible_phase1_proxy,0.0,2874.0,2874.0,2874.0,0.0
312160,Diamantina,MG,eligible_phase1_proxy,0.0,2874.0,2874.0,2874.0,0.0
312150,Desterro do Melo,MG,eligible_phase1_proxy,0.0,2874.0,2874.0,2874.0,0.0
312470,Estrela do Indaiá,MG,eligible_phase1_proxy,0.0,2874.0,2874.0,2874.0,0.0
312460,Estrela Dalva,MG,eligible_phase1_proxy,0.0,2874.0,2874.0,2874.0,0.0
312450,Estiva,MG,eligible_phase1_proxy,0.0,2874.0,2874.0,2874.0,0.0
312430,Espinosa,MG,eligible_phase1_proxy,0.0,2874.0,2874.0,2874.0,0.0
312420,Espera Feliz,MG,eligible_phase1_proxy,0.0,2874.0,2874.0,2874.0,0.0
312400,Ervália,MG,eligible_phase1_proxy,0.0,2874.0,2874.0,2874.0,0.0
312390,Entre Rios de Minas,MG,eligible_phase1_proxy,0.0,2874.0,2874.0,2874.0,0.0
312385,Entre Folhas,MG,eligible_phase1_proxy,0.0,2874.0,2874.0,2874.0,0.0
312380,Engenheiro Navarro,MG,eligible_phase1_proxy,0.0,2874.0,2874.0,2874.0,0.0
312370,Engenheiro Caldas,MG,eligible_phase1_proxy,0.0,2874.0,2874.0,2874.0,0.0
312360,Elói Mendes,MG,eligible_phase1_proxy,0.0,2874.0,2874.0,2874.0,0.0
312352,Durandé,MG,eligible_phase1_proxy,0.0,2874.0,2874.0,2874.0,0.0
312330,Dores do Turvo,MG,eligible_phase1_proxy,0.0,2874.0,2874.0,2874.0,0.0
312320,Dores do Indaiá,MG,eligible_phase1_proxy,0.0,2874.0,2874.0,2874.0,0.0
312310,Dores de Guanhães,MG,eligible_phase1_proxy,0.0,2874.0,2874.0,2874.0,0.0
312290,Dona Euzébia,MG,eligible_phase1_proxy,0.0,2874.0,2874.0,2874.0,0.0
312650,Francisco Badaró,MG,eligible_phase1_proxy,0.0,2874.0,2874.0,2874.0,0.0
312630,Fortaleza de Minas,MG,eligible_phase1_proxy,0.0,2874.0,2874.0,2874.0,0.0
312620,Formoso,MG,eligible_phase1_proxy,0.0,2874.0,2874.0,2874.0,0.0
312595,Fervedouro,MG,eligible_phase1_proxy,0.0,2874.0,2874.0,2874.0,0.0
312590,Ferros,MG,eligible_phase1_proxy,0.0,2874.0,2874.0,2874.0,0.0
312580,Fernandes Tourinho,MG,eligible_phase1_proxy,0.0,2874.0,2874.0,2874.0,0.0
312570,Felixlândia,MG,eligible_phase1_proxy,0.0,2874.0,2874.0,2874.0,0.0
312560,Felisburgo,MG,eligible_phase1_proxy,0.0,2874.0,2874.0,2874.0,0.0
312550,São Gonçalo do Rio Preto,MG,eligible_phase1_proxy,0.0,2874.0,2874.0,2874.0,0.0
312540,Felício dos Santos,MG,eligible_phase1_proxy,0.0,2874.0,2874.0,2874.0,0.0
312530,Faria Lemos,MG,eligible_phase1_proxy,0.0,2874.0,2874.0,2874.0,0.0
312520,Fama,MG,eligible_phase1_proxy,0.0,2874.0,2874.0,2874.0,0.0
312510,Extrema,MG,eligible_phase1_proxy,0.0,2874.0,2874.0,2874.0,0.0
312500,Ewbank da Câmara,MG,eligible_phase1_proxy,0.0,2874.0,2874.0,2874.0,0.0
312490,Eugenópolis,MG,eligible_phase1_proxy,0.0,2874.0,2874.0,2874.0,0.0
312480,Estrela do Sul,MG,eligible_phase1_proxy,0.0,2874.0,2874.0,2874.0,0.0
211150,São Mateus do Maranhão,MA,eligible_phase1_proxy,0.0,2874.0,2874.0,2874.0,0.0
211140,São Luís Gonzaga do Maranhão,MA,eligible_phase1_proxy,0.0,2874.0,2874.0,2874.0,0.0
211125,São José dos Basílios,MA,eligible_phase1_proxy,0.0,2874.0,2874.0,2874.0,0.0
312737,Goiabeira,MG,eligible_phase1_proxy,0.0,2874.0,2874.0,2874.0,0.0
312735,Glaucilândia,MG,eligible_phase1_proxy,0.0,2874.0,2874.0,2874.0,0.0
312733,Gameleiras,MG,eligible_phase1_proxy,0.0,2874.0,2874.0,2874.0,0.0
312730,Galiléia,MG,eligible_phase1_proxy,0.0,2874.0,2874.0,2874.0,0.0
312720,Funilândia,MG,eligible_phase1_proxy,0.0,2874.0,2874.0,2874.0,0.0
312707,Fruta de Leite,MG,eligible_phase1_proxy,0.0,2874.0,2874.0,2874.0,0.0
312705,Fronteira dos Vales,MG,eligible_phase1_proxy,0.0,2874.0,2874.0,2874.0,0.0
312700,Fronteira,MG,eligible_phase1_proxy,0.0,2874.0,2874.0,2874.0,0.0
312695,Frei Lagonegro,MG,eligible_phase1_proxy,0.0,2874.0,2874.0,2874.0,0.0
312690,Frei Inocêncio,MG,eligible_phase1_proxy,0.0,2874.0,2874.0,2874.0,0.0
312680,Frei Gaspar,MG,eligible_phase1_proxy,0.0,2874.0,2874.0,2874.0,0.0
312670,Francisco Sá,MG,eligible_phase1_proxy,0.0,2874.0,2874.0,2874.0,0.0
312660,Francisco Dumont,MG,eligible_phase1_proxy,0.0,2874.0,2874.0,2874.0,0.0
312780,Grão Mogol,MG,eligible_phase1_proxy,0.0,2874.0,2874.0,2874.0,0.0
312760,Gouveia,MG,eligible_phase1_proxy,0.0,2874.0,2874.0,2874.0,0.0
312750,Gonzaga,MG,eligible_phase1_proxy,0.0,2874.0,2874.0,2874.0,0.0
312740,Gonçalves,MG,eligible_phase1_proxy,0.0,2874.0,2874.0,2874.0,0.0
312738,Goianá,MG,eligible_phase1_proxy,0.0,2874.0,2874.0,2874.0,0.0
211195,Sucupira do Riachão,MA,eligible_phase1_proxy,0.0,2874.0,2874.0,2874.0,0.0
211190,Sucupira do Norte,MA,eligible_phase1_proxy,0.0,2874.0,2874.0,2874.0,0.0
211180,Sítio Novo,MA,eligible_phase1_proxy,0.0,2874.0,2874.0,2874.0,0.0
211178,Serrano do Maranhão,MA,eligible_phase1_proxy,0.0,2874.0,2874.0,2874.0,0.0
211176,Senador La Rocque,MA,eligible_phase1_proxy,0.0,2874.0,2874.0,2874.0,0.0
211172,Satubinha,MA,eligible_phase1_proxy,0.0,2874.0,2874.0,2874.0,0.0
211170,São Vicente Ferrer,MA,eligible_phase1_proxy,0.0,2874.0,2874.0,2874.0,0.0
211167,São Roberto,MA,eligible_phase1_proxy,0.0,2874.0,2874.0,2874.0,0.0
211160,São Raimundo das Mangabeiras,MA,eligible_phase1_proxy,0.0,2874.0,2874.0,2874.0,0.0
211157,São Pedro dos Crentes,MA,eligible_phase1_proxy,0.0,2874.0,2874.0,2874.0,0.0
211153,São Pedro da Água Branca,MA,eligible_phase1_proxy,0.0,2874.0,2874.0,2874.0,0.0
312950,Ibiá,MG,eligible_phase1_proxy,0.0,2874.0,2874.0,2874.0,0.0
312940,Ibertioga,MG,eligible_phase1_proxy,0.0,2874.0,2874.0,2874.0,0.0
312930,Iapu,MG,eligible_phase1_proxy,0.0,2874.0,2874.0,2874.0,0.0
312920,Heliodora,MG,eligible_phase1_proxy,0.0,2874.0,2874.0,2874.0,0.0
312910,Gurinhatã,MG,eligible_phase1_proxy,0.0,2874.0,2874.0,2874.0,0.0
312900,Guiricema,MG,eligible_phase1_proxy,0.0,2874.0,2874.0,2874.0,0.0
312890,Guimarânia,MG,eligible_phase1_proxy,0.0,2874.0,2874.0,2874.0,0.0
312880,Guidoval,MG,eligible_phase1_proxy,0.0,2874.0,2874.0,2874.0,0.0
312860,Guarda-Mor,MG,eligible_phase1_proxy,0.0,2874.0,2874.0,2874.0,0.0
312850,Guarará,MG,eligible_phase1_proxy,0.0,2874.0,2874.0,2874.0,0.0
312840,Guarani,MG,eligible_phase1_proxy,0.0,2874.0,2874.0,2874.0,0.0
312830,Guaranésia,MG,eligible_phase1_proxy,0.0,2874.0,2874.0,2874.0,0.0
312825,Guaraciama,MG,eligible_phase1_proxy,0.0,2874.0,2874.0,2874.0,0.0
312820,Guaraciaba,MG,eligible_phase1_proxy,0.0,2874.0,2874.0,2874.0,0.0
312810,Guapé,MG,eligible_phase1_proxy,0.0,2874.0,2874.0,2874.0,0.0
312800,Guanhães,MG,eligible_phase1_proxy,0.0,2874.0,2874.0,2874.0,0.0
313090,Inhapim,MG,eligible_phase1_proxy,0.0,2874.0,2874.0,2874.0,0.0
313080,Ingaí,MG,eligible_phase1_proxy,0.0,2874.0,2874.0,2874.0,0.0
313070,Indianópolis,MG,eligible_phase1_proxy,0.0,2874.0,2874.0,2874.0,0.0
313060,Inconfidentes,MG,eligible_phase1_proxy,0.0,2874.0,2874.0,2874.0,0.0
313055,Imbé de Minas,MG,eligible_phase1_proxy,0.0,2874.0,2874.0,2874.0,0.0
313050,Ilicínea,MG,eligible_phase1_proxy,0.0,2874.0,2874.0,2874.0,0.0
313040,Ijaci,MG,eligible_phase1_proxy,0.0,2874.0,2874.0,2874.0,0.0
313030,Iguatama,MG,eligible_phase1_proxy,0.0,2874.0,2874.0,2874.0,0.0
313020,Igaratinga,MG,eligible_phase1_proxy,0.0,2874.0,2874.0,2874.0,0.0
313010,Igarapé,MG,eligible_phase1_proxy,0.0,2874.0,2874.0,2874.0,0.0
313005,Icaraí de Minas,MG,eligible_phase1_proxy,0.0,2874.0,2874.0,2874.0,0.0
313000,Ibituruna,MG,eligible_phase1_proxy,0.0,2874.0,2874.0,2874.0,0.0
312990,Ibitiúra de Minas,MG,eligible_phase1_proxy,0.0,2874.0,2874.0,2874.0,0.0
312970,Ibiraci,MG,eligible_phase1_proxy,0.0,2874.0,2874.0,2874.0,0.0
312965,Ibiracatu,MG,eligible_phase1_proxy,0.0,2874.0,2874.0,2874.0,0.0
312960,Ibiaí,MG,eligible_phase1_proxy,0.0,2874.0,2874.0,2874.0,0.0
313220,Itaguara,MG,eligible_phase1_proxy,0.0,2874.0,2874.0,2874.0,0.0
313210,Itacarambi,MG,eligible_phase1_proxy,0.0,2874.0,2874.0,2874.0,0.0
313200,Itacambira,MG,eligible_phase1_proxy,0.0,2874.0,2874.0,2874.0,0.0
313190,Itabirito,MG,eligible_phase1_proxy,0.0,2874.0,2874.0,2874.0,0.0
313180,Itabirinha,MG,eligible_phase1_proxy,0.0,2874.0,2874.0,2874.0,0.0
313170,Itabira,MG,eligible_phase1_proxy,0.0,2874.0,2874.0,2874.0,0.0
313150,Ipuiúna,MG,eligible_phase1_proxy,0.0,2874.0,2874.0,2874.0,0.0
313140,Ipiaçu,MG,eligible_phase1_proxy,0.0,2874.0,2874.0,2874.0,0.0
313120,Ipanema,MG,eligible_phase1_proxy,0.0,2874.0,2874.0,2874.0,0.0
313115,Ipaba,MG,eligible_phase1_proxy,0.0,2874.0,2874.0,2874.0,0.0
160050,Oiapoque,AP,eligible_phase1_proxy,0.0,2874.0,2874.0,2874.0,0.0
160030,Macapá,AP,eligible_phase1_proxy,0.0,2874.0,2874.0,2874.0,0.0
160027,Laranjal do Jari,AP,eligible_phase1_proxy,0.0,2874.0,2874.0,2874.0,0.0
150840,Xinguara,PA,eligible_phase1_proxy,0.0,2874.0,2874.0,2874.0,0.0
313110,Inimutaba,MG,eligible_phase1_proxy,0.0,2874.0,2874.0,2874.0,0.0
313100,Inhaúma,MG,eligible_phase1_proxy,0.0,2874.0,2874.0,2874.0,0.0
313375,Itaú de Minas,MG,eligible_phase1_proxy,0.0,2874.0,2874.0,2874.0,0.0
313370,Itatiaiuçu,MG,eligible_phase1_proxy,0.0,2874.0,2874.0,2874.0,0.0
313360,Itapeva,MG,eligible_phase1_proxy,0.0,2874.0,2874.0,2874.0,0.0
313350,Itapecerica,MG,eligible_phase1_proxy,0.0,2874.0,2874.0,2874.0,0.0
313340,Itapagipe,MG,eligible_phase1_proxy,0.0,2874.0,2874.0,2874.0,0.0
313330,Itaobim,MG,eligible_phase1_proxy,0.0,2874.0,2874.0,2874.0,0.0
313320,Itanhomi,MG,eligible_phase1_proxy,0.0,2874.0,2874.0,2874.0,0.0
313310,Itanhandu,MG,eligible_phase1_proxy,0.0,2874.0,2874.0,2874.0,0.0
313300,Itamonte,MG,eligible_phase1_proxy,0.0,2874.0,2874.0,2874.0,0.0
313290,Itamogi,MG,eligible_phase1_proxy,0.0,2874.0,2874.0,2874.0,0.0
313280,Itambé do Mato Dentro,MG,eligible_phase1_proxy,0.0,2874.0,2874.0,2874.0,0.0
313270,Itambacuri,MG,eligible_phase1_proxy,0.0,2874.0,2874.0,2874.0,0.0
313260,Itamarati de Minas,MG,eligible_phase1_proxy,0.0,2874.0,2874.0,2874.0,0.0
313250,Itamarandiba,MG,eligible_phase1_proxy,0.0,2874.0,2874.0,2874.0,0.0
313240,Itajubá,MG,eligible_phase1_proxy,0.0,2874.0,2874.0,2874.0,0.0
313230,Itaipé,MG,eligible_phase1_proxy,0.0,2874.0,2874.0,2874.0,0.0
313550,Jequeri,MG,eligible_phase1_proxy,0.0,2874.0,2874.0,2874.0,0.0
313545,Jenipapo de Minas,MG,eligible_phase1_proxy,0.0,2874.0,2874.0,2874.0,0.0
313540,Jeceaba,MG,eligible_phase1_proxy,0.0,2874.0,2874.0,2874.0,0.0
313535,Japonvar,MG,eligible_phase1_proxy,0.0,2874.0,2874.0,2874.0,0.0
313530,Japaraíba,MG,eligible_phase1_proxy,0.0,2874.0,2874.0,2874.0,0.0
313520,Januária,MG,eligible_phase1_proxy,0.0,2874.0,2874.0,2874.0,0.0
313510,Janaúba,MG,eligible_phase1_proxy,0.0,2874.0,2874.0,2874.0,0.0
313507,Jampruca,MG,eligible_phase1_proxy,0.0,2874.0,2874.0,2874.0,0.0
313505,Jaíba,MG,eligible_phase1_proxy,0.0,2874.0,2874.0,2874.0,0.0
313480,Jacuí,MG,eligible_phase1_proxy,0.0,2874.0,2874.0,2874.0,0.0
313470,Jacinto,MG,eligible_phase1_proxy,0.0,2874.0,2874.0,2874.0,0.0
313450,Itutinga,MG,eligible_phase1_proxy,0.0,2874.0,2874.0,2874.0,0.0
313430,Itumirim,MG,eligible_phase1_proxy,0.0,2874.0,2874.0,2874.0,0.0
313410,Itueta,MG,eligible_phase1_proxy,0.0,2874.0,2874.0,2874.0,0.0
313400,Itinga,MG,eligible_phase1_proxy,0.0,2874.0,2874.0,2874.0,0.0
313390,Itaverava,MG,eligible_phase1_proxy,0.0,2874.0,2874.0,2874.0,0.0
313690,Juruaia,MG,eligible_phase1_proxy,0.0,2874.0,2874.0,2874.0,0.0
313670,Juiz de Fora,MG,eligible_phase1_proxy,0.0,2874.0,2874.0,2874.0,0.0
313665,Juatuba,MG,eligible_phase1_proxy,0.0,2874.0,2874.0,2874.0,0.0
313660,Nova União,MG,eligible_phase1_proxy,0.0,2874.0,2874.0,2874.0,0.0
313657,Josenópolis,MG,eligible_phase1_proxy,0.0,2874.0,2874.0,2874.0,0.0
313655,José Raydan,MG,eligible_phase1_proxy,0.0,2874.0,2874.0,2874.0,0.0
313652,José Gonçalves de Minas,MG,eligible_phase1_proxy,0.0,2874.0,2874.0,2874.0,0.0
313650,Jordânia,MG,eligible_phase1_proxy,0.0,2874.0,2874.0,2874.0,0.0
313640,Joaquim Felício,MG,eligible_phase1_proxy,0.0,2874.0,2874.0,2874.0,0.0
313630,João Pinheiro,MG,eligible_phase1_proxy,0.0,2874.0,2874.0,2874.0,0.0
313610,Joanésia,MG,eligible_phase1_proxy,0.0,2874.0,2874.0,2874.0,0.0
313600,Joaíma,MG,eligible_phase1_proxy,0.0,2874.0,2874.0,2874.0,0.0
313590,Jesuânia,MG,eligible_phase1_proxy,0.0,2874.0,2874.0,2874.0,0.0
313580,Jequitinhonha,MG,eligible_phase1_proxy,0.0,2874.0,2874.0,2874.0,0.0
313570,Jequitibá,MG,eligible_phase1_proxy,0.0,2874.0,2874.0,2874.0,0.0
313560,Jequitaí,MG,eligible_phase1_proxy,0.0,2874.0,2874.0,2874.0,0.0
313840,Leopoldina,MG,eligible_phase1_proxy,0.0,2874.0,2874.0,2874.0,0.0
313835,Leme do Prado,MG,eligible_phase1_proxy,0.0,2874.0,2874.0,2874.0,0.0
313830,Leandro Ferreira,MG,eligible_phase1_proxy,0.0,2874.0,2874.0,2874.0,0.0
313810,Lassance,MG,eligible_phase1_proxy,0.0,2874.0,2874.0,2874.0,0.0
313800,Laranjal,MG,eligible_phase1_proxy,0.0,2874.0,2874.0,2874.0,0.0
313790,Lamim,MG,eligible_phase1_proxy,0.0,2874.0,2874.0,2874.0,0.0
313780,Lambari,MG,eligible_phase1_proxy,0.0,2874.0,2874.0,2874.0,0.0
313770,Lajinha,MG,eligible_phase1_proxy,0.0,2874.0,2874.0,2874.0,0.0
313760,Lagoa Santa,MG,eligible_phase1_proxy,0.0,2874.0,2874.0,2874.0,0.0
313753,Lagoa Grande,MG,eligible_phase1_proxy,0.0,2874.0,2874.0,2874.0,0.0
313750,Lagoa Formosa,MG,eligible_phase1_proxy,0.0,2874.0,2874.0,2874.0,0.0
313740,Lagoa Dourada,MG,eligible_phase1_proxy,0.0,2874.0,2874.0,2874.0,0.0
313730,Lagoa dos Patos,MG,eligible_phase1_proxy,0.0,2874.0,2874.0,2874.0,0.0
313710,Lagamar,MG,eligible_phase1_proxy,0.0,2874.0,2874.0,2874.0,0.0
313700,Ladainha,MG,eligible_phase1_proxy,0.0,2874.0,2874.0,2874.0,0.0
313695,Juvenília,MG,eligible_phase1_proxy,0.0,2874.0,2874.0,2874.0,0.0
313970,Maravilhas,MG,eligible_phase1_proxy,0.0,2874.0,2874.0,2874.0,0.0
313960,Mantena,MG,eligible_phase1_proxy,0.0,2874.0,2874.0,2874.0,0.0
313950,Manhumirim,MG,eligible_phase1_proxy,0.0,2874.0,2874.0,2874.0,0.0
313930,Manga,MG,eligible_phase1_proxy,0.0,2874.0,2874.0,2874.0,0.0
313925,Mamonas,MG,eligible_phase1_proxy,0.0,2874.0,2874.0,2874.0,0.0
313920,Malacacheta,MG,eligible_phase1_proxy,0.0,2874.0,2874.0,2874.0,0.0
313910,Madre de Deus de Minas,MG,eligible_phase1_proxy,0.0,2874.0,2874.0,2874.0,0.0
313890,Machacalis,MG,eligible_phase1_proxy,0.0,2874.0,2874.0,2874.0,0.0
313880,Luz,MG,eligible_phase1_proxy,0.0,2874.0,2874.0,2874.0,0.0
313870,Luminárias,MG,eligible_phase1_proxy,0.0,2874.0,2874.0,2874.0,0.0
313868,Luislândia,MG,eligible_phase1_proxy,0.0,2874.0,2874.0,2874.0,0.0
313867,Luisburgo,MG,eligible_phase1_proxy,0.0,2874.0,2874.0,2874.0,0.0
313865,Lontra,MG,eligible_phase1_proxy,0.0,2874.0,2874.0,2874.0,0.0
313862,Limeira do Oeste,MG,eligible_phase1_proxy,0.0,2874.0,2874.0,2874.0,0.0
313860,Lima Duarte,MG,eligible_phase1_proxy,0.0,2874.0,2874.0,2874.0,0.0
313850,Liberdade,MG,eligible_phase1_proxy,0.0,2874.0,2874.0,2874.0,0.0
314120,Matutina,MG,eligible_phase1_proxy,0.0,2874.0,2874.0,2874.0,0.0
314100,Mato Verde,MG,eligible_phase1_proxy,0.0,2874.0,2874.0,2874.0,0.0
314090,Matipó,MG,eligible_phase1_proxy,0.0,2874.0,2874.0,2874.0,0.0
314085,Matias Cardoso,MG,eligible_phase1_proxy,0.0,2874.0,2874.0,2874.0,0.0
314080,Matias Barbosa,MG,eligible_phase1_proxy,0.0,2874.0,2874.0,2874.0,0.0
314070,Mateus Leme,MG,eligible_phase1_proxy,0.0,2874.0,2874.0,2874.0,0.0
314060,Materlândia,MG,eligible_phase1_proxy,0.0,2874.0,2874.0,2874.0,0.0
314055,Mata Verde,MG,eligible_phase1_proxy,0.0,2874.0,2874.0,2874.0,0.0
314053,Martins Soares,MG,eligible_phase1_proxy,0.0,2874.0,2874.0,2874.0,0.0
314050,Martinho Campos,MG,eligible_phase1_proxy,0.0,2874.0,2874.0,2874.0,0.0
314040,Marmelópolis,MG,eligible_phase1_proxy,0.0,2874.0,2874.0,2874.0,0.0
314030,Marliéria,MG,eligible_phase1_proxy,0.0,2874.0,2874.0,2874.0,0.0
314015,Mário Campos,MG,eligible_phase1_proxy,0.0,2874.0,2874.0,2874.0,0.0
314010,Marilac,MG,eligible_phase1_proxy,0.0,2874.0,2874.0,2874.0,0.0
313990,Maria da Fé,MG,eligible_phase1_proxy,0.0,2874.0,2874.0,2874.0,0.0
313980,Mar de Espanha,MG,eligible_phase1_proxy,0.0,2874.0,2874.0,2874.0,0.0
314290,Monte Azul,MG,eligible_phase1_proxy,0.0,2874.0,2874.0,2874.0,0.0
314280,Monte Alegre de Minas,MG,eligible_phase1_proxy,0.0,2874.0,2874.0,2874.0,0.0
314270,Montalvânia,MG,eligible_phase1_proxy,0.0,2874.0,2874.0,2874.0,0.0
314260,Monsenhor Paulo,MG,eligible_phase1_proxy,0.0,2874.0,2874.0,2874.0,0.0
314240,Moema,MG,eligible_phase1_proxy,0.0,2874.0,2874.0,2874.0,0.0
314230,Moeda,MG,eligible_phase1_proxy,0.0,2874.0,2874.0,2874.0,0.0
314225,Miravânia,MG,eligible_phase1_proxy,0.0,2874.0,2874.0,2874.0,0.0
314220,Miraí,MG,eligible_phase1_proxy,0.0,2874.0,2874.0,2874.0,0.0
314210,Miradouro,MG,eligible_phase1_proxy,0.0,2874.0,2874.0,2874.0,0.0
314200,Mirabela,MG,eligible_phase1_proxy,0.0,2874.0,2874.0,2874.0,0.0
314180,Minas Novas,MG,eligible_phase1_proxy,0.0,2874.0,2874.0,2874.0,0.0
314170,Mesquita,MG,eligible_phase1_proxy,0.0,2874.0,2874.0,2874.0,0.0
314160,Mercês,MG,eligible_phase1_proxy,0.0,2874.0,2874.0,2874.0,0.0
314150,Mendes Pimentel,MG,eligible_phase1_proxy,0.0,2874.0,2874.0,2874.0,0.0
314140,Medina,MG,eligible_phase1_proxy,0.0,2874.0,2874.0,2874.0,0.0
314130,Medeiros,MG,eligible_phase1_proxy,0.0,2874.0,2874.0,2874.0,0.0
314430,Nanuque,MG,eligible_phase1_proxy,0.0,2874.0,2874.0,2874.0,0.0
314420,Nacip Raydan,MG,eligible_phase1_proxy,0.0,2874.0,2874.0,2874.0,0.0
314410,Muzambinho,MG,eligible_phase1_proxy,0.0,2874.0,2874.0,2874.0,0.0
314400,Mutum,MG,eligible_phase1_proxy,0.0,2874.0,2874.0,2874.0,0.0
314390,Muriaé,MG,eligible_phase1_proxy,0.0,2874.0,2874.0,2874.0,0.0
314380,Munhoz,MG,eligible_phase1_proxy,0.0,2874.0,2874.0,2874.0,0.0
314370,Morro do Pilar,MG,eligible_phase1_proxy,0.0,2874.0,2874.0,2874.0,0.0
314360,Morro da Garça,MG,eligible_phase1_proxy,0.0,2874.0,2874.0,2874.0,0.0
314350,Morada Nova de Minas,MG,eligible_phase1_proxy,0.0,2874.0,2874.0,2874.0,0.0
314345,Montezuma,MG,eligible_phase1_proxy,0.0,2874.0,2874.0,2874.0,0.0
314340,Monte Sião,MG,eligible_phase1_proxy,0.0,2874.0,2874.0,2874.0,0.0
314330,Montes Claros,MG,eligible_phase1_proxy,0.0,2874.0,2874.0,2874.0,0.0
314320,Monte Santo de Minas,MG,eligible_phase1_proxy,0.0,2874.0,2874.0,2874.0,0.0
314315,Monte Formoso,MG,eligible_phase1_proxy,0.0,2874.0,2874.0,2874.0,0.0
314310,Monte Carmelo,MG,eligible_phase1_proxy,0.0,2874.0,2874.0,2874.0,0.0
314300,Monte Belo,MG,eligible_phase1_proxy,0.0,2874.0,2874.0,2874.0,0.0
314540,Olaria,MG,eligible_phase1_proxy,0.0,2874.0,2874.0,2874.0,0.0
314537,Novorizonte,MG,eligible_phase1_proxy,0.0,2874.0,2874.0,2874.0,0.0
314535,Novo Oriente de Minas,MG,eligible_phase1_proxy,0.0,2874.0,2874.0,2874.0,0.0
314530,Novo Cruzeiro,MG,eligible_phase1_proxy,0.0,2874.0,2874.0,2874.0,0.0
314510,Nova Resende,MG,eligible_phase1_proxy,0.0,2874.0,2874.0,2874.0,0.0
314505,Nova Porteirinha,MG,eligible_phase1_proxy,0.0,2874.0,2874.0,2874.0,0.0
314500,Nova Ponte,MG,eligible_phase1_proxy,0.0,2874.0,2874.0,2874.0,0.0
314490,Nova Módica,MG,eligible_phase1_proxy,0.0,2874.0,2874.0,2874.0,0.0
314470,Nova Era,MG,eligible_phase1_proxy,0.0,2874.0,2874.0,2874.0,0.0
314467,Nova Belém,MG,eligible_phase1_proxy,0.0,2874.0,2874.0,2874.0,0.0
314465,Ninheira,MG,eligible_phase1_proxy,0.0,2874.0,2874.0,2874.0,0.0
314460,Nepomuceno,MG,eligible_phase1_proxy,0.0,2874.0,2874.0,2874.0,0.0
314450,Nazareno,MG,eligible_phase1_proxy,0.0,2874.0,2874.0,2874.0,0.0
314440,Natércia,MG,eligible_phase1_proxy,0.0,2874.0,2874.0,2874.0,0.0
314437,Natalândia,MG,eligible_phase1_proxy,0.0,2874.0,2874.0,2874.0,0.0
314435,Naque,MG,eligible_phase1_proxy,0.0,2874.0,2874.0,2874.0,0.0
314660,Paiva,MG,eligible_phase1_proxy,0.0,2874.0,2874.0,2874.0,0.0
314655,Pai Pedro,MG,eligible_phase1_proxy,0.0,2874.0,2874.0,2874.0,0.0
314650,Pains,MG,eligible_phase1_proxy,0.0,2874.0,2874.0,2874.0,0.0
314640,Paineiras,MG,eligible_phase1_proxy,0.0,2874.0,2874.0,2874.0,0.0
314630,Padre Paraíso,MG,eligible_phase1_proxy,0.0,2874.0,2874.0,2874.0,0.0
314625,Padre Carvalho,MG,eligible_phase1_proxy,0.0,2874.0,2874.0,2874.0,0.0
314620,Ouro Verde de Minas,MG,eligible_phase1_proxy,0.0,2874.0,2874.0,2874.0,0.0
314610,Ouro Preto,MG,eligible_phase1_proxy,0.0,2874.0,2874.0,2874.0,0.0
314590,Ouro Branco,MG,eligible_phase1_proxy,0.0,2874.0,2874.0,2874.0,0.0
314587,Orizânia,MG,eligible_phase1_proxy,0.0,2874.0,2874.0,2874.0,0.0
314585,Oratórios,MG,eligible_phase1_proxy,0.0,2874.0,2874.0,2874.0,0.0
314580,Onça de Pitangui,MG,eligible_phase1_proxy,0.0,2874.0,2874.0,2874.0,0.0
314570,Oliveira Fortes,MG,eligible_phase1_proxy,0.0,2874.0,2874.0,2874.0,0.0
314560,Oliveira,MG,eligible_phase1_proxy,0.0,2874.0,2874.0,2874.0,0.0
314550,Olímpio Noronha,MG,eligible_phase1_proxy,0.0,2874.0,2874.0,2874.0,0.0
314545,Olhos-d'Água,MG,eligible_phase1_proxy,0.0,2874.0,2874.0,2874.0,0.0
314860,Peçanha,MG,eligible_phase1_proxy,0.0,2874.0,2874.0,2874.0,0.0
314850,Pavão,MG,eligible_phase1_proxy,0.0,2874.0,2874.0,2874.0,0.0
314840,Paulistas,MG,eligible_phase1_proxy,0.0,2874.0,2874.0,2874.0,0.0
314830,Paula Cândido,MG,eligible_phase1_proxy,0.0,2874.0,2874.0,2874.0,0.0
314820,Patrocínio do Muriaé,MG,eligible_phase1_proxy,0.0,2874.0,2874.0,2874.0,0.0
314795,Patis,MG,eligible_phase1_proxy,0.0,2874.0,2874.0,2874.0,0.0
314780,Passa Vinte,MG,eligible_phase1_proxy,0.0,2874.0,2874.0,2874.0,0.0
314770,Passa Tempo,MG,eligible_phase1_proxy,0.0,2874.0,2874.0,2874.0,0.0
314760,Passa Quatro,MG,eligible_phase1_proxy,0.0,2874.0,2874.0,2874.0,0.0
314750,Passabém,MG,eligible_phase1_proxy,0.0,2874.0,2874.0,2874.0,0.0
314730,Paraisópolis,MG,eligible_phase1_proxy,0.0,2874.0,2874.0,2874.0,0.0
314720,Paraguaçu,MG,eligible_phase1_proxy,0.0,2874.0,2874.0,2874.0,0.0
314710,Pará de Minas,MG,eligible_phase1_proxy,0.0,2874.0,2874.0,2874.0,0.0
314690,Papagaios,MG,eligible_phase1_proxy,0.0,2874.0,2874.0,2874.0,0.0
314675,Palmópolis,MG,eligible_phase1_proxy,0.0,2874.0,2874.0,2874.0,0.0
314670,Palma,MG,eligible_phase1_proxy,0.0,2874.0,2874.0,2874.0,0.0
315000,Pescador,MG,eligible_phase1_proxy,0.0,2874.0,2874.0,2874.0,0.0
314995,Periquito,MG,eligible_phase1_proxy,0.0,2874.0,2874.0,2874.0,0.0
314990,Perdões,MG,eligible_phase1_proxy,0.0,2874.0,2874.0,2874.0,0.0
314980,Perdizes,MG,eligible_phase1_proxy,0.0,2874.0,2874.0,2874.0,0.0
314970,Perdigão,MG,eligible_phase1_proxy,0.0,2874.0,2874.0,2874.0,0.0
314960,Pequi,MG,eligible_phase1_proxy,0.0,2874.0,2874.0,2874.0,0.0
314950,Pequeri,MG,eligible_phase1_proxy,0.0,2874.0,2874.0,2874.0,0.0
314940,Pedro Teixeira,MG,eligible_phase1_proxy,0.0,2874.0,2874.0,2874.0,0.0
314920,Pedrinópolis,MG,eligible_phase1_proxy,0.0,2874.0,2874.0,2874.0,0.0
314915,Pedras de Maria da Cruz,MG,eligible_phase1_proxy,0.0,2874.0,2874.0,2874.0,0.0
314910,Pedralva,MG,eligible_phase1_proxy,0.0,2874.0,2874.0,2874.0,0.0
314900,Pedra Dourada,MG,eligible_phase1_proxy,0.0,2874.0,2874.0,2874.0,0.0
314890,Pedra do Indaiá,MG,eligible_phase1_proxy,0.0,2874.0,2874.0,2874.0,0.0
314880,Pedra do Anta,MG,eligible_phase1_proxy,0.0,2874.0,2874.0,2874.0,0.0
314875,Pedra Bonita,MG,eligible_phase1_proxy,0.0,2874.0,2874.0,2874.0,0.0
314870,Pedra Azul,MG,eligible_phase1_proxy,0.0,2874.0,2874.0,2874.0,0.0
211065,São Domingos do Azeitão,MA,eligible_phase1_proxy,0.0,2874.0,2874.0,2874.0,0.0
211060,São Bernardo,MA,eligible_phase1_proxy,0.0,2874.0,2874.0,2874.0,0.0
211050,São Bento,MA,eligible_phase1_proxy,0.0,2874.0,2874.0,2874.0,0.0
211030,Santo Antônio dos Lopes,MA,eligible_phase1_proxy,0.0,2874.0,2874.0,2874.0,0.0
211027,Santo Amaro do Maranhão,MA,eligible_phase1_proxy,0.0,2874.0,2874.0,2874.0,0.0
315080,Piranga,MG,eligible_phase1_proxy,0.0,2874.0,2874.0,2874.0,0.0
315070,Pirajuba,MG,eligible_phase1_proxy,0.0,2874.0,2874.0,2874.0,0.0
315060,Piracema,MG,eligible_phase1_proxy,0.0,2874.0,2874.0,2874.0,0.0
315057,Pintópolis,MG,eligible_phase1_proxy,0.0,2874.0,2874.0,2874.0,0.0
315053,Pingo-d'Água,MG,eligible_phase1_proxy,0.0,2874.0,2874.0,2874.0,0.0
315050,Pimenta,MG,eligible_phase1_proxy,0.0,2874.0,2874.0,2874.0,0.0
315040,Piedade dos Gerais,MG,eligible_phase1_proxy,0.0,2874.0,2874.0,2874.0,0.0
315030,Piedade do Rio Grande,MG,eligible_phase1_proxy,0.0,2874.0,2874.0,2874.0,0.0
315020,Piedade de Ponte Nova,MG,eligible_phase1_proxy,0.0,2874.0,2874.0,2874.0,0.0
315015,Piedade de Caratinga,MG,eligible_phase1_proxy,0.0,2874.0,2874.0,2874.0,0.0
315010,Piau,MG,eligible_phase1_proxy,0.0,2874.0,2874.0,2874.0,0.0
315210,Ponte Nova,MG,eligible_phase1_proxy,0.0,2874.0,2874.0,2874.0,0.0
315190,Pocrane,MG,eligible_phase1_proxy,0.0,2874.0,2874.0,2874.0,0.0
315170,Poço Fundo,MG,eligible_phase1_proxy,0.0,2874.0,2874.0,2874.0,0.0
315150,Piumhi,MG,eligible_phase1_proxy,0.0,2874.0,2874.0,2874.0,0.0
315140,Pitangui,MG,eligible_phase1_proxy,0.0,2874.0,2874.0,2874.0,0.0
315130,Piraúba,MG,eligible_phase1_proxy,0.0,2874.0,2874.0,2874.0,0.0
315120,Pirapora,MG,eligible_phase1_proxy,0.0,2874.0,2874.0,2874.0,0.0
315110,Pirapetinga,MG,eligible_phase1_proxy,0.0,2874.0,2874.0,2874.0,0.0
315100,Piranguinho,MG,eligible_phase1_proxy,0.0,2874.0,2874.0,2874.0,0.0
315090,Piranguçu,MG,eligible_phase1_proxy,0.0,2874.0,2874.0,2874.0,0.0
211110,São João dos Patos,MA,eligible_phase1_proxy,0.0,2874.0,2874.0,2874.0,0.0
211105,São João do Paraíso,MA,eligible_phase1_proxy,0.0,2874.0,2874.0,2874.0,0.0
211102,São João do Carú,MA,eligible_phase1_proxy,0.0,2874.0,2874.0,2874.0,0.0
211100,São João Batista,MA,eligible_phase1_proxy,0.0,2874.0,2874.0,2874.0,0.0
211090,São Francisco do Maranhão,MA,eligible_phase1_proxy,0.0,2874.0,2874.0,2874.0,0.0
211070,São Domingos do Maranhão,MA,eligible_phase1_proxy,0.0,2874.0,2874.0,2874.0,0.0
315360,Prudente de Morais,MG,eligible_phase1_proxy,0.0,2874.0,2874.0,2874.0,0.0
315350,Alto Jequitibá,MG,eligible_phase1_proxy,0.0,2874.0,2874.0,2874.0,0.0
315340,Presidente Olegário,MG,eligible_phase1_proxy,0.0,2874.0,2874.0,2874.0,0.0
315330,Presidente Kubitschek,MG,eligible_phase1_proxy,0.0,2874.0,2874.0,2874.0,0.0
315320,Presidente Juscelino,MG,eligible_phase1_proxy,0.0,2874.0,2874.0,2874.0,0.0
315310,Presidente Bernardes,MG,eligible_phase1_proxy,0.0,2874.0,2874.0,2874.0,0.0
315300,Pratinha,MG,eligible_phase1_proxy,0.0,2874.0,2874.0,2874.0,0.0
315290,Pratápolis,MG,eligible_phase1_proxy,0.0,2874.0,2874.0,2874.0,0.0
315280,Prata,MG,eligible_phase1_proxy,0.0,2874.0,2874.0,2874.0,0.0
315270,Prados,MG,eligible_phase1_proxy,0.0,2874.0,2874.0,2874.0,0.0
315260,Pouso Alto,MG,eligible_phase1_proxy,0.0,2874.0,2874.0,2874.0,0.0
315240,Poté,MG,eligible_phase1_proxy,0.0,2874.0,2874.0,2874.0,0.0
315230,Porto Firme,MG,eligible_phase1_proxy,0.0,2874.0,2874.0,2874.0,0.0
315220,Porteirinha,MG,eligible_phase1_proxy,0.0,2874.0,2874.0,2874.0,0.0
315217,Ponto dos Volantes,MG,eligible_phase1_proxy,0.0,2874.0,2874.0,2874.0,0.0
315213,Ponto Chique,MG,eligible_phase1_proxy,0.0,2874.0,2874.0,2874.0,0.0
315550,Rio Paranaíba,MG,eligible_phase1_proxy,0.0,2874.0,2874.0,2874.0,0.0
315540,Rio Novo,MG,eligible_phase1_proxy,0.0,2874.0,2874.0,2874.0,0.0
315530,Rio Manso,MG,eligible_phase1_proxy,0.0,2874.0,2874.0,2874.0,0.0
315520,Rio Espera,MG,eligible_phase1_proxy,0.0,2874.0,2874.0,2874.0,0.0
315510,Rio do Prado,MG,eligible_phase1_proxy,0.0,2874.0,2874.0,2874.0,0.0
315500,Rio Doce,MG,eligible_phase1_proxy,0.0,2874.0,2874.0,2874.0,0.0
315490,Rio Casca,MG,eligible_phase1_proxy,0.0,2874.0,2874.0,2874.0,0.0
315470,Ribeirão Vermelho,MG,eligible_phase1_proxy,0.0,2874.0,2874.0,2874.0,0.0
315450,Riacho dos Machados,MG,eligible_phase1_proxy,0.0,2874.0,2874.0,2874.0,0.0
315445,Riachinho,MG,eligible_phase1_proxy,0.0,2874.0,2874.0,2874.0,0.0
315440,Ressaquinha,MG,eligible_phase1_proxy,0.0,2874.0,2874.0,2874.0,0.0
315420,Resende Costa,MG,eligible_phase1_proxy,0.0,2874.0,2874.0,2874.0,0.0
315415,Reduto,MG,eligible_phase1_proxy,0.0,2874.0,2874.0,2874.0,0.0
315410,Recreio,MG,eligible_phase1_proxy,0.0,2874.0,2874.0,2874.0,0.0
315400,Raul Soares,MG,eligible_phase1_proxy,0.0,2874.0,2874.0,2874.0,0.0
315370,Quartel Geral,MG,eligible_phase1_proxy,0.0,2874.0,2874.0,2874.0,0.0
315710,Salto da Divisa,MG,eligible_phase1_proxy,0.0,2874.0,2874.0,2874.0,0.0
315700,Salinas,MG,eligible_phase1_proxy,0.0,2874.0,2874.0,2874.0,0.0
315690,Sacramento,MG,eligible_phase1_proxy,0.0,2874.0,2874.0,2874.0,0.0
315680,Sabinópolis,MG,eligible_phase1_proxy,0.0,2874.0,2874.0,2874.0,0.0
315660,Rubim,MG,eligible_phase1_proxy,0.0,2874.0,2874.0,2874.0,0.0
315650,Rubelita,MG,eligible_phase1_proxy,0.0,2874.0,2874.0,2874.0,0.0
315645,Rosário da Limeira,MG,eligible_phase1_proxy,0.0,2874.0,2874.0,2874.0,0.0
315640,Romaria,MG,eligible_phase1_proxy,0.0,2874.0,2874.0,2874.0,0.0
315630,Rodeiro,MG,eligible_phase1_proxy,0.0,2874.0,2874.0,2874.0,0.0
315620,Rochedo de Minas,MG,eligible_phase1_proxy,0.0,2874.0,2874.0,2874.0,0.0
315610,Ritápolis,MG,eligible_phase1_proxy,0.0,2874.0,2874.0,2874.0,0.0
315600,Rio Vermelho,MG,eligible_phase1_proxy,0.0,2874.0,2874.0,2874.0,0.0
315590,Rio Preto,MG,eligible_phase1_proxy,0.0,2874.0,2874.0,2874.0,0.0
315580,Rio Pomba,MG,eligible_phase1_proxy,0.0,2874.0,2874.0,2874.0,0.0
315570,Rio Piracicaba,MG,eligible_phase1_proxy,0.0,2874.0,2874.0,2874.0,0.0
315560,Rio Pardo de Minas,MG,eligible_phase1_proxy,0.0,2874.0,2874.0,2874.0,0.0
315810,Santa Maria do Salto,MG,eligible_phase1_proxy,0.0,2874.0,2874.0,2874.0,0.0
315800,Santa Maria de Itabira,MG,eligible_phase1_proxy,0.0,2874.0,2874.0,2874.0,0.0
315790,Santa Margarida,MG,eligible_phase1_proxy,0.0,2874.0,2874.0,2874.0,0.0
150830,Viseu,PA,eligible_phase1_proxy,0.0,2874.0,2874.0,2874.0,0.0
150812,Ulianópolis,PA,eligible_phase1_proxy,0.0,2874.0,2874.0,2874.0,0.0
150796,Terra Alta,PA,eligible_phase1_proxy,0.0,2874.0,2874.0,2874.0,0.0
150775,Sapucaia,PA,eligible_phase1_proxy,0.0,2874.0,2874.0,2874.0,0.0
315765,Santa Helena de Minas,MG,eligible_phase1_proxy,0.0,2874.0,2874.0,2874.0,0.0
315750,Santa Efigênia de Minas,MG,eligible_phase1_proxy,0.0,2874.0,2874.0,2874.0,0.0
315740,Santa Cruz do Escalvado,MG,eligible_phase1_proxy,0.0,2874.0,2874.0,2874.0,0.0
315737,Santa Cruz de Salinas,MG,eligible_phase1_proxy,0.0,2874.0,2874.0,2874.0,0.0
315733,Santa Cruz de Minas,MG,eligible_phase1_proxy,0.0,2874.0,2874.0,2874.0,0.0
315730,Santa Bárbara do Tugúrio,MG,eligible_phase1_proxy,0.0,2874.0,2874.0,2874.0,0.0
315727,Santa Bárbara do Monte Verde,MG,eligible_phase1_proxy,0.0,2874.0,2874.0,2874.0,0.0
315725,Santa Bárbara do Leste,MG,eligible_phase1_proxy,0.0,2874.0,2874.0,2874.0,0.0
315720,Santa Bárbara,MG,eligible_phase1_proxy,0.0,2874.0,2874.0,2874.0,0.0
315970,Santa Rosa da Serra,MG,eligible_phase1_proxy,0.0,2874.0,2874.0,2874.0,0.0
315960,Santa Rita do Sapucaí,MG,eligible_phase1_proxy,0.0,2874.0,2874.0,2874.0,0.0
315950,Santa Rita do Itueto,MG,eligible_phase1_proxy,0.0,2874.0,2874.0,2874.0,0.0
315940,Santa Rita de Ibitipoca,MG,eligible_phase1_proxy,0.0,2874.0,2874.0,2874.0,0.0
315935,Santa Rita de Minas,MG,eligible_phase1_proxy,0.0,2874.0,2874.0,2874.0,0.0
315930,Santa Rita de Jacutinga,MG,eligible_phase1_proxy,0.0,2874.0,2874.0,2874.0,0.0
315920,Santa Rita de Caldas,MG,eligible_phase1_proxy,0.0,2874.0,2874.0,2874.0,0.0
315910,Santana dos Montes,MG,eligible_phase1_proxy,0.0,2874.0,2874.0,2874.0,0.0
315900,Santana do Riacho,MG,eligible_phase1_proxy,0.0,2874.0,2874.0,2874.0,0.0
315890,Santana do Manhuaçu,MG,eligible_phase1_proxy,0.0,2874.0,2874.0,2874.0,0.0
315880,Santana do Jacaré,MG,eligible_phase1_proxy,0.0,2874.0,2874.0,2874.0,0.0
315870,Santana do Garambéu,MG,eligible_phase1_proxy,0.0,2874.0,2874.0,2874.0,0.0
315860,Santana do Deserto,MG,eligible_phase1_proxy,0.0,2874.0,2874.0,2874.0,0.0
315850,Santana de Pirapama,MG,eligible_phase1_proxy,0.0,2874.0,2874.0,2874.0,0.0
315830,Santana da Vargem,MG,eligible_phase1_proxy,0.0,2874.0,2874.0,2874.0,0.0
315820,Santa Maria do Suaçuí,MG,eligible_phase1_proxy,0.0,2874.0,2874.0,2874.0,0.0
316105,São Félix de Minas,MG,eligible_phase1_proxy,0.0,2874.0,2874.0,2874.0,0.0
316100,São Domingos do Prata,MG,eligible_phase1_proxy,0.0,2874.0,2874.0,2874.0,0.0
316095,São Domingos das Dores,MG,eligible_phase1_proxy,0.0,2874.0,2874.0,2874.0,0.0
316090,São Brás do Suaçuí,MG,eligible_phase1_proxy,0.0,2874.0,2874.0,2874.0,0.0
316080,São Bento Abade,MG,eligible_phase1_proxy,0.0,2874.0,2874.0,2874.0,0.0
316070,Santos Dumont,MG,eligible_phase1_proxy,0.0,2874.0,2874.0,2874.0,0.0
316060,Santo Hipólito,MG,eligible_phase1_proxy,0.0,2874.0,2874.0,2874.0,0.0
316050,Santo Antônio do Rio Abaixo,MG,eligible_phase1_proxy,0.0,2874.0,2874.0,2874.0,0.0
316045,Santo Antônio do Retiro,MG,eligible_phase1_proxy,0.0,2874.0,2874.0,2874.0,0.0
316040,Santo Antônio do Monte,MG,eligible_phase1_proxy,0.0,2874.0,2874.0,2874.0,0.0
316030,Santo Antônio do Jacinto,MG,eligible_phase1_proxy,0.0,2874.0,2874.0,2874.0,0.0
316020,Santo Antônio do Itambé,MG,eligible_phase1_proxy,0.0,2874.0,2874.0,2874.0,0.0
316010,Santo Antônio do Grama,MG,eligible_phase1_proxy,0.0,2874.0,2874.0,2874.0,0.0
316000,Santo Antônio do Aventureiro,MG,eligible_phase1_proxy,0.0,2874.0,2874.0,2874.0,0.0
315990,Santo Antônio do Amparo,MG,eligible_phase1_proxy,0.0,2874.0,2874.0,2874.0,0.0
315980,Santa Vitória,MG,eligible_phase1_proxy,0.0,2874.0,2874.0,2874.0,0.0
316240,São João da Ponte,MG,eligible_phase1_proxy,0.0,2874.0,2874.0,2874.0,0.0
316230,São João da Mata,MG,eligible_phase1_proxy,0.0,2874.0,2874.0,2874.0,0.0
316225,São João da Lagoa,MG,eligible_phase1_proxy,0.0,2874.0,2874.0,2874.0,0.0
316220,São João Batista do Glória,MG,eligible_phase1_proxy,0.0,2874.0,2874.0,2874.0,0.0
316210,São Gotardo,MG,eligible_phase1_proxy,0.0,2874.0,2874.0,2874.0,0.0
316200,São Gonçalo do Sapucaí,MG,eligible_phase1_proxy,0.0,2874.0,2874.0,2874.0,0.0
316190,São Gonçalo do Rio Abaixo,MG,eligible_phase1_proxy,0.0,2874.0,2874.0,2874.0,0.0
316180,São Gonçalo do Pará,MG,eligible_phase1_proxy,0.0,2874.0,2874.0,2874.0,0.0
316170,São Gonçalo do Abaeté,MG,eligible_phase1_proxy,0.0,2874.0,2874.0,2874.0,0.0
316165,São Geraldo do Baixio,MG,eligible_phase1_proxy,0.0,2874.0,2874.0,2874.0,0.0
316160,São Geraldo da Piedade,MG,eligible_phase1_proxy,0.0,2874.0,2874.0,2874.0,0.0
316150,São Geraldo,MG,eligible_phase1_proxy,0.0,2874.0,2874.0,2874.0,0.0
316140,São Francisco do Glória,MG,eligible_phase1_proxy,0.0,2874.0,2874.0,2874.0,0.0
316130,São Francisco de Sales,MG,eligible_phase1_proxy,0.0,2874.0,2874.0,2874.0,0.0
316120,São Francisco de Paula,MG,eligible_phase1_proxy,0.0,2874.0,2874.0,2874.0,0.0
316110,São Francisco,MG,eligible_phase1_proxy,0.0,2874.0,2874.0,2874.0,0.0
316350,São José do Jacuri,MG,eligible_phase1_proxy,0.0,2874.0,2874.0,2874.0,0.0
316340,São José do Goiabal,MG,eligible_phase1_proxy,0.0,2874.0,2874.0,2874.0,0.0
316320,São José do Alegre,MG,eligible_phase1_proxy,0.0,2874.0,2874.0,2874.0,0.0
316310,São José da Varginha,MG,eligible_phase1_proxy,0.0,2874.0,2874.0,2874.0,0.0
316300,São José da Safira,MG,eligible_phase1_proxy,0.0,2874.0,2874.0,2874.0,0.0
316295,São José da Lapa,MG,eligible_phase1_proxy,0.0,2874.0,2874.0,2874.0,0.0
316294,São José da Barra,MG,eligible_phase1_proxy,0.0,2874.0,2874.0,2874.0,0.0
316292,São Joaquim de Bicas,MG,eligible_phase1_proxy,0.0,2874.0,2874.0,2874.0,0.0
316280,São João Evangelista,MG,eligible_phase1_proxy,0.0,2874.0,2874.0,2874.0,0.0
316270,São João do Paraíso,MG,eligible_phase1_proxy,0.0,2874.0,2874.0,2874.0,0.0
316265,São João do Pacuí,MG,eligible_phase1_proxy,0.0,2874.0,2874.0,2874.0,0.0
316260,São João do Oriente,MG,eligible_phase1_proxy,0.0,2874.0,2874.0,2874.0,0.0
316257,São João do Manteninha,MG,eligible_phase1_proxy,0.0,2874.0,2874.0,2874.0,0.0
316255,São João do Manhuaçu,MG,eligible_phase1_proxy,0.0,2874.0,2874.0,2874.0,0.0
316250,São João del Rei,MG,eligible_phase1_proxy,0.0,2874.0,2874.0,2874.0,0.0
316245,São João das Missões,MG,eligible_phase1_proxy,0.0,2874.0,2874.0,2874.0,0.0
316510,São Tomás de Aquino,MG,eligible_phase1_proxy,0.0,2874.0,2874.0,2874.0,0.0
316500,São Tiago,MG,eligible_phase1_proxy,0.0,2874.0,2874.0,2874.0,0.0
316480,São Sebastião do Rio Preto,MG,eligible_phase1_proxy,0.0,2874.0,2874.0,2874.0,0.0
316470,São Sebastião do Paraíso,MG,eligible_phase1_proxy,0.0,2874.0,2874.0,2874.0,0.0
316460,São Sebastião do Oeste,MG,eligible_phase1_proxy,0.0,2874.0,2874.0,2874.0,0.0
316450,São Sebastião do Maranhão,MG,eligible_phase1_proxy,0.0,2874.0,2874.0,2874.0,0.0
316447,São Sebastião do Anta,MG,eligible_phase1_proxy,0.0,2874.0,2874.0,2874.0,0.0
316443,São Sebastião da Vargem Alegre,MG,eligible_phase1_proxy,0.0,2874.0,2874.0,2874.0,0.0
316440,São Sebastião da Bela Vista,MG,eligible_phase1_proxy,0.0,2874.0,2874.0,2874.0,0.0
316430,São Roque de Minas,MG,eligible_phase1_proxy,0.0,2874.0,2874.0,2874.0,0.0
316420,São Romão,MG,eligible_phase1_proxy,0.0,2874.0,2874.0,2874.0,0.0
316410,São Pedro do Suaçuí,MG,eligible_phase1_proxy,0.0,2874.0,2874.0,2874.0,0.0
316400,São Pedro dos Ferros,MG,eligible_phase1_proxy,0.0,2874.0,2874.0,2874.0,0.0
316390,São Pedro da União,MG,eligible_phase1_proxy,0.0,2874.0,2874.0,2874.0,0.0
316380,São Miguel do Anta,MG,eligible_phase1_proxy,0.0,2874.0,2874.0,2874.0,0.0
316360,São José do Mantimento,MG,eligible_phase1_proxy,0.0,2874.0,2874.0,2874.0,0.0
316650,Serra Azul de Minas,MG,eligible_phase1_proxy,0.0,2874.0,2874.0,2874.0,0.0
316640,Seritinga,MG,eligible_phase1_proxy,0.0,2874.0,2874.0,2874.0,0.0
316630,Sericita,MG,eligible_phase1_proxy,0.0,2874.0,2874.0,2874.0,0.0
316620,Senhora dos Remédios,MG,eligible_phase1_proxy,0.0,2874.0,2874.0,2874.0,0.0
316610,Senhora do Porto,MG,eligible_phase1_proxy,0.0,2874.0,2874.0,2874.0,0.0
316600,Senhora de Oliveira,MG,eligible_phase1_proxy,0.0,2874.0,2874.0,2874.0,0.0
316590,Senador Modestino Gonçalves,MG,eligible_phase1_proxy,0.0,2874.0,2874.0,2874.0,0.0
316570,Senador Firmino,MG,eligible_phase1_proxy,0.0,2874.0,2874.0,2874.0,0.0
316560,Senador Cortes,MG,eligible_phase1_proxy,0.0,2874.0,2874.0,2874.0,0.0
316557,Senador Amaral,MG,eligible_phase1_proxy,0.0,2874.0,2874.0,2874.0,0.0
316556,Sem-Peixe,MG,eligible_phase1_proxy,0.0,2874.0,2874.0,2874.0,0.0
316555,Setubinha,MG,eligible_phase1_proxy,0.0,2874.0,2874.0,2874.0,0.0
316550,Sardoá,MG,eligible_phase1_proxy,0.0,2874.0,2874.0,2874.0,0.0
316540,Sapucaí-Mirim,MG,eligible_phase1_proxy,0.0,2874.0,2874.0,2874.0,0.0
316530,São Vicente de Minas,MG,eligible_phase1_proxy,0.0,2874.0,2874.0,2874.0,0.0
316520,São Tomé das Letras,MG,eligible_phase1_proxy,0.0,2874.0,2874.0,2874.0,0.0
316830,Taquaraçu de Minas,MG,eligible_phase1_proxy,0.0,2874.0,2874.0,2874.0,0.0
316805,Taparuba,MG,eligible_phase1_proxy,0.0,2874.0,2874.0,2874.0,0.0
316800,Taiobeiras,MG,eligible_phase1_proxy,0.0,2874.0,2874.0,2874.0,0.0
316790,Tabuleiro,MG,eligible_phase1_proxy,0.0,2874.0,2874.0,2874.0,0.0
316780,Soledade de Minas,MG,eligible_phase1_proxy,0.0,2874.0,2874.0,2874.0,0.0
316770,Sobrália,MG,eligible_phase1_proxy,0.0,2874.0,2874.0,2874.0,0.0
316760,Simonésia,MG,eligible_phase1_proxy,0.0,2874.0,2874.0,2874.0,0.0
316750,Simão Pereira,MG,eligible_phase1_proxy,0.0,2874.0,2874.0,2874.0,0.0
316740,Silvianópolis,MG,eligible_phase1_proxy,0.0,2874.0,2874.0,2874.0,0.0
316730,Silveirânia,MG,eligible_phase1_proxy,0.0,2874.0,2874.0,2874.0,0.0
316710,Serro,MG,eligible_phase1_proxy,0.0,2874.0,2874.0,2874.0,0.0
316700,Serranos,MG,eligible_phase1_proxy,0.0,2874.0,2874.0,2874.0,0.0
316695,Serranópolis de Minas,MG,eligible_phase1_proxy,0.0,2874.0,2874.0,2874.0,0.0
316690,Serrania,MG,eligible_phase1_proxy,0.0,2874.0,2874.0,2874.0,0.0
316680,Serra do Salitre,MG,eligible_phase1_proxy,0.0,2874.0,2874.0,2874.0,0.0
316670,Serra dos Aimorés,MG,eligible_phase1_proxy,0.0,2874.0,2874.0,2874.0,0.0
317005,Ubaporanga,MG,eligible_phase1_proxy,0.0,2874.0,2874.0,2874.0,0.0
317000,Ubaí,MG,eligible_phase1_proxy,0.0,2874.0,2874.0,2874.0,0.0
316980,Turvolândia,MG,eligible_phase1_proxy,0.0,2874.0,2874.0,2874.0,0.0
316970,Turmalina,MG,eligible_phase1_proxy,0.0,2874.0,2874.0,2874.0,0.0
316960,Tupaciguara,MG,eligible_phase1_proxy,0.0,2874.0,2874.0,2874.0,0.0
316950,Tumiritinga,MG,eligible_phase1_proxy,0.0,2874.0,2874.0,2874.0,0.0
316935,Três Marias,MG,eligible_phase1_proxy,0.0,2874.0,2874.0,2874.0,0.0
316920,Tombos,MG,eligible_phase1_proxy,0.0,2874.0,2874.0,2874.0,0.0
316910,Toledo,MG,eligible_phase1_proxy,0.0,2874.0,2874.0,2874.0,0.0
316905,Tocos do Moji,MG,eligible_phase1_proxy,0.0,2874.0,2874.0,2874.0,0.0
316900,Tocantins,MG,eligible_phase1_proxy,0.0,2874.0,2874.0,2874.0,0.0
316890,Tiros,MG,eligible_phase1_proxy,0.0,2874.0,2874.0,2874.0,0.0
316880,Tiradentes,MG,eligible_phase1_proxy,0.0,2874.0,2874.0,2874.0,0.0
316860,Teófilo Otoni,MG,eligible_phase1_proxy,0.0,2874.0,2874.0,2874.0,0.0
316850,Teixeiras,MG,eligible_phase1_proxy,0.0,2874.0,2874.0,2874.0,0.0
316840,Tarumirim,MG,eligible_phase1_proxy,0.0,2874.0,2874.0,2874.0,0.0
317150,Mathias Lobato,MG,eligible_phase1_proxy,0.0,2874.0,2874.0,2874.0,0.0
317115,Vermelho Novo,MG,eligible_phase1_proxy,0.0,2874.0,2874.0,2874.0,0.0
317110,Veríssimo,MG,eligible_phase1_proxy,0.0,2874.0,2874.0,2874.0,0.0
317107,Veredinha,MG,eligible_phase1_proxy,0.0,2874.0,2874.0,2874.0,0.0
317103,Verdelândia,MG,eligible_phase1_proxy,0.0,2874.0,2874.0,2874.0,0.0
317100,Vazante,MG,eligible_phase1_proxy,0.0,2874.0,2874.0,2874.0,0.0
317090,Varzelândia,MG,eligible_phase1_proxy,0.0,2874.0,2874.0,2874.0,0.0
317080,Várzea da Palma,MG,eligible_phase1_proxy,0.0,2874.0,2874.0,2874.0,0.0
317075,Varjão de Minas,MG,eligible_phase1_proxy,0.0,2874.0,2874.0,2874.0,0.0
317065,Vargem Grande do Rio Pardo,MG,eligible_phase1_proxy,0.0,2874.0,2874.0,2874.0,0.0
317060,Vargem Bonita,MG,eligible_phase1_proxy,0.0,2874.0,2874.0,2874.0,0.0
317057,Vargem Alegre,MG,eligible_phase1_proxy,0.0,2874.0,2874.0,2874.0,0.0
317050,Urucânia,MG,eligible_phase1_proxy,0.0,2874.0,2874.0,2874.0,0.0
317047,Uruana de Minas,MG,eligible_phase1_proxy,0.0,2874.0,2874.0,2874.0,0.0
317043,União de Minas,MG,eligible_phase1_proxy,0.0,2874.0,2874.0,2874.0,0.0
317030,Umburatiba,MG,eligible_phase1_proxy,0.0,2874.0,2874.0,2874.0,0.0
320060,Aracruz,ES,eligible_phase1_proxy,0.0,2874.0,2874.0,2874.0,0.0
320050,Apiacá,ES,eligible_phase1_proxy,0.0,2874.0,2874.0,2874.0,0.0
320040,Anchieta,ES,eligible_phase1_proxy,0.0,2874.0,2874.0,2874.0,0.0
320035,Alto Rio Novo,ES,eligible_phase1_proxy,0.0,2874.0,2874.0,2874.0,0.0
320030,Alfredo Chaves,ES,eligible_phase1_proxy,0.0,2874.0,2874.0,2874.0,0.0
320020,Alegre,ES,eligible_phase1_proxy,0.0,2874.0,2874.0,2874.0,0.0
320016,Água Doce do Norte,ES,eligible_phase1_proxy,0.0,2874.0,2874.0,2874.0,0.0
320013,Águia Branca,ES,eligible_phase1_proxy,0.0,2874.0,2874.0,2874.0,0.0
320010,Afonso Cláudio,ES,eligible_phase1_proxy,0.0,2874.0,2874.0,2874.0,0.0
317220,Wenceslau Braz,MG,eligible_phase1_proxy,0.0,2874.0,2874.0,2874.0,0.0
317210,Volta Grande,MG,eligible_phase1_proxy,0.0,2874.0,2874.0,2874.0,0.0
317200,Visconde do Rio Branco,MG,eligible_phase1_proxy,0.0,2874.0,2874.0,2874.0,0.0
317190,Virgolândia,MG,eligible_phase1_proxy,0.0,2874.0,2874.0,2874.0,0.0
317180,Virginópolis,MG,eligible_phase1_proxy,0.0,2874.0,2874.0,2874.0,0.0
317170,Virgínia,MG,eligible_phase1_proxy,0.0,2874.0,2874.0,2874.0,0.0
317160,Virgem da Lapa,MG,eligible_phase1_proxy,0.0,2874.0,2874.0,2874.0,0.0
320220,Fundão,ES,eligible_phase1_proxy,0.0,2874.0,2874.0,2874.0,0.0
320210,Ecoporanga,ES,eligible_phase1_proxy,0.0,2874.0,2874.0,2874.0,0.0
320200,Dores do Rio Preto,ES,eligible_phase1_proxy,0.0,2874.0,2874.0,2874.0,0.0
320190,Domingos Martins,ES,eligible_phase1_proxy,0.0,2874.0,2874.0,2874.0,0.0
320180,Divino de São Lourenço,ES,eligible_phase1_proxy,0.0,2874.0,2874.0,2874.0,0.0
320170,Conceição do Castelo,ES,eligible_phase1_proxy,0.0,2874.0,2874.0,2874.0,0.0
320160,Conceição da Barra,ES,eligible_phase1_proxy,0.0,2874.0,2874.0,2874.0,0.0
320150,Colatina,ES,eligible_phase1_proxy,0.0,2874.0,2874.0,2874.0,0.0
320140,Castelo,ES,eligible_phase1_proxy,0.0,2874.0,2874.0,2874.0,0.0
320120,Cachoeiro de Itapemirim,ES,eligible_phase1_proxy,0.0,2874.0,2874.0,2874.0,0.0
320115,Brejetuba,ES,eligible_phase1_proxy,0.0,2874.0,2874.0,2874.0,0.0
320110,Bom Jesus do Norte,ES,eligible_phase1_proxy,0.0,2874.0,2874.0,2874.0,0.0
320100,Boa Esperança,ES,eligible_phase1_proxy,0.0,2874.0,2874.0,2874.0,0.0
320090,Barra de São Francisco,ES,eligible_phase1_proxy,0.0,2874.0,2874.0,2874.0,0.0
320080,Baixo Guandu,ES,eligible_phase1_proxy,0.0,2874.0,2874.0,2874.0,0.0
320070,Atílio Vivácqua,ES,eligible_phase1_proxy,0.0,2874.0,2874.0,2874.0,0.0
320332,Marataízes,ES,eligible_phase1_proxy,0.0,2874.0,2874.0,2874.0,0.0
320330,Mantenópolis,ES,eligible_phase1_proxy,0.0,2874.0,2874.0,2874.0,0.0
320316,Laranja da Terra,ES,eligible_phase1_proxy,0.0,2874.0,2874.0,2874.0,0.0
320313,João Neiva,ES,eligible_phase1_proxy,0.0,2874.0,2874.0,2874.0,0.0
320310,Jerônimo Monteiro,ES,eligible_phase1_proxy,0.0,2874.0,2874.0,2874.0,0.0
320305,Jaguaré,ES,eligible_phase1_proxy,0.0,2874.0,2874.0,2874.0,0.0
320300,Iúna,ES,eligible_phase1_proxy,0.0,2874.0,2874.0,2874.0,0.0
320290,Itarana,ES,eligible_phase1_proxy,0.0,2874.0,2874.0,2874.0,0.0
320280,Itapemirim,ES,eligible_phase1_proxy,0.0,2874.0,2874.0,2874.0,0.0
320270,Itaguaçu,ES,eligible_phase1_proxy,0.0,2874.0,2874.0,2874.0,0.0
320265,Irupi,ES,eligible_phase1_proxy,0.0,2874.0,2874.0,2874.0,0.0
320260,Iconha,ES,eligible_phase1_proxy,0.0,2874.0,2874.0,2874.0,0.0
320255,Ibitirama,ES,eligible_phase1_proxy,0.0,2874.0,2874.0,2874.0,0.0
320250,Ibiraçu,ES,eligible_phase1_proxy,0.0,2874.0,2874.0,2874.0,0.0
320230,Guaçuí,ES,eligible_phase1_proxy,0.0,2874.0,2874.0,2874.0,0.0
320225,Governador Lindenberg,ES,eligible_phase1_proxy,0.0,2874.0,2874.0,2874.0,0.0
320440,Rio Novo do Sul,ES,eligible_phase1_proxy,0.0,2874.0,2874.0,2874.0,0.0
320435,RIO BANANAL,ES,eligible_phase1_proxy,0.0,2874.0,2874.0,2874.0,0.0
320430,Presidente Kennedy,ES,eligible_phase1_proxy,0.0,2874.0,2874.0,2874.0,0.0
320425,Ponto Belo,ES,eligible_phase1_proxy,0.0,2874.0,2874.0,2874.0,0.0
320420,Piúma,ES,eligible_phase1_proxy,0.0,2874.0,2874.0,2874.0,0.0
320410,Pinheiros,ES,eligible_phase1_proxy,0.0,2874.0,2874.0,2874.0,0.0
320405,Pedro Canário,ES,eligible_phase1_proxy,0.0,2874.0,2874.0,2874.0,0.0
320400,Pancas,ES,eligible_phase1_proxy,0.0,2874.0,2874.0,2874.0,0.0
320390,Nova Venécia,ES,eligible_phase1_proxy,0.0,2874.0,2874.0,2874.0,0.0
320380,Muqui,ES,eligible_phase1_proxy,0.0,2874.0,2874.0,2874.0,0.0
320370,MUNIZ FREIRE,ES,eligible_phase1_proxy,0.0,2874.0,2874.0,2874.0,0.0
320360,Mucurici,ES,eligible_phase1_proxy,0.0,2874.0,2874.0,2874.0,0.0
320350,Montanha,ES,eligible_phase1_proxy,0.0,2874.0,2874.0,2874.0,0.0
320340,Mimoso do Sul,ES,eligible_phase1_proxy,0.0,2874.0,2874.0,2874.0,0.0
320335,Marilândia,ES,eligible_phase1_proxy,0.0,2874.0,2874.0,2874.0,0.0
320334,Marechal Floriano,ES,eligible_phase1_proxy,0.0,2874.0,2874.0,2874.0,0.0
210930,Presidente Vargas,MA,eligible_phase1_proxy,0.0,2874.0,2874.0,2874.0,0.0
320465,São Domingos do Norte,ES,eligible_phase1_proxy,0.0,2874.0,2874.0,2874.0,0.0
320460,Santa Teresa,ES,eligible_phase1_proxy,0.0,2874.0,2874.0,2874.0,0.0
320455,Santa Maria de Jetibá,ES,eligible_phase1_proxy,0.0,2874.0,2874.0,2874.0,0.0
320450,Santa Leopoldina,ES,eligible_phase1_proxy,0.0,2874.0,2874.0,2874.0,0.0
150760,São Miguel do Guamá,PA,eligible_phase1_proxy,0.0,2874.0,2874.0,2874.0,0.0
150745,São Geraldo do Araguaia,PA,eligible_phase1_proxy,0.0,2874.0,2874.0,2874.0,0.0
150730,São Félix do Xingu,PA,eligible_phase1_proxy,0.0,2874.0,2874.0,2874.0,0.0
150720,São Domingos do Capim,PA,eligible_phase1_proxy,0.0,2874.0,2874.0,2874.0,0.0
150715,São Domingos do Araguaia,PA,eligible_phase1_proxy,0.0,2874.0,2874.0,2874.0,0.0
150710,São Caetano de Odivelas,PA,eligible_phase1_proxy,0.0,2874.0,2874.0,2874.0,0.0
150700,Santo Antônio do Tauá,PA,eligible_phase1_proxy,0.0,2874.0,2874.0,2874.0,0.0
521878,Rio Quente,GO,eligible_phase1_proxy,0.0,2874.0,2874.0,2874.0,0.0
150670,Santana do Araguaia,PA,eligible_phase1_proxy,0.0,2874.0,2874.0,2874.0,0.0
150660,Santa Maria do Pará,PA,eligible_phase1_proxy,0.0,2874.0,2874.0,2874.0,0.0
150658,Santa Maria das Barreiras,PA,eligible_phase1_proxy,0.0,2874.0,2874.0,2874.0,0.0
320506,Venda Nova do Imigrante,ES,eligible_phase1_proxy,0.0,2874.0,2874.0,2874.0,0.0
320503,Vargem Alta,ES,eligible_phase1_proxy,0.0,2874.0,2874.0,2874.0,0.0
320495,São Roque do Canaã,ES,eligible_phase1_proxy,0.0,2874.0,2874.0,2874.0,0.0
320490,São Mateus,ES,eligible_phase1_proxy,0.0,2874.0,2874.0,2874.0,0.0
320480,São José do Calçado,ES,eligible_phase1_proxy,0.0,2874.0,2874.0,2874.0,0.0
320470,São Gabriel da Palha,ES,eligible_phase1_proxy,0.0,2874.0,2874.0,2874.0,0.0
211023,Santana do Maranhão,MA,eligible_phase1_proxy,0.0,2874.0,2874.0,2874.0,0.0
211020,Santa Rita,MA,eligible_phase1_proxy,0.0,2874.0,2874.0,2874.0,0.0
211010,Santa Quitéria do Maranhão,MA,eligible_phase1_proxy,0.0,2874.0,2874.0,2874.0,0.0
211003,Santa Luzia do Paruá,MA,eligible_phase1_proxy,0.0,2874.0,2874.0,2874.0,0.0
211000,Santa Luzia,MA,eligible_phase1_proxy,0.0,2874.0,2874.0,2874.0,0.0
210990,Santa Inês,MA,eligible_phase1_proxy,0.0,2874.0,2874.0,2874.0,0.0
210975,Santa Filomena do Maranhão,MA,eligible_phase1_proxy,0.0,2874.0,2874.0,2874.0,0.0
210970,Sambaíba,MA,eligible_phase1_proxy,0.0,2874.0,2874.0,2874.0,0.0
210950,Riachão,MA,eligible_phase1_proxy,0.0,2874.0,2874.0,2874.0,0.0
210945,Raposa,MA,eligible_phase1_proxy,0.0,2874.0,2874.0,2874.0,0.0
330120,Carmo,RJ,eligible_phase1_proxy,0.0,2874.0,2874.0,2874.0,0.0
330115,Cardoso Moreira,RJ,eligible_phase1_proxy,0.0,2874.0,2874.0,2874.0,0.0
330110,CANTAGALO,RJ,eligible_phase1_proxy,0.0,2874.0,2874.0,2874.0,0.0
330095,Comendador Levy Gasparian,RJ,eligible_phase1_proxy,0.0,2874.0,2874.0,2874.0,0.0
330093,Carapebus,RJ,eligible_phase1_proxy,0.0,2874.0,2874.0,2874.0,0.0
330090,Cambuci,RJ,eligible_phase1_proxy,0.0,2874.0,2874.0,2874.0,0.0
330080,Cachoeiras de Macacu,RJ,eligible_phase1_proxy,0.0,2874.0,2874.0,2874.0,0.0
330060,Bom Jesus do Itabapoana,RJ,eligible_phase1_proxy,0.0,2874.0,2874.0,2874.0,0.0
330040,Barra Mansa,RJ,eligible_phase1_proxy,0.0,2874.0,2874.0,2874.0,0.0
330023,Armação dos Búzios,RJ,eligible_phase1_proxy,0.0,2874.0,2874.0,2874.0,0.0
330022,Areal,RJ,eligible_phase1_proxy,0.0,2874.0,2874.0,2874.0,0.0
330015,Aperibé,RJ,eligible_phase1_proxy,0.0,2874.0,2874.0,2874.0,0.0
330010,Angra dos Reis,RJ,eligible_phase1_proxy,0.0,2874.0,2874.0,2874.0,0.0
320517,Vila Valério,ES,eligible_phase1_proxy,0.0,2874.0,2874.0,2874.0,0.0
320515,Vila Pavão,ES,eligible_phase1_proxy,0.0,2874.0,2874.0,2874.0,0.0
320510,Viana,ES,eligible_phase1_proxy,0.0,2874.0,2874.0,2874.0,0.0
330290,Miguel Pereira,RJ,eligible_phase1_proxy,0.0,2874.0,2874.0,2874.0,0.0
521940,Santa Rita do Araguaia,GO,eligible_phase1_proxy,0.0,2874.0,2874.0,2874.0,0.0
330280,Mendes,RJ,eligible_phase1_proxy,0.0,2874.0,2874.0,2874.0,0.0
330260,Mangaratiba,RJ,eligible_phase1_proxy,0.0,2874.0,2874.0,2874.0,0.0
330245,Macuco,RJ,eligible_phase1_proxy,0.0,2874.0,2874.0,2874.0,0.0
330230,Laje do Muriaé,RJ,eligible_phase1_proxy,0.0,2874.0,2874.0,2874.0,0.0
330225,Itatiaia,RJ,eligible_phase1_proxy,0.0,2874.0,2874.0,2874.0,0.0
330220,Itaperuna,RJ,eligible_phase1_proxy,0.0,2874.0,2874.0,2874.0,0.0
330210,Itaocara,RJ,eligible_phase1_proxy,0.0,2874.0,2874.0,2874.0,0.0
330205,Italva,RJ,eligible_phase1_proxy,0.0,2874.0,2874.0,2874.0,0.0
330200,Itaguaí,RJ,eligible_phase1_proxy,0.0,2874.0,2874.0,2874.0,0.0
330187,Iguaba Grande,RJ,eligible_phase1_proxy,0.0,2874.0,2874.0,2874.0,0.0
330180,Engenheiro Paulo de Frontin,RJ,eligible_phase1_proxy,0.0,2874.0,2874.0,2874.0,0.0
330160,Duas Barras,RJ,eligible_phase1_proxy,0.0,2874.0,2874.0,2874.0,0.0
330140,Conceição de Macabu,RJ,eligible_phase1_proxy,0.0,2874.0,2874.0,2874.0,0.0
330130,Casimiro de Abreu,RJ,eligible_phase1_proxy,0.0,2874.0,2874.0,2874.0,0.0
150616,Rio Maria,PA,eligible_phase1_proxy,0.0,2874.0,2874.0,2874.0,0.0
150611,Quatipuru,PA,eligible_phase1_proxy,0.0,2874.0,2874.0,2874.0,0.0
110001,Alta Floresta D'Oeste,RO,eligible_phase1_proxy,0.0,2874.0,2874.0,2874.0,0.0
110011,Jaru,RO,eligible_phase1_proxy,0.0,2874.0,2874.0,2874.0,0.0
150580,Portel,PA,eligible_phase1_proxy,0.0,2874.0,2874.0,2874.0,0.0
330415,Quissamã,RJ,eligible_phase1_proxy,0.0,2874.0,2874.0,2874.0,0.0
330412,Quatis,RJ,eligible_phase1_proxy,0.0,2874.0,2874.0,2874.0,0.0
330411,Porto Real,RJ,eligible_phase1_proxy,0.0,2874.0,2874.0,2874.0,0.0
330410,Porciúncula,RJ,eligible_phase1_proxy,0.0,2874.0,2874.0,2874.0,0.0
330400,Piraí,RJ,eligible_phase1_proxy,0.0,2874.0,2874.0,2874.0,0.0
330395,Pinheiral,RJ,eligible_phase1_proxy,0.0,2874.0,2874.0,2874.0,0.0
330385,Paty do Alferes,RJ,eligible_phase1_proxy,0.0,2874.0,2874.0,2874.0,0.0
330370,Paraíba do Sul,RJ,eligible_phase1_proxy,0.0,2874.0,2874.0,2874.0,0.0
330320,Nilópolis,RJ,eligible_phase1_proxy,0.0,2874.0,2874.0,2874.0,0.0
330310,Natividade,RJ,eligible_phase1_proxy,0.0,2874.0,2874.0,2874.0,0.0
330300,Miracema,RJ,eligible_phase1_proxy,0.0,2874.0,2874.0,2874.0,0.0
210890,Poção de Pedras,MA,eligible_phase1_proxy,0.0,2874.0,2874.0,2874.0,0.0
210880,Pirapemas,MA,eligible_phase1_proxy,0.0,2874.0,2874.0,2874.0,0.0
210870,Pio XII,MA,eligible_phase1_proxy,0.0,2874.0,2874.0,2874.0,0.0
210860,Pinheiro,MA,eligible_phase1_proxy,0.0,2874.0,2874.0,2874.0,0.0
210850,Pindaré-Mirim,MA,eligible_phase1_proxy,0.0,2874.0,2874.0,2874.0,0.0
210845,Peritoró,MA,eligible_phase1_proxy,0.0,2874.0,2874.0,2874.0,0.0
210840,Peri Mirim,MA,eligible_phase1_proxy,0.0,2874.0,2874.0,2874.0,0.0
210830,Penalva,MA,eligible_phase1_proxy,0.0,2874.0,2874.0,2874.0,0.0
210820,Pedreiras,MA,eligible_phase1_proxy,0.0,2874.0,2874.0,2874.0,0.0
210810,Paulo Ramos,MA,eligible_phase1_proxy,0.0,2874.0,2874.0,2874.0,0.0
330440,Rio Claro,RJ,eligible_phase1_proxy,0.0,2874.0,2874.0,2874.0,0.0
330430,Rio Bonito,RJ,eligible_phase1_proxy,0.0,2874.0,2874.0,2874.0,0.0
110006,Colorado do Oeste,RO,eligible_phase1_proxy,0.0,2874.0,2874.0,2874.0,0.0
150635,Santa Bárbara do Pará,PA,eligible_phase1_proxy,0.0,2874.0,2874.0,2874.0,0.0
150620,Salinópolis,PA,eligible_phase1_proxy,0.0,2874.0,2874.0,2874.0,0.0
150619,Rurópolis,PA,eligible_phase1_proxy,0.0,2874.0,2874.0,2874.0,0.0
330600,Três Rios,RJ,eligible_phase1_proxy,0.0,2874.0,2874.0,2874.0,0.0
330590,Trajano de Moraes,RJ,eligible_phase1_proxy,0.0,2874.0,2874.0,2874.0,0.0
330575,Tanguá,RJ,eligible_phase1_proxy,0.0,2874.0,2874.0,2874.0,0.0
330570,Sumidouro,RJ,eligible_phase1_proxy,0.0,2874.0,2874.0,2874.0,0.0
330560,Silva Jardim,RJ,eligible_phase1_proxy,0.0,2874.0,2874.0,2874.0,0.0
330540,Sapucaia,RJ,eligible_phase1_proxy,0.0,2874.0,2874.0,2874.0,0.0
330530,São Sebastião do Alto,RJ,eligible_phase1_proxy,0.0,2874.0,2874.0,2874.0,0.0
330515,SAO JOSE DO VALE DO RIO PRETO,RJ,eligible_phase1_proxy,0.0,2874.0,2874.0,2874.0,0.0
330513,São José de Ubá,RJ,eligible_phase1_proxy,0.0,2874.0,2874.0,2874.0,0.0
330500,São João da Barra,RJ,eligible_phase1_proxy,0.0,2874.0,2874.0,2874.0,0.0
330480,São Fidélis,RJ,eligible_phase1_proxy,0.0,2874.0,2874.0,2874.0,0.0
330475,São Francisco de Itabapoana,RJ,eligible_phase1_proxy,0.0,2874.0,2874.0,2874.0,0.0
521900,Sanclerlândia,GO,eligible_phase1_proxy,0.0,2874.0,2874.0,2874.0,0.0
330450,Rio das Flores,RJ,eligible_phase1_proxy,0.0,2874.0,2874.0,2874.0,0.0
210910,Presidente Dutra,MA,eligible_phase1_proxy,0.0,2874.0,2874.0,2874.0,0.0
210900,Porto Franco,MA,eligible_phase1_proxy,0.0,2874.0,2874.0,2874.0,0.0
350130,Álvares Machado,SP,eligible_phase1_proxy,0.0,2874.0,2874.0,2874.0,0.0
350120,Álvares Florence,SP,eligible_phase1_proxy,0.0,2874.0,2874.0,2874.0,0.0
350110,Alto Alegre,SP,eligible_phase1_proxy,0.0,2874.0,2874.0,2874.0,0.0
350100,Altinópolis,SP,eligible_phase1_proxy,0.0,2874.0,2874.0,2874.0,0.0
350090,Altair,SP,eligible_phase1_proxy,0.0,2874.0,2874.0,2874.0,0.0
350080,Alfredo Marcondes,SP,eligible_phase1_proxy,0.0,2874.0,2874.0,2874.0,0.0
350075,Alambari,SP,eligible_phase1_proxy,0.0,2874.0,2874.0,2874.0,0.0
350060,Águas de São Pedro,SP,eligible_phase1_proxy,0.0,2874.0,2874.0,2874.0,0.0
350055,Águas de Santa Bárbara,SP,eligible_phase1_proxy,0.0,2874.0,2874.0,2874.0,0.0
350050,Águas de Lindóia,SP,eligible_phase1_proxy,0.0,2874.0,2874.0,2874.0,0.0
350040,Águas da Prata,SP,eligible_phase1_proxy,0.0,2874.0,2874.0,2874.0,0.0
350020,Adolfo,SP,eligible_phase1_proxy,0.0,2874.0,2874.0,2874.0,0.0
350010,Adamantina,SP,eligible_phase1_proxy,0.0,2874.0,2874.0,2874.0,0.0
330620,Vassouras,RJ,eligible_phase1_proxy,0.0,2874.0,2874.0,2874.0,0.0
330615,Varre-Sai,RJ,eligible_phase1_proxy,0.0,2874.0,2874.0,2874.0,0.0
330610,Valença,RJ,eligible_phase1_proxy,0.0,2874.0,2874.0,2874.0,0.0
521910,Santa Bárbara de Goiás,GO,eligible_phase1_proxy,0.0,2874.0,2874.0,2874.0,0.0
350340,Arealva,SP,eligible_phase1_proxy,0.0,2874.0,2874.0,2874.0,0.0
350315,Arapeí,SP,eligible_phase1_proxy,0.0,2874.0,2874.0,2874.0,0.0
350310,Arandu,SP,eligible_phase1_proxy,0.0,2874.0,2874.0,2874.0,0.0
350300,Aramina,SP,eligible_phase1_proxy,0.0,2874.0,2874.0,2874.0,0.0
350290,Araçoiaba da Serra,SP,eligible_phase1_proxy,0.0,2874.0,2874.0,2874.0,0.0
350270,Apiaí,SP,eligible_phase1_proxy,0.0,2874.0,2874.0,2874.0,0.0
350260,Aparecida d'Oeste,SP,eligible_phase1_proxy,0.0,2874.0,2874.0,2874.0,0.0
350250,Aparecida,SP,eligible_phase1_proxy,0.0,2874.0,2874.0,2874.0,0.0
350240,Anhumas,SP,eligible_phase1_proxy,0.0,2874.0,2874.0,2874.0,0.0
350210,Andradina,SP,eligible_phase1_proxy,0.0,2874.0,2874.0,2874.0,0.0
350200,Analândia,SP,eligible_phase1_proxy,0.0,2874.0,2874.0,2874.0,0.0
350190,Amparo,SP,eligible_phase1_proxy,0.0,2874.0,2874.0,2874.0,0.0
350180,Américo de Campos,SP,eligible_phase1_proxy,0.0,2874.0,2874.0,2874.0,0.0
350150,Alvinlândia,SP,eligible_phase1_proxy,0.0,2874.0,2874.0,2874.0,0.0
350140,Álvaro de Carvalho,SP,eligible_phase1_proxy,0.0,2874.0,2874.0,2874.0,0.0
350460,Bady Bassitt,SP,eligible_phase1_proxy,0.0,2874.0,2874.0,2874.0,0.0
150565,PLACAS,PA,eligible_phase1_proxy,0.0,2874.0,2874.0,2874.0,0.0
150563,Piçarra,PA,eligible_phase1_proxy,0.0,2874.0,2874.0,2874.0,0.0
150555,Pau D'Arco,PA,eligible_phase1_proxy,0.0,2874.0,2874.0,2874.0,0.0
150550,Paragominas,PA,eligible_phase1_proxy,0.0,2874.0,2874.0,2874.0,0.0
150549,Palestina do Pará,PA,eligible_phase1_proxy,0.0,2874.0,2874.0,2874.0,0.0
150548,Pacajá,PA,eligible_phase1_proxy,0.0,2874.0,2874.0,2874.0,0.0
150543,Ourilândia do Norte,PA,eligible_phase1_proxy,0.0,2874.0,2874.0,2874.0,0.0
150540,Ourém,PA,eligible_phase1_proxy,0.0,2874.0,2874.0,2874.0,0.0
150500,Nova Timboteua,PA,eligible_phase1_proxy,0.0,2874.0,2874.0,2874.0,0.0
350440,Avanhandava,SP,eligible_phase1_proxy,0.0,2874.0,2874.0,2874.0,0.0
350430,Avaí,SP,eligible_phase1_proxy,0.0,2874.0,2874.0,2874.0,0.0
350420,Auriflama,SP,eligible_phase1_proxy,0.0,2874.0,2874.0,2874.0,0.0
350395,Aspásia,SP,eligible_phase1_proxy,0.0,2874.0,2874.0,2874.0,0.0
350370,Ariranha,SP,eligible_phase1_proxy,0.0,2874.0,2874.0,2874.0,0.0
350360,Areiópolis,SP,eligible_phase1_proxy,0.0,2874.0,2874.0,2874.0,0.0
210710,Morros,MA,eligible_phase1_proxy,0.0,2874.0,2874.0,2874.0,0.0
210690,Monção,MA,eligible_phase1_proxy,0.0,2874.0,2874.0,2874.0,0.0
350690,Bofete,SP,eligible_phase1_proxy,0.0,2874.0,2874.0,2874.0,0.0
350680,Bocaina,SP,eligible_phase1_proxy,0.0,2874.0,2874.0,2874.0,0.0
350670,Boa Esperança do Sul,SP,eligible_phase1_proxy,0.0,2874.0,2874.0,2874.0,0.0
350640,Bilac,SP,eligible_phase1_proxy,0.0,2874.0,2874.0,2874.0,0.0
350630,Bernardino de Campos,SP,eligible_phase1_proxy,0.0,2874.0,2874.0,2874.0,0.0
350620,Bento de Abreu,SP,eligible_phase1_proxy,0.0,2874.0,2874.0,2874.0,0.0
350580,Bastos,SP,eligible_phase1_proxy,0.0,2874.0,2874.0,2874.0,0.0
350540,Barra do Turvo,SP,eligible_phase1_proxy,0.0,2874.0,2874.0,2874.0,0.0
350535,Barra do Chapéu,SP,eligible_phase1_proxy,0.0,2874.0,2874.0,2874.0,0.0
350510,Barbosa,SP,eligible_phase1_proxy,0.0,2874.0,2874.0,2874.0,0.0
350500,Barão de Antonina,SP,eligible_phase1_proxy,0.0,2874.0,2874.0,2874.0,0.0
350490,Bananal,SP,eligible_phase1_proxy,0.0,2874.0,2874.0,2874.0,0.0
350480,Bálsamo,SP,eligible_phase1_proxy,0.0,2874.0,2874.0,2874.0,0.0
350470,Balbinos,SP,eligible_phase1_proxy,0.0,2874.0,2874.0,2874.0,0.0
350890,Caiabu,SP,eligible_phase1_proxy,0.0,2874.0,2874.0,2874.0,0.0
350880,Cafelândia,SP,eligible_phase1_proxy,0.0,2874.0,2874.0,2874.0,0.0
350870,Caconde,SP,eligible_phase1_proxy,0.0,2874.0,2874.0,2874.0,0.0
350830,Cabrália Paulista,SP,eligible_phase1_proxy,0.0,2874.0,2874.0,2874.0,0.0
350810,Buritama,SP,eligible_phase1_proxy,0.0,2874.0,2874.0,2874.0,0.0
350780,Brodowski,SP,eligible_phase1_proxy,0.0,2874.0,2874.0,2874.0,0.0
350770,Braúna,SP,eligible_phase1_proxy,0.0,2874.0,2874.0,2874.0,0.0
350730,Boracéia,SP,eligible_phase1_proxy,0.0,2874.0,2874.0,2874.0,0.0
350720,Borá,SP,eligible_phase1_proxy,0.0,2874.0,2874.0,2874.0,0.0
210805,Paulino Neves,MA,eligible_phase1_proxy,0.0,2874.0,2874.0,2874.0,0.0
210800,Pastos Bons,MA,eligible_phase1_proxy,0.0,2874.0,2874.0,2874.0,0.0
210790,Passagem Franca,MA,eligible_phase1_proxy,0.0,2874.0,2874.0,2874.0,0.0
210780,Parnarama,MA,eligible_phase1_proxy,0.0,2874.0,2874.0,2874.0,0.0
210770,Paraibano,MA,eligible_phase1_proxy,0.0,2874.0,2874.0,2874.0,0.0
210745,Olinda Nova do Maranhão,MA,eligible_phase1_proxy,0.0,2874.0,2874.0,2874.0,0.0
210740,Olho d'Água das Cunhãs,MA,eligible_phase1_proxy,0.0,2874.0,2874.0,2874.0,0.0
351120,Catiguá,SP,eligible_phase1_proxy,0.0,2874.0,2874.0,2874.0,0.0
351100,Castilho,SP,eligible_phase1_proxy,0.0,2874.0,2874.0,2874.0,0.0
351090,Cássia dos Coqueiros,SP,eligible_phase1_proxy,0.0,2874.0,2874.0,2874.0,0.0
351070,Cardoso,SP,eligible_phase1_proxy,0.0,2874.0,2874.0,2874.0,0.0
351020,Capão Bonito,SP,eligible_phase1_proxy,0.0,2874.0,2874.0,2874.0,0.0
351015,Canitar,SP,eligible_phase1_proxy,0.0,2874.0,2874.0,2874.0,0.0
351010,Cândido Rodrigues,SP,eligible_phase1_proxy,0.0,2874.0,2874.0,2874.0,0.0
350990,Cananéia,SP,eligible_phase1_proxy,0.0,2874.0,2874.0,2874.0,0.0
350980,Campos Novos Paulista,SP,eligible_phase1_proxy,0.0,2874.0,2874.0,2874.0,0.0
350970,Campos do Jordão,SP,eligible_phase1_proxy,0.0,2874.0,2874.0,2874.0,0.0
350945,Campina do Monte Alegre,SP,eligible_phase1_proxy,0.0,2874.0,2874.0,2874.0,0.0
350940,Cajuru,SP,eligible_phase1_proxy,0.0,2874.0,2874.0,2874.0,0.0
350930,Cajobi,SP,eligible_phase1_proxy,0.0,2874.0,2874.0,2874.0,0.0
350925,Cajati,SP,eligible_phase1_proxy,0.0,2874.0,2874.0,2874.0,0.0
350910,Caiuá,SP,eligible_phase1_proxy,0.0,2874.0,2874.0,2874.0,0.0
350900,Caieiras,SP,eligible_phase1_proxy,0.0,2874.0,2874.0,2874.0,0.0
210630,Magalhães de Almeida,MA,eligible_phase1_proxy,0.0,2874.0,2874.0,2874.0,0.0
210610,Loreto,MA,eligible_phase1_proxy,0.0,2874.0,2874.0,2874.0,0.0
210600,Lima Campos,MA,eligible_phase1_proxy,0.0,2874.0,2874.0,2874.0,0.0
150405,Mãe do Rio,PA,eligible_phase1_proxy,0.0,2874.0,2874.0,2874.0,0.0
351320,Cristais Paulista,SP,eligible_phase1_proxy,0.0,2874.0,2874.0,2874.0,0.0
351290,Cosmorama,SP,eligible_phase1_proxy,0.0,2874.0,2874.0,2874.0,0.0
351270,Corumbataí,SP,eligible_phase1_proxy,0.0,2874.0,2874.0,2874.0,0.0
351260,Coronel Macedo,SP,eligible_phase1_proxy,0.0,2874.0,2874.0,2874.0,0.0
351240,Cordeirópolis,SP,eligible_phase1_proxy,0.0,2874.0,2874.0,2874.0,0.0
351230,Conchas,SP,eligible_phase1_proxy,0.0,2874.0,2874.0,2874.0,0.0
351210,Colômbia,SP,eligible_phase1_proxy,0.0,2874.0,2874.0,2874.0,0.0
351170,Charqueada,SP,eligible_phase1_proxy,0.0,2874.0,2874.0,2874.0,0.0
351160,Cesário Lange,SP,eligible_phase1_proxy,0.0,2874.0,2874.0,2874.0,0.0
110029,Santa Luzia D'Oeste,RO,eligible_phase1_proxy,0.0,2874.0,2874.0,2874.0,0.0
351140,Cerqueira César,SP,eligible_phase1_proxy,0.0,2874.0,2874.0,2874.0,0.0
351130,Cedral,SP,eligible_phase1_proxy,0.0,2874.0,2874.0,2874.0,0.0
150495,Nova Esperança do Piriá,PA,eligible_phase1_proxy,0.0,2874.0,2874.0,2874.0,0.0
521970,Santa Terezinha de Goiás,GO,eligible_phase1_proxy,0.0,2874.0,2874.0,2874.0,0.0
521960,Santa Tereza de Goiás,GO,eligible_phase1_proxy,0.0,2874.0,2874.0,2874.0,0.0
150460,Mocajuba,PA,eligible_phase1_proxy,0.0,2874.0,2874.0,2874.0,0.0
150450,Melgaço,PA,eligible_phase1_proxy,0.0,2874.0,2874.0,2874.0,0.0
521950,Santa Rosa de Goiás,GO,eligible_phase1_proxy,0.0,2874.0,2874.0,2874.0,0.0
150442,Marituba,PA,eligible_phase1_proxy,0.0,2874.0,2874.0,2874.0,0.0
150440,Marapanim,PA,eligible_phase1_proxy,0.0,2874.0,2874.0,2874.0,0.0
210680,Mirinzal,MA,eligible_phase1_proxy,0.0,2874.0,2874.0,2874.0,0.0
210675,Miranda do Norte,MA,eligible_phase1_proxy,0.0,2874.0,2874.0,2874.0,0.0
210670,Mirador,MA,eligible_phase1_proxy,0.0,2874.0,2874.0,2874.0,0.0
210667,Milagres do Maranhão,MA,eligible_phase1_proxy,0.0,2874.0,2874.0,2874.0,0.0
210660,Matões,MA,eligible_phase1_proxy,0.0,2874.0,2874.0,2874.0,0.0
210650,Matinha,MA,eligible_phase1_proxy,0.0,2874.0,2874.0,2874.0,0.0
210640,Mata Roma,MA,eligible_phase1_proxy,0.0,2874.0,2874.0,2874.0,0.0
210632,Maracaçumé,MA,eligible_phase1_proxy,0.0,2874.0,2874.0,2874.0,0.0
351519,Espírito Santo do Turvo,SP,eligible_phase1_proxy,0.0,2874.0,2874.0,2874.0,0.0
351512,Emilianópolis,SP,eligible_phase1_proxy,0.0,2874.0,2874.0,2874.0,0.0
351495,Embaúba,SP,eligible_phase1_proxy,0.0,2874.0,2874.0,2874.0,0.0
351492,Elisiário,SP,eligible_phase1_proxy,0.0,2874.0,2874.0,2874.0,0.0
351480,Eldorado,SP,eligible_phase1_proxy,0.0,2874.0,2874.0,2874.0,0.0
351470,Echaporã,SP,eligible_phase1_proxy,0.0,2874.0,2874.0,2874.0,0.0
351450,Duartina,SP,eligible_phase1_proxy,0.0,2874.0,2874.0,2874.0,0.0
351440,Dracena,SP,eligible_phase1_proxy,0.0,2874.0,2874.0,2874.0,0.0
351430,Dourado,SP,eligible_phase1_proxy,0.0,2874.0,2874.0,2874.0,0.0
351420,Dolcinópolis,SP,eligible_phase1_proxy,0.0,2874.0,2874.0,2874.0,0.0
351400,Dobrada,SP,eligible_phase1_proxy,0.0,2874.0,2874.0,2874.0,0.0
351390,Divinolândia,SP,eligible_phase1_proxy,0.0,2874.0,2874.0,2874.0,0.0
351385,Dirce Reis,SP,eligible_phase1_proxy,0.0,2874.0,2874.0,2874.0,0.0
351350,Cubatão,SP,eligible_phase1_proxy,0.0,2874.0,2874.0,2874.0,0.0
351330,Cruzália,SP,eligible_phase1_proxy,0.0,2874.0,2874.0,2874.0,0.0
150497,NOVA IPIXUNA,PA,eligible_phase1_proxy,0.0,2874.0,2874.0,2874.0,0.0
351685,Gavião Peixoto,SP,eligible_phase1_proxy,0.0,2874.0,2874.0,2874.0,0.0
351680,Gastão Vidigal,SP,eligible_phase1_proxy,0.0,2874.0,2874.0,2874.0,0.0
351670,Garça,SP,eligible_phase1_proxy,0.0,2874.0,2874.0,2874.0,0.0
351660,Gália,SP,eligible_phase1_proxy,0.0,2874.0,2874.0,2874.0,0.0
351650,Gabriel Monteiro,SP,eligible_phase1_proxy,0.0,2874.0,2874.0,2874.0,0.0
351640,Franco da Rocha,SP,eligible_phase1_proxy,0.0,2874.0,2874.0,2874.0,0.0
351610,Florínea,SP,eligible_phase1_proxy,0.0,2874.0,2874.0,2874.0,0.0
351600,Flórida Paulista,SP,eligible_phase1_proxy,0.0,2874.0,2874.0,2874.0,0.0
351590,Floreal,SP,eligible_phase1_proxy,0.0,2874.0,2874.0,2874.0,0.0
351580,Flora Rica,SP,eligible_phase1_proxy,0.0,2874.0,2874.0,2874.0,0.0
351565,Fernão,SP,eligible_phase1_proxy,0.0,2874.0,2874.0,2874.0,0.0
351560,Fernando Prestes,SP,eligible_phase1_proxy,0.0,2874.0,2874.0,2874.0,0.0
351550,Fernandópolis,SP,eligible_phase1_proxy,0.0,2874.0,2874.0,2874.0,0.0
351535,EUCLIDES DA CUNHA PAULISTA,SP,eligible_phase1_proxy,0.0,2874.0,2874.0,2874.0,0.0
351530,Estrela do Norte,SP,eligible_phase1_proxy,0.0,2874.0,2874.0,2874.0,0.0
351520,Estrela d'Oeste,SP,eligible_phase1_proxy,0.0,2874.0,2874.0,2874.0,0.0
351910,Iacanga,SP,eligible_phase1_proxy,0.0,2874.0,2874.0,2874.0,0.0
351900,Herculândia,SP,eligible_phase1_proxy,0.0,2874.0,2874.0,2874.0,0.0
351890,Guzolândia,SP,eligible_phase1_proxy,0.0,2874.0,2874.0,2874.0,0.0
351885,Guatapará,SP,eligible_phase1_proxy,0.0,2874.0,2874.0,2874.0,0.0
351850,Guareí,SP,eligible_phase1_proxy,0.0,2874.0,2874.0,2874.0,0.0
351810,Guarantã,SP,eligible_phase1_proxy,0.0,2874.0,2874.0,2874.0,0.0
351800,Guarani d'Oeste,SP,eligible_phase1_proxy,0.0,2874.0,2874.0,2874.0,0.0
351780,Guaraçaí,SP,eligible_phase1_proxy,0.0,2874.0,2874.0,2874.0,0.0
351770,Guará,SP,eligible_phase1_proxy,0.0,2874.0,2874.0,2874.0,0.0
351760,Guapiara,SP,eligible_phase1_proxy,0.0,2874.0,2874.0,2874.0,0.0
351750,Guapiaçu,SP,eligible_phase1_proxy,0.0,2874.0,2874.0,2874.0,0.0
351730,Guaimbê,SP,eligible_phase1_proxy,0.0,2874.0,2874.0,2874.0,0.0
521973,Santo Antônio de Goiás,GO,eligible_phase1_proxy,0.0,2874.0,2874.0,2874.0,0.0
351710,Glicério,SP,eligible_phase1_proxy,0.0,2874.0,2874.0,2874.0,0.0
351700,Getulina,SP,eligible_phase1_proxy,0.0,2874.0,2874.0,2874.0,0.0
351690,General Salgado,SP,eligible_phase1_proxy,0.0,2874.0,2874.0,2874.0,0.0
352020,Igaratá,SP,eligible_phase1_proxy,0.0,2874.0,2874.0,2874.0,0.0
210594,Lago dos Rodrigues,MA,eligible_phase1_proxy,0.0,2874.0,2874.0,2874.0,0.0
210592,Lagoa do Mato,MA,eligible_phase1_proxy,0.0,2874.0,2874.0,2874.0,0.0
210570,Lago da Pedra,MA,eligible_phase1_proxy,0.0,2874.0,2874.0,2874.0,0.0
210560,Joselândia,MA,eligible_phase1_proxy,0.0,2874.0,2874.0,2874.0,0.0
210550,João Lisboa,MA,eligible_phase1_proxy,0.0,2874.0,2874.0,2874.0,0.0
210542,Itinga do Maranhão,MA,eligible_phase1_proxy,0.0,2874.0,2874.0,2874.0,0.0
210540,Itapecuru Mirim,MA,eligible_phase1_proxy,0.0,2874.0,2874.0,2874.0,0.0
210520,Igarapé Grande,MA,eligible_phase1_proxy,0.0,2874.0,2874.0,2874.0,0.0
351990,Iepê,SP,eligible_phase1_proxy,0.0,2874.0,2874.0,2874.0,0.0
351980,Icém,SP,eligible_phase1_proxy,0.0,2874.0,2874.0,2874.0,0.0
351970,Ibiúna,SP,eligible_phase1_proxy,0.0,2874.0,2874.0,2874.0,0.0
351950,Ibirarema,SP,eligible_phase1_proxy,0.0,2874.0,2874.0,2874.0,0.0
351940,Ibirá,SP,eligible_phase1_proxy,0.0,2874.0,2874.0,2874.0,0.0
351925,Iaras,SP,eligible_phase1_proxy,0.0,2874.0,2874.0,2874.0,0.0
351920,Iacri,SP,eligible_phase1_proxy,0.0,2874.0,2874.0,2874.0,0.0
150330,Igarapé-Miri,PA,eligible_phase1_proxy,0.0,2874.0,2874.0,2874.0,0.0
150320,Igarapé-Açu,PA,eligible_phase1_proxy,0.0,2874.0,2874.0,2874.0,0.0
110010,Guajará-Mirim,RO,eligible_phase1_proxy,0.0,2874.0,2874.0,2874.0,0.0
150309,Goianésia do Pará,PA,eligible_phase1_proxy,0.0,2874.0,2874.0,2874.0,0.0
150307,Garrafão do Norte,PA,eligible_phase1_proxy,0.0,2874.0,2874.0,2874.0,0.0
150304,Floresta do Araguaia,PA,eligible_phase1_proxy,0.0,2874.0,2874.0,2874.0,0.0
522230,Vila Propício,GO,eligible_phase1_proxy,0.0,2874.0,2874.0,2874.0,0.0
352115,Ipiguá,SP,eligible_phase1_proxy,0.0,2874.0,2874.0,2874.0,0.0
522220,Vila Boa,GO,eligible_phase1_proxy,0.0,2874.0,2874.0,2874.0,0.0
352080,Inúbia Paulista,SP,eligible_phase1_proxy,0.0,2874.0,2874.0,2874.0,0.0
352070,Indiaporã,SP,eligible_phase1_proxy,0.0,2874.0,2874.0,2874.0,0.0
352060,Indiana,SP,eligible_phase1_proxy,0.0,2874.0,2874.0,2874.0,0.0
352044,Ilha Solteira,SP,eligible_phase1_proxy,0.0,2874.0,2874.0,2874.0,0.0
352042,Ilha Comprida,SP,eligible_phase1_proxy,0.0,2874.0,2874.0,2874.0,0.0
352040,Ilhabela,SP,eligible_phase1_proxy,0.0,2874.0,2874.0,2874.0,0.0
352030,Iguape,SP,eligible_phase1_proxy,0.0,2874.0,2874.0,2874.0,0.0
352300,Itapura,SP,eligible_phase1_proxy,0.0,2874.0,2874.0,2874.0,0.0
352280,Itaporanga,SP,eligible_phase1_proxy,0.0,2874.0,2874.0,2874.0,0.0
352265,Itapirapuã Paulista,SP,eligible_phase1_proxy,0.0,2874.0,2874.0,2874.0,0.0
352215,Itaoca,SP,eligible_phase1_proxy,0.0,2874.0,2874.0,2874.0,0.0
352190,Itajobi,SP,eligible_phase1_proxy,0.0,2874.0,2874.0,2874.0,0.0
352170,Itaberá,SP,eligible_phase1_proxy,0.0,2874.0,2874.0,2874.0,0.0
352160,Irapuru,SP,eligible_phase1_proxy,0.0,2874.0,2874.0,2874.0,0.0
352150,Irapuã,SP,eligible_phase1_proxy,0.0,2874.0,2874.0,2874.0,0.0
352130,Ipuã,SP,eligible_phase1_proxy,0.0,2874.0,2874.0,2874.0,0.0
352120,Iporanga,SP,eligible_phase1_proxy,0.0,2874.0,2874.0,2874.0,0.0
150380,Jacundá,PA,eligible_phase1_proxy,0.0,2874.0,2874.0,2874.0,0.0
110015,Ouro Preto do Oeste,RO,eligible_phase1_proxy,0.0,2874.0,2874.0,2874.0,0.0
150370,Itupiranga,PA,eligible_phase1_proxy,0.0,2874.0,2874.0,2874.0,0.0
110014,Nova Brasilândia D'Oeste,RO,eligible_phase1_proxy,0.0,2874.0,2874.0,2874.0,0.0
150350,Irituia,PA,eligible_phase1_proxy,0.0,2874.0,2874.0,2874.0,0.0
150345,Ipixuna do Pará,PA,eligible_phase1_proxy,0.0,2874.0,2874.0,2874.0,0.0
210450,Governador Archer,MA,eligible_phase1_proxy,0.0,2874.0,2874.0,2874.0,0.0
210440,Gonçalves Dias,MA,eligible_phase1_proxy,0.0,2874.0,2874.0,2874.0,0.0
210420,Fortuna,MA,eligible_phase1_proxy,0.0,2874.0,2874.0,2874.0,0.0
210410,Fortaleza dos Nogueiras,MA,eligible_phase1_proxy,0.0,2874.0,2874.0,2874.0,0.0
352510,Jardinópolis,SP,eligible_phase1_proxy,0.0,2874.0,2874.0,2874.0,0.0
110025,Presidente Médici,RO,eligible_phase1_proxy,0.0,2874.0,2874.0,2874.0,0.0
352490,Jambeiro,SP,eligible_phase1_proxy,0.0,2874.0,2874.0,2874.0,0.0
110018,Pimenta Bueno,RO,eligible_phase1_proxy,0.0,2874.0,2874.0,2874.0,0.0
352460,Jacupiranga,SP,eligible_phase1_proxy,0.0,2874.0,2874.0,2874.0,0.0
352450,Jaci,SP,eligible_phase1_proxy,0.0,2874.0,2874.0,2874.0,0.0
352420,Jaborandi,SP,eligible_phase1_proxy,0.0,2874.0,2874.0,2874.0,0.0
352410,Ituverava,SP,eligible_phase1_proxy,0.0,2874.0,2874.0,2874.0,0.0
352380,Itobi,SP,eligible_phase1_proxy,0.0,2874.0,2874.0,2874.0,0.0
352370,Itirapuã,SP,eligible_phase1_proxy,0.0,2874.0,2874.0,2874.0,0.0
352360,Itirapina,SP,eligible_phase1_proxy,0.0,2874.0,2874.0,2874.0,0.0
352330,Itariri,SP,eligible_phase1_proxy,0.0,2874.0,2874.0,2874.0,0.0
352650,Lavínia,SP,eligible_phase1_proxy,0.0,2874.0,2874.0,2874.0,0.0
352640,Laranjal Paulista,SP,eligible_phase1_proxy,0.0,2874.0,2874.0,2874.0,0.0
352630,Lagoinha,SP,eligible_phase1_proxy,0.0,2874.0,2874.0,2874.0,0.0
352620,Juquitiba,SP,eligible_phase1_proxy,0.0,2874.0,2874.0,2874.0,0.0
352610,Juquiá,SP,eligible_phase1_proxy,0.0,2874.0,2874.0,2874.0,0.0
352600,Junqueirópolis,SP,eligible_phase1_proxy,0.0,2874.0,2874.0,2874.0,0.0
352585,Jumirim,SP,eligible_phase1_proxy,0.0,2874.0,2874.0,2874.0,0.0
352580,Júlio Mesquita,SP,eligible_phase1_proxy,0.0,2874.0,2874.0,2874.0,0.0
352560,João Ramalho,SP,eligible_phase1_proxy,0.0,2874.0,2874.0,2874.0,0.0
110026,Rio Crespo,RO,eligible_phase1_proxy,0.0,2874.0,2874.0,2874.0,0.0
210510,Icatu,MA,eligible_phase1_proxy,0.0,2874.0,2874.0,2874.0,0.0
210500,Humberto de Campos,MA,eligible_phase1_proxy,0.0,2874.0,2874.0,2874.0,0.0
210490,Guimarães,MA,eligible_phase1_proxy,0.0,2874.0,2874.0,2874.0,0.0
210467,Governador Nunes Freire,MA,eligible_phase1_proxy,0.0,2874.0,2874.0,2874.0,0.0
210462,Governador Luiz Rocha,MA,eligible_phase1_proxy,0.0,2874.0,2874.0,2874.0,0.0
210460,Governador Eugênio Barros,MA,eligible_phase1_proxy,0.0,2874.0,2874.0,2874.0,0.0
352890,Mariápolis,SP,eligible_phase1_proxy,0.0,2874.0,2874.0,2874.0,0.0
352885,Marapoama,SP,eligible_phase1_proxy,0.0,2874.0,2874.0,2874.0,0.0
352880,Maracaí,SP,eligible_phase1_proxy,0.0,2874.0,2874.0,2874.0,0.0
352870,Marabá Paulista,SP,eligible_phase1_proxy,0.0,2874.0,2874.0,2874.0,0.0
352860,Manduri,SP,eligible_phase1_proxy,0.0,2874.0,2874.0,2874.0,0.0
352830,Magda,SP,eligible_phase1_proxy,0.0,2874.0,2874.0,2874.0,0.0
352820,Macedônia,SP,eligible_phase1_proxy,0.0,2874.0,2874.0,2874.0,0.0
352810,Macaubal,SP,eligible_phase1_proxy,0.0,2874.0,2874.0,2874.0,0.0
352790,Lutécia,SP,eligible_phase1_proxy,0.0,2874.0,2874.0,2874.0,0.0
352780,Lupércio,SP,eligible_phase1_proxy,0.0,2874.0,2874.0,2874.0,0.0
352770,Luiziânia,SP,eligible_phase1_proxy,0.0,2874.0,2874.0,2874.0,0.0
352750,Lucianópolis,SP,eligible_phase1_proxy,0.0,2874.0,2874.0,2874.0,0.0
352725,Lourdes,SP,eligible_phase1_proxy,0.0,2874.0,2874.0,2874.0,0.0
352700,Lindóia,SP,eligible_phase1_proxy,0.0,2874.0,2874.0,2874.0,0.0
352680,Lençóis Paulista,SP,eligible_phase1_proxy,0.0,2874.0,2874.0,2874.0,0.0
352660,Lavrinhas,SP,eligible_phase1_proxy,0.0,2874.0,2874.0,2874.0,0.0
150240,Castanhal,PA,eligible_phase1_proxy,0.0,2874.0,2874.0,2874.0,0.0
522040,São Simão,GO,eligible_phase1_proxy,0.0,2874.0,2874.0,2874.0,0.0
150220,Capanema,PA,eligible_phase1_proxy,0.0,2874.0,2874.0,2874.0,0.0
521930,Santa Helena de Goiás,GO,eligible_phase1_proxy,0.0,2874.0,2874.0,2874.0,0.0
150210,Cametá,PA,eligible_phase1_proxy,0.0,2874.0,2874.0,2874.0,0.0
150200,Cachoeira do Arari,PA,eligible_phase1_proxy,0.0,2874.0,2874.0,2874.0,0.0
353010,Mirandópolis,SP,eligible_phase1_proxy,0.0,2874.0,2874.0,2874.0,0.0
353000,Mira Estrela,SP,eligible_phase1_proxy,0.0,2874.0,2874.0,2874.0,0.0
352990,Miracatu,SP,eligible_phase1_proxy,0.0,2874.0,2874.0,2874.0,0.0
352970,Miguelópolis,SP,eligible_phase1_proxy,0.0,2874.0,2874.0,2874.0,0.0
352965,Mesópolis,SP,eligible_phase1_proxy,0.0,2874.0,2874.0,2874.0,0.0
352960,Meridiano,SP,eligible_phase1_proxy,0.0,2874.0,2874.0,2874.0,0.0
352950,Mendonça,SP,eligible_phase1_proxy,0.0,2874.0,2874.0,2874.0,0.0
352930,Matão,SP,eligible_phase1_proxy,0.0,2874.0,2874.0,2874.0,0.0
352920,Martinópolis,SP,eligible_phase1_proxy,0.0,2874.0,2874.0,2874.0,0.0
352910,Marinópolis,SP,eligible_phase1_proxy,0.0,2874.0,2874.0,2874.0,0.0
353210,Murutinga do Sul,SP,eligible_phase1_proxy,0.0,2874.0,2874.0,2874.0,0.0
353205,Motuca,SP,eligible_phase1_proxy,0.0,2874.0,2874.0,2874.0,0.0
353190,Morro Agudo,SP,eligible_phase1_proxy,0.0,2874.0,2874.0,2874.0,0.0
353170,Monteiro Lobato,SP,eligible_phase1_proxy,0.0,2874.0,2874.0,2874.0,0.0
353150,Monte Azul Paulista,SP,eligible_phase1_proxy,0.0,2874.0,2874.0,2874.0,0.0
353140,Monte Aprazível,SP,eligible_phase1_proxy,0.0,2874.0,2874.0,2874.0,0.0
353120,Monte Alegre do Sul,SP,eligible_phase1_proxy,0.0,2874.0,2874.0,2874.0,0.0
353100,Monções,SP,eligible_phase1_proxy,0.0,2874.0,2874.0,2874.0,0.0
353090,Mombuca,SP,eligible_phase1_proxy,0.0,2874.0,2874.0,2874.0,0.0
353020,Mirante do Paranapanema,SP,eligible_phase1_proxy,0.0,2874.0,2874.0,2874.0,0.0
521990,São Francisco de Goiás,GO,eligible_phase1_proxy,0.0,2874.0,2874.0,2874.0,0.0
150290,Curuçá,PA,eligible_phase1_proxy,0.0,2874.0,2874.0,2874.0,0.0
150277,Curionópolis,PA,eligible_phase1_proxy,0.0,2874.0,2874.0,2874.0,0.0
150276,Cumaru do Norte,PA,eligible_phase1_proxy,0.0,2874.0,2874.0,2874.0,0.0
150275,Concórdia do Pará,PA,eligible_phase1_proxy,0.0,2874.0,2874.0,2874.0,0.0
150270,Conceição do Araguaia,PA,eligible_phase1_proxy,0.0,2874.0,2874.0,2874.0,0.0
353410,Oriente,SP,eligible_phase1_proxy,0.0,2874.0,2874.0,2874.0,0.0
353400,Onda Verde,SP,eligible_phase1_proxy,0.0,2874.0,2874.0,2874.0,0.0
353360,Nuporanga,SP,eligible_phase1_proxy,0.0,2874.0,2874.0,2874.0,0.0
353350,Novo Horizonte,SP,eligible_phase1_proxy,0.0,2874.0,2874.0,2874.0,0.0
353330,Nova Luzitânia,SP,eligible_phase1_proxy,0.0,2874.0,2874.0,2874.0,0.0
353325,Novais,SP,eligible_phase1_proxy,0.0,2874.0,2874.0,2874.0,0.0
353320,Nova Independência,SP,eligible_phase1_proxy,0.0,2874.0,2874.0,2874.0,0.0
353290,Nova Europa,SP,eligible_phase1_proxy,0.0,2874.0,2874.0,2874.0,0.0
353284,Nova Canaã Paulista,SP,eligible_phase1_proxy,0.0,2874.0,2874.0,2874.0,0.0
353282,Nova Campina,SP,eligible_phase1_proxy,0.0,2874.0,2874.0,2874.0,0.0
353280,Nova Aliança,SP,eligible_phase1_proxy,0.0,2874.0,2874.0,2874.0,0.0
353270,Nipoã,SP,eligible_phase1_proxy,0.0,2874.0,2874.0,2874.0,0.0
353260,Nhandeara,SP,eligible_phase1_proxy,0.0,2874.0,2874.0,2874.0,0.0
220230,Canto do Buriti,PI,eligible_phase1_proxy,0.0,2874.0,2874.0,2874.0,0.0
353220,Narandiba,SP,eligible_phase1_proxy,0.0,2874.0,2874.0,2874.0,0.0
353215,Nantes,SP,eligible_phase1_proxy,0.0,2874.0,2874.0,2874.0,0.0
353460,Osvaldo Cruz,SP,eligible_phase1_proxy,0.0,2874.0,2874.0,2874.0,0.0
353450,Oscar Bressane,SP,eligible_phase1_proxy,0.0,2874.0,2874.0,2874.0,0.0
210409,Formosa da Serra Negra,MA,eligible_phase1_proxy,0.0,2874.0,2874.0,2874.0,0.0
210408,Fernando Falcão,MA,eligible_phase1_proxy,0.0,2874.0,2874.0,2874.0,0.0
210407,Feira Nova do Maranhão,MA,eligible_phase1_proxy,0.0,2874.0,2874.0,2874.0,0.0
210405,Estreito,MA,eligible_phase1_proxy,0.0,2874.0,2874.0,2874.0,0.0
210400,Esperantinópolis,MA,eligible_phase1_proxy,0.0,2874.0,2874.0,2874.0,0.0
210380,Dom Pedro,MA,eligible_phase1_proxy,0.0,2874.0,2874.0,2874.0,0.0
210375,Davinópolis,MA,eligible_phase1_proxy,0.0,2874.0,2874.0,2874.0,0.0
210370,Cururupu,MA,eligible_phase1_proxy,0.0,2874.0,2874.0,2874.0,0.0
220240,Capitão de Campos,PI,eligible_phase1_proxy,0.0,2874.0,2874.0,2874.0,0.0
210340,Coelho Neto,MA,eligible_phase1_proxy,0.0,2874.0,2874.0,2874.0,0.0
210330,Codó,MA,eligible_phase1_proxy,0.0,2874.0,2874.0,2874.0,0.0
210325,Cidelândia,MA,eligible_phase1_proxy,0.0,2874.0,2874.0,2874.0,0.0
210320,Chapadinha,MA,eligible_phase1_proxy,0.0,2874.0,2874.0,2874.0,0.0
353420,Orindiúva,SP,eligible_phase1_proxy,0.0,2874.0,2874.0,2874.0,0.0
353630,Patrocínio Paulista,SP,eligible_phase1_proxy,0.0,2874.0,2874.0,2874.0,0.0
353625,Parisi,SP,eligible_phase1_proxy,0.0,2874.0,2874.0,2874.0,0.0
353620,Pariquera-Açu,SP,eligible_phase1_proxy,0.0,2874.0,2874.0,2874.0,0.0
353600,Parapuã,SP,eligible_phase1_proxy,0.0,2874.0,2874.0,2874.0,0.0
353590,Paranapuã,SP,eligible_phase1_proxy,0.0,2874.0,2874.0,2874.0,0.0
353580,Paranapanema,SP,eligible_phase1_proxy,0.0,2874.0,2874.0,2874.0,0.0
353570,Paraíso,SP,eligible_phase1_proxy,0.0,2874.0,2874.0,2874.0,0.0
353560,Paraibuna,SP,eligible_phase1_proxy,0.0,2874.0,2874.0,2874.0,0.0
353540,Panorama,SP,eligible_phase1_proxy,0.0,2874.0,2874.0,2874.0,0.0
353530,Palmital,SP,eligible_phase1_proxy,0.0,2874.0,2874.0,2874.0,0.0
353520,Palmeira d'Oeste,SP,eligible_phase1_proxy,0.0,2874.0,2874.0,2874.0,0.0
353510,Palmares Paulista,SP,eligible_phase1_proxy,0.0,2874.0,2874.0,2874.0,0.0
353500,Palestina,SP,eligible_phase1_proxy,0.0,2874.0,2874.0,2874.0,0.0
353490,Pacaembu,SP,eligible_phase1_proxy,0.0,2874.0,2874.0,2874.0,0.0
353480,Ouro Verde,SP,eligible_phase1_proxy,0.0,2874.0,2874.0,2874.0,0.0
353475,Ouroeste,SP,eligible_phase1_proxy,0.0,2874.0,2874.0,2874.0,0.0
353880,Piraju,SP,eligible_phase1_proxy,0.0,2874.0,2874.0,2874.0,0.0
353850,Piquete,SP,eligible_phase1_proxy,0.0,2874.0,2874.0,2874.0,0.0
353830,Piquerobi,SP,eligible_phase1_proxy,0.0,2874.0,2874.0,2874.0,0.0
353810,Pindorama,SP,eligible_phase1_proxy,0.0,2874.0,2874.0,2874.0,0.0
353770,Piacatu,SP,eligible_phase1_proxy,0.0,2874.0,2874.0,2874.0,0.0
353750,Pereiras,SP,eligible_phase1_proxy,0.0,2874.0,2874.0,2874.0,0.0
353740,Pereira Barreto,SP,eligible_phase1_proxy,0.0,2874.0,2874.0,2874.0,0.0
353720,Pedro de Toledo,SP,eligible_phase1_proxy,0.0,2874.0,2874.0,2874.0,0.0
353715,Pedrinhas Paulista,SP,eligible_phase1_proxy,0.0,2874.0,2874.0,2874.0,0.0
353700,Pedregulho,SP,eligible_phase1_proxy,0.0,2874.0,2874.0,2874.0,0.0
353690,Pedranópolis,SP,eligible_phase1_proxy,0.0,2874.0,2874.0,2874.0,0.0
353680,Pedra Bela,SP,eligible_phase1_proxy,0.0,2874.0,2874.0,2874.0,0.0
353670,Pederneiras,SP,eligible_phase1_proxy,0.0,2874.0,2874.0,2874.0,0.0
353660,Paulo de Faria,SP,eligible_phase1_proxy,0.0,2874.0,2874.0,2874.0,0.0
353657,Paulistânia,SP,eligible_phase1_proxy,0.0,2874.0,2874.0,2874.0,0.0
353640,Paulicéia,SP,eligible_phase1_proxy,0.0,2874.0,2874.0,2874.0,0.0
353920,Pirapozinho,SP,eligible_phase1_proxy,0.0,2874.0,2874.0,2874.0,0.0
220260,Castelo do Piauí,PI,eligible_phase1_proxy,0.0,2874.0,2874.0,2874.0,0.0
353900,Pirangi,SP,eligible_phase1_proxy,0.0,2874.0,2874.0,2874.0,0.0
353890,Pirajuí,SP,eligible_phase1_proxy,0.0,2874.0,2874.0,2874.0,0.0
150195,Cachoeira do Piriá,PA,eligible_phase1_proxy,0.0,2874.0,2874.0,2874.0,0.0
150190,Bujaru,PA,eligible_phase1_proxy,0.0,2874.0,2874.0,2874.0,0.0
220255,Caridade do Piauí,PI,eligible_phase1_proxy,0.0,2874.0,2874.0,2874.0,0.0
150178,Breu Branco,PA,eligible_phase1_proxy,0.0,2874.0,2874.0,2874.0,0.0
150175,Brejo Grande do Araguaia,PA,eligible_phase1_proxy,0.0,2874.0,2874.0,2874.0,0.0
220253,Caraúbas do Piauí,PI,eligible_phase1_proxy,0.0,2874.0,2874.0,2874.0,0.0
150170,Bragança,PA,eligible_phase1_proxy,0.0,2874.0,2874.0,2874.0,0.0
150157,Bom Jesus do Tocantins,PA,eligible_phase1_proxy,0.0,2874.0,2874.0,2874.0,0.0
150150,Benevides,PA,eligible_phase1_proxy,0.0,2874.0,2874.0,2874.0,0.0
150145,Belterra,PA,eligible_phase1_proxy,0.0,2874.0,2874.0,2874.0,0.0
220250,Caracol,PI,eligible_phase1_proxy,0.0,2874.0,2874.0,2874.0,0.0
220245,Capitão Gervásio Oliveira,PI,eligible_phase1_proxy,0.0,2874.0,2874.0,2874.0,0.0
354150,Presidente Venceslau,SP,eligible_phase1_proxy,0.0,2874.0,2874.0,2874.0,0.0
354130,Presidente Epitácio,SP,eligible_phase1_proxy,0.0,2874.0,2874.0,2874.0,0.0
354120,Presidente Bernardes,SP,eligible_phase1_proxy,0.0,2874.0,2874.0,2874.0,0.0
354110,Presidente Alves,SP,eligible_phase1_proxy,0.0,2874.0,2874.0,2874.0,0.0
354105,Pratânia,SP,eligible_phase1_proxy,0.0,2874.0,2874.0,2874.0,0.0
354100,Praia Grande,SP,eligible_phase1_proxy,0.0,2874.0,2874.0,2874.0,0.0
354085,Pracinha,SP,eligible_phase1_proxy,0.0,2874.0,2874.0,2874.0,0.0
354080,Potirendaba,SP,eligible_phase1_proxy,0.0,2874.0,2874.0,2874.0,0.0
354075,Potim,SP,eligible_phase1_proxy,0.0,2874.0,2874.0,2874.0,0.0
354040,Populina,SP,eligible_phase1_proxy,0.0,2874.0,2874.0,2874.0,0.0
354030,Pontes Gestal,SP,eligible_phase1_proxy,0.0,2874.0,2874.0,2874.0,0.0
354020,Pontal,SP,eligible_phase1_proxy,0.0,2874.0,2874.0,2874.0,0.0
354000,Pompéia,SP,eligible_phase1_proxy,0.0,2874.0,2874.0,2874.0,0.0
353990,Poloni,SP,eligible_phase1_proxy,0.0,2874.0,2874.0,2874.0,0.0
353970,Platina,SP,eligible_phase1_proxy,0.0,2874.0,2874.0,2874.0,0.0
353960,Planalto,SP,eligible_phase1_proxy,0.0,2874.0,2874.0,2874.0,0.0
210275,Capinzal do Norte,MA,eligible_phase1_proxy,0.0,2874.0,2874.0,2874.0,0.0
210270,Cantanhede,MA,eligible_phase1_proxy,0.0,2874.0,2874.0,2874.0,0.0
210250,Cajari,MA,eligible_phase1_proxy,0.0,2874.0,2874.0,2874.0,0.0
210235,Buritirana,MA,eligible_phase1_proxy,0.0,2874.0,2874.0,2874.0,0.0
210232,BURITICUPU,MA,eligible_phase1_proxy,0.0,2874.0,2874.0,2874.0,0.0
354250,Reginópolis,SP,eligible_phase1_proxy,0.0,2874.0,2874.0,2874.0,0.0
354240,Regente Feijó,SP,eligible_phase1_proxy,0.0,2874.0,2874.0,2874.0,0.0
354230,Redenção da Serra,SP,eligible_phase1_proxy,0.0,2874.0,2874.0,2874.0,0.0
354220,Rancharia,SP,eligible_phase1_proxy,0.0,2874.0,2874.0,2874.0,0.0
354210,Rafard,SP,eligible_phase1_proxy,0.0,2874.0,2874.0,2874.0,0.0
354200,Quintana,SP,eligible_phase1_proxy,0.0,2874.0,2874.0,2874.0,0.0
354190,Queluz,SP,eligible_phase1_proxy,0.0,2874.0,2874.0,2874.0,0.0
354180,Queiroz,SP,eligible_phase1_proxy,0.0,2874.0,2874.0,2874.0,0.0
354170,Quatá,SP,eligible_phase1_proxy,0.0,2874.0,2874.0,2874.0,0.0
354165,Quadra,SP,eligible_phase1_proxy,0.0,2874.0,2874.0,2874.0,0.0
354160,Promissão,SP,eligible_phase1_proxy,0.0,2874.0,2874.0,2874.0,0.0
354425,Rosana,SP,eligible_phase1_proxy,0.0,2874.0,2874.0,2874.0,0.0
354420,Riolândia,SP,eligible_phase1_proxy,0.0,2874.0,2874.0,2874.0,0.0
354380,Rinópolis,SP,eligible_phase1_proxy,0.0,2874.0,2874.0,2874.0,0.0
354370,Rincão,SP,eligible_phase1_proxy,0.0,2874.0,2874.0,2874.0,0.0
354350,Riversul,SP,eligible_phase1_proxy,0.0,2874.0,2874.0,2874.0,0.0
354325,Ribeirão Grande,SP,eligible_phase1_proxy,0.0,2874.0,2874.0,2874.0,0.0
354323,Ribeirão dos Índios,SP,eligible_phase1_proxy,0.0,2874.0,2874.0,2874.0,0.0
354320,Ribeirão do Sul,SP,eligible_phase1_proxy,0.0,2874.0,2874.0,2874.0,0.0
354310,Ribeirão Corrente,SP,eligible_phase1_proxy,0.0,2874.0,2874.0,2874.0,0.0
354300,Ribeirão Branco,SP,eligible_phase1_proxy,0.0,2874.0,2874.0,2874.0,0.0
354280,Ribeira,SP,eligible_phase1_proxy,0.0,2874.0,2874.0,2874.0,0.0
354270,Restinga,SP,eligible_phase1_proxy,0.0,2874.0,2874.0,2874.0,0.0
354260,Registro,SP,eligible_phase1_proxy,0.0,2874.0,2874.0,2874.0,0.0
210312,Central do Maranhão,MA,eligible_phase1_proxy,0.0,2874.0,2874.0,2874.0,0.0
210300,Caxias,MA,eligible_phase1_proxy,0.0,2874.0,2874.0,2874.0,0.0
210280,Carolina,MA,eligible_phase1_proxy,0.0,2874.0,2874.0,2874.0,0.0
354620,Santa Cruz da Conceição,SP,eligible_phase1_proxy,0.0,2874.0,2874.0,2874.0,0.0
354610,Santa Clara d'Oeste,SP,eligible_phase1_proxy,0.0,2874.0,2874.0,2874.0,0.0
354600,Santa Branca,SP,eligible_phase1_proxy,0.0,2874.0,2874.0,2874.0,0.0
354570,Santa Albertina,SP,eligible_phase1_proxy,0.0,2874.0,2874.0,2874.0,0.0
354560,Santa Adélia,SP,eligible_phase1_proxy,0.0,2874.0,2874.0,2874.0,0.0
354550,Sandovalina,SP,eligible_phase1_proxy,0.0,2874.0,2874.0,2874.0,0.0
354540,Salto Grande,SP,eligible_phase1_proxy,0.0,2874.0,2874.0,2874.0,0.0
354530,Salto de Pirapora,SP,eligible_phase1_proxy,0.0,2874.0,2874.0,2874.0,0.0
354515,Saltinho,SP,eligible_phase1_proxy,0.0,2874.0,2874.0,2874.0,0.0
354510,Salmourão,SP,eligible_phase1_proxy,0.0,2874.0,2874.0,2874.0,0.0
354490,Sales Oliveira,SP,eligible_phase1_proxy,0.0,2874.0,2874.0,2874.0,0.0
354480,Sales,SP,eligible_phase1_proxy,0.0,2874.0,2874.0,2874.0,0.0
354470,Sagres,SP,eligible_phase1_proxy,0.0,2874.0,2874.0,2874.0,0.0
354460,Sabino,SP,eligible_phase1_proxy,0.0,2874.0,2874.0,2874.0,0.0
354440,Rubiácea,SP,eligible_phase1_proxy,0.0,2874.0,2874.0,2874.0,0.0
354430,ROSEIRA,SP,eligible_phase1_proxy,0.0,2874.0,2874.0,2874.0,0.0
150095,Aurora do Pará,PA,eligible_phase1_proxy,0.0,2874.0,2874.0,2874.0,0.0
150090,Augusto Corrêa,PA,eligible_phase1_proxy,0.0,2874.0,2874.0,2874.0,0.0
150085,Anapu,PA,eligible_phase1_proxy,0.0,2874.0,2874.0,2874.0,0.0
220275,Colônia do Gurguéia,PI,eligible_phase1_proxy,0.0,2874.0,2874.0,2874.0,0.0
220273,Coivaras,PI,eligible_phase1_proxy,0.0,2874.0,2874.0,2874.0,0.0
220272,Cocal dos Alves,PI,eligible_phase1_proxy,0.0,2874.0,2874.0,2874.0,0.0
150034,Água Azul do Norte,PA,eligible_phase1_proxy,0.0,2874.0,2874.0,2874.0,0.0
220271,Cocal de Telha,PI,eligible_phase1_proxy,0.0,2874.0,2874.0,2874.0,0.0
150013,Abel Figueiredo,PA,eligible_phase1_proxy,0.0,2874.0,2874.0,2874.0,0.0
220270,Cocal,PI,eligible_phase1_proxy,0.0,2874.0,2874.0,2874.0,0.0
354740,Santa Rita d'Oeste,SP,eligible_phase1_proxy,0.0,2874.0,2874.0,2874.0,0.0
354720,Santana da Ponte Pensa,SP,eligible_phase1_proxy,0.0,2874.0,2874.0,2874.0,0.0
354710,Santa Mercedes,SP,eligible_phase1_proxy,0.0,2874.0,2874.0,2874.0,0.0
354700,Santa Maria da Serra,SP,eligible_phase1_proxy,0.0,2874.0,2874.0,2874.0,0.0
354650,Santa Ernestina,SP,eligible_phase1_proxy,0.0,2874.0,2874.0,2874.0,0.0
354640,Santa Cruz do Rio Pardo,SP,eligible_phase1_proxy,0.0,2874.0,2874.0,2874.0,0.0
354960,São José do Barreiro,SP,eligible_phase1_proxy,0.0,2874.0,2874.0,2874.0,0.0
354950,São José da Bela Vista,SP,eligible_phase1_proxy,0.0,2874.0,2874.0,2874.0,0.0
354930,São João do Pau d'Alho,SP,eligible_phase1_proxy,0.0,2874.0,2874.0,2874.0,0.0
354925,São João de Iracema,SP,eligible_phase1_proxy,0.0,2874.0,2874.0,2874.0,0.0
354920,São João das Duas Pontes,SP,eligible_phase1_proxy,0.0,2874.0,2874.0,2874.0,0.0
354900,São Francisco,SP,eligible_phase1_proxy,0.0,2874.0,2874.0,2874.0,0.0
354860,São Bento do Sapucaí,SP,eligible_phase1_proxy,0.0,2874.0,2874.0,2874.0,0.0
354840,Santópolis do Aguapeí,SP,eligible_phase1_proxy,0.0,2874.0,2874.0,2874.0,0.0
354830,Santo Expedito,SP,eligible_phase1_proxy,0.0,2874.0,2874.0,2874.0,0.0
354820,Santo Antônio do Pinhal,SP,eligible_phase1_proxy,0.0,2874.0,2874.0,2874.0,0.0
354805,Santo Antônio do Aracanguá,SP,eligible_phase1_proxy,0.0,2874.0,2874.0,2874.0,0.0
354800,Santo Antônio de Posse,SP,eligible_phase1_proxy,0.0,2874.0,2874.0,2874.0,0.0
354790,Santo Antônio da Alegria,SP,eligible_phase1_proxy,0.0,2874.0,2874.0,2874.0,0.0
354770,Santo Anastácio,SP,eligible_phase1_proxy,0.0,2874.0,2874.0,2874.0,0.0
354765,Santa Salete,SP,eligible_phase1_proxy,0.0,2874.0,2874.0,2874.0,0.0
150100,Aveiro,PA,eligible_phase1_proxy,0.0,2874.0,2874.0,2874.0,0.0
355040,São Pedro,SP,eligible_phase1_proxy,0.0,2874.0,2874.0,2874.0,0.0
355020,São Miguel Arcanjo,SP,eligible_phase1_proxy,0.0,2874.0,2874.0,2874.0,0.0
355000,São Luiz do Paraitinga,SP,eligible_phase1_proxy,0.0,2874.0,2874.0,2874.0,0.0
210230,Buriti Bravo,MA,eligible_phase1_proxy,0.0,2874.0,2874.0,2874.0,0.0
210220,Buriti,MA,eligible_phase1_proxy,0.0,2874.0,2874.0,2874.0,0.0
210215,Brejo de Areia,MA,eligible_phase1_proxy,0.0,2874.0,2874.0,2874.0,0.0
210210,Brejo,MA,eligible_phase1_proxy,0.0,2874.0,2874.0,2874.0,0.0
210203,Bom Jesus das Selvas,MA,eligible_phase1_proxy,0.0,2874.0,2874.0,2874.0,0.0
210200,Bom Jardim,MA,eligible_phase1_proxy,0.0,2874.0,2874.0,2874.0,0.0
210193,Bernardo do Mearim,MA,eligible_phase1_proxy,0.0,2874.0,2874.0,2874.0,0.0
210190,Bequimão,MA,eligible_phase1_proxy,0.0,2874.0,2874.0,2874.0,0.0
210177,Bela Vista do Maranhão,MA,eligible_phase1_proxy,0.0,2874.0,2874.0,2874.0,0.0
210170,Barreirinhas,MA,eligible_phase1_proxy,0.0,2874.0,2874.0,2874.0,0.0
210160,Barra do Corda,MA,eligible_phase1_proxy,0.0,2874.0,2874.0,2874.0,0.0
210150,Barão de Grajaú,MA,eligible_phase1_proxy,0.0,2874.0,2874.0,2874.0,0.0
354995,São Lourenço da Serra,SP,eligible_phase1_proxy,0.0,2874.0,2874.0,2874.0,0.0
355290,Taciba,SP,eligible_phase1_proxy,0.0,2874.0,2874.0,2874.0,0.0
355280,Taboão da Serra,SP,eligible_phase1_proxy,0.0,2874.0,2874.0,2874.0,0.0
355270,Tabatinga,SP,eligible_phase1_proxy,0.0,2874.0,2874.0,2874.0,0.0
355260,Tabapuã,SP,eligible_phase1_proxy,0.0,2874.0,2874.0,2874.0,0.0
355255,Suzanápolis,SP,eligible_phase1_proxy,0.0,2874.0,2874.0,2874.0,0.0
355230,Sud Mennucci,SP,eligible_phase1_proxy,0.0,2874.0,2874.0,2874.0,0.0
355210,Socorro,SP,eligible_phase1_proxy,0.0,2874.0,2874.0,2874.0,0.0
355200,Silveiras,SP,eligible_phase1_proxy,0.0,2874.0,2874.0,2874.0,0.0
355180,Sete Barras,SP,eligible_phase1_proxy,0.0,2874.0,2874.0,2874.0,0.0
355160,Serra Negra,SP,eligible_phase1_proxy,0.0,2874.0,2874.0,2874.0,0.0
355140,Serra Azul,SP,eligible_phase1_proxy,0.0,2874.0,2874.0,2874.0,0.0
355130,Sebastianópolis do Sul,SP,eligible_phase1_proxy,0.0,2874.0,2874.0,2874.0,0.0
355110,Sarapuí,SP,eligible_phase1_proxy,0.0,2874.0,2874.0,2874.0,0.0
355080,São Sebastião da Grama,SP,eligible_phase1_proxy,0.0,2874.0,2874.0,2874.0,0.0
355070,São Sebastião,SP,eligible_phase1_proxy,0.0,2874.0,2874.0,2874.0,0.0
355050,São Pedro do Turvo,SP,eligible_phase1_proxy,0.0,2874.0,2874.0,2874.0,0.0
355390,TARABAI,SP,eligible_phase1_proxy,0.0,2874.0,2874.0,2874.0,0.0
355385,Taquarivaí,SP,eligible_phase1_proxy,0.0,2874.0,2874.0,2874.0,0.0
355365,Taquaral,SP,eligible_phase1_proxy,0.0,2874.0,2874.0,2874.0,0.0
355360,Tapiratiba,SP,eligible_phase1_proxy,0.0,2874.0,2874.0,2874.0,0.0
140050,São João da Baliza,RR,eligible_phase1_proxy,0.0,2874.0,2874.0,2874.0,0.0
140047,Rorainópolis,RR,eligible_phase1_proxy,0.0,2874.0,2874.0,2874.0,0.0
140030,Mucajaí,RR,eligible_phase1_proxy,0.0,2874.0,2874.0,2874.0,0.0
140023,Caroebe,RR,eligible_phase1_proxy,0.0,2874.0,2874.0,2874.0,0.0
140010,Boa Vista,RR,eligible_phase1_proxy,0.0,2874.0,2874.0,2874.0,0.0
140005,Alto Alegre,RR,eligible_phase1_proxy,0.0,2874.0,2874.0,2874.0,0.0
140002,Amajari,RR,eligible_phase1_proxy,0.0,2874.0,2874.0,2874.0,0.0
355340,Tanabi,SP,eligible_phase1_proxy,0.0,2874.0,2874.0,2874.0,0.0
355330,Tambaú,SP,eligible_phase1_proxy,0.0,2874.0,2874.0,2874.0,0.0
355320,Taiúva,SP,eligible_phase1_proxy,0.0,2874.0,2874.0,2874.0,0.0
355310,Taiaçu,SP,eligible_phase1_proxy,0.0,2874.0,2874.0,2874.0,0.0
355300,Taguaí,SP,eligible_phase1_proxy,0.0,2874.0,2874.0,2874.0,0.0
355590,Uru,SP,eligible_phase1_proxy,0.0,2874.0,2874.0,2874.0,0.0
355580,Urânia,SP,eligible_phase1_proxy,0.0,2874.0,2874.0,2874.0,0.0
355570,União Paulista,SP,eligible_phase1_proxy,0.0,2874.0,2874.0,2874.0,0.0
355560,Uchoa,SP,eligible_phase1_proxy,0.0,2874.0,2874.0,2874.0,0.0
355550,Ubirajara,SP,eligible_phase1_proxy,0.0,2874.0,2874.0,2874.0,0.0
355535,Ubarana,SP,eligible_phase1_proxy,0.0,2874.0,2874.0,2874.0,0.0
355530,Turmalina,SP,eligible_phase1_proxy,0.0,2874.0,2874.0,2874.0,0.0
355520,Turiúba,SP,eligible_phase1_proxy,0.0,2874.0,2874.0,2874.0,0.0
355510,Tupi Paulista,SP,eligible_phase1_proxy,0.0,2874.0,2874.0,2874.0,0.0
220277,Colônia do Piauí,PI,eligible_phase1_proxy,0.0,2874.0,2874.0,2874.0,0.0
355470,Torrinha,SP,eligible_phase1_proxy,0.0,2874.0,2874.0,2874.0,0.0
355465,Torre de Pedra,SP,eligible_phase1_proxy,0.0,2874.0,2874.0,2874.0,0.0
355460,Timburi,SP,eligible_phase1_proxy,0.0,2874.0,2874.0,2874.0,0.0
355440,Terra Roxa,SP,eligible_phase1_proxy,0.0,2874.0,2874.0,2874.0,0.0
355430,Teodoro Sampaio,SP,eligible_phase1_proxy,0.0,2874.0,2874.0,2874.0,0.0
355420,Tejupá,SP,eligible_phase1_proxy,0.0,2874.0,2874.0,2874.0,0.0
410045,Altamira do Paraná,PR,eligible_phase1_proxy,0.0,2874.0,2874.0,2874.0,0.0
410030,Agudos do Sul,PR,eligible_phase1_proxy,0.0,2874.0,2874.0,2874.0,0.0
410010,Abatiá,PR,eligible_phase1_proxy,0.0,2874.0,2874.0,2874.0,0.0
355730,Estiva Gerbi,SP,eligible_phase1_proxy,0.0,2874.0,2874.0,2874.0,0.0
355720,Chavantes,SP,eligible_phase1_proxy,0.0,2874.0,2874.0,2874.0,0.0
355715,Zacarias,SP,eligible_phase1_proxy,0.0,2874.0,2874.0,2874.0,0.0
355710,Votuporanga,SP,eligible_phase1_proxy,0.0,2874.0,2874.0,2874.0,0.0
355695,Vitória Brasil,SP,eligible_phase1_proxy,0.0,2874.0,2874.0,2874.0,0.0
355690,Vista Alegre do Alto,SP,eligible_phase1_proxy,0.0,2874.0,2874.0,2874.0,0.0
355660,Vera Cruz,SP,eligible_phase1_proxy,0.0,2874.0,2874.0,2874.0,0.0
355645,Vargem Grande Paulista,SP,eligible_phase1_proxy,0.0,2874.0,2874.0,2874.0,0.0
355640,Vargem Grande do Sul,SP,eligible_phase1_proxy,0.0,2874.0,2874.0,2874.0,0.0
355635,Vargem,SP,eligible_phase1_proxy,0.0,2874.0,2874.0,2874.0,0.0
355630,Valparaíso,SP,eligible_phase1_proxy,0.0,2874.0,2874.0,2874.0,0.0
355610,Valentim Gentil,SP,eligible_phase1_proxy,0.0,2874.0,2874.0,2874.0,0.0
355600,Urupês,SP,eligible_phase1_proxy,0.0,2874.0,2874.0,2874.0,0.0
410210,Astorga,PR,eligible_phase1_proxy,0.0,2874.0,2874.0,2874.0,0.0
410190,Assaí,PR,eligible_phase1_proxy,0.0,2874.0,2874.0,2874.0,0.0
410170,Araruna,PR,eligible_phase1_proxy,0.0,2874.0,2874.0,2874.0,0.0
410165,Arapuã,PR,eligible_phase1_proxy,0.0,2874.0,2874.0,2874.0,0.0
410160,Arapoti,PR,eligible_phase1_proxy,0.0,2874.0,2874.0,2874.0,0.0
410140,Apucarana,PR,eligible_phase1_proxy,0.0,2874.0,2874.0,2874.0,0.0
410130,ANTONIO OLINTO,PR,eligible_phase1_proxy,0.0,2874.0,2874.0,2874.0,0.0
410120,Antonina,PR,eligible_phase1_proxy,0.0,2874.0,2874.0,2874.0,0.0
410115,Ângulo,PR,eligible_phase1_proxy,0.0,2874.0,2874.0,2874.0,0.0
410110,Andirá,PR,eligible_phase1_proxy,0.0,2874.0,2874.0,2874.0,0.0
410105,Anahy,PR,eligible_phase1_proxy,0.0,2874.0,2874.0,2874.0,0.0
410100,Ampére,PR,eligible_phase1_proxy,0.0,2874.0,2874.0,2874.0,0.0
410090,Amaporã,PR,eligible_phase1_proxy,0.0,2874.0,2874.0,2874.0,0.0
410080,Alvorada do Sul,PR,eligible_phase1_proxy,0.0,2874.0,2874.0,2874.0,0.0
410070,Alto Piquiri,PR,eligible_phase1_proxy,0.0,2874.0,2874.0,2874.0,0.0
410050,Altônia,PR,eligible_phase1_proxy,0.0,2874.0,2874.0,2874.0,0.0
410330,Borrazópolis,PR,eligible_phase1_proxy,0.0,2874.0,2874.0,2874.0,0.0
410320,Bom Sucesso,PR,eligible_phase1_proxy,0.0,2874.0,2874.0,2874.0,0.0
410315,Bom Jesus do Sul,PR,eligible_phase1_proxy,0.0,2874.0,2874.0,2874.0,0.0
410305,Boa Vista da Aparecida,PR,eligible_phase1_proxy,0.0,2874.0,2874.0,2874.0,0.0
410304,Boa Ventura de São Roque,PR,eligible_phase1_proxy,0.0,2874.0,2874.0,2874.0,0.0
410302,Boa Esperança do Iguaçu,PR,eligible_phase1_proxy,0.0,2874.0,2874.0,2874.0,0.0
410300,Boa Esperança,PR,eligible_phase1_proxy,0.0,2874.0,2874.0,2874.0,0.0
410290,Bituruna,PR,eligible_phase1_proxy,0.0,2874.0,2874.0,2874.0,0.0
410280,Bela Vista do Paraíso,PR,eligible_phase1_proxy,0.0,2874.0,2874.0,2874.0,0.0
410275,Bela Vista da Caroba,PR,eligible_phase1_proxy,0.0,2874.0,2874.0,2874.0,0.0
410270,Barra do Jacaré,PR,eligible_phase1_proxy,0.0,2874.0,2874.0,2874.0,0.0
410260,Barracão,PR,eligible_phase1_proxy,0.0,2874.0,2874.0,2874.0,0.0
410250,Barbosa Ferraz,PR,eligible_phase1_proxy,0.0,2874.0,2874.0,2874.0,0.0
410240,Bandeirantes,PR,eligible_phase1_proxy,0.0,2874.0,2874.0,2874.0,0.0
410230,Balsa Nova,PR,eligible_phase1_proxy,0.0,2874.0,2874.0,2874.0,0.0
410220,Atalaia,PR,eligible_phase1_proxy,0.0,2874.0,2874.0,2874.0,0.0
410445,Cantagalo,PR,eligible_phase1_proxy,0.0,2874.0,2874.0,2874.0,0.0
410442,Candói,PR,eligible_phase1_proxy,0.0,2874.0,2874.0,2874.0,0.0
410440,Cândido de Abreu,PR,eligible_phase1_proxy,0.0,2874.0,2874.0,2874.0,0.0
410425,Campo Magro,PR,eligible_phase1_proxy,0.0,2874.0,2874.0,2874.0,0.0
410420,Campo Largo,PR,eligible_phase1_proxy,0.0,2874.0,2874.0,2874.0,0.0
410410,Campo do Tenente,PR,eligible_phase1_proxy,0.0,2874.0,2874.0,2874.0,0.0
410405,Campo Bonito,PR,eligible_phase1_proxy,0.0,2874.0,2874.0,2874.0,0.0
410390,Campina da Lagoa,PR,eligible_phase1_proxy,0.0,2874.0,2874.0,2874.0,0.0
410380,Cambira,PR,eligible_phase1_proxy,0.0,2874.0,2874.0,2874.0,0.0
410360,CAMBARA,PR,eligible_phase1_proxy,0.0,2874.0,2874.0,2874.0,0.0
410350,Califórnia,PR,eligible_phase1_proxy,0.0,2874.0,2874.0,2874.0,0.0
410347,Cafezal do Sul,PR,eligible_phase1_proxy,0.0,2874.0,2874.0,2874.0,0.0
220280,Conceição do Canindé,PI,eligible_phase1_proxy,0.0,2874.0,2874.0,2874.0,0.0
410340,Cafeara,PR,eligible_phase1_proxy,0.0,2874.0,2874.0,2874.0,0.0
410337,Brasilândia do Sul,PR,eligible_phase1_proxy,0.0,2874.0,2874.0,2874.0,0.0
410335,Braganey,PR,eligible_phase1_proxy,0.0,2874.0,2874.0,2874.0,0.0
210083,Apicum-Açu,MA,eligible_phase1_proxy,0.0,2874.0,2874.0,2874.0,0.0
210080,Anapurus,MA,eligible_phase1_proxy,0.0,2874.0,2874.0,2874.0,0.0
210070,Anajatuba,MA,eligible_phase1_proxy,0.0,2874.0,2874.0,2874.0,0.0
210060,Amarante do Maranhão,MA,eligible_phase1_proxy,0.0,2874.0,2874.0,2874.0,0.0
210050,Alto Parnaíba,MA,eligible_phase1_proxy,0.0,2874.0,2874.0,2874.0,0.0
410580,Colombo,PR,eligible_phase1_proxy,0.0,2874.0,2874.0,2874.0,0.0
410570,Clevelândia,PR,eligible_phase1_proxy,0.0,2874.0,2874.0,2874.0,0.0
410560,Cidade Gaúcha,PR,eligible_phase1_proxy,0.0,2874.0,2874.0,2874.0,0.0
410540,Chopinzinho,PR,eligible_phase1_proxy,0.0,2874.0,2874.0,2874.0,0.0
410530,Céu Azul,PR,eligible_phase1_proxy,0.0,2874.0,2874.0,2874.0,0.0
410520,Cerro Azul,PR,eligible_phase1_proxy,0.0,2874.0,2874.0,2874.0,0.0
410510,Centenário do Sul,PR,eligible_phase1_proxy,0.0,2874.0,2874.0,2874.0,0.0
410500,Catanduvas,PR,eligible_phase1_proxy,0.0,2874.0,2874.0,2874.0,0.0
410470,Carlópolis,PR,eligible_phase1_proxy,0.0,2874.0,2874.0,2874.0,0.0
410460,Capitão Leônidas Marques,PR,eligible_phase1_proxy,0.0,2874.0,2874.0,2874.0,0.0
410450,Capanema,PR,eligible_phase1_proxy,0.0,2874.0,2874.0,2874.0,0.0
410685,Cruzmaltina,PR,eligible_phase1_proxy,0.0,2874.0,2874.0,2874.0,0.0
410680,Cruz Machado,PR,eligible_phase1_proxy,0.0,2874.0,2874.0,2874.0,0.0
410670,Cruzeiro do Sul,PR,eligible_phase1_proxy,0.0,2874.0,2874.0,2874.0,0.0
410660,Cruzeiro do Oeste,PR,eligible_phase1_proxy,0.0,2874.0,2874.0,2874.0,0.0
410657,Cruzeiro do Iguaçu,PR,eligible_phase1_proxy,0.0,2874.0,2874.0,2874.0,0.0
410655,Corumbataí do Sul,PR,eligible_phase1_proxy,0.0,2874.0,2874.0,2874.0,0.0
410650,Coronel Vivida,PR,eligible_phase1_proxy,0.0,2874.0,2874.0,2874.0,0.0
410645,Coronel Domingos Soares,PR,eligible_phase1_proxy,0.0,2874.0,2874.0,2874.0,0.0
410630,Corbélia,PR,eligible_phase1_proxy,0.0,2874.0,2874.0,2874.0,0.0
410610,Conselheiro Mairinck,PR,eligible_phase1_proxy,0.0,2874.0,2874.0,2874.0,0.0
410600,Congonhinhas,PR,eligible_phase1_proxy,0.0,2874.0,2874.0,2874.0,0.0
210140,Balsas,MA,eligible_phase1_proxy,0.0,2874.0,2874.0,2874.0,0.0
210120,Bacabal,MA,eligible_phase1_proxy,0.0,2874.0,2874.0,2874.0,0.0
210110,Axixá,MA,eligible_phase1_proxy,0.0,2874.0,2874.0,2874.0,0.0
210100,Arari,MA,eligible_phase1_proxy,0.0,2874.0,2874.0,2874.0,0.0
210095,Arame,MA,eligible_phase1_proxy,0.0,2874.0,2874.0,2874.0,0.0
410775,Figueira,PR,eligible_phase1_proxy,0.0,2874.0,2874.0,2874.0,0.0
410770,Fênix,PR,eligible_phase1_proxy,0.0,2874.0,2874.0,2874.0,0.0
410760,Faxinal,PR,eligible_phase1_proxy,0.0,2874.0,2874.0,2874.0,0.0
410755,Farol,PR,eligible_phase1_proxy,0.0,2874.0,2874.0,2874.0,0.0
410754,Espigão Alto do Iguaçu,PR,eligible_phase1_proxy,0.0,2874.0,2874.0,2874.0,0.0
410753,Entre Rios do Oeste,PR,eligible_phase1_proxy,0.0,2874.0,2874.0,2874.0,0.0
410752,Esperança Nova,PR,eligible_phase1_proxy,0.0,2874.0,2874.0,2874.0,0.0
410750,Engenheiro Beltrão,PR,eligible_phase1_proxy,0.0,2874.0,2874.0,2874.0,0.0
410740,Enéas Marques,PR,eligible_phase1_proxy,0.0,2874.0,2874.0,2874.0,0.0
410730,Doutor Camargo,PR,eligible_phase1_proxy,0.0,2874.0,2874.0,2874.0,0.0
410725,Douradina,PR,eligible_phase1_proxy,0.0,2874.0,2874.0,2874.0,0.0
410720,Dois Vizinhos,PR,eligible_phase1_proxy,0.0,2874.0,2874.0,2874.0,0.0
410715,Diamante D'Oeste,PR,eligible_phase1_proxy,0.0,2874.0,2874.0,2874.0,0.0
410712,Diamante do Sul,PR,eligible_phase1_proxy,0.0,2874.0,2874.0,2874.0,0.0
410710,Diamante do Norte,PR,eligible_phase1_proxy,0.0,2874.0,2874.0,2874.0,0.0
410700,Curiúva,PR,eligible_phase1_proxy,0.0,2874.0,2874.0,2874.0,0.0
130356,Rio Preto da Eva,AM,eligible_phase1_proxy,0.0,2874.0,2874.0,2874.0,0.0
130353,Presidente Figueiredo,AM,eligible_phase1_proxy,0.0,2874.0,2874.0,2874.0,0.0
220290,Corrente,PI,eligible_phase1_proxy,0.0,2874.0,2874.0,2874.0,0.0
220285,Coronel José Dias,PI,eligible_phase1_proxy,0.0,2874.0,2874.0,2874.0,0.0
410865,Goioxim,PR,eligible_phase1_proxy,0.0,2874.0,2874.0,2874.0,0.0
410860,Goioerê,PR,eligible_phase1_proxy,0.0,2874.0,2874.0,2874.0,0.0
410855,Godoy Moreira,PR,eligible_phase1_proxy,0.0,2874.0,2874.0,2874.0,0.0
410845,Foz do Jordão,PR,eligible_phase1_proxy,0.0,2874.0,2874.0,2874.0,0.0
410832,Francisco Alves,PR,eligible_phase1_proxy,0.0,2874.0,2874.0,2874.0,0.0
410830,Foz do Iguaçu,PR,eligible_phase1_proxy,0.0,2874.0,2874.0,2874.0,0.0
410820,Formosa do Oeste,PR,eligible_phase1_proxy,0.0,2874.0,2874.0,2874.0,0.0
410810,Flórida,PR,eligible_phase1_proxy,0.0,2874.0,2874.0,2874.0,0.0
410800,Florestópolis,PR,eligible_phase1_proxy,0.0,2874.0,2874.0,2874.0,0.0
410790,Floresta,PR,eligible_phase1_proxy,0.0,2874.0,2874.0,2874.0,0.0
410785,Flor da Serra do Sul,PR,eligible_phase1_proxy,0.0,2874.0,2874.0,2874.0,0.0
410780,Floraí,PR,eligible_phase1_proxy,0.0,2874.0,2874.0,2874.0,0.0
410990,Icaraíma,PR,eligible_phase1_proxy,0.0,2874.0,2874.0,2874.0,0.0
410975,Ibema,PR,eligible_phase1_proxy,0.0,2874.0,2874.0,2874.0,0.0
410970,Ibaiti,PR,eligible_phase1_proxy,0.0,2874.0,2874.0,2874.0,0.0
410965,Honório Serpa,PR,eligible_phase1_proxy,0.0,2874.0,2874.0,2874.0,0.0
410960,Guaratuba,PR,eligible_phase1_proxy,0.0,2874.0,2874.0,2874.0,0.0
410930,Guaraniaçu,PR,eligible_phase1_proxy,0.0,2874.0,2874.0,2874.0,0.0
410920,Guaraci,PR,eligible_phase1_proxy,0.0,2874.0,2874.0,2874.0,0.0
410910,GUAPOREMA,PR,eligible_phase1_proxy,0.0,2874.0,2874.0,2874.0,0.0
410900,Guapirama,PR,eligible_phase1_proxy,0.0,2874.0,2874.0,2874.0,0.0
410895,GUAMIRANGA,PR,eligible_phase1_proxy,0.0,2874.0,2874.0,2874.0,0.0
410890,Guairaçá,PR,eligible_phase1_proxy,0.0,2874.0,2874.0,2874.0,0.0
410880,Guaíra,PR,eligible_phase1_proxy,0.0,2874.0,2874.0,2874.0,0.0
410870,Grandes Rios,PR,eligible_phase1_proxy,0.0,2874.0,2874.0,2874.0,0.0
220310,Cristino Castro,PI,eligible_phase1_proxy,0.0,2874.0,2874.0,2874.0,0.0
130400,Silves,AM,eligible_phase1_proxy,0.0,2874.0,2874.0,2874.0,0.0
130390,São Paulo de Olivença,AM,eligible_phase1_proxy,0.0,2874.0,2874.0,2874.0,0.0
411140,Ivaí,PR,eligible_phase1_proxy,0.0,2874.0,2874.0,2874.0,0.0
411130,Itaúna do Sul,PR,eligible_phase1_proxy,0.0,2874.0,2874.0,2874.0,0.0
411120,Itapejara d'Oeste,PR,eligible_phase1_proxy,0.0,2874.0,2874.0,2874.0,0.0
411110,Itambé,PR,eligible_phase1_proxy,0.0,2874.0,2874.0,2874.0,0.0
411100,Itambaracá,PR,eligible_phase1_proxy,0.0,2874.0,2874.0,2874.0,0.0
411095,ITAIPULANDIA,PR,eligible_phase1_proxy,0.0,2874.0,2874.0,2874.0,0.0
411090,Itaguajé,PR,eligible_phase1_proxy,0.0,2874.0,2874.0,2874.0,0.0
411080,Iretama,PR,eligible_phase1_proxy,0.0,2874.0,2874.0,2874.0,0.0
411065,Iracema do Oeste,PR,eligible_phase1_proxy,0.0,2874.0,2874.0,2874.0,0.0
411060,Iporã,PR,eligible_phase1_proxy,0.0,2874.0,2874.0,2874.0,0.0
411050,Ipiranga,PR,eligible_phase1_proxy,0.0,2874.0,2874.0,2874.0,0.0
411040,Indianópolis,PR,eligible_phase1_proxy,0.0,2874.0,2874.0,2874.0,0.0
411020,Inácio Martins,PR,eligible_phase1_proxy,0.0,2874.0,2874.0,2874.0,0.0
411010,Imbituva,PR,eligible_phase1_proxy,0.0,2874.0,2874.0,2874.0,0.0
411005,Iguatu,PR,eligible_phase1_proxy,0.0,2874.0,2874.0,2874.0,0.0
411000,Iguaraçu,PR,eligible_phase1_proxy,0.0,2874.0,2874.0,2874.0,0.0
411310,Kaloré,PR,eligible_phase1_proxy,0.0,2874.0,2874.0,2874.0,0.0
411300,Jussara,PR,eligible_phase1_proxy,0.0,2874.0,2874.0,2874.0,0.0
411295,Juranda,PR,eligible_phase1_proxy,0.0,2874.0,2874.0,2874.0,0.0
411290,Jundiaí do Sul,PR,eligible_phase1_proxy,0.0,2874.0,2874.0,2874.0,0.0
411280,Joaquim Távora,PR,eligible_phase1_proxy,0.0,2874.0,2874.0,2874.0,0.0
411270,Jataizinho,PR,eligible_phase1_proxy,0.0,2874.0,2874.0,2874.0,0.0
411250,Jardim Alegre,PR,eligible_phase1_proxy,0.0,2874.0,2874.0,2874.0,0.0
411240,Japurá,PR,eligible_phase1_proxy,0.0,2874.0,2874.0,2874.0,0.0
411230,Japira,PR,eligible_phase1_proxy,0.0,2874.0,2874.0,2874.0,0.0
411220,Janiópolis,PR,eligible_phase1_proxy,0.0,2874.0,2874.0,2874.0,0.0
411190,Jaguapitã,PR,eligible_phase1_proxy,0.0,2874.0,2874.0,2874.0,0.0
411180,Jacarezinho,PR,eligible_phase1_proxy,0.0,2874.0,2874.0,2874.0,0.0
411170,Jaboti,PR,eligible_phase1_proxy,0.0,2874.0,2874.0,2874.0,0.0
411160,Ivatuba,PR,eligible_phase1_proxy,0.0,2874.0,2874.0,2874.0,0.0
411155,Ivaté,PR,eligible_phase1_proxy,0.0,2874.0,2874.0,2874.0,0.0
411150,Ivaiporã,PR,eligible_phase1_proxy,0.0,2874.0,2874.0,2874.0,0.0
411470,Maria Helena,PR,eligible_phase1_proxy,0.0,2874.0,2874.0,2874.0,0.0
411460,Marechal Cândido Rondon,PR,eligible_phase1_proxy,0.0,2874.0,2874.0,2874.0,0.0
411450,Manoel Ribas,PR,eligible_phase1_proxy,0.0,2874.0,2874.0,2874.0,0.0
411440,Mangueirinha,PR,eligible_phase1_proxy,0.0,2874.0,2874.0,2874.0,0.0
411435,Manfrinópolis,PR,eligible_phase1_proxy,0.0,2874.0,2874.0,2874.0,0.0
411420,Mandaguari,PR,eligible_phase1_proxy,0.0,2874.0,2874.0,2874.0,0.0
411400,Mamborê,PR,eligible_phase1_proxy,0.0,2874.0,2874.0,2874.0,0.0
411390,Mallet,PR,eligible_phase1_proxy,0.0,2874.0,2874.0,2874.0,0.0
411380,Lupionópolis,PR,eligible_phase1_proxy,0.0,2874.0,2874.0,2874.0,0.0
411375,Lunardelli,PR,eligible_phase1_proxy,0.0,2874.0,2874.0,2874.0,0.0
411373,Luiziana,PR,eligible_phase1_proxy,0.0,2874.0,2874.0,2874.0,0.0
411345,Lindoeste,PR,eligible_phase1_proxy,0.0,2874.0,2874.0,2874.0,0.0
411342,Lidianópolis,PR,eligible_phase1_proxy,0.0,2874.0,2874.0,2874.0,0.0
411340,Leópolis,PR,eligible_phase1_proxy,0.0,2874.0,2874.0,2874.0,0.0
521980,São Domingos,GO,eligible_phase1_proxy,0.0,2874.0,2874.0,2874.0,0.0
411325,Laranjal,PR,eligible_phase1_proxy,0.0,2874.0,2874.0,2874.0,0.0
172120,Tocantinópolis,TO,eligible_phase1_proxy,0.0,2874.0,2874.0,2874.0,0.0
172110,Tocantínia,TO,eligible_phase1_proxy,0.0,2874.0,2874.0,2874.0,0.0
172097,Talismã,TO,eligible_phase1_proxy,0.0,2874.0,2874.0,2874.0,0.0
411590,Mirador,PR,eligible_phase1_proxy,0.0,2874.0,2874.0,2874.0,0.0
411585,Mercedes,PR,eligible_phase1_proxy,0.0,2874.0,2874.0,2874.0,0.0
411575,Mauá da Serra,PR,eligible_phase1_proxy,0.0,2874.0,2874.0,2874.0,0.0
411573,Mato Rico,PR,eligible_phase1_proxy,0.0,2874.0,2874.0,2874.0,0.0
411560,Matelândia,PR,eligible_phase1_proxy,0.0,2874.0,2874.0,2874.0,0.0
411550,Marumbi,PR,eligible_phase1_proxy,0.0,2874.0,2874.0,2874.0,0.0
411545,Marquinho,PR,eligible_phase1_proxy,0.0,2874.0,2874.0,2874.0,0.0
411540,Marmeleiro,PR,eligible_phase1_proxy,0.0,2874.0,2874.0,2874.0,0.0
411535,Maripá,PR,eligible_phase1_proxy,0.0,2874.0,2874.0,2874.0,0.0
411530,Mariópolis,PR,eligible_phase1_proxy,0.0,2874.0,2874.0,2874.0,0.0
411510,Mariluz,PR,eligible_phase1_proxy,0.0,2874.0,2874.0,2874.0,0.0
411500,Marilena,PR,eligible_phase1_proxy,0.0,2874.0,2874.0,2874.0,0.0
411490,Marilândia do Sul,PR,eligible_phase1_proxy,0.0,2874.0,2874.0,2874.0,0.0
411705,Nova Laranjeiras,PR,eligible_phase1_proxy,0.0,2874.0,2874.0,2874.0,0.0
411695,Nova Esperança do Sudoeste,PR,eligible_phase1_proxy,0.0,2874.0,2874.0,2874.0,0.0
411680,Nova Cantu,PR,eligible_phase1_proxy,0.0,2874.0,2874.0,2874.0,0.0
411660,Nova América da Colina,PR,eligible_phase1_proxy,0.0,2874.0,2874.0,2874.0,0.0
411640,Nossa Senhora das Graças,PR,eligible_phase1_proxy,0.0,2874.0,2874.0,2874.0,0.0
411630,Munhoz de Melo,PR,eligible_phase1_proxy,0.0,2874.0,2874.0,2874.0,0.0
411620,Morretes,PR,eligible_phase1_proxy,0.0,2874.0,2874.0,2874.0,0.0
411610,Moreira Sales,PR,eligible_phase1_proxy,0.0,2874.0,2874.0,2874.0,0.0
411605,Missal,PR,eligible_phase1_proxy,0.0,2874.0,2874.0,2874.0,0.0
411600,Miraselva,PR,eligible_phase1_proxy,0.0,2874.0,2874.0,2874.0,0.0
210030,Aldeias Altas,MA,eligible_phase1_proxy,0.0,2874.0,2874.0,2874.0,0.0
210020,Alcântara,MA,eligible_phase1_proxy,0.0,2874.0,2874.0,2874.0,0.0
210015,Água Doce do Maranhão,MA,eligible_phase1_proxy,0.0,2874.0,2874.0,2874.0,0.0
210010,Afonso Cunha,MA,eligible_phase1_proxy,0.0,2874.0,2874.0,2874.0,0.0
210005,Açailândia,MA,eligible_phase1_proxy,0.0,2874.0,2874.0,2874.0,0.0
172210,Xambioá,TO,eligible_phase1_proxy,0.0,2874.0,2874.0,2874.0,0.0
411860,Paula Freitas,PR,eligible_phase1_proxy,0.0,2874.0,2874.0,2874.0,0.0
411845,Pato Bragado,PR,eligible_phase1_proxy,0.0,2874.0,2874.0,2874.0,0.0
411810,Paranacity,PR,eligible_phase1_proxy,0.0,2874.0,2874.0,2874.0,0.0
411800,Paraíso do Norte,PR,eligible_phase1_proxy,0.0,2874.0,2874.0,2874.0,0.0
411790,Palotina,PR,eligible_phase1_proxy,0.0,2874.0,2874.0,2874.0,0.0
411780,Palmital,PR,eligible_phase1_proxy,0.0,2874.0,2874.0,2874.0,0.0
411770,Palmeira,PR,eligible_phase1_proxy,0.0,2874.0,2874.0,2874.0,0.0
411740,Ourizona,PR,eligible_phase1_proxy,0.0,2874.0,2874.0,2874.0,0.0
411730,Ortigueira,PR,eligible_phase1_proxy,0.0,2874.0,2874.0,2874.0,0.0
411729,Novo Itacolomi,PR,eligible_phase1_proxy,0.0,2874.0,2874.0,2874.0,0.0
411727,Nova Tebas,PR,eligible_phase1_proxy,0.0,2874.0,2874.0,2874.0,0.0
411725,Nova Prata do Iguaçu,PR,eligible_phase1_proxy,0.0,2874.0,2874.0,2874.0,0.0
411722,Nova Santa Rosa,PR,eligible_phase1_proxy,0.0,2874.0,2874.0,2874.0,0.0
411721,Nova Santa Bárbara,PR,eligible_phase1_proxy,0.0,2874.0,2874.0,2874.0,0.0
411720,Nova Olímpia,PR,eligible_phase1_proxy,0.0,2874.0,2874.0,2874.0,0.0
411710,Nova Londrina,PR,eligible_phase1_proxy,0.0,2874.0,2874.0,2874.0,0.0
412035,Pranchita,PR,eligible_phase1_proxy,0.0,2874.0,2874.0,2874.0,0.0
220320,Curimatá,PI,eligible_phase1_proxy,0.0,2874.0,2874.0,2874.0,0.0
412020,Porto Rico,PR,eligible_phase1_proxy,0.0,2874.0,2874.0,2874.0,0.0
412000,Porecatu,PR,eligible_phase1_proxy,0.0,2874.0,2874.0,2874.0,0.0
411995,Pontal do Paraná,PR,eligible_phase1_proxy,0.0,2874.0,2874.0,2874.0,0.0
411980,Planalto,PR,eligible_phase1_proxy,0.0,2874.0,2874.0,2874.0,0.0
411965,Pitangueiras,PR,eligible_phase1_proxy,0.0,2874.0,2874.0,2874.0,0.0
411960,Pitanga,PR,eligible_phase1_proxy,0.0,2874.0,2874.0,2874.0,0.0
411940,Piraí do Sul,PR,eligible_phase1_proxy,0.0,2874.0,2874.0,2874.0,0.0
411930,Pinhão,PR,eligible_phase1_proxy,0.0,2874.0,2874.0,2874.0,0.0
411920,Pinhalão,PR,eligible_phase1_proxy,0.0,2874.0,2874.0,2874.0,0.0
411910,Piên,PR,eligible_phase1_proxy,0.0,2874.0,2874.0,2874.0,0.0
411900,Pérola d'Oeste,PR,eligible_phase1_proxy,0.0,2874.0,2874.0,2874.0,0.0
411885,Perobal,PR,eligible_phase1_proxy,0.0,2874.0,2874.0,2874.0,0.0
411880,Peabiru,PR,eligible_phase1_proxy,0.0,2874.0,2874.0,2874.0,0.0
411870,Paulo Frontin,PR,eligible_phase1_proxy,0.0,2874.0,2874.0,2874.0,0.0
412150,Rebouças,PR,eligible_phase1_proxy,0.0,2874.0,2874.0,2874.0,0.0
412140,Realeza,PR,eligible_phase1_proxy,0.0,2874.0,2874.0,2874.0,0.0
412135,Rancho Alegre D'Oeste,PR,eligible_phase1_proxy,0.0,2874.0,2874.0,2874.0,0.0
412130,Rancho Alegre,PR,eligible_phase1_proxy,0.0,2874.0,2874.0,2874.0,0.0
412125,RAMILANDIA,PR,eligible_phase1_proxy,0.0,2874.0,2874.0,2874.0,0.0
412120,QUITANDINHA,PR,eligible_phase1_proxy,0.0,2874.0,2874.0,2874.0,0.0
412110,Quinta do Sol,PR,eligible_phase1_proxy,0.0,2874.0,2874.0,2874.0,0.0
412100,Querência do Norte,PR,eligible_phase1_proxy,0.0,2874.0,2874.0,2874.0,0.0
412090,Quedas do Iguaçu,PR,eligible_phase1_proxy,0.0,2874.0,2874.0,2874.0,0.0
412085,Quatro Pontes,PR,eligible_phase1_proxy,0.0,2874.0,2874.0,2874.0,0.0
412080,Quatro Barras,PR,eligible_phase1_proxy,0.0,2874.0,2874.0,2874.0,0.0
412070,Quatiguá,PR,eligible_phase1_proxy,0.0,2874.0,2874.0,2874.0,0.0
412065,Quarto Centenário,PR,eligible_phase1_proxy,0.0,2874.0,2874.0,2874.0,0.0
412060,Prudentópolis,PR,eligible_phase1_proxy,0.0,2874.0,2874.0,2874.0,0.0
412050,Primeiro de Maio,PR,eligible_phase1_proxy,0.0,2874.0,2874.0,2874.0,0.0
412040,Presidente Castelo Branco,PR,eligible_phase1_proxy,0.0,2874.0,2874.0,2874.0,0.0
412290,Salto do Itararé,PR,eligible_phase1_proxy,0.0,2874.0,2874.0,2874.0,0.0
412280,Salgado Filho,PR,eligible_phase1_proxy,0.0,2874.0,2874.0,2874.0,0.0
412270,Sabáudia,PR,eligible_phase1_proxy,0.0,2874.0,2874.0,2874.0,0.0
412265,Rosário do Ivaí,PR,eligible_phase1_proxy,0.0,2874.0,2874.0,2874.0,0.0
412260,Rondon,PR,eligible_phase1_proxy,0.0,2874.0,2874.0,2874.0,0.0
412250,Roncador,PR,eligible_phase1_proxy,0.0,2874.0,2874.0,2874.0,0.0
412230,Rio Negro,PR,eligible_phase1_proxy,0.0,2874.0,2874.0,2874.0,0.0
412220,Rio Branco do Sul,PR,eligible_phase1_proxy,0.0,2874.0,2874.0,2874.0,0.0
412217,Rio Branco do Ivaí,PR,eligible_phase1_proxy,0.0,2874.0,2874.0,2874.0,0.0
412215,Rio Bonito do Iguaçu,PR,eligible_phase1_proxy,0.0,2874.0,2874.0,2874.0,0.0
412210,Rio Bom,PR,eligible_phase1_proxy,0.0,2874.0,2874.0,2874.0,0.0
412200,Rio Azul,PR,eligible_phase1_proxy,0.0,2874.0,2874.0,2874.0,0.0
412190,Ribeirão do Pinhal,PR,eligible_phase1_proxy,0.0,2874.0,2874.0,2874.0,0.0
412175,RESERVA DO IGUACU,PR,eligible_phase1_proxy,0.0,2874.0,2874.0,2874.0,0.0
412170,Reserva,PR,eligible_phase1_proxy,0.0,2874.0,2874.0,2874.0,0.0
412160,Renascença,PR,eligible_phase1_proxy,0.0,2874.0,2874.0,2874.0,0.0
412410,Santo Antônio da Platina,PR,eligible_phase1_proxy,0.0,2874.0,2874.0,2874.0,0.0
412405,Santa Terezinha de Itaipu,PR,eligible_phase1_proxy,0.0,2874.0,2874.0,2874.0,0.0
412402,Santa Tereza do Oeste,PR,eligible_phase1_proxy,0.0,2874.0,2874.0,2874.0,0.0
412400,Santana do Itararé,PR,eligible_phase1_proxy,0.0,2874.0,2874.0,2874.0,0.0
412395,Santa Mônica,PR,eligible_phase1_proxy,0.0,2874.0,2874.0,2874.0,0.0
412390,SANTA MARIANA,PR,eligible_phase1_proxy,0.0,2874.0,2874.0,2874.0,0.0
412385,Santa Maria do Oeste,PR,eligible_phase1_proxy,0.0,2874.0,2874.0,2874.0,0.0
412382,Santa Lúcia,PR,eligible_phase1_proxy,0.0,2874.0,2874.0,2874.0,0.0
412380,Santa Izabel do Oeste,PR,eligible_phase1_proxy,0.0,2874.0,2874.0,2874.0,0.0
412370,Santa Isabel do Ivaí,PR,eligible_phase1_proxy,0.0,2874.0,2874.0,2874.0,0.0
412350,Santa Helena,PR,eligible_phase1_proxy,0.0,2874.0,2874.0,2874.0,0.0
412340,Santa Fé,PR,eligible_phase1_proxy,0.0,2874.0,2874.0,2874.0,0.0
412330,Santa Cruz de Monte Castelo,PR,eligible_phase1_proxy,0.0,2874.0,2874.0,2874.0,0.0
412320,Santa Cecília do Pavão,PR,eligible_phase1_proxy,0.0,2874.0,2874.0,2874.0,0.0
412310,Santa Amélia,PR,eligible_phase1_proxy,0.0,2874.0,2874.0,2874.0,0.0
412300,Salto do Lontra,PR,eligible_phase1_proxy,0.0,2874.0,2874.0,2874.0,0.0
130185,Iranduba,AM,eligible_phase1_proxy,0.0,2874.0,2874.0,2874.0,0.0
412555,São Manoel do Paraná,PR,eligible_phase1_proxy,0.0,2874.0,2874.0,2874.0,0.0
412540,São José da Boa Vista,PR,eligible_phase1_proxy,0.0,2874.0,2874.0,2874.0,0.0
412535,São Jorge do Patrocínio,PR,eligible_phase1_proxy,0.0,2874.0,2874.0,2874.0,0.0
412530,São Jorge do Ivaí,PR,eligible_phase1_proxy,0.0,2874.0,2874.0,2874.0,0.0
412520,São Jorge d'Oeste,PR,eligible_phase1_proxy,0.0,2874.0,2874.0,2874.0,0.0
412510,São João do Triunfo,PR,eligible_phase1_proxy,0.0,2874.0,2874.0,2874.0,0.0
412500,São João do Ivaí,PR,eligible_phase1_proxy,0.0,2874.0,2874.0,2874.0,0.0
412490,São João do Caiuá,PR,eligible_phase1_proxy,0.0,2874.0,2874.0,2874.0,0.0
412480,São João,PR,eligible_phase1_proxy,0.0,2874.0,2874.0,2874.0,0.0
412470,São Jerônimo da Serra,PR,eligible_phase1_proxy,0.0,2874.0,2874.0,2874.0,0.0
412460,São Carlos do Ivaí,PR,eligible_phase1_proxy,0.0,2874.0,2874.0,2874.0,0.0
412450,Santo Inácio,PR,eligible_phase1_proxy,0.0,2874.0,2874.0,2874.0,0.0
412440,Santo Antônio do Sudoeste,PR,eligible_phase1_proxy,0.0,2874.0,2874.0,2874.0,0.0
412430,Santo Antônio do Paraíso,PR,eligible_phase1_proxy,0.0,2874.0,2874.0,2874.0,0.0
412420,Santo Antônio do Caiuá,PR,eligible_phase1_proxy,0.0,2874.0,2874.0,2874.0,0.0
412640,Sertaneja,PR,eligible_phase1_proxy,0.0,2874.0,2874.0,2874.0,0.0
412635,Serranópolis do Iguaçu,PR,eligible_phase1_proxy,0.0,2874.0,2874.0,2874.0,0.0
412630,Sengés,PR,eligible_phase1_proxy,0.0,2874.0,2874.0,2874.0,0.0
412620,Sapopema,PR,eligible_phase1_proxy,0.0,2874.0,2874.0,2874.0,0.0
412610,São Tomé,PR,eligible_phase1_proxy,0.0,2874.0,2874.0,2874.0,0.0
412600,São Sebastião da Amoreira,PR,eligible_phase1_proxy,0.0,2874.0,2874.0,2874.0,0.0
412580,São Pedro do Ivaí,PR,eligible_phase1_proxy,0.0,2874.0,2874.0,2874.0,0.0
412575,São Pedro do Iguaçu,PR,eligible_phase1_proxy,0.0,2874.0,2874.0,2874.0,0.0
412570,São Miguel do Iguaçu,PR,eligible_phase1_proxy,0.0,2874.0,2874.0,2874.0,0.0
412560,São Mateus do Sul,PR,eligible_phase1_proxy,0.0,2874.0,2874.0,2874.0,0.0
130290,Maués,AM,eligible_phase1_proxy,0.0,2874.0,2874.0,2874.0,0.0
130270,Manicoré,AM,eligible_phase1_proxy,0.0,2874.0,2874.0,2874.0,0.0
220327,Curral Novo do Piauí,PI,eligible_phase1_proxy,0.0,2874.0,2874.0,2874.0,0.0
130240,Lábrea,AM,eligible_phase1_proxy,0.0,2874.0,2874.0,2874.0,0.0
130230,Jutaí,AM,eligible_phase1_proxy,0.0,2874.0,2874.0,2874.0,0.0
130220,Juruá,AM,eligible_phase1_proxy,0.0,2874.0,2874.0,2874.0,0.0
412785,Três Barras do Paraná,PR,eligible_phase1_proxy,0.0,2874.0,2874.0,2874.0,0.0
412780,Tomazina,PR,eligible_phase1_proxy,0.0,2874.0,2874.0,2874.0,0.0
412770,Toledo,PR,eligible_phase1_proxy,0.0,2874.0,2874.0,2874.0,0.0
412760,TIJUCAS DO SUL,PR,eligible_phase1_proxy,0.0,2874.0,2874.0,2874.0,0.0
412750,Tibagi,PR,eligible_phase1_proxy,0.0,2874.0,2874.0,2874.0,0.0
412740,Terra Roxa,PR,eligible_phase1_proxy,0.0,2874.0,2874.0,2874.0,0.0
412730,Terra Rica,PR,eligible_phase1_proxy,0.0,2874.0,2874.0,2874.0,0.0
412720,Terra Boa,PR,eligible_phase1_proxy,0.0,2874.0,2874.0,2874.0,0.0
412700,Teixeira Soares,PR,eligible_phase1_proxy,0.0,2874.0,2874.0,2874.0,0.0
412690,Tapira,PR,eligible_phase1_proxy,0.0,2874.0,2874.0,2874.0,0.0
412680,Tapejara,PR,eligible_phase1_proxy,0.0,2874.0,2874.0,2874.0,0.0
412670,Tamboara,PR,eligible_phase1_proxy,0.0,2874.0,2874.0,2874.0,0.0
412667,Tamarana,PR,eligible_phase1_proxy,0.0,2874.0,2874.0,2874.0,0.0
412665,Sulina,PR,eligible_phase1_proxy,0.0,2874.0,2874.0,2874.0,0.0
412660,Siqueira Campos,PR,eligible_phase1_proxy,0.0,2874.0,2874.0,2874.0,0.0
412650,Sertanópolis,PR,eligible_phase1_proxy,0.0,2874.0,2874.0,2874.0,0.0
420005,Abdon Batista,SC,eligible_phase1_proxy,0.0,2874.0,2874.0,2874.0,0.0
412880,Xambrê,PR,eligible_phase1_proxy,0.0,2874.0,2874.0,2874.0,0.0
412870,Vitorino,PR,eligible_phase1_proxy,0.0,2874.0,2874.0,2874.0,0.0
412865,Virmond,PR,eligible_phase1_proxy,0.0,2874.0,2874.0,2874.0,0.0
412863,Doutor Ulysses,PR,eligible_phase1_proxy,0.0,2874.0,2874.0,2874.0,0.0
412862,Alto Paraíso,PR,eligible_phase1_proxy,0.0,2874.0,2874.0,2874.0,0.0
412860,Verê,PR,eligible_phase1_proxy,0.0,2874.0,2874.0,2874.0,0.0
412855,Vera Cruz do Oeste,PR,eligible_phase1_proxy,0.0,2874.0,2874.0,2874.0,0.0
412853,Ventania,PR,eligible_phase1_proxy,0.0,2874.0,2874.0,2874.0,0.0
412850,Wenceslau Braz,PR,eligible_phase1_proxy,0.0,2874.0,2874.0,2874.0,0.0
412840,Uraí,PR,eligible_phase1_proxy,0.0,2874.0,2874.0,2874.0,0.0
412830,Uniflor,PR,eligible_phase1_proxy,0.0,2874.0,2874.0,2874.0,0.0
412800,Ubiratã,PR,eligible_phase1_proxy,0.0,2874.0,2874.0,2874.0,0.0
412796,Turvo,PR,eligible_phase1_proxy,0.0,2874.0,2874.0,2874.0,0.0
412790,Tuneiras do Oeste,PR,eligible_phase1_proxy,0.0,2874.0,2874.0,2874.0,0.0
412788,Tunas do Paraná,PR,eligible_phase1_proxy,0.0,2874.0,2874.0,2874.0,0.0
420130,Araquari,SC,eligible_phase1_proxy,0.0,2874.0,2874.0,2874.0,0.0
420127,Arabutã,SC,eligible_phase1_proxy,0.0,2874.0,2874.0,2874.0,0.0
420125,Apiúna,SC,eligible_phase1_proxy,0.0,2874.0,2874.0,2874.0,0.0
420120,Antônio Carlos,SC,eligible_phase1_proxy,0.0,2874.0,2874.0,2874.0,0.0
420110,Anitápolis,SC,eligible_phase1_proxy,0.0,2874.0,2874.0,2874.0,0.0
420100,Anita Garibaldi,SC,eligible_phase1_proxy,0.0,2874.0,2874.0,2874.0,0.0
420090,Angelina,SC,eligible_phase1_proxy,0.0,2874.0,2874.0,2874.0,0.0
420080,Anchieta,SC,eligible_phase1_proxy,0.0,2874.0,2874.0,2874.0,0.0
420075,Alto Bela Vista,SC,eligible_phase1_proxy,0.0,2874.0,2874.0,2874.0,0.0
420060,Águas Mornas,SC,eligible_phase1_proxy,0.0,2874.0,2874.0,2874.0,0.0
420055,Águas Frias,SC,eligible_phase1_proxy,0.0,2874.0,2874.0,2874.0,0.0
420050,Águas de Chapecó,SC,eligible_phase1_proxy,0.0,2874.0,2874.0,2874.0,0.0
420040,Água Doce,SC,eligible_phase1_proxy,0.0,2874.0,2874.0,2874.0,0.0
420030,Agronômica,SC,eligible_phase1_proxy,0.0,2874.0,2874.0,2874.0,0.0
420020,Agrolândia,SC,eligible_phase1_proxy,0.0,2874.0,2874.0,2874.0,0.0
420010,Abelardo Luz,SC,eligible_phase1_proxy,0.0,2874.0,2874.0,2874.0,0.0
420245,Bombinhas,SC,eligible_phase1_proxy,0.0,2874.0,2874.0,2874.0,0.0
420243,Bocaina do Sul,SC,eligible_phase1_proxy,0.0,2874.0,2874.0,2874.0,0.0
420240,Blumenau,SC,eligible_phase1_proxy,0.0,2874.0,2874.0,2874.0,0.0
420230,Biguaçu,SC,eligible_phase1_proxy,0.0,2874.0,2874.0,2874.0,0.0
420220,Benedito Novo,SC,eligible_phase1_proxy,0.0,2874.0,2874.0,2874.0,0.0
420215,Belmonte,SC,eligible_phase1_proxy,0.0,2874.0,2874.0,2874.0,0.0
420213,Bela Vista do Toldo,SC,eligible_phase1_proxy,0.0,2874.0,2874.0,2874.0,0.0
420209,Barra Bonita,SC,eligible_phase1_proxy,0.0,2874.0,2874.0,2874.0,0.0
420207,Balneário Gaivota,SC,eligible_phase1_proxy,0.0,2874.0,2874.0,2874.0,0.0
420205,Balneário Barra do Sul,SC,eligible_phase1_proxy,0.0,2874.0,2874.0,2874.0,0.0
420195,Balneário Arroio do Silva,SC,eligible_phase1_proxy,0.0,2874.0,2874.0,2874.0,0.0
420190,Aurora,SC,eligible_phase1_proxy,0.0,2874.0,2874.0,2874.0,0.0
420180,Atalanta,SC,eligible_phase1_proxy,0.0,2874.0,2874.0,2874.0,0.0
420170,Ascurra,SC,eligible_phase1_proxy,0.0,2874.0,2874.0,2874.0,0.0
420160,Arroio Trinta,SC,eligible_phase1_proxy,0.0,2874.0,2874.0,2874.0,0.0
420150,Armazém,SC,eligible_phase1_proxy,0.0,2874.0,2874.0,2874.0,0.0
420360,Campos Novos,SC,eligible_phase1_proxy,0.0,2874.0,2874.0,2874.0,0.0
420350,Campo Erê,SC,eligible_phase1_proxy,0.0,2874.0,2874.0,2874.0,0.0
420340,Campo Belo do Sul,SC,eligible_phase1_proxy,0.0,2874.0,2874.0,2874.0,0.0
420330,Campo Alegre,SC,eligible_phase1_proxy,0.0,2874.0,2874.0,2874.0,0.0
420325,Capão Alto,SC,eligible_phase1_proxy,0.0,2874.0,2874.0,2874.0,0.0
420315,Calmon,SC,eligible_phase1_proxy,0.0,2874.0,2874.0,2874.0,0.0
420310,Caibi,SC,eligible_phase1_proxy,0.0,2874.0,2874.0,2874.0,0.0
420300,Caçador,SC,eligible_phase1_proxy,0.0,2874.0,2874.0,2874.0,0.0
420290,Brusque,SC,eligible_phase1_proxy,0.0,2874.0,2874.0,2874.0,0.0
420287,Brunópolis,SC,eligible_phase1_proxy,0.0,2874.0,2874.0,2874.0,0.0
420285,Braço do Trombudo,SC,eligible_phase1_proxy,0.0,2874.0,2874.0,2874.0,0.0
420280,Braço do Norte,SC,eligible_phase1_proxy,0.0,2874.0,2874.0,2874.0,0.0
420270,Botuverá,SC,eligible_phase1_proxy,0.0,2874.0,2874.0,2874.0,0.0
420260,Bom Retiro,SC,eligible_phase1_proxy,0.0,2874.0,2874.0,2874.0,0.0
420257,Bom Jesus do Oeste,SC,eligible_phase1_proxy,0.0,2874.0,2874.0,2874.0,0.0
420250,Bom Jardim da Serra,SC,eligible_phase1_proxy,0.0,2874.0,2874.0,2874.0,0.0
420445,Coronel Martins,SC,eligible_phase1_proxy,0.0,2874.0,2874.0,2874.0,0.0
420430,Concórdia,SC,eligible_phase1_proxy,0.0,2874.0,2874.0,2874.0,0.0
420425,Cocal do Sul,SC,eligible_phase1_proxy,0.0,2874.0,2874.0,2874.0,0.0
420417,Cerro Negro,SC,eligible_phase1_proxy,0.0,2874.0,2874.0,2874.0,0.0
420415,Celso Ramos,SC,eligible_phase1_proxy,0.0,2874.0,2874.0,2874.0,0.0
420410,Caxambu do Sul,SC,eligible_phase1_proxy,0.0,2874.0,2874.0,2874.0,0.0
420400,Catanduvas,SC,eligible_phase1_proxy,0.0,2874.0,2874.0,2874.0,0.0
420395,Capivari de Baixo,SC,eligible_phase1_proxy,0.0,2874.0,2874.0,2874.0,0.0
172090,Taguatinga,TO,eligible_phase1_proxy,0.0,2874.0,2874.0,2874.0,0.0
172080,Sítio Novo do Tocantins,TO,eligible_phase1_proxy,0.0,2874.0,2874.0,2874.0,0.0
172065,Silvanópolis,TO,eligible_phase1_proxy,0.0,2874.0,2874.0,2874.0,0.0
172049,São Valério,TO,eligible_phase1_proxy,0.0,2874.0,2874.0,2874.0,0.0
172015,São Félix do Tocantins,TO,eligible_phase1_proxy,0.0,2874.0,2874.0,2874.0,0.0
171900,Santa Tereza do Tocantins,TO,eligible_phase1_proxy,0.0,2874.0,2874.0,2874.0,0.0
420380,Canoinhas,SC,eligible_phase1_proxy,0.0,2874.0,2874.0,2874.0,0.0
420370,Canelinha,SC,eligible_phase1_proxy,0.0,2874.0,2874.0,2874.0,0.0
420560,Galvão,SC,eligible_phase1_proxy,0.0,2874.0,2874.0,2874.0,0.0
420550,Fraiburgo,SC,eligible_phase1_proxy,0.0,2874.0,2874.0,2874.0,0.0
420545,Forquilhinha,SC,eligible_phase1_proxy,0.0,2874.0,2874.0,2874.0,0.0
420543,Formosa do Sul,SC,eligible_phase1_proxy,0.0,2874.0,2874.0,2874.0,0.0
420540,Florianópolis,SC,eligible_phase1_proxy,0.0,2874.0,2874.0,2874.0,0.0
420530,Faxinal dos Guedes,SC,eligible_phase1_proxy,0.0,2874.0,2874.0,2874.0,0.0
420520,Erval Velho,SC,eligible_phase1_proxy,0.0,2874.0,2874.0,2874.0,0.0
420519,Ermo,SC,eligible_phase1_proxy,0.0,2874.0,2874.0,2874.0,0.0
420517,Entre Rios,SC,eligible_phase1_proxy,0.0,2874.0,2874.0,2874.0,0.0
420515,Doutor Pedrinho,SC,eligible_phase1_proxy,0.0,2874.0,2874.0,2874.0,0.0
420500,Dionísio Cerqueira,SC,eligible_phase1_proxy,0.0,2874.0,2874.0,2874.0,0.0
420490,Descanso,SC,eligible_phase1_proxy,0.0,2874.0,2874.0,2874.0,0.0
420475,Cunhataí,SC,eligible_phase1_proxy,0.0,2874.0,2874.0,2874.0,0.0
420470,Cunha Porã,SC,eligible_phase1_proxy,0.0,2874.0,2874.0,2874.0,0.0
420455,Correia Pinto,SC,eligible_phase1_proxy,0.0,2874.0,2874.0,2874.0,0.0
420450,Corupá,SC,eligible_phase1_proxy,0.0,2874.0,2874.0,2874.0,0.0
420710,Ilhota,SC,eligible_phase1_proxy,0.0,2874.0,2874.0,2874.0,0.0
420700,Içara,SC,eligible_phase1_proxy,0.0,2874.0,2874.0,2874.0,0.0
420690,Ibirama,SC,eligible_phase1_proxy,0.0,2874.0,2874.0,2874.0,0.0
420680,Ibicaré,SC,eligible_phase1_proxy,0.0,2874.0,2874.0,2874.0,0.0
420675,Ibiam,SC,eligible_phase1_proxy,0.0,2874.0,2874.0,2874.0,0.0
420670,Herval d'Oeste,SC,eligible_phase1_proxy,0.0,2874.0,2874.0,2874.0,0.0
420660,Guarujá do Sul,SC,eligible_phase1_proxy,0.0,2874.0,2874.0,2874.0,0.0
420650,Guaramirim,SC,eligible_phase1_proxy,0.0,2874.0,2874.0,2874.0,0.0
420640,Guaraciaba,SC,eligible_phase1_proxy,0.0,2874.0,2874.0,2874.0,0.0
420630,Guabiruba,SC,eligible_phase1_proxy,0.0,2874.0,2874.0,2874.0,0.0
420620,Gravatal,SC,eligible_phase1_proxy,0.0,2874.0,2874.0,2874.0,0.0
420610,Grão-Pará,SC,eligible_phase1_proxy,0.0,2874.0,2874.0,2874.0,0.0
420600,Governador Celso Ramos,SC,eligible_phase1_proxy,0.0,2874.0,2874.0,2874.0,0.0
420590,Gaspar,SC,eligible_phase1_proxy,0.0,2874.0,2874.0,2874.0,0.0
420580,Garuva,SC,eligible_phase1_proxy,0.0,2874.0,2874.0,2874.0,0.0
420570,Garopaba,SC,eligible_phase1_proxy,0.0,2874.0,2874.0,2874.0,0.0
420840,Itapiranga,SC,eligible_phase1_proxy,0.0,2874.0,2874.0,2874.0,0.0
420830,Itapema,SC,eligible_phase1_proxy,0.0,2874.0,2874.0,2874.0,0.0
420810,Itaiópolis,SC,eligible_phase1_proxy,0.0,2874.0,2874.0,2874.0,0.0
420800,Itá,SC,eligible_phase1_proxy,0.0,2874.0,2874.0,2874.0,0.0
420790,Irineópolis,SC,eligible_phase1_proxy,0.0,2874.0,2874.0,2874.0,0.0
420785,Irati,SC,eligible_phase1_proxy,0.0,2874.0,2874.0,2874.0,0.0
420780,Irani,SC,eligible_phase1_proxy,0.0,2874.0,2874.0,2874.0,0.0
420775,Iraceminha,SC,eligible_phase1_proxy,0.0,2874.0,2874.0,2874.0,0.0
420770,Ipumirim,SC,eligible_phase1_proxy,0.0,2874.0,2874.0,2874.0,0.0
420765,Iporã do Oeste,SC,eligible_phase1_proxy,0.0,2874.0,2874.0,2874.0,0.0
420760,Ipira,SC,eligible_phase1_proxy,0.0,2874.0,2874.0,2874.0,0.0
420757,Iomerê,SC,eligible_phase1_proxy,0.0,2874.0,2874.0,2874.0,0.0
420750,Indaial,SC,eligible_phase1_proxy,0.0,2874.0,2874.0,2874.0,0.0
420740,Imbuia,SC,eligible_phase1_proxy,0.0,2874.0,2874.0,2874.0,0.0
420730,Imbituba,SC,eligible_phase1_proxy,0.0,2874.0,2874.0,2874.0,0.0
420720,Imaruí,SC,eligible_phase1_proxy,0.0,2874.0,2874.0,2874.0,0.0
420990,Lontras,SC,eligible_phase1_proxy,0.0,2874.0,2874.0,2874.0,0.0
420985,Lindóia do Sul,SC,eligible_phase1_proxy,0.0,2874.0,2874.0,2874.0,0.0
420980,Leoberto Leal,SC,eligible_phase1_proxy,0.0,2874.0,2874.0,2874.0,0.0
420970,Lebon Régis,SC,eligible_phase1_proxy,0.0,2874.0,2874.0,2874.0,0.0
420960,Lauro Müller,SC,eligible_phase1_proxy,0.0,2874.0,2874.0,2874.0,0.0
420950,Laurentino,SC,eligible_phase1_proxy,0.0,2874.0,2874.0,2874.0,0.0
420940,Laguna,SC,eligible_phase1_proxy,0.0,2874.0,2874.0,2874.0,0.0
420930,Lages,SC,eligible_phase1_proxy,0.0,2874.0,2874.0,2874.0,0.0
420917,Jupiá,SC,eligible_phase1_proxy,0.0,2874.0,2874.0,2874.0,0.0
420915,José Boiteux,SC,eligible_phase1_proxy,0.0,2874.0,2874.0,2874.0,0.0
420900,Joaçaba,SC,eligible_phase1_proxy,0.0,2874.0,2874.0,2874.0,0.0
420895,Jardinópolis,SC,eligible_phase1_proxy,0.0,2874.0,2874.0,2874.0,0.0
420880,Jaguaruna,SC,eligible_phase1_proxy,0.0,2874.0,2874.0,2874.0,0.0
420870,Jacinto Machado,SC,eligible_phase1_proxy,0.0,2874.0,2874.0,2874.0,0.0
420860,Jaborá,SC,eligible_phase1_proxy,0.0,2874.0,2874.0,2874.0,0.0
420845,Itapoá,SC,eligible_phase1_proxy,0.0,2874.0,2874.0,2874.0,0.0
421105,Monte Carlo,SC,eligible_phase1_proxy,0.0,2874.0,2874.0,2874.0,0.0
421100,Mondaí,SC,eligible_phase1_proxy,0.0,2874.0,2874.0,2874.0,0.0
421090,Modelo,SC,eligible_phase1_proxy,0.0,2874.0,2874.0,2874.0,0.0
421085,Mirim Doce,SC,eligible_phase1_proxy,0.0,2874.0,2874.0,2874.0,0.0
421080,Meleiro,SC,eligible_phase1_proxy,0.0,2874.0,2874.0,2874.0,0.0
421070,Matos Costa,SC,eligible_phase1_proxy,0.0,2874.0,2874.0,2874.0,0.0
421060,Massaranduba,SC,eligible_phase1_proxy,0.0,2874.0,2874.0,2874.0,0.0
421055,Marema,SC,eligible_phase1_proxy,0.0,2874.0,2874.0,2874.0,0.0
421050,Maravilha,SC,eligible_phase1_proxy,0.0,2874.0,2874.0,2874.0,0.0
421040,Maracajá,SC,eligible_phase1_proxy,0.0,2874.0,2874.0,2874.0,0.0
421030,Major Vieira,SC,eligible_phase1_proxy,0.0,2874.0,2874.0,2874.0,0.0
421020,Major Gercino,SC,eligible_phase1_proxy,0.0,2874.0,2874.0,2874.0,0.0
421010,Mafra,SC,eligible_phase1_proxy,0.0,2874.0,2874.0,2874.0,0.0
421005,Macieira,SC,eligible_phase1_proxy,0.0,2874.0,2874.0,2874.0,0.0
421003,Luzerna,SC,eligible_phase1_proxy,0.0,2874.0,2874.0,2874.0,0.0
421000,Luiz Alves,SC,eligible_phase1_proxy,0.0,2874.0,2874.0,2874.0,0.0
421205,Palmeira,SC,eligible_phase1_proxy,0.0,2874.0,2874.0,2874.0,0.0
421200,Palma Sola,SC,eligible_phase1_proxy,0.0,2874.0,2874.0,2874.0,0.0
421189,Painel,SC,eligible_phase1_proxy,0.0,2874.0,2874.0,2874.0,0.0
421187,Paial,SC,eligible_phase1_proxy,0.0,2874.0,2874.0,2874.0,0.0
421185,Ouro Verde,SC,eligible_phase1_proxy,0.0,2874.0,2874.0,2874.0,0.0
421180,Ouro,SC,eligible_phase1_proxy,0.0,2874.0,2874.0,2874.0,0.0
421175,Otacílio Costa,SC,eligible_phase1_proxy,0.0,2874.0,2874.0,2874.0,0.0
421170,Orleans,SC,eligible_phase1_proxy,0.0,2874.0,2874.0,2874.0,0.0
421165,Novo Horizonte,SC,eligible_phase1_proxy,0.0,2874.0,2874.0,2874.0,0.0
421160,Nova Veneza,SC,eligible_phase1_proxy,0.0,2874.0,2874.0,2874.0,0.0
421150,Nova Trento,SC,eligible_phase1_proxy,0.0,2874.0,2874.0,2874.0,0.0
421145,Nova Itaberaba,SC,eligible_phase1_proxy,0.0,2874.0,2874.0,2874.0,0.0
421140,Nova Erechim,SC,eligible_phase1_proxy,0.0,2874.0,2874.0,2874.0,0.0
421130,Navegantes,SC,eligible_phase1_proxy,0.0,2874.0,2874.0,2874.0,0.0
421120,Morro da Fumaça,SC,eligible_phase1_proxy,0.0,2874.0,2874.0,2874.0,0.0
421110,Monte Castelo,SC,eligible_phase1_proxy,0.0,2874.0,2874.0,2874.0,0.0
421315,Planalto Alegre,SC,eligible_phase1_proxy,0.0,2874.0,2874.0,2874.0,0.0
421310,Piratuba,SC,eligible_phase1_proxy,0.0,2874.0,2874.0,2874.0,0.0
421300,Pinheiro Preto,SC,eligible_phase1_proxy,0.0,2874.0,2874.0,2874.0,0.0
421290,Pinhalzinho,SC,eligible_phase1_proxy,0.0,2874.0,2874.0,2874.0,0.0
421280,Balneário Piçarras,SC,eligible_phase1_proxy,0.0,2874.0,2874.0,2874.0,0.0
421270,Petrolândia,SC,eligible_phase1_proxy,0.0,2874.0,2874.0,2874.0,0.0
421265,Pescaria Brava,SC,eligible_phase1_proxy,0.0,2874.0,2874.0,2874.0,0.0
421260,Peritiba,SC,eligible_phase1_proxy,0.0,2874.0,2874.0,2874.0,0.0
421250,Penha,SC,eligible_phase1_proxy,0.0,2874.0,2874.0,2874.0,0.0
421240,Pedras Grandes,SC,eligible_phase1_proxy,0.0,2874.0,2874.0,2874.0,0.0
421230,Paulo Lopes,SC,eligible_phase1_proxy,0.0,2874.0,2874.0,2874.0,0.0
421227,Passos Maia,SC,eligible_phase1_proxy,0.0,2874.0,2874.0,2874.0,0.0
421225,Passo de Torres,SC,eligible_phase1_proxy,0.0,2874.0,2874.0,2874.0,0.0
421223,Paraíso,SC,eligible_phase1_proxy,0.0,2874.0,2874.0,2874.0,0.0
421220,Papanduva,SC,eligible_phase1_proxy,0.0,2874.0,2874.0,2874.0,0.0
421210,Palmitos,SC,eligible_phase1_proxy,0.0,2874.0,2874.0,2874.0,0.0
421460,Rio do Oeste,SC,eligible_phase1_proxy,0.0,2874.0,2874.0,2874.0,0.0
421450,Rio do Campo,SC,eligible_phase1_proxy,0.0,2874.0,2874.0,2874.0,0.0
421440,Rio das Antas,SC,eligible_phase1_proxy,0.0,2874.0,2874.0,2874.0,0.0
421430,Rancho Queimado,SC,eligible_phase1_proxy,0.0,2874.0,2874.0,2874.0,0.0
421420,Quilombo,SC,eligible_phase1_proxy,0.0,2874.0,2874.0,2874.0,0.0
421415,Princesa,SC,eligible_phase1_proxy,0.0,2874.0,2874.0,2874.0,0.0
421410,Presidente Nereu,SC,eligible_phase1_proxy,0.0,2874.0,2874.0,2874.0,0.0
421400,Presidente Getúlio,SC,eligible_phase1_proxy,0.0,2874.0,2874.0,2874.0,0.0
421390,Presidente Castello Branco,SC,eligible_phase1_proxy,0.0,2874.0,2874.0,2874.0,0.0
421380,Praia Grande,SC,eligible_phase1_proxy,0.0,2874.0,2874.0,2874.0,0.0
421370,Pouso Redondo,SC,eligible_phase1_proxy,0.0,2874.0,2874.0,2874.0,0.0
421360,Porto União,SC,eligible_phase1_proxy,0.0,2874.0,2874.0,2874.0,0.0
421350,Porto Belo,SC,eligible_phase1_proxy,0.0,2874.0,2874.0,2874.0,0.0
421340,Ponte Serrada,SC,eligible_phase1_proxy,0.0,2874.0,2874.0,2874.0,0.0
421330,Ponte Alta,SC,eligible_phase1_proxy,0.0,2874.0,2874.0,2874.0,0.0
421320,Pomerode,SC,eligible_phase1_proxy,0.0,2874.0,2874.0,2874.0,0.0
421575,São Bernardino,SC,eligible_phase1_proxy,0.0,2874.0,2874.0,2874.0,0.0
421570,Santo Amaro da Imperatriz,SC,eligible_phase1_proxy,0.0,2874.0,2874.0,2874.0,0.0
421568,Santa Terezinha do Progresso,SC,eligible_phase1_proxy,0.0,2874.0,2874.0,2874.0,0.0
421567,Santa Terezinha,SC,eligible_phase1_proxy,0.0,2874.0,2874.0,2874.0,0.0
421565,Santa Rosa do Sul,SC,eligible_phase1_proxy,0.0,2874.0,2874.0,2874.0,0.0
421560,Santa Rosa de Lima,SC,eligible_phase1_proxy,0.0,2874.0,2874.0,2874.0,0.0
421555,Santa Helena,SC,eligible_phase1_proxy,0.0,2874.0,2874.0,2874.0,0.0
421545,Sangão,SC,eligible_phase1_proxy,0.0,2874.0,2874.0,2874.0,0.0
421540,Salto Veloso,SC,eligible_phase1_proxy,0.0,2874.0,2874.0,2874.0,0.0
421530,Salete,SC,eligible_phase1_proxy,0.0,2874.0,2874.0,2874.0,0.0
421520,Romelândia,SC,eligible_phase1_proxy,0.0,2874.0,2874.0,2874.0,0.0
421510,Rodeio,SC,eligible_phase1_proxy,0.0,2874.0,2874.0,2874.0,0.0
421507,Riqueza,SC,eligible_phase1_proxy,0.0,2874.0,2874.0,2874.0,0.0
421505,Rio Rufino,SC,eligible_phase1_proxy,0.0,2874.0,2874.0,2874.0,0.0
421490,Rio Fortuna,SC,eligible_phase1_proxy,0.0,2874.0,2874.0,2874.0,0.0
421470,Rio dos Cedros,SC,eligible_phase1_proxy,0.0,2874.0,2874.0,2874.0,0.0
421725,São Pedro de Alcântara,SC,eligible_phase1_proxy,0.0,2874.0,2874.0,2874.0,0.0
421720,São Miguel do Oeste,SC,eligible_phase1_proxy,0.0,2874.0,2874.0,2874.0,0.0
220330,Demerval Lobão,PI,eligible_phase1_proxy,0.0,2874.0,2874.0,2874.0,0.0
421700,São Ludgero,SC,eligible_phase1_proxy,0.0,2874.0,2874.0,2874.0,0.0
421690,São Lourenço do Oeste,SC,eligible_phase1_proxy,0.0,2874.0,2874.0,2874.0,0.0
421680,São José do Cerrito,SC,eligible_phase1_proxy,0.0,2874.0,2874.0,2874.0,0.0
421670,São José do Cedro,SC,eligible_phase1_proxy,0.0,2874.0,2874.0,2874.0,0.0
421650,São Joaquim,SC,eligible_phase1_proxy,0.0,2874.0,2874.0,2874.0,0.0
421640,São João do Sul,SC,eligible_phase1_proxy,0.0,2874.0,2874.0,2874.0,0.0
421635,São João do Itaperiú,SC,eligible_phase1_proxy,0.0,2874.0,2874.0,2874.0,0.0
421630,São João Batista,SC,eligible_phase1_proxy,0.0,2874.0,2874.0,2874.0,0.0
421625,São João do Oeste,SC,eligible_phase1_proxy,0.0,2874.0,2874.0,2874.0,0.0
421610,São Domingos,SC,eligible_phase1_proxy,0.0,2874.0,2874.0,2874.0,0.0
421605,São Cristóvão do Sul,SC,eligible_phase1_proxy,0.0,2874.0,2874.0,2874.0,0.0
421600,São Carlos,SC,eligible_phase1_proxy,0.0,2874.0,2874.0,2874.0,0.0
421590,São Bonifácio,SC,eligible_phase1_proxy,0.0,2874.0,2874.0,2874.0,0.0
421835,Treviso,SC,eligible_phase1_proxy,0.0,2874.0,2874.0,2874.0,0.0
421830,Três Barras,SC,eligible_phase1_proxy,0.0,2874.0,2874.0,2874.0,0.0
421825,Timbó Grande,SC,eligible_phase1_proxy,0.0,2874.0,2874.0,2874.0,0.0
421820,Timbó,SC,eligible_phase1_proxy,0.0,2874.0,2874.0,2874.0,0.0
421810,Timbé do Sul,SC,eligible_phase1_proxy,0.0,2874.0,2874.0,2874.0,0.0
421800,Tijucas,SC,eligible_phase1_proxy,0.0,2874.0,2874.0,2874.0,0.0
421795,Tigrinhos,SC,eligible_phase1_proxy,0.0,2874.0,2874.0,2874.0,0.0
421790,Tangará,SC,eligible_phase1_proxy,0.0,2874.0,2874.0,2874.0,0.0
421780,Taió,SC,eligible_phase1_proxy,0.0,2874.0,2874.0,2874.0,0.0
421775,Sul Brasil,SC,eligible_phase1_proxy,0.0,2874.0,2874.0,2874.0,0.0
421770,Sombrio,SC,eligible_phase1_proxy,0.0,2874.0,2874.0,2874.0,0.0
421760,Siderópolis,SC,eligible_phase1_proxy,0.0,2874.0,2874.0,2874.0,0.0
421755,Serra Alta,SC,eligible_phase1_proxy,0.0,2874.0,2874.0,2874.0,0.0
421750,Seara,SC,eligible_phase1_proxy,0.0,2874.0,2874.0,2874.0,0.0
421740,Schroeder,SC,eligible_phase1_proxy,0.0,2874.0,2874.0,2874.0,0.0
421730,Saudades,SC,eligible_phase1_proxy,0.0,2874.0,2874.0,2874.0,0.0
421940,Witmarsum,SC,eligible_phase1_proxy,0.0,2874.0,2874.0,2874.0,0.0
421935,Vitor Meireles,SC,eligible_phase1_proxy,0.0,2874.0,2874.0,2874.0,0.0
421920,Vidal Ramos,SC,eligible_phase1_proxy,0.0,2874.0,2874.0,2874.0,0.0
421917,Vargem Bonita,SC,eligible_phase1_proxy,0.0,2874.0,2874.0,2874.0,0.0
421915,Vargem,SC,eligible_phase1_proxy,0.0,2874.0,2874.0,2874.0,0.0
421910,Vargeão,SC,eligible_phase1_proxy,0.0,2874.0,2874.0,2874.0,0.0
421900,Urussanga,SC,eligible_phase1_proxy,0.0,2874.0,2874.0,2874.0,0.0
421895,Urupema,SC,eligible_phase1_proxy,0.0,2874.0,2874.0,2874.0,0.0
421890,Urubici,SC,eligible_phase1_proxy,0.0,2874.0,2874.0,2874.0,0.0
421885,União do Oeste,SC,eligible_phase1_proxy,0.0,2874.0,2874.0,2874.0,0.0
421880,Turvo,SC,eligible_phase1_proxy,0.0,2874.0,2874.0,2874.0,0.0
421875,Tunápolis,SC,eligible_phase1_proxy,0.0,2874.0,2874.0,2874.0,0.0
421870,Tubarão,SC,eligible_phase1_proxy,0.0,2874.0,2874.0,2874.0,0.0
421860,Trombudo Central,SC,eligible_phase1_proxy,0.0,2874.0,2874.0,2874.0,0.0
421850,Treze Tílias,SC,eligible_phase1_proxy,0.0,2874.0,2874.0,2874.0,0.0
421840,Treze de Maio,SC,eligible_phase1_proxy,0.0,2874.0,2874.0,2874.0,0.0
430064,Ametista do Sul,RS,eligible_phase1_proxy,0.0,2874.0,2874.0,2874.0,0.0
430063,AMARAL FERRADOR,RS,eligible_phase1_proxy,0.0,2874.0,2874.0,2874.0,0.0
430057,ALTO FELIZ,RS,eligible_phase1_proxy,0.0,2874.0,2874.0,2874.0,0.0
130170,Humaitá,AM,eligible_phase1_proxy,0.0,2874.0,2874.0,2874.0,0.0
130160,Fonte Boa,AM,eligible_phase1_proxy,0.0,2874.0,2874.0,2874.0,0.0
130150,Envira,AM,eligible_phase1_proxy,0.0,2874.0,2874.0,2874.0,0.0
130140,Eirunepé,AM,eligible_phase1_proxy,0.0,2874.0,2874.0,2874.0,0.0
220335,Dirceu Arcoverde,PI,eligible_phase1_proxy,0.0,2874.0,2874.0,2874.0,0.0
430055,Alto Alegre,RS,eligible_phase1_proxy,0.0,2874.0,2874.0,2874.0,0.0
430050,Alpestre,RS,eligible_phase1_proxy,0.0,2874.0,2874.0,2874.0,0.0
430047,ALMIRANTE TAMANDARE DO SUL,RS,eligible_phase1_proxy,0.0,2874.0,2874.0,2874.0,0.0
430045,Alegria,RS,eligible_phase1_proxy,0.0,2874.0,2874.0,2874.0,0.0
430030,Alecrim,RS,eligible_phase1_proxy,0.0,2874.0,2874.0,2874.0,0.0
430020,Ajuricaba,RS,eligible_phase1_proxy,0.0,2874.0,2874.0,2874.0,0.0
422000,Balneário Rincão,SC,eligible_phase1_proxy,0.0,2874.0,2874.0,2874.0,0.0
421960,Xavantina,SC,eligible_phase1_proxy,0.0,2874.0,2874.0,2874.0,0.0
430165,Barão,RS,eligible_phase1_proxy,0.0,2874.0,2874.0,2874.0,0.0
430163,BALNEARIO PINHAL,RS,eligible_phase1_proxy,0.0,2874.0,2874.0,2874.0,0.0
430155,Áurea,RS,eligible_phase1_proxy,0.0,2874.0,2874.0,2874.0,0.0
430150,Augusto Pestana,RS,eligible_phase1_proxy,0.0,2874.0,2874.0,2874.0,0.0
430140,Arvorezinha,RS,eligible_phase1_proxy,0.0,2874.0,2874.0,2874.0,0.0
430130,Arroio Grande,RS,eligible_phase1_proxy,0.0,2874.0,2874.0,2874.0,0.0
430120,Arroio do Tigre,RS,eligible_phase1_proxy,0.0,2874.0,2874.0,2874.0,0.0
430110,Arroio dos Ratos,RS,eligible_phase1_proxy,0.0,2874.0,2874.0,2874.0,0.0
430107,Arroio do Padre,RS,eligible_phase1_proxy,0.0,2874.0,2874.0,2874.0,0.0
430105,Arroio do Sal,RS,eligible_phase1_proxy,0.0,2874.0,2874.0,2874.0,0.0
430090,Aratiba,RS,eligible_phase1_proxy,0.0,2874.0,2874.0,2874.0,0.0
430087,Araricá,RS,eligible_phase1_proxy,0.0,2874.0,2874.0,2874.0,0.0
430085,Arambaré,RS,eligible_phase1_proxy,0.0,2874.0,2874.0,2874.0,0.0
430080,Antônio Prado,RS,eligible_phase1_proxy,0.0,2874.0,2874.0,2874.0,0.0
430070,Anta Gorda,RS,eligible_phase1_proxy,0.0,2874.0,2874.0,2874.0,0.0
430066,ANDRE DA ROCHA,RS,eligible_phase1_proxy,0.0,2874.0,2874.0,2874.0,0.0
430205,Benjamin Constant do Sul,RS,eligible_phase1_proxy,0.0,2874.0,2874.0,2874.0,0.0
430200,Barros Cassal,RS,eligible_phase1_proxy,0.0,2874.0,2874.0,2874.0,0.0
430195,Barra Funda,RS,eligible_phase1_proxy,0.0,2874.0,2874.0,2874.0,0.0
430192,Barra do Rio Azul,RS,eligible_phase1_proxy,0.0,2874.0,2874.0,2874.0,0.0
430185,Barra do Guarita,RS,eligible_phase1_proxy,0.0,2874.0,2874.0,2874.0,0.0
430180,Barracão,RS,eligible_phase1_proxy,0.0,2874.0,2874.0,2874.0,0.0
171884,Sandolândia,TO,eligible_phase1_proxy,0.0,2874.0,2874.0,2874.0,0.0
171880,Sampaio,TO,eligible_phase1_proxy,0.0,2874.0,2874.0,2874.0,0.0
171855,Riachinho,TO,eligible_phase1_proxy,0.0,2874.0,2874.0,2874.0,0.0
171840,PRESIDENTE KENNEDY,TO,eligible_phase1_proxy,0.0,2874.0,2874.0,2874.0,0.0
171830,Praia Norte,TO,eligible_phase1_proxy,0.0,2874.0,2874.0,2874.0,0.0
171820,Porto Nacional,TO,eligible_phase1_proxy,0.0,2874.0,2874.0,2874.0,0.0
171790,Ponte Alta do Tocantins,TO,eligible_phase1_proxy,0.0,2874.0,2874.0,2874.0,0.0
171780,Ponte Alta do Bom Jesus,TO,eligible_phase1_proxy,0.0,2874.0,2874.0,2874.0,0.0
171750,Pium,TO,eligible_phase1_proxy,0.0,2874.0,2874.0,2874.0,0.0
430170,Barão de Cotegipe,RS,eligible_phase1_proxy,0.0,2874.0,2874.0,2874.0,0.0
430350,Camaquã,RS,eligible_phase1_proxy,0.0,2874.0,2874.0,2874.0,0.0
430340,Caiçara,RS,eligible_phase1_proxy,0.0,2874.0,2874.0,2874.0,0.0
430330,Caibaté,RS,eligible_phase1_proxy,0.0,2874.0,2874.0,2874.0,0.0
430320,CACIQUE DOBLE,RS,eligible_phase1_proxy,0.0,2874.0,2874.0,2874.0,0.0
430290,Cacequi,RS,eligible_phase1_proxy,0.0,2874.0,2874.0,2874.0,0.0
430270,Butiá,RS,eligible_phase1_proxy,0.0,2874.0,2874.0,2874.0,0.0
430265,Brochier,RS,eligible_phase1_proxy,0.0,2874.0,2874.0,2874.0,0.0
430260,Braga,RS,eligible_phase1_proxy,0.0,2874.0,2874.0,2874.0,0.0
430250,Bossoroca,RS,eligible_phase1_proxy,0.0,2874.0,2874.0,2874.0,0.0
430245,Boqueirão do Leão,RS,eligible_phase1_proxy,0.0,2874.0,2874.0,2874.0,0.0
430240,Bom Retiro do Sul,RS,eligible_phase1_proxy,0.0,2874.0,2874.0,2874.0,0.0
430237,Bom Progresso,RS,eligible_phase1_proxy,0.0,2874.0,2874.0,2874.0,0.0
430235,Bom Princípio,RS,eligible_phase1_proxy,0.0,2874.0,2874.0,2874.0,0.0
430230,Bom Jesus,RS,eligible_phase1_proxy,0.0,2874.0,2874.0,2874.0,0.0
430220,Boa Vista do Buricá,RS,eligible_phase1_proxy,0.0,2874.0,2874.0,2874.0,0.0
430215,Boa Vista das Missões,RS,eligible_phase1_proxy,0.0,2874.0,2874.0,2874.0,0.0
430468,Capela de Santana,RS,eligible_phase1_proxy,0.0,2874.0,2874.0,2874.0,0.0
430467,Capivari do Sul,RS,eligible_phase1_proxy,0.0,2874.0,2874.0,2874.0,0.0
430466,Capão do Leão,RS,eligible_phase1_proxy,0.0,2874.0,2874.0,2874.0,0.0
430465,Capão do Cipó,RS,eligible_phase1_proxy,0.0,2874.0,2874.0,2874.0,0.0
430462,Capão Bonito do Sul,RS,eligible_phase1_proxy,0.0,2874.0,2874.0,2874.0,0.0
430461,Canudos do Vale,RS,eligible_phase1_proxy,0.0,2874.0,2874.0,2874.0,0.0
430435,Candiota,RS,eligible_phase1_proxy,0.0,2874.0,2874.0,2874.0,0.0
430430,Cândido Godói,RS,eligible_phase1_proxy,0.0,2874.0,2874.0,2874.0,0.0
430420,Candelária,RS,eligible_phase1_proxy,0.0,2874.0,2874.0,2874.0,0.0
430410,Campos Borges,RS,eligible_phase1_proxy,0.0,2874.0,2874.0,2874.0,0.0
430400,Campo Novo,RS,eligible_phase1_proxy,0.0,2874.0,2874.0,2874.0,0.0
430380,Campinas do Sul,RS,eligible_phase1_proxy,0.0,2874.0,2874.0,2874.0,0.0
430370,CAMPINA DAS MISSOES,RS,eligible_phase1_proxy,0.0,2874.0,2874.0,2874.0,0.0
430367,Campestre da Serra,RS,eligible_phase1_proxy,0.0,2874.0,2874.0,2874.0,0.0
430360,Cambará do Sul,RS,eligible_phase1_proxy,0.0,2874.0,2874.0,2874.0,0.0
430355,Camargo,RS,eligible_phase1_proxy,0.0,2874.0,2874.0,2874.0,0.0
220350,Elesbão Veloso,PI,eligible_phase1_proxy,0.0,2874.0,2874.0,2874.0,0.0
430540,Chiapetta,RS,eligible_phase1_proxy,0.0,2874.0,2874.0,2874.0,0.0
430537,Charrua,RS,eligible_phase1_proxy,0.0,2874.0,2874.0,2874.0,0.0
430535,Charqueadas,RS,eligible_phase1_proxy,0.0,2874.0,2874.0,2874.0,0.0
430530,CHAPADA,RS,eligible_phase1_proxy,0.0,2874.0,2874.0,2874.0,0.0
430517,Cerro Grande do Sul,RS,eligible_phase1_proxy,0.0,2874.0,2874.0,2874.0,0.0
430515,Cerro Grande,RS,eligible_phase1_proxy,0.0,2874.0,2874.0,2874.0,0.0
430513,Cerro Branco,RS,eligible_phase1_proxy,0.0,2874.0,2874.0,2874.0,0.0
430512,Cerrito,RS,eligible_phase1_proxy,0.0,2874.0,2874.0,2874.0,0.0
430511,Centenário,RS,eligible_phase1_proxy,0.0,2874.0,2874.0,2874.0,0.0
430500,Catuípe,RS,eligible_phase1_proxy,0.0,2874.0,2874.0,2874.0,0.0
430495,Caseiros,RS,eligible_phase1_proxy,0.0,2874.0,2874.0,2874.0,0.0
430490,Casca,RS,eligible_phase1_proxy,0.0,2874.0,2874.0,2874.0,0.0
430485,Carlos Gomes,RS,eligible_phase1_proxy,0.0,2874.0,2874.0,2874.0,0.0
430471,CARAA,RS,eligible_phase1_proxy,0.0,2874.0,2874.0,2874.0,0.0
430469,CAPITAO,RS,eligible_phase1_proxy,0.0,2874.0,2874.0,2874.0,0.0
430613,Cruzaltense,RS,eligible_phase1_proxy,0.0,2874.0,2874.0,2874.0,0.0
430610,Cruz Alta,RS,eligible_phase1_proxy,0.0,2874.0,2874.0,2874.0,0.0
430607,Cristal do Sul,RS,eligible_phase1_proxy,0.0,2874.0,2874.0,2874.0,0.0
430605,Cristal,RS,eligible_phase1_proxy,0.0,2874.0,2874.0,2874.0,0.0
430600,Crissiumal,RS,eligible_phase1_proxy,0.0,2874.0,2874.0,2874.0,0.0
430597,Coxilha,RS,eligible_phase1_proxy,0.0,2874.0,2874.0,2874.0,0.0
430595,Cotiporã,RS,eligible_phase1_proxy,0.0,2874.0,2874.0,2874.0,0.0
430590,Coronel Bicaco,RS,eligible_phase1_proxy,0.0,2874.0,2874.0,2874.0,0.0
430587,Coronel Barros,RS,eligible_phase1_proxy,0.0,2874.0,2874.0,2874.0,0.0
430585,Coqueiros do Sul,RS,eligible_phase1_proxy,0.0,2874.0,2874.0,2874.0,0.0
430580,Constantina,RS,eligible_phase1_proxy,0.0,2874.0,2874.0,2874.0,0.0
430570,Condor,RS,eligible_phase1_proxy,0.0,2874.0,2874.0,2874.0,0.0
430560,Colorado,RS,eligible_phase1_proxy,0.0,2874.0,2874.0,2874.0,0.0
430558,Colinas,RS,eligible_phase1_proxy,0.0,2874.0,2874.0,2874.0,0.0
430550,Ciríaco,RS,eligible_phase1_proxy,0.0,2874.0,2874.0,2874.0,0.0
430544,Chuvisca,RS,eligible_phase1_proxy,0.0,2874.0,2874.0,2874.0,0.0
430692,Engenho Velho,RS,eligible_phase1_proxy,0.0,2874.0,2874.0,2874.0,0.0
430680,Encantado,RS,eligible_phase1_proxy,0.0,2874.0,2874.0,2874.0,0.0
430676,Eldorado do Sul,RS,eligible_phase1_proxy,0.0,2874.0,2874.0,2874.0,0.0
430675,Doutor Ricardo,RS,eligible_phase1_proxy,0.0,2874.0,2874.0,2874.0,0.0
430673,Doutor Maurício Cardoso,RS,eligible_phase1_proxy,0.0,2874.0,2874.0,2874.0,0.0
430670,Dona Francisca,RS,eligible_phase1_proxy,0.0,2874.0,2874.0,2874.0,0.0
430655,Dom Pedro de Alcântara,RS,eligible_phase1_proxy,0.0,2874.0,2874.0,2874.0,0.0
430650,Dom Feliciano,RS,eligible_phase1_proxy,0.0,2874.0,2874.0,2874.0,0.0
430645,Dois Lajeados,RS,eligible_phase1_proxy,0.0,2874.0,2874.0,2874.0,0.0
430642,Dois Irmãos das Missões,RS,eligible_phase1_proxy,0.0,2874.0,2874.0,2874.0,0.0
430640,Dois Irmãos,RS,eligible_phase1_proxy,0.0,2874.0,2874.0,2874.0,0.0
430637,Dilermando de Aguiar,RS,eligible_phase1_proxy,0.0,2874.0,2874.0,2874.0,0.0
430635,Dezesseis de Novembro,RS,eligible_phase1_proxy,0.0,2874.0,2874.0,2874.0,0.0
430632,Derrubadas,RS,eligible_phase1_proxy,0.0,2874.0,2874.0,2874.0,0.0
430630,David Canabarro,RS,eligible_phase1_proxy,0.0,2874.0,2874.0,2874.0,0.0
430620,Cruzeiro do Sul,RS,eligible_phase1_proxy,0.0,2874.0,2874.0,2874.0,0.0
430755,Estação,RS,eligible_phase1_proxy,0.0,2874.0,2874.0,2874.0,0.0
220370,Esperantina,PI,eligible_phase1_proxy,0.0,2874.0,2874.0,2874.0,0.0
220360,Eliseu Martins,PI,eligible_phase1_proxy,0.0,2874.0,2874.0,2874.0,0.0
120050,Sena Madureira,AC,eligible_phase1_proxy,0.0,2874.0,2874.0,2874.0,0.0
120045,Senador Guiomard,AC,eligible_phase1_proxy,0.0,2874.0,2874.0,2874.0,0.0
430750,Espumoso,RS,eligible_phase1_proxy,0.0,2874.0,2874.0,2874.0,0.0
430745,Esperança do Sul,RS,eligible_phase1_proxy,0.0,2874.0,2874.0,2874.0,0.0
430740,Esmeralda,RS,eligible_phase1_proxy,0.0,2874.0,2874.0,2874.0,0.0
430730,Erval Seco,RS,eligible_phase1_proxy,0.0,2874.0,2874.0,2874.0,0.0
430720,Erval Grande,RS,eligible_phase1_proxy,0.0,2874.0,2874.0,2874.0,0.0
430710,Herval,RS,eligible_phase1_proxy,0.0,2874.0,2874.0,2874.0,0.0
430705,ERNESTINA,RS,eligible_phase1_proxy,0.0,2874.0,2874.0,2874.0,0.0
430700,Erechim,RS,eligible_phase1_proxy,0.0,2874.0,2874.0,2874.0,0.0
430697,Erebango,RS,eligible_phase1_proxy,0.0,2874.0,2874.0,2874.0,0.0
430695,Entre Rios do Sul,RS,eligible_phase1_proxy,0.0,2874.0,2874.0,2874.0,0.0
430693,Entre-Ijuís,RS,eligible_phase1_proxy,0.0,2874.0,2874.0,2874.0,0.0
430890,Getúlio Vargas,RS,eligible_phase1_proxy,0.0,2874.0,2874.0,2874.0,0.0
430885,Gentil,RS,eligible_phase1_proxy,0.0,2874.0,2874.0,2874.0,0.0
430880,General Câmara,RS,eligible_phase1_proxy,0.0,2874.0,2874.0,2874.0,0.0
430870,Gaurama,RS,eligible_phase1_proxy,0.0,2874.0,2874.0,2874.0,0.0
430845,Fortaleza dos Valos,RS,eligible_phase1_proxy,0.0,2874.0,2874.0,2874.0,0.0
430840,Formigueiro,RS,eligible_phase1_proxy,0.0,2874.0,2874.0,2874.0,0.0
430830,Fontoura Xavier,RS,eligible_phase1_proxy,0.0,2874.0,2874.0,2874.0,0.0
430825,Floriano Peixoto,RS,eligible_phase1_proxy,0.0,2874.0,2874.0,2874.0,0.0
430820,Flores da Cunha,RS,eligible_phase1_proxy,0.0,2874.0,2874.0,2874.0,0.0
430810,Feliz,RS,eligible_phase1_proxy,0.0,2874.0,2874.0,2874.0,0.0
430807,Fazenda Vilanova,RS,eligible_phase1_proxy,0.0,2874.0,2874.0,2874.0,0.0
430805,Faxinalzinho,RS,eligible_phase1_proxy,0.0,2874.0,2874.0,2874.0,0.0
430800,Faxinal do Soturno,RS,eligible_phase1_proxy,0.0,2874.0,2874.0,2874.0,0.0
430786,Fagundes Varela,RS,eligible_phase1_proxy,0.0,2874.0,2874.0,2874.0,0.0
430783,Eugênio de Castro,RS,eligible_phase1_proxy,0.0,2874.0,2874.0,2874.0,0.0
430781,Estrela Velha,RS,eligible_phase1_proxy,0.0,2874.0,2874.0,2874.0,0.0
431030,Ilópolis,RS,eligible_phase1_proxy,0.0,2874.0,2874.0,2874.0,0.0
431010,Igrejinha,RS,eligible_phase1_proxy,0.0,2874.0,2874.0,2874.0,0.0
430995,Ibirapuitã,RS,eligible_phase1_proxy,0.0,2874.0,2874.0,2874.0,0.0
430990,IBIRAIARAS,RS,eligible_phase1_proxy,0.0,2874.0,2874.0,2874.0,0.0
430975,Ibarama,RS,eligible_phase1_proxy,0.0,2874.0,2874.0,2874.0,0.0
430970,Humaitá,RS,eligible_phase1_proxy,0.0,2874.0,2874.0,2874.0,0.0
430965,Hulha Negra,RS,eligible_phase1_proxy,0.0,2874.0,2874.0,2874.0,0.0
430960,Horizontina,RS,eligible_phase1_proxy,0.0,2874.0,2874.0,2874.0,0.0
430957,Herveiras,RS,eligible_phase1_proxy,0.0,2874.0,2874.0,2874.0,0.0
430955,Harmonia,RS,eligible_phase1_proxy,0.0,2874.0,2874.0,2874.0,0.0
430950,Guarani das Missões,RS,eligible_phase1_proxy,0.0,2874.0,2874.0,2874.0,0.0
430925,GUABIJU,RS,eligible_phase1_proxy,0.0,2874.0,2874.0,2874.0,0.0
430915,Gramado Xavier,RS,eligible_phase1_proxy,0.0,2874.0,2874.0,2874.0,0.0
430912,Gramado dos Loureiros,RS,eligible_phase1_proxy,0.0,2874.0,2874.0,2874.0,0.0
430910,Gramado,RS,eligible_phase1_proxy,0.0,2874.0,2874.0,2874.0,0.0
430900,Giruá,RS,eligible_phase1_proxy,0.0,2874.0,2874.0,2874.0,0.0
431110,Jaguari,RS,eligible_phase1_proxy,0.0,2874.0,2874.0,2874.0,0.0
431100,Jaguarão,RS,eligible_phase1_proxy,0.0,2874.0,2874.0,2874.0,0.0
431090,Jacutinga,RS,eligible_phase1_proxy,0.0,2874.0,2874.0,2874.0,0.0
431087,Jacuizinho,RS,eligible_phase1_proxy,0.0,2874.0,2874.0,2874.0,0.0
431085,Jaboticaba,RS,eligible_phase1_proxy,0.0,2874.0,2874.0,2874.0,0.0
431075,Ivorá,RS,eligible_phase1_proxy,0.0,2874.0,2874.0,2874.0,0.0
431070,Itatiba do Sul,RS,eligible_phase1_proxy,0.0,2874.0,2874.0,2874.0,0.0
431065,Itati,RS,eligible_phase1_proxy,0.0,2874.0,2874.0,2874.0,0.0
431055,Itacurubi,RS,eligible_phase1_proxy,0.0,2874.0,2874.0,2874.0,0.0
431053,Itaara,RS,eligible_phase1_proxy,0.0,2874.0,2874.0,2874.0,0.0
431050,Iraí,RS,eligible_phase1_proxy,0.0,2874.0,2874.0,2874.0,0.0
431043,Ipê,RS,eligible_phase1_proxy,0.0,2874.0,2874.0,2874.0,0.0
431041,Inhacorá,RS,eligible_phase1_proxy,0.0,2874.0,2874.0,2874.0,0.0
431040,Independência,RS,eligible_phase1_proxy,0.0,2874.0,2874.0,2874.0,0.0
431036,Imigrante,RS,eligible_phase1_proxy,0.0,2874.0,2874.0,2874.0,0.0
411330,Laranjeiras do Sul,PR,eligible_phase1_proxy,0.0,2874.0,2874.0,2874.0,0.0
431179,Maratá,RS,eligible_phase1_proxy,0.0,2874.0,2874.0,2874.0,0.0
431177,Maquiné,RS,eligible_phase1_proxy,0.0,2874.0,2874.0,2874.0,0.0
431175,Manoel Viana,RS,eligible_phase1_proxy,0.0,2874.0,2874.0,2874.0,0.0
431173,Mampituba,RS,eligible_phase1_proxy,0.0,2874.0,2874.0,2874.0,0.0
431170,Machadinho,RS,eligible_phase1_proxy,0.0,2874.0,2874.0,2874.0,0.0
431162,Lindolfo Collor,RS,eligible_phase1_proxy,0.0,2874.0,2874.0,2874.0,0.0
431160,Liberato Salzano,RS,eligible_phase1_proxy,0.0,2874.0,2874.0,2874.0,0.0
431150,LAVRAS DO SUL,RS,eligible_phase1_proxy,0.0,2874.0,2874.0,2874.0,0.0
431142,Lajeado do Bugre,RS,eligible_phase1_proxy,0.0,2874.0,2874.0,2874.0,0.0
431130,Lagoa Vermelha,RS,eligible_phase1_proxy,0.0,2874.0,2874.0,2874.0,0.0
431127,Lagoa dos Três Cantos,RS,eligible_phase1_proxy,0.0,2874.0,2874.0,2874.0,0.0
431125,Lagoão,RS,eligible_phase1_proxy,0.0,2874.0,2874.0,2874.0,0.0
431123,LAGOA BONITA DO SUL,RS,eligible_phase1_proxy,0.0,2874.0,2874.0,2874.0,0.0
431120,Júlio de Castilhos,RS,eligible_phase1_proxy,0.0,2874.0,2874.0,2874.0,0.0
431115,Jóia,RS,eligible_phase1_proxy,0.0,2874.0,2874.0,2874.0,0.0
431112,Jaquirana,RS,eligible_phase1_proxy,0.0,2874.0,2874.0,2874.0,0.0
431260,Muçum,RS,eligible_phase1_proxy,0.0,2874.0,2874.0,2874.0,0.0
431250,Mostardas,RS,eligible_phase1_proxy,0.0,2874.0,2874.0,2874.0,0.0
431247,Morro Reuter,RS,eligible_phase1_proxy,0.0,2874.0,2874.0,2874.0,0.0
431245,Morro Redondo,RS,eligible_phase1_proxy,0.0,2874.0,2874.0,2874.0,0.0
431244,Morrinhos do Sul,RS,eligible_phase1_proxy,0.0,2874.0,2874.0,2874.0,0.0
431242,Mormaço,RS,eligible_phase1_proxy,0.0,2874.0,2874.0,2874.0,0.0
431240,Montenegro,RS,eligible_phase1_proxy,0.0,2874.0,2874.0,2874.0,0.0
431230,Miraguaí,RS,eligible_phase1_proxy,0.0,2874.0,2874.0,2874.0,0.0
431225,Minas do Leão,RS,eligible_phase1_proxy,0.0,2874.0,2874.0,2874.0,0.0
431220,Maximiliano de Almeida,RS,eligible_phase1_proxy,0.0,2874.0,2874.0,2874.0,0.0
431215,Mato Leitão,RS,eligible_phase1_proxy,0.0,2874.0,2874.0,2874.0,0.0
431210,Mata,RS,eligible_phase1_proxy,0.0,2874.0,2874.0,2874.0,0.0
431205,Marques de Souza,RS,eligible_phase1_proxy,0.0,2874.0,2874.0,2874.0,0.0
431200,Mariano Moro,RS,eligible_phase1_proxy,0.0,2874.0,2874.0,2874.0,0.0
431198,Mariana Pimentel,RS,eligible_phase1_proxy,0.0,2874.0,2874.0,2874.0,0.0
431190,Marcelino Ramos,RS,eligible_phase1_proxy,0.0,2874.0,2874.0,2874.0,0.0
431337,Nova Santa Rita,RS,eligible_phase1_proxy,0.0,2874.0,2874.0,2874.0,0.0
431333,Nova Ramada,RS,eligible_phase1_proxy,0.0,2874.0,2874.0,2874.0,0.0
431320,Nova Petrópolis,RS,eligible_phase1_proxy,0.0,2874.0,2874.0,2874.0,0.0
431310,Nova Palma,RS,eligible_phase1_proxy,0.0,2874.0,2874.0,2874.0,0.0
431306,Nova Hartz,RS,eligible_phase1_proxy,0.0,2874.0,2874.0,2874.0,0.0
431303,Nova Esperança do Sul,RS,eligible_phase1_proxy,0.0,2874.0,2874.0,2874.0,0.0
431301,NOVA CANDELARIA,RS,eligible_phase1_proxy,0.0,2874.0,2874.0,2874.0,0.0
431300,Nova Bréscia,RS,eligible_phase1_proxy,0.0,2874.0,2874.0,2874.0,0.0
431295,Nova Boa Vista,RS,eligible_phase1_proxy,0.0,2874.0,2874.0,2874.0,0.0
431290,Nova Bassano,RS,eligible_phase1_proxy,0.0,2874.0,2874.0,2874.0,0.0
431280,Nova Araçá,RS,eligible_phase1_proxy,0.0,2874.0,2874.0,2874.0,0.0
431275,Nova Alvorada,RS,eligible_phase1_proxy,0.0,2874.0,2874.0,2874.0,0.0
431270,Nonoai,RS,eligible_phase1_proxy,0.0,2874.0,2874.0,2874.0,0.0
431267,Nicolau Vergueiro,RS,eligible_phase1_proxy,0.0,2874.0,2874.0,2874.0,0.0
431265,Não-Me-Toque,RS,eligible_phase1_proxy,0.0,2874.0,2874.0,2874.0,0.0
431262,Muliterno,RS,eligible_phase1_proxy,0.0,2874.0,2874.0,2874.0,0.0
171620,Paranã,TO,eligible_phase1_proxy,0.0,2874.0,2874.0,2874.0,0.0
171610,Paraíso do Tocantins,TO,eligible_phase1_proxy,0.0,2874.0,2874.0,2874.0,0.0
171575,Palmeirópolis,TO,eligible_phase1_proxy,0.0,2874.0,2874.0,2874.0,0.0
171570,Palmeirante,TO,eligible_phase1_proxy,0.0,2874.0,2874.0,2874.0,0.0
171510,Novo Acordo,TO,eligible_phase1_proxy,0.0,2874.0,2874.0,2874.0,0.0
171500,Nova Rosalândia,TO,eligible_phase1_proxy,0.0,2874.0,2874.0,2874.0,0.0
171488,Nova Olinda,TO,eligible_phase1_proxy,0.0,2874.0,2874.0,2874.0,0.0
431380,Palmitinho,RS,eligible_phase1_proxy,0.0,2874.0,2874.0,2874.0,0.0
431370,Palmeira das Missões,RS,eligible_phase1_proxy,0.0,2874.0,2874.0,2874.0,0.0
431365,Palmares do Sul,RS,eligible_phase1_proxy,0.0,2874.0,2874.0,2874.0,0.0
431360,Paim Filho,RS,eligible_phase1_proxy,0.0,2874.0,2874.0,2874.0,0.0
431349,Novo Barreiro,RS,eligible_phase1_proxy,0.0,2874.0,2874.0,2874.0,0.0
431346,Novo Xingu,RS,eligible_phase1_proxy,0.0,2874.0,2874.0,2874.0,0.0
431344,Novo Tiradentes,RS,eligible_phase1_proxy,0.0,2874.0,2874.0,2874.0,0.0
431342,Novo Machado,RS,eligible_phase1_proxy,0.0,2874.0,2874.0,2874.0,0.0
431339,Novo Cabrais,RS,eligible_phase1_proxy,0.0,2874.0,2874.0,2874.0,0.0
431447,Pinhal Grande,RS,eligible_phase1_proxy,0.0,2874.0,2874.0,2874.0,0.0
431445,Pinhal,RS,eligible_phase1_proxy,0.0,2874.0,2874.0,2874.0,0.0
431442,Picada Café,RS,eligible_phase1_proxy,0.0,2874.0,2874.0,2874.0,0.0
431430,Pejuçara,RS,eligible_phase1_proxy,0.0,2874.0,2874.0,2874.0,0.0
431415,PAVERAMA,RS,eligible_phase1_proxy,0.0,2874.0,2874.0,2874.0,0.0
431413,Paulo Bento,RS,eligible_phase1_proxy,0.0,2874.0,2874.0,2874.0,0.0
431407,Passo do Sobrado,RS,eligible_phase1_proxy,0.0,2874.0,2874.0,2874.0,0.0
431406,Passa Sete,RS,eligible_phase1_proxy,0.0,2874.0,2874.0,2874.0,0.0
431405,Parobé,RS,eligible_phase1_proxy,0.0,2874.0,2874.0,2874.0,0.0
431403,Pareci Novo,RS,eligible_phase1_proxy,0.0,2874.0,2874.0,2874.0,0.0
431402,Paraíso do Sul,RS,eligible_phase1_proxy,0.0,2874.0,2874.0,2874.0,0.0
431395,Pantano Grande,RS,eligible_phase1_proxy,0.0,2874.0,2874.0,2874.0,0.0
171670,Colméia,TO,eligible_phase1_proxy,0.0,2874.0,2874.0,2874.0,0.0
171665,Pequizeiro,TO,eligible_phase1_proxy,0.0,2874.0,2874.0,2874.0,0.0
171660,Peixe,TO,eligible_phase1_proxy,0.0,2874.0,2874.0,2874.0,0.0
171650,Pedro Afonso,TO,eligible_phase1_proxy,0.0,2874.0,2874.0,2874.0,0.0
431520,Putinga,RS,eligible_phase1_proxy,0.0,2874.0,2874.0,2874.0,0.0
431517,Protásio Alves,RS,eligible_phase1_proxy,0.0,2874.0,2874.0,2874.0,0.0
431515,Progresso,RS,eligible_phase1_proxy,0.0,2874.0,2874.0,2874.0,0.0
431514,Presidente Lucena,RS,eligible_phase1_proxy,0.0,2874.0,2874.0,2874.0,0.0
431513,Pouso Novo,RS,eligible_phase1_proxy,0.0,2874.0,2874.0,2874.0,0.0
431510,Porto Xavier,RS,eligible_phase1_proxy,0.0,2874.0,2874.0,2874.0,0.0
431507,Porto Vera Cruz,RS,eligible_phase1_proxy,0.0,2874.0,2874.0,2874.0,0.0
431505,Porto Mauá,RS,eligible_phase1_proxy,0.0,2874.0,2874.0,2874.0,0.0
431500,Porto Lucena,RS,eligible_phase1_proxy,0.0,2874.0,2874.0,2874.0,0.0
431478,Ponte Preta,RS,eligible_phase1_proxy,0.0,2874.0,2874.0,2874.0,0.0
431477,Pontão,RS,eligible_phase1_proxy,0.0,2874.0,2874.0,2874.0,0.0
431475,Poço das Antas,RS,eligible_phase1_proxy,0.0,2874.0,2874.0,2874.0,0.0
431470,Planalto,RS,eligible_phase1_proxy,0.0,2874.0,2874.0,2874.0,0.0
431455,Pirapó,RS,eligible_phase1_proxy,0.0,2874.0,2874.0,2874.0,0.0
431454,Pinto Bandeira,RS,eligible_phase1_proxy,0.0,2874.0,2874.0,2874.0,0.0
431450,Pinheiro Machado,RS,eligible_phase1_proxy,0.0,2874.0,2874.0,2874.0,0.0
431642,Sagrada Família,RS,eligible_phase1_proxy,0.0,2874.0,2874.0,2874.0,0.0
431630,Roque Gonzales,RS,eligible_phase1_proxy,0.0,2874.0,2874.0,2874.0,0.0
431620,Rondinha,RS,eligible_phase1_proxy,0.0,2874.0,2874.0,2874.0,0.0
431610,Ronda Alta,RS,eligible_phase1_proxy,0.0,2874.0,2874.0,2874.0,0.0
431600,Rolante,RS,eligible_phase1_proxy,0.0,2874.0,2874.0,2874.0,0.0
431590,Rodeio Bonito,RS,eligible_phase1_proxy,0.0,2874.0,2874.0,2874.0,0.0
431580,Roca Sales,RS,eligible_phase1_proxy,0.0,2874.0,2874.0,2874.0,0.0
431575,RIOZINHO,RS,eligible_phase1_proxy,0.0,2874.0,2874.0,2874.0,0.0
431560,Rio Grande,RS,eligible_phase1_proxy,0.0,2874.0,2874.0,2874.0,0.0
431555,Rio dos Índios,RS,eligible_phase1_proxy,0.0,2874.0,2874.0,2874.0,0.0
431550,Restinga Sêca,RS,eligible_phase1_proxy,0.0,2874.0,2874.0,2874.0,0.0
431545,Relvado,RS,eligible_phase1_proxy,0.0,2874.0,2874.0,2874.0,0.0
431540,REDENTORA,RS,eligible_phase1_proxy,0.0,2874.0,2874.0,2874.0,0.0
431535,Quinze de Novembro,RS,eligible_phase1_proxy,0.0,2874.0,2874.0,2874.0,0.0
431532,Quevedos,RS,eligible_phase1_proxy,0.0,2874.0,2874.0,2874.0,0.0
431530,Quaraí,RS,eligible_phase1_proxy,0.0,2874.0,2874.0,2874.0,0.0
431770,Santo Antônio das Missões,RS,eligible_phase1_proxy,0.0,2874.0,2874.0,2874.0,0.0
431755,Santo Antônio do Palma,RS,eligible_phase1_proxy,0.0,2874.0,2874.0,2874.0,0.0
431730,SANTA VITORIA DO PALMAR,RS,eligible_phase1_proxy,0.0,2874.0,2874.0,2874.0,0.0
431725,Santa Tereza,RS,eligible_phase1_proxy,0.0,2874.0,2874.0,2874.0,0.0
431695,SANTA MARIA DO HERVAL,RS,eligible_phase1_proxy,0.0,2874.0,2874.0,2874.0,0.0
120042,Rodrigues Alves,AC,eligible_phase1_proxy,0.0,2874.0,2874.0,2874.0,0.0
120038,Plácido de Castro,AC,eligible_phase1_proxy,0.0,2874.0,2874.0,2874.0,0.0
120025,Epitaciolândia,AC,eligible_phase1_proxy,0.0,2874.0,2874.0,2874.0,0.0
120020,Cruzeiro do Sul,AC,eligible_phase1_proxy,0.0,2874.0,2874.0,2874.0,0.0
120010,Brasiléia,AC,eligible_phase1_proxy,0.0,2874.0,2874.0,2874.0,0.0
431675,Santa Clara do Sul,RS,eligible_phase1_proxy,0.0,2874.0,2874.0,2874.0,0.0
431673,Santa Cecília do Sul,RS,eligible_phase1_proxy,0.0,2874.0,2874.0,2874.0,0.0
431670,Santa Bárbara do Sul,RS,eligible_phase1_proxy,0.0,2874.0,2874.0,2874.0,0.0
431647,Salvador das Missões,RS,eligible_phase1_proxy,0.0,2874.0,2874.0,2874.0,0.0
431645,Salto do Jacuí,RS,eligible_phase1_proxy,0.0,2874.0,2874.0,2874.0,0.0
431643,Saldanha Marinho,RS,eligible_phase1_proxy,0.0,2874.0,2874.0,2874.0,0.0
431860,São José do Ouro,RS,eligible_phase1_proxy,0.0,2874.0,2874.0,2874.0,0.0
431850,São José do Norte,RS,eligible_phase1_proxy,0.0,2874.0,2874.0,2874.0,0.0
431849,São José do Inhacorá,RS,eligible_phase1_proxy,0.0,2874.0,2874.0,2874.0,0.0
431846,São José do Herval,RS,eligible_phase1_proxy,0.0,2874.0,2874.0,2874.0,0.0
431845,São José das Missões,RS,eligible_phase1_proxy,0.0,2874.0,2874.0,2874.0,0.0
431844,São Jorge,RS,eligible_phase1_proxy,0.0,2874.0,2874.0,2874.0,0.0
431843,São João do Polêsine,RS,eligible_phase1_proxy,0.0,2874.0,2874.0,2874.0,0.0
431842,São João da Urtiga,RS,eligible_phase1_proxy,0.0,2874.0,2874.0,2874.0,0.0
431830,São Gabriel,RS,eligible_phase1_proxy,0.0,2874.0,2874.0,2874.0,0.0
431820,SAO FRANCISCO DE PAULA,RS,eligible_phase1_proxy,0.0,2874.0,2874.0,2874.0,0.0
431805,São Domingos do Sul,RS,eligible_phase1_proxy,0.0,2874.0,2874.0,2874.0,0.0
431800,São Borja,RS,eligible_phase1_proxy,0.0,2874.0,2874.0,2874.0,0.0
431795,Santo Expedito do Sul,RS,eligible_phase1_proxy,0.0,2874.0,2874.0,2874.0,0.0
431790,Santo Cristo,RS,eligible_phase1_proxy,0.0,2874.0,2874.0,2874.0,0.0
431780,Santo Augusto,RS,eligible_phase1_proxy,0.0,2874.0,2874.0,2874.0,0.0
431775,Santo Antônio do Planalto,RS,eligible_phase1_proxy,0.0,2874.0,2874.0,2874.0,0.0
431970,São Valentim,RS,eligible_phase1_proxy,0.0,2874.0,2874.0,2874.0,0.0
431960,São Sepé,RS,eligible_phase1_proxy,0.0,2874.0,2874.0,2874.0,0.0
431940,São Pedro do Sul,RS,eligible_phase1_proxy,0.0,2874.0,2874.0,2874.0,0.0
431937,São Pedro do Butiá,RS,eligible_phase1_proxy,0.0,2874.0,2874.0,2874.0,0.0
431936,São Pedro das Missões,RS,eligible_phase1_proxy,0.0,2874.0,2874.0,2874.0,0.0
431935,São Pedro da Serra,RS,eligible_phase1_proxy,0.0,2874.0,2874.0,2874.0,0.0
431930,São Paulo das Missões,RS,eligible_phase1_proxy,0.0,2874.0,2874.0,2874.0,0.0
431920,São Nicolau,RS,eligible_phase1_proxy,0.0,2874.0,2874.0,2874.0,0.0
431915,São Miguel das Missões,RS,eligible_phase1_proxy,0.0,2874.0,2874.0,2874.0,0.0
431912,São Martinho da Serra,RS,eligible_phase1_proxy,0.0,2874.0,2874.0,2874.0,0.0
431910,São Martinho,RS,eligible_phase1_proxy,0.0,2874.0,2874.0,2874.0,0.0
431900,São Marcos,RS,eligible_phase1_proxy,0.0,2874.0,2874.0,2874.0,0.0
431890,São Luiz Gonzaga,RS,eligible_phase1_proxy,0.0,2874.0,2874.0,2874.0,0.0
431880,São Lourenço do Sul,RS,eligible_phase1_proxy,0.0,2874.0,2874.0,2874.0,0.0
431862,São José dos Ausentes,RS,eligible_phase1_proxy,0.0,2874.0,2874.0,2874.0,0.0
431861,São José do Sul,RS,eligible_phase1_proxy,0.0,2874.0,2874.0,2874.0,0.0
432065,Silveira Martins,RS,eligible_phase1_proxy,0.0,2874.0,2874.0,2874.0,0.0
432060,Severiano de Almeida,RS,eligible_phase1_proxy,0.0,2874.0,2874.0,2874.0,0.0
432055,Sertão Santana,RS,eligible_phase1_proxy,0.0,2874.0,2874.0,2874.0,0.0
432050,SERTAO,RS,eligible_phase1_proxy,0.0,2874.0,2874.0,2874.0,0.0
432040,Serafina Corrêa,RS,eligible_phase1_proxy,0.0,2874.0,2874.0,2874.0,0.0
432035,Sentinela do Sul,RS,eligible_phase1_proxy,0.0,2874.0,2874.0,2874.0,0.0
432032,Senador Salgado Filho,RS,eligible_phase1_proxy,0.0,2874.0,2874.0,2874.0,0.0
432030,Selbach,RS,eligible_phase1_proxy,0.0,2874.0,2874.0,2874.0,0.0
432026,Segredo,RS,eligible_phase1_proxy,0.0,2874.0,2874.0,2874.0,0.0
432023,Sede Nova,RS,eligible_phase1_proxy,0.0,2874.0,2874.0,2874.0,0.0
432020,Seberi,RS,eligible_phase1_proxy,0.0,2874.0,2874.0,2874.0,0.0
432010,Sarandi,RS,eligible_phase1_proxy,0.0,2874.0,2874.0,2874.0,0.0
431980,São Vicente do Sul,RS,eligible_phase1_proxy,0.0,2874.0,2874.0,2874.0,0.0
431975,São Vendelino,RS,eligible_phase1_proxy,0.0,2874.0,2874.0,2874.0,0.0
431973,São Valério do Sul,RS,eligible_phase1_proxy,0.0,2874.0,2874.0,2874.0,0.0
431971,SAO VALENTIM DO SUL,RS,eligible_phase1_proxy,0.0,2874.0,2874.0,2874.0,0.0
432163,Três Arroios,RS,eligible_phase1_proxy,0.0,2874.0,2874.0,2874.0,0.0
432162,Travesseiro,RS,eligible_phase1_proxy,0.0,2874.0,2874.0,2874.0,0.0
432149,Toropi,RS,eligible_phase1_proxy,0.0,2874.0,2874.0,2874.0,0.0
432147,Tiradentes do Sul,RS,eligible_phase1_proxy,0.0,2874.0,2874.0,2874.0,0.0
432146,Tio Hugo,RS,eligible_phase1_proxy,0.0,2874.0,2874.0,2874.0,0.0
220385,Floresta do Piauí,PI,eligible_phase1_proxy,0.0,2874.0,2874.0,2874.0,0.0
432140,Tenente Portela,RS,eligible_phase1_proxy,0.0,2874.0,2874.0,2874.0,0.0
432135,TAVARES,RS,eligible_phase1_proxy,0.0,2874.0,2874.0,2874.0,0.0
432132,Taquaruçu do Sul,RS,eligible_phase1_proxy,0.0,2874.0,2874.0,2874.0,0.0
432120,Taquara,RS,eligible_phase1_proxy,0.0,2874.0,2874.0,2874.0,0.0
432100,Tapera,RS,eligible_phase1_proxy,0.0,2874.0,2874.0,2874.0,0.0
432090,TAPEJARA,RS,eligible_phase1_proxy,0.0,2874.0,2874.0,2874.0,0.0
432085,Tabaí,RS,eligible_phase1_proxy,0.0,2874.0,2874.0,2874.0,0.0
432080,Soledade,RS,eligible_phase1_proxy,0.0,2874.0,2874.0,2874.0,0.0
432070,Sobradinho,RS,eligible_phase1_proxy,0.0,2874.0,2874.0,2874.0,0.0
432067,Sinimbu,RS,eligible_phase1_proxy,0.0,2874.0,2874.0,2874.0,0.0
432200,Triunfo,RS,eligible_phase1_proxy,0.0,2874.0,2874.0,2874.0,0.0
432195,Trindade do Sul,RS,eligible_phase1_proxy,0.0,2874.0,2874.0,2874.0,0.0
432190,Três Passos,RS,eligible_phase1_proxy,0.0,2874.0,2874.0,2874.0,0.0
432185,Três Palmeiras,RS,eligible_phase1_proxy,0.0,2874.0,2874.0,2874.0,0.0
432183,TRES FORQUILHAS,RS,eligible_phase1_proxy,0.0,2874.0,2874.0,2874.0,0.0
432180,Três de Maio,RS,eligible_phase1_proxy,0.0,2874.0,2874.0,2874.0,0.0
171430,Nazaré,TO,eligible_phase1_proxy,0.0,2874.0,2874.0,2874.0,0.0
171420,Natividade,TO,eligible_phase1_proxy,0.0,2874.0,2874.0,2874.0,0.0
171380,Palmeiras do Tocantins,TO,eligible_phase1_proxy,0.0,2874.0,2874.0,2874.0,0.0
171330,Miranorte,TO,eligible_phase1_proxy,0.0,2874.0,2874.0,2874.0,0.0
171320,Miracema do Tocantins,TO,eligible_phase1_proxy,0.0,2874.0,2874.0,2874.0,0.0
171280,Maurilândia do Tocantins,TO,eligible_phase1_proxy,0.0,2874.0,2874.0,2874.0,0.0
171250,Marianópolis do Tocantins,TO,eligible_phase1_proxy,0.0,2874.0,2874.0,2874.0,0.0
171245,Luzinópolis,TO,eligible_phase1_proxy,0.0,2874.0,2874.0,2874.0,0.0
171200,Lajeado,TO,eligible_phase1_proxy,0.0,2874.0,2874.0,2874.0,0.0
432166,Três Cachoeiras,RS,eligible_phase1_proxy,0.0,2874.0,2874.0,2874.0,0.0
432290,Viadutos,RS,eligible_phase1_proxy,0.0,2874.0,2874.0,2874.0,0.0
432285,Vespasiano Corrêa,RS,eligible_phase1_proxy,0.0,2874.0,2874.0,2874.0,0.0
432270,Vera Cruz,RS,eligible_phase1_proxy,0.0,2874.0,2874.0,2874.0,0.0
432255,Vanini,RS,eligible_phase1_proxy,0.0,2874.0,2874.0,2874.0,0.0
432254,Vale Real,RS,eligible_phase1_proxy,0.0,2874.0,2874.0,2874.0,0.0
432253,Vale do Sol,RS,eligible_phase1_proxy,0.0,2874.0,2874.0,2874.0,0.0
432252,VALE VERDE,RS,eligible_phase1_proxy,0.0,2874.0,2874.0,2874.0,0.0
432237,Unistalda,RS,eligible_phase1_proxy,0.0,2874.0,2874.0,2874.0,0.0
432235,União da Serra,RS,eligible_phase1_proxy,0.0,2874.0,2874.0,2874.0,0.0
432234,Ubiretama,RS,eligible_phase1_proxy,0.0,2874.0,2874.0,2874.0,0.0
432232,Turuçu,RS,eligible_phase1_proxy,0.0,2874.0,2874.0,2874.0,0.0
432230,Tuparendi,RS,eligible_phase1_proxy,0.0,2874.0,2874.0,2874.0,0.0
432225,Tupandi,RS,eligible_phase1_proxy,0.0,2874.0,2874.0,2874.0,0.0
432218,TUPANCI DO SUL,RS,eligible_phase1_proxy,0.0,2874.0,2874.0,2874.0,0.0
432215,Tunas,RS,eligible_phase1_proxy,0.0,2874.0,2874.0,2874.0,0.0
432210,TUCUNDUVA,RS,eligible_phase1_proxy,0.0,2874.0,2874.0,2874.0,0.0
500090,Antônio João,MS,eligible_phase1_proxy,0.0,2874.0,2874.0,2874.0,0.0
500085,Angélica,MS,eligible_phase1_proxy,0.0,2874.0,2874.0,2874.0,0.0
500080,Anaurilândia,MS,eligible_phase1_proxy,0.0,2874.0,2874.0,2874.0,0.0
500070,Anastácio,MS,eligible_phase1_proxy,0.0,2874.0,2874.0,2874.0,0.0
500025,Alcinópolis,MS,eligible_phase1_proxy,0.0,2874.0,2874.0,2874.0,0.0
432380,Xangri-lá,RS,eligible_phase1_proxy,0.0,2874.0,2874.0,2874.0,0.0
432377,Westfália,RS,eligible_phase1_proxy,0.0,2874.0,2874.0,2874.0,0.0
432375,Vitória das Missões,RS,eligible_phase1_proxy,0.0,2874.0,2874.0,2874.0,0.0
432370,Vista Gaúcha,RS,eligible_phase1_proxy,0.0,2874.0,2874.0,2874.0,0.0
432350,Vista Alegre,RS,eligible_phase1_proxy,0.0,2874.0,2874.0,2874.0,0.0
432345,Vila Nova do Sul,RS,eligible_phase1_proxy,0.0,2874.0,2874.0,2874.0,0.0
432340,VILA MARIA,RS,eligible_phase1_proxy,0.0,2874.0,2874.0,2874.0,0.0
432335,Vila Lângaro,RS,eligible_phase1_proxy,0.0,2874.0,2874.0,2874.0,0.0
432330,Vila Flores,RS,eligible_phase1_proxy,0.0,2874.0,2874.0,2874.0,0.0
432320,Victor Graeff,RS,eligible_phase1_proxy,0.0,2874.0,2874.0,2874.0,0.0
432310,Vicente Dutra,RS,eligible_phase1_proxy,0.0,2874.0,2874.0,2874.0,0.0
500375,Eldorado,MS,eligible_phase1_proxy,0.0,2874.0,2874.0,2874.0,0.0
500350,Douradina,MS,eligible_phase1_proxy,0.0,2874.0,2874.0,2874.0,0.0
500348,Dois Irmãos do Buriti,MS,eligible_phase1_proxy,0.0,2874.0,2874.0,2874.0,0.0
500345,Deodápolis,MS,eligible_phase1_proxy,0.0,2874.0,2874.0,2874.0,0.0
220400,Francinópolis,PI,eligible_phase1_proxy,0.0,2874.0,2874.0,2874.0,0.0
220390,Floriano,PI,eligible_phase1_proxy,0.0,2874.0,2874.0,2874.0,0.0
500310,Corguinho,MS,eligible_phase1_proxy,0.0,2874.0,2874.0,2874.0,0.0
500290,Cassilândia,MS,eligible_phase1_proxy,0.0,2874.0,2874.0,2874.0,0.0
500230,Brasilândia,MS,eligible_phase1_proxy,0.0,2874.0,2874.0,2874.0,0.0
500215,Bodoquena,MS,eligible_phase1_proxy,0.0,2874.0,2874.0,2874.0,0.0
500210,Bela Vista,MS,eligible_phase1_proxy,0.0,2874.0,2874.0,2874.0,0.0
500200,Batayporã,MS,eligible_phase1_proxy,0.0,2874.0,2874.0,2874.0,0.0
500190,Bataguassu,MS,eligible_phase1_proxy,0.0,2874.0,2874.0,2874.0,0.0
500150,Bandeirantes,MS,eligible_phase1_proxy,0.0,2874.0,2874.0,2874.0,0.0
500124,Aral Moreira,MS,eligible_phase1_proxy,0.0,2874.0,2874.0,2874.0,0.0
500110,Aquidauana,MS,eligible_phase1_proxy,0.0,2874.0,2874.0,2874.0,0.0
500620,Nova Andradina,MS,eligible_phase1_proxy,0.0,2874.0,2874.0,2874.0,0.0
500600,Nova Alvorada do Sul,MS,eligible_phase1_proxy,0.0,2874.0,2874.0,2874.0,0.0
500580,Nioaque,MS,eligible_phase1_proxy,0.0,2874.0,2874.0,2874.0,0.0
500568,Mundo Novo,MS,eligible_phase1_proxy,0.0,2874.0,2874.0,2874.0,0.0
500560,Miranda,MS,eligible_phase1_proxy,0.0,2874.0,2874.0,2874.0,0.0
500525,Laguna Carapã,MS,eligible_phase1_proxy,0.0,2874.0,2874.0,2874.0,0.0
500520,Ladário,MS,eligible_phase1_proxy,0.0,2874.0,2874.0,2874.0,0.0
500500,Jardim,MS,eligible_phase1_proxy,0.0,2874.0,2874.0,2874.0,0.0
500490,Jaraguari,MS,eligible_phase1_proxy,0.0,2874.0,2874.0,2874.0,0.0
500470,Ivinhema,MS,eligible_phase1_proxy,0.0,2874.0,2874.0,2874.0,0.0
500460,Itaquiraí,MS,eligible_phase1_proxy,0.0,2874.0,2874.0,2874.0,0.0
500440,Inocência,MS,eligible_phase1_proxy,0.0,2874.0,2874.0,2874.0,0.0
500430,Iguatemi,MS,eligible_phase1_proxy,0.0,2874.0,2874.0,2874.0,0.0
500410,Guia Lopes da Laguna,MS,eligible_phase1_proxy,0.0,2874.0,2874.0,2874.0,0.0
500400,Glória de Dourados,MS,eligible_phase1_proxy,0.0,2874.0,2874.0,2874.0,0.0
500380,Fátima do Sul,MS,eligible_phase1_proxy,0.0,2874.0,2874.0,2874.0,0.0
500720,Rio Brilhante,MS,eligible_phase1_proxy,0.0,2874.0,2874.0,2874.0,0.0
220430,Fronteiras,PI,eligible_phase1_proxy,0.0,2874.0,2874.0,2874.0,0.0
171190,Lagoa da Confusão,TO,eligible_phase1_proxy,0.0,2874.0,2874.0,2874.0,0.0
171150,Jaú do Tocantins,TO,eligible_phase1_proxy,0.0,2874.0,2874.0,2874.0,0.0
171070,Itaguatins,TO,eligible_phase1_proxy,0.0,2874.0,2874.0,2874.0,0.0
171050,Itacajá,TO,eligible_phase1_proxy,0.0,2874.0,2874.0,2874.0,0.0
170950,Gurupi,TO,eligible_phase1_proxy,0.0,2874.0,2874.0,2874.0,0.0
170930,Guaraí,TO,eligible_phase1_proxy,0.0,2874.0,2874.0,2874.0,0.0
170900,Goiatins,TO,eligible_phase1_proxy,0.0,2874.0,2874.0,2874.0,0.0
170830,Goianorte,TO,eligible_phase1_proxy,0.0,2874.0,2874.0,2874.0,0.0
170820,Formoso do Araguaia,TO,eligible_phase1_proxy,0.0,2874.0,2874.0,2874.0,0.0
170770,Filadélfia,TO,eligible_phase1_proxy,0.0,2874.0,2874.0,2874.0,0.0
500690,Porto Murtinho,MS,eligible_phase1_proxy,0.0,2874.0,2874.0,2874.0,0.0
500640,Pedro Gomes,MS,eligible_phase1_proxy,0.0,2874.0,2874.0,2874.0,0.0
500627,Paraíso das Águas,MS,eligible_phase1_proxy,0.0,2874.0,2874.0,2874.0,0.0
500625,Novo Horizonte do Sul,MS,eligible_phase1_proxy,0.0,2874.0,2874.0,2874.0,0.0
510080,Apiacás,MT,eligible_phase1_proxy,0.0,2874.0,2874.0,2874.0,0.0
510050,Alto Paraguai,MT,eligible_phase1_proxy,0.0,2874.0,2874.0,2874.0,0.0
510040,Alto Garças,MT,eligible_phase1_proxy,0.0,2874.0,2874.0,2874.0,0.0
510035,Alto Boa Vista,MT,eligible_phase1_proxy,0.0,2874.0,2874.0,2874.0,0.0
510030,Alto Araguaia,MT,eligible_phase1_proxy,0.0,2874.0,2874.0,2874.0,0.0
510020,Água Boa,MT,eligible_phase1_proxy,0.0,2874.0,2874.0,2874.0,0.0
500840,Vicentina,MS,eligible_phase1_proxy,0.0,2874.0,2874.0,2874.0,0.0
500830,Três Lagoas,MS,eligible_phase1_proxy,0.0,2874.0,2874.0,2874.0,0.0
500800,TERENOS,MS,eligible_phase1_proxy,0.0,2874.0,2874.0,2874.0,0.0
500797,Taquarussu,MS,eligible_phase1_proxy,0.0,2874.0,2874.0,2874.0,0.0
500793,Sonora,MS,eligible_phase1_proxy,0.0,2874.0,2874.0,2874.0,0.0
500780,Selvíria,MS,eligible_phase1_proxy,0.0,2874.0,2874.0,2874.0,0.0
500769,São Gabriel do Oeste,MS,eligible_phase1_proxy,0.0,2874.0,2874.0,2874.0,0.0
500755,Santa Rita do Pardo,MS,eligible_phase1_proxy,0.0,2874.0,2874.0,2874.0,0.0
500740,Rio Verde de Mato Grosso,MS,eligible_phase1_proxy,0.0,2874.0,2874.0,2874.0,0.0
500730,Rio Negro,MS,eligible_phase1_proxy,0.0,2874.0,2874.0,2874.0,0.0
510337,Cotriguaçu,MT,eligible_phase1_proxy,0.0,2874.0,2874.0,2874.0,0.0
510330,Comodoro,MT,eligible_phase1_proxy,0.0,2874.0,2874.0,2874.0,0.0
510310,Cocalinho,MT,eligible_phase1_proxy,0.0,2874.0,2874.0,2874.0,0.0
510305,Cláudia,MT,eligible_phase1_proxy,0.0,2874.0,2874.0,2874.0,0.0
510300,Chapada dos Guimarães,MT,eligible_phase1_proxy,0.0,2874.0,2874.0,2874.0,0.0
510285,Castanheira,MT,eligible_phase1_proxy,0.0,2874.0,2874.0,2874.0,0.0
510279,Carlinda,MT,eligible_phase1_proxy,0.0,2874.0,2874.0,2874.0,0.0
510269,Canabrava do Norte,MT,eligible_phase1_proxy,0.0,2874.0,2874.0,2874.0,0.0
510268,Campos de Júlio,MT,eligible_phase1_proxy,0.0,2874.0,2874.0,2874.0,0.0
510267,Campo Verde,MT,eligible_phase1_proxy,0.0,2874.0,2874.0,2874.0,0.0
510250,Cáceres,MT,eligible_phase1_proxy,0.0,2874.0,2874.0,2874.0,0.0
510185,Bom Jesus do Araguaia,MT,eligible_phase1_proxy,0.0,2874.0,2874.0,2874.0,0.0
510170,Barra do Bugres,MT,eligible_phase1_proxy,0.0,2874.0,2874.0,2874.0,0.0
510160,Barão de Melgaço,MT,eligible_phase1_proxy,0.0,2874.0,2874.0,2874.0,0.0
510130,Arenápolis,MT,eligible_phase1_proxy,0.0,2874.0,2874.0,2874.0,0.0
510125,Araputanga,MT,eligible_phase1_proxy,0.0,2874.0,2874.0,2874.0,0.0
510520,Juscimeira,MT,eligible_phase1_proxy,0.0,2874.0,2874.0,2874.0,0.0
510517,Juruena,MT,eligible_phase1_proxy,0.0,2874.0,2874.0,2874.0,0.0
510500,Jauru,MT,eligible_phase1_proxy,0.0,2874.0,2874.0,2874.0,0.0
510490,Jangada,MT,eligible_phase1_proxy,0.0,2874.0,2874.0,2874.0,0.0
510480,Jaciara,MT,eligible_phase1_proxy,0.0,2874.0,2874.0,2874.0,0.0
510460,Itiquira,MT,eligible_phase1_proxy,0.0,2874.0,2874.0,2874.0,0.0
510454,Itanhangá,MT,eligible_phase1_proxy,0.0,2874.0,2874.0,2874.0,0.0
510452,Ipiranga do Norte,MT,eligible_phase1_proxy,0.0,2874.0,2874.0,2874.0,0.0
510420,Guiratinga,MT,eligible_phase1_proxy,0.0,2874.0,2874.0,2874.0,0.0
510410,Guarantã do Norte,MT,eligible_phase1_proxy,0.0,2874.0,2874.0,2874.0,0.0
510390,General Carneiro,MT,eligible_phase1_proxy,0.0,2874.0,2874.0,2874.0,0.0
510380,Figueirópolis D'Oeste,MT,eligible_phase1_proxy,0.0,2874.0,2874.0,2874.0,0.0
220450,Guadalupe,PI,eligible_phase1_proxy,0.0,2874.0,2874.0,2874.0,0.0
510350,Diamantino,MT,eligible_phase1_proxy,0.0,2874.0,2874.0,2874.0,0.0
510345,Denise,MT,eligible_phase1_proxy,0.0,2874.0,2874.0,2874.0,0.0
510343,Curvelândia,MT,eligible_phase1_proxy,0.0,2874.0,2874.0,2874.0,0.0
510619,Nova Santa Helena,MT,eligible_phase1_proxy,0.0,2874.0,2874.0,2874.0,0.0
510618,Nova Lacerda,MT,eligible_phase1_proxy,0.0,2874.0,2874.0,2874.0,0.0
510610,Nossa Senhora do Livramento,MT,eligible_phase1_proxy,0.0,2874.0,2874.0,2874.0,0.0
510600,Nortelândia,MT,eligible_phase1_proxy,0.0,2874.0,2874.0,2874.0,0.0
510560,Matupá,MT,eligible_phase1_proxy,0.0,2874.0,2874.0,2874.0,0.0
510558,Marcelândia,MT,eligible_phase1_proxy,0.0,2874.0,2874.0,2874.0,0.0
170740,Esperantina,TO,eligible_phase1_proxy,0.0,2874.0,2874.0,2874.0,0.0
170710,Divinópolis do Tocantins,TO,eligible_phase1_proxy,0.0,2874.0,2874.0,2874.0,0.0
170700,Dianópolis,TO,eligible_phase1_proxy,0.0,2874.0,2874.0,2874.0,0.0
170650,DARCINOPOLIS,TO,eligible_phase1_proxy,0.0,2874.0,2874.0,2874.0,0.0
170610,Cristalândia,TO,eligible_phase1_proxy,0.0,2874.0,2874.0,2874.0,0.0
170600,Couto Magalhães,TO,eligible_phase1_proxy,0.0,2874.0,2874.0,2874.0,0.0
170555,Combinado,TO,eligible_phase1_proxy,0.0,2874.0,2874.0,2874.0,0.0
170550,Colinas do Tocantins,TO,eligible_phase1_proxy,0.0,2874.0,2874.0,2874.0,0.0
170410,Centenário,TO,eligible_phase1_proxy,0.0,2874.0,2874.0,2874.0,0.0
510523,Lambari D'Oeste,MT,eligible_phase1_proxy,0.0,2874.0,2874.0,2874.0,0.0
110149,São Francisco do Guaporé,RO,eligible_phase1_proxy,0.0,2874.0,2874.0,2874.0,0.0
110148,São Felipe D'Oeste,RO,eligible_phase1_proxy,0.0,2874.0,2874.0,2874.0,0.0
110145,Parecis,RO,eligible_phase1_proxy,0.0,2874.0,2874.0,2874.0,0.0
110143,Nova União,RO,eligible_phase1_proxy,0.0,2874.0,2874.0,2874.0,0.0
110140,Monte Negro,RO,eligible_phase1_proxy,0.0,2874.0,2874.0,2874.0,0.0
110130,Mirante da Serra,RO,eligible_phase1_proxy,0.0,2874.0,2874.0,2874.0,0.0
110120,Ministro Andreazza,RO,eligible_phase1_proxy,0.0,2874.0,2874.0,2874.0,0.0
510650,Poconé,MT,eligible_phase1_proxy,0.0,2874.0,2874.0,2874.0,0.0
510637,Pedra Preta,MT,eligible_phase1_proxy,0.0,2874.0,2874.0,2874.0,0.0
510629,Paranaíta,MT,eligible_phase1_proxy,0.0,2874.0,2874.0,2874.0,0.0
510628,Novo São Joaquim,MT,eligible_phase1_proxy,0.0,2874.0,2874.0,2874.0,0.0
510627,Novo Horizonte do Norte,MT,eligible_phase1_proxy,0.0,2874.0,2874.0,2874.0,0.0
510626,Novo Mundo,MT,eligible_phase1_proxy,0.0,2874.0,2874.0,2874.0,0.0
510623,Nova Olímpia,MT,eligible_phase1_proxy,0.0,2874.0,2874.0,2874.0,0.0
220470,Inhuma,PI,eligible_phase1_proxy,0.0,2874.0,2874.0,2874.0,0.0
510621,Nova Canaã do Norte,MT,eligible_phase1_proxy,0.0,2874.0,2874.0,2874.0,0.0
510729,São José do Povo,MT,eligible_phase1_proxy,0.0,2874.0,2874.0,2874.0,0.0
510724,Santa Carmem,MT,eligible_phase1_proxy,0.0,2874.0,2874.0,2874.0,0.0
510720,RIO BRANCO,MT,eligible_phase1_proxy,0.0,2874.0,2874.0,2874.0,0.0
510719,Ribeirãozinho,MT,eligible_phase1_proxy,0.0,2874.0,2874.0,2874.0,0.0
510718,Ribeirão Cascalheira,MT,eligible_phase1_proxy,0.0,2874.0,2874.0,2874.0,0.0
510715,Reserva do Cabaçal,MT,eligible_phase1_proxy,0.0,2874.0,2874.0,2874.0,0.0
220490,Isaías Coelho,PI,eligible_phase1_proxy,0.0,2874.0,2874.0,2874.0,0.0
220480,Ipiranga do Piauí,PI,eligible_phase1_proxy,0.0,2874.0,2874.0,2874.0,0.0
510682,Porto Esperidião,MT,eligible_phase1_proxy,0.0,2874.0,2874.0,2874.0,0.0
510680,Porto dos Gaúchos,MT,eligible_phase1_proxy,0.0,2874.0,2874.0,2874.0,0.0
510677,Porto Alegre do Norte,MT,eligible_phase1_proxy,0.0,2874.0,2874.0,2874.0,0.0
510665,Pontal do Araguaia,MT,eligible_phase1_proxy,0.0,2874.0,2874.0,2874.0,0.0
110180,Vale do Paraíso,RO,eligible_phase1_proxy,0.0,2874.0,2874.0,2874.0,0.0
110175,Vale do Anari,RO,eligible_phase1_proxy,0.0,2874.0,2874.0,2874.0,0.0
110170,Urupá,RO,eligible_phase1_proxy,0.0,2874.0,2874.0,2874.0,0.0
110150,Seringueiras,RO,eligible_phase1_proxy,0.0,2874.0,2874.0,2874.0,0.0
510880,Nova Guarita,MT,eligible_phase1_proxy,0.0,2874.0,2874.0,2874.0,0.0
510860,Vila Rica,MT,eligible_phase1_proxy,0.0,2874.0,2874.0,2874.0,0.0
510835,Vale de São Domingos,MT,eligible_phase1_proxy,0.0,2874.0,2874.0,2874.0,0.0
510830,União do Sul,MT,eligible_phase1_proxy,0.0,2874.0,2874.0,2874.0,0.0
510820,Torixoréu,MT,eligible_phase1_proxy,0.0,2874.0,2874.0,2874.0,0.0
510810,Tesouro,MT,eligible_phase1_proxy,0.0,2874.0,2874.0,2874.0,0.0
510805,Terra Nova do Norte,MT,eligible_phase1_proxy,0.0,2874.0,2874.0,2874.0,0.0
510794,Tabaporã,MT,eligible_phase1_proxy,0.0,2874.0,2874.0,2874.0,0.0
510788,Serra Nova Dourada,MT,eligible_phase1_proxy,0.0,2874.0,2874.0,2874.0,0.0
220500,Itainópolis,PI,eligible_phase1_proxy,0.0,2874.0,2874.0,2874.0,0.0
510780,Santo Antônio de Leverger,MT,eligible_phase1_proxy,0.0,2874.0,2874.0,2874.0,0.0
510779,Santo Antônio do Leste,MT,eligible_phase1_proxy,0.0,2874.0,2874.0,2874.0,0.0
510777,Santa Terezinha,MT,eligible_phase1_proxy,0.0,2874.0,2874.0,2874.0,0.0
510775,Salto do Céu,MT,eligible_phase1_proxy,0.0,2874.0,2874.0,2874.0,0.0
510770,Rosário Oeste,MT,eligible_phase1_proxy,0.0,2874.0,2874.0,2874.0,0.0
510730,São José do Rio Claro,MT,eligible_phase1_proxy,0.0,2874.0,2874.0,2874.0,0.0
520150,Aporé,GO,eligible_phase1_proxy,0.0,2874.0,2874.0,2874.0,0.0
520130,Anicuns,GO,eligible_phase1_proxy,0.0,2874.0,2874.0,2874.0,0.0
520090,Amorinópolis,GO,eligible_phase1_proxy,0.0,2874.0,2874.0,2874.0,0.0
520085,Americano do Brasil,GO,eligible_phase1_proxy,0.0,2874.0,2874.0,2874.0,0.0
520082,Amaralina,GO,eligible_phase1_proxy,0.0,2874.0,2874.0,2874.0,0.0
520080,Alvorada do Norte,GO,eligible_phase1_proxy,0.0,2874.0,2874.0,2874.0,0.0
520060,Alto Paraíso de Goiás,GO,eligible_phase1_proxy,0.0,2874.0,2874.0,2874.0,0.0
520055,Alto Horizonte,GO,eligible_phase1_proxy,0.0,2874.0,2874.0,2874.0,0.0
520050,Aloândia,GO,eligible_phase1_proxy,0.0,2874.0,2874.0,2874.0,0.0
520030,Alexânia,GO,eligible_phase1_proxy,0.0,2874.0,2874.0,2874.0,0.0
520020,Água Limpa,GO,eligible_phase1_proxy,0.0,2874.0,2874.0,2874.0,0.0
520017,Água Fria de Goiás,GO,eligible_phase1_proxy,0.0,2874.0,2874.0,2874.0,0.0
520015,Adelândia,GO,eligible_phase1_proxy,0.0,2874.0,2874.0,2874.0,0.0
520013,Acreúna,GO,eligible_phase1_proxy,0.0,2874.0,2874.0,2874.0,0.0
520010,Abadiânia,GO,eligible_phase1_proxy,0.0,2874.0,2874.0,2874.0,0.0
220510,Itaueira,PI,eligible_phase1_proxy,0.0,2874.0,2874.0,2874.0,0.0
520390,Buriti Alegre,GO,eligible_phase1_proxy,0.0,2874.0,2874.0,2874.0,0.0
520380,Britânia,GO,eligible_phase1_proxy,0.0,2874.0,2874.0,2874.0,0.0
520360,Brazabrantes,GO,eligible_phase1_proxy,0.0,2874.0,2874.0,2874.0,0.0
520357,Bonópolis,GO,eligible_phase1_proxy,0.0,2874.0,2874.0,2874.0,0.0
520355,Bonfinópolis,GO,eligible_phase1_proxy,0.0,2874.0,2874.0,2874.0,0.0
520350,Bom Jesus de Goiás,GO,eligible_phase1_proxy,0.0,2874.0,2874.0,2874.0,0.0
520340,Bom Jardim de Goiás,GO,eligible_phase1_proxy,0.0,2874.0,2874.0,2874.0,0.0
520330,Bela Vista de Goiás,GO,eligible_phase1_proxy,0.0,2874.0,2874.0,2874.0,0.0
520280,Avelinópolis,GO,eligible_phase1_proxy,0.0,2874.0,2874.0,2874.0,0.0
520260,Aurilândia,GO,eligible_phase1_proxy,0.0,2874.0,2874.0,2874.0,0.0
520250,Aruanã,GO,eligible_phase1_proxy,0.0,2874.0,2874.0,2874.0,0.0
520235,Arenópolis,GO,eligible_phase1_proxy,0.0,2874.0,2874.0,2874.0,0.0
520215,Araguapaz,GO,eligible_phase1_proxy,0.0,2874.0,2874.0,2874.0,0.0
520180,Aragoiânia,GO,eligible_phase1_proxy,0.0,2874.0,2874.0,2874.0,0.0
520170,Aragarças,GO,eligible_phase1_proxy,0.0,2874.0,2874.0,2874.0,0.0
520160,Araçu,GO,eligible_phase1_proxy,0.0,2874.0,2874.0,2874.0,0.0
520495,Campos Verdes,GO,eligible_phase1_proxy,0.0,2874.0,2874.0,2874.0,0.0
520490,Campos Belos,GO,eligible_phase1_proxy,0.0,2874.0,2874.0,2874.0,0.0
520485,Campo Limpo de Goiás,GO,eligible_phase1_proxy,0.0,2874.0,2874.0,2874.0,0.0
520480,Campo Alegre de Goiás,GO,eligible_phase1_proxy,0.0,2874.0,2874.0,2874.0,0.0
520470,Campinorte,GO,eligible_phase1_proxy,0.0,2874.0,2874.0,2874.0,0.0
520465,Campinaçu,GO,eligible_phase1_proxy,0.0,2874.0,2874.0,2874.0,0.0
520460,Campestre de Goiás,GO,eligible_phase1_proxy,0.0,2874.0,2874.0,2874.0,0.0
520455,Caldazinha,GO,eligible_phase1_proxy,0.0,2874.0,2874.0,2874.0,0.0
520440,Caiapônia,GO,eligible_phase1_proxy,0.0,2874.0,2874.0,2874.0,0.0
520430,Caçu,GO,eligible_phase1_proxy,0.0,2874.0,2874.0,2874.0,0.0
520425,Cachoeira Dourada,GO,eligible_phase1_proxy,0.0,2874.0,2874.0,2874.0,0.0
520420,Cachoeira de Goiás,GO,eligible_phase1_proxy,0.0,2874.0,2874.0,2874.0,0.0
520410,Cachoeira Alta,GO,eligible_phase1_proxy,0.0,2874.0,2874.0,2874.0,0.0
520400,Cabeceiras,GO,eligible_phase1_proxy,0.0,2874.0,2874.0,2874.0,0.0
520396,Buritinópolis,GO,eligible_phase1_proxy,0.0,2874.0,2874.0,2874.0,0.0
520393,Buriti de Goiás,GO,eligible_phase1_proxy,0.0,2874.0,2874.0,2874.0,0.0
520570,Córrego do Ouro,GO,eligible_phase1_proxy,0.0,2874.0,2874.0,2874.0,0.0
520552,Colinas do Sul,GO,eligible_phase1_proxy,0.0,2874.0,2874.0,2874.0,0.0
520545,Cezarina,GO,eligible_phase1_proxy,0.0,2874.0,2874.0,2874.0,0.0
520540,Ceres,GO,eligible_phase1_proxy,0.0,2874.0,2874.0,2874.0,0.0
520530,Cavalcante,GO,eligible_phase1_proxy,0.0,2874.0,2874.0,2874.0,0.0
520520,Caturaí,GO,eligible_phase1_proxy,0.0,2874.0,2874.0,2874.0,0.0
170390,Caseara,TO,eligible_phase1_proxy,0.0,2874.0,2874.0,2874.0,0.0
170386,Cariri do Tocantins,TO,eligible_phase1_proxy,0.0,2874.0,2874.0,2874.0,0.0
170384,Campos Lindos,TO,eligible_phase1_proxy,0.0,2874.0,2874.0,2874.0,0.0
170380,Buriti do Tocantins,TO,eligible_phase1_proxy,0.0,2874.0,2874.0,2874.0,0.0
170370,Brejinho de Nazaré,TO,eligible_phase1_proxy,0.0,2874.0,2874.0,2874.0,0.0
170320,Bernardo Sayão,TO,eligible_phase1_proxy,0.0,2874.0,2874.0,2874.0,0.0
170310,Barrolândia,TO,eligible_phase1_proxy,0.0,2874.0,2874.0,2874.0,0.0
170300,Babaçulândia,TO,eligible_phase1_proxy,0.0,2874.0,2874.0,2874.0,0.0
170290,Axixá do Tocantins,TO,eligible_phase1_proxy,0.0,2874.0,2874.0,2874.0,0.0
520500,Carmo do Rio Verde,GO,eligible_phase1_proxy,0.0,2874.0,2874.0,2874.0,0.0
520780,Firminópolis,GO,eligible_phase1_proxy,0.0,2874.0,2874.0,2874.0,0.0
520760,Fazenda Nova,GO,eligible_phase1_proxy,0.0,2874.0,2874.0,2874.0,0.0
520753,Faina,GO,eligible_phase1_proxy,0.0,2874.0,2874.0,2874.0,0.0
520750,Estrela do Norte,GO,eligible_phase1_proxy,0.0,2874.0,2874.0,2874.0,0.0
520740,Edéia,GO,eligible_phase1_proxy,0.0,2874.0,2874.0,2874.0,0.0
520735,Edealina,GO,eligible_phase1_proxy,0.0,2874.0,2874.0,2874.0,0.0
520725,Doverlândia,GO,eligible_phase1_proxy,0.0,2874.0,2874.0,2874.0,0.0
520710,Diorama,GO,eligible_phase1_proxy,0.0,2874.0,2874.0,2874.0,0.0
520690,Davinópolis,GO,eligible_phase1_proxy,0.0,2874.0,2874.0,2874.0,0.0
520680,Damolândia,GO,eligible_phase1_proxy,0.0,2874.0,2874.0,2874.0,0.0
520670,Damianópolis,GO,eligible_phase1_proxy,0.0,2874.0,2874.0,2874.0,0.0
520660,Cumari,GO,eligible_phase1_proxy,0.0,2874.0,2874.0,2874.0,0.0
520650,Cromínia,GO,eligible_phase1_proxy,0.0,2874.0,2874.0,2874.0,0.0
520640,Crixás,GO,eligible_phase1_proxy,0.0,2874.0,2874.0,2874.0,0.0
520620,Cristalina,GO,eligible_phase1_proxy,0.0,2874.0,2874.0,2874.0,0.0
520580,Corumbá de Goiás,GO,eligible_phase1_proxy,0.0,2874.0,2874.0,2874.0,0.0
520990,Iaciara,GO,eligible_phase1_proxy,0.0,2874.0,2874.0,2874.0,0.0
520980,Hidrolina,GO,eligible_phase1_proxy,0.0,2874.0,2874.0,2874.0,0.0
520970,Hidrolândia,GO,eligible_phase1_proxy,0.0,2874.0,2874.0,2874.0,0.0
520960,Heitoraí,GO,eligible_phase1_proxy,0.0,2874.0,2874.0,2874.0,0.0
520940,Guarani de Goiás,GO,eligible_phase1_proxy,0.0,2874.0,2874.0,2874.0,0.0
520929,Guaraíta,GO,eligible_phase1_proxy,0.0,2874.0,2874.0,2874.0,0.0
520920,Guapó,GO,eligible_phase1_proxy,0.0,2874.0,2874.0,2874.0,0.0
520915,Gouvelândia,GO,eligible_phase1_proxy,0.0,2874.0,2874.0,2874.0,0.0
520910,Goiatuba,GO,eligible_phase1_proxy,0.0,2874.0,2874.0,2874.0,0.0
520890,Goiás,GO,eligible_phase1_proxy,0.0,2874.0,2874.0,2874.0,0.0
520850,Goiandira,GO,eligible_phase1_proxy,0.0,2874.0,2874.0,2874.0,0.0
520840,Goianápolis,GO,eligible_phase1_proxy,0.0,2874.0,2874.0,2874.0,0.0
520830,Divinópolis de Goiás,GO,eligible_phase1_proxy,0.0,2874.0,2874.0,2874.0,0.0
520815,Gameleira de Goiás,GO,eligible_phase1_proxy,0.0,2874.0,2874.0,2874.0,0.0
520810,Formoso,GO,eligible_phase1_proxy,0.0,2874.0,2874.0,2874.0,0.0
520790,Flores de Goiás,GO,eligible_phase1_proxy,0.0,2874.0,2874.0,2874.0,0.0
521160,Ivolândia,GO,eligible_phase1_proxy,0.0,2874.0,2874.0,2874.0,0.0
521140,Itauçu,GO,eligible_phase1_proxy,0.0,2874.0,2874.0,2874.0,0.0
521130,Itarumã,GO,eligible_phase1_proxy,0.0,2874.0,2874.0,2874.0,0.0
521120,Itapuranga,GO,eligible_phase1_proxy,0.0,2874.0,2874.0,2874.0,0.0
521100,Itapirapuã,GO,eligible_phase1_proxy,0.0,2874.0,2874.0,2874.0,0.0
521090,Itapaci,GO,eligible_phase1_proxy,0.0,2874.0,2874.0,2874.0,0.0
521080,Itajá,GO,eligible_phase1_proxy,0.0,2874.0,2874.0,2874.0,0.0
521060,Itaguaru,GO,eligible_phase1_proxy,0.0,2874.0,2874.0,2874.0,0.0
521056,ITAGUARI,GO,eligible_phase1_proxy,0.0,2874.0,2874.0,2874.0,0.0
521040,Itaberaí,GO,eligible_phase1_proxy,0.0,2874.0,2874.0,2874.0,0.0
521030,ISRAELANDIA,GO,eligible_phase1_proxy,0.0,2874.0,2874.0,2874.0,0.0
521015,Ipiranga de Goiás,GO,eligible_phase1_proxy,0.0,2874.0,2874.0,2874.0,0.0
521010,Ipameri,GO,eligible_phase1_proxy,0.0,2874.0,2874.0,2874.0,0.0
521000,Inhumas,GO,eligible_phase1_proxy,0.0,2874.0,2874.0,2874.0,0.0
520995,Indiara,GO,eligible_phase1_proxy,0.0,2874.0,2874.0,2874.0,0.0
520993,Inaciolândia,GO,eligible_phase1_proxy,0.0,2874.0,2874.0,2874.0,0.0
521375,Montividiu,GO,eligible_phase1_proxy,0.0,2874.0,2874.0,2874.0,0.0
521370,Montes Claros de Goiás,GO,eligible_phase1_proxy,0.0,2874.0,2874.0,2874.0,0.0
521350,Monte Alegre de Goiás,GO,eligible_phase1_proxy,0.0,2874.0,2874.0,2874.0,0.0
521300,Maurilândia,GO,eligible_phase1_proxy,0.0,2874.0,2874.0,2874.0,0.0
521295,Matrinchã,GO,eligible_phase1_proxy,0.0,2874.0,2874.0,2874.0,0.0
521290,Marzagão,GO,eligible_phase1_proxy,0.0,2874.0,2874.0,2874.0,0.0
521280,Mara Rosa,GO,eligible_phase1_proxy,0.0,2874.0,2874.0,2874.0,0.0
521270,Mambaí,GO,eligible_phase1_proxy,0.0,2874.0,2874.0,2874.0,0.0
521260,Mairipotaba,GO,eligible_phase1_proxy,0.0,2874.0,2874.0,2874.0,0.0
521230,Leopoldo de Bulhões,GO,eligible_phase1_proxy,0.0,2874.0,2874.0,2874.0,0.0
521225,LAGOA SANTA,GO,eligible_phase1_proxy,0.0,2874.0,2874.0,2874.0,0.0
521220,Jussara,GO,eligible_phase1_proxy,0.0,2874.0,2874.0,2874.0,0.0
521210,Joviânia,GO,eligible_phase1_proxy,0.0,2874.0,2874.0,2874.0,0.0
521205,Jesúpolis,GO,eligible_phase1_proxy,0.0,2874.0,2874.0,2874.0,0.0
521200,Jaupaci,GO,eligible_phase1_proxy,0.0,2874.0,2874.0,2874.0,0.0
521170,Jandaia,GO,eligible_phase1_proxy,0.0,2874.0,2874.0,2874.0,0.0
521523,Novo Gama,GO,eligible_phase1_proxy,0.0,2874.0,2874.0,2874.0,0.0
521520,Novo Brasil,GO,eligible_phase1_proxy,0.0,2874.0,2874.0,2874.0,0.0
521500,Nova Veneza,GO,eligible_phase1_proxy,0.0,2874.0,2874.0,2874.0,0.0
521490,Nova Roma,GO,eligible_phase1_proxy,0.0,2874.0,2874.0,2874.0,0.0
521487,Nova Iguaçu de Goiás,GO,eligible_phase1_proxy,0.0,2874.0,2874.0,2874.0,0.0
521483,Nova Crixás,GO,eligible_phase1_proxy,0.0,2874.0,2874.0,2874.0,0.0
521480,Nova Aurora,GO,eligible_phase1_proxy,0.0,2874.0,2874.0,2874.0,0.0
521470,Nova América,GO,eligible_phase1_proxy,0.0,2874.0,2874.0,2874.0,0.0
521460,Niquelândia,GO,eligible_phase1_proxy,0.0,2874.0,2874.0,2874.0,0.0
521450,Nerópolis,GO,eligible_phase1_proxy,0.0,2874.0,2874.0,2874.0,0.0
521440,Nazário,GO,eligible_phase1_proxy,0.0,2874.0,2874.0,2874.0,0.0
521410,Mutunópolis,GO,eligible_phase1_proxy,0.0,2874.0,2874.0,2874.0,0.0
521405,Mundo Novo,GO,eligible_phase1_proxy,0.0,2874.0,2874.0,2874.0,0.0
521400,Mozarlândia,GO,eligible_phase1_proxy,0.0,2874.0,2874.0,2874.0,0.0
521390,Mossâmedes,GO,eligible_phase1_proxy,0.0,2874.0,2874.0,2874.0,0.0
521377,Montividiu do Norte,GO,eligible_phase1_proxy,0.0,2874.0,2874.0,2874.0,0.0
110090,Castanheiras,RO,eligible_phase1_proxy,0.0,2874.0,2874.0,2874.0,0.0
110080,Candeias do Jamari,RO,eligible_phase1_proxy,0.0,2874.0,2874.0,2874.0,0.0
110070,Campo Novo de Rondônia,RO,eligible_phase1_proxy,0.0,2874.0,2874.0,2874.0,0.0
110060,Cacaulândia,RO,eligible_phase1_proxy,0.0,2874.0,2874.0,2874.0,0.0
110050,Novo Horizonte do Oeste,RO,eligible_phase1_proxy,0.0,2874.0,2874.0,2874.0,0.0
110045,Buritis,RO,eligible_phase1_proxy,0.0,2874.0,2874.0,2874.0,0.0
110040,Alto Paraíso,RO,eligible_phase1_proxy,0.0,2874.0,2874.0,2874.0,0.0
110037,Alto Alegre dos Parecis,RO,eligible_phase1_proxy,0.0,2874.0,2874.0,2874.0,0.0
110034,Alvorada D'Oeste,RO,eligible_phase1_proxy,0.0,2874.0,2874.0,2874.0,0.0
110033,Nova Mamoré,RO,eligible_phase1_proxy,0.0,2874.0,2874.0,2874.0,0.0
110030,Vilhena,RO,eligible_phase1_proxy,0.0,2874.0,2874.0,2874.0,0.0
521565,Palestina de Goiás,GO,eligible_phase1_proxy,0.0,2874.0,2874.0,2874.0,0.0
521560,Padre Bernardo,GO,eligible_phase1_proxy,0.0,2874.0,2874.0,2874.0,0.0
521540,Ouro Verde de Goiás,GO,eligible_phase1_proxy,0.0,2874.0,2874.0,2874.0,0.0
521530,Orizona,GO,eligible_phase1_proxy,0.0,2874.0,2874.0,2874.0,0.0
521525,Novo Planalto,GO,eligible_phase1_proxy,0.0,2874.0,2874.0,2874.0,0.0
521839,Professor Jamil,GO,eligible_phase1_proxy,0.0,2874.0,2874.0,2874.0,0.0
521830,Posse,GO,eligible_phase1_proxy,0.0,2874.0,2874.0,2874.0,0.0
220525,Jardim do Mulato,PI,eligible_phase1_proxy,0.0,2874.0,2874.0,2874.0,0.0
521770,Pontalina,GO,eligible_phase1_proxy,0.0,2874.0,2874.0,2874.0,0.0
220520,Jaicós,PI,eligible_phase1_proxy,0.0,2874.0,2874.0,2874.0,0.0
521720,Piranhas,GO,eligible_phase1_proxy,0.0,2874.0,2874.0,2874.0,0.0
521690,Pilar de Goiás,GO,eligible_phase1_proxy,0.0,2874.0,2874.0,2874.0,0.0
521680,Petrolina de Goiás,GO,eligible_phase1_proxy,0.0,2874.0,2874.0,2874.0,0.0
521645,Perolândia,GO,eligible_phase1_proxy,0.0,2874.0,2874.0,2874.0,0.0
521640,Paraúna,GO,eligible_phase1_proxy,0.0,2874.0,2874.0,2874.0,0.0
521630,Paranaiguara,GO,eligible_phase1_proxy,0.0,2874.0,2874.0,2874.0,0.0
521600,Panamá,GO,eligible_phase1_proxy,0.0,2874.0,2874.0,2874.0,0.0
521590,Palminópolis,GO,eligible_phase1_proxy,0.0,2874.0,2874.0,2874.0,0.0
521580,Palmelo,GO,eligible_phase1_proxy,0.0,2874.0,2874.0,2874.0,0.0
110110,Itapuã do Oeste,RO,eligible_phase1_proxy,0.0,2874.0,2874.0,2874.0,0.0
110092,Chupinguaia,RO,eligible_phase1_proxy,0.0,2874.0,2874.0,2874.0,0.0
521890,Rubiataba,GO,eligible_phase1_proxy,0.0,2874.0,2874.0,2874.0,0.0
170255,Augustinópolis,TO,eligible_phase1_proxy,0.0,2874.0,2874.0,2874.0,0.0
170240,Arraias,TO,eligible_phase1_proxy,0.0,2874.0,2874.0,2874.0,0.0
170230,Arapoema,TO,eligible_phase1_proxy,0.0,2874.0,2874.0,2874.0,0.0
110005,Cerejeiras,RO,eligible_phase1_proxy,0.0,2874.0,2874.0,2874.0,0.0
522157,Uirapuru,GO,eligible_phase1_proxy,0.0,2874.0,2874.0,2874.0,0.0
522155,Turvelândia,GO,eligible_phase1_proxy,0.0,2874.0,2874.0,2874.0,0.0
522150,Turvânia,GO,eligible_phase1_proxy,0.0,2874.0,2874.0,2874.0,0.0
522145,Trombas,GO,eligible_phase1_proxy,0.0,2874.0,2874.0,2874.0,0.0
522130,Três Ranchos,GO,eligible_phase1_proxy,0.0,2874.0,2874.0,2874.0,0.0
522119,Terezópolis de Goiás,GO,eligible_phase1_proxy,0.0,2874.0,2874.0,2874.0,0.0
522108,Teresina de Goiás,GO,eligible_phase1_proxy,0.0,2874.0,2874.0,2874.0,0.0
522100,Taquaral de Goiás,GO,eligible_phase1_proxy,0.0,2874.0,2874.0,2874.0,0.0
110008,Costa Marques,RO,eligible_phase1_proxy,0.0,2874.0,2874.0,2874.0,0.0
521925,Santa Fé de Goiás,GO,eligible_phase1_proxy,0.0,2874.0,2874.0,2874.0,0.0
170270,Aurora do Tocantins,TO,eligible_phase1_proxy,0.0,2874.0,2874.0,2874.0,0.0
220553,Jurema,PI,eligible_phase1_proxy,0.0,2874.0,2874.0,2874.0,0.0
220551,Juazeiro do Piauí,PI,eligible_phase1_proxy,0.0,2874.0,2874.0,2874.0,0.0
220550,José de Freitas,PI,eligible_phase1_proxy,0.0,2874.0,2874.0,2874.0,0.0
220545,Joca Marques,PI,eligible_phase1_proxy,0.0,2874.0,2874.0,2874.0,0.0
220540,Joaquim Pires,PI,eligible_phase1_proxy,0.0,2874.0,2874.0,2874.0,0.0
150040,Alenquer,PA,no_observed_pfpb_pharmacy,,,,,
150215,Canaã dos Carajás,PA,no_observed_pfpb_pharmacy,,,,,
150506,Novo Repartimento,PA,no_observed_pfpb_pharmacy,,,,,
150375,Jacareacanga,PA,no_observed_pfpb_pharmacy,,,,,
150310,Gurupá,PA,no_observed_pfpb_pharmacy,,,,,
130420,Tefé,AM,no_observed_pfpb_pharmacy,,,,,
150590,Porto de Moz,PA,no_observed_pfpb_pharmacy,,,,,
150490,Muaná,PA,no_observed_pfpb_pharmacy,,,,,
150110,Bagre,PA,no_observed_pfpb_pharmacy,,,,,
120030,Feijó,AC,no_observed_pfpb_pharmacy,,,,,
510622,Nova Mutum,MT,no_observed_pfpb_pharmacy,,,,,
130100,Carauari,AM,no_observed_pfpb_pharmacy,,,,,
430543,Chuí,RS,no_observed_pfpb_pharmacy,,,,,
130350,Pauini,AM,no_observed_pfpb_pharmacy,,,,,
430225,Boa Vista do Sul,RS,no_observed_pfpb_pharmacy,,,,,
510700,Poxoréu,MT,no_observed_pfpb_pharmacy,,,,,
150600,Prainha,PA,no_observed_pfpb_pharmacy,,,,,
150070,Anajás,PA,no_observed_pfpb_pharmacy,,,,,
521805,Porteirão,GO,no_observed_pfpb_pharmacy,,,,,
150050,Almeirim,PA,no_observed_pfpb_pharmacy,,,,,
130080,Borba,AM,no_observed_pfpb_pharmacy,,,,,
150295,Eldorado do Carajás,PA,no_observed_pfpb_pharmacy,,,,,
130330,Novo Aripuanã,AM,no_observed_pfpb_pharmacy,,,,,
150797,TERRA SANTA,PA,no_observed_pfpb_pharmacy,,,,,
120032,Jordão,AC,no_observed_pfpb_pharmacy,,,,,
500315,Coronel Sapucaia,MS,no_observed_pfpb_pharmacy,,,,,
510785,São Félix do Araguaia,MT,no_observed_pfpb_pharmacy,,,,,
310960,Cachoeira da Prata,MG,no_observed_pfpb_pharmacy,,,,,
500390,Figueirão,MS,no_observed_pfpb_pharmacy,,,,,
510885,Nova Marilândia,MT,no_observed_pfpb_pharmacy,,,,,
291900,Lajedinho,BA,no_observed_pfpb_pharmacy,,,,,
150570,Ponta de Pedras,PA,no_observed_pfpb_pharmacy,,,,,
130195,Itamarati,AM,no_observed_pfpb_pharmacy,,,,,
510550,Vila Bela da Santíssima Trindade,MT,no_observed_pfpb_pharmacy,,,,,
220527,Jatobá do Piauí,PI,no_observed_pfpb_pharmacy,,,,,
220530,Jerumenha,PI,no_observed_pfpb_pharmacy,,,,,
220535,João Costa,PI,no_observed_pfpb_pharmacy,,,,,
220552,Júlio Borges,PI,no_observed_pfpb_pharmacy,,,,,
220554,Lagoinha do Piauí,PI,no_observed_pfpb_pharmacy,,,,,
220557,Lagoa de São Francisco,PI,no_observed_pfpb_pharmacy,,,,,
220559,Lagoa do Sítio,PI,no_observed_pfpb_pharmacy,,,,,
220605,Massapê do Piauí,PI,no_observed_pfpb_pharmacy,,,,,
220630,Miguel Leão,PI,no_observed_pfpb_pharmacy,,,,,
220635,Milton Brandão,PI,no_observed_pfpb_pharmacy,,,,,
220669,Murici dos Portelas,PI,no_observed_pfpb_pharmacy,,,,,
220755,Paquetá,PI,no_observed_pfpb_pharmacy,,,,,
220779,Pau D'Arco do Piauí,PI,no_observed_pfpb_pharmacy,,,,,
220793,Pedro Laurentino,PI,no_observed_pfpb_pharmacy,,,,,
220870,Redenção do Gurguéia,PI,no_observed_pfpb_pharmacy,,,,,
220885,Riacho Frio,PI,no_observed_pfpb_pharmacy,,,,,
220887,Ribeira do Piauí,PI,no_observed_pfpb_pharmacy,,,,,
220935,Santana do Piauí,PI,no_observed_pfpb_pharmacy,,,,,
220937,Santa Rosa do Piauí,PI,no_observed_pfpb_pharmacy,,,,,
220945,Santo Antônio dos Milagres,PI,no_observed_pfpb_pharmacy,,,,,
220950,Santo Inácio do Piauí,PI,no_observed_pfpb_pharmacy,,,,,
220960,São Félix do Piauí,PI,no_observed_pfpb_pharmacy,,,,,
220975,São Gonçalo do Gurguéia,PI,no_observed_pfpb_pharmacy,,,,,
220980,São Gonçalo do Piauí,PI,no_observed_pfpb_pharmacy,,,,,
220985,São João da Canabrava,PI,no_observed_pfpb_pharmacy,,,,,
220995,São João da Varjota,PI,no_observed_pfpb_pharmacy,,,,,
221005,São José do Divino,PI,no_observed_pfpb_pharmacy,,,,,
221010,São José do Peixe,PI,no_observed_pfpb_pharmacy,,,,,
221020,São José do Piauí,PI,no_observed_pfpb_pharmacy,,,,,
221037,São Luis do Piauí,PI,no_observed_pfpb_pharmacy,,,,,
221038,São Miguel da Baixa Grande,PI,no_observed_pfpb_pharmacy,,,,,
221039,São Miguel do Fidalgo,PI,no_observed_pfpb_pharmacy,,,,,
221062,Sebastião Barros,PI,no_observed_pfpb_pharmacy,,,,,
221080,Simplício Mendes,PI,no_observed_pfpb_pharmacy,,,,,
221090,Socorro do Piauí,PI,no_observed_pfpb_pharmacy,,,,,
221095,Tamboril do Piauí,PI,no_observed_pfpb_pharmacy,,,,,
221135,Várzea Branca,PI,no_observed_pfpb_pharmacy,,,,,
230120,Aracoiaba,CE,no_observed_pfpb_pharmacy,,,,,
230360,Catarina,CE,no_observed_pfpb_pharmacy,,,,,
230510,Guaramiranga,CE,no_observed_pfpb_pharmacy,,,,,
230720,Jati,CE,no_observed_pfpb_pharmacy,,,,,
231095,PIRES FERREIRA,CE,no_observed_pfpb_pharmacy,,,,,
231355,Tururu,CE,no_observed_pfpb_pharmacy,,,,,
220194,Boqueirão do Piauí,PI,no_observed_pfpb_pharmacy,,,,,
220196,Brasileira,PI,no_observed_pfpb_pharmacy,,,,,
220200,Buriti dos Lopes,PI,no_observed_pfpb_pharmacy,,,,,
220207,Cajazeiras do Piauí,PI,no_observed_pfpb_pharmacy,,,,,
220225,Canavieira,PI,no_observed_pfpb_pharmacy,,,,,
240150,Barcelona,RN,no_observed_pfpb_pharmacy,,,,,
240160,Bento Fernandes,RN,no_observed_pfpb_pharmacy,,,,,
240165,Bodó,RN,no_observed_pfpb_pharmacy,,,,,
240190,Caiçara do Rio do Vento,RN,no_observed_pfpb_pharmacy,,,,,
240290,Coronel João Pessoa,RN,no_observed_pfpb_pharmacy,,,,,
240410,Galinhos,RN,no_observed_pfpb_pharmacy,,,,,
240480,Ipueira,RN,no_observed_pfpb_pharmacy,,,,,
240550,Jardim de Angicos,RN,no_observed_pfpb_pharmacy,,,,,
240615,Jundiá,RN,no_observed_pfpb_pharmacy,,,,,
160080,Vitória do Jari,AP,no_observed_pfpb_pharmacy,,,,,
170025,Abreulândia,TO,no_observed_pfpb_pharmacy,,,,,
170030,Aguiarnópolis,TO,no_observed_pfpb_pharmacy,,,,,
170105,Angico,TO,no_observed_pfpb_pharmacy,,,,,
170130,Aragominas,TO,no_observed_pfpb_pharmacy,,,,,
170215,Araguanã,TO,no_observed_pfpb_pharmacy,,,,,
240790,Monte das Gameleiras,RN,no_observed_pfpb_pharmacy,,,,,
240960,PEDRA PRETA,RN,no_observed_pfpb_pharmacy,,,,,
241142,Santana do Seridó,RN,no_observed_pfpb_pharmacy,,,,,
241380,Taboleiro Grande,RN,no_observed_pfpb_pharmacy,,,,,
250053,Alcantil,PB,no_observed_pfpb_pharmacy,,,,,
250115,Areia de Baraúnas,PB,no_observed_pfpb_pharmacy,,,,,
250375,Cajazeirinhas,PB,no_observed_pfpb_pharmacy,,,,,
250410,Carrapateira,PB,no_observed_pfpb_pharmacy,,,,,
250855,Logradouro,PB,no_observed_pfpb_pharmacy,,,,,
251260,Quixaba,PB,no_observed_pfpb_pharmacy,,,,,
251274,Riachão,PB,no_observed_pfpb_pharmacy,,,,,
251278,Riacho de Santo Antônio,PB,no_observed_pfpb_pharmacy,,,,,
251300,Salgadinho,PB,no_observed_pfpb_pharmacy,,,,,
251380,Santa Teresinha,PB,no_observed_pfpb_pharmacy,,,,,
251460,São José do Bonfim,PB,no_observed_pfpb_pharmacy,,,,,
260180,Betânia,PE,no_observed_pfpb_pharmacy,,,,,
260545,Fernando de Noronha,PE,no_observed_pfpb_pharmacy,,,,,
260710,Ingazeira,PE,no_observed_pfpb_pharmacy,,,,,
260795,Jaqueira,PE,no_observed_pfpb_pharmacy,,,,,
260845,Lagoa do Carro,PE,no_observed_pfpb_pharmacy,,,,,
220130,Barreiras do Piauí,PI,no_observed_pfpb_pharmacy,,,,,
220173,Betânia do Piauí,PI,no_observed_pfpb_pharmacy,,,,,
220177,Boa Hora,PI,no_observed_pfpb_pharmacy,,,,,
220180,Bocaina,PI,no_observed_pfpb_pharmacy,,,,,
220191,Bom Princípio do Piauí,PI,no_observed_pfpb_pharmacy,,,,,
261255,Santa Filomena,PE,no_observed_pfpb_pharmacy,,,,,
261420,Sirinhaém,PE,no_observed_pfpb_pharmacy,,,,,
261440,Solidão,PE,no_observed_pfpb_pharmacy,,,,,
270090,Belo Monte,AL,no_observed_pfpb_pharmacy,,,,,
270270,Feliz Deserto,AL,no_observed_pfpb_pharmacy,,,,,
270350,Jacuípe,AL,no_observed_pfpb_pharmacy,,,,,
270360,Japaratinga,AL,no_observed_pfpb_pharmacy,,,,,
270600,Olivença,AL,no_observed_pfpb_pharmacy,,,,,
270620,Palestina,AL,no_observed_pfpb_pharmacy,,,,,
270700,Pindoba,AL,no_observed_pfpb_pharmacy,,,,,
270750,Porto Real do Colégio,AL,no_observed_pfpb_pharmacy,,,,,
280010,Amparo do São Francisco,SE,no_observed_pfpb_pharmacy,,,,,
280070,Brejo Grande,SE,no_observed_pfpb_pharmacy,,,,,
280110,Canhoba,SE,no_observed_pfpb_pharmacy,,,,,
280190,Cumbe,SE,no_observed_pfpb_pharmacy,,,,,
280200,Divina Pastora,SE,no_observed_pfpb_pharmacy,,,,,
280250,General Maynard,SE,no_observed_pfpb_pharmacy,,,,,
280340,Japoatã,SE,no_observed_pfpb_pharmacy,,,,,
280380,Malhada dos Bois,SE,no_observed_pfpb_pharmacy,,,,,
280440,Neópolis,SE,no_observed_pfpb_pharmacy,,,,,
280490,Pacatuba,SE,no_observed_pfpb_pharmacy,,,,,
280500,Pedra Mole,SE,no_observed_pfpb_pharmacy,,,,,
280530,Pirambu,SE,no_observed_pfpb_pharmacy,,,,,
280590,Riachuelo,SE,no_observed_pfpb_pharmacy,,,,,
280610,Rosário do Catete,SE,no_observed_pfpb_pharmacy,,,,,
280630,Santa Luzia do Itanhy,SE,no_observed_pfpb_pharmacy,,,,,
280640,Santana do São Francisco,SE,no_observed_pfpb_pharmacy,,,,,
280700,São Miguel do Aleixo,SE,no_observed_pfpb_pharmacy,,,,,
280730,Telha,SE,no_observed_pfpb_pharmacy,,,,,
290090,Almadina,BA,no_observed_pfpb_pharmacy,,,,,
290150,Anguera,BA,no_observed_pfpb_pharmacy,,,,,
290170,Antônio Cardoso,BA,no_observed_pfpb_pharmacy,,,,,
290205,Araçás,BA,no_observed_pfpb_pharmacy,,,,,
290220,Aramari,BA,no_observed_pfpb_pharmacy,,,,,
290480,Caatiba,BA,no_observed_pfpb_pharmacy,,,,,
290510,Caém,BA,no_observed_pfpb_pharmacy,,,,,
290540,Cairu,BA,no_observed_pfpb_pharmacy,,,,,
290700,Cardeal da Silva,BA,no_observed_pfpb_pharmacy,,,,,
290770,Chorrochó,BA,no_observed_pfpb_pharmacy,,,,,
290820,Conceição da Feira,BA,no_observed_pfpb_pharmacy,,,,,
290940,Cotegipe,BA,no_observed_pfpb_pharmacy,,,,,
291020,Dom Macedo Costa,BA,no_observed_pfpb_pharmacy,,,,,
291030,Elísio Medrado,BA,no_observed_pfpb_pharmacy,,,,,
291090,Firmino Alves,BA,no_observed_pfpb_pharmacy,,,,,
291140,Glória,BA,no_observed_pfpb_pharmacy,,,,,
291260,Ibiquera,BA,no_observed_pfpb_pharmacy,,,,,
291290,Ibirataia,BA,no_observed_pfpb_pharmacy,,,,,
291300,Ibitiara,BA,no_observed_pfpb_pharmacy,,,,,
291330,Ichu,BA,no_observed_pfpb_pharmacy,,,,,
291345,Igrapiúna,BA,no_observed_pfpb_pharmacy,,,,,
291380,Ipecaetá,BA,no_observed_pfpb_pharmacy,,,,,
291420,Irajuba,BA,no_observed_pfpb_pharmacy,,,,,
220010,Agricolândia,PI,no_observed_pfpb_pharmacy,,,,,
220045,Alvorada do Gurguéia,PI,no_observed_pfpb_pharmacy,,,,,
220095,Aroeiras do Itaim,PI,no_observed_pfpb_pharmacy,,,,,
291500,Itaeté,BA,no_observed_pfpb_pharmacy,,,,,
291590,Itanagra,BA,no_observed_pfpb_pharmacy,,,,,
291780,Jaguaripe,BA,no_observed_pfpb_pharmacy,,,,,
291790,Jandaíra,BA,no_observed_pfpb_pharmacy,,,,,
291850,Jussara,BA,no_observed_pfpb_pharmacy,,,,,
291910,Lamarão,BA,no_observed_pfpb_pharmacy,,,,,
291990,Macururé,BA,no_observed_pfpb_pharmacy,,,,,
291992,Madre de Deus,BA,no_observed_pfpb_pharmacy,,,,,
292140,Mirangaba,BA,no_observed_pfpb_pharmacy,,,,,
292160,Morpará,BA,no_observed_pfpb_pharmacy,,,,,
292225,Muquém do São Francisco,BA,no_observed_pfpb_pharmacy,,,,,
292275,Nova Ibiá,BA,no_observed_pfpb_pharmacy,,,,,
292280,Nova Itarana,BA,no_observed_pfpb_pharmacy,,,,,
292285,Nova Redenção,BA,no_observed_pfpb_pharmacy,,,,,
292525,Ponto Novo,BA,no_observed_pfpb_pharmacy,,,,,
292595,Rafael Jambeiro,BA,no_observed_pfpb_pharmacy,,,,,
292620,Riachão das Neves,BA,no_observed_pfpb_pharmacy,,,,,
292710,Rodelas,BA,no_observed_pfpb_pharmacy,,,,,
292770,Santa Cruz Cabrália,BA,no_observed_pfpb_pharmacy,,,,,
292830,Santanópolis,BA,no_observed_pfpb_pharmacy,,,,,
292935,São José da Vitória,BA,no_observed_pfpb_pharmacy,,,,,
292980,Saúde,BA,no_observed_pfpb_pharmacy,,,,,
293076,Sítio do Quinto,BA,no_observed_pfpb_pharmacy,,,,,
293140,Teodoro Sampaio,BA,no_observed_pfpb_pharmacy,,,,,
293170,Terra Nova,BA,no_observed_pfpb_pharmacy,,,,,
310070,Água Comprida,MG,no_observed_pfpb_pharmacy,,,,,
211227,Tufilândia,MA,no_observed_pfpb_pharmacy,,,,,
211245,Turilândia,MA,no_observed_pfpb_pharmacy,,,,,
310310,Antônio Prado de Minas,MG,no_observed_pfpb_pharmacy,,,,,
310320,Araçaí,MG,no_observed_pfpb_pharmacy,,,,,
310480,Augusto de Lima,MG,no_observed_pfpb_pharmacy,,,,,
310665,Berizal,MG,no_observed_pfpb_pharmacy,,,,,
311115,Campo Azul,MG,no_observed_pfpb_pharmacy,,,,,
311310,Caranaíba,MG,no_observed_pfpb_pharmacy,,,,,
311560,Cedro do Abaeté,MG,no_observed_pfpb_pharmacy,,,,,
311590,Chácara,MG,no_observed_pfpb_pharmacy,,,,,
311620,Chiador,MG,no_observed_pfpb_pharmacy,,,,,
312340,Doresópolis,MG,no_observed_pfpb_pharmacy,,,,,
312350,Douradoquara,MG,no_observed_pfpb_pharmacy,,,,,
312640,Fortuna de Minas,MG,no_observed_pfpb_pharmacy,,,,,
312675,Franciscópolis,MG,no_observed_pfpb_pharmacy,,,,,
211163,São Raimundo do Doca Bezerra,MA,no_observed_pfpb_pharmacy,,,,,
211174,Senador Alexandre Costa,MA,no_observed_pfpb_pharmacy,,,,,
312790,Grupiara,MG,no_observed_pfpb_pharmacy,,,,,
313065,Indaiabira,MG,no_observed_pfpb_pharmacy,,,,,
150835,Vitória do Xingu,PA,no_observed_pfpb_pharmacy,,,,,
160005,Serra do Navio,AP,no_observed_pfpb_pharmacy,,,,,
160010,Amapá,AP,no_observed_pfpb_pharmacy,,,,,
160015,Pedra Branca do Amapari,AP,no_observed_pfpb_pharmacy,,,,,
160020,Calçoene,AP,no_observed_pfpb_pharmacy,,,,,
160021,Cutias,AP,no_observed_pfpb_pharmacy,,,,,
160023,Ferreira Gomes,AP,no_observed_pfpb_pharmacy,,,,,
160025,Itaubal,AP,no_observed_pfpb_pharmacy,,,,,
160040,Mazagão,AP,no_observed_pfpb_pharmacy,,,,,
160053,Porto Grande,AP,no_observed_pfpb_pharmacy,,,,,
160055,Pracuúba,AP,no_observed_pfpb_pharmacy,,,,,
313500,Jaguaraçu,MG,no_observed_pfpb_pharmacy,,,,,
313680,Juramento,MG,no_observed_pfpb_pharmacy,,,,,
314250,Monjolos,MG,no_observed_pfpb_pharmacy,,,,,
211040,São Benedito do Rio Preto,MA,no_observed_pfpb_pharmacy,,,,,
211080,São Félix de Balsas,MA,no_observed_pfpb_pharmacy,,,,,
211085,São Francisco do Brejão,MA,no_observed_pfpb_pharmacy,,,,,
211107,São João do Soter,MA,no_observed_pfpb_pharmacy,,,,,
315380,Queluzito,MG,no_observed_pfpb_pharmacy,,,,,
315760,Santa Fé de Minas,MG,no_observed_pfpb_pharmacy,,,,,
150770,São Sebastião da Boa Vista,PA,no_observed_pfpb_pharmacy,,,,,
150803,Tracuateua,PA,no_observed_pfpb_pharmacy,,,,,
150805,Trairão,PA,no_observed_pfpb_pharmacy,,,,,
315840,Santana de Cataguases,MG,no_observed_pfpb_pharmacy,,,,,
316330,São José do Divino,MG,no_observed_pfpb_pharmacy,,,,,
316490,São Sebastião do Rio Verde,MG,no_observed_pfpb_pharmacy,,,,,
316580,Senador José Bento,MG,no_observed_pfpb_pharmacy,,,,,
316660,Serra da Saudade,MG,no_observed_pfpb_pharmacy,,,,,
316810,Tapira,MG,no_observed_pfpb_pharmacy,,,,,
316820,TAPIRAI,MG,no_observed_pfpb_pharmacy,,,,,
317140,Vieiras,MG,no_observed_pfpb_pharmacy,,,,,
150690,Santarém Novo,PA,no_observed_pfpb_pharmacy,,,,,
150740,São Francisco do Pará,PA,no_observed_pfpb_pharmacy,,,,,
150746,São João da Ponta,PA,no_observed_pfpb_pharmacy,,,,,
150747,São João de Pirabas,PA,no_observed_pfpb_pharmacy,,,,,
150750,São João do Araguaia,PA,no_observed_pfpb_pharmacy,,,,,
210927,Presidente Sarney,MA,no_observed_pfpb_pharmacy,,,,,
210940,Primeira Cruz,MA,no_observed_pfpb_pharmacy,,,,,
210955,Ribamar Fiquene,MA,no_observed_pfpb_pharmacy,,,,,
210960,Rosário,MA,no_observed_pfpb_pharmacy,,,,,
210980,Santa Helena,MA,no_observed_pfpb_pharmacy,,,,,
522070,Sítio d'Abadia,GO,no_observed_pfpb_pharmacy,,,,,
150610,Primavera,PA,no_observed_pfpb_pharmacy,,,,,
150640,Santa Cruz do Arari,PA,no_observed_pfpb_pharmacy,,,,,
150655,Santa Luzia do Pará,PA,no_observed_pfpb_pharmacy,,,,,
210825,Pedro do Rosário,MA,no_observed_pfpb_pharmacy,,,,,
210905,Porto Rico do Maranhão,MA,no_observed_pfpb_pharmacy,,,,,
210920,Presidente Juscelino,MA,no_observed_pfpb_pharmacy,,,,,
210923,Presidente Médici,MA,no_observed_pfpb_pharmacy,,,,,
350230,Anhembi,SP,no_observed_pfpb_pharmacy,,,,,
350335,Arco-Íris,SP,no_observed_pfpb_pharmacy,,,,,
150503,Novo Progresso,PA,no_observed_pfpb_pharmacy,,,,,
521920,Santa Cruz de Goiás,GO,no_observed_pfpb_pharmacy,,,,,
150510,Óbidos,PA,no_observed_pfpb_pharmacy,,,,,
150520,Oeiras do Pará,PA,no_observed_pfpb_pharmacy,,,,,
150560,Peixe-Boi,PA,no_observed_pfpb_pharmacy,,,,,
210700,Montes Altos,MA,no_observed_pfpb_pharmacy,,,,,
210720,Nina Rodrigues,MA,no_observed_pfpb_pharmacy,,,,,
210725,Nova Colinas,MA,no_observed_pfpb_pharmacy,,,,,
210730,Nova Iorque,MA,no_observed_pfpb_pharmacy,,,,,
210735,Nova Olinda do Maranhão,MA,no_observed_pfpb_pharmacy,,,,,
210760,Palmeirândia,MA,no_observed_pfpb_pharmacy,,,,,
350715,Bom Sucesso de Itararé,SP,no_observed_pfpb_pharmacy,,,,,
350745,Borebi,SP,no_observed_pfpb_pharmacy,,,,,
350775,Brejo Alegre,SP,no_observed_pfpb_pharmacy,,,,,
521945,Santa Rita do Novo Destino,GO,no_observed_pfpb_pharmacy,,,,,
351250,Coroados,SP,no_observed_pfpb_pharmacy,,,,,
150400,Limoeiro do Ajuru,PA,no_observed_pfpb_pharmacy,,,,,
150410,Magalhães Barata,PA,no_observed_pfpb_pharmacy,,,,,
150430,Maracanã,PA,no_observed_pfpb_pharmacy,,,,,
210598,Lajeado Novo,MA,no_observed_pfpb_pharmacy,,,,,
210620,Luís Domingues,MA,no_observed_pfpb_pharmacy,,,,,
210635,Marajá do Sena,MA,no_observed_pfpb_pharmacy,,,,,
210637,Maranhãozinho,MA,no_observed_pfpb_pharmacy,,,,,
210663,Matões do Norte,MA,no_observed_pfpb_pharmacy,,,,,
150475,Mojuí dos Campos,PA,no_observed_pfpb_pharmacy,,,,,
521971,Santo Antônio da Barra,GO,no_observed_pfpb_pharmacy,,,,,
210535,Itaipava do Grajaú,MA,no_observed_pfpb_pharmacy,,,,,
210545,Jatobá,MA,no_observed_pfpb_pharmacy,,,,,
210547,Jenipapo dos Vieiras,MA,no_observed_pfpb_pharmacy,,,,,
210565,Junco do Maranhão,MA,no_observed_pfpb_pharmacy,,,,,
210580,Lago do Junco,MA,no_observed_pfpb_pharmacy,,,,,
210590,Lago Verde,MA,no_observed_pfpb_pharmacy,,,,,
210596,Lagoa Grande do Maranhão,MA,no_observed_pfpb_pharmacy,,,,,
150300,Faro,PA,no_observed_pfpb_pharmacy,,,,,
150340,Inhangapi,PA,no_observed_pfpb_pharmacy,,,,,
150390,Juruti,PA,no_observed_pfpb_pharmacy,,,,,
210430,Godofredo Viana,MA,no_observed_pfpb_pharmacy,,,,,
210455,Governador Edison Lobão,MA,no_observed_pfpb_pharmacy,,,,,
210465,Governador Newton Bello,MA,no_observed_pfpb_pharmacy,,,,,
210470,Graça Aranha,MA,no_observed_pfpb_pharmacy,,,,,
210515,Igarapé do Meio,MA,no_observed_pfpb_pharmacy,,,,,
150260,Colares,PA,no_observed_pfpb_pharmacy,,,,,
150285,Curuá,PA,no_observed_pfpb_pharmacy,,,,,
353160,Monte Castelo,SP,no_observed_pfpb_pharmacy,,,,,
353286,Nova Castilho,SP,no_observed_pfpb_pharmacy,,,,,
353310,Nova Guataporanga,SP,no_observed_pfpb_pharmacy,,,,,
353380,Óleo,SP,no_observed_pfpb_pharmacy,,,,,
210350,Colinas,MA,no_observed_pfpb_pharmacy,,,,,
210355,Conceição do Lago-Açu,MA,no_observed_pfpb_pharmacy,,,,,
210390,Duque Bacelar,MA,no_observed_pfpb_pharmacy,,,,,
150125,Bannach,PA,no_observed_pfpb_pharmacy,,,,,
150160,Bonito,PA,no_observed_pfpb_pharmacy,,,,,
354010,PONGAI,SP,no_observed_pfpb_pharmacy,,,,,
220265,Caxingó,PI,no_observed_pfpb_pharmacy,,,,,
210237,Cachoeira Grande,MA,no_observed_pfpb_pharmacy,,,,,
210240,Cajapió,MA,no_observed_pfpb_pharmacy,,,,,
210255,Campestre do Maranhão,MA,no_observed_pfpb_pharmacy,,,,,
210260,Cândido Mendes,MA,no_observed_pfpb_pharmacy,,,,,
210290,Carutapera,MA,no_observed_pfpb_pharmacy,,,,,
210310,Cedral,MA,no_observed_pfpb_pharmacy,,,,,
210315,Centro do Guilherme,MA,no_observed_pfpb_pharmacy,,,,,
210317,Centro Novo do Maranhão,MA,no_observed_pfpb_pharmacy,,,,,
354625,Santa Cruz da Esperança,SP,no_observed_pfpb_pharmacy,,,,,
140060,São Luiz do Anauá,RR,no_observed_pfpb_pharmacy,,,,,
140070,Uiramutã,RR,no_observed_pfpb_pharmacy,,,,,
150030,Afuá,PA,no_observed_pfpb_pharmacy,,,,,
210173,Belágua,MA,no_observed_pfpb_pharmacy,,,,,
210180,Benedito Leite,MA,no_observed_pfpb_pharmacy,,,,,
210197,Boa Vista do Gurupi,MA,no_observed_pfpb_pharmacy,,,,,
210207,Bom Lugar,MA,no_observed_pfpb_pharmacy,,,,,
130426,Uarini,AM,no_observed_pfpb_pharmacy,,,,,
130430,Urucará,AM,no_observed_pfpb_pharmacy,,,,,
130440,Urucurituba,AM,no_observed_pfpb_pharmacy,,,,,
140015,Bonfim,RR,no_observed_pfpb_pharmacy,,,,,
140017,Cantá,RR,no_observed_pfpb_pharmacy,,,,,
140020,Caracaraí,RR,no_observed_pfpb_pharmacy,,,,,
140028,Iracema,RR,no_observed_pfpb_pharmacy,,,,,
140040,Normandia,RR,no_observed_pfpb_pharmacy,,,,,
140045,Pacaraima,RR,no_observed_pfpb_pharmacy,,,,,
355475,Trabiju,SP,no_observed_pfpb_pharmacy,,,,,
410020,Adrianópolis,PR,no_observed_pfpb_pharmacy,,,,,
410185,Ariranha do Ivaí,PR,no_observed_pfpb_pharmacy,,,,,
410322,Bom Sucesso do Sul,PR,no_observed_pfpb_pharmacy,,,,,
410395,Campina do Simão,PR,no_observed_pfpb_pharmacy,,,,,
210055,Amapá do Maranhão,MA,no_observed_pfpb_pharmacy,,,,,
210087,Araguanã,MA,no_observed_pfpb_pharmacy,,,,,
210090,Araioses,MA,no_observed_pfpb_pharmacy,,,,,
210125,Bacabeira,MA,no_observed_pfpb_pharmacy,,,,,
210130,Bacuri,MA,no_observed_pfpb_pharmacy,,,,,
210135,Bacurituba,MA,no_observed_pfpb_pharmacy,,,,,
410773,Fernandes Pinheiro,PR,no_observed_pfpb_pharmacy,,,,,
130320,Novo Airão,AM,no_observed_pfpb_pharmacy,,,,,
130340,Parintins,AM,no_observed_pfpb_pharmacy,,,,,
130360,Santa Isabel do Rio Negro,AM,no_observed_pfpb_pharmacy,,,,,
130370,Santo Antônio do Içá,AM,no_observed_pfpb_pharmacy,,,,,
220300,Cristalândia do Piauí,PI,no_observed_pfpb_pharmacy,,,,,
130395,São Sebastião do Uatumã,AM,no_observed_pfpb_pharmacy,,,,,
130410,Tapauá,AM,no_observed_pfpb_pharmacy,,,,,
130423,Tonantins,AM,no_observed_pfpb_pharmacy,,,,,
410950,Guaraqueçaba,PR,no_observed_pfpb_pharmacy,,,,,
411260,Jardim Olinda,PR,no_observed_pfpb_pharmacy,,,,,
172125,Tupirama,TO,no_observed_pfpb_pharmacy,,,,,
172130,Tupiratins,TO,no_observed_pfpb_pharmacy,,,,,
172208,Wanderlândia,TO,no_observed_pfpb_pharmacy,,,,,
210040,Altamira do Maranhão,MA,no_observed_pfpb_pharmacy,,,,,
210043,Alto Alegre do Maranhão,MA,no_observed_pfpb_pharmacy,,,,,
210047,Alto Alegre do Pindaré,MA,no_observed_pfpb_pharmacy,,,,,
411650,Nova Aliança do Ivaí,PR,no_observed_pfpb_pharmacy,,,,,
411830,Paranapoema,PR,no_observed_pfpb_pharmacy,,,,,
411925,Pinhal de São Bento,PR,no_observed_pfpb_pharmacy,,,,,
411970,Planaltina do Paraná,PR,no_observed_pfpb_pharmacy,,,,,
412010,Porto Amazonas,PR,no_observed_pfpb_pharmacy,,,,,
412015,Porto Barreiro,PR,no_observed_pfpb_pharmacy,,,,,
412360,Santa Inês,PR,no_observed_pfpb_pharmacy,,,,,
220323,Currais,PI,no_observed_pfpb_pharmacy,,,,,
220325,Curralinhos,PI,no_observed_pfpb_pharmacy,,,,,
130200,Itapiranga,AM,no_observed_pfpb_pharmacy,,,,,
130210,Japurá,AM,no_observed_pfpb_pharmacy,,,,,
130255,Manaquiri,AM,no_observed_pfpb_pharmacy,,,,,
130280,Maraã,AM,no_observed_pfpb_pharmacy,,,,,
130300,Nhamundá,AM,no_observed_pfpb_pharmacy,,,,,
130310,Nova Olinda do Norte,AM,no_observed_pfpb_pharmacy,,,,,
412590,São Pedro do Paraná,PR,no_observed_pfpb_pharmacy,,,,,
420165,Arvoredo,SC,no_observed_pfpb_pharmacy,,,,,
420208,Bandeirante,SC,no_observed_pfpb_pharmacy,,,,,
420253,Bom Jesus,SC,no_observed_pfpb_pharmacy,,,,,
171886,Santa Fé do Araguaia,TO,no_observed_pfpb_pharmacy,,,,,
171889,Santa Rita do Tocantins,TO,no_observed_pfpb_pharmacy,,,,,
171890,Santa Rosa do Tocantins,TO,no_observed_pfpb_pharmacy,,,,,
172000,Santa Terezinha do Tocantins,TO,no_observed_pfpb_pharmacy,,,,,
172010,São Bento do Tocantins,TO,no_observed_pfpb_pharmacy,,,,,
172020,São Miguel do Tocantins,TO,no_observed_pfpb_pharmacy,,,,,
172025,São Salvador do Tocantins,TO,no_observed_pfpb_pharmacy,,,,,
172030,São Sebastião do Tocantins,TO,no_observed_pfpb_pharmacy,,,,,
172085,Sucupira,TO,no_observed_pfpb_pharmacy,,,,,
172093,Taipas do Tocantins,TO,no_observed_pfpb_pharmacy,,,,,
420419,Chapadão do Lageado,SC,no_observed_pfpb_pharmacy,,,,,
420435,Cordilheira Alta,SC,no_observed_pfpb_pharmacy,,,,,
420510,Dona Emma,SC,no_observed_pfpb_pharmacy,,,,,
420535,Flor do Sertão,SC,no_observed_pfpb_pharmacy,,,,,
420555,Frei Rogério,SC,no_observed_pfpb_pharmacy,,,,,
420768,Ipuaçu,SC,no_observed_pfpb_pharmacy,,,,,
420920,Lacerdópolis,SC,no_observed_pfpb_pharmacy,,,,,
420945,Lajeado Grande,SC,no_observed_pfpb_pharmacy,,,,,
421125,Morro Grande,SC,no_observed_pfpb_pharmacy,,,,,
421335,Ponte Alta do Norte,SC,no_observed_pfpb_pharmacy,,,,,
421535,Saltinho,SC,no_observed_pfpb_pharmacy,,,,,
421569,Santiago do Sul,SC,no_observed_pfpb_pharmacy,,,,,
421715,São Miguel da Boa Vista,SC,no_observed_pfpb_pharmacy,,,,,
430003,Aceguá,RS,no_observed_pfpb_pharmacy,,,,,
130083,Caapiranga,AM,no_observed_pfpb_pharmacy,,,,,
130090,Canutama,AM,no_observed_pfpb_pharmacy,,,,,
220340,Dom Expedito Lopes,PI,no_observed_pfpb_pharmacy,,,,,
130110,Careiro,AM,no_observed_pfpb_pharmacy,,,,,
130115,CAREIRO DA VARZEA,AM,no_observed_pfpb_pharmacy,,,,,
130120,Coari,AM,no_observed_pfpb_pharmacy,,,,,
130130,CODAJAS,AM,no_observed_pfpb_pharmacy,,,,,
130165,Guajará,AM,no_observed_pfpb_pharmacy,,,,,
130180,Ipixuna,AM,no_observed_pfpb_pharmacy,,,,,
171720,Piraquê,TO,no_observed_pfpb_pharmacy,,,,,
171800,Porto Alegre do Tocantins,TO,no_observed_pfpb_pharmacy,,,,,
171845,Pugmil,TO,no_observed_pfpb_pharmacy,,,,,
171850,Recursolândia,TO,no_observed_pfpb_pharmacy,,,,,
171865,Rio da Conceição,TO,no_observed_pfpb_pharmacy,,,,,
171870,Rio dos Bois,TO,no_observed_pfpb_pharmacy,,,,,
171875,Rio Sono,TO,no_observed_pfpb_pharmacy,,,,,
430187,Barra do Quaraí,RS,no_observed_pfpb_pharmacy,,,,,
430222,Boa Vista do Cadeado,RS,no_observed_pfpb_pharmacy,,,,,
220342,Domingos Mourão,PI,no_observed_pfpb_pharmacy,,,,,
430258,Bozano,RS,no_observed_pfpb_pharmacy,,,,,
220345,Dom Inocêncio,PI,no_observed_pfpb_pharmacy,,,,,
430583,Coqueiro Baixo,RS,no_observed_pfpb_pharmacy,,,,,
430593,Coronel Pilar,RS,no_observed_pfpb_pharmacy,,,,,
120070,Xapuri,AC,no_observed_pfpb_pharmacy,,,,,
130002,Alvarães,AM,no_observed_pfpb_pharmacy,,,,,
130006,Amaturá,AM,no_observed_pfpb_pharmacy,,,,,
130008,Anamã,AM,no_observed_pfpb_pharmacy,,,,,
130010,Anori,AM,no_observed_pfpb_pharmacy,,,,,
130014,Apuí,AM,no_observed_pfpb_pharmacy,,,,,
130020,Atalaia do Norte,AM,no_observed_pfpb_pharmacy,,,,,
130030,Autazes,AM,no_observed_pfpb_pharmacy,,,,,
130040,Barcelos,AM,no_observed_pfpb_pharmacy,,,,,
130050,Barreirinha,AM,no_observed_pfpb_pharmacy,,,,,
130060,Benjamin Constant,AM,no_observed_pfpb_pharmacy,,,,,
130063,BERURI,AM,no_observed_pfpb_pharmacy,,,,,
430843,Forquetinha,RS,no_observed_pfpb_pharmacy,,,,,
430865,Garruchos,RS,no_observed_pfpb_pharmacy,,,,,
431046,Ipiranga do Sul,RS,no_observed_pfpb_pharmacy,,,,,
431057,ITAPUCA,RS,no_observed_pfpb_pharmacy,,,,,
431113,Jari,RS,no_observed_pfpb_pharmacy,,,,,
431164,Linha Nova,RS,no_observed_pfpb_pharmacy,,,,,
431171,Maçambará,RS,no_observed_pfpb_pharmacy,,,,,
431213,Mato Castelhano,RS,no_observed_pfpb_pharmacy,,,,,
431217,Mato Queimado,RS,no_observed_pfpb_pharmacy,,,,,
431235,Montauri,RS,no_observed_pfpb_pharmacy,,,,,
431237,Monte Alegre dos Campos,RS,no_observed_pfpb_pharmacy,,,,,
431238,Monte Belo do Sul,RS,no_observed_pfpb_pharmacy,,,,,
431261,Muitos Capões,RS,no_observed_pfpb_pharmacy,,,,,
431335,Nova Roma do Sul,RS,no_observed_pfpb_pharmacy,,,,,
171515,Novo Alegre,TO,no_observed_pfpb_pharmacy,,,,,
171525,Novo Jardim,TO,no_observed_pfpb_pharmacy,,,,,
171550,Oliveira de Fátima,TO,no_observed_pfpb_pharmacy,,,,,
171630,Pau D'Arco,TO,no_observed_pfpb_pharmacy,,,,,
171700,Pindorama do Tocantins,TO,no_observed_pfpb_pharmacy,,,,,
431417,Pedras Altas,RS,no_observed_pfpb_pharmacy,,,,,
431446,Pinhal da Serra,RS,no_observed_pfpb_pharmacy,,,,,
431449,Pinheirinho do Vale,RS,no_observed_pfpb_pharmacy,,,,,
431531,Quatro Irmãos,RS,no_observed_pfpb_pharmacy,,,,,
431595,Rolador,RS,no_observed_pfpb_pharmacy,,,,,
120005,Assis Brasil,AC,no_observed_pfpb_pharmacy,,,,,
120013,Bujari,AC,no_observed_pfpb_pharmacy,,,,,
120017,Capixaba,AC,no_observed_pfpb_pharmacy,,,,,
220375,Fartura do Piauí,PI,no_observed_pfpb_pharmacy,,,,,
220380,Flores do Piauí,PI,no_observed_pfpb_pharmacy,,,,,
120033,Mâncio Lima,AC,no_observed_pfpb_pharmacy,,,,,
120034,Manoel Urbano,AC,no_observed_pfpb_pharmacy,,,,,
120035,Marechal Thaumaturgo,AC,no_observed_pfpb_pharmacy,,,,,
120039,Porto Walter,AC,no_observed_pfpb_pharmacy,,,,,
120043,Santa Rosa do Purus,AC,no_observed_pfpb_pharmacy,,,,,
431697,Santa Margarida do Sul,RS,no_observed_pfpb_pharmacy,,,,,
432045,Sério,RS,no_observed_pfpb_pharmacy,,,,,
432057,Sete de Setembro,RS,no_observed_pfpb_pharmacy,,,,,
171195,Lagoa do Tocantins,TO,no_observed_pfpb_pharmacy,,,,,
171215,Lavandeira,TO,no_observed_pfpb_pharmacy,,,,,
171240,Lizarda,TO,no_observed_pfpb_pharmacy,,,,,
171270,Mateiros,TO,no_observed_pfpb_pharmacy,,,,,
171360,Monte do Carmo,TO,no_observed_pfpb_pharmacy,,,,,
171370,Monte Santo do Tocantins,TO,no_observed_pfpb_pharmacy,,,,,
171395,Muricilândia,TO,no_observed_pfpb_pharmacy,,,,,
432360,Vista Alegre do Prata,RS,no_observed_pfpb_pharmacy,,,,,
500260,Camapuã,MS,no_observed_pfpb_pharmacy,,,,,
500280,Caracol,MS,no_observed_pfpb_pharmacy,,,,,
220410,Francisco Ayres,PI,no_observed_pfpb_pharmacy,,,,,
220415,Francisco Macedo,PI,no_observed_pfpb_pharmacy,,,,,
500480,Japorã,MS,no_observed_pfpb_pharmacy,,,,,
500510,Jateí,MS,no_observed_pfpb_pharmacy,,,,,
220420,Francisco Santos,PI,no_observed_pfpb_pharmacy,,,,,
170765,Figueirópolis,TO,no_observed_pfpb_pharmacy,,,,,
170980,Ipueiras,TO,no_observed_pfpb_pharmacy,,,,,
171090,Itapiratins,TO,no_observed_pfpb_pharmacy,,,,,
171110,Itaporã do Tocantins,TO,no_observed_pfpb_pharmacy,,,,,
171180,Juarina,TO,no_observed_pfpb_pharmacy,,,,,
500750,Rochedo,MS,no_observed_pfpb_pharmacy,,,,,
510010,Acorizal,MT,no_observed_pfpb_pharmacy,,,,,
510120,Araguainha,MT,no_observed_pfpb_pharmacy,,,,,
220435,Geminiano,PI,no_observed_pfpb_pharmacy,,,,,
220440,Gilbués,PI,no_observed_pfpb_pharmacy,,,,,
510336,Conquista D'Oeste,MT,no_observed_pfpb_pharmacy,,,,,
510360,Dom Aquino,MT,no_observed_pfpb_pharmacy,,,,,
510395,Glória D'Oeste,MT,no_observed_pfpb_pharmacy,,,,,
510450,Indiavaí,MT,no_observed_pfpb_pharmacy,,,,,
220455,Guaribas,PI,no_observed_pfpb_pharmacy,,,,,
220460,Hugo Napoleão,PI,no_observed_pfpb_pharmacy,,,,,
510530,Luciara,MT,no_observed_pfpb_pharmacy,,,,,
170460,Chapada de Areia,TO,no_observed_pfpb_pharmacy,,,,,
170510,Chapada da Natividade,TO,no_observed_pfpb_pharmacy,,,,,
170560,Conceição do Tocantins,TO,no_observed_pfpb_pharmacy,,,,,
170625,Crixás do Tocantins,TO,no_observed_pfpb_pharmacy,,,,,
170720,Dois Irmãos do Tocantins,TO,no_observed_pfpb_pharmacy,,,,,
170730,Dueré,TO,no_observed_pfpb_pharmacy,,,,,
170755,Fátima,TO,no_observed_pfpb_pharmacy,,,,,
220465,Ilha Grande,PI,no_observed_pfpb_pharmacy,,,,,
510590,Nobres,MT,no_observed_pfpb_pharmacy,,,,,
510615,Nova Bandeirantes,MT,no_observed_pfpb_pharmacy,,,,,
510617,Nova Nazaré,MT,no_observed_pfpb_pharmacy,,,,,
510620,Nova Brasilândia,MT,no_observed_pfpb_pharmacy,,,,,
510624,Nova Ubiratã,MT,no_observed_pfpb_pharmacy,,,,,
510631,Novo Santo Antônio,MT,no_observed_pfpb_pharmacy,,,,,
510645,Planalto da Serra,MT,no_observed_pfpb_pharmacy,,,,,
110146,Pimenteiras do Oeste,RO,no_observed_pfpb_pharmacy,,,,,
110147,Primavera de Rondônia,RO,no_observed_pfpb_pharmacy,,,,,
110155,Teixeirópolis,RO,no_observed_pfpb_pharmacy,,,,,
110160,Theobroma,RO,no_observed_pfpb_pharmacy,,,,,
120001,Acrelândia,AC,no_observed_pfpb_pharmacy,,,,,
510670,Ponte Branca,MT,no_observed_pfpb_pharmacy,,,,,
510685,Porto Estrela,MT,no_observed_pfpb_pharmacy,,,,,
510726,Santo Afonso,MT,no_observed_pfpb_pharmacy,,,,,
510735,São José do Xingu,MT,no_observed_pfpb_pharmacy,,,,,
510740,São Pedro da Cipa,MT,no_observed_pfpb_pharmacy,,,,,
510757,Rondolândia,MT,no_observed_pfpb_pharmacy,,,,,
510774,Santa Cruz do Xingu,MT,no_observed_pfpb_pharmacy,,,,,
510776,Santa Rita do Trivelato,MT,no_observed_pfpb_pharmacy,,,,,
510800,Tapurah,MT,no_observed_pfpb_pharmacy,,,,,
510890,Nova Maringá,MT,no_observed_pfpb_pharmacy,,,,,
510895,Nova Monte Verde,MT,no_observed_pfpb_pharmacy,,,,,
520120,Anhanguera,GO,no_observed_pfpb_pharmacy,,,,,
520145,Aparecida do Rio Doce,GO,no_observed_pfpb_pharmacy,,,,,
520310,Baliza,GO,no_observed_pfpb_pharmacy,,,,,
520505,Castelândia,GO,no_observed_pfpb_pharmacy,,,,,
170305,Bandeirantes do Tocantins,TO,no_observed_pfpb_pharmacy,,,,,
170307,Barra do Ouro,TO,no_observed_pfpb_pharmacy,,,,,
170330,Bom Jesus do Tocantins,TO,no_observed_pfpb_pharmacy,,,,,
170360,Brasilândia do Tocantins,TO,no_observed_pfpb_pharmacy,,,,,
170382,Cachoeirinha,TO,no_observed_pfpb_pharmacy,,,,,
170388,Carmolândia,TO,no_observed_pfpb_pharmacy,,,,,
170389,Carrasco Bonito,TO,no_observed_pfpb_pharmacy,,,,,
220515,Jacobina do Piauí,PI,no_observed_pfpb_pharmacy,,,,,
520945,Guarinos,GO,no_observed_pfpb_pharmacy,,,,,
521305,Mimoso de Goiás,GO,no_observed_pfpb_pharmacy,,,,,
521340,Moiporá,GO,no_observed_pfpb_pharmacy,,,,,
521385,Morro Agudo de Goiás,GO,no_observed_pfpb_pharmacy,,,,,
110100,Governador Jorge Teixeira,RO,no_observed_pfpb_pharmacy,,,,,
521810,Portelândia,GO,no_observed_pfpb_pharmacy,,,,,
521860,Rialma,GO,no_observed_pfpb_pharmacy,,,,,
521935,Santa Isabel,GO,no_observed_pfpb_pharmacy,,,,,
171888,Santa Maria do Tocantins,TO,insufficient_phase1_data,,,,,
411030,Inajá,PR,insufficient_phase1_data,,,,,
412627,Saudade do Iguaçu,PR,insufficient_phase1_data,,,,,
430223,Boa Vista do Incra,RS,insufficient_phase1_data,,,,,
510183,Boa Esperança do Norte,MT,insufficient_phase1_data,,,,,
