ibge_municipio,municipio_nome_ibge,uf_sigla,academic_eligibility,mc_score_median,mc_score_p05,mc_score_p95,mc_rank_median,mc_rank_p05,mc_rank_p95,mc_probability_top_decile
520510,Catalão,GO,eligible_proxy,87.20977783203125,83.11827850341797,90.7823257446289,1.0,1.0,3.0,1.0
351620,Franca,SP,eligible_proxy,87.10454559326172,79.92503356933594,92.49931335449219,2.0,1.0,7.0,1.0
520870,Goiânia,GO,eligible_proxy,86.2322998046875,78.45842742919922,92.10348510742188,3.0,2.0,13.0,1.0
521250,Luziânia,GO,eligible_proxy,85.43791198730469,80.51617431640625,89.51705932617188,4.0,3.0,7.0,1.0
350330,Araras,SP,eligible_proxy,84.50399780273438,80.62300109863281,88.07038879394531,5.0,3.0,12.0,1.0
317010,Uberaba,MG,eligible_proxy,82.92974853515625,75.02912139892578,89.03490447998047,7.0,6.0,24.0,1.0
352430,Jaboticabal,SP,eligible_proxy,82.67479705810547,79.88873291015625,85.802490234375,7.0,3.0,29.0,1.0
411370,Londrina,PR,eligible_proxy,82.54334259033203,73.96337127685547,89.00971984863281,9.0,5.0,27.0,1.0
353130,Monte Alto,SP,eligible_proxy,82.17749786376953,79.25847625732422,85.81605529785156,9.0,6.0,35.0,1.0
354140,Presidente Prudente,SP,eligible_proxy,82.30126953125,75.763427734375,87.435302734375,11.0,8.0,21.0,1.0
355220,Sorocaba,SP,eligible_proxy,81.65708923339844,70.86430358886719,89.94127655029297,11.0,4.0,47.0,1.0
354890,São Carlos,SP,eligible_proxy,81.28474426269531,72.96484375,87.77388763427734,13.0,10.0,30.0,1.0
521150,Itumbiara,GO,eligible_proxy,81.13949584960938,77.22071075439453,85.11077117919922,14.0,8.0,38.04999923706055,1.0
410690,Curitiba,PR,eligible_proxy,80.97021484375,70.93521118164062,88.78898620605469,15.0,8.0,44.0,1.0
314790,Passos,MG,eligible_proxy,80.48414611816406,77.5198974609375,83.9986572265625,16.0,8.0,50.04999923706055,1.0
312710,Frutal,MG,eligible_proxy,80.34230041503906,77.21554565429688,83.96894073486328,18.0,9.0,51.0,1.0
317020,Uberlândia,MG,eligible_proxy,80.63850402832031,70.79367065429688,88.26842498779297,18.0,9.0,46.0,1.0
355700,Votorantim,SP,eligible_proxy,80.39654541015625,72.07671356201172,87.26420593261719,19.0,13.0,35.0,1.0
354390,Rio Claro,SP,eligible_proxy,80.1467514038086,71.11671447753906,87.37648010253906,21.0,14.0,43.04999923706055,1.0
430210,Bento Gonçalves,RS,eligible_proxy,80.05958557128906,74.14942932128906,85.19864654541016,22.0,19.0,30.0,1.0
352690,Limeira,SP,eligible_proxy,79.99002838134766,70.16142272949219,87.6370620727539,23.0,11.0,54.0,1.0
353030,Mirassol,SP,eligible_proxy,80.02185821533203,72.95486450195312,86.02904510498047,23.0,14.0,33.0,1.0
320130,Cariacica,ES,eligible_proxy,79.76337432861328,71.8297119140625,86.23067474365234,24.0,15.0,38.0,1.0
320520,Vila Velha,ES,eligible_proxy,79.48052978515625,72.90691375732422,85.54759979248047,25.0,11.0,53.0,1.0
352270,Itápolis,SP,eligible_proxy,79.21199798583984,75.88672637939453,83.31574249267578,25.0,13.0,60.0,1.0
353390,Olímpia,SP,eligible_proxy,79.0567626953125,75.6961669921875,82.46932220458984,26.0,9.0,82.05000305175781,1.0
350280,Araçatuba,SP,eligible_proxy,78.84403228759766,74.09484100341797,83.64872741699219,27.0,13.949999809265137,69.0,1.0
431690,Santa Maria,RS,eligible_proxy,78.66131591796875,69.40542602539062,85.98532104492188,29.0,19.0,61.0,1.0
430280,Caçapava do Sul,RS,eligible_proxy,78.6941909790039,74.80652618408203,81.9955062866211,30.0,7.0,96.05000305175781,1.0
355370,Taquaritinga,SP,eligible_proxy,78.42990112304688,73.98756408691406,82.33688354492188,31.5,4.0,114.05000305175781,1.0
355670,Vinhedo,SP,eligible_proxy,78.63520812988281,70.40143585205078,85.590576171875,32.0,20.0,52.0,1.0
430510,Caxias do Sul,RS,eligible_proxy,78.23062896728516,67.13998413085938,87.02002716064453,32.0,15.0,90.05000305175781,1.0
420140,Araranguá,SC,eligible_proxy,77.86957550048828,74.97770690917969,81.46063995361328,33.5,19.0,77.0,1.0
330580,Teresópolis,RJ,eligible_proxy,78.0784912109375,69.69226837158203,84.93698120117188,35.0,27.0,57.0,1.0
520450,Caldas Novas,GO,eligible_proxy,78.1314697265625,71.64995574951172,83.71329498291016,36.0,30.0,46.0,1.0
431410,Passo Fundo,RS,eligible_proxy,78.20562744140625,70.9212646484375,84.1475601196289,36.0,27.0,46.0,1.0
350600,Bauru,SP,eligible_proxy,77.68230438232422,65.89218139648438,86.95014190673828,37.0,16.0,105.0,1.0
352230,Itapetininga,SP,eligible_proxy,77.41732788085938,67.98721313476562,85.04502868652344,40.0,27.0,77.0,1.0
352530,Jaú,SP,eligible_proxy,77.3144760131836,68.12584686279297,84.94572448730469,41.0,29.0,70.0999984741211,1.0
310560,Barbacena,MG,eligible_proxy,77.2993392944336,71.70999145507812,82.14581298828125,41.0,33.0,59.0,1.0
351040,Capivari,SP,eligible_proxy,77.3349838256836,70.79190063476562,83.13288879394531,43.0,30.0,60.0,1.0
421190,Palhoça,SC,eligible_proxy,76.89341735839844,67.8849868774414,84.24134063720703,44.0,34.0,79.0,1.0
354980,São José do Rio Preto,SP,eligible_proxy,76.94273376464844,65.54302978515625,85.96151733398438,44.0,19.0,108.0,1.0
520800,Formosa,GO,eligible_proxy,76.75153350830078,71.276611328125,81.69996643066406,45.0,35.0,65.0,1.0
354630,Santa Cruz das Palmeiras,SP,eligible_proxy,76.63674926757812,72.76318359375,80.1252212524414,46.0,16.0,127.0,1.0
354520,Salto,SP,eligible_proxy,76.76714324951172,67.0504150390625,84.69316101074219,46.0,30.0,89.0999984741211,1.0
350160,Americana,SP,eligible_proxy,76.65902709960938,65.0754165649414,85.89225769042969,47.0,21.0,114.05000305175781,1.0
350530,Barra Bonita,SP,eligible_proxy,76.7198486328125,73.13904571533203,80.09415435791016,47.0,17.0,123.0,1.0
520110,Anápolis,GO,eligible_proxy,75.92706298828125,69.37240600585938,82.08572387695312,49.0,17.0,143.10000610351562,1.0
520025,Águas Lindas de Goiás,GO,eligible_proxy,76.37226867675781,66.03913879394531,84.49952697753906,49.0,32.0,101.0,1.0
240810,Natal,RN,eligible_proxy,75.84745788574219,66.39730072021484,84.04854583740234,51.0,27.0,96.0,1.0
520140,Aparecida de Goiânia,GO,eligible_proxy,75.70295715332031,64.4387435913086,84.62538146972656,52.0,27.950000762939453,121.0,1.0
355170,Sertãozinho,SP,eligible_proxy,75.69424438476562,64.18399810791016,84.92488098144531,53.0,27.0,127.05000305175781,1.0
430450,Canguçu,RS,eligible_proxy,75.55201721191406,72.0387954711914,79.37716674804688,53.0,23.0,127.0,1.0
354580,Santa Bárbara d'Oeste,SP,eligible_proxy,74.97257995605469,63.569679260253906,84.09516143798828,58.0,36.0,140.0,1.0
355240,Sumaré,SP,eligible_proxy,74.86666870117188,63.4831428527832,83.91034698486328,59.0,37.0,141.0,1.0
412240,Rolândia,PR,eligible_proxy,74.57884979248047,70.75617980957031,78.9520492553711,60.0,28.0,139.0500030517578,1.0
313820,Lavras,MG,eligible_proxy,74.96483612060547,67.96190643310547,81.18434143066406,60.0,54.0,79.0,1.0
350550,Barretos,SP,eligible_proxy,74.76821899414062,67.78997802734375,80.85950469970703,60.0,56.0,80.0,1.0
521740,Pires do Rio,GO,eligible_proxy,74.9280776977539,69.73021697998047,79.45597839355469,60.5,15.0,181.0500030517578,1.0
521020,Iporá,GO,eligible_proxy,74.905517578125,69.51766204833984,79.97673797607422,61.0,11.949999809265137,188.0500030517578,1.0
430463,Capão da Canoa,RS,eligible_proxy,74.11402893066406,69.87626647949219,78.61485290527344,63.0,48.0,110.0,1.0
311860,Contagem,MG,eligible_proxy,74.23087310791016,65.17662048339844,82.4985122680664,65.0,43.0,114.0,1.0
530010,Brasília,DF,eligible_proxy,73.9973373413086,62.826210021972656,83.6888656616211,66.0,34.95000076293945,148.0500030517578,1.0
431740,Santiago,RS,eligible_proxy,74.20243072509766,70.31533813476562,78.19720458984375,66.0,19.950000762939453,179.0,1.0
350320,Araraquara,SP,eligible_proxy,74.06426239013672,63.63766860961914,82.42802429199219,66.0,50.0,136.0500030517578,1.0
351860,Guariba,SP,eligible_proxy,74.0523452758789,67.87598419189453,79.78282928466797,69.0,49.0,108.0,1.0
431870,São Leopoldo,RS,eligible_proxy,73.62083435058594,63.82890701293945,81.7610092163086,69.0,58.0,132.0500030517578,1.0
310260,Andradas,MG,eligible_proxy,73.20716857910156,69.67604064941406,77.18334197998047,71.0,37.0,156.0,1.0
430790,Farroupilha,RS,eligible_proxy,73.82259368896484,66.9063949584961,79.76851654052734,72.0,59.0,97.0,1.0
350950,Campinas,SP,eligible_proxy,72.96591186523438,60.6606559753418,83.23986053466797,77.0,44.0,180.0500030517578,1.0
430310,Cachoeirinha,RS,eligible_proxy,72.93968200683594,63.43551254272461,81.01310729980469,78.0,63.0,142.0,1.0
350400,Assis,SP,eligible_proxy,73.0760498046875,67.28318786621094,78.27081298828125,78.0,67.0,110.0,1.0
420890,Jaraguá do Sul,SC,eligible_proxy,72.75447082519531,62.9542350769043,80.81497192382812,79.0,66.0,149.10000610351562,1.0
353930,Pirassununga,SP,eligible_proxy,72.68035888671875,67.84087371826172,77.6298599243164,80.0,66.0,126.0,1.0
412625,Sarandi,PR,eligible_proxy,72.52459716796875,62.369346618652344,80.92718505859375,83.0,63.0,158.0500030517578,1.0
432260,Venâncio Aires,RS,eligible_proxy,72.2100830078125,68.84263610839844,76.52943420410156,83.5,40.0,167.0500030517578,1.0
353870,Piracicaba,SP,eligible_proxy,72.3895263671875,60.93243408203125,81.67683410644531,85.0,57.0,178.0,1.0
354940,São Joaquim da Barra,SP,eligible_proxy,72.09461975097656,68.24711608886719,76.52851867675781,85.0,54.0,159.0,1.0
320240,Guarapari,ES,eligible_proxy,72.40420532226562,63.82408142089844,79.7218017578125,87.0,77.0,136.0,1.0
110004,Cacoal,RO,eligible_proxy,71.93112182617188,67.32616424560547,77.09441375732422,88.5,57.0,154.0,1.0
320500,Serra,ES,eligible_proxy,72.15452575683594,59.70793533325195,82.42388916015625,89.0,51.0,191.0500030517578,1.0
354780,Santo André,SP,eligible_proxy,72.0887451171875,58.298988342285156,83.48733520507812,90.0,41.0,208.0,1.0
354880,São Caetano do Sul,SP,eligible_proxy,72.1162109375,64.10746765136719,79.30517578125,91.0,70.0,125.0,1.0
330100,Campos dos Goytacazes,RJ,eligible_proxy,72.02273559570312,58.837833404541016,82.9354476928711,93.0,46.0,205.0500030517578,1.0
353070,Mogi Guaçu,SP,eligible_proxy,71.91154479980469,60.40163803100586,81.25112915039062,95.0,60.0,184.14999389648438,1.0
411070,Irati,PR,eligible_proxy,71.85762023925781,66.74179077148438,77.28721618652344,95.0,76.0,136.0500030517578,1.0
315460,Ribeirão das Neves,MG,eligible_proxy,72.04398345947266,59.678253173828125,82.04885864257812,95.0,52.0,194.0,1.0
353050,Mococa,SP,eligible_proxy,72.10768127441406,65.15855407714844,78.40426635742188,96.0,79.0,121.0,1.0
430300,Cachoeira do Sul,RS,eligible_proxy,71.50740814208984,67.05813598632812,76.33475494384766,97.0,75.0,150.0,1.0
313420,Ituiutaba,MG,eligible_proxy,71.81100463867188,61.446903228759766,80.44334411621094,97.0,70.0,171.0500030517578,1.0
350520,Bariri,SP,eligible_proxy,71.73899841308594,66.6249008178711,76.8577651977539,98.0,62.95000076293945,161.0,1.0
411990,Ponta Grossa,PR,eligible_proxy,71.7232894897461,63.29222869873047,79.50961303710938,99.0,65.0,147.0,1.0
352590,Jundiaí,SP,eligible_proxy,71.58942413330078,59.6405029296875,81.59934997558594,100.0,60.0,193.0500030517578,1.0
410370,Cambé,PR,eligible_proxy,71.38302612304688,66.04715728759766,77.04732513427734,100.0,64.0,165.0,1.0
432160,Tramandaí,RS,eligible_proxy,71.3880386352539,66.33634948730469,76.91266632080078,102.0,81.0,149.0500030517578,1.0
410430,Campo Mourão,PR,eligible_proxy,71.45637512207031,65.1050033569336,77.26329040527344,104.0,93.0,129.0,1.0
351960,Ibitinga,SP,eligible_proxy,71.67308044433594,63.052635192871094,79.16615295410156,104.0,73.0,151.0500030517578,1.0
354340,Ribeirão Preto,SP,eligible_proxy,71.40213012695312,56.81925582885742,83.47493743896484,104.0,42.0,230.0500030517578,1.0
315250,Pouso Alegre,MG,eligible_proxy,71.36280059814453,63.2340087890625,78.48080444335938,105.0,85.0,137.0,1.0
410480,Cascavel,PR,eligible_proxy,70.97067260742188,63.94704818725586,78.32815551757812,105.0,58.0,185.14999389648438,1.0
354070,Porto Ferreira,SP,eligible_proxy,71.05509185791016,66.8910140991211,75.6187515258789,106.0,74.0,168.0,1.0
431140,Lajeado,RS,eligible_proxy,71.12238311767578,65.58662414550781,76.90283203125,106.0,70.0,166.0500030517578,1.0
431710,Sant'Ana do Livramento,RS,eligible_proxy,71.36953735351562,63.58740997314453,78.28746032714844,108.0,95.0,134.0,1.0
354990,São José dos Campos,SP,eligible_proxy,71.0212173461914,56.71446990966797,82.90541076660156,110.5,47.0,232.0,1.0
352260,Itapira,SP,eligible_proxy,70.65943908691406,66.53170776367188,75.658935546875,111.0,75.0,170.0,1.0
353430,Orlândia,SP,eligible_proxy,71.31668090820312,64.08380126953125,77.91771697998047,112.0,72.0,152.0,1.0
431080,Ivoti,RS,eligible_proxy,70.96223449707031,66.43235778808594,74.98334503173828,112.0,38.0,214.0,1.0
350070,Agudos,SP,eligible_proxy,70.70846557617188,66.83403015136719,75.0610122680664,112.5,55.0,193.0,1.0
410940,Guarapuava,PR,eligible_proxy,71.10095977783203,60.89014434814453,79.46131134033203,113.0,77.94999694824219,180.10000610351562,1.0
354400,Rio das Pedras,SP,eligible_proxy,71.15377807617188,64.39411163330078,77.29119110107422,114.0,69.0,165.0,1.0
430160,Bagé,RS,eligible_proxy,70.7638168334961,64.31732177734375,76.96813201904297,115.0,93.0,151.0,1.0
330170,Duque de Caxias,RJ,eligible_proxy,70.937255859375,56.3003044128418,82.98628234863281,115.5,46.0,239.0500030517578,1.0
313720,Lagoa da Prata,MG,eligible_proxy,70.5521011352539,67.18934631347656,75.0541000366211,116.0,62.0,190.0,1.0
313380,Itaúna,MG,eligible_proxy,70.4210433959961,65.9358901977539,75.65003967285156,117.0,80.0,175.0,1.0
310620,Belo Horizonte,MG,eligible_proxy,70.33309936523438,60.91353225708008,79.88566589355469,117.0,44.0,229.0500030517578,1.0
350450,Avaré,SP,eligible_proxy,70.90327453613281,61.9890251159668,78.5358657836914,117.0,86.0,168.0500030517578,1.0
420200,Balneário Camboriú,SC,eligible_proxy,70.71454620361328,62.90766525268555,77.68277740478516,118.0,94.0,143.0,1.0
354970,São José do Rio Pardo,SP,eligible_proxy,70.57698059082031,65.17174530029297,76.23233032226562,118.0,95.0,160.0,1.0
317070,Varginha,MG,eligible_proxy,70.69305419921875,62.301849365234375,77.89338684082031,119.0,99.0,154.0,1.0
353080,Mogi Mirim,SP,eligible_proxy,70.65121459960938,62.671417236328125,77.78184509277344,121.0,108.0,151.0,1.0
430480,Carlos Barbosa,RS,eligible_proxy,70.71510314941406,64.3919906616211,76.62661743164062,121.5,74.0,175.0500030517578,1.0
522185,Valparaíso de Goiás,GO,eligible_proxy,70.53031921386719,61.023380279541016,78.62409973144531,122.0,89.0,172.0,1.0
350610,Bebedouro,SP,eligible_proxy,70.17164611816406,66.23553466796875,74.9384994506836,123.0,67.0,191.0,1.0
350410,Atibaia,SP,eligible_proxy,70.33431243896484,61.04903030395508,78.32637023925781,125.0,93.0,170.0,1.0
350170,Américo Brasiliense,SP,eligible_proxy,70.1629409790039,64.86219787597656,75.91395568847656,126.0,85.0,178.0,1.0
310400,Araxá,MG,eligible_proxy,70.24290466308594,62.217350006103516,77.341552734375,127.0,112.0,156.0500030517578,1.0
351000,Cândido Mota,SP,eligible_proxy,69.9449462890625,65.66568756103516,74.8907699584961,128.0,78.0,193.0500030517578,1.0
355400,Tatuí,SP,eligible_proxy,70.07598876953125,63.234352111816406,76.5228271484375,129.0,109.0,157.0,1.0
432145,Teutônia,RS,eligible_proxy,70.21705627441406,65.3479995727539,74.52983856201172,130.0,33.95000076293945,228.0500030517578,1.0
430690,Encruzilhada do Sul,RS,eligible_proxy,70.10372924804688,65.57298278808594,74.31275939941406,130.0,47.0,222.0,1.0
421480,Rio do Sul,SC,eligible_proxy,69.55780029296875,66.09772491455078,74.36920166015625,133.0,49.95000076293945,227.0,1.0
330330,Niterói,RJ,eligible_proxy,69.51936340332031,61.179710388183594,77.94386291503906,135.0,74.0,199.10000610351562,1.0
411520,Maringá,PR,eligible_proxy,69.15663146972656,61.18933868408203,77.36349487304688,138.0,77.0,207.0,1.0
430470,Carazinho,RS,eligible_proxy,68.9543228149414,64.25869750976562,74.43316650390625,141.0,73.0,216.0,1.0
330340,Nova Friburgo,RJ,eligible_proxy,69.2822036743164,55.47590255737305,80.74884033203125,141.0,66.0,250.0500030517578,1.0
353340,Nova Odessa,SP,eligible_proxy,69.48882293701172,60.8550910949707,76.95520782470703,141.5,109.0,179.0,1.0
522140,Trindade,GO,eligible_proxy,69.31126403808594,60.5826530456543,76.82811737060547,142.0,119.94999694824219,179.0,1.0
316940,Três Pontas,MG,eligible_proxy,69.02572631835938,64.94950103759766,73.6403579711914,142.0,99.0,197.0500030517578,1.0
353060,Mogi das Cruzes,SP,eligible_proxy,69.04594421386719,53.43739318847656,82.20865631103516,143.5,52.0,287.25,1.0
432300,Viamão,RS,eligible_proxy,69.11039733886719,58.8070068359375,78.09184265136719,144.0,98.0,202.0,1.0
431340,Novo Hamburgo,RS,eligible_proxy,69.0216064453125,60.84864807128906,76.9379653930664,144.5,96.0,192.0,1.0
420480,Curitibanos,SC,eligible_proxy,68.98333740234375,65.71625518798828,73.19828796386719,145.0,66.0,222.0,1.0
350700,Boituva,SP,eligible_proxy,69.27426147460938,61.09814453125,76.44415283203125,145.5,117.0,177.0,1.0
312770,Governador Valadares,MG,eligible_proxy,68.51220703125,61.777801513671875,75.53291320800781,146.0,75.94999694824219,230.0500030517578,1.0
313940,Manhuaçu,MG,eligible_proxy,68.90769958496094,64.35228729248047,73.92314147949219,146.0,50.95000076293945,240.0500030517578,1.0
430780,Estrela,RS,eligible_proxy,68.97962951660156,63.81575012207031,73.67750549316406,146.0,48.0,245.0,1.0
431680,Santa Cruz do Sul,RS,eligible_proxy,68.62319946289062,63.76001739501953,74.1013412475586,147.5,58.0,243.0500030517578,1.0
354750,Santa Rita do Passa Quatro,SP,eligible_proxy,68.67350006103516,64.2806167602539,72.71952056884766,149.0,60.0,241.0,1.0
355620,Valinhos,SP,eligible_proxy,68.65693664550781,54.90556716918945,80.12357330322266,150.0,72.94999694824219,261.04998779296875,1.0
350590,Batatais,SP,eligible_proxy,68.26861572265625,63.8673210144043,73.42308044433594,150.0,88.0,222.0,1.0
350790,Brotas,SP,eligible_proxy,68.73875427246094,64.66172790527344,72.61309051513672,151.0,58.0,243.0,1.0
350760,Bragança Paulista,SP,eligible_proxy,68.25924682617188,57.33065414428711,77.5243911743164,153.0,109.0,220.10000610351562,1.0
313620,João Monlevade,MG,eligible_proxy,68.20321655273438,61.652069091796875,74.53472900390625,156.0,145.0,180.0500030517578,1.0
352940,Mauá,SP,eligible_proxy,68.15989685058594,54.60027313232422,79.64629364013672,156.0,79.0,267.1000061035156,1.0
355650,Várzea Paulista,SP,eligible_proxy,68.2756118774414,55.67213821411133,78.80199432373047,157.0,88.0,249.0,1.0
330490,São Gonçalo,RJ,eligible_proxy,68.21728515625,56.05194854736328,78.88031005859375,158.0,79.94999694824219,237.0500030517578,1.0
500370,Dourados,MS,eligible_proxy,68.17874145507812,58.538787841796875,76.76962280273438,159.0,114.0,203.0500030517578,1.0
351907,Hortolândia,SP,eligible_proxy,68.08379364013672,53.702823638916016,80.16320037841797,159.0,74.0,283.1000061035156,1.0
315770,Santa Juliana,MG,eligible_proxy,67.61637878417969,62.86942672729492,72.31250762939453,165.5,61.0,266.04998779296875,1.0
350115,Alumínio,SP,eligible_proxy,67.38311004638672,63.23316955566406,72.75525665283203,166.0,94.94999694824219,248.0,1.0
351050,Caraguatatuba,SP,eligible_proxy,67.53358459472656,57.58620834350586,76.0616226196289,166.0,139.0,214.14999389648438,1.0
330455,Rio de Janeiro,RJ,eligible_proxy,67.56637573242188,52.96198272705078,79.98040008544922,167.0,74.94999694824219,298.04998779296875,1.0
315180,Poços de Caldas,MG,eligible_proxy,67.59524536132812,59.771446228027344,74.94709777832031,167.0,139.0,194.0,1.0
430860,Garibaldi,RS,eligible_proxy,67.91569519042969,60.90687942504883,74.40480041503906,167.5,123.0,207.0500030517578,1.0
352050,Indaiatuba,SP,eligible_proxy,67.46343231201172,52.58486557006836,80.03186798095703,168.5,76.0,302.1000061035156,1.0
432240,Uruguaiana,RS,eligible_proxy,67.45817565917969,56.556671142578125,76.52896118164062,169.0,127.0,235.10000610351562,1.0
351820,Guararapes,SP,eligible_proxy,67.24100494384766,62.65885925292969,72.18780517578125,170.0,88.0,249.0500030517578,1.0
350650,Birigui,SP,eligible_proxy,67.03962707519531,60.695613861083984,73.77095794677734,170.0,139.9499969482422,215.0,1.0
352390,Itu,SP,eligible_proxy,67.40274047851562,52.683753967285156,79.68383026123047,171.0,80.0,300.04998779296875,1.0
354330,Ribeirão Pires,SP,eligible_proxy,67.40725708007812,54.165435791015625,78.47374725341797,171.0,92.94999694824219,274.04998779296875,1.0
421660,São José,SC,eligible_proxy,67.09595489501953,55.47898864746094,77.26295471191406,174.5,117.0,254.0500030517578,1.0
313130,Ipatinga,MG,eligible_proxy,66.49891662597656,58.8372802734375,74.11730194091797,175.0,89.0,270.0,1.0
510790,Sinop,MT,eligible_proxy,67.12064361572266,53.88356399536133,78.19534301757812,175.0,95.0,282.0,1.0
432150,Torres,RS,eligible_proxy,66.98324584960938,63.07294464111328,71.53544616699219,175.0,97.0,245.0,1.0
330350,Nova Iguaçu,RJ,eligible_proxy,67.1060791015625,51.15331268310547,80.6338119506836,176.0,67.0,321.1000061035156,1.0
353780,Piedade,SP,eligible_proxy,67.04700469970703,56.827178955078125,75.80457305908203,176.5,124.94999694824219,234.0500030517578,1.0
330020,ARARUAMA,RJ,eligible_proxy,66.79827880859375,57.268070220947266,75.57106018066406,177.0,148.0,215.0,1.0
411580,Medianeira,PR,eligible_proxy,66.82451629638672,61.336631774902344,72.21537780761719,178.0,67.0,269.0,1.0
330390,Petrópolis,RJ,eligible_proxy,66.89421081542969,54.886871337890625,76.91980743408203,179.0,113.94999694824219,264.04998779296875,1.0
352900,Marília,SP,eligible_proxy,66.80943298339844,56.695335388183594,75.47515106201172,179.0,134.0,230.0500030517578,1.0
352010,Igarapava,SP,eligible_proxy,67.14484405517578,61.517127990722656,72.15766906738281,179.5,53.0,278.0,1.0
420210,Barra Velha,SC,eligible_proxy,66.65241241455078,61.20281219482422,72.5107192993164,180.0,152.0,217.0,1.0
316930,Três Corações,MG,eligible_proxy,66.15933227539062,61.431846618652344,71.59761810302734,182.5,130.0,236.0500030517578,1.0
315780,Santa Luzia,MG,eligible_proxy,66.36636352539062,58.12226104736328,74.35358428955078,183.0,143.9499969482422,224.0500030517578,1.0
314810,Patrocínio,MG,eligible_proxy,66.51295471191406,60.55622100830078,72.35771942138672,183.0,79.94999694824219,273.0,1.0
410765,Fazenda Rio Grande,PR,eligible_proxy,66.4132080078125,53.29197311401367,77.47752380371094,184.0,107.0,289.04998779296875,1.0
431480,Portão,RS,eligible_proxy,66.63627624511719,60.02833557128906,73.05088806152344,185.0,143.9499969482422,224.0,1.0
352670,Leme,SP,eligible_proxy,66.48046875,54.33696746826172,76.72494506835938,186.5,120.94999694824219,268.04998779296875,1.0
354850,Santos,SP,eligible_proxy,66.19557189941406,51.66814422607422,78.61048126220703,187.0,90.94999694824219,314.04998779296875,1.0
430060,Alvorada,RS,eligible_proxy,65.982421875,54.20499038696289,76.17506408691406,190.5,136.0,276.0,1.0
317040,Unaí,MG,eligible_proxy,65.6510009765625,60.68730926513672,71.28286743164062,191.0,143.9499969482422,243.0,1.0
350560,Barrinha,SP,eligible_proxy,65.8340072631836,62.35163497924805,70.1734619140625,191.5,109.9000015258789,266.0,1.0
353470,Ourinhos,SP,eligible_proxy,65.85244750976562,56.798709869384766,73.93682861328125,192.0,177.0,225.0500030517578,1.0
351280,Cosmópolis,SP,eligible_proxy,66.02425384521484,57.593685150146484,73.58273315429688,192.0,169.0,218.0,1.0
430930,Guaíba,RS,eligible_proxy,65.53504943847656,59.019187927246094,72.0764389038086,193.0,167.0,232.0,1.0
250750,João Pessoa,PB,eligible_proxy,65.75028228759766,54.450775146484375,76.46039581298828,195.0,116.0,263.0,1.0
311830,Conselheiro Lafaiete,MG,eligible_proxy,65.23435974121094,59.8056526184082,71.62638854980469,195.0,126.0,263.0,1.0
350960,Campo Limpo Paulista,SP,eligible_proxy,65.65338897705078,55.438697814941406,74.55011749267578,197.0,160.0,251.0,1.0
351840,Guaratinguetá,SP,eligible_proxy,65.5361557006836,51.28400421142578,77.5985107421875,200.0,102.0,320.1000061035156,1.0
521190,Jataí,GO,eligible_proxy,65.20295715332031,56.819480895996094,72.93822479248047,201.0,189.0,223.0,1.0
330630,Volta Redonda,RJ,eligible_proxy,64.65528106689453,56.91847610473633,72.85591125488281,202.0,159.0,257.0,1.0
351930,Ibaté,SP,eligible_proxy,64.86163330078125,60.84024429321289,69.82544708251953,204.0,146.0,265.0,1.0
352720,Lorena,SP,eligible_proxy,65.081298828125,54.097869873046875,74.47724914550781,205.5,157.9499969482422,279.0,1.0
314800,Patos de Minas,MG,eligible_proxy,64.38634490966797,57.87943649291992,71.4768295288086,206.0,161.0,265.0,1.0
351540,Fartura,SP,eligible_proxy,64.89485168457031,59.23158264160156,69.428955078125,207.0,88.94999694824219,304.0,1.0
411915,Pinhais,PR,eligible_proxy,64.40217590332031,57.083499908447266,71.73963928222656,208.5,185.0,242.0500030517578,1.0
430440,Canela,RS,eligible_proxy,64.9881820678711,54.440208435058594,73.80396270751953,210.0,152.9499969482422,274.04998779296875,1.0
431750,Santo Ângelo,RS,eligible_proxy,64.12814331054688,59.44613265991211,69.722900390625,210.0,152.0,270.04998779296875,1.0
351870,Guarujá,SP,eligible_proxy,64.17489624023438,48.9809455871582,77.4085693359375,211.0,107.94999694824219,346.20001220703125,1.0
316870,Timóteo,MG,eligible_proxy,63.82610321044922,58.12701416015625,70.002197265625,216.0,130.0,293.0,1.0
412550,São José dos Pinhais,PR,eligible_proxy,63.67716979980469,50.29566192626953,75.56558227539062,216.0,145.0,335.04998779296875,1.0
352350,Itatinga,SP,eligible_proxy,63.68858337402344,59.40917205810547,68.74008178710938,216.5,154.9499969482422,285.0,1.0
431020,Ijuí,RS,eligible_proxy,63.39745330810547,58.23984146118164,69.21041107177734,220.0,147.0,292.0,1.0
311940,Coronel Fabriciano,MG,eligible_proxy,63.36741638183594,57.14836502075195,70.16624450683594,221.0,135.9499969482422,305.04998779296875,1.0
522160,Uruaçu,GO,eligible_proxy,63.6621208190918,57.62775802612305,69.47805786132812,221.0,92.9000015258789,318.0,1.0
316370,São Lourenço,MG,eligible_proxy,63.37767028808594,59.262718200683594,68.29718780517578,222.0,138.0,294.0,1.0
330190,Itaboraí,RJ,eligible_proxy,63.270545959472656,51.005340576171875,74.04435729980469,223.0,169.0,325.0,1.0
431490,Porto Alegre,RS,eligible_proxy,62.917701721191406,52.63095474243164,73.74893951416016,224.0,131.0,331.04998779296875,1.0
412710,Telêmaco Borba,PR,eligible_proxy,63.420066833496094,56.34748840332031,69.97190856933594,225.0,211.0,246.0,1.0
313440,Iturama,MG,eligible_proxy,63.451751708984375,58.30238342285156,68.45697021484375,225.0,114.0,310.0,1.0
355410,Taubaté,SP,eligible_proxy,63.187530517578125,47.26067352294922,77.06873321533203,227.0,115.94999694824219,383.1000061035156,1.0
353820,PINHALZINHO,SP,eligible_proxy,62.708274841308594,57.86399459838867,67.88584899902344,228.5,135.0,317.04998779296875,1.0
350220,Angatuba,SP,eligible_proxy,63.101768493652344,55.72599411010742,70.38682556152344,229.0,86.94999694824219,336.0,1.0
351880,Guarulhos,SP,eligible_proxy,62.88896942138672,45.32725524902344,78.70492553710938,229.0,90.94999694824219,411.0,1.0
410040,Almirante Tamandaré,PR,eligible_proxy,63.18935012817383,48.316715240478516,76.0315170288086,229.0,133.9499969482422,361.1499938964844,1.0
510760,Rondonópolis,MT,eligible_proxy,62.92875671386719,54.5558967590332,71.07283020019531,229.0,186.0,272.0,1.0
354060,Porto Feliz,SP,eligible_proxy,62.81636047363281,55.83818054199219,69.67138671875,232.0,219.0,248.0500030517578,1.0
411570,Matinhos,PR,eligible_proxy,62.56364440917969,56.964752197265625,68.75114440917969,232.0,206.0,271.0,1.0
353180,Monte Mor,SP,eligible_proxy,62.94076919555664,55.43410873413086,70.07196044921875,232.0,220.0,245.0,1.0
351340,Cruzeiro,SP,eligible_proxy,63.00947570800781,51.66380310058594,72.6849365234375,232.0,182.0,316.0,1.0
352710,Lins,SP,eligible_proxy,62.78240966796875,53.909324645996094,70.98509216308594,233.0,212.0,275.0,1.0
313490,Jacutinga,MG,eligible_proxy,62.893333435058594,58.28724670410156,67.07621002197266,233.0,134.0,316.04998779296875,1.0
430010,Agudo,RS,eligible_proxy,62.9121208190918,55.41358184814453,69.6443862915039,234.0,85.0,339.04998779296875,1.0
355030,São Paulo,SP,eligible_proxy,62.59918975830078,45.21987533569336,78.06045532226562,235.0,97.0,410.1000061035156,1.0
431440,Pelotas,RS,eligible_proxy,62.34343719482422,52.96515655517578,71.03630065917969,235.0,114.94999694824219,356.0,1.0
421580,São Bento do Sul,SC,eligible_proxy,62.50218200683594,56.0896110534668,68.88298797607422,235.0,220.0,258.0,1.0
320320,Linhares,ES,eligible_proxy,62.070838928222656,55.132938385009766,69.70475006103516,237.0,198.0,287.0,1.0
354660,Santa Fé do Sul,SP,eligible_proxy,62.70086669921875,56.301361083984375,68.78742980957031,237.0,104.0,333.0,1.0
432130,Taquari,RS,eligible_proxy,62.138160705566406,56.85133361816406,67.57737731933594,239.0,149.89999389648438,317.1000061035156,1.0
317120,Vespasiano,MG,eligible_proxy,61.98642349243164,52.04964828491211,70.98252868652344,240.5,214.0,302.1000061035156,1.0
355150,Serrana,SP,eligible_proxy,62.51620864868164,52.124595642089844,71.46943664550781,242.0,185.0,315.0,1.0
330510,São João de Meriti,RJ,eligible_proxy,62.01874542236328,45.731689453125,76.42205810546875,242.0,126.9000015258789,402.0,1.0
510675,Pontes e Lacerda,MT,eligible_proxy,61.79594421386719,56.097164154052734,67.82957458496094,242.0,227.0,269.0,1.0
310350,Araguari,MG,eligible_proxy,61.56194305419922,55.8077278137207,68.37602996826172,244.0,185.0,308.04998779296875,1.0
410840,Francisco Beltrão,PR,eligible_proxy,61.364295959472656,55.493682861328125,67.92281341552734,246.0,177.0,319.0,1.0
411840,Paranavaí,PR,eligible_proxy,61.47285461425781,55.959537506103516,67.80660247802734,246.0,201.0,293.0,1.0
353300,Nova Granada,SP,eligible_proxy,61.53959655761719,56.5842170715332,66.70198059082031,246.0,163.0,327.0,1.0
352740,Lucélia,SP,eligible_proxy,61.48359680175781,58.02839660644531,65.63085174560547,247.0,164.9499969482422,325.0,1.0
330452,Rio das Ostras,RJ,eligible_proxy,61.765159606933594,47.435401916503906,74.15306854248047,247.0,162.89999389648438,374.20001220703125,1.0
522045,Senador Canedo,GO,eligible_proxy,61.47370910644531,51.01206588745117,70.96815490722656,249.0,213.0,318.0,1.0
260410,Caruaru,PE,eligible_proxy,61.58677673339844,48.15252685546875,73.41490173339844,249.0,175.9499969482422,363.04998779296875,1.0
410465,Carambeí,PR,eligible_proxy,61.176204681396484,56.31549835205078,66.64553833007812,250.0,189.0,313.04998779296875,1.0
270430,Maceió,AL,eligible_proxy,61.65569305419922,44.476524353027344,76.98894500732422,250.0,113.94999694824219,422.0,0.999
354870,São Bernardo do Campo,SP,eligible_proxy,61.37894058227539,45.91700744628906,75.32793426513672,251.0,149.0,397.25,1.0
330360,Paracambi,RJ,eligible_proxy,60.992671966552734,56.89692687988281,66.09080505371094,252.0,200.0,301.0,1.0
430920,Gravataí,RS,eligible_proxy,61.203975677490234,51.92999267578125,70.67073822021484,252.0,205.0,308.0,1.0
500270,Campo Grande,MS,eligible_proxy,60.87229537963867,46.919132232666016,74.09291076660156,256.0,171.0,380.04998779296875,1.0
352090,Ipaussu,SP,eligible_proxy,60.77798843383789,55.7153434753418,65.44654846191406,256.0,153.0,347.04998779296875,1.0
317130,Viçosa,MG,eligible_proxy,61.106651306152344,53.557247161865234,68.17982482910156,257.0,117.0,361.04998779296875,1.0
500100,Aparecida do Taboado,MS,eligible_proxy,60.80803680419922,55.9199333190918,65.69610595703125,257.5,166.0,333.04998779296875,1.0
211130,São Luís,MA,eligible_proxy,60.7623405456543,43.13560104370117,76.64737701416016,260.0,120.0,435.0,0.997
351380,Diadema,SP,eligible_proxy,60.520713806152344,46.970645904541016,72.98898315429688,260.5,184.9499969482422,383.04998779296875,1.0
355060,São Roque,SP,eligible_proxy,60.338645935058594,50.46387481689453,69.41683959960938,262.0,234.0,328.0,1.0
353650,Paulínia,SP,eligible_proxy,60.232948303222656,52.875038146972656,67.94518280029297,263.0,236.0,298.04998779296875,1.0
432250,Vacaria,RS,eligible_proxy,60.3408203125,52.60650634765625,67.5993881225586,265.0,247.0,300.0,1.0
410150,Arapongas,PR,eligible_proxy,59.7799186706543,53.813785552978516,66.78137969970703,266.0,223.0,318.0,1.0
521380,Morrinhos,GO,eligible_proxy,60.2591552734375,53.53246307373047,66.83540344238281,266.0,126.0,362.04998779296875,1.0
411850,Pato Branco,PR,eligible_proxy,59.26837158203125,53.2628288269043,66.04927825927734,272.0,228.0,325.0,1.0
430660,Dom Pedrito,RS,eligible_proxy,58.93683624267578,54.00874328613281,64.75751495361328,274.0,243.0,318.0,1.0
411410,Mandaguaçu,PR,eligible_proxy,59.006797790527344,54.263648986816406,64.59228515625,275.0,238.0,322.04998779296875,1.0
310670,Betim,MG,eligible_proxy,59.25902557373047,49.458744049072266,69.8481216430664,275.0,214.9499969482422,345.0,1.0
330045,Belford Roxo,RJ,eligible_proxy,59.23670196533203,47.752315521240234,70.89598083496094,276.0,209.0,360.04998779296875,1.0
330070,Cabo Frio,RJ,eligible_proxy,58.943443298339844,43.00492477416992,73.29765319824219,277.0,174.9499969482422,438.0,0.998
355450,Tietê,SP,eligible_proxy,59.21514892578125,53.13068771362305,65.69049072265625,277.0,255.0,303.0,1.0
430760,Estância Velha,RS,eligible_proxy,59.19342041015625,52.38444137573242,66.16582489013672,277.0,263.0,299.04998779296875,1.0
420910,Joinville,SC,eligible_proxy,58.88426208496094,48.88200378417969,69.78143310546875,278.0,204.0,362.04998779296875,1.0
355500,Tupã,SP,eligible_proxy,58.569297790527344,52.8768310546875,65.13736724853516,280.0,262.0,310.0,1.0
330520,São Pedro da Aldeia,RJ,eligible_proxy,59.08277893066406,46.25601577758789,70.1336898803711,280.0,209.9499969482422,403.04998779296875,1.0
352140,Iracemápolis,SP,eligible_proxy,58.71490478515625,53.93368148803711,64.1467514038086,281.0,234.9499969482422,336.04998779296875,1.0
330030,Barra do Piraí,RJ,eligible_proxy,58.72676086425781,48.90351486206055,67.55448150634766,283.0,251.0,355.0,1.0
352210,Itanhaém,SP,eligible_proxy,58.30284118652344,46.2679443359375,69.24959564208984,284.0,234.0,394.1499938964844,1.0
110002,Ariquemes,RO,eligible_proxy,58.21949005126953,47.934974670410156,67.49557495117188,286.0,261.0,358.04998779296875,1.0
351830,Guararema,SP,eligible_proxy,58.709251403808594,47.490535736083984,68.25782775878906,288.5,208.9499969482422,388.0,1.0
352290,Itapuí,SP,eligible_proxy,58.205604553222656,52.70621109008789,63.123355865478516,289.0,184.9499969482422,380.04998779296875,1.0
510704,Primavera do Leste,MT,eligible_proxy,58.18684387207031,44.95493698120117,69.62532043457031,290.0,218.9499969482422,414.1499938964844,1.0
430545,Cidreira,RS,eligible_proxy,57.908538818359375,52.343170166015625,62.70450973510742,292.0,194.0,377.0,1.0
353800,Pindamonhangaba,SP,eligible_proxy,57.933570861816406,42.12095260620117,72.04852294921875,293.0,191.0,448.0,0.997
350840,Cabreúva,SP,eligible_proxy,58.139198303222656,50.039710998535156,65.98231506347656,293.0,268.95001220703125,330.04998779296875,1.0
315895,Santana do Paraíso,MG,eligible_proxy,57.98161697387695,52.22981262207031,64.06488037109375,294.0,275.0,317.0,1.0
521800,Porangatu,GO,eligible_proxy,57.197471618652344,52.894798278808594,62.77293014526367,297.0,254.0,345.0,1.0
431640,Rosário do Sul,RS,eligible_proxy,57.264984130859375,52.85446548461914,62.64243698120117,298.0,223.9499969482422,360.04998779296875,1.0
240325,Parnamirim,RN,eligible_proxy,57.153541564941406,44.64308166503906,69.00614166259766,299.0,240.0,414.0,1.0
412810,Umuarama,PR,eligible_proxy,57.222816467285156,50.37462615966797,64.83106994628906,299.0,261.0,345.0,1.0
353950,Pitangueiras,SP,eligible_proxy,57.31122589111328,50.93058776855469,63.4137077331543,299.0,198.9499969482422,382.04998779296875,1.0
411750,Paiçandu,PR,eligible_proxy,57.71122741699219,48.3530158996582,66.38330078125,300.0,258.0,363.1000061035156,1.0
354730,Santana de Parnaíba,SP,eligible_proxy,57.18014144897461,40.29167938232422,72.60148620605469,301.0,181.0,463.04998779296875,0.987
350750,Botucatu,SP,eligible_proxy,57.08790969848633,42.01665496826172,70.6361312866211,301.5,210.0,447.1499938964844,0.997
420420,Chapecó,SC,eligible_proxy,56.66741943359375,47.9944953918457,65.96510314941406,303.0,235.0,389.0,1.0
410640,Cornélio Procópio,PR,eligible_proxy,57.20222473144531,49.912620544433594,64.1318130493164,303.0,172.0,398.1000061035156,1.0
330185,GUAPIMIRIM,RJ,eligible_proxy,57.24534225463867,47.930179595947266,65.748291015625,305.0,276.0,361.04998779296875,1.0
330050,Bom Jardim,RJ,eligible_proxy,56.46403503417969,52.145477294921875,61.438392639160156,305.0,254.9499969482422,363.0,1.0
431990,Sapiranga,RS,eligible_proxy,56.49856948852539,50.72978973388672,63.15644836425781,307.0,271.0,351.0,1.0
411820,Paranaguá,PR,eligible_proxy,56.45381546020508,45.458465576171875,66.94507598876953,307.0,269.95001220703125,393.04998779296875,1.0
350570,Barueri,SP,eligible_proxy,56.45965576171875,39.46085739135742,72.22610473632812,307.0,188.0,470.04998779296875,0.984
430040,Alegrete,RS,eligible_proxy,56.551055908203125,51.0345458984375,63.02159118652344,307.0,268.0,352.0,1.0
330240,Macaé,RJ,eligible_proxy,56.57067108154297,40.35745620727539,71.46903991699219,310.0,200.0,461.1499938964844,0.987
354760,Santa Rosa de Viterbo,SP,eligible_proxy,56.81895446777344,49.35382080078125,63.97765350341797,313.0,250.0,373.0,1.0
411350,Loanda,PR,eligible_proxy,56.19012451171875,49.54555130004883,62.369606018066406,315.0,196.0,401.0,1.0
352440,Jacareí,SP,eligible_proxy,55.96201705932617,42.41326141357422,68.6256103515625,315.5,245.0,443.0,1.0
410980,Ibiporã,PR,eligible_proxy,55.93702697753906,49.350826263427734,63.11788558959961,316.0,222.0,392.0,1.0
430460,Canoas,RS,eligible_proxy,55.92720413208008,44.10903549194336,67.81488037109375,317.0,252.0,413.0,1.0
431760,Santo Antônio da Patrulha,RS,eligible_proxy,55.541072845458984,50.018550872802734,62.137271881103516,317.0,307.0,346.04998779296875,1.0
292050,Maracás,BA,eligible_proxy,55.642906188964844,51.203369140625,60.640933990478516,317.5,264.0,374.0,1.0
431350,Osório,RS,eligible_proxy,55.520355224609375,50.04018020629883,62.28533172607422,318.0,281.0,365.04998779296875,1.0
310020,Abaeté,MG,eligible_proxy,56.101463317871094,47.28622817993164,65.1190414428711,318.0,149.89999389648438,424.0,1.0
410400,Campina Grande do Sul,PR,eligible_proxy,56.45689392089844,44.32895278930664,66.88113403320312,319.0,241.9499969482422,426.0,1.0
312300,Dores de Campos,MG,eligible_proxy,55.79302215576172,50.60424041748047,60.347686767578125,319.0,201.0,418.0,1.0
350380,Artur Nogueira,SP,eligible_proxy,56.03167724609375,49.424957275390625,62.70050048828125,319.0,297.0,353.0,1.0
500325,Costa Rica,MS,eligible_proxy,55.58470153808594,50.53488540649414,61.1557731628418,319.5,248.9499969482422,381.0,1.0
110028,Rolim de Moura,RO,eligible_proxy,55.43295669555664,50.027740478515625,62.03863525390625,320.0,278.0,369.0,1.0
354670,Santa Gertrudes,SP,eligible_proxy,55.64337921142578,50.81614685058594,61.15444564819336,320.0,283.0,365.04998779296875,1.0
293330,Vitória da Conquista,BA,eligible_proxy,55.669097900390625,38.008296966552734,72.31608581542969,320.0,190.9499969482422,482.04998779296875,0.961
412180,Ribeirão Claro,PR,eligible_proxy,56.02519226074219,48.52217483520508,62.830745697021484,320.0,176.9499969482422,415.0,1.0
330250,Magé,RJ,eligible_proxy,55.60155487060547,45.51218032836914,65.51664733886719,322.0,273.0,399.0,1.0
411200,Jaguariaíva,PR,eligible_proxy,55.445396423339844,49.64670944213867,61.78820037841797,323.0,253.0,384.04998779296875,1.0
351220,Conchal,SP,eligible_proxy,55.04471206665039,50.99875259399414,59.790077209472656,329.0,291.0,372.04998779296875,1.0
355380,Taquarituba,SP,eligible_proxy,54.78986740112305,50.76092529296875,59.46015930175781,329.0,280.0,383.0,1.0
172100,Palmas,TO,eligible_proxy,55.07563018798828,44.50238037109375,66.04431915283203,330.0,270.0,403.0,1.0
432280,Veranópolis,RS,eligible_proxy,54.67706298828125,50.36994552612305,59.59634780883789,330.5,282.0,385.0,1.0
230440,Fortaleza,CE,eligible_proxy,54.673431396484375,37.067420959472656,71.84587097167969,331.5,198.9499969482422,492.1000061035156,0.954
420320,Camboriú,SC,eligible_proxy,54.62470245361328,43.3480110168457,64.95381164550781,332.0,289.95001220703125,429.04998779296875,1.0
411480,Marialva,PR,eligible_proxy,54.44406509399414,49.29566192626953,60.78600311279297,332.0,319.0,361.0,1.0
421620,São Francisco do Sul,SC,eligible_proxy,54.44662094116211,49.18857955932617,60.90386962890625,333.0,312.0,365.0,1.0
353440,Osasco,SP,eligible_proxy,54.54460906982422,36.40019226074219,72.0877914428711,335.0,194.0,500.25,0.949
352570,José Bonifácio,SP,eligible_proxy,54.755279541015625,47.22232437133789,61.89314651489258,335.0,206.0,420.0,1.0
520590,Corumbaíba,GO,eligible_proxy,54.6257438659668,48.461727142333984,60.40309524536133,336.0,207.89999389648438,431.0,1.0
320501,Sooretama,ES,eligible_proxy,54.32416915893555,49.608463287353516,59.437713623046875,337.0,277.0,393.0,1.0
150140,Belém,PA,eligible_proxy,54.42028045654297,37.61745071411133,70.42513275146484,338.5,215.0,486.04998779296875,0.963
354090,Pradópolis,SP,eligible_proxy,54.27562713623047,49.83313751220703,59.56394958496094,339.0,283.95001220703125,399.04998779296875,1.0
320245,Ibatiba,ES,eligible_proxy,54.49399185180664,47.952308654785156,60.45436477661133,340.0,225.75,415.0,1.0
292740,Salvador,BA,eligible_proxy,53.85200500488281,34.98582458496094,72.16565704345703,344.0,192.9499969482422,520.0499877929688,0.928
355250,Suzano,SP,eligible_proxy,53.669883728027344,35.6190071105957,70.896484375,346.0,205.0,510.1499938964844,0.939
240360,Extremoz,RN,eligible_proxy,53.6396484375,42.24687576293945,63.75481414794922,348.0,290.0,446.0,1.0
352340,Itatiba,SP,eligible_proxy,53.320430755615234,41.90426254272461,63.91468811035156,350.0,302.0,447.0,1.0
240800,Mossoró,RN,eligible_proxy,53.37153625488281,43.105255126953125,63.87833023071289,352.0,292.0,423.0,1.0
350740,Borborema,SP,eligible_proxy,53.283363342285156,43.28893280029297,63.771217346191406,353.0,170.9499969482422,461.0,0.997
352220,Itapecerica da Serra,SP,eligible_proxy,53.074886322021484,37.515968322753906,67.58281707763672,353.0,252.0,488.0,0.957
431180,Marau,RS,eligible_proxy,52.87224578857422,48.18345260620117,58.90516662597656,354.0,298.0,410.0,1.0
351410,Dois Córregos,SP,eligible_proxy,53.21751403808594,45.051300048828125,61.73583221435547,354.0,207.0,441.04998779296875,1.0
314520,Nova Serrana,MG,eligible_proxy,52.90753936767578,45.683998107910156,60.87288284301758,355.0,327.0,389.0,1.0
354290,Ribeirão Bonito,SP,eligible_proxy,53.244178771972656,44.649505615234375,61.96598434448242,355.0,189.85000610351562,452.0,1.0
432000,Sapucaia do Sul,RS,eligible_proxy,52.976806640625,44.59243392944336,61.69770050048828,357.0,319.0,401.0,1.0
510140,Aripuanã,MT,eligible_proxy,52.74870681762695,48.131168365478516,58.141578674316406,358.0,330.0,395.0,1.0
521180,Jaraguá,GO,eligible_proxy,52.95497131347656,44.56912612915039,60.76676940917969,358.5,216.0,450.0,1.0
420820,Itajaí,SC,eligible_proxy,52.969444274902344,42.763668060302734,63.71103286743164,359.0,296.95001220703125,427.04998779296875,1.0
352310,Itaquaquecetuba,SP,eligible_proxy,52.78783416748047,33.69527053833008,71.37255859375,359.0,199.0,536.0499877929688,0.896
412820,União da Vitória,PR,eligible_proxy,52.202239990234375,46.48518753051758,58.99818801879883,360.0,339.0,394.0,1.0
521760,Planaltina,GO,eligible_proxy,52.554840087890625,40.683692932128906,63.166770935058594,362.0,300.0,459.1000061035156,0.994
354910,São João da Boa Vista,SP,eligible_proxy,52.32190704345703,42.9049186706543,61.56106948852539,362.5,332.0,429.0,1.0
431848,SAO JOSE DO HORTENCIO,RS,eligible_proxy,52.73582458496094,43.10636520385742,62.62266540527344,363.0,173.89999389648438,480.0,0.982
420460,Criciúma,SC,eligible_proxy,51.795867919921875,43.41062927246094,60.9496955871582,365.0,294.0,447.0,1.0
510562,Mirassol d'Oeste,MT,eligible_proxy,52.340126037597656,46.70226287841797,57.8426513671875,366.0,283.0,424.0,1.0
351740,Guaíra,SP,eligible_proxy,52.10816192626953,44.80921173095703,59.292301177978516,368.0,269.95001220703125,437.0,1.0
330414,Queimados,RJ,eligible_proxy,51.98522186279297,34.93998718261719,68.08621978759766,371.0,239.9499969482422,522.0,0.919
411690,Nova Esperança,PR,eligible_proxy,51.85456848144531,45.014530181884766,58.407501220703125,372.0,266.95001220703125,439.04998779296875,1.0
353730,Penápolis,SP,eligible_proxy,51.44470977783203,44.774837493896484,59.225669860839844,372.0,311.0,434.0,1.0
314480,Nova Lima,MG,eligible_proxy,51.80486297607422,43.72355651855469,60.503089904785156,372.0,338.0,413.0,1.0
412795,Tupãssi,PR,eligible_proxy,52.17620086669922,42.81871795654297,61.511783599853516,372.0,193.0,470.04998779296875,0.987
421550,Santa Cecília,SC,eligible_proxy,52.15823745727539,44.42198181152344,59.84664535522461,374.0,215.0,456.0,1.0
410310,Bocaiúva do Sul,PR,eligible_proxy,51.4361572265625,46.91203308105469,55.96852493286133,374.0,298.0,442.0,1.0
431720,Santa Rosa,RS,eligible_proxy,51.78288269042969,43.560096740722656,59.901302337646484,375.0,250.0,463.0,0.996
500060,Amambai,MS,eligible_proxy,51.559844970703125,45.231788635253906,58.20376205444336,376.0,361.0,402.04998779296875,1.0
355100,São Vicente,SP,eligible_proxy,51.4990234375,32.84554672241211,69.66414642333984,376.0,222.0,550.1500244140625,0.87
430190,Barra do Ribeiro,RS,eligible_proxy,51.57530212402344,44.782161712646484,57.68514633178711,378.0,254.0,454.04998779296875,1.0
314700,Paracatu,MG,eligible_proxy,50.62537384033203,43.80717849731445,58.62368392944336,381.0,336.0,434.04998779296875,1.0
410590,Colorado,PR,eligible_proxy,51.37259292602539,44.53851318359375,57.77146911621094,382.0,269.95001220703125,447.1000061035156,1.0
314000,Mariana,MG,eligible_proxy,50.640724182128906,45.44405746459961,57.052486419677734,383.0,347.0,430.0,1.0
411890,Pérola,PR,eligible_proxy,51.341163635253906,44.4700927734375,57.58760452270508,383.0,253.0,458.0,1.0
510515,Juína,MT,eligible_proxy,50.74281692504883,45.882781982421875,57.05792999267578,383.0,362.0,408.0,1.0
521570,Palmeiras de Goiás,GO,eligible_proxy,50.90296936035156,44.0625114440918,57.85576629638672,383.5,299.0,443.04998779296875,1.0
352840,Mairinque,SP,eligible_proxy,51.29436492919922,40.46638488769531,60.905338287353516,384.0,320.0,463.04998779296875,0.997
314740,Paraopeba,MG,eligible_proxy,50.50725173950195,45.68606948852539,56.218929290771484,385.0,354.0,419.0,1.0
311050,Camanducaia,MG,eligible_proxy,50.933998107910156,45.95170974731445,56.27043914794922,385.0,317.0,432.0,1.0
260392,Carnaubeira da Penha,PE,eligible_proxy,50.282310485839844,46.43687057495117,55.51126480102539,387.0,308.0,468.0,0.99
510340,Cuiabá,MT,eligible_proxy,50.462371826171875,32.69394302368164,68.20435333251953,387.0,245.0,549.0499877929688,0.863
292400,Paulo Afonso,BA,eligible_proxy,50.642478942871094,38.50395584106445,61.78447723388672,388.0,322.0,479.1000061035156,0.98
521310,Mineiros,GO,eligible_proxy,50.13377380371094,43.90806579589844,57.62349319458008,388.0,348.0,434.0,1.0
510642,Peixoto de Azevedo,MT,eligible_proxy,50.28804016113281,45.59801483154297,55.58658218383789,391.0,368.0,414.04998779296875,1.0
411950,Piraquara,PR,eligible_proxy,50.22852325439453,37.85401916503906,61.94580078125,391.5,324.0,485.0,0.97
411125,Itaperuçu,PR,eligible_proxy,50.699745178222656,42.293426513671875,58.37656021118164,391.5,337.0,448.0,1.0
411430,Mandirituba,PR,eligible_proxy,50.01872253417969,44.74789810180664,56.024837493896484,394.0,370.0,418.0,1.0
261160,Recife,PE,eligible_proxy,50.11219024658203,34.82587814331055,65.73473358154297,394.0,278.0,520.0,0.917
353980,Poá,SP,eligible_proxy,50.306671142578125,33.66451644897461,66.22808074951172,396.0,262.8500061035156,538.0499877929688,0.889
520005,Abadia de Goiás,GO,eligible_proxy,49.85614776611328,45.039215087890625,55.1534538269043,397.0,357.0,438.0,1.0
350710,Bom Jesus dos Perdões,SP,eligible_proxy,49.892417907714844,43.99323272705078,56.099300384521484,398.0,324.0,447.04998779296875,1.0
350660,Biritiba Mirim,SP,eligible_proxy,49.79901885986328,42.33633804321289,56.80693435668945,401.0,354.0,448.0,1.0
352320,Itararé,SP,eligible_proxy,49.30133819580078,43.08464050292969,56.30625915527344,402.0,343.95001220703125,451.0,1.0
352000,Igaraçu do Tietê,SP,eligible_proxy,49.338958740234375,44.62368392944336,55.03889083862305,402.0,362.95001220703125,435.0,1.0
510795,Tangará da Serra,MT,eligible_proxy,49.80902099609375,35.35042953491211,62.93409729003906,403.0,300.95001220703125,518.0499877929688,0.921
315670,Sabará,MG,eligible_proxy,49.38395690917969,40.81230163574219,58.62782669067383,403.0,359.0,448.0,1.0
521975,Santo Antônio do Descoberto,GO,eligible_proxy,49.5115966796875,39.37135314941406,59.04696273803711,403.0,361.95001220703125,465.0,0.997
351300,Cotia,SP,eligible_proxy,49.59906005859375,30.674724578857422,68.57454681396484,404.0,234.0,572.0499877929688,0.785
352240,Itapeva,SP,eligible_proxy,49.36003875732422,39.90669250488281,58.36219024658203,405.0,366.0,461.0,0.999
521850,Quirinópolis,GO,eligible_proxy,49.413455963134766,41.77177047729492,57.16792297363281,405.0,288.0,479.0,0.991
312600,Florestal,MG,eligible_proxy,49.69658660888672,42.694374084472656,56.4583854675293,406.0,263.0,482.0,0.977
316720,Sete Lagoas,MG,eligible_proxy,48.785118103027344,40.43781661987305,58.607967376708984,408.0,350.0,463.0,0.999
350920,Cajamar,SP,eligible_proxy,49.25730895996094,36.713130950927734,60.994171142578125,408.0,335.0,496.04998779296875,0.951
351460,Dumont,SP,eligible_proxy,48.76224136352539,45.071163177490234,53.04410171508789,409.0,314.0,487.04998779296875,0.975
251370,Santa Rita,PB,eligible_proxy,48.83755111694336,41.13542938232422,57.5042610168457,410.0,362.0,451.0,1.0
291360,Ilhéus,BA,eligible_proxy,48.832496643066406,37.89724349975586,59.92449951171875,411.0,347.0,478.0,0.991
150060,Altamira,PA,eligible_proxy,49.059539794921875,34.67729187011719,62.40852737426758,412.0,310.95001220703125,524.0999755859375,0.905
280030,Aracaju,SE,eligible_proxy,48.916099548339844,33.3574104309082,64.73146057128906,412.5,290.0,542.0499877929688,0.867
355010,São Manuel,SP,eligible_proxy,48.601314544677734,42.77736282348633,55.2529296875,413.0,365.0,450.0,1.0
311340,Caratinga,MG,eligible_proxy,48.79899978637695,39.656761169433594,57.685550689697266,413.0,277.95001220703125,500.04998779296875,0.948
291080,Feira de Santana,BA,eligible_proxy,48.71135711669922,31.56696891784668,66.02336883544922,414.0,270.95001220703125,562.0,0.817
314930,Pedro Leopoldo,MG,eligible_proxy,48.28612518310547,42.40569305419922,55.11099624633789,414.0,355.0,466.04998779296875,1.0
355480,Tremembé,SP,eligible_proxy,49.06599044799805,35.63270950317383,60.895484924316406,415.0,312.0,518.0,0.916
240130,Campo Grande,RN,eligible_proxy,48.2722282409668,43.78679275512695,53.209938049316406,416.0,326.0,487.0,0.974
521880,Rio Verde,GO,eligible_proxy,48.0501823425293,38.96686935424805,57.93220901489258,417.0,357.0,480.0,0.99
310160,Alfenas,MG,eligible_proxy,48.4658317565918,40.51873016357422,56.554656982421875,417.0,307.0,491.0,0.97
430100,ARROIO DO MEIO,RS,eligible_proxy,48.65882873535156,40.53279113769531,57.169410705566406,417.5,299.8999938964844,483.0,0.988
260960,Olinda,PE,eligible_proxy,48.56232452392578,30.134124755859375,67.2540512084961,419.0,255.9499969482422,577.1500244140625,0.752
330227,Japeri,RJ,eligible_proxy,48.50315856933594,33.5535774230957,62.512638092041016,420.0,306.0,542.1500244140625,0.854
510320,Colíder,MT,eligible_proxy,47.80516052246094,43.43476867675781,53.171695709228516,421.0,397.0,442.0,1.0
421970,Xaxim,SC,eligible_proxy,47.900508880615234,42.449668884277344,53.982810974121094,423.5,352.0,463.0,1.0
355495,Tuiuti,SP,eligible_proxy,47.68450164794922,41.73139190673828,54.347293853759766,424.0,295.0,509.0,0.928
421930,Videira,SC,eligible_proxy,47.2640380859375,41.74766159057617,54.10077667236328,425.0,374.0,471.0,1.0
353040,Mirassolândia,SP,eligible_proxy,47.70927429199219,40.23391342163086,56.058250427246094,427.0,257.0,524.0,0.879
293070,Simões Filho,BA,eligible_proxy,47.89073181152344,33.24242401123047,61.774600982666016,427.0,319.0,543.1500244140625,0.846
431660,SANANDUVA,RS,eligible_proxy,47.95738983154297,38.486000061035156,58.29282760620117,428.0,258.95001220703125,509.0,0.917
522050,Serranópolis,GO,eligible_proxy,48.237464904785156,40.3385009765625,56.31233596801758,428.0,270.95001220703125,509.0,0.929
150815,Uruará,PA,eligible_proxy,47.282508850097656,38.982608795166016,55.204856872558594,432.0,400.0,471.0,0.999
261070,Paulista,PE,eligible_proxy,47.5178337097168,28.778718948364258,66.56402587890625,432.0,263.0,592.0499877929688,0.711
291480,Itabuna,BA,eligible_proxy,47.060150146484375,37.97605514526367,57.01926803588867,432.0,379.0,479.0,0.995
150795,Tailândia,PA,eligible_proxy,47.60039520263672,33.96502685546875,60.14854049682617,432.5,334.0,537.0,0.859
420665,Guatambú,SC,eligible_proxy,46.84217834472656,42.138763427734375,52.11101531982422,434.0,329.95001220703125,505.04998779296875,0.924
351500,Embu das Artes,SP,eligible_proxy,47.21519470214844,32.579833984375,61.935733795166016,434.0,326.0,552.0,0.813
330025,Arraial do Cabo,RJ,eligible_proxy,46.679786682128906,41.74803924560547,52.48564910888672,435.5,419.0,450.0,1.0
510840,Várzea Grande,MT,eligible_proxy,47.0528564453125,30.68716049194336,63.514625549316406,436.0,299.0,572.0,0.747
410550,Cianorte,PR,eligible_proxy,46.67048645019531,37.73936080932617,55.69050216674805,438.0,330.95001220703125,514.0499877929688,0.91
351360,Cunha,SP,eligible_proxy,46.97142791748047,41.67451477050781,52.152469635009766,438.0,363.95001220703125,477.0,0.998
350850,Caçapava,SP,eligible_proxy,46.685829162597656,32.415626525878906,59.9288330078125,441.0,338.95001220703125,554.1500244140625,0.778
330550,Saquarema,RJ,eligible_proxy,46.49754333496094,33.34196090698242,58.57279586791992,443.0,350.95001220703125,544.0,0.819
430980,Ibiaçá,RS,eligible_proxy,46.422813415527344,38.90579605102539,54.91222381591797,443.0,277.95001220703125,535.0,0.833
210530,Imperatriz,MA,eligible_proxy,46.08629608154297,33.32319641113281,59.178871154785156,445.0,356.0,535.0,0.838
421950,Xanxerê,SC,eligible_proxy,46.02259063720703,38.47457504272461,53.748374938964844,445.0,351.0,504.0,0.936
353550,Paraguaçu Paulista,SP,eligible_proxy,45.74897003173828,40.047332763671875,52.600311279296875,445.0,397.0,483.0,0.994
510385,Gaúcha do Norte,MT,eligible_proxy,46.01905059814453,41.4023551940918,51.20621871948242,445.5,343.95001220703125,513.0,0.901
410180,Araucária,PR,eligible_proxy,46.08766174316406,35.86216735839844,56.85154724121094,446.0,388.0,499.0,0.955
430770,Esteio,RS,eligible_proxy,46.036582946777344,37.73749923706055,54.738624572753906,446.0,412.0,480.0,0.993
350995,Canas,SP,eligible_proxy,45.82878875732422,39.86445617675781,52.90480422973633,449.0,293.8999938964844,540.0,0.812
410200,Assis Chateaubriand,PR,eligible_proxy,45.74800109863281,37.32271194458008,54.07919692993164,451.0,315.95001220703125,525.0,0.831
431060,Itaqui,RS,eligible_proxy,45.09026336669922,39.95252227783203,51.51715850830078,451.0,404.0,489.0,0.992
291920,Lauro de Freitas,BA,eligible_proxy,45.25242614746094,28.240467071533203,62.54852294921875,453.0,308.0,598.0999755859375,0.663
293135,Teixeira de Freitas,BA,eligible_proxy,44.517921447753906,37.066017150878906,53.23435592651367,455.0,408.0,504.0,0.932
353200,Morungaba,SP,eligible_proxy,44.51387023925781,41.37718963623047,48.55882263183594,456.0,391.95001220703125,517.0,0.878
431570,Rio Pardo,RS,eligible_proxy,44.692901611328125,36.079811096191406,53.2000617980957,459.0,348.0,530.0499877929688,0.798
420390,Capinzal,SC,eligible_proxy,44.36259460449219,41.192291259765625,49.010841369628906,459.0,416.0,499.0,0.951
350635,Bertioga,SP,eligible_proxy,44.64970397949219,33.59725570678711,55.03622055053711,459.5,396.0,535.0499877929688,0.776
310420,Arcos,MG,eligible_proxy,44.73950958251953,36.237464904785156,53.01390075683594,460.0,335.8999938964844,536.0,0.765
351030,Capela do Alto,SP,eligible_proxy,44.50634002685547,39.77381896972656,50.03559494018555,460.0,422.95001220703125,486.0,0.994
290070,Alagoinhas,BA,eligible_proxy,44.129661560058594,31.279693603515625,56.820499420166016,464.5,379.0,567.0,0.673
353940,Piratininga,SP,eligible_proxy,43.50102996826172,39.33784484863281,49.41789245605469,465.0,416.95001220703125,514.0,0.858
353860,Piracaia,SP,eligible_proxy,44.12420654296875,36.71250534057617,51.422481536865234,465.0,390.0,517.0499877929688,0.842
432220,Tupanciretã,RS,eligible_proxy,44.123626708984375,35.79616928100586,52.91376495361328,466.0,343.0,537.0,0.746
330470,Santo Antônio de Pádua,RJ,eligible_proxy,44.051551818847656,36.06315994262695,52.12419509887695,467.0,371.0,534.0,0.758
352400,Itupeva,SP,eligible_proxy,44.127288818359375,32.198429107666016,55.222999572753906,467.5,392.0,557.0499877929688,0.683
355350,Tapiraí,SP,eligible_proxy,44.27775573730469,37.48904037475586,51.155357360839844,468.0,341.95001220703125,540.0,0.749
355395,Tarumã,SP,eligible_proxy,43.96990203857422,37.457183837890625,50.32939147949219,469.0,379.95001220703125,521.0,0.806
510025,Alta Floresta,MT,eligible_proxy,43.48812484741211,36.18253707885742,51.32673263549805,470.0,397.95001220703125,530.0499877929688,0.757
430940,Guaporé,RS,eligible_proxy,43.695526123046875,35.943965911865234,51.358619689941406,471.0,381.0,532.0,0.75
351370,Descalvado,SP,eligible_proxy,43.27598571777344,37.327003479003906,49.80863571166992,472.5,413.0,515.0,0.806
312870,Guaxupé,MG,eligible_proxy,43.049861907958984,35.44480514526367,51.32672882080078,474.0,411.0,533.0,0.747
261540,Toritama,PE,eligible_proxy,43.50643539428711,34.61023712158203,51.496219635009766,475.0,422.0,529.0,0.746
110012,Ji-Paraná,RO,eligible_proxy,43.0413818359375,31.091541290283203,55.16327667236328,475.5,403.95001220703125,564.0,0.651
312410,Esmeraldas,MG,eligible_proxy,43.12934875488281,29.43877410888672,56.13063430786133,479.0,379.0,585.0499877929688,0.597
411760,Palmas,PR,eligible_proxy,42.54339599609375,35.61285400390625,50.51715850830078,479.0,428.0,525.0,0.751
353710,Pedreira,SP,eligible_proxy,42.15115737915039,36.23200607299805,49.25247573852539,482.0,448.0,512.0499877929688,0.822
352180,Itaí,SP,eligible_proxy,42.070091247558594,37.28521728515625,47.56073760986328,482.0,469.0,498.0,0.968
500020,Água Clara,MS,eligible_proxy,41.936378479003906,37.96254348754883,46.94062042236328,483.0,443.95001220703125,528.0,0.697
430850,Frederico Westphalen,RS,eligible_proxy,42.61283493041992,33.4922981262207,52.13854217529297,483.0,366.0,555.0,0.613
312980,Ibirité,MG,eligible_proxy,41.580528259277344,33.25914001464844,51.323081970214844,484.0,438.95001220703125,539.0,0.674
355190,Severínia,SP,eligible_proxy,42.563053131103516,33.336090087890625,53.14835739135742,485.0,334.8999938964844,563.0499877929688,0.591
260400,Carpina,PE,eligible_proxy,41.966392517089844,34.5501708984375,49.969791412353516,486.0,449.0,520.0,0.734
261110,Petrolina,PE,eligible_proxy,42.07178497314453,26.291118621826172,58.81131362915039,486.5,356.0,618.0,0.553
421985,Zortéa,SC,eligible_proxy,42.15666580200195,34.339637756347656,51.45668029785156,487.0,335.95001220703125,569.0,0.581
521710,Piracanjuba,GO,eligible_proxy,42.27074432373047,32.76542282104492,52.333438873291016,489.0,343.0,568.0499877929688,0.559
411210,Jandaia do Sul,PR,eligible_proxy,42.09648895263672,33.42164993286133,51.25153732299805,490.0,367.0,560.0,0.558
351110,Catanduva,SP,eligible_proxy,41.88086700439453,31.492752075195312,52.3077278137207,490.5,368.95001220703125,581.0499877929688,0.561
521486,Nova Glória,GO,eligible_proxy,41.700416564941406,36.792049407958984,46.966575622558594,491.0,399.95001220703125,554.0,0.57
351200,Colina,SP,eligible_proxy,41.76740264892578,35.78001022338867,47.731651306152344,492.0,429.0,536.0,0.591
352480,Jales,SP,eligible_proxy,41.9025993347168,31.85126495361328,51.84983825683594,492.0,361.0,574.0499877929688,0.544
316990,Ubá,MG,eligible_proxy,41.18737030029297,33.58369445800781,50.05925369262695,493.0,435.0,553.0,0.565
330270,Maricá,RJ,eligible_proxy,41.04393768310547,32.389007568359375,51.07753372192383,493.0,442.0,547.0,0.582
351510,Embu-Guaçu,SP,eligible_proxy,40.95005798339844,33.786563873291016,49.869110107421875,494.0,453.0,539.0499877929688,0.583
260600,Garanhuns,PE,eligible_proxy,41.30799102783203,33.14788055419922,50.56715774536133,494.0,441.0,536.0499877929688,0.604
110032,São Miguel do Guaporé,RO,eligible_proxy,41.14221954345703,35.38576126098633,47.45888900756836,496.0,451.0,535.0499877929688,0.535
354025,Pontalinda,SP,eligible_proxy,41.647865295410156,33.80622863769531,50.860477447509766,496.0,344.95001220703125,576.0,0.538
351518,Espírito Santo do Pinhal,SP,eligible_proxy,40.82773208618164,34.70832443237305,48.141746520996094,497.5,463.0,529.0,0.531
311530,Cataguases,MG,eligible_proxy,41.31727981567383,31.5229434967041,51.176170349121094,499.0,371.95001220703125,581.0,0.504
500660,Ponta Porã,MS,eligible_proxy,40.79779052734375,27.506031036376953,53.53583908081055,500.0,402.95001220703125,610.0499877929688,0.499
431420,Pedro Osório,RS,eligible_proxy,40.719642639160156,32.280941009521484,50.07550048828125,501.0,368.0,572.0,0.489
350390,Arujá,SP,eligible_proxy,40.52211380004883,24.651018142700195,56.795799255371094,504.5,368.95001220703125,633.2000122070312,0.485
110009,Espigão D'Oeste,RO,eligible_proxy,40.309974670410156,31.844545364379883,48.20143127441406,509.0,444.0,565.0,0.42
354680,Santa Isabel,SP,eligible_proxy,39.93754959106445,29.653520584106445,49.461204528808594,509.0,447.0,582.0499877929688,0.423
521550,Ouvidor,GO,eligible_proxy,40.11177062988281,31.901403427124023,48.63300704956055,510.0,380.95001220703125,578.0,0.414
351515,Engenheiro Coelho,SP,eligible_proxy,39.56763458251953,35.2218132019043,44.5618782043457,510.0,475.0,546.0,0.327
315160,Planura,MG,eligible_proxy,40.31394958496094,33.73035430908203,47.339080810546875,510.0,403.95001220703125,573.0499877929688,0.439
350820,Buritizal,SP,eligible_proxy,39.95256042480469,33.68453598022461,47.399818420410156,510.0,371.70001220703125,592.0499877929688,0.425
432110,Tapes,RS,eligible_proxy,39.839874267578125,32.96305847167969,47.09519958496094,511.0,426.0,567.0,0.37
315390,Raposos,MG,eligible_proxy,39.28010940551758,35.614986419677734,43.80095672607422,511.0,478.0,549.0,0.3
351060,Carapicuíba,SP,eligible_proxy,39.5235710144043,20.781173706054688,60.897823333740234,512.0,329.95001220703125,656.0499877929688,0.46
421500,Rio Negrinho,SC,eligible_proxy,39.25213623046875,34.21245193481445,45.69087600708008,512.0,492.0,528.0,0.172
260640,Gravatá,PE,eligible_proxy,39.370018005371094,30.53076171875,48.59158706665039,513.0,466.0,564.0499877929688,0.341
352520,Jarinu,SP,eligible_proxy,40.041133880615234,29.005023956298828,50.216827392578125,515.0,425.0,596.0499877929688,0.419
292990,Seabra,BA,eligible_proxy,39.31698989868164,30.53982925415039,47.519569396972656,515.0,468.95001220703125,570.0499877929688,0.328
330420,Resende,RJ,eligible_proxy,38.694847106933594,31.37251853942871,47.93467712402344,515.0,475.0,561.0499877929688,0.296
354360,Rifaina,SP,eligible_proxy,39.53624725341797,31.77650260925293,48.71907043457031,516.0,369.8999938964844,598.0,0.402
353370,Ocauçu,SP,eligible_proxy,39.3768310546875,33.11641311645508,46.85572814941406,517.0,378.8500061035156,597.0,0.375
314600,Ouro Fino,MG,eligible_proxy,39.51209259033203,30.544742584228516,47.59494400024414,518.0,449.95001220703125,581.0,0.362
351310,Cravinhos,SP,eligible_proxy,38.93748474121094,33.582210540771484,44.40742111206055,518.0,490.0,549.0,0.179
260790,Jaboatão dos Guararapes,PE,eligible_proxy,38.93046188354492,20.340864181518555,60.60519790649414,520.5,339.8999938964844,662.0,0.426
420070,Alfredo Wagner,SC,eligible_proxy,38.830177307128906,29.168148040771484,50.032470703125,521.0,382.95001220703125,599.0,0.37
110020,Porto Velho,RO,eligible_proxy,38.59877014160156,20.465574264526367,59.60730743408203,521.5,346.0,660.0,0.418
412545,São José das Palmeiras,PR,eligible_proxy,38.904781341552734,31.032312393188477,48.36619567871094,522.0,381.0,602.0499877929688,0.345
261390,Serra Talhada,PE,eligible_proxy,38.38459014892578,28.05266571044922,48.7307243347168,523.0,459.0,597.0,0.304
352730,Louveira,SP,eligible_proxy,38.64116668701172,24.605003356933594,52.84018325805664,526.0,404.0,636.0499877929688,0.399
431400,Paraí,RS,eligible_proxy,38.27167510986328,27.974929809570312,50.45589065551758,526.5,373.0,611.0499877929688,0.35
311000,Caeté,MG,eligible_proxy,37.453433990478516,32.17222595214844,44.1228141784668,528.0,507.0,553.0,0.001
355540,Ubatuba,SP,eligible_proxy,37.374969482421875,30.430444717407227,46.077945709228516,528.0,491.0,571.0499877929688,0.117
314110,Matozinhos,MG,eligible_proxy,37.3514404296875,31.834518432617188,44.11015319824219,530.0,504.0,559.0,0.009
350030,Aguaí,SP,eligible_proxy,37.4488639831543,31.318138122558594,44.42412567138672,531.0,489.0,570.0,0.116
431950,São Sebastião do Caí,RS,eligible_proxy,37.23063659667969,31.4908390045166,43.52511215209961,534.0,486.95001220703125,571.0,0.107
430175,Barão do Triunfo,RS,eligible_proxy,37.49827575683594,31.283775329589844,44.30801773071289,535.0,430.0,600.0,0.248
510180,Barra do Garças,MT,eligible_proxy,36.85176467895508,30.497209548950195,44.51096725463867,537.0,507.0,564.0,0.016
110013,Machadinho D'Oeste,RO,eligible_proxy,36.61388397216797,31.46918296813965,42.62294387817383,540.0,533.0,545.0,0.0
291955,Luís Eduardo Magalhães,BA,eligible_proxy,36.245079040527344,23.009187698364258,50.17866134643555,542.5,439.95001220703125,644.0,0.277
411275,Jesuítas,PR,eligible_proxy,36.409263610839844,27.684263229370117,46.38349533081055,544.0,430.95001220703125,613.0,0.231
500240,Caarapó,MS,eligible_proxy,35.99851989746094,29.647615432739258,43.1153450012207,544.0,497.0,588.0,0.068
150280,Curralinho,PA,eligible_proxy,36.63404846191406,28.454147338867188,44.21466827392578,544.0,488.0,602.0499877929688,0.145
352850,Mairiporã,SP,eligible_proxy,36.16657257080078,21.976694107055664,51.1368293762207,544.5,422.95001220703125,649.0,0.287
130070,Boca do Acre,AM,eligible_proxy,36.574485778808594,27.794578552246094,45.049076080322266,545.0,483.0,607.0,0.161
150420,Marabá,PA,eligible_proxy,36.06963348388672,18.473121643066406,56.76053237915039,545.0,373.0,678.0,0.334
280290,Itabaiana,SE,eligible_proxy,36.0791015625,26.880565643310547,46.125885009765625,546.0,493.95001220703125,606.0,0.073
510630,Paranatinga,MT,eligible_proxy,36.148094177246094,30.181711196899414,42.052005767822266,546.0,506.0,583.0,0.01
312230,Divinópolis,MG,eligible_proxy,36.07587432861328,26.199743270874023,46.77677917480469,546.0,463.0,626.0,0.199
313160,Iraí de Minas,MG,eligible_proxy,36.585960388183594,28.253616333007812,45.917781829833984,547.0,422.0,616.0499877929688,0.244
351905,Holambra,SP,eligible_proxy,35.74787902832031,32.362998962402344,39.934165954589844,548.0,514.0,576.0,0.01
510060,Alto Taquari,MT,eligible_proxy,35.939300537109375,32.25337600708008,39.33658981323242,548.0,486.0,591.0,0.091
312125,Delta,MG,eligible_proxy,35.71510314941406,28.748241424560547,43.08089828491211,550.0,458.0,605.0,0.159
261250,Santa Cruz do Capibaribe,PE,eligible_proxy,35.73744201660156,27.18257713317871,45.34722137451172,550.0,503.95001220703125,600.0,0.04
150630,Salvaterra,PA,eligible_proxy,35.74663543701172,30.6407527923584,40.17875289916992,551.0,507.95001220703125,592.0,0.021
510455,Itaúba,MT,eligible_proxy,35.408607482910156,28.729782104492188,42.635704040527344,551.0,444.95001220703125,638.0,0.218
352760,Luís Antônio,SP,eligible_proxy,35.48545837402344,30.40386390686035,40.51258087158203,551.5,465.95001220703125,640.0999755859375,0.179
317052,Urucuia,MG,eligible_proxy,34.92502975463867,29.583038330078125,40.341739654541016,557.0,506.0,592.0,0.028
291005,Dias d'Ávila,BA,eligible_proxy,34.72345733642578,25.885461807250977,44.011775970458984,558.0,516.0,615.0,0.006
291970,Macarani,BA,eligible_proxy,34.685630798339844,30.583721160888672,39.23436737060547,558.0,538.0,584.0,0.0
150613,Redenção,PA,eligible_proxy,34.71894073486328,24.336483001708984,45.615455627441406,558.0,496.0,633.0499877929688,0.065
150553,Parauapebas,PA,eligible_proxy,34.279457092285156,17.645782470703125,54.106903076171875,561.0,402.8999938964844,686.0,0.281
352100,Iperó,SP,eligible_proxy,34.345970153808594,26.117080688476562,42.41029739379883,561.5,509.0,620.0499877929688,0.007
353790,Pilar do Sul,SP,eligible_proxy,33.89979553222656,24.689298629760742,44.12080383300781,563.0,460.0,640.0,0.136
291400,Ipirá,BA,eligible_proxy,34.01078414916992,27.078336715698242,41.90665817260742,564.0,540.0,597.0,0.0
315200,Pompéu,MG,eligible_proxy,33.327720642089844,26.85291862487793,40.77213668823242,566.0,524.9500122070312,612.0,0.002
431810,São Francisco de Assis,RS,eligible_proxy,33.8084602355957,24.91521453857422,43.981056213378906,567.0,452.0,642.0,0.155
330150,Cordeiro,RJ,eligible_proxy,33.56525421142578,24.777530670166016,43.28532028198242,568.0,463.0,639.0499877929688,0.13
311280,Capitólio,MG,eligible_proxy,33.256736755371094,26.231700897216797,41.07233810424805,570.0,478.0,629.0,0.091
150618,Rondon do Pará,PA,eligible_proxy,33.493003845214844,21.776473999023438,45.054046630859375,571.0,483.0,650.0,0.126
292205,Mulungu do Morro,BA,eligible_proxy,32.9908447265625,27.26825714111328,40.507240295410156,571.0,480.0,646.0,0.103
431840,São Jerônimo,RS,eligible_proxy,33.035247802734375,24.056737899780273,43.32646942138672,572.0,466.0,646.0499877929688,0.117
411360,Lobato,PR,eligible_proxy,33.203121185302734,26.685317993164062,40.53277587890625,572.0,468.95001220703125,651.0499877929688,0.124
431000,Ibirubá,RS,eligible_proxy,32.650753021240234,28.053203582763672,37.94630432128906,574.0,552.0,602.0,0.0
412033,Prado Ferreira,PR,eligible_proxy,32.9096794128418,25.041061401367188,42.76968765258789,575.0,450.0,650.0,0.14
352980,Mineiros do Tietê,SP,eligible_proxy,32.6305046081543,27.94625473022461,37.73917770385742,575.5,522.0,618.0,0.011
352800,Macatuba,SP,eligible_proxy,32.72638702392578,25.275352478027344,40.6953239440918,575.5,496.95001220703125,632.0,0.051
353110,Mongaguá,SP,eligible_proxy,32.90946960449219,20.3194522857666,46.02106475830078,576.0,474.0,662.0,0.144
150080,Ananindeua,PA,eligible_proxy,32.27947235107422,17.527904510498047,50.11196517944336,576.0,445.0,687.0,0.185
520880,Goianira,GO,eligible_proxy,32.26407241821289,24.2482967376709,41.331153869628906,577.0,515.0,642.0,0.011
280060,Barra dos Coqueiros,SE,eligible_proxy,32.55614471435547,23.928434371948242,41.06974411010742,578.0,525.9500122070312,640.0,0.002
314190,Minduri,MG,eligible_proxy,32.49122619628906,24.64847755432129,42.41047668457031,579.0,454.0,654.0,0.13
220770,Parnaíba,PI,eligible_proxy,31.644912719726562,19.155498504638672,45.723175048828125,582.0,487.0,672.0,0.091
261300,São Bento do Una,PE,eligible_proxy,31.820011138916016,25.982885360717773,39.101463317871094,583.0,564.0,605.0,0.0
420850,Ituporanga,SC,eligible_proxy,31.5120849609375,22.9571533203125,40.82359313964844,585.0,492.0,654.0499877929688,0.061
521308,Minaçu,GO,eligible_proxy,31.144153594970703,22.214853286743164,41.28240203857422,588.0,489.0,663.0,0.069
500770,Sete Quedas,MS,eligible_proxy,31.517162322998047,27.1623592376709,35.68848419189453,588.0,536.0,629.0499877929688,0.005
500450,Itaporã,MS,eligible_proxy,31.1666202545166,25.228538513183594,37.62429428100586,588.0,550.0,631.0,0.0
130260,Manaus,AM,eligible_proxy,30.719261169433594,13.346841812133789,54.317386627197266,590.5,403.95001220703125,712.0499877929688,0.221
150480,Monte Alegre,PA,eligible_proxy,31.213733673095703,19.774089813232422,42.6715202331543,591.0,500.0,669.0,0.047
312610,Formiga,MG,eligible_proxy,30.971691131591797,22.657320022583008,40.24839782714844,592.0,521.9500122070312,659.0,0.008
430390,Campo Bom,RS,eligible_proxy,30.577224731445312,23.378643035888672,38.99370574951172,594.0,547.9500122070312,649.0,0.0
432170,TRES COROAS,RS,eligible_proxy,30.51340103149414,24.798582077026367,37.238609313964844,594.0,570.0,628.0,0.0
291840,Juazeiro,BA,eligible_proxy,30.4073429107666,17.804136276245117,45.166683197021484,594.5,494.0,684.0,0.064
510260,Campinápolis,MT,eligible_proxy,30.233047485351562,24.77223014831543,38.02040481567383,595.0,520.0,656.0499877929688,0.012
510792,Sorriso,MT,eligible_proxy,30.490589141845703,17.457937240600586,44.802284240722656,596.0,487.0,689.0,0.085
431308,Nova Pádua,RS,eligible_proxy,30.488861083984375,23.924787521362305,39.59201431274414,596.5,464.95001220703125,679.0,0.101
350860,Cachoeira Paulista,SP,eligible_proxy,30.087196350097656,24.941181182861328,36.43156433105469,597.0,574.9500122070312,630.0,0.0
292530,Porto Seguro,BA,eligible_proxy,30.370254516601562,17.891155242919922,44.2318115234375,597.0,500.0,684.0499877929688,0.046
316290,São João Nepomuceno,MG,eligible_proxy,30.589570999145508,20.455535888671875,42.79195785522461,597.0,475.0,684.0,0.094
330555,Seropédica,RJ,eligible_proxy,30.321216583251953,19.952062606811523,41.24137496948242,598.0,537.0,664.0,0.004
293360,Xique-Xique,BA,eligible_proxy,30.21808433532715,24.2567138671875,36.97676086425781,598.0,580.0,626.0499877929688,0.0
355090,São Simão,SP,eligible_proxy,30.419132232666016,23.604679107666016,37.938961029052734,598.5,529.9500122070312,652.0,0.009
350275,Araçariguama,SP,eligible_proxy,30.00350570678711,25.974523544311523,35.34855270385742,601.0,584.0,618.0,0.0
431390,Panambi,RS,eligible_proxy,29.72568130493164,21.35306167602539,38.857608795166016,604.5,525.9500122070312,673.0499877929688,0.014
313460,Jaboticatubas,MG,eligible_proxy,29.594341278076172,21.92174530029297,38.065528869628906,605.0,530.9500122070312,665.0,0.006
330380,Paraty,RJ,eligible_proxy,29.73128890991211,21.54783821105957,37.79826354980469,605.0,559.9500122070312,651.0,0.0
411320,Lapa,PR,eligible_proxy,29.483905792236328,23.573654174804688,36.188350677490234,606.0,588.9500122070312,633.0,0.0
520860,Goianésia,GO,eligible_proxy,29.682361602783203,20.865489959716797,39.528682708740234,606.0,523.9500122070312,683.0499877929688,0.014
520630,Cristianópolis,GO,eligible_proxy,29.74927520751953,20.54192352294922,40.874961853027344,606.5,473.8999938964844,684.0499877929688,0.076
410490,Castro,PR,eligible_proxy,28.8502254486084,22.963951110839844,36.98117446899414,609.0,578.0,645.0,0.0
411007,Imbaú,PR,eligible_proxy,29.430727005004883,26.32790184020996,32.455787658691406,609.0,573.0,642.0,0.0
431460,Piratini,RS,eligible_proxy,29.11687660217285,20.244165420532227,39.64509582519531,611.0,500.75,688.0,0.05
510263,Campo Novo do Parecis,MT,eligible_proxy,29.084331512451172,21.041946411132812,37.05537414550781,612.0,570.0,655.0,0.0
316553,Sarzedo,MG,eligible_proxy,28.467233657836914,23.49724769592285,34.79529571533203,615.0,604.0,630.0,0.0
352250,Itapevi,SP,eligible_proxy,28.715076446533203,12.646986961364746,50.0557975769043,615.0,437.0,716.0499877929688,0.148
510710,São José dos Quatro Marcos,MT,eligible_proxy,28.651168823242188,19.554298400878906,39.51449966430664,618.0,502.95001220703125,695.0,0.047
510325,Colniza,MT,eligible_proxy,28.383094787597656,24.145301818847656,33.136234283447266,618.0,608.0,631.0,0.0
522180,Urutaí,GO,eligible_proxy,28.781524658203125,20.953134536743164,38.68685531616211,618.0,489.0,684.0,0.063
510625,Nova Xavantina,MT,eligible_proxy,28.256071090698242,24.17053985595703,33.13880157470703,620.0,610.0,630.0,0.0
353240,Nazaré Paulista,SP,eligible_proxy,28.374155044555664,20.23625373840332,37.74983215332031,620.0,536.7999877929688,684.0,0.008
150530,Oriximiná,PA,eligible_proxy,28.535192489624023,16.966947555541992,40.77456283569336,621.0,529.9500122070312,692.0,0.01
350800,Buri,SP,eligible_proxy,28.12212371826172,22.59068489074707,34.034786224365234,622.0,584.0,656.0,0.0
354410,Rio Grande da Serra,SP,eligible_proxy,27.833782196044922,21.530467987060547,35.6539306640625,623.0,591.0,661.0,0.0
353250,Neves Paulista,SP,eligible_proxy,28.37314224243164,21.530445098876953,36.00737762451172,623.0,531.9500122070312,676.0499877929688,0.012
500635,Paranhos,MS,eligible_proxy,27.354061126708984,23.654691696166992,32.65386962890625,625.0,567.9500122070312,670.0499877929688,0.0
500790,Sidrolândia,MS,eligible_proxy,27.819721221923828,20.025531768798828,35.51299285888672,627.0,585.0,662.0,0.0
510100,Araguaiana,MT,eligible_proxy,27.24452018737793,21.360544204711914,34.54173278808594,628.5,531.9500122070312,690.0,0.017
354690,Santa Lúcia,SP,eligible_proxy,26.990703582763672,22.72293472290039,31.593467712402344,629.0,568.0,679.0499877929688,0.0
351490,Elias Fausto,SP,eligible_proxy,26.924163818359375,21.708148956298828,33.952938079833984,630.0,569.0,674.0,0.0
311660,Cláudio,MG,eligible_proxy,27.297273635864258,20.280624389648438,35.205081939697266,630.5,567.0,686.0,0.0
351080,Casa Branca,SP,eligible_proxy,27.238920211791992,19.886533737182617,35.69309997558594,631.5,563.0,691.0,0.0
130068,Boa Vista do Ramos,AM,eligible_proxy,26.968568801879883,19.68551254272461,36.25303268432617,632.0,551.0,679.0,0.0
510850,Vera,MT,eligible_proxy,27.161178588867188,20.50078773498535,34.83878707885742,633.0,563.9500122070312,684.0,0.001
500295,Chapadão do Sul,MS,eligible_proxy,26.87895393371582,20.193035125732422,34.3974494934082,634.0,586.0,683.0,0.0
351570,Ferraz de Vasconcelos,SP,eligible_proxy,26.684837341308594,14.328166961669922,41.812496185302734,635.0,530.9500122070312,708.0499877929688,0.014
353760,Peruíbe,SP,eligible_proxy,26.639713287353516,19.4827880859375,35.77052307128906,635.0,587.0,692.0,0.0
260720,Ipojuca,PE,eligible_proxy,26.672435760498047,16.377012252807617,38.26610565185547,635.0,561.9500122070312,697.0,0.0
230370,Caucaia,CE,eligible_proxy,26.522491455078125,11.810195922851562,46.380767822265625,636.0,474.95001220703125,720.0,0.089
230730,Juazeiro do Norte,CE,eligible_proxy,26.424644470214844,17.62859535217285,38.004695892333984,636.0,569.0,683.0,0.0
260680,Igarassu,PE,eligible_proxy,26.361740112304688,19.331815719604492,35.410072326660156,636.0,594.0,668.0,0.0
431650,Salvador do Sul,RS,eligible_proxy,26.67475128173828,18.714845657348633,36.62948989868164,637.0,524.0,701.0499877929688,0.024
311550,Caxambu,MG,eligible_proxy,26.79492950439453,20.371524810791016,33.616111755371094,637.0,579.0,683.0499877929688,0.0
130406,Tabatinga,AM,eligible_proxy,26.451641082763672,16.104694366455078,37.55856704711914,639.0,566.9500122070312,698.0499877929688,0.0
150250,Chaves,PA,eligible_proxy,26.17896270751953,20.028676986694336,33.85231399536133,639.0,571.9500122070312,680.0499877929688,0.0
211120,São José de Ribamar,MA,eligible_proxy,26.15567970275879,11.734333992004395,45.47692108154297,640.0,483.95001220703125,721.0,0.075
313900,Machado,MG,eligible_proxy,26.29989242553711,17.592586517333984,36.31992721557617,642.0,544.9500122070312,708.0,0.006
500220,Bonito,MS,eligible_proxy,26.110233306884766,19.262792587280273,34.37583923339844,642.0,565.9500122070312,685.0,0.0
431700,Santana da Boa Vista,RS,eligible_proxy,25.99249267578125,17.148569107055664,37.60730743408203,642.5,519.8499755859375,711.0499877929688,0.032
430905,Glorinha,RS,eligible_proxy,25.266429901123047,21.4299373626709,29.79157257080078,645.0,588.9500122070312,690.0,0.0
290720,Casa Nova,BA,eligible_proxy,25.8570499420166,15.356886863708496,37.006290435791016,645.0,567.0,703.0,0.001
500570,Naviraí,MS,eligible_proxy,25.747116088867188,17.983306884765625,33.25288391113281,645.0,600.0,682.0,0.0
410060,Alto Paraná,PR,eligible_proxy,25.80157470703125,17.554851531982422,36.03497314453125,645.0,546.9500122070312,710.0,0.006
290570,Camaçari,BA,eligible_proxy,25.092954635620117,11.357885360717773,43.576133728027344,650.0,504.0,725.0,0.044
520320,Barro Alto,GO,eligible_proxy,25.226245880126953,19.8784122467041,31.293235778808594,650.0,591.9500122070312,692.0,0.0
210480,Grajaú,MA,eligible_proxy,25.134233474731445,14.86866283416748,36.05527114868164,651.0,574.0,706.0,0.0
120040,Rio Branco,AC,eligible_proxy,24.54548454284668,11.19472599029541,42.986820220947266,653.0,512.0,729.0,0.032
410620,Contenda,PR,eligible_proxy,24.29431915283203,19.462112426757812,31.009241104125977,654.0,600.9500122070312,689.0499877929688,0.0
210750,Paço do Lumiar,MA,eligible_proxy,24.571672439575195,11.234991073608398,41.824676513671875,655.0,514.8499755859375,728.0,0.036
110094,Cujubim,RO,eligible_proxy,23.772613525390625,20.46183204650879,29.217729568481445,656.0,617.9500122070312,691.0,0.0
520549,Cidade Ocidental,GO,eligible_proxy,24.106224060058594,16.912046432495117,33.20616149902344,657.0,608.0,712.0,0.0
355680,Viradouro,SP,eligible_proxy,24.214929580688477,16.422409057617188,33.41127395629883,658.0,578.9500122070312,715.0499877929688,0.0
150808,Tucumã,PA,eligible_proxy,23.701988220214844,18.223859786987305,29.76610565185547,661.0,644.0,675.0,0.0
430005,Água Santa,RS,eligible_proxy,23.513179779052734,19.419639587402344,29.16936683654785,664.0,576.9500122070312,717.0,0.002
411670,Nova Aurora,PR,eligible_proxy,23.165185928344727,18.192852020263672,29.144472122192383,666.0,626.0,702.0499877929688,0.0
510787,Sapezal,MT,eligible_proxy,23.304344177246094,15.94860553741455,32.016353607177734,666.0,592.9500122070312,705.0,0.0
352540,Jeriquara,SP,eligible_proxy,23.36062240600586,19.281417846679688,29.071449279785156,666.0,577.9500122070312,719.0,0.002
354500,Salesópolis,SP,eligible_proxy,22.498445510864258,19.353853225708008,27.771114349365234,667.0,634.9500122070312,699.0,0.0
150780,Senador José Porfírio,PA,eligible_proxy,23.039562225341797,17.655906677246094,29.629364013671875,667.0,612.9500122070312,699.0,0.0
150790,SOURE,PA,eligible_proxy,23.067174911499023,16.653573989868164,31.009084701538086,668.0,607.0,702.0,0.0
354450,Rubinéia,SP,eligible_proxy,23.14012908935547,19.0551815032959,28.8619327545166,669.0,581.9000244140625,721.0,0.001
150120,Baião,PA,eligible_proxy,22.878721237182617,15.944058418273926,30.10027313232422,669.0,635.0,696.0,0.0
510270,Canarana,MT,eligible_proxy,22.68938446044922,16.54062271118164,29.88762664794922,670.0,624.0,714.0,0.0
520547,Chapadão do Céu,GO,eligible_proxy,22.631244659423828,17.537033081054688,28.81227684020996,672.0,628.0,708.0,0.0
411700,Nova Fátima,PR,eligible_proxy,22.59699249267578,15.971491813659668,31.166791915893555,672.0,593.9500122070312,718.0,0.0
150680,Santarém,PA,eligible_proxy,22.619993209838867,10.419227600097656,39.19497299194336,672.0,552.0,735.0,0.009
431330,Nova Prata,RS,eligible_proxy,22.21747589111328,13.52521800994873,33.268470764160156,673.0,585.0,727.0,0.002
315430,Resplendor,MG,eligible_proxy,22.474285125732422,14.125969886779785,32.900390625,674.0,581.9500122070312,725.0,0.002
293010,Senhor do Bonfim,BA,eligible_proxy,22.234542846679688,16.279651641845703,29.85541534423828,674.0,643.9500122070312,700.0,0.0
260260,Brejo da Madre de Deus,PE,eligible_proxy,22.33700180053711,16.15856170654297,29.02766990661621,675.0,647.0,693.0,0.0
355120,Sarutaiá,SP,eligible_proxy,22.229419708251953,16.942312240600586,29.639617919921875,675.0,592.9500122070312,722.0499877929688,0.001
150360,Itaituba,PA,eligible_proxy,22.333866119384766,10.408773422241211,37.739112854003906,675.0,556.9500122070312,734.0,0.006
411745,Ouro Verde do Oeste,PR,eligible_proxy,22.02480697631836,14.189467430114746,32.827693939208984,676.0,579.9500122070312,726.0,0.002
352500,Jandira,SP,eligible_proxy,21.451541900634766,10.006647109985352,35.95505142211914,682.0,575.0,738.0,0.002
170825,Tabocão,TO,eligible_proxy,21.699115753173828,16.416418075561523,29.356901168823242,683.0,596.0,725.0499877929688,0.001
410850,General Carneiro,PR,eligible_proxy,21.439218521118164,16.024938583374023,27.884119033813477,683.0,630.9500122070312,718.0,0.0
290460,Brumado,BA,eligible_proxy,21.052751541137695,15.611303329467773,28.546043395996094,683.0,651.9500122070312,710.0,0.0
500795,Tacuru,MS,eligible_proxy,21.173072814941406,18.26169204711914,25.647192001342773,684.0,646.0,712.0,0.0
500630,Paranaíba,MS,eligible_proxy,21.386547088623047,13.081527709960938,31.764022827148438,684.0,596.0,730.0,0.0
320530,Vitória,ES,eligible_proxy,20.97534942626953,12.608987808227539,31.654512405395508,685.5,612.0,735.0,0.0
353610,Pardinho,SP,eligible_proxy,21.366268157958984,17.459678649902344,26.551368713378906,685.5,633.0,719.0,0.0
260290,Cabo de Santo Agostinho,PE,eligible_proxy,20.959815979003906,9.838910102844238,35.096473693847656,687.0,581.9500122070312,739.0,0.002
353910,Pirapora do Bom Jesus,SP,eligible_proxy,20.305130004882812,16.96332359313965,25.170873641967773,688.0,662.9500122070312,712.0,0.0
420440,Coronel Freitas,SC,eligible_proxy,20.92510223388672,13.43115234375,31.039888381958008,688.0,598.9500122070312,730.0,0.0
312440,Espírito Santo do Dourado,MG,eligible_proxy,20.690574645996094,14.31129264831543,28.73651123046875,689.0,612.0,727.0,0.0
352200,Itaju,SP,eligible_proxy,21.162179946899414,16.017560958862305,28.688703536987305,689.0,605.0,728.0499877929688,0.0
354810,Santo Antônio do Jardim,SP,eligible_proxy,20.461442947387695,14.081954002380371,28.562665939331055,692.0,610.9500122070312,729.0,0.0
522000,São João d'Aliança,GO,eligible_proxy,20.030603408813477,17.718425750732422,24.023038864135742,692.0,663.0,716.0,0.0
260700,Inajá,PE,eligible_proxy,19.89737319946289,14.642435073852539,25.716264724731445,695.0,651.9500122070312,718.0,0.0
292440,Pilão Arcado,BA,eligible_proxy,19.45397186279297,15.00715446472168,25.458168029785156,697.0,680.0,713.0,0.0
150810,Tucuruí,PA,eligible_proxy,20.039798736572266,11.293349266052246,30.05231285095215,697.0,628.9500122070312,727.0,0.0
150180,Breves,PA,eligible_proxy,20.018390655517578,9.459973335266113,33.30432891845703,697.0,596.0,741.0,0.0
211240,Turiaçu,MA,eligible_proxy,19.69319725036621,12.118712425231934,28.41838264465332,699.0,629.9500122070312,728.0,0.0
150172,Brasil Novo,PA,eligible_proxy,19.49441909790039,14.662680625915527,25.070714950561523,699.0,663.0,719.0,0.0
160060,Santana,AP,eligible_proxy,19.849681854248047,9.382339477539062,33.24102783203125,699.5,600.0,742.0,0.0
260915,Manari,PE,eligible_proxy,19.30227279663086,15.029400825500488,24.114765167236328,700.0,669.0,720.0,0.0
230625,Itaitinga,CE,eligible_proxy,19.445789337158203,12.842442512512207,26.671894073486328,702.0,660.0,717.0,0.0
510525,Lucas do Rio Verde,MT,eligible_proxy,19.65169334411621,11.54118537902832,28.829614639282227,702.0,642.0,724.0,0.0
510706,Querência,MT,eligible_proxy,19.026226043701172,13.887137413024902,24.437362670898438,704.0,657.9500122070312,727.0,0.0
351630,Francisco Morato,SP,eligible_proxy,19.15828514099121,9.160247802734375,32.26718521118164,704.5,596.0,744.0,0.0
293077,Sobradinho,BA,eligible_proxy,18.975677490234375,14.137144088745117,24.345869064331055,705.0,669.0,723.0,0.0
260230,Bonito,PE,eligible_proxy,18.27271270751953,14.297011375427246,23.249908447265625,707.0,692.0,720.0,0.0
510510,Juara,MT,eligible_proxy,18.525653839111328,11.889891624450684,25.518930435180664,710.0,655.9500122070312,732.0,0.0
500515,Juti,MS,eligible_proxy,18.087326049804688,11.117793083190918,27.87746810913086,711.0,620.9500122070312,738.0,0.0
150445,Medicilândia,PA,eligible_proxy,18.123950958251953,13.199224472045898,23.72653579711914,711.0,678.0,729.0,0.0
500540,Maracaju,MS,eligible_proxy,18.463396072387695,10.645928382873535,27.324068069458008,712.0,638.0,737.0,0.0
130380,São Gabriel da Cachoeira,AM,eligible_proxy,18.406265258789062,8.881023406982422,30.9757137298584,713.0,611.0,745.0499877929688,0.0
150010,Abaetetuba,PA,eligible_proxy,18.413223266601562,8.869363784790039,30.74417495727539,713.0,623.0,746.0,0.0
150470,Moju,PA,eligible_proxy,18.34345245361328,8.807536125183105,30.70516586303711,714.0,612.9500122070312,746.0,0.0
351190,Clementina,SP,eligible_proxy,17.891965866088867,11.68333625793457,26.44526481628418,714.0,638.0,736.0,0.0
210360,Coroatá,MA,eligible_proxy,17.77728271484375,12.245061874389648,24.231765747070312,715.0,686.0,726.0,0.0
352470,Jaguariúna,SP,eligible_proxy,17.370742797851562,11.19818115234375,25.45444107055664,716.5,659.9500122070312,740.0,0.0
510190,Brasnorte,MT,eligible_proxy,17.685434341430664,12.074241638183594,24.165218353271484,717.0,652.0,736.0,0.0
354050,PORANGABA,SP,eligible_proxy,17.209609985351562,14.322851181030273,21.73603057861328,719.0,677.0,734.0,0.0
510335,Confresa,MT,eligible_proxy,17.22531509399414,11.285346031188965,23.79201889038086,720.0,678.9500122070312,736.0,0.0
351790,Guaraci,SP,eligible_proxy,17.41253089904785,9.914770126342773,28.514244079589844,720.0,620.9500122070312,744.0,0.0
500320,Corumbá,MS,eligible_proxy,17.187541961669922,9.547572135925293,26.313766479492188,722.0,665.9500122070312,740.0,0.0
355490,Três Fronteiras,SP,eligible_proxy,17.078468322753906,10.272378921508789,26.81309700012207,723.0,634.9500122070312,742.0,0.0
350350,Areias,SP,eligible_proxy,16.669857025146484,11.93828296661377,23.967451095581055,724.0,646.0,743.0,0.0
150293,Dom Eliseu,PA,eligible_proxy,17.055931091308594,8.329707145690918,28.26967430114746,726.0,637.0,749.0,0.0
150230,Capitão Poço,PA,eligible_proxy,15.531291007995605,10.752403259277344,21.24330711364746,727.0,709.0,737.0499877929688,0.0
432143,Terra de Areia,RS,eligible_proxy,16.256553649902344,9.961960792541504,24.683238983154297,729.0,644.0,745.0,0.0
292930,São Gonçalo dos Campos,BA,eligible_proxy,16.242774963378906,10.279280662536621,22.782451629638672,729.0,689.0,741.0,0.0
353230,Natividade da Serra,SP,eligible_proxy,15.64370059967041,11.923232078552246,20.82571792602539,729.0,675.0,742.0,0.0
351720,Guaiçara,SP,eligible_proxy,15.968996047973633,10.723901748657227,22.697145462036133,730.5,663.9500122070312,740.0,0.0
150130,Barcarena,PA,eligible_proxy,15.517053604125977,7.677687168121338,25.766403198242188,731.0,670.0,751.0,0.0
330460,Santa Maria Madalena,RJ,eligible_proxy,15.388772964477539,9.868193626403809,22.845176696777344,733.0,665.9500122070312,744.0,0.0
150020,Acará,PA,eligible_proxy,15.732413291931152,7.787400245666504,25.572067260742188,733.0,660.0,751.0,0.0
314020,Maripá de Minas,MG,eligible_proxy,15.168399810791016,9.79467487335205,22.98171615600586,734.0,649.0,747.0,0.0
500330,Coxim,MS,eligible_proxy,14.411355972290039,10.209661483764648,19.00665283203125,735.0,716.9500122070312,744.0,0.0
315480,Rio Acima,MG,eligible_proxy,14.275211334228516,11.528742790222168,18.00734519958496,736.0,700.0,745.0,0.0
150820,Vigia,PA,eligible_proxy,14.302058219909668,7.219875335693359,22.79316520690918,739.0,688.0,753.0,0.0
520551,Cocalzinho de Goiás,GO,eligible_proxy,13.674848556518555,8.224802017211914,21.138755798339844,739.0,683.0,747.0,0.0
500710,Ribas do Rio Pardo,MS,eligible_proxy,13.017536163330078,10.732645988464355,15.995986938476562,740.0,726.0,746.0,0.0
150650,Santa Izabel do Pará,PA,eligible_proxy,13.640583038330078,6.96732759475708,21.481779098510742,741.5,698.0,754.0,0.0
150800,Tomé-Açu,PA,eligible_proxy,13.651174545288086,6.9696807861328125,21.456541061401367,742.0,700.9500122070312,755.0,0.0
521730,Pirenópolis,GO,eligible_proxy,11.571435928344727,6.28387975692749,19.28131866455078,746.0,696.9500122070312,750.0,0.0
130250,Manacapuru,AM,eligible_proxy,11.510793685913086,6.094938278198242,18.12636375427246,746.0,721.0,757.0,0.0
421710,São Martinho,SC,eligible_proxy,11.439404487609863,6.09290885925293,20.202442169189453,746.0,677.9500122070312,752.0,0.0
430520,Cerro Largo,RS,eligible_proxy,11.288698196411133,5.442046165466309,21.015260696411133,747.0,677.0,752.0,0.0
352550,Joanópolis,SP,eligible_proxy,10.41302490234375,5.104289531707764,19.035053253173828,749.0,695.0,753.0,0.0
290400,Boninal,BA,eligible_proxy,9.50636100769043,7.489656448364258,12.157963752746582,749.0,733.0,755.0,0.0
120060,Tarauacá,AC,eligible_proxy,9.969751358032227,6.564465522766113,14.192444801330566,750.0,738.0,755.0,0.0
351150,Cerquilho,SP,eligible_proxy,9.691873550415039,4.748293876647949,17.35517692565918,751.0,710.0,754.0,0.0
330285,Mesquita,RJ,eligible_proxy,8.24120044708252,4.680204391479492,14.198777198791504,753.0,742.0,756.0,0.0
410345,Cafelândia,PR,eligible_proxy,8.627634048461914,4.382632732391357,15.166187286376953,754.0,718.9500122070312,756.0,0.0
130190,Itacoatiara,AM,eligible_proxy,8.402393341064453,4.6380815505981445,13.367281913757324,754.0,741.9500122070312,759.0,0.0
352110,Ipeúna,SP,eligible_proxy,7.711538791656494,5.015514850616455,11.603741645812988,755.0,734.9000244140625,756.0,0.0
510370,Feliz Natal,MT,eligible_proxy,5.64208984375,3.424593687057495,8.940950393676758,757.0,751.0,758.0,0.0
412030,Porto Vitória,PR,eligible_proxy,5.301244735717773,3.225606918334961,8.939921379089355,758.0,746.9500122070312,759.0,0.0
120080,Porto Acre,AC,eligible_proxy,4.577064037322998,2.7686944007873535,7.491014003753662,759.0,758.0,759.0,0.0
521890,Rubiataba,GO,eligible_proxy,0.0,0.0,0.0,2874.0,2874.0,2874.0,0.0
522068,Simolândia,GO,eligible_proxy,0.0,0.0,0.0,2874.0,2874.0,2874.0,0.0
522060,Silvânia,GO,eligible_proxy,0.0,0.0,0.0,2874.0,2874.0,2874.0,0.0
522205,Vicentinópolis,GO,eligible_proxy,0.0,0.0,0.0,2874.0,2874.0,2874.0,0.0
522200,Vianópolis,GO,eligible_proxy,0.0,0.0,0.0,2874.0,2874.0,2874.0,0.0
522190,Varjão,GO,eligible_proxy,0.0,0.0,0.0,2874.0,2874.0,2874.0,0.0
110003,Cabixi,RO,eligible_proxy,0.0,0.0,0.0,2874.0,2874.0,2874.0,0.0
522170,Uruana,GO,eligible_proxy,0.0,0.0,0.0,2874.0,2874.0,2874.0,0.0
522028,São Patrício,GO,eligible_proxy,0.0,0.0,0.0,2874.0,2874.0,2874.0,0.0
522026,São Miguel do Passa Quatro,GO,eligible_proxy,0.0,0.0,0.0,2874.0,2874.0,2874.0,0.0
522020,São Miguel do Araguaia,GO,eligible_proxy,0.0,0.0,0.0,2874.0,2874.0,2874.0,0.0
522015,São Luiz do Norte,GO,eligible_proxy,0.0,0.0,0.0,2874.0,2874.0,2874.0,0.0
522010,São Luís de Montes Belos,GO,eligible_proxy,0.0,0.0,0.0,2874.0,2874.0,2874.0,0.0
522005,São João da Paraúna,GO,eligible_proxy,0.0,0.0,0.0,2874.0,2874.0,2874.0,0.0
110007,Corumbiara,RO,eligible_proxy,0.0,0.0,0.0,2874.0,2874.0,2874.0,0.0
521980,São Domingos,GO,eligible_proxy,0.0,0.0,0.0,2874.0,2874.0,2874.0,0.0
220665,Morro Cabeça no Tempo,PI,eligible_proxy,0.0,0.0,0.0,2874.0,2874.0,2874.0,0.0
220660,Monte Alegre do Piauí,PI,eligible_proxy,0.0,0.0,0.0,2874.0,2874.0,2874.0,0.0
220650,Monsenhor Hipólito,PI,eligible_proxy,0.0,0.0,0.0,2874.0,2874.0,2874.0,0.0
220640,Monsenhor Gil,PI,eligible_proxy,0.0,0.0,0.0,2874.0,2874.0,2874.0,0.0
220620,Miguel Alves,PI,eligible_proxy,0.0,0.0,0.0,2874.0,2874.0,2874.0,0.0
220610,Matias Olímpio,PI,eligible_proxy,0.0,0.0,0.0,2874.0,2874.0,2874.0,0.0
220600,Marcos Parente,PI,eligible_proxy,0.0,0.0,0.0,2874.0,2874.0,2874.0,0.0
220595,Marcolândia,PI,eligible_proxy,0.0,0.0,0.0,2874.0,2874.0,2874.0,0.0
220590,Manoel Emídio,PI,eligible_proxy,0.0,0.0,0.0,2874.0,2874.0,2874.0,0.0
220585,Madeiro,PI,eligible_proxy,0.0,0.0,0.0,2874.0,2874.0,2874.0,0.0
220580,Luzilândia,PI,eligible_proxy,0.0,0.0,0.0,2874.0,2874.0,2874.0,0.0
220570,Luís Correia,PI,eligible_proxy,0.0,0.0,0.0,2874.0,2874.0,2874.0,0.0
220560,Landri Sales,PI,eligible_proxy,0.0,0.0,0.0,2874.0,2874.0,2874.0,0.0
220558,Lagoa do Piauí,PI,eligible_proxy,0.0,0.0,0.0,2874.0,2874.0,2874.0,0.0
220556,Lagoa do Barro do Piauí,PI,eligible_proxy,0.0,0.0,0.0,2874.0,2874.0,2874.0,0.0
220555,Lagoa Alegre,PI,eligible_proxy,0.0,0.0,0.0,2874.0,2874.0,2874.0,0.0
220775,Passagem Franca do Piauí,PI,eligible_proxy,0.0,0.0,0.0,2874.0,2874.0,2874.0,0.0
220760,Parnaguá,PI,eligible_proxy,0.0,0.0,0.0,2874.0,2874.0,2874.0,0.0
220750,Palmeirais,PI,eligible_proxy,0.0,0.0,0.0,2874.0,2874.0,2874.0,0.0
220740,Palmeira do Piauí,PI,eligible_proxy,0.0,0.0,0.0,2874.0,2874.0,2874.0,0.0
220735,Pajeú do Piauí,PI,eligible_proxy,0.0,0.0,0.0,2874.0,2874.0,2874.0,0.0
220730,Paes Landim,PI,eligible_proxy,0.0,0.0,0.0,2874.0,2874.0,2874.0,0.0
220720,Padre Marcos,PI,eligible_proxy,0.0,0.0,0.0,2874.0,2874.0,2874.0,0.0
220710,Olho D'Água do Piauí,PI,eligible_proxy,0.0,0.0,0.0,2874.0,2874.0,2874.0,0.0
220700,Oeiras,PI,eligible_proxy,0.0,0.0,0.0,2874.0,2874.0,2874.0,0.0
220695,Novo Santo Antônio,PI,eligible_proxy,0.0,0.0,0.0,2874.0,2874.0,2874.0,0.0
220690,Novo Oriente do Piauí,PI,eligible_proxy,0.0,0.0,0.0,2874.0,2874.0,2874.0,0.0
220680,Nossa Senhora dos Remédios,PI,eligible_proxy,0.0,0.0,0.0,2874.0,2874.0,2874.0,0.0
220675,Nossa Senhora de Nazaré,PI,eligible_proxy,0.0,0.0,0.0,2874.0,2874.0,2874.0,0.0
220672,Nazária,PI,eligible_proxy,0.0,0.0,0.0,2874.0,2874.0,2874.0,0.0
220670,Nazaré do Piauí,PI,eligible_proxy,0.0,0.0,0.0,2874.0,2874.0,2874.0,0.0
220667,Morro do Chapéu do Piauí,PI,eligible_proxy,0.0,0.0,0.0,2874.0,2874.0,2874.0,0.0
220890,RIBEIRO GONCALVES,PI,eligible_proxy,0.0,0.0,0.0,2874.0,2874.0,2874.0,0.0
220880,Regeneração,PI,eligible_proxy,0.0,0.0,0.0,2874.0,2874.0,2874.0,0.0
220865,Queimada Nova,PI,eligible_proxy,0.0,0.0,0.0,2874.0,2874.0,2874.0,0.0
220860,Prata do Piauí,PI,eligible_proxy,0.0,0.0,0.0,2874.0,2874.0,2874.0,0.0
220855,Porto Alegre do Piauí,PI,eligible_proxy,0.0,0.0,0.0,2874.0,2874.0,2874.0,0.0
220850,Porto,PI,eligible_proxy,0.0,0.0,0.0,2874.0,2874.0,2874.0,0.0
220840,Piripiri,PI,eligible_proxy,0.0,0.0,0.0,2874.0,2874.0,2874.0,0.0
220830,Piracuruca,PI,eligible_proxy,0.0,0.0,0.0,2874.0,2874.0,2874.0,0.0
220820,Pio IX,PI,eligible_proxy,0.0,0.0,0.0,2874.0,2874.0,2874.0,0.0
220810,Pimenteiras,PI,eligible_proxy,0.0,0.0,0.0,2874.0,2874.0,2874.0,0.0
220800,Picos,PI,eligible_proxy,0.0,0.0,0.0,2874.0,2874.0,2874.0,0.0
220795,Nova Santa Rita,PI,eligible_proxy,0.0,0.0,0.0,2874.0,2874.0,2874.0,0.0
220790,Pedro II,PI,eligible_proxy,0.0,0.0,0.0,2874.0,2874.0,2874.0,0.0
220785,Pavussu,PI,eligible_proxy,0.0,0.0,0.0,2874.0,2874.0,2874.0,0.0
220780,Paulistana,PI,eligible_proxy,0.0,0.0,0.0,2874.0,2874.0,2874.0,0.0
220777,Patos do Piauí,PI,eligible_proxy,0.0,0.0,0.0,2874.0,2874.0,2874.0,0.0
221040,São Miguel do Tapuio,PI,eligible_proxy,0.0,0.0,0.0,2874.0,2874.0,2874.0,0.0
221035,São Lourenço do Piauí,PI,eligible_proxy,0.0,0.0,0.0,2874.0,2874.0,2874.0,0.0
221030,São Julião,PI,eligible_proxy,0.0,0.0,0.0,2874.0,2874.0,2874.0,0.0
221000,São João do Piauí,PI,eligible_proxy,0.0,0.0,0.0,2874.0,2874.0,2874.0,0.0
220997,São João do Arraial,PI,eligible_proxy,0.0,0.0,0.0,2874.0,2874.0,2874.0,0.0
220990,São João da Serra,PI,eligible_proxy,0.0,0.0,0.0,2874.0,2874.0,2874.0,0.0
220987,São João da Fronteira,PI,eligible_proxy,0.0,0.0,0.0,2874.0,2874.0,2874.0,0.0
220970,São Francisco do Piauí,PI,eligible_proxy,0.0,0.0,0.0,2874.0,2874.0,2874.0,0.0
220965,São Francisco de Assis do Piauí,PI,eligible_proxy,0.0,0.0,0.0,2874.0,2874.0,2874.0,0.0
220955,São Braz do Piauí,PI,eligible_proxy,0.0,0.0,0.0,2874.0,2874.0,2874.0,0.0
220940,Santo Antônio de Lisboa,PI,eligible_proxy,0.0,0.0,0.0,2874.0,2874.0,2874.0,0.0
220930,Santa Luz,PI,eligible_proxy,0.0,0.0,0.0,2874.0,2874.0,2874.0,0.0
220920,Santa Filomena,PI,eligible_proxy,0.0,0.0,0.0,2874.0,2874.0,2874.0,0.0
220915,Santa Cruz dos Milagres,PI,eligible_proxy,0.0,0.0,0.0,2874.0,2874.0,2874.0,0.0
220910,Santa Cruz do Piauí,PI,eligible_proxy,0.0,0.0,0.0,2874.0,2874.0,2874.0,0.0
220900,Rio Grande do Piauí,PI,eligible_proxy,0.0,0.0,0.0,2874.0,2874.0,2874.0,0.0
230010,Abaiara,CE,eligible_proxy,0.0,0.0,0.0,2874.0,2874.0,2874.0,0.0
221170,Wall Ferraz,PI,eligible_proxy,0.0,0.0,0.0,2874.0,2874.0,2874.0,0.0
221160,Vila Nova do Piauí,PI,eligible_proxy,0.0,0.0,0.0,2874.0,2874.0,2874.0,0.0
221150,Vera Mendes,PI,eligible_proxy,0.0,0.0,0.0,2874.0,2874.0,2874.0,0.0
221140,Várzea Grande,PI,eligible_proxy,0.0,0.0,0.0,2874.0,2874.0,2874.0,0.0
221130,Valença do Piauí,PI,eligible_proxy,0.0,0.0,0.0,2874.0,2874.0,2874.0,0.0
221120,Uruçuí,PI,eligible_proxy,0.0,0.0,0.0,2874.0,2874.0,2874.0,0.0
221110,União,PI,eligible_proxy,0.0,0.0,0.0,2874.0,2874.0,2874.0,0.0
221100,Teresina,PI,eligible_proxy,0.0,0.0,0.0,2874.0,2874.0,2874.0,0.0
221097,Tanque do Piauí,PI,eligible_proxy,0.0,0.0,0.0,2874.0,2874.0,2874.0,0.0
221093,Sussuapara,PI,eligible_proxy,0.0,0.0,0.0,2874.0,2874.0,2874.0,0.0
221070,Simões,PI,eligible_proxy,0.0,0.0,0.0,2874.0,2874.0,2874.0,0.0
221065,Sigefredo Pacheco,PI,eligible_proxy,0.0,0.0,0.0,2874.0,2874.0,2874.0,0.0
221063,Sebastião Leal,PI,eligible_proxy,0.0,0.0,0.0,2874.0,2874.0,2874.0,0.0
221060,São Raimundo Nonato,PI,eligible_proxy,0.0,0.0,0.0,2874.0,2874.0,2874.0,0.0
221050,São Pedro do Piauí,PI,eligible_proxy,0.0,0.0,0.0,2874.0,2874.0,2874.0,0.0
230150,Arneiroz,CE,eligible_proxy,0.0,0.0,0.0,2874.0,2874.0,2874.0,0.0
230140,Aratuba,CE,eligible_proxy,0.0,0.0,0.0,2874.0,2874.0,2874.0,0.0
230130,Araripe,CE,eligible_proxy,0.0,0.0,0.0,2874.0,2874.0,2874.0,0.0
230125,Ararendá,CE,eligible_proxy,0.0,0.0,0.0,2874.0,2874.0,2874.0,0.0
230110,Aracati,CE,eligible_proxy,0.0,0.0,0.0,2874.0,2874.0,2874.0,0.0
230100,Aquiraz,CE,eligible_proxy,0.0,0.0,0.0,2874.0,2874.0,2874.0,0.0
230090,Apuiarés,CE,eligible_proxy,0.0,0.0,0.0,2874.0,2874.0,2874.0,0.0
230080,Antonina do Norte,CE,eligible_proxy,0.0,0.0,0.0,2874.0,2874.0,2874.0,0.0
230075,Amontada,CE,eligible_proxy,0.0,0.0,0.0,2874.0,2874.0,2874.0,0.0
230070,Alto Santo,CE,eligible_proxy,0.0,0.0,0.0,2874.0,2874.0,2874.0,0.0
230060,Altaneira,CE,eligible_proxy,0.0,0.0,0.0,2874.0,2874.0,2874.0,0.0
230050,Alcântaras,CE,eligible_proxy,0.0,0.0,0.0,2874.0,2874.0,2874.0,0.0
230040,Aiuaba,CE,eligible_proxy,0.0,0.0,0.0,2874.0,2874.0,2874.0,0.0
230030,Acopiara,CE,eligible_proxy,0.0,0.0,0.0,2874.0,2874.0,2874.0,0.0
230020,Acaraú,CE,eligible_proxy,0.0,0.0,0.0,2874.0,2874.0,2874.0,0.0
230015,Acarape,CE,eligible_proxy,0.0,0.0,0.0,2874.0,2874.0,2874.0,0.0
230280,Canindé,CE,eligible_proxy,0.0,0.0,0.0,2874.0,2874.0,2874.0,0.0
230270,Campos Sales,CE,eligible_proxy,0.0,0.0,0.0,2874.0,2874.0,2874.0,0.0
230260,Camocim,CE,eligible_proxy,0.0,0.0,0.0,2874.0,2874.0,2874.0,0.0
230250,Brejo Santo,CE,eligible_proxy,0.0,0.0,0.0,2874.0,2874.0,2874.0,0.0
230240,Boa Viagem,CE,eligible_proxy,0.0,0.0,0.0,2874.0,2874.0,2874.0,0.0
230230,Bela Cruz,CE,eligible_proxy,0.0,0.0,0.0,2874.0,2874.0,2874.0,0.0
230220,Beberibe,CE,eligible_proxy,0.0,0.0,0.0,2874.0,2874.0,2874.0,0.0
230210,Baturité,CE,eligible_proxy,0.0,0.0,0.0,2874.0,2874.0,2874.0,0.0
230205,Barroquinha,CE,eligible_proxy,0.0,0.0,0.0,2874.0,2874.0,2874.0,0.0
230200,Barro,CE,eligible_proxy,0.0,0.0,0.0,2874.0,2874.0,2874.0,0.0
230195,Barreira,CE,eligible_proxy,0.0,0.0,0.0,2874.0,2874.0,2874.0,0.0
230190,Barbalha,CE,eligible_proxy,0.0,0.0,0.0,2874.0,2874.0,2874.0,0.0
230185,Banabuiú,CE,eligible_proxy,0.0,0.0,0.0,2874.0,2874.0,2874.0,0.0
230180,Baixio,CE,eligible_proxy,0.0,0.0,0.0,2874.0,2874.0,2874.0,0.0
230170,Aurora,CE,eligible_proxy,0.0,0.0,0.0,2874.0,2874.0,2874.0,0.0
230160,Assaré,CE,eligible_proxy,0.0,0.0,0.0,2874.0,2874.0,2874.0,0.0
230423,Croatá,CE,eligible_proxy,0.0,0.0,0.0,2874.0,2874.0,2874.0,0.0
230420,Crato,CE,eligible_proxy,0.0,0.0,0.0,2874.0,2874.0,2874.0,0.0
230410,Crateús,CE,eligible_proxy,0.0,0.0,0.0,2874.0,2874.0,2874.0,0.0
230400,Coreaú,CE,eligible_proxy,0.0,0.0,0.0,2874.0,2874.0,2874.0,0.0
230395,Chorozinho,CE,eligible_proxy,0.0,0.0,0.0,2874.0,2874.0,2874.0,0.0
230393,Choró,CE,eligible_proxy,0.0,0.0,0.0,2874.0,2874.0,2874.0,0.0
230390,Chaval,CE,eligible_proxy,0.0,0.0,0.0,2874.0,2874.0,2874.0,0.0
230380,Cedro,CE,eligible_proxy,0.0,0.0,0.0,2874.0,2874.0,2874.0,0.0
230365,Catunda,CE,eligible_proxy,0.0,0.0,0.0,2874.0,2874.0,2874.0,0.0
230350,Cascavel,CE,eligible_proxy,0.0,0.0,0.0,2874.0,2874.0,2874.0,0.0
230340,Carnaubal,CE,eligible_proxy,0.0,0.0,0.0,2874.0,2874.0,2874.0,0.0
230330,Cariús,CE,eligible_proxy,0.0,0.0,0.0,2874.0,2874.0,2874.0,0.0
230320,Caririaçu,CE,eligible_proxy,0.0,0.0,0.0,2874.0,2874.0,2874.0,0.0
230310,Cariré,CE,eligible_proxy,0.0,0.0,0.0,2874.0,2874.0,2874.0,0.0
230300,Caridade,CE,eligible_proxy,0.0,0.0,0.0,2874.0,2874.0,2874.0,0.0
230290,Capistrano,CE,eligible_proxy,0.0,0.0,0.0,2874.0,2874.0,2874.0,0.0
230520,Hidrolândia,CE,eligible_proxy,0.0,0.0,0.0,2874.0,2874.0,2874.0,0.0
230500,Guaraciaba do Norte,CE,eligible_proxy,0.0,0.0,0.0,2874.0,2874.0,2874.0,0.0
230495,Guaiúba,CE,eligible_proxy,0.0,0.0,0.0,2874.0,2874.0,2874.0,0.0
230490,Groaíras,CE,eligible_proxy,0.0,0.0,0.0,2874.0,2874.0,2874.0,0.0
230480,Granjeiro,CE,eligible_proxy,0.0,0.0,0.0,2874.0,2874.0,2874.0,0.0
230470,Granja,CE,eligible_proxy,0.0,0.0,0.0,2874.0,2874.0,2874.0,0.0
230465,Graça,CE,eligible_proxy,0.0,0.0,0.0,2874.0,2874.0,2874.0,0.0
230460,General Sampaio,CE,eligible_proxy,0.0,0.0,0.0,2874.0,2874.0,2874.0,0.0
230450,Frecheirinha,CE,eligible_proxy,0.0,0.0,0.0,2874.0,2874.0,2874.0,0.0
230445,Fortim,CE,eligible_proxy,0.0,0.0,0.0,2874.0,2874.0,2874.0,0.0
230435,Forquilha,CE,eligible_proxy,0.0,0.0,0.0,2874.0,2874.0,2874.0,0.0
230430,Farias Brito,CE,eligible_proxy,0.0,0.0,0.0,2874.0,2874.0,2874.0,0.0
230428,Eusébio,CE,eligible_proxy,0.0,0.0,0.0,2874.0,2874.0,2874.0,0.0
230427,Ereré,CE,eligible_proxy,0.0,0.0,0.0,2874.0,2874.0,2874.0,0.0
230426,Deputado Irapuan Pinheiro,CE,eligible_proxy,0.0,0.0,0.0,2874.0,2874.0,2874.0,0.0
230425,Cruz,CE,eligible_proxy,0.0,0.0,0.0,2874.0,2874.0,2874.0,0.0
230630,Itapajé,CE,eligible_proxy,0.0,0.0,0.0,2874.0,2874.0,2874.0,0.0
230620,Itaiçaba,CE,eligible_proxy,0.0,0.0,0.0,2874.0,2874.0,2874.0,0.0
230610,Irauçuba,CE,eligible_proxy,0.0,0.0,0.0,2874.0,2874.0,2874.0,0.0
230600,Iracema,CE,eligible_proxy,0.0,0.0,0.0,2874.0,2874.0,2874.0,0.0
230590,Ipueiras,CE,eligible_proxy,0.0,0.0,0.0,2874.0,2874.0,2874.0,0.0
230580,Ipu,CE,eligible_proxy,0.0,0.0,0.0,2874.0,2874.0,2874.0,0.0
230570,Ipaumirim,CE,eligible_proxy,0.0,0.0,0.0,2874.0,2874.0,2874.0,0.0
230565,Ipaporanga,CE,eligible_proxy,0.0,0.0,0.0,2874.0,2874.0,2874.0,0.0
230560,Independência,CE,eligible_proxy,0.0,0.0,0.0,2874.0,2874.0,2874.0,0.0
230550,Iguatu,CE,eligible_proxy,0.0,0.0,0.0,2874.0,2874.0,2874.0,0.0
230540,Icó,CE,eligible_proxy,0.0,0.0,0.0,2874.0,2874.0,2874.0,0.0
230535,Icapuí,CE,eligible_proxy,0.0,0.0,0.0,2874.0,2874.0,2874.0,0.0
230533,Ibicuitinga,CE,eligible_proxy,0.0,0.0,0.0,2874.0,2874.0,2874.0,0.0
230530,Ibiapina,CE,eligible_proxy,0.0,0.0,0.0,2874.0,2874.0,2874.0,0.0
230526,Ibaretama,CE,eligible_proxy,0.0,0.0,0.0,2874.0,2874.0,2874.0,0.0
230523,Horizonte,CE,eligible_proxy,0.0,0.0,0.0,2874.0,2874.0,2874.0,0.0
230770,Maranguape,CE,eligible_proxy,0.0,0.0,0.0,2874.0,2874.0,2874.0,0.0
230765,Maracanaú,CE,eligible_proxy,0.0,0.0,0.0,2874.0,2874.0,2874.0,0.0
230763,Madalena,CE,eligible_proxy,0.0,0.0,0.0,2874.0,2874.0,2874.0,0.0
230760,Limoeiro do Norte,CE,eligible_proxy,0.0,0.0,0.0,2874.0,2874.0,2874.0,0.0
230750,Lavras da Mangabeira,CE,eligible_proxy,0.0,0.0,0.0,2874.0,2874.0,2874.0,0.0
230740,Jucás,CE,eligible_proxy,0.0,0.0,0.0,2874.0,2874.0,2874.0,0.0
230725,Jijoca de Jericoacoara,CE,eligible_proxy,0.0,0.0,0.0,2874.0,2874.0,2874.0,0.0
230710,Jardim,CE,eligible_proxy,0.0,0.0,0.0,2874.0,2874.0,2874.0,0.0
230700,Jaguaruana,CE,eligible_proxy,0.0,0.0,0.0,2874.0,2874.0,2874.0,0.0
230690,Jaguaribe,CE,eligible_proxy,0.0,0.0,0.0,2874.0,2874.0,2874.0,0.0
230680,Jaguaribara,CE,eligible_proxy,0.0,0.0,0.0,2874.0,2874.0,2874.0,0.0
230670,Jaguaretama,CE,eligible_proxy,0.0,0.0,0.0,2874.0,2874.0,2874.0,0.0
230660,Itatira,CE,eligible_proxy,0.0,0.0,0.0,2874.0,2874.0,2874.0,0.0
230655,Itarema,CE,eligible_proxy,0.0,0.0,0.0,2874.0,2874.0,2874.0,0.0
230650,Itapiúna,CE,eligible_proxy,0.0,0.0,0.0,2874.0,2874.0,2874.0,0.0
230640,Itapipoca,CE,eligible_proxy,0.0,0.0,0.0,2874.0,2874.0,2874.0,0.0
230910,Mulungu,CE,eligible_proxy,0.0,0.0,0.0,2874.0,2874.0,2874.0,0.0
230900,Mucambo,CE,eligible_proxy,0.0,0.0,0.0,2874.0,2874.0,2874.0,0.0
230890,Morrinhos,CE,eligible_proxy,0.0,0.0,0.0,2874.0,2874.0,2874.0,0.0
230880,Moraújo,CE,eligible_proxy,0.0,0.0,0.0,2874.0,2874.0,2874.0,0.0
230870,Morada Nova,CE,eligible_proxy,0.0,0.0,0.0,2874.0,2874.0,2874.0,0.0
230860,Monsenhor Tabosa,CE,eligible_proxy,0.0,0.0,0.0,2874.0,2874.0,2874.0,0.0
230850,Mombaça,CE,eligible_proxy,0.0,0.0,0.0,2874.0,2874.0,2874.0,0.0
230840,Missão Velha,CE,eligible_proxy,0.0,0.0,0.0,2874.0,2874.0,2874.0,0.0
230837,Miraíma,CE,eligible_proxy,0.0,0.0,0.0,2874.0,2874.0,2874.0,0.0
230835,Milhã,CE,eligible_proxy,0.0,0.0,0.0,2874.0,2874.0,2874.0,0.0
230830,Milagres,CE,eligible_proxy,0.0,0.0,0.0,2874.0,2874.0,2874.0,0.0
230820,Meruoca,CE,eligible_proxy,0.0,0.0,0.0,2874.0,2874.0,2874.0,0.0
230810,Mauriti,CE,eligible_proxy,0.0,0.0,0.0,2874.0,2874.0,2874.0,0.0
230800,Massapê,CE,eligible_proxy,0.0,0.0,0.0,2874.0,2874.0,2874.0,0.0
230790,Martinópole,CE,eligible_proxy,0.0,0.0,0.0,2874.0,2874.0,2874.0,0.0
230780,Marco,CE,eligible_proxy,0.0,0.0,0.0,2874.0,2874.0,2874.0,0.0
231050,Pedra Branca,CE,eligible_proxy,0.0,0.0,0.0,2874.0,2874.0,2874.0,0.0
231040,Paramoti,CE,eligible_proxy,0.0,0.0,0.0,2874.0,2874.0,2874.0,0.0
231030,Parambu,CE,eligible_proxy,0.0,0.0,0.0,2874.0,2874.0,2874.0,0.0
231025,Paraipaba,CE,eligible_proxy,0.0,0.0,0.0,2874.0,2874.0,2874.0,0.0
231020,Paracuru,CE,eligible_proxy,0.0,0.0,0.0,2874.0,2874.0,2874.0,0.0
231010,Palmácia,CE,eligible_proxy,0.0,0.0,0.0,2874.0,2874.0,2874.0,0.0
231000,Palhano,CE,eligible_proxy,0.0,0.0,0.0,2874.0,2874.0,2874.0,0.0
230990,Pacujá,CE,eligible_proxy,0.0,0.0,0.0,2874.0,2874.0,2874.0,0.0
230980,Pacoti,CE,eligible_proxy,0.0,0.0,0.0,2874.0,2874.0,2874.0,0.0
230970,Pacatuba,CE,eligible_proxy,0.0,0.0,0.0,2874.0,2874.0,2874.0,0.0
230960,Pacajus,CE,eligible_proxy,0.0,0.0,0.0,2874.0,2874.0,2874.0,0.0
230950,Orós,CE,eligible_proxy,0.0,0.0,0.0,2874.0,2874.0,2874.0,0.0
230945,Ocara,CE,eligible_proxy,0.0,0.0,0.0,2874.0,2874.0,2874.0,0.0
230940,Novo Oriente,CE,eligible_proxy,0.0,0.0,0.0,2874.0,2874.0,2874.0,0.0
230930,Nova Russas,CE,eligible_proxy,0.0,0.0,0.0,2874.0,2874.0,2874.0,0.0
230920,Nova Olinda,CE,eligible_proxy,0.0,0.0,0.0,2874.0,2874.0,2874.0,0.0
231170,Reriutaba,CE,eligible_proxy,0.0,0.0,0.0,2874.0,2874.0,2874.0,0.0
231160,Redenção,CE,eligible_proxy,0.0,0.0,0.0,2874.0,2874.0,2874.0,0.0
231150,Quixeré,CE,eligible_proxy,0.0,0.0,0.0,2874.0,2874.0,2874.0,0.0
231140,Quixeramobim,CE,eligible_proxy,0.0,0.0,0.0,2874.0,2874.0,2874.0,0.0
231135,Quixelô,CE,eligible_proxy,0.0,0.0,0.0,2874.0,2874.0,2874.0,0.0
231130,Quixadá,CE,eligible_proxy,0.0,0.0,0.0,2874.0,2874.0,2874.0,0.0
231126,Quiterianópolis,CE,eligible_proxy,0.0,0.0,0.0,2874.0,2874.0,2874.0,0.0
231123,Potiretama,CE,eligible_proxy,0.0,0.0,0.0,2874.0,2874.0,2874.0,0.0
231120,Potengi,CE,eligible_proxy,0.0,0.0,0.0,2874.0,2874.0,2874.0,0.0
231110,Porteiras,CE,eligible_proxy,0.0,0.0,0.0,2874.0,2874.0,2874.0,0.0
231100,Poranga,CE,eligible_proxy,0.0,0.0,0.0,2874.0,2874.0,2874.0,0.0
231090,Piquet Carneiro,CE,eligible_proxy,0.0,0.0,0.0,2874.0,2874.0,2874.0,0.0
231085,Pindoretama,CE,eligible_proxy,0.0,0.0,0.0,2874.0,2874.0,2874.0,0.0
231080,Pereiro,CE,eligible_proxy,0.0,0.0,0.0,2874.0,2874.0,2874.0,0.0
231070,Pentecoste,CE,eligible_proxy,0.0,0.0,0.0,2874.0,2874.0,2874.0,0.0
231060,Penaforte,CE,eligible_proxy,0.0,0.0,0.0,2874.0,2874.0,2874.0,0.0
231320,Tamboril,CE,eligible_proxy,0.0,0.0,0.0,2874.0,2874.0,2874.0,0.0
231310,Tabuleiro do Norte,CE,eligible_proxy,0.0,0.0,0.0,2874.0,2874.0,2874.0,0.0
231300,Solonópole,CE,eligible_proxy,0.0,0.0,0.0,2874.0,2874.0,2874.0,0.0
231290,Sobral,CE,eligible_proxy,0.0,0.0,0.0,2874.0,2874.0,2874.0,0.0
231280,Senador Sá,CE,eligible_proxy,0.0,0.0,0.0,2874.0,2874.0,2874.0,0.0
231270,Senador Pompeu,CE,eligible_proxy,0.0,0.0,0.0,2874.0,2874.0,2874.0,0.0
231260,São Luís do Curu,CE,eligible_proxy,0.0,0.0,0.0,2874.0,2874.0,2874.0,0.0
231250,São João do Jaguaribe,CE,eligible_proxy,0.0,0.0,0.0,2874.0,2874.0,2874.0,0.0
231240,São Gonçalo do Amarante,CE,eligible_proxy,0.0,0.0,0.0,2874.0,2874.0,2874.0,0.0
231230,São Benedito,CE,eligible_proxy,0.0,0.0,0.0,2874.0,2874.0,2874.0,0.0
231220,Santa Quitéria,CE,eligible_proxy,0.0,0.0,0.0,2874.0,2874.0,2874.0,0.0
231210,Santana do Cariri,CE,eligible_proxy,0.0,0.0,0.0,2874.0,2874.0,2874.0,0.0
231200,Santana do Acaraú,CE,eligible_proxy,0.0,0.0,0.0,2874.0,2874.0,2874.0,0.0
231195,Salitre,CE,eligible_proxy,0.0,0.0,0.0,2874.0,2874.0,2874.0,0.0
231190,Saboeiro,CE,eligible_proxy,0.0,0.0,0.0,2874.0,2874.0,2874.0,0.0
231180,Russas,CE,eligible_proxy,0.0,0.0,0.0,2874.0,2874.0,2874.0,0.0
240030,Afonso Bezerra,RN,eligible_proxy,0.0,0.0,0.0,2874.0,2874.0,2874.0,0.0
240020,Assú,RN,eligible_proxy,0.0,0.0,0.0,2874.0,2874.0,2874.0,0.0
240010,Acari,RN,eligible_proxy,0.0,0.0,0.0,2874.0,2874.0,2874.0,0.0
231410,Viçosa do Ceará,CE,eligible_proxy,0.0,0.0,0.0,2874.0,2874.0,2874.0,0.0
231400,Várzea Alegre,CE,eligible_proxy,0.0,0.0,0.0,2874.0,2874.0,2874.0,0.0
231395,Varjota,CE,eligible_proxy,0.0,0.0,0.0,2874.0,2874.0,2874.0,0.0
231390,Uruoca,CE,eligible_proxy,0.0,0.0,0.0,2874.0,2874.0,2874.0,0.0
231380,Uruburetama,CE,eligible_proxy,0.0,0.0,0.0,2874.0,2874.0,2874.0,0.0
231375,Umirim,CE,eligible_proxy,0.0,0.0,0.0,2874.0,2874.0,2874.0,0.0
231370,Umari,CE,eligible_proxy,0.0,0.0,0.0,2874.0,2874.0,2874.0,0.0
231360,Ubajara,CE,eligible_proxy,0.0,0.0,0.0,2874.0,2874.0,2874.0,0.0
231350,Trairi,CE,eligible_proxy,0.0,0.0,0.0,2874.0,2874.0,2874.0,0.0
231340,Tianguá,CE,eligible_proxy,0.0,0.0,0.0,2874.0,2874.0,2874.0,0.0
231335,Tejuçuoca,CE,eligible_proxy,0.0,0.0,0.0,2874.0,2874.0,2874.0,0.0
231330,Tauá,CE,eligible_proxy,0.0,0.0,0.0,2874.0,2874.0,2874.0,0.0
231325,Tarrafas,CE,eligible_proxy,0.0,0.0,0.0,2874.0,2874.0,2874.0,0.0
220220,Campo Maior,PI,eligible_proxy,0.0,0.0,0.0,2874.0,2874.0,2874.0,0.0
220217,Campo Largo do Piauí,PI,eligible_proxy,0.0,0.0,0.0,2874.0,2874.0,2874.0,0.0
220213,Campo Grande do Piauí,PI,eligible_proxy,0.0,0.0,0.0,2874.0,2874.0,2874.0,0.0
220211,Campo Alegre do Fidalgo,PI,eligible_proxy,0.0,0.0,0.0,2874.0,2874.0,2874.0,0.0
220210,Campinas do Piauí,PI,eligible_proxy,0.0,0.0,0.0,2874.0,2874.0,2874.0,0.0
220209,Caldeirão Grande do Piauí,PI,eligible_proxy,0.0,0.0,0.0,2874.0,2874.0,2874.0,0.0
220208,Cajueiro da Praia,PI,eligible_proxy,0.0,0.0,0.0,2874.0,2874.0,2874.0,0.0
220205,Cabeceiras do Piauí,PI,eligible_proxy,0.0,0.0,0.0,2874.0,2874.0,2874.0,0.0
220202,Buriti dos Montes,PI,eligible_proxy,0.0,0.0,0.0,2874.0,2874.0,2874.0,0.0
220198,Brejo do Piauí,PI,eligible_proxy,0.0,0.0,0.0,2874.0,2874.0,2874.0,0.0
220192,Bonfim do Piauí,PI,eligible_proxy,0.0,0.0,0.0,2874.0,2874.0,2874.0,0.0
240080,Angicos,RN,eligible_proxy,0.0,0.0,0.0,2874.0,2874.0,2874.0,0.0
240070,Alto do Rodrigues,RN,eligible_proxy,0.0,0.0,0.0,2874.0,2874.0,2874.0,0.0
240060,Almino Afonso,RN,eligible_proxy,0.0,0.0,0.0,2874.0,2874.0,2874.0,0.0
240050,Alexandria,RN,eligible_proxy,0.0,0.0,0.0,2874.0,2874.0,2874.0,0.0
240040,Água Nova,RN,eligible_proxy,0.0,0.0,0.0,2874.0,2874.0,2874.0,0.0
240260,Ceará-Mirim,RN,eligible_proxy,0.0,0.0,0.0,2874.0,2874.0,2874.0,0.0
240250,Carnaubais,RN,eligible_proxy,0.0,0.0,0.0,2874.0,2874.0,2874.0,0.0
240240,Carnaúba dos Dantas,RN,eligible_proxy,0.0,0.0,0.0,2874.0,2874.0,2874.0,0.0
240230,Caraúbas,RN,eligible_proxy,0.0,0.0,0.0,2874.0,2874.0,2874.0,0.0
240220,Canguaretama,RN,eligible_proxy,0.0,0.0,0.0,2874.0,2874.0,2874.0,0.0
240210,Campo Redondo,RN,eligible_proxy,0.0,0.0,0.0,2874.0,2874.0,2874.0,0.0
240200,Caicó,RN,eligible_proxy,0.0,0.0,0.0,2874.0,2874.0,2874.0,0.0
240185,Caiçara do Norte,RN,eligible_proxy,0.0,0.0,0.0,2874.0,2874.0,2874.0,0.0
240180,Brejinho,RN,eligible_proxy,0.0,0.0,0.0,2874.0,2874.0,2874.0,0.0
240170,Bom Jesus,RN,eligible_proxy,0.0,0.0,0.0,2874.0,2874.0,2874.0,0.0
240145,Baraúna,RN,eligible_proxy,0.0,0.0,0.0,2874.0,2874.0,2874.0,0.0
240140,Baía Formosa,RN,eligible_proxy,0.0,0.0,0.0,2874.0,2874.0,2874.0,0.0
240120,Arez,RN,eligible_proxy,0.0,0.0,0.0,2874.0,2874.0,2874.0,0.0
240110,Areia Branca,RN,eligible_proxy,0.0,0.0,0.0,2874.0,2874.0,2874.0,0.0
240100,Apodi,RN,eligible_proxy,0.0,0.0,0.0,2874.0,2874.0,2874.0,0.0
240090,Antônio Martins,RN,eligible_proxy,0.0,0.0,0.0,2874.0,2874.0,2874.0,0.0
240440,Grossos,RN,eligible_proxy,0.0,0.0,0.0,2874.0,2874.0,2874.0,0.0
240430,Governador Dix-Sept Rosado,RN,eligible_proxy,0.0,0.0,0.0,2874.0,2874.0,2874.0,0.0
240420,Goianinha,RN,eligible_proxy,0.0,0.0,0.0,2874.0,2874.0,2874.0,0.0
240400,Frutuoso Gomes,RN,eligible_proxy,0.0,0.0,0.0,2874.0,2874.0,2874.0,0.0
240390,Francisco Dantas,RN,eligible_proxy,0.0,0.0,0.0,2874.0,2874.0,2874.0,0.0
240380,Florânia,RN,eligible_proxy,0.0,0.0,0.0,2874.0,2874.0,2874.0,0.0
240375,Fernando Pedroza,RN,eligible_proxy,0.0,0.0,0.0,2874.0,2874.0,2874.0,0.0
240370,Felipe Guerra,RN,eligible_proxy,0.0,0.0,0.0,2874.0,2874.0,2874.0,0.0
240350,Espírito Santo,RN,eligible_proxy,0.0,0.0,0.0,2874.0,2874.0,2874.0,0.0
240340,Equador,RN,eligible_proxy,0.0,0.0,0.0,2874.0,2874.0,2874.0,0.0
240330,Encanto,RN,eligible_proxy,0.0,0.0,0.0,2874.0,2874.0,2874.0,0.0
240320,Doutor Severiano,RN,eligible_proxy,0.0,0.0,0.0,2874.0,2874.0,2874.0,0.0
240310,Currais Novos,RN,eligible_proxy,0.0,0.0,0.0,2874.0,2874.0,2874.0,0.0
240300,Cruzeta,RN,eligible_proxy,0.0,0.0,0.0,2874.0,2874.0,2874.0,0.0
240280,Coronel Ezequiel,RN,eligible_proxy,0.0,0.0,0.0,2874.0,2874.0,2874.0,0.0
240270,Cerro Corá,RN,eligible_proxy,0.0,0.0,0.0,2874.0,2874.0,2874.0,0.0
240610,Jucurutu,RN,eligible_proxy,0.0,0.0,0.0,2874.0,2874.0,2874.0,0.0
240600,José da Penha,RN,eligible_proxy,0.0,0.0,0.0,2874.0,2874.0,2874.0,0.0
240590,João Dias,RN,eligible_proxy,0.0,0.0,0.0,2874.0,2874.0,2874.0,0.0
240580,João Câmara,RN,eligible_proxy,0.0,0.0,0.0,2874.0,2874.0,2874.0,0.0
240570,Jardim do Seridó,RN,eligible_proxy,0.0,0.0,0.0,2874.0,2874.0,2874.0,0.0
240560,Jardim de Piranhas,RN,eligible_proxy,0.0,0.0,0.0,2874.0,2874.0,2874.0,0.0
240540,Japi,RN,eligible_proxy,0.0,0.0,0.0,2874.0,2874.0,2874.0,0.0
240530,Januário Cicco,RN,eligible_proxy,0.0,0.0,0.0,2874.0,2874.0,2874.0,0.0
240520,Janduís,RN,eligible_proxy,0.0,0.0,0.0,2874.0,2874.0,2874.0,0.0
240510,Jandaíra,RN,eligible_proxy,0.0,0.0,0.0,2874.0,2874.0,2874.0,0.0
240500,Jaçanã,RN,eligible_proxy,0.0,0.0,0.0,2874.0,2874.0,2874.0,0.0
240490,Itaú,RN,eligible_proxy,0.0,0.0,0.0,2874.0,2874.0,2874.0,0.0
240485,Itajá,RN,eligible_proxy,0.0,0.0,0.0,2874.0,2874.0,2874.0,0.0
240470,Ipanguaçu,RN,eligible_proxy,0.0,0.0,0.0,2874.0,2874.0,2874.0,0.0
240460,Ielmo Marinho,RN,eligible_proxy,0.0,0.0,0.0,2874.0,2874.0,2874.0,0.0
240450,Guamaré,RN,eligible_proxy,0.0,0.0,0.0,2874.0,2874.0,2874.0,0.0
160070,Tartarugalzinho,AP,eligible_proxy,0.0,0.0,0.0,2874.0,2874.0,2874.0,0.0
240750,Maxaranguape,RN,eligible_proxy,0.0,0.0,0.0,2874.0,2874.0,2874.0,0.0
240740,Martins,RN,eligible_proxy,0.0,0.0,0.0,2874.0,2874.0,2874.0,0.0
240730,Marcelino Vieira,RN,eligible_proxy,0.0,0.0,0.0,2874.0,2874.0,2874.0,0.0
240725,Major Sales,RN,eligible_proxy,0.0,0.0,0.0,2874.0,2874.0,2874.0,0.0
240720,Macau,RN,eligible_proxy,0.0,0.0,0.0,2874.0,2874.0,2874.0,0.0
240710,Macaíba,RN,eligible_proxy,0.0,0.0,0.0,2874.0,2874.0,2874.0,0.0
240700,Luís Gomes,RN,eligible_proxy,0.0,0.0,0.0,2874.0,2874.0,2874.0,0.0
240690,Lucrécia,RN,eligible_proxy,0.0,0.0,0.0,2874.0,2874.0,2874.0,0.0
240680,Lajes Pintadas,RN,eligible_proxy,0.0,0.0,0.0,2874.0,2874.0,2874.0,0.0
240670,Lajes,RN,eligible_proxy,0.0,0.0,0.0,2874.0,2874.0,2874.0,0.0
240660,Lagoa Salgada,RN,eligible_proxy,0.0,0.0,0.0,2874.0,2874.0,2874.0,0.0
240650,Lagoa Nova,RN,eligible_proxy,0.0,0.0,0.0,2874.0,2874.0,2874.0,0.0
240640,Lagoa de Velhos,RN,eligible_proxy,0.0,0.0,0.0,2874.0,2874.0,2874.0,0.0
240630,Lagoa de Pedras,RN,eligible_proxy,0.0,0.0,0.0,2874.0,2874.0,2874.0,0.0
240620,Lagoa d'Anta,RN,eligible_proxy,0.0,0.0,0.0,2874.0,2874.0,2874.0,0.0
240850,Ouro Branco,RN,eligible_proxy,0.0,0.0,0.0,2874.0,2874.0,2874.0,0.0
240840,Olho d'Água do Borges,RN,eligible_proxy,0.0,0.0,0.0,2874.0,2874.0,2874.0,0.0
240830,Nova Cruz,RN,eligible_proxy,0.0,0.0,0.0,2874.0,2874.0,2874.0,0.0
240820,Nísia Floresta,RN,eligible_proxy,0.0,0.0,0.0,2874.0,2874.0,2874.0,0.0
240780,Monte Alegre,RN,eligible_proxy,0.0,0.0,0.0,2874.0,2874.0,2874.0,0.0
240770,Montanhas,RN,eligible_proxy,0.0,0.0,0.0,2874.0,2874.0,2874.0,0.0
240760,Messias Targino,RN,eligible_proxy,0.0,0.0,0.0,2874.0,2874.0,2874.0,0.0
170220,Araguatins,TO,eligible_proxy,0.0,0.0,0.0,2874.0,2874.0,2874.0,0.0
170210,Araguaína,TO,eligible_proxy,0.0,0.0,0.0,2874.0,2874.0,2874.0,0.0
170200,Araguaçu,TO,eligible_proxy,0.0,0.0,0.0,2874.0,2874.0,2874.0,0.0
170190,Araguacema,TO,eligible_proxy,0.0,0.0,0.0,2874.0,2874.0,2874.0,0.0
170110,Aparecida do Rio Negro,TO,eligible_proxy,0.0,0.0,0.0,2874.0,2874.0,2874.0,0.0
170100,Ananás,TO,eligible_proxy,0.0,0.0,0.0,2874.0,2874.0,2874.0,0.0
170070,Alvorada,TO,eligible_proxy,0.0,0.0,0.0,2874.0,2874.0,2874.0,0.0
170040,Almas,TO,eligible_proxy,0.0,0.0,0.0,2874.0,2874.0,2874.0,0.0
170035,Aliança do Tocantins,TO,eligible_proxy,0.0,0.0,0.0,2874.0,2874.0,2874.0,0.0
241010,Poço Branco,RN,eligible_proxy,0.0,0.0,0.0,2874.0,2874.0,2874.0,0.0
241000,Pilões,RN,eligible_proxy,0.0,0.0,0.0,2874.0,2874.0,2874.0,0.0
240990,Pendências,RN,eligible_proxy,0.0,0.0,0.0,2874.0,2874.0,2874.0,0.0
240980,Pedro Velho,RN,eligible_proxy,0.0,0.0,0.0,2874.0,2874.0,2874.0,0.0
240970,Pedro Avelino,RN,eligible_proxy,0.0,0.0,0.0,2874.0,2874.0,2874.0,0.0
240950,Pedra Grande,RN,eligible_proxy,0.0,0.0,0.0,2874.0,2874.0,2874.0,0.0
240940,Pau dos Ferros,RN,eligible_proxy,0.0,0.0,0.0,2874.0,2874.0,2874.0,0.0
240933,Santa Maria,RN,eligible_proxy,0.0,0.0,0.0,2874.0,2874.0,2874.0,0.0
240930,Patu,RN,eligible_proxy,0.0,0.0,0.0,2874.0,2874.0,2874.0,0.0
240920,Passagem,RN,eligible_proxy,0.0,0.0,0.0,2874.0,2874.0,2874.0,0.0
240910,Passa e Fica,RN,eligible_proxy,0.0,0.0,0.0,2874.0,2874.0,2874.0,0.0
240895,Rio do Fogo,RN,eligible_proxy,0.0,0.0,0.0,2874.0,2874.0,2874.0,0.0
240890,Parelhas,RN,eligible_proxy,0.0,0.0,0.0,2874.0,2874.0,2874.0,0.0
240880,Parazinho,RN,eligible_proxy,0.0,0.0,0.0,2874.0,2874.0,2874.0,0.0
240870,Paraú,RN,eligible_proxy,0.0,0.0,0.0,2874.0,2874.0,2874.0,0.0
240860,Paraná,RN,eligible_proxy,0.0,0.0,0.0,2874.0,2874.0,2874.0,0.0
241160,São Bento do Norte,RN,eligible_proxy,0.0,0.0,0.0,2874.0,2874.0,2874.0,0.0
241150,Santo Antônio,RN,eligible_proxy,0.0,0.0,0.0,2874.0,2874.0,2874.0,0.0
241140,Santana do Matos,RN,eligible_proxy,0.0,0.0,0.0,2874.0,2874.0,2874.0,0.0
241120,Santa Cruz,RN,eligible_proxy,0.0,0.0,0.0,2874.0,2874.0,2874.0,0.0
241110,Ruy Barbosa,RN,eligible_proxy,0.0,0.0,0.0,2874.0,2874.0,2874.0,0.0
241105,Tibau,RN,eligible_proxy,0.0,0.0,0.0,2874.0,2874.0,2874.0,0.0
241100,Rodolfo Fernandes,RN,eligible_proxy,0.0,0.0,0.0,2874.0,2874.0,2874.0,0.0
241090,Riachuelo,RN,eligible_proxy,0.0,0.0,0.0,2874.0,2874.0,2874.0,0.0
241080,Riacho de Santana,RN,eligible_proxy,0.0,0.0,0.0,2874.0,2874.0,2874.0,0.0
241070,Riacho da Cruz,RN,eligible_proxy,0.0,0.0,0.0,2874.0,2874.0,2874.0,0.0
241060,Rafael Godeiro,RN,eligible_proxy,0.0,0.0,0.0,2874.0,2874.0,2874.0,0.0
241050,Rafael Fernandes,RN,eligible_proxy,0.0,0.0,0.0,2874.0,2874.0,2874.0,0.0
241040,Pureza,RN,eligible_proxy,0.0,0.0,0.0,2874.0,2874.0,2874.0,0.0
241030,Serra Caiada,RN,eligible_proxy,0.0,0.0,0.0,2874.0,2874.0,2874.0,0.0
241025,Porto do Mangue,RN,eligible_proxy,0.0,0.0,0.0,2874.0,2874.0,2874.0,0.0
241020,Portalegre,RN,eligible_proxy,0.0,0.0,0.0,2874.0,2874.0,2874.0,0.0
241310,Senador Elói de Souza,RN,eligible_proxy,0.0,0.0,0.0,2874.0,2874.0,2874.0,0.0
241300,São Vicente,RN,eligible_proxy,0.0,0.0,0.0,2874.0,2874.0,2874.0,0.0
241290,São Tomé,RN,eligible_proxy,0.0,0.0,0.0,2874.0,2874.0,2874.0,0.0
241280,São Rafael,RN,eligible_proxy,0.0,0.0,0.0,2874.0,2874.0,2874.0,0.0
241270,São Pedro,RN,eligible_proxy,0.0,0.0,0.0,2874.0,2874.0,2874.0,0.0
241260,São Paulo do Potengi,RN,eligible_proxy,0.0,0.0,0.0,2874.0,2874.0,2874.0,0.0
241255,São Miguel do Gostoso,RN,eligible_proxy,0.0,0.0,0.0,2874.0,2874.0,2874.0,0.0
241250,São Miguel,RN,eligible_proxy,0.0,0.0,0.0,2874.0,2874.0,2874.0,0.0
241240,São José do Seridó,RN,eligible_proxy,0.0,0.0,0.0,2874.0,2874.0,2874.0,0.0
241230,São José do Campestre,RN,eligible_proxy,0.0,0.0,0.0,2874.0,2874.0,2874.0,0.0
241220,São José de Mipibu,RN,eligible_proxy,0.0,0.0,0.0,2874.0,2874.0,2874.0,0.0
241210,São João do Sabugi,RN,eligible_proxy,0.0,0.0,0.0,2874.0,2874.0,2874.0,0.0
241200,São Gonçalo do Amarante,RN,eligible_proxy,0.0,0.0,0.0,2874.0,2874.0,2874.0,0.0
241190,São Francisco do Oeste,RN,eligible_proxy,0.0,0.0,0.0,2874.0,2874.0,2874.0,0.0
241180,São Fernando,RN,eligible_proxy,0.0,0.0,0.0,2874.0,2874.0,2874.0,0.0
241170,São Bento do Trairí,RN,eligible_proxy,0.0,0.0,0.0,2874.0,2874.0,2874.0,0.0
241445,Triunfo Potiguar,RN,eligible_proxy,0.0,0.0,0.0,2874.0,2874.0,2874.0,0.0
241440,Touros,RN,eligible_proxy,0.0,0.0,0.0,2874.0,2874.0,2874.0,0.0
241430,Timbaúba dos Batistas,RN,eligible_proxy,0.0,0.0,0.0,2874.0,2874.0,2874.0,0.0
241420,Tibau do Sul,RN,eligible_proxy,0.0,0.0,0.0,2874.0,2874.0,2874.0,0.0
241415,Tenente Laurentino Cruz,RN,eligible_proxy,0.0,0.0,0.0,2874.0,2874.0,2874.0,0.0
241410,Tenente Ananias,RN,eligible_proxy,0.0,0.0,0.0,2874.0,2874.0,2874.0,0.0
241400,Tangará,RN,eligible_proxy,0.0,0.0,0.0,2874.0,2874.0,2874.0,0.0
241390,Taipu,RN,eligible_proxy,0.0,0.0,0.0,2874.0,2874.0,2874.0,0.0
241370,Sítio Novo,RN,eligible_proxy,0.0,0.0,0.0,2874.0,2874.0,2874.0,0.0
241360,Severiano Melo,RN,eligible_proxy,0.0,0.0,0.0,2874.0,2874.0,2874.0,0.0
241355,Serrinha dos Pintos,RN,eligible_proxy,0.0,0.0,0.0,2874.0,2874.0,2874.0,0.0
241350,Serrinha,RN,eligible_proxy,0.0,0.0,0.0,2874.0,2874.0,2874.0,0.0
241340,Serra Negra do Norte,RN,eligible_proxy,0.0,0.0,0.0,2874.0,2874.0,2874.0,0.0
241335,Serra do Mel,RN,eligible_proxy,0.0,0.0,0.0,2874.0,2874.0,2874.0,0.0
241330,Serra de São Bento,RN,eligible_proxy,0.0,0.0,0.0,2874.0,2874.0,2874.0,0.0
241320,Senador Georgino Avelino,RN,eligible_proxy,0.0,0.0,0.0,2874.0,2874.0,2874.0,0.0
250073,Amparo,PB,eligible_proxy,0.0,0.0,0.0,2874.0,2874.0,2874.0,0.0
250070,São João do Rio do Peixe,PB,eligible_proxy,0.0,0.0,0.0,2874.0,2874.0,2874.0,0.0
250060,Alhandra,PB,eligible_proxy,0.0,0.0,0.0,2874.0,2874.0,2874.0,0.0
250057,Algodão de Jandaíra,PB,eligible_proxy,0.0,0.0,0.0,2874.0,2874.0,2874.0,0.0
250050,Alagoinha,PB,eligible_proxy,0.0,0.0,0.0,2874.0,2874.0,2874.0,0.0
250040,Alagoa Nova,PB,eligible_proxy,0.0,0.0,0.0,2874.0,2874.0,2874.0,0.0
250030,Alagoa Grande,PB,eligible_proxy,0.0,0.0,0.0,2874.0,2874.0,2874.0,0.0
250020,Aguiar,PB,eligible_proxy,0.0,0.0,0.0,2874.0,2874.0,2874.0,0.0
250010,Água Branca,PB,eligible_proxy,0.0,0.0,0.0,2874.0,2874.0,2874.0,0.0
241500,Vila Flor,RN,eligible_proxy,0.0,0.0,0.0,2874.0,2874.0,2874.0,0.0
241490,Viçosa,RN,eligible_proxy,0.0,0.0,0.0,2874.0,2874.0,2874.0,0.0
241480,Vera Cruz,RN,eligible_proxy,0.0,0.0,0.0,2874.0,2874.0,2874.0,0.0
241475,Venha-Ver,RN,eligible_proxy,0.0,0.0,0.0,2874.0,2874.0,2874.0,0.0
241470,Várzea,RN,eligible_proxy,0.0,0.0,0.0,2874.0,2874.0,2874.0,0.0
241460,Upanema,RN,eligible_proxy,0.0,0.0,0.0,2874.0,2874.0,2874.0,0.0
241450,Umarizal,RN,eligible_proxy,0.0,0.0,0.0,2874.0,2874.0,2874.0,0.0
250190,Belém,PB,eligible_proxy,0.0,0.0,0.0,2874.0,2874.0,2874.0,0.0
250180,Bayeux,PB,eligible_proxy,0.0,0.0,0.0,2874.0,2874.0,2874.0,0.0
250170,Barra de São Miguel,PB,eligible_proxy,0.0,0.0,0.0,2874.0,2874.0,2874.0,0.0
250160,Barra de Santa Rosa,PB,eligible_proxy,0.0,0.0,0.0,2874.0,2874.0,2874.0,0.0
250157,Barra de Santana,PB,eligible_proxy,0.0,0.0,0.0,2874.0,2874.0,2874.0,0.0
250153,Baraúna,PB,eligible_proxy,0.0,0.0,0.0,2874.0,2874.0,2874.0,0.0
250150,Bananeiras,PB,eligible_proxy,0.0,0.0,0.0,2874.0,2874.0,2874.0,0.0
250140,Baía da Traição,PB,eligible_proxy,0.0,0.0,0.0,2874.0,2874.0,2874.0,0.0
250135,Assunção,PB,eligible_proxy,0.0,0.0,0.0,2874.0,2874.0,2874.0,0.0
250130,Aroeiras,PB,eligible_proxy,0.0,0.0,0.0,2874.0,2874.0,2874.0,0.0
250120,Areial,PB,eligible_proxy,0.0,0.0,0.0,2874.0,2874.0,2874.0,0.0
250110,Areia,PB,eligible_proxy,0.0,0.0,0.0,2874.0,2874.0,2874.0,0.0
250100,Araruna,PB,eligible_proxy,0.0,0.0,0.0,2874.0,2874.0,2874.0,0.0
250090,Arara,PB,eligible_proxy,0.0,0.0,0.0,2874.0,2874.0,2874.0,0.0
250080,Araçagi,PB,eligible_proxy,0.0,0.0,0.0,2874.0,2874.0,2874.0,0.0
250077,Aparecida,PB,eligible_proxy,0.0,0.0,0.0,2874.0,2874.0,2874.0,0.0
250330,Cachoeira dos Índios,PB,eligible_proxy,0.0,0.0,0.0,2874.0,2874.0,2874.0,0.0
250320,Cabedelo,PB,eligible_proxy,0.0,0.0,0.0,2874.0,2874.0,2874.0,0.0
250310,Cabaceiras,PB,eligible_proxy,0.0,0.0,0.0,2874.0,2874.0,2874.0,0.0
250300,Caaporã,PB,eligible_proxy,0.0,0.0,0.0,2874.0,2874.0,2874.0,0.0
250290,Brejo dos Santos,PB,eligible_proxy,0.0,0.0,0.0,2874.0,2874.0,2874.0,0.0
250280,Brejo do Cruz,PB,eligible_proxy,0.0,0.0,0.0,2874.0,2874.0,2874.0,0.0
250270,Borborema,PB,eligible_proxy,0.0,0.0,0.0,2874.0,2874.0,2874.0,0.0
250260,Igaracy,PB,eligible_proxy,0.0,0.0,0.0,2874.0,2874.0,2874.0,0.0
250250,Boqueirão,PB,eligible_proxy,0.0,0.0,0.0,2874.0,2874.0,2874.0,0.0
250240,Bonito de Santa Fé,PB,eligible_proxy,0.0,0.0,0.0,2874.0,2874.0,2874.0,0.0
250230,Bom Sucesso,PB,eligible_proxy,0.0,0.0,0.0,2874.0,2874.0,2874.0,0.0
250220,Bom Jesus,PB,eligible_proxy,0.0,0.0,0.0,2874.0,2874.0,2874.0,0.0
250215,Boa Vista,PB,eligible_proxy,0.0,0.0,0.0,2874.0,2874.0,2874.0,0.0
250210,Boa Ventura,PB,eligible_proxy,0.0,0.0,0.0,2874.0,2874.0,2874.0,0.0
250205,Bernardino Batista,PB,eligible_proxy,0.0,0.0,0.0,2874.0,2874.0,2874.0,0.0
250200,Belém do Brejo do Cruz,PB,eligible_proxy,0.0,0.0,0.0,2874.0,2874.0,2874.0,0.0
250450,Condado,PB,eligible_proxy,0.0,0.0,0.0,2874.0,2874.0,2874.0,0.0
250440,Conceição,PB,eligible_proxy,0.0,0.0,0.0,2874.0,2874.0,2874.0,0.0
250435,Caturité,PB,eligible_proxy,0.0,0.0,0.0,2874.0,2874.0,2874.0,0.0
250430,Catolé do Rocha,PB,eligible_proxy,0.0,0.0,0.0,2874.0,2874.0,2874.0,0.0
250420,Catingueira,PB,eligible_proxy,0.0,0.0,0.0,2874.0,2874.0,2874.0,0.0
250415,Casserengue,PB,eligible_proxy,0.0,0.0,0.0,2874.0,2874.0,2874.0,0.0
250407,Caraúbas,PB,eligible_proxy,0.0,0.0,0.0,2874.0,2874.0,2874.0,0.0
250403,Capim,PB,eligible_proxy,0.0,0.0,0.0,2874.0,2874.0,2874.0,0.0
250400,Campina Grande,PB,eligible_proxy,0.0,0.0,0.0,2874.0,2874.0,2874.0,0.0
250390,Camalaú,PB,eligible_proxy,0.0,0.0,0.0,2874.0,2874.0,2874.0,0.0
250380,Caldas Brandão,PB,eligible_proxy,0.0,0.0,0.0,2874.0,2874.0,2874.0,0.0
250370,Cajazeiras,PB,eligible_proxy,0.0,0.0,0.0,2874.0,2874.0,2874.0,0.0
250360,Caiçara,PB,eligible_proxy,0.0,0.0,0.0,2874.0,2874.0,2874.0,0.0
250355,Cacimbas,PB,eligible_proxy,0.0,0.0,0.0,2874.0,2874.0,2874.0,0.0
250350,Cacimba de Dentro,PB,eligible_proxy,0.0,0.0,0.0,2874.0,2874.0,2874.0,0.0
250340,Cacimba de Areia,PB,eligible_proxy,0.0,0.0,0.0,2874.0,2874.0,2874.0,0.0
250570,Dona Inês,PB,eligible_proxy,0.0,0.0,0.0,2874.0,2874.0,2874.0,0.0
250560,Diamante,PB,eligible_proxy,0.0,0.0,0.0,2874.0,2874.0,2874.0,0.0
250550,Vista Serrana,PB,eligible_proxy,0.0,0.0,0.0,2874.0,2874.0,2874.0,0.0
250540,Desterro,PB,eligible_proxy,0.0,0.0,0.0,2874.0,2874.0,2874.0,0.0
250535,Damião,PB,eligible_proxy,0.0,0.0,0.0,2874.0,2874.0,2874.0,0.0
250530,Curral Velho,PB,eligible_proxy,0.0,0.0,0.0,2874.0,2874.0,2874.0,0.0
250527,Curral de Cima,PB,eligible_proxy,0.0,0.0,0.0,2874.0,2874.0,2874.0,0.0
250523,Cuité de Mamanguape,PB,eligible_proxy,0.0,0.0,0.0,2874.0,2874.0,2874.0,0.0
250520,Cuitegi,PB,eligible_proxy,0.0,0.0,0.0,2874.0,2874.0,2874.0,0.0
250510,Cuité,PB,eligible_proxy,0.0,0.0,0.0,2874.0,2874.0,2874.0,0.0
250500,Cubati,PB,eligible_proxy,0.0,0.0,0.0,2874.0,2874.0,2874.0,0.0
250490,Cruz do Espírito Santo,PB,eligible_proxy,0.0,0.0,0.0,2874.0,2874.0,2874.0,0.0
250485,Coxixola,PB,eligible_proxy,0.0,0.0,0.0,2874.0,2874.0,2874.0,0.0
250480,Coremas,PB,eligible_proxy,0.0,0.0,0.0,2874.0,2874.0,2874.0,0.0
250470,Congo,PB,eligible_proxy,0.0,0.0,0.0,2874.0,2874.0,2874.0,0.0
250460,Conde,PB,eligible_proxy,0.0,0.0,0.0,2874.0,2874.0,2874.0,0.0
250720,Itatuba,PB,eligible_proxy,0.0,0.0,0.0,2874.0,2874.0,2874.0,0.0
250710,Itapororoca,PB,eligible_proxy,0.0,0.0,0.0,2874.0,2874.0,2874.0,0.0
250700,Itaporanga,PB,eligible_proxy,0.0,0.0,0.0,2874.0,2874.0,2874.0,0.0
250690,Itabaiana,PB,eligible_proxy,0.0,0.0,0.0,2874.0,2874.0,2874.0,0.0
250680,Ingá,PB,eligible_proxy,0.0,0.0,0.0,2874.0,2874.0,2874.0,0.0
250670,Imaculada,PB,eligible_proxy,0.0,0.0,0.0,2874.0,2874.0,2874.0,0.0
250660,Ibiara,PB,eligible_proxy,0.0,0.0,0.0,2874.0,2874.0,2874.0,0.0
250650,Gurjão,PB,eligible_proxy,0.0,0.0,0.0,2874.0,2874.0,2874.0,0.0
250640,Gurinhém,PB,eligible_proxy,0.0,0.0,0.0,2874.0,2874.0,2874.0,0.0
250630,Guarabira,PB,eligible_proxy,0.0,0.0,0.0,2874.0,2874.0,2874.0,0.0
250625,Gado Bravo,PB,eligible_proxy,0.0,0.0,0.0,2874.0,2874.0,2874.0,0.0
250620,Frei Martinho,PB,eligible_proxy,0.0,0.0,0.0,2874.0,2874.0,2874.0,0.0
250610,Fagundes,PB,eligible_proxy,0.0,0.0,0.0,2874.0,2874.0,2874.0,0.0
250600,Esperança,PB,eligible_proxy,0.0,0.0,0.0,2874.0,2874.0,2874.0,0.0
250590,Emas,PB,eligible_proxy,0.0,0.0,0.0,2874.0,2874.0,2874.0,0.0
250580,Duas Estradas,PB,eligible_proxy,0.0,0.0,0.0,2874.0,2874.0,2874.0,0.0
250890,Mamanguape,PB,eligible_proxy,0.0,0.0,0.0,2874.0,2874.0,2874.0,0.0
250880,Malta,PB,eligible_proxy,0.0,0.0,0.0,2874.0,2874.0,2874.0,0.0
250870,Mãe d'Água,PB,eligible_proxy,0.0,0.0,0.0,2874.0,2874.0,2874.0,0.0
250860,Lucena,PB,eligible_proxy,0.0,0.0,0.0,2874.0,2874.0,2874.0,0.0
250850,Livramento,PB,eligible_proxy,0.0,0.0,0.0,2874.0,2874.0,2874.0,0.0
250840,Lastro,PB,eligible_proxy,0.0,0.0,0.0,2874.0,2874.0,2874.0,0.0
250830,Lagoa Seca,PB,eligible_proxy,0.0,0.0,0.0,2874.0,2874.0,2874.0,0.0
250820,Lagoa de Dentro,PB,eligible_proxy,0.0,0.0,0.0,2874.0,2874.0,2874.0,0.0
250810,Lagoa,PB,eligible_proxy,0.0,0.0,0.0,2874.0,2874.0,2874.0,0.0
250800,Juru,PB,eligible_proxy,0.0,0.0,0.0,2874.0,2874.0,2874.0,0.0
250790,Juripiranga,PB,eligible_proxy,0.0,0.0,0.0,2874.0,2874.0,2874.0,0.0
250780,Junco do Seridó,PB,eligible_proxy,0.0,0.0,0.0,2874.0,2874.0,2874.0,0.0
250770,Juazeirinho,PB,eligible_proxy,0.0,0.0,0.0,2874.0,2874.0,2874.0,0.0
250760,Juarez Távora,PB,eligible_proxy,0.0,0.0,0.0,2874.0,2874.0,2874.0,0.0
250740,Jericó,PB,eligible_proxy,0.0,0.0,0.0,2874.0,2874.0,2874.0,0.0
250730,Jacaraú,PB,eligible_proxy,0.0,0.0,0.0,2874.0,2874.0,2874.0,0.0
251000,Nazarezinho,PB,eligible_proxy,0.0,0.0,0.0,2874.0,2874.0,2874.0,0.0
250990,Natuba,PB,eligible_proxy,0.0,0.0,0.0,2874.0,2874.0,2874.0,0.0
250980,Mulungu,PB,eligible_proxy,0.0,0.0,0.0,2874.0,2874.0,2874.0,0.0
250970,Monteiro,PB,eligible_proxy,0.0,0.0,0.0,2874.0,2874.0,2874.0,0.0
250960,Monte Horebe,PB,eligible_proxy,0.0,0.0,0.0,2874.0,2874.0,2874.0,0.0
250950,Montadas,PB,eligible_proxy,0.0,0.0,0.0,2874.0,2874.0,2874.0,0.0
250940,Mogeiro,PB,eligible_proxy,0.0,0.0,0.0,2874.0,2874.0,2874.0,0.0
250939,Maturéia,PB,eligible_proxy,0.0,0.0,0.0,2874.0,2874.0,2874.0,0.0
250937,Mato Grosso,PB,eligible_proxy,0.0,0.0,0.0,2874.0,2874.0,2874.0,0.0
250933,Matinhas,PB,eligible_proxy,0.0,0.0,0.0,2874.0,2874.0,2874.0,0.0
250930,Mataraca,PB,eligible_proxy,0.0,0.0,0.0,2874.0,2874.0,2874.0,0.0
250920,Massaranduba,PB,eligible_proxy,0.0,0.0,0.0,2874.0,2874.0,2874.0,0.0
250915,Marizópolis,PB,eligible_proxy,0.0,0.0,0.0,2874.0,2874.0,2874.0,0.0
250910,Mari,PB,eligible_proxy,0.0,0.0,0.0,2874.0,2874.0,2874.0,0.0
250905,Marcação,PB,eligible_proxy,0.0,0.0,0.0,2874.0,2874.0,2874.0,0.0
250900,Manaíra,PB,eligible_proxy,0.0,0.0,0.0,2874.0,2874.0,2874.0,0.0
251150,Pilar,PB,eligible_proxy,0.0,0.0,0.0,2874.0,2874.0,2874.0,0.0
251140,PICUI,PB,eligible_proxy,0.0,0.0,0.0,2874.0,2874.0,2874.0,0.0
251130,Piancó,PB,eligible_proxy,0.0,0.0,0.0,2874.0,2874.0,2874.0,0.0
251120,Pedras de Fogo,PB,eligible_proxy,0.0,0.0,0.0,2874.0,2874.0,2874.0,0.0
251110,Pedra Lavrada,PB,eligible_proxy,0.0,0.0,0.0,2874.0,2874.0,2874.0,0.0
251100,Pedra Branca,PB,eligible_proxy,0.0,0.0,0.0,2874.0,2874.0,2874.0,0.0
251090,Paulista,PB,eligible_proxy,0.0,0.0,0.0,2874.0,2874.0,2874.0,0.0
251080,Patos,PB,eligible_proxy,0.0,0.0,0.0,2874.0,2874.0,2874.0,0.0
251070,Passagem,PB,eligible_proxy,0.0,0.0,0.0,2874.0,2874.0,2874.0,0.0
251065,Parari,PB,eligible_proxy,0.0,0.0,0.0,2874.0,2874.0,2874.0,0.0
251060,Ouro Velho,PB,eligible_proxy,0.0,0.0,0.0,2874.0,2874.0,2874.0,0.0
251050,Olivedos,PB,eligible_proxy,0.0,0.0,0.0,2874.0,2874.0,2874.0,0.0
251040,Olho d'Água,PB,eligible_proxy,0.0,0.0,0.0,2874.0,2874.0,2874.0,0.0
251030,Nova Palmeira,PB,eligible_proxy,0.0,0.0,0.0,2874.0,2874.0,2874.0,0.0
251020,Nova Olinda,PB,eligible_proxy,0.0,0.0,0.0,2874.0,2874.0,2874.0,0.0
251010,Nova Floresta,PB,eligible_proxy,0.0,0.0,0.0,2874.0,2874.0,2874.0,0.0
251276,Riachão do Poço,PB,eligible_proxy,0.0,0.0,0.0,2874.0,2874.0,2874.0,0.0
251275,Riachão do Bacamarte,PB,eligible_proxy,0.0,0.0,0.0,2874.0,2874.0,2874.0,0.0
251272,Pedro Régis,PB,eligible_proxy,0.0,0.0,0.0,2874.0,2874.0,2874.0,0.0
251270,Remígio,PB,eligible_proxy,0.0,0.0,0.0,2874.0,2874.0,2874.0,0.0
251250,Queimadas,PB,eligible_proxy,0.0,0.0,0.0,2874.0,2874.0,2874.0,0.0
251240,Puxinanã,PB,eligible_proxy,0.0,0.0,0.0,2874.0,2874.0,2874.0,0.0
251230,Princesa Isabel,PB,eligible_proxy,0.0,0.0,0.0,2874.0,2874.0,2874.0,0.0
251220,Prata,PB,eligible_proxy,0.0,0.0,0.0,2874.0,2874.0,2874.0,0.0
251210,Pombal,PB,eligible_proxy,0.0,0.0,0.0,2874.0,2874.0,2874.0,0.0
251207,Poço de José de Moura,PB,eligible_proxy,0.0,0.0,0.0,2874.0,2874.0,2874.0,0.0
251203,Poço Dantas,PB,eligible_proxy,0.0,0.0,0.0,2874.0,2874.0,2874.0,0.0
251200,Pocinhos,PB,eligible_proxy,0.0,0.0,0.0,2874.0,2874.0,2874.0,0.0
251190,Pitimbu,PB,eligible_proxy,0.0,0.0,0.0,2874.0,2874.0,2874.0,0.0
251180,Pirpirituba,PB,eligible_proxy,0.0,0.0,0.0,2874.0,2874.0,2874.0,0.0
251170,Pilõezinhos,PB,eligible_proxy,0.0,0.0,0.0,2874.0,2874.0,2874.0,0.0
251160,Pilões,PB,eligible_proxy,0.0,0.0,0.0,2874.0,2874.0,2874.0,0.0
251396,São Domingos,PB,eligible_proxy,0.0,0.0,0.0,2874.0,2874.0,2874.0,0.0
251394,São Domingos do Cariri,PB,eligible_proxy,0.0,0.0,0.0,2874.0,2874.0,2874.0,0.0
251392,São Bentinho,PB,eligible_proxy,0.0,0.0,0.0,2874.0,2874.0,2874.0,0.0
251390,São Bento,PB,eligible_proxy,0.0,0.0,0.0,2874.0,2874.0,2874.0,0.0
251385,Santo André,PB,eligible_proxy,0.0,0.0,0.0,2874.0,2874.0,2874.0,0.0
251365,Joca Claudino,PB,eligible_proxy,0.0,0.0,0.0,2874.0,2874.0,2874.0,0.0
251360,Santana dos Garrotes,PB,eligible_proxy,0.0,0.0,0.0,2874.0,2874.0,2874.0,0.0
251350,Santana de Mangueira,PB,eligible_proxy,0.0,0.0,0.0,2874.0,2874.0,2874.0,0.0
251340,Santa Luzia,PB,eligible_proxy,0.0,0.0,0.0,2874.0,2874.0,2874.0,0.0
251335,Santa Inês,PB,eligible_proxy,0.0,0.0,0.0,2874.0,2874.0,2874.0,0.0
251330,Santa Helena,PB,eligible_proxy,0.0,0.0,0.0,2874.0,2874.0,2874.0,0.0
251320,Santa Cruz,PB,eligible_proxy,0.0,0.0,0.0,2874.0,2874.0,2874.0,0.0
251315,Santa Cecília,PB,eligible_proxy,0.0,0.0,0.0,2874.0,2874.0,2874.0,0.0
251310,Salgado de São Félix,PB,eligible_proxy,0.0,0.0,0.0,2874.0,2874.0,2874.0,0.0
251290,Rio Tinto,PB,eligible_proxy,0.0,0.0,0.0,2874.0,2874.0,2874.0,0.0
251280,Riacho dos Cavalos,PB,eligible_proxy,0.0,0.0,0.0,2874.0,2874.0,2874.0,0.0
251520,São Sebastião do Umbuzeiro,PB,eligible_proxy,0.0,0.0,0.0,2874.0,2874.0,2874.0,0.0
251510,São Sebastião de Lagoa de Roça,PB,eligible_proxy,0.0,0.0,0.0,2874.0,2874.0,2874.0,0.0
251500,São Miguel de Taipu,PB,eligible_proxy,0.0,0.0,0.0,2874.0,2874.0,2874.0,0.0
251490,São Mamede,PB,eligible_proxy,0.0,0.0,0.0,2874.0,2874.0,2874.0,0.0
251480,São José dos Cordeiros,PB,eligible_proxy,0.0,0.0,0.0,2874.0,2874.0,2874.0,0.0
251470,São José do Sabugi,PB,eligible_proxy,0.0,0.0,0.0,2874.0,2874.0,2874.0,0.0
251465,São José do Brejo do Cruz,PB,eligible_proxy,0.0,0.0,0.0,2874.0,2874.0,2874.0,0.0
251455,São José de Princesa,PB,eligible_proxy,0.0,0.0,0.0,2874.0,2874.0,2874.0,0.0
251450,São José de Piranhas,PB,eligible_proxy,0.0,0.0,0.0,2874.0,2874.0,2874.0,0.0
251445,São José dos Ramos,PB,eligible_proxy,0.0,0.0,0.0,2874.0,2874.0,2874.0,0.0
251440,São José de Espinharas,PB,eligible_proxy,0.0,0.0,0.0,2874.0,2874.0,2874.0,0.0
251430,São José de Caiana,PB,eligible_proxy,0.0,0.0,0.0,2874.0,2874.0,2874.0,0.0
251420,São José da Lagoa Tapada,PB,eligible_proxy,0.0,0.0,0.0,2874.0,2874.0,2874.0,0.0
251410,São João do Tigre,PB,eligible_proxy,0.0,0.0,0.0,2874.0,2874.0,2874.0,0.0
251400,São João do Cariri,PB,eligible_proxy,0.0,0.0,0.0,2874.0,2874.0,2874.0,0.0
251398,São Francisco,PB,eligible_proxy,0.0,0.0,0.0,2874.0,2874.0,2874.0,0.0
251650,Taperoá,PB,eligible_proxy,0.0,0.0,0.0,2874.0,2874.0,2874.0,0.0
251640,Tacima,PB,eligible_proxy,0.0,0.0,0.0,2874.0,2874.0,2874.0,0.0
251630,Sumé,PB,eligible_proxy,0.0,0.0,0.0,2874.0,2874.0,2874.0,0.0
251620,Sousa,PB,eligible_proxy,0.0,0.0,0.0,2874.0,2874.0,2874.0,0.0
251615,Sossêgo,PB,eligible_proxy,0.0,0.0,0.0,2874.0,2874.0,2874.0,0.0
251610,Soledade,PB,eligible_proxy,0.0,0.0,0.0,2874.0,2874.0,2874.0,0.0
251600,Solânea,PB,eligible_proxy,0.0,0.0,0.0,2874.0,2874.0,2874.0,0.0
251597,Sobrado,PB,eligible_proxy,0.0,0.0,0.0,2874.0,2874.0,2874.0,0.0
251593,Sertãozinho,PB,eligible_proxy,0.0,0.0,0.0,2874.0,2874.0,2874.0,0.0
251590,SERRARIA,PB,eligible_proxy,0.0,0.0,0.0,2874.0,2874.0,2874.0,0.0
251580,Serra Redonda,PB,eligible_proxy,0.0,0.0,0.0,2874.0,2874.0,2874.0,0.0
251570,Serra Grande,PB,eligible_proxy,0.0,0.0,0.0,2874.0,2874.0,2874.0,0.0
251560,Serra da Raiz,PB,eligible_proxy,0.0,0.0,0.0,2874.0,2874.0,2874.0,0.0
251550,Serra Branca,PB,eligible_proxy,0.0,0.0,0.0,2874.0,2874.0,2874.0,0.0
251540,São Vicente do Seridó,PB,eligible_proxy,0.0,0.0,0.0,2874.0,2874.0,2874.0,0.0
251530,Sapé,PB,eligible_proxy,0.0,0.0,0.0,2874.0,2874.0,2874.0,0.0
260060,Alagoinha,PE,eligible_proxy,0.0,0.0,0.0,2874.0,2874.0,2874.0,0.0
260050,Águas Belas,PE,eligible_proxy,0.0,0.0,0.0,2874.0,2874.0,2874.0,0.0
260040,Água Preta,PE,eligible_proxy,0.0,0.0,0.0,2874.0,2874.0,2874.0,0.0
260030,Agrestina,PE,eligible_proxy,0.0,0.0,0.0,2874.0,2874.0,2874.0,0.0
260020,Afrânio,PE,eligible_proxy,0.0,0.0,0.0,2874.0,2874.0,2874.0,0.0
260010,Afogados da Ingazeira,PE,eligible_proxy,0.0,0.0,0.0,2874.0,2874.0,2874.0,0.0
260005,Abreu e Lima,PE,eligible_proxy,0.0,0.0,0.0,2874.0,2874.0,2874.0,0.0
251740,Zabelê,PB,eligible_proxy,0.0,0.0,0.0,2874.0,2874.0,2874.0,0.0
251720,Vieirópolis,PB,eligible_proxy,0.0,0.0,0.0,2874.0,2874.0,2874.0,0.0
251710,Várzea,PB,eligible_proxy,0.0,0.0,0.0,2874.0,2874.0,2874.0,0.0
251700,Umbuzeiro,PB,eligible_proxy,0.0,0.0,0.0,2874.0,2874.0,2874.0,0.0
251690,Uiraúna,PB,eligible_proxy,0.0,0.0,0.0,2874.0,2874.0,2874.0,0.0
251680,Triunfo,PB,eligible_proxy,0.0,0.0,0.0,2874.0,2874.0,2874.0,0.0
251675,Tenório,PB,eligible_proxy,0.0,0.0,0.0,2874.0,2874.0,2874.0,0.0
251670,Teixeira,PB,eligible_proxy,0.0,0.0,0.0,2874.0,2874.0,2874.0,0.0
251660,Tavares,PB,eligible_proxy,0.0,0.0,0.0,2874.0,2874.0,2874.0,0.0
260220,Bom Jardim,PE,eligible_proxy,0.0,0.0,0.0,2874.0,2874.0,2874.0,0.0
260210,Bom Conselho,PE,eligible_proxy,0.0,0.0,0.0,2874.0,2874.0,2874.0,0.0
260200,BODOCO,PE,eligible_proxy,0.0,0.0,0.0,2874.0,2874.0,2874.0,0.0
260190,Bezerros,PE,eligible_proxy,0.0,0.0,0.0,2874.0,2874.0,2874.0,0.0
260170,Belo Jardim,PE,eligible_proxy,0.0,0.0,0.0,2874.0,2874.0,2874.0,0.0
260160,Belém do São Francisco,PE,eligible_proxy,0.0,0.0,0.0,2874.0,2874.0,2874.0,0.0
260150,Belém de Maria,PE,eligible_proxy,0.0,0.0,0.0,2874.0,2874.0,2874.0,0.0
260140,Barreiros,PE,eligible_proxy,0.0,0.0,0.0,2874.0,2874.0,2874.0,0.0
260130,Barra de Guabiraba,PE,eligible_proxy,0.0,0.0,0.0,2874.0,2874.0,2874.0,0.0
260120,Arcoverde,PE,eligible_proxy,0.0,0.0,0.0,2874.0,2874.0,2874.0,0.0
260110,Araripina,PE,eligible_proxy,0.0,0.0,0.0,2874.0,2874.0,2874.0,0.0
260105,Araçoiaba,PE,eligible_proxy,0.0,0.0,0.0,2874.0,2874.0,2874.0,0.0
260100,Angelim,PE,eligible_proxy,0.0,0.0,0.0,2874.0,2874.0,2874.0,0.0
260090,Amaraji,PE,eligible_proxy,0.0,0.0,0.0,2874.0,2874.0,2874.0,0.0
260080,Altinho,PE,eligible_proxy,0.0,0.0,0.0,2874.0,2874.0,2874.0,0.0
260070,Aliança,PE,eligible_proxy,0.0,0.0,0.0,2874.0,2874.0,2874.0,0.0
260415,Casinhas,PE,eligible_proxy,0.0,0.0,0.0,2874.0,2874.0,2874.0,0.0
260390,Carnaíba,PE,eligible_proxy,0.0,0.0,0.0,2874.0,2874.0,2874.0,0.0
260380,Capoeiras,PE,eligible_proxy,0.0,0.0,0.0,2874.0,2874.0,2874.0,0.0
260370,Canhotinho,PE,eligible_proxy,0.0,0.0,0.0,2874.0,2874.0,2874.0,0.0
260360,Camutanga,PE,eligible_proxy,0.0,0.0,0.0,2874.0,2874.0,2874.0,0.0
260350,Camocim de São Félix,PE,eligible_proxy,0.0,0.0,0.0,2874.0,2874.0,2874.0,0.0
260345,Camaragibe,PE,eligible_proxy,0.0,0.0,0.0,2874.0,2874.0,2874.0,0.0
260340,Calumbi,PE,eligible_proxy,0.0,0.0,0.0,2874.0,2874.0,2874.0,0.0
260330,Calçado,PE,eligible_proxy,0.0,0.0,0.0,2874.0,2874.0,2874.0,0.0
260320,Caetés,PE,eligible_proxy,0.0,0.0,0.0,2874.0,2874.0,2874.0,0.0
260310,Cachoeirinha,PE,eligible_proxy,0.0,0.0,0.0,2874.0,2874.0,2874.0,0.0
260300,Cabrobó,PE,eligible_proxy,0.0,0.0,0.0,2874.0,2874.0,2874.0,0.0
260280,Buíque,PE,eligible_proxy,0.0,0.0,0.0,2874.0,2874.0,2874.0,0.0
260270,Buenos Aires,PE,eligible_proxy,0.0,0.0,0.0,2874.0,2874.0,2874.0,0.0
260250,Brejinho,PE,eligible_proxy,0.0,0.0,0.0,2874.0,2874.0,2874.0,0.0
260240,Brejão,PE,eligible_proxy,0.0,0.0,0.0,2874.0,2874.0,2874.0,0.0
260560,Flores,PE,eligible_proxy,0.0,0.0,0.0,2874.0,2874.0,2874.0,0.0
260550,Ferreiros,PE,eligible_proxy,0.0,0.0,0.0,2874.0,2874.0,2874.0,0.0
260540,Feira Nova,PE,eligible_proxy,0.0,0.0,0.0,2874.0,2874.0,2874.0,0.0
260530,Exu,PE,eligible_proxy,0.0,0.0,0.0,2874.0,2874.0,2874.0,0.0
260520,Escada,PE,eligible_proxy,0.0,0.0,0.0,2874.0,2874.0,2874.0,0.0
260515,Dormentes,PE,eligible_proxy,0.0,0.0,0.0,2874.0,2874.0,2874.0,0.0
260510,Custódia,PE,eligible_proxy,0.0,0.0,0.0,2874.0,2874.0,2874.0,0.0
260500,Cupira,PE,eligible_proxy,0.0,0.0,0.0,2874.0,2874.0,2874.0,0.0
260490,Cumaru,PE,eligible_proxy,0.0,0.0,0.0,2874.0,2874.0,2874.0,0.0
260480,Cortês,PE,eligible_proxy,0.0,0.0,0.0,2874.0,2874.0,2874.0,0.0
260470,Correntes,PE,eligible_proxy,0.0,0.0,0.0,2874.0,2874.0,2874.0,0.0
260460,Condado,PE,eligible_proxy,0.0,0.0,0.0,2874.0,2874.0,2874.0,0.0
260450,Chã Grande,PE,eligible_proxy,0.0,0.0,0.0,2874.0,2874.0,2874.0,0.0
260440,Chã de Alegria,PE,eligible_proxy,0.0,0.0,0.0,2874.0,2874.0,2874.0,0.0
260430,Cedro,PE,eligible_proxy,0.0,0.0,0.0,2874.0,2874.0,2874.0,0.0
260420,Catende,PE,eligible_proxy,0.0,0.0,0.0,2874.0,2874.0,2874.0,0.0
260770,Itapetim,PE,eligible_proxy,0.0,0.0,0.0,2874.0,2874.0,2874.0,0.0
260765,Itambé,PE,eligible_proxy,0.0,0.0,0.0,2874.0,2874.0,2874.0,0.0
260760,Ilha de Itamaracá,PE,eligible_proxy,0.0,0.0,0.0,2874.0,2874.0,2874.0,0.0
260750,Itaíba,PE,eligible_proxy,0.0,0.0,0.0,2874.0,2874.0,2874.0,0.0
260740,Itacuruba,PE,eligible_proxy,0.0,0.0,0.0,2874.0,2874.0,2874.0,0.0
260730,Ipubi,PE,eligible_proxy,0.0,0.0,0.0,2874.0,2874.0,2874.0,0.0
260690,Iguaracy,PE,eligible_proxy,0.0,0.0,0.0,2874.0,2874.0,2874.0,0.0
260670,Ibirajuba,PE,eligible_proxy,0.0,0.0,0.0,2874.0,2874.0,2874.0,0.0
260660,Ibimirim,PE,eligible_proxy,0.0,0.0,0.0,2874.0,2874.0,2874.0,0.0
260650,Iati,PE,eligible_proxy,0.0,0.0,0.0,2874.0,2874.0,2874.0,0.0
260630,Granito,PE,eligible_proxy,0.0,0.0,0.0,2874.0,2874.0,2874.0,0.0
260620,Goiana,PE,eligible_proxy,0.0,0.0,0.0,2874.0,2874.0,2874.0,0.0
260610,Glória do Goitá,PE,eligible_proxy,0.0,0.0,0.0,2874.0,2874.0,2874.0,0.0
260590,Gameleira,PE,eligible_proxy,0.0,0.0,0.0,2874.0,2874.0,2874.0,0.0
260580,Frei Miguelinho,PE,eligible_proxy,0.0,0.0,0.0,2874.0,2874.0,2874.0,0.0
260570,Floresta,PE,eligible_proxy,0.0,0.0,0.0,2874.0,2874.0,2874.0,0.0
260900,Macaparana,PE,eligible_proxy,0.0,0.0,0.0,2874.0,2874.0,2874.0,0.0
260890,Limoeiro,PE,eligible_proxy,0.0,0.0,0.0,2874.0,2874.0,2874.0,0.0
260880,Lajedo,PE,eligible_proxy,0.0,0.0,0.0,2874.0,2874.0,2874.0,0.0
260875,Lagoa Grande,PE,eligible_proxy,0.0,0.0,0.0,2874.0,2874.0,2874.0,0.0
260870,Lagoa dos Gatos,PE,eligible_proxy,0.0,0.0,0.0,2874.0,2874.0,2874.0,0.0
260860,Lagoa do Ouro,PE,eligible_proxy,0.0,0.0,0.0,2874.0,2874.0,2874.0,0.0
260850,Lagoa de Itaenga,PE,eligible_proxy,0.0,0.0,0.0,2874.0,2874.0,2874.0,0.0
260840,Jurema,PE,eligible_proxy,0.0,0.0,0.0,2874.0,2874.0,2874.0,0.0
260830,Jupi,PE,eligible_proxy,0.0,0.0,0.0,2874.0,2874.0,2874.0,0.0
260825,Jucati,PE,eligible_proxy,0.0,0.0,0.0,2874.0,2874.0,2874.0,0.0
260820,Joaquim Nabuco,PE,eligible_proxy,0.0,0.0,0.0,2874.0,2874.0,2874.0,0.0
260810,João Alfredo,PE,eligible_proxy,0.0,0.0,0.0,2874.0,2874.0,2874.0,0.0
260805,Jatobá,PE,eligible_proxy,0.0,0.0,0.0,2874.0,2874.0,2874.0,0.0
260800,Jataúba,PE,eligible_proxy,0.0,0.0,0.0,2874.0,2874.0,2874.0,0.0
260780,Itaquitinga,PE,eligible_proxy,0.0,0.0,0.0,2874.0,2874.0,2874.0,0.0
260775,Itapissuma,PE,eligible_proxy,0.0,0.0,0.0,2874.0,2874.0,2874.0,0.0
220140,Barro Duro,PI,eligible_proxy,0.0,0.0,0.0,2874.0,2874.0,2874.0,0.0
220120,Barras,PI,eligible_proxy,0.0,0.0,0.0,2874.0,2874.0,2874.0,0.0
220117,Barra D'Alcântara,PI,eligible_proxy,0.0,0.0,0.0,2874.0,2874.0,2874.0,0.0
220115,Baixa Grande do Ribeiro,PI,eligible_proxy,0.0,0.0,0.0,2874.0,2874.0,2874.0,0.0
220110,Avelino Lopes,PI,eligible_proxy,0.0,0.0,0.0,2874.0,2874.0,2874.0,0.0
261020,Panelas,PE,eligible_proxy,0.0,0.0,0.0,2874.0,2874.0,2874.0,0.0
261010,Palmeirina,PE,eligible_proxy,0.0,0.0,0.0,2874.0,2874.0,2874.0,0.0
261000,Palmares,PE,eligible_proxy,0.0,0.0,0.0,2874.0,2874.0,2874.0,0.0
260990,Ouricuri,PE,eligible_proxy,0.0,0.0,0.0,2874.0,2874.0,2874.0,0.0
260980,Orocó,PE,eligible_proxy,0.0,0.0,0.0,2874.0,2874.0,2874.0,0.0
260970,Orobó,PE,eligible_proxy,0.0,0.0,0.0,2874.0,2874.0,2874.0,0.0
260950,Nazaré da Mata,PE,eligible_proxy,0.0,0.0,0.0,2874.0,2874.0,2874.0,0.0
260940,Moreno,PE,eligible_proxy,0.0,0.0,0.0,2874.0,2874.0,2874.0,0.0
260930,Mirandiba,PE,eligible_proxy,0.0,0.0,0.0,2874.0,2874.0,2874.0,0.0
260920,Maraial,PE,eligible_proxy,0.0,0.0,0.0,2874.0,2874.0,2874.0,0.0
260910,Machados,PE,eligible_proxy,0.0,0.0,0.0,2874.0,2874.0,2874.0,0.0
261140,Primavera,PE,eligible_proxy,0.0,0.0,0.0,2874.0,2874.0,2874.0,0.0
261130,Pombos,PE,eligible_proxy,0.0,0.0,0.0,2874.0,2874.0,2874.0,0.0
261120,Poção,PE,eligible_proxy,0.0,0.0,0.0,2874.0,2874.0,2874.0,0.0
261100,Petrolândia,PE,eligible_proxy,0.0,0.0,0.0,2874.0,2874.0,2874.0,0.0
261090,Pesqueira,PE,eligible_proxy,0.0,0.0,0.0,2874.0,2874.0,2874.0,0.0
261080,Pedra,PE,eligible_proxy,0.0,0.0,0.0,2874.0,2874.0,2874.0,0.0
261060,Paudalho,PE,eligible_proxy,0.0,0.0,0.0,2874.0,2874.0,2874.0,0.0
261050,Passira,PE,eligible_proxy,0.0,0.0,0.0,2874.0,2874.0,2874.0,0.0
261040,Parnamirim,PE,eligible_proxy,0.0,0.0,0.0,2874.0,2874.0,2874.0,0.0
261030,Paranatama,PE,eligible_proxy,0.0,0.0,0.0,2874.0,2874.0,2874.0,0.0
220190,Bom Jesus,PI,eligible_proxy,0.0,0.0,0.0,2874.0,2874.0,2874.0,0.0
220170,Bertolínia,PI,eligible_proxy,0.0,0.0,0.0,2874.0,2874.0,2874.0,0.0
220160,Beneditinos,PI,eligible_proxy,0.0,0.0,0.0,2874.0,2874.0,2874.0,0.0
220157,Belém do Piauí,PI,eligible_proxy,0.0,0.0,0.0,2874.0,2874.0,2874.0,0.0
220155,BELA VISTA DO PIAUI,PI,eligible_proxy,0.0,0.0,0.0,2874.0,2874.0,2874.0,0.0
220150,Batalha,PI,eligible_proxy,0.0,0.0,0.0,2874.0,2874.0,2874.0,0.0
261290,São Benedito do Sul,PE,eligible_proxy,0.0,0.0,0.0,2874.0,2874.0,2874.0,0.0
261280,Santa Terezinha,PE,eligible_proxy,0.0,0.0,0.0,2874.0,2874.0,2874.0,0.0
261270,Santa Maria do Cambucá,PE,eligible_proxy,0.0,0.0,0.0,2874.0,2874.0,2874.0,0.0
261260,Santa Maria da Boa Vista,PE,eligible_proxy,0.0,0.0,0.0,2874.0,2874.0,2874.0,0.0
261247,Santa Cruz da Baixa Verde,PE,eligible_proxy,0.0,0.0,0.0,2874.0,2874.0,2874.0,0.0
261245,Santa Cruz,PE,eligible_proxy,0.0,0.0,0.0,2874.0,2874.0,2874.0,0.0
261240,Sanharó,PE,eligible_proxy,0.0,0.0,0.0,2874.0,2874.0,2874.0,0.0
261230,Saloá,PE,eligible_proxy,0.0,0.0,0.0,2874.0,2874.0,2874.0,0.0
261220,Salgueiro,PE,eligible_proxy,0.0,0.0,0.0,2874.0,2874.0,2874.0,0.0
261210,Salgadinho,PE,eligible_proxy,0.0,0.0,0.0,2874.0,2874.0,2874.0,0.0
261200,Sairé,PE,eligible_proxy,0.0,0.0,0.0,2874.0,2874.0,2874.0,0.0
261190,Rio Formoso,PE,eligible_proxy,0.0,0.0,0.0,2874.0,2874.0,2874.0,0.0
261180,Ribeirão,PE,eligible_proxy,0.0,0.0,0.0,2874.0,2874.0,2874.0,0.0
261170,Riacho das Almas,PE,eligible_proxy,0.0,0.0,0.0,2874.0,2874.0,2874.0,0.0
261153,Quixaba,PE,eligible_proxy,0.0,0.0,0.0,2874.0,2874.0,2874.0,0.0
261150,Quipapá,PE,eligible_proxy,0.0,0.0,0.0,2874.0,2874.0,2874.0,0.0
261485,Tamandaré,PE,eligible_proxy,0.0,0.0,0.0,2874.0,2874.0,2874.0,0.0
261480,Tacaratu,PE,eligible_proxy,0.0,0.0,0.0,2874.0,2874.0,2874.0,0.0
261470,Tacaimbó,PE,eligible_proxy,0.0,0.0,0.0,2874.0,2874.0,2874.0,0.0
261460,Tabira,PE,eligible_proxy,0.0,0.0,0.0,2874.0,2874.0,2874.0,0.0
261450,Surubim,PE,eligible_proxy,0.0,0.0,0.0,2874.0,2874.0,2874.0,0.0
261430,Moreilândia,PE,eligible_proxy,0.0,0.0,0.0,2874.0,2874.0,2874.0,0.0
261410,Sertânia,PE,eligible_proxy,0.0,0.0,0.0,2874.0,2874.0,2874.0,0.0
261400,Serrita,PE,eligible_proxy,0.0,0.0,0.0,2874.0,2874.0,2874.0,0.0
261380,São Vicente Férrer,PE,eligible_proxy,0.0,0.0,0.0,2874.0,2874.0,2874.0,0.0
261370,São Lourenço da Mata,PE,eligible_proxy,0.0,0.0,0.0,2874.0,2874.0,2874.0,0.0
261360,São José do Egito,PE,eligible_proxy,0.0,0.0,0.0,2874.0,2874.0,2874.0,0.0
261350,São José do Belmonte,PE,eligible_proxy,0.0,0.0,0.0,2874.0,2874.0,2874.0,0.0
261340,São José da Coroa Grande,PE,eligible_proxy,0.0,0.0,0.0,2874.0,2874.0,2874.0,0.0
261330,São Joaquim do Monte,PE,eligible_proxy,0.0,0.0,0.0,2874.0,2874.0,2874.0,0.0
261320,São João,PE,eligible_proxy,0.0,0.0,0.0,2874.0,2874.0,2874.0,0.0
261310,São Caitano,PE,eligible_proxy,0.0,0.0,0.0,2874.0,2874.0,2874.0,0.0
261650,Xexéu,PE,eligible_proxy,0.0,0.0,0.0,2874.0,2874.0,2874.0,0.0
261640,Vitória de Santo Antão,PE,eligible_proxy,0.0,0.0,0.0,2874.0,2874.0,2874.0,0.0
261630,Vicência,PE,eligible_proxy,0.0,0.0,0.0,2874.0,2874.0,2874.0,0.0
261620,Vertentes,PE,eligible_proxy,0.0,0.0,0.0,2874.0,2874.0,2874.0,0.0
261618,Vertente do Lério,PE,eligible_proxy,0.0,0.0,0.0,2874.0,2874.0,2874.0,0.0
261610,Verdejante,PE,eligible_proxy,0.0,0.0,0.0,2874.0,2874.0,2874.0,0.0
261600,Venturosa,PE,eligible_proxy,0.0,0.0,0.0,2874.0,2874.0,2874.0,0.0
261590,Tuparetama,PE,eligible_proxy,0.0,0.0,0.0,2874.0,2874.0,2874.0,0.0
261580,Tupanatinga,PE,eligible_proxy,0.0,0.0,0.0,2874.0,2874.0,2874.0,0.0
261570,Triunfo,PE,eligible_proxy,0.0,0.0,0.0,2874.0,2874.0,2874.0,0.0
261560,Trindade,PE,eligible_proxy,0.0,0.0,0.0,2874.0,2874.0,2874.0,0.0
261550,Tracunhaém,PE,eligible_proxy,0.0,0.0,0.0,2874.0,2874.0,2874.0,0.0
261530,Timbaúba,PE,eligible_proxy,0.0,0.0,0.0,2874.0,2874.0,2874.0,0.0
261520,Terra Nova,PE,eligible_proxy,0.0,0.0,0.0,2874.0,2874.0,2874.0,0.0
261510,Terezinha,PE,eligible_proxy,0.0,0.0,0.0,2874.0,2874.0,2874.0,0.0
261500,Taquaritinga do Norte,PE,eligible_proxy,0.0,0.0,0.0,2874.0,2874.0,2874.0,0.0
270160,Canapi,AL,eligible_proxy,0.0,0.0,0.0,2874.0,2874.0,2874.0,0.0
270150,Campo Grande,AL,eligible_proxy,0.0,0.0,0.0,2874.0,2874.0,2874.0,0.0
270140,Campo Alegre,AL,eligible_proxy,0.0,0.0,0.0,2874.0,2874.0,2874.0,0.0
270135,Campestre,AL,eligible_proxy,0.0,0.0,0.0,2874.0,2874.0,2874.0,0.0
270130,Cajueiro,AL,eligible_proxy,0.0,0.0,0.0,2874.0,2874.0,2874.0,0.0
270120,Cacimbinhas,AL,eligible_proxy,0.0,0.0,0.0,2874.0,2874.0,2874.0,0.0
270110,Branquinha,AL,eligible_proxy,0.0,0.0,0.0,2874.0,2874.0,2874.0,0.0
270100,Boca da Mata,AL,eligible_proxy,0.0,0.0,0.0,2874.0,2874.0,2874.0,0.0
270080,Belém,AL,eligible_proxy,0.0,0.0,0.0,2874.0,2874.0,2874.0,0.0
270070,Batalha,AL,eligible_proxy,0.0,0.0,0.0,2874.0,2874.0,2874.0,0.0
270060,Barra de São Miguel,AL,eligible_proxy,0.0,0.0,0.0,2874.0,2874.0,2874.0,0.0
270050,Barra de Santo Antônio,AL,eligible_proxy,0.0,0.0,0.0,2874.0,2874.0,2874.0,0.0
270040,Atalaia,AL,eligible_proxy,0.0,0.0,0.0,2874.0,2874.0,2874.0,0.0
270030,Arapiraca,AL,eligible_proxy,0.0,0.0,0.0,2874.0,2874.0,2874.0,0.0
270020,Anadia,AL,eligible_proxy,0.0,0.0,0.0,2874.0,2874.0,2874.0,0.0
270010,Água Branca,AL,eligible_proxy,0.0,0.0,0.0,2874.0,2874.0,2874.0,0.0
270310,Igaci,AL,eligible_proxy,0.0,0.0,0.0,2874.0,2874.0,2874.0,0.0
270300,Ibateguara,AL,eligible_proxy,0.0,0.0,0.0,2874.0,2874.0,2874.0,0.0
270290,Girau do Ponciano,AL,eligible_proxy,0.0,0.0,0.0,2874.0,2874.0,2874.0,0.0
270280,Flexeiras,AL,eligible_proxy,0.0,0.0,0.0,2874.0,2874.0,2874.0,0.0
270260,Feira Grande,AL,eligible_proxy,0.0,0.0,0.0,2874.0,2874.0,2874.0,0.0
270255,Estrela de Alagoas,AL,eligible_proxy,0.0,0.0,0.0,2874.0,2874.0,2874.0,0.0
270250,Dois Riachos,AL,eligible_proxy,0.0,0.0,0.0,2874.0,2874.0,2874.0,0.0
270240,Delmiro Gouveia,AL,eligible_proxy,0.0,0.0,0.0,2874.0,2874.0,2874.0,0.0
270235,Craíbas,AL,eligible_proxy,0.0,0.0,0.0,2874.0,2874.0,2874.0,0.0
270230,Coruripe,AL,eligible_proxy,0.0,0.0,0.0,2874.0,2874.0,2874.0,0.0
270220,Coqueiro Seco,AL,eligible_proxy,0.0,0.0,0.0,2874.0,2874.0,2874.0,0.0
270210,Colônia Leopoldina,AL,eligible_proxy,0.0,0.0,0.0,2874.0,2874.0,2874.0,0.0
270200,Coité do Nóia,AL,eligible_proxy,0.0,0.0,0.0,2874.0,2874.0,2874.0,0.0
270190,Chã Preta,AL,eligible_proxy,0.0,0.0,0.0,2874.0,2874.0,2874.0,0.0
270180,Carneiros,AL,eligible_proxy,0.0,0.0,0.0,2874.0,2874.0,2874.0,0.0
270170,Capela,AL,eligible_proxy,0.0,0.0,0.0,2874.0,2874.0,2874.0,0.0
270490,Mar Vermelho,AL,eligible_proxy,0.0,0.0,0.0,2874.0,2874.0,2874.0,0.0
270480,Maribondo,AL,eligible_proxy,0.0,0.0,0.0,2874.0,2874.0,2874.0,0.0
270470,Marechal Deodoro,AL,eligible_proxy,0.0,0.0,0.0,2874.0,2874.0,2874.0,0.0
270460,Maravilha,AL,eligible_proxy,0.0,0.0,0.0,2874.0,2874.0,2874.0,0.0
270450,Maragogi,AL,eligible_proxy,0.0,0.0,0.0,2874.0,2874.0,2874.0,0.0
270440,Major Isidoro,AL,eligible_proxy,0.0,0.0,0.0,2874.0,2874.0,2874.0,0.0
270420,Limoeiro de Anadia,AL,eligible_proxy,0.0,0.0,0.0,2874.0,2874.0,2874.0,0.0
270410,Lagoa da Canoa,AL,eligible_proxy,0.0,0.0,0.0,2874.0,2874.0,2874.0,0.0
270400,Junqueiro,AL,eligible_proxy,0.0,0.0,0.0,2874.0,2874.0,2874.0,0.0
270390,Jundiá,AL,eligible_proxy,0.0,0.0,0.0,2874.0,2874.0,2874.0,0.0
270380,Joaquim Gomes,AL,eligible_proxy,0.0,0.0,0.0,2874.0,2874.0,2874.0,0.0
270375,Jequiá da Praia,AL,eligible_proxy,0.0,0.0,0.0,2874.0,2874.0,2874.0,0.0
270370,Jaramataia,AL,eligible_proxy,0.0,0.0,0.0,2874.0,2874.0,2874.0,0.0
270340,Jacaré dos Homens,AL,eligible_proxy,0.0,0.0,0.0,2874.0,2874.0,2874.0,0.0
270330,Inhapi,AL,eligible_proxy,0.0,0.0,0.0,2874.0,2874.0,2874.0,0.0
270320,Igreja Nova,AL,eligible_proxy,0.0,0.0,0.0,2874.0,2874.0,2874.0,0.0
270650,Passo de Camaragibe,AL,eligible_proxy,0.0,0.0,0.0,2874.0,2874.0,2874.0,0.0
270644,Paripueira,AL,eligible_proxy,0.0,0.0,0.0,2874.0,2874.0,2874.0,0.0
270642,Pariconha,AL,eligible_proxy,0.0,0.0,0.0,2874.0,2874.0,2874.0,0.0
270640,Pão de Açúcar,AL,eligible_proxy,0.0,0.0,0.0,2874.0,2874.0,2874.0,0.0
270630,Palmeira dos Índios,AL,eligible_proxy,0.0,0.0,0.0,2874.0,2874.0,2874.0,0.0
270610,Ouro Branco,AL,eligible_proxy,0.0,0.0,0.0,2874.0,2874.0,2874.0,0.0
270590,Olho d'Água Grande,AL,eligible_proxy,0.0,0.0,0.0,2874.0,2874.0,2874.0,0.0
270580,Olho d'Água do Casado,AL,eligible_proxy,0.0,0.0,0.0,2874.0,2874.0,2874.0,0.0
270570,Olho d'Água das Flores,AL,eligible_proxy,0.0,0.0,0.0,2874.0,2874.0,2874.0,0.0
270560,Novo Lino,AL,eligible_proxy,0.0,0.0,0.0,2874.0,2874.0,2874.0,0.0
270550,Murici,AL,eligible_proxy,0.0,0.0,0.0,2874.0,2874.0,2874.0,0.0
270540,Monteirópolis,AL,eligible_proxy,0.0,0.0,0.0,2874.0,2874.0,2874.0,0.0
270530,Minador do Negrão,AL,eligible_proxy,0.0,0.0,0.0,2874.0,2874.0,2874.0,0.0
270520,Messias,AL,eligible_proxy,0.0,0.0,0.0,2874.0,2874.0,2874.0,0.0
270510,Matriz de Camaragibe,AL,eligible_proxy,0.0,0.0,0.0,2874.0,2874.0,2874.0,0.0
270500,Mata Grande,AL,eligible_proxy,0.0,0.0,0.0,2874.0,2874.0,2874.0,0.0
270830,São José da Laje,AL,eligible_proxy,0.0,0.0,0.0,2874.0,2874.0,2874.0,0.0
270820,São Brás,AL,eligible_proxy,0.0,0.0,0.0,2874.0,2874.0,2874.0,0.0
270810,Santana do Mundaú,AL,eligible_proxy,0.0,0.0,0.0,2874.0,2874.0,2874.0,0.0
270800,Santana do Ipanema,AL,eligible_proxy,0.0,0.0,0.0,2874.0,2874.0,2874.0,0.0
270790,Santa Luzia do Norte,AL,eligible_proxy,0.0,0.0,0.0,2874.0,2874.0,2874.0,0.0
270780,Roteiro,AL,eligible_proxy,0.0,0.0,0.0,2874.0,2874.0,2874.0,0.0
270770,Rio Largo,AL,eligible_proxy,0.0,0.0,0.0,2874.0,2874.0,2874.0,0.0
270760,Quebrangulo,AL,eligible_proxy,0.0,0.0,0.0,2874.0,2874.0,2874.0,0.0
270740,Porto de Pedras,AL,eligible_proxy,0.0,0.0,0.0,2874.0,2874.0,2874.0,0.0
270730,Porto Calvo,AL,eligible_proxy,0.0,0.0,0.0,2874.0,2874.0,2874.0,0.0
270720,Poço das Trincheiras,AL,eligible_proxy,0.0,0.0,0.0,2874.0,2874.0,2874.0,0.0
270710,Piranhas,AL,eligible_proxy,0.0,0.0,0.0,2874.0,2874.0,2874.0,0.0
270690,Pilar,AL,eligible_proxy,0.0,0.0,0.0,2874.0,2874.0,2874.0,0.0
270680,Piaçabuçu,AL,eligible_proxy,0.0,0.0,0.0,2874.0,2874.0,2874.0,0.0
270670,Penedo,AL,eligible_proxy,0.0,0.0,0.0,2874.0,2874.0,2874.0,0.0
270660,Paulo Jacinto,AL,eligible_proxy,0.0,0.0,0.0,2874.0,2874.0,2874.0,0.0
280050,Areia Branca,SE,eligible_proxy,0.0,0.0,0.0,2874.0,2874.0,2874.0,0.0
280040,Arauá,SE,eligible_proxy,0.0,0.0,0.0,2874.0,2874.0,2874.0,0.0
280020,Aquidabã,SE,eligible_proxy,0.0,0.0,0.0,2874.0,2874.0,2874.0,0.0
270940,Viçosa,AL,eligible_proxy,0.0,0.0,0.0,2874.0,2874.0,2874.0,0.0
270930,União dos Palmares,AL,eligible_proxy,0.0,0.0,0.0,2874.0,2874.0,2874.0,0.0
270920,Traipu,AL,eligible_proxy,0.0,0.0,0.0,2874.0,2874.0,2874.0,0.0
270915,Teotônio Vilela,AL,eligible_proxy,0.0,0.0,0.0,2874.0,2874.0,2874.0,0.0
270910,Taquarana,AL,eligible_proxy,0.0,0.0,0.0,2874.0,2874.0,2874.0,0.0
270900,Tanque d'Arca,AL,eligible_proxy,0.0,0.0,0.0,2874.0,2874.0,2874.0,0.0
270895,Senador Rui Palmeira,AL,eligible_proxy,0.0,0.0,0.0,2874.0,2874.0,2874.0,0.0
270890,Satuba,AL,eligible_proxy,0.0,0.0,0.0,2874.0,2874.0,2874.0,0.0
270880,São Sebastião,AL,eligible_proxy,0.0,0.0,0.0,2874.0,2874.0,2874.0,0.0
270870,São Miguel dos Milagres,AL,eligible_proxy,0.0,0.0,0.0,2874.0,2874.0,2874.0,0.0
270860,São Miguel dos Campos,AL,eligible_proxy,0.0,0.0,0.0,2874.0,2874.0,2874.0,0.0
270850,São Luís do Quitunde,AL,eligible_proxy,0.0,0.0,0.0,2874.0,2874.0,2874.0,0.0
270840,São José da Tapera,AL,eligible_proxy,0.0,0.0,0.0,2874.0,2874.0,2874.0,0.0
280300,Itabaianinha,SE,eligible_proxy,0.0,0.0,0.0,2874.0,2874.0,2874.0,0.0
280280,Indiaroba,SE,eligible_proxy,0.0,0.0,0.0,2874.0,2874.0,2874.0,0.0
280270,Ilha das Flores,SE,eligible_proxy,0.0,0.0,0.0,2874.0,2874.0,2874.0,0.0
280260,Graccho Cardoso,SE,eligible_proxy,0.0,0.0,0.0,2874.0,2874.0,2874.0,0.0
280240,Gararu,SE,eligible_proxy,0.0,0.0,0.0,2874.0,2874.0,2874.0,0.0
280230,Frei Paulo,SE,eligible_proxy,0.0,0.0,0.0,2874.0,2874.0,2874.0,0.0
280220,Feira Nova,SE,eligible_proxy,0.0,0.0,0.0,2874.0,2874.0,2874.0,0.0
280210,Estância,SE,eligible_proxy,0.0,0.0,0.0,2874.0,2874.0,2874.0,0.0
280170,Cristinápolis,SE,eligible_proxy,0.0,0.0,0.0,2874.0,2874.0,2874.0,0.0
280160,Cedro de São João,SE,eligible_proxy,0.0,0.0,0.0,2874.0,2874.0,2874.0,0.0
280150,Carmópolis,SE,eligible_proxy,0.0,0.0,0.0,2874.0,2874.0,2874.0,0.0
280140,Carira,SE,eligible_proxy,0.0,0.0,0.0,2874.0,2874.0,2874.0,0.0
280130,Capela,SE,eligible_proxy,0.0,0.0,0.0,2874.0,2874.0,2874.0,0.0
280120,Canindé de São Francisco,SE,eligible_proxy,0.0,0.0,0.0,2874.0,2874.0,2874.0,0.0
280100,Campo do Brito,SE,eligible_proxy,0.0,0.0,0.0,2874.0,2874.0,2874.0,0.0
280067,Boquim,SE,eligible_proxy,0.0,0.0,0.0,2874.0,2874.0,2874.0,0.0
280480,Nossa Senhora do Socorro,SE,eligible_proxy,0.0,0.0,0.0,2874.0,2874.0,2874.0,0.0
280470,Nossa Senhora de Lourdes,SE,eligible_proxy,0.0,0.0,0.0,2874.0,2874.0,2874.0,0.0
280460,Nossa Senhora das Dores,SE,eligible_proxy,0.0,0.0,0.0,2874.0,2874.0,2874.0,0.0
280450,Nossa Senhora da Glória,SE,eligible_proxy,0.0,0.0,0.0,2874.0,2874.0,2874.0,0.0
280445,Nossa Senhora Aparecida,SE,eligible_proxy,0.0,0.0,0.0,2874.0,2874.0,2874.0,0.0
280430,Muribeca,SE,eligible_proxy,0.0,0.0,0.0,2874.0,2874.0,2874.0,0.0
280420,Monte Alegre de Sergipe,SE,eligible_proxy,0.0,0.0,0.0,2874.0,2874.0,2874.0,0.0
280410,Moita Bonita,SE,eligible_proxy,0.0,0.0,0.0,2874.0,2874.0,2874.0,0.0
280400,Maruim,SE,eligible_proxy,0.0,0.0,0.0,2874.0,2874.0,2874.0,0.0
280390,Malhador,SE,eligible_proxy,0.0,0.0,0.0,2874.0,2874.0,2874.0,0.0
280370,Macambira,SE,eligible_proxy,0.0,0.0,0.0,2874.0,2874.0,2874.0,0.0
280360,Laranjeiras,SE,eligible_proxy,0.0,0.0,0.0,2874.0,2874.0,2874.0,0.0
280350,Lagarto,SE,eligible_proxy,0.0,0.0,0.0,2874.0,2874.0,2874.0,0.0
280330,Japaratuba,SE,eligible_proxy,0.0,0.0,0.0,2874.0,2874.0,2874.0,0.0
280320,Itaporanga d'Ajuda,SE,eligible_proxy,0.0,0.0,0.0,2874.0,2874.0,2874.0,0.0
280310,ITABI,SE,eligible_proxy,0.0,0.0,0.0,2874.0,2874.0,2874.0,0.0
280720,Siriri,SE,eligible_proxy,0.0,0.0,0.0,2874.0,2874.0,2874.0,0.0
280710,Simão Dias,SE,eligible_proxy,0.0,0.0,0.0,2874.0,2874.0,2874.0,0.0
280690,São Francisco,SE,eligible_proxy,0.0,0.0,0.0,2874.0,2874.0,2874.0,0.0
280680,São Domingos,SE,eligible_proxy,0.0,0.0,0.0,2874.0,2874.0,2874.0,0.0
280670,São Cristóvão,SE,eligible_proxy,0.0,0.0,0.0,2874.0,2874.0,2874.0,0.0
280660,Santo Amaro das Brotas,SE,eligible_proxy,0.0,0.0,0.0,2874.0,2874.0,2874.0,0.0
280650,Santa Rosa de Lima,SE,eligible_proxy,0.0,0.0,0.0,2874.0,2874.0,2874.0,0.0
280620,Salgado,SE,eligible_proxy,0.0,0.0,0.0,2874.0,2874.0,2874.0,0.0
280600,Ribeirópolis,SE,eligible_proxy,0.0,0.0,0.0,2874.0,2874.0,2874.0,0.0
280580,Riachão do Dantas,SE,eligible_proxy,0.0,0.0,0.0,2874.0,2874.0,2874.0,0.0
280570,Propriá,SE,eligible_proxy,0.0,0.0,0.0,2874.0,2874.0,2874.0,0.0
280560,Porto da Folha,SE,eligible_proxy,0.0,0.0,0.0,2874.0,2874.0,2874.0,0.0
280550,Poço Verde,SE,eligible_proxy,0.0,0.0,0.0,2874.0,2874.0,2874.0,0.0
280540,Poço Redondo,SE,eligible_proxy,0.0,0.0,0.0,2874.0,2874.0,2874.0,0.0
280520,Pinhão,SE,eligible_proxy,0.0,0.0,0.0,2874.0,2874.0,2874.0,0.0
280510,Pedrinhas,SE,eligible_proxy,0.0,0.0,0.0,2874.0,2874.0,2874.0,0.0
290130,Andaraí,BA,eligible_proxy,0.0,0.0,0.0,2874.0,2874.0,2874.0,0.0
290120,Anagé,BA,eligible_proxy,0.0,0.0,0.0,2874.0,2874.0,2874.0,0.0
290115,América Dourada,BA,eligible_proxy,0.0,0.0,0.0,2874.0,2874.0,2874.0,0.0
290110,Amélia Rodrigues,BA,eligible_proxy,0.0,0.0,0.0,2874.0,2874.0,2874.0,0.0
290100,Amargosa,BA,eligible_proxy,0.0,0.0,0.0,2874.0,2874.0,2874.0,0.0
290080,Alcobaça,BA,eligible_proxy,0.0,0.0,0.0,2874.0,2874.0,2874.0,0.0
290060,Aiquara,BA,eligible_proxy,0.0,0.0,0.0,2874.0,2874.0,2874.0,0.0
290050,Érico Cardoso,BA,eligible_proxy,0.0,0.0,0.0,2874.0,2874.0,2874.0,0.0
290040,Água Fria,BA,eligible_proxy,0.0,0.0,0.0,2874.0,2874.0,2874.0,0.0
290035,Adustina,BA,eligible_proxy,0.0,0.0,0.0,2874.0,2874.0,2874.0,0.0
290030,Acajutiba,BA,eligible_proxy,0.0,0.0,0.0,2874.0,2874.0,2874.0,0.0
290020,Abaré,BA,eligible_proxy,0.0,0.0,0.0,2874.0,2874.0,2874.0,0.0
290010,Abaíra,BA,eligible_proxy,0.0,0.0,0.0,2874.0,2874.0,2874.0,0.0
280760,Umbaúba,SE,eligible_proxy,0.0,0.0,0.0,2874.0,2874.0,2874.0,0.0
280750,Tomar do Geru,SE,eligible_proxy,0.0,0.0,0.0,2874.0,2874.0,2874.0,0.0
280740,Tobias Barreto,SE,eligible_proxy,0.0,0.0,0.0,2874.0,2874.0,2874.0,0.0
290280,Barra da Estiva,BA,eligible_proxy,0.0,0.0,0.0,2874.0,2874.0,2874.0,0.0
290270,Barra,BA,eligible_proxy,0.0,0.0,0.0,2874.0,2874.0,2874.0,0.0
290265,Banzaê,BA,eligible_proxy,0.0,0.0,0.0,2874.0,2874.0,2874.0,0.0
290260,Baixa Grande,BA,eligible_proxy,0.0,0.0,0.0,2874.0,2874.0,2874.0,0.0
290250,Baianópolis,BA,eligible_proxy,0.0,0.0,0.0,2874.0,2874.0,2874.0,0.0
290240,Aurelino Leal,BA,eligible_proxy,0.0,0.0,0.0,2874.0,2874.0,2874.0,0.0
290230,Aratuípe,BA,eligible_proxy,0.0,0.0,0.0,2874.0,2874.0,2874.0,0.0
290225,Arataca,BA,eligible_proxy,0.0,0.0,0.0,2874.0,2874.0,2874.0,0.0
290210,Araci,BA,eligible_proxy,0.0,0.0,0.0,2874.0,2874.0,2874.0,0.0
290200,Aracatu,BA,eligible_proxy,0.0,0.0,0.0,2874.0,2874.0,2874.0,0.0
290195,Apuarema,BA,eligible_proxy,0.0,0.0,0.0,2874.0,2874.0,2874.0,0.0
290190,Aporá,BA,eligible_proxy,0.0,0.0,0.0,2874.0,2874.0,2874.0,0.0
290180,Antônio Gonçalves,BA,eligible_proxy,0.0,0.0,0.0,2874.0,2874.0,2874.0,0.0
290160,Antas,BA,eligible_proxy,0.0,0.0,0.0,2874.0,2874.0,2874.0,0.0
290140,Angical,BA,eligible_proxy,0.0,0.0,0.0,2874.0,2874.0,2874.0,0.0
290135,Andorinha,BA,eligible_proxy,0.0,0.0,0.0,2874.0,2874.0,2874.0,0.0
290410,Boquira,BA,eligible_proxy,0.0,0.0,0.0,2874.0,2874.0,2874.0,0.0
290405,Bonito,BA,eligible_proxy,0.0,0.0,0.0,2874.0,2874.0,2874.0,0.0
290395,Bom Jesus da Serra,BA,eligible_proxy,0.0,0.0,0.0,2874.0,2874.0,2874.0,0.0
290390,Bom Jesus da Lapa,BA,eligible_proxy,0.0,0.0,0.0,2874.0,2874.0,2874.0,0.0
290380,Boa Vista do Tupim,BA,eligible_proxy,0.0,0.0,0.0,2874.0,2874.0,2874.0,0.0
290370,Boa Nova,BA,eligible_proxy,0.0,0.0,0.0,2874.0,2874.0,2874.0,0.0
290360,Biritinga,BA,eligible_proxy,0.0,0.0,0.0,2874.0,2874.0,2874.0,0.0
290350,Belo Campo,BA,eligible_proxy,0.0,0.0,0.0,2874.0,2874.0,2874.0,0.0
290340,Belmonte,BA,eligible_proxy,0.0,0.0,0.0,2874.0,2874.0,2874.0,0.0
290330,Barro Preto,BA,eligible_proxy,0.0,0.0,0.0,2874.0,2874.0,2874.0,0.0
290327,Barrocas,BA,eligible_proxy,0.0,0.0,0.0,2874.0,2874.0,2874.0,0.0
290323,Barro Alto,BA,eligible_proxy,0.0,0.0,0.0,2874.0,2874.0,2874.0,0.0
290320,Barreiras,BA,eligible_proxy,0.0,0.0,0.0,2874.0,2874.0,2874.0,0.0
290310,Barra do Rocha,BA,eligible_proxy,0.0,0.0,0.0,2874.0,2874.0,2874.0,0.0
290300,Barra do Mendes,BA,eligible_proxy,0.0,0.0,0.0,2874.0,2874.0,2874.0,0.0
290290,Barra do Choça,BA,eligible_proxy,0.0,0.0,0.0,2874.0,2874.0,2874.0,0.0
290590,Campo Alegre de Lourdes,BA,eligible_proxy,0.0,0.0,0.0,2874.0,2874.0,2874.0,0.0
290580,Camamu,BA,eligible_proxy,0.0,0.0,0.0,2874.0,2874.0,2874.0,0.0
290560,Camacan,BA,eligible_proxy,0.0,0.0,0.0,2874.0,2874.0,2874.0,0.0
290550,Caldeirão Grande,BA,eligible_proxy,0.0,0.0,0.0,2874.0,2874.0,2874.0,0.0
290530,Cafarnaum,BA,eligible_proxy,0.0,0.0,0.0,2874.0,2874.0,2874.0,0.0
290520,Caetité,BA,eligible_proxy,0.0,0.0,0.0,2874.0,2874.0,2874.0,0.0
290515,Caetanos,BA,eligible_proxy,0.0,0.0,0.0,2874.0,2874.0,2874.0,0.0
290500,Caculé,BA,eligible_proxy,0.0,0.0,0.0,2874.0,2874.0,2874.0,0.0
290490,Cachoeira,BA,eligible_proxy,0.0,0.0,0.0,2874.0,2874.0,2874.0,0.0
290485,Cabaceiras do Paraguaçu,BA,eligible_proxy,0.0,0.0,0.0,2874.0,2874.0,2874.0,0.0
290475,Buritirama,BA,eligible_proxy,0.0,0.0,0.0,2874.0,2874.0,2874.0,0.0
290470,Buerarema,BA,eligible_proxy,0.0,0.0,0.0,2874.0,2874.0,2874.0,0.0
290450,Brotas de Macaúbas,BA,eligible_proxy,0.0,0.0,0.0,2874.0,2874.0,2874.0,0.0
290440,Brejolândia,BA,eligible_proxy,0.0,0.0,0.0,2874.0,2874.0,2874.0,0.0
290430,Brejões,BA,eligible_proxy,0.0,0.0,0.0,2874.0,2874.0,2874.0,0.0
290420,Botuporã,BA,eligible_proxy,0.0,0.0,0.0,2874.0,2874.0,2874.0,0.0
290730,Castro Alves,BA,eligible_proxy,0.0,0.0,0.0,2874.0,2874.0,2874.0,0.0
290710,Carinhanha,BA,eligible_proxy,0.0,0.0,0.0,2874.0,2874.0,2874.0,0.0
290690,Caravelas,BA,eligible_proxy,0.0,0.0,0.0,2874.0,2874.0,2874.0,0.0
290689,Caraíbas,BA,eligible_proxy,0.0,0.0,0.0,2874.0,2874.0,2874.0,0.0
290687,Capim Grosso,BA,eligible_proxy,0.0,0.0,0.0,2874.0,2874.0,2874.0,0.0
290685,Capela do Alto Alegre,BA,eligible_proxy,0.0,0.0,0.0,2874.0,2874.0,2874.0,0.0
290682,Canudos,BA,eligible_proxy,0.0,0.0,0.0,2874.0,2874.0,2874.0,0.0
290680,Cansanção,BA,eligible_proxy,0.0,0.0,0.0,2874.0,2874.0,2874.0,0.0
290670,Cândido Sales,BA,eligible_proxy,0.0,0.0,0.0,2874.0,2874.0,2874.0,0.0
290660,Candiba,BA,eligible_proxy,0.0,0.0,0.0,2874.0,2874.0,2874.0,0.0
290650,Candeias,BA,eligible_proxy,0.0,0.0,0.0,2874.0,2874.0,2874.0,0.0
290640,Candeal,BA,eligible_proxy,0.0,0.0,0.0,2874.0,2874.0,2874.0,0.0
290630,Canavieiras,BA,eligible_proxy,0.0,0.0,0.0,2874.0,2874.0,2874.0,0.0
290620,Canarana,BA,eligible_proxy,0.0,0.0,0.0,2874.0,2874.0,2874.0,0.0
290610,Canápolis,BA,eligible_proxy,0.0,0.0,0.0,2874.0,2874.0,2874.0,0.0
290600,Campo Formoso,BA,eligible_proxy,0.0,0.0,0.0,2874.0,2874.0,2874.0,0.0
290900,Cordeiros,BA,eligible_proxy,0.0,0.0,0.0,2874.0,2874.0,2874.0,0.0
290890,Coração de Maria,BA,eligible_proxy,0.0,0.0,0.0,2874.0,2874.0,2874.0,0.0
290880,Contendas do Sincorá,BA,eligible_proxy,0.0,0.0,0.0,2874.0,2874.0,2874.0,0.0
290870,Condeúba,BA,eligible_proxy,0.0,0.0,0.0,2874.0,2874.0,2874.0,0.0
290860,Conde,BA,eligible_proxy,0.0,0.0,0.0,2874.0,2874.0,2874.0,0.0
290850,Conceição do Jacuípe,BA,eligible_proxy,0.0,0.0,0.0,2874.0,2874.0,2874.0,0.0
290840,Conceição do Coité,BA,eligible_proxy,0.0,0.0,0.0,2874.0,2874.0,2874.0,0.0
290830,Conceição do Almeida,BA,eligible_proxy,0.0,0.0,0.0,2874.0,2874.0,2874.0,0.0
290810,Cocos,BA,eligible_proxy,0.0,0.0,0.0,2874.0,2874.0,2874.0,0.0
290800,Coaraci,BA,eligible_proxy,0.0,0.0,0.0,2874.0,2874.0,2874.0,0.0
290790,Cipó,BA,eligible_proxy,0.0,0.0,0.0,2874.0,2874.0,2874.0,0.0
290780,Cícero Dantas,BA,eligible_proxy,0.0,0.0,0.0,2874.0,2874.0,2874.0,0.0
290760,Central,BA,eligible_proxy,0.0,0.0,0.0,2874.0,2874.0,2874.0,0.0
290755,Caturama,BA,eligible_proxy,0.0,0.0,0.0,2874.0,2874.0,2874.0,0.0
290750,Catu,BA,eligible_proxy,0.0,0.0,0.0,2874.0,2874.0,2874.0,0.0
290740,Catolândia,BA,eligible_proxy,0.0,0.0,0.0,2874.0,2874.0,2874.0,0.0
291075,Fátima,BA,eligible_proxy,0.0,0.0,0.0,2874.0,2874.0,2874.0,0.0
291072,Eunápolis,BA,eligible_proxy,0.0,0.0,0.0,2874.0,2874.0,2874.0,0.0
291070,Euclides da Cunha,BA,eligible_proxy,0.0,0.0,0.0,2874.0,2874.0,2874.0,0.0
291060,Esplanada,BA,eligible_proxy,0.0,0.0,0.0,2874.0,2874.0,2874.0,0.0
291050,Entre Rios,BA,eligible_proxy,0.0,0.0,0.0,2874.0,2874.0,2874.0,0.0
291040,Encruzilhada,BA,eligible_proxy,0.0,0.0,0.0,2874.0,2874.0,2874.0,0.0
291010,Dom Basílio,BA,eligible_proxy,0.0,0.0,0.0,2874.0,2874.0,2874.0,0.0
291000,Dário Meira,BA,eligible_proxy,0.0,0.0,0.0,2874.0,2874.0,2874.0,0.0
290990,Curaçá,BA,eligible_proxy,0.0,0.0,0.0,2874.0,2874.0,2874.0,0.0
290980,Cruz das Almas,BA,eligible_proxy,0.0,0.0,0.0,2874.0,2874.0,2874.0,0.0
290970,Cristópolis,BA,eligible_proxy,0.0,0.0,0.0,2874.0,2874.0,2874.0,0.0
290960,Crisópolis,BA,eligible_proxy,0.0,0.0,0.0,2874.0,2874.0,2874.0,0.0
290950,Cravolândia,BA,eligible_proxy,0.0,0.0,0.0,2874.0,2874.0,2874.0,0.0
290930,Correntina,BA,eligible_proxy,0.0,0.0,0.0,2874.0,2874.0,2874.0,0.0
290920,Coronel João Sá,BA,eligible_proxy,0.0,0.0,0.0,2874.0,2874.0,2874.0,0.0
290910,Coribe,BA,eligible_proxy,0.0,0.0,0.0,2874.0,2874.0,2874.0,0.0
291210,Ibicaraí,BA,eligible_proxy,0.0,0.0,0.0,2874.0,2874.0,2874.0,0.0
291200,Ibiassucê,BA,eligible_proxy,0.0,0.0,0.0,2874.0,2874.0,2874.0,0.0
291190,Iaçu,BA,eligible_proxy,0.0,0.0,0.0,2874.0,2874.0,2874.0,0.0
291185,Heliópolis,BA,eligible_proxy,0.0,0.0,0.0,2874.0,2874.0,2874.0,0.0
291180,Guaratinga,BA,eligible_proxy,0.0,0.0,0.0,2874.0,2874.0,2874.0,0.0
291170,Guanambi,BA,eligible_proxy,0.0,0.0,0.0,2874.0,2874.0,2874.0,0.0
291165,Guajeru,BA,eligible_proxy,0.0,0.0,0.0,2874.0,2874.0,2874.0,0.0
291160,Governador Mangabeira,BA,eligible_proxy,0.0,0.0,0.0,2874.0,2874.0,2874.0,0.0
291150,Gongogi,BA,eligible_proxy,0.0,0.0,0.0,2874.0,2874.0,2874.0,0.0
291130,Gentio do Ouro,BA,eligible_proxy,0.0,0.0,0.0,2874.0,2874.0,2874.0,0.0
291125,Gavião,BA,eligible_proxy,0.0,0.0,0.0,2874.0,2874.0,2874.0,0.0
291120,Gandu,BA,eligible_proxy,0.0,0.0,0.0,2874.0,2874.0,2874.0,0.0
291110,Formosa do Rio Preto,BA,eligible_proxy,0.0,0.0,0.0,2874.0,2874.0,2874.0,0.0
291100,Floresta Azul,BA,eligible_proxy,0.0,0.0,0.0,2874.0,2874.0,2874.0,0.0
291085,Filadélfia,BA,eligible_proxy,0.0,0.0,0.0,2874.0,2874.0,2874.0,0.0
291077,Feira da Mata,BA,eligible_proxy,0.0,0.0,0.0,2874.0,2874.0,2874.0,0.0
220005,Acauã,PI,eligible_proxy,0.0,0.0,0.0,2874.0,2874.0,2874.0,0.0
291440,Iraquara,BA,eligible_proxy,0.0,0.0,0.0,2874.0,2874.0,2874.0,0.0
291430,Iramaia,BA,eligible_proxy,0.0,0.0,0.0,2874.0,2874.0,2874.0,0.0
291410,Ipupiara,BA,eligible_proxy,0.0,0.0,0.0,2874.0,2874.0,2874.0,0.0
291390,Ipiaú,BA,eligible_proxy,0.0,0.0,0.0,2874.0,2874.0,2874.0,0.0
291370,Inhambupe,BA,eligible_proxy,0.0,0.0,0.0,2874.0,2874.0,2874.0,0.0
291350,Iguaí,BA,eligible_proxy,0.0,0.0,0.0,2874.0,2874.0,2874.0,0.0
291340,Igaporã,BA,eligible_proxy,0.0,0.0,0.0,2874.0,2874.0,2874.0,0.0
291320,Ibotirama,BA,eligible_proxy,0.0,0.0,0.0,2874.0,2874.0,2874.0,0.0
291310,Ibititá,BA,eligible_proxy,0.0,0.0,0.0,2874.0,2874.0,2874.0,0.0
291280,Ibirapuã,BA,eligible_proxy,0.0,0.0,0.0,2874.0,2874.0,2874.0,0.0
291270,Ibirapitanga,BA,eligible_proxy,0.0,0.0,0.0,2874.0,2874.0,2874.0,0.0
291250,Ibipitanga,BA,eligible_proxy,0.0,0.0,0.0,2874.0,2874.0,2874.0,0.0
291240,Ibipeba,BA,eligible_proxy,0.0,0.0,0.0,2874.0,2874.0,2874.0,0.0
291230,Ibicuí,BA,eligible_proxy,0.0,0.0,0.0,2874.0,2874.0,2874.0,0.0
291220,Ibicoara,BA,eligible_proxy,0.0,0.0,0.0,2874.0,2874.0,2874.0,0.0
291470,Itaberaba,BA,eligible_proxy,0.0,0.0,0.0,2874.0,2874.0,2874.0,0.0
291465,Itabela,BA,eligible_proxy,0.0,0.0,0.0,2874.0,2874.0,2874.0,0.0
291460,Irecê,BA,eligible_proxy,0.0,0.0,0.0,2874.0,2874.0,2874.0,0.0
291450,Irará,BA,eligible_proxy,0.0,0.0,0.0,2874.0,2874.0,2874.0,0.0
220105,Assunção do Piauí,PI,eligible_proxy,0.0,0.0,0.0,2874.0,2874.0,2874.0,0.0
220100,Arraial,PI,eligible_proxy,0.0,0.0,0.0,2874.0,2874.0,2874.0,0.0
220090,Aroazes,PI,eligible_proxy,0.0,0.0,0.0,2874.0,2874.0,2874.0,0.0
220080,Antônio Almeida,PI,eligible_proxy,0.0,0.0,0.0,2874.0,2874.0,2874.0,0.0
220070,Anísio de Abreu,PI,eligible_proxy,0.0,0.0,0.0,2874.0,2874.0,2874.0,0.0
220060,Angical do Piauí,PI,eligible_proxy,0.0,0.0,0.0,2874.0,2874.0,2874.0,0.0
220050,Amarante,PI,eligible_proxy,0.0,0.0,0.0,2874.0,2874.0,2874.0,0.0
220040,Altos,PI,eligible_proxy,0.0,0.0,0.0,2874.0,2874.0,2874.0,0.0
220030,Alto Longá,PI,eligible_proxy,0.0,0.0,0.0,2874.0,2874.0,2874.0,0.0
220027,Alegrete do Piauí,PI,eligible_proxy,0.0,0.0,0.0,2874.0,2874.0,2874.0,0.0
220025,Alagoinha do Piauí,PI,eligible_proxy,0.0,0.0,0.0,2874.0,2874.0,2874.0,0.0
220020,Água Branca,PI,eligible_proxy,0.0,0.0,0.0,2874.0,2874.0,2874.0,0.0
291650,Itapicuru,BA,eligible_proxy,0.0,0.0,0.0,2874.0,2874.0,2874.0,0.0
291640,Itapetinga,BA,eligible_proxy,0.0,0.0,0.0,2874.0,2874.0,2874.0,0.0
291630,Itapebi,BA,eligible_proxy,0.0,0.0,0.0,2874.0,2874.0,2874.0,0.0
291620,Itapé,BA,eligible_proxy,0.0,0.0,0.0,2874.0,2874.0,2874.0,0.0
291610,Itaparica,BA,eligible_proxy,0.0,0.0,0.0,2874.0,2874.0,2874.0,0.0
291600,Itanhém,BA,eligible_proxy,0.0,0.0,0.0,2874.0,2874.0,2874.0,0.0
291580,Itambé,BA,eligible_proxy,0.0,0.0,0.0,2874.0,2874.0,2874.0,0.0
291570,Itamari,BA,eligible_proxy,0.0,0.0,0.0,2874.0,2874.0,2874.0,0.0
291560,Itamaraju,BA,eligible_proxy,0.0,0.0,0.0,2874.0,2874.0,2874.0,0.0
291550,Itajuípe,BA,eligible_proxy,0.0,0.0,0.0,2874.0,2874.0,2874.0,0.0
291540,Itaju do Colônia,BA,eligible_proxy,0.0,0.0,0.0,2874.0,2874.0,2874.0,0.0
291535,Itaguaçu da Bahia,BA,eligible_proxy,0.0,0.0,0.0,2874.0,2874.0,2874.0,0.0
291530,Itagimirim,BA,eligible_proxy,0.0,0.0,0.0,2874.0,2874.0,2874.0,0.0
291520,Itagibá,BA,eligible_proxy,0.0,0.0,0.0,2874.0,2874.0,2874.0,0.0
291510,Itagi,BA,eligible_proxy,0.0,0.0,0.0,2874.0,2874.0,2874.0,0.0
291490,Itacaré,BA,eligible_proxy,0.0,0.0,0.0,2874.0,2874.0,2874.0,0.0
291800,Jequié,BA,eligible_proxy,0.0,0.0,0.0,2874.0,2874.0,2874.0,0.0
291770,Jaguarari,BA,eligible_proxy,0.0,0.0,0.0,2874.0,2874.0,2874.0,0.0
291760,Jaguaquara,BA,eligible_proxy,0.0,0.0,0.0,2874.0,2874.0,2874.0,0.0
291750,Jacobina,BA,eligible_proxy,0.0,0.0,0.0,2874.0,2874.0,2874.0,0.0
291740,Jacaraci,BA,eligible_proxy,0.0,0.0,0.0,2874.0,2874.0,2874.0,0.0
291735,Jaborandi,BA,eligible_proxy,0.0,0.0,0.0,2874.0,2874.0,2874.0,0.0
291733,Iuiu,BA,eligible_proxy,0.0,0.0,0.0,2874.0,2874.0,2874.0,0.0
291730,Ituberá,BA,eligible_proxy,0.0,0.0,0.0,2874.0,2874.0,2874.0,0.0
291720,Ituaçu,BA,eligible_proxy,0.0,0.0,0.0,2874.0,2874.0,2874.0,0.0
291710,Itororó,BA,eligible_proxy,0.0,0.0,0.0,2874.0,2874.0,2874.0,0.0
291700,Itiúba,BA,eligible_proxy,0.0,0.0,0.0,2874.0,2874.0,2874.0,0.0
291690,Itiruçu,BA,eligible_proxy,0.0,0.0,0.0,2874.0,2874.0,2874.0,0.0
291685,Itatim,BA,eligible_proxy,0.0,0.0,0.0,2874.0,2874.0,2874.0,0.0
291680,Itarantim,BA,eligible_proxy,0.0,0.0,0.0,2874.0,2874.0,2874.0,0.0
291670,Itaquara,BA,eligible_proxy,0.0,0.0,0.0,2874.0,2874.0,2874.0,0.0
291660,Itapitanga,BA,eligible_proxy,0.0,0.0,0.0,2874.0,2874.0,2874.0,0.0
291950,Livramento de Nossa Senhora,BA,eligible_proxy,0.0,0.0,0.0,2874.0,2874.0,2874.0,0.0
291940,Licínio de Almeida,BA,eligible_proxy,0.0,0.0,0.0,2874.0,2874.0,2874.0,0.0
291930,Lençóis,BA,eligible_proxy,0.0,0.0,0.0,2874.0,2874.0,2874.0,0.0
291915,Lapão,BA,eligible_proxy,0.0,0.0,0.0,2874.0,2874.0,2874.0,0.0
291905,Lajedo do Tabocal,BA,eligible_proxy,0.0,0.0,0.0,2874.0,2874.0,2874.0,0.0
291890,Lajedão,BA,eligible_proxy,0.0,0.0,0.0,2874.0,2874.0,2874.0,0.0
291880,Laje,BA,eligible_proxy,0.0,0.0,0.0,2874.0,2874.0,2874.0,0.0
291875,Lagoa Real,BA,eligible_proxy,0.0,0.0,0.0,2874.0,2874.0,2874.0,0.0
291870,Lafaiete Coutinho,BA,eligible_proxy,0.0,0.0,0.0,2874.0,2874.0,2874.0,0.0
291860,Jussiape,BA,eligible_proxy,0.0,0.0,0.0,2874.0,2874.0,2874.0,0.0
291855,Jussari,BA,eligible_proxy,0.0,0.0,0.0,2874.0,2874.0,2874.0,0.0
291845,Jucuruçu,BA,eligible_proxy,0.0,0.0,0.0,2874.0,2874.0,2874.0,0.0
291835,João Dourado,BA,eligible_proxy,0.0,0.0,0.0,2874.0,2874.0,2874.0,0.0
291830,JITAUNA,BA,eligible_proxy,0.0,0.0,0.0,2874.0,2874.0,2874.0,0.0
291820,Jiquiriçá,BA,eligible_proxy,0.0,0.0,0.0,2874.0,2874.0,2874.0,0.0
291810,Jeremoabo,BA,eligible_proxy,0.0,0.0,0.0,2874.0,2874.0,2874.0,0.0
292110,Medeiros Neto,BA,eligible_proxy,0.0,0.0,0.0,2874.0,2874.0,2874.0,0.0
292105,Matina,BA,eligible_proxy,0.0,0.0,0.0,2874.0,2874.0,2874.0,0.0
292100,Mata de São João,BA,eligible_proxy,0.0,0.0,0.0,2874.0,2874.0,2874.0,0.0
292090,Mascote,BA,eligible_proxy,0.0,0.0,0.0,2874.0,2874.0,2874.0,0.0
292080,Marcionílio Souza,BA,eligible_proxy,0.0,0.0,0.0,2874.0,2874.0,2874.0,0.0
292070,Maraú,BA,eligible_proxy,0.0,0.0,0.0,2874.0,2874.0,2874.0,0.0
292060,Maragogipe,BA,eligible_proxy,0.0,0.0,0.0,2874.0,2874.0,2874.0,0.0
292045,Mansidão,BA,eligible_proxy,0.0,0.0,0.0,2874.0,2874.0,2874.0,0.0
292040,Manoel Vitorino,BA,eligible_proxy,0.0,0.0,0.0,2874.0,2874.0,2874.0,0.0
292030,Malhada de Pedras,BA,eligible_proxy,0.0,0.0,0.0,2874.0,2874.0,2874.0,0.0
292020,Malhada,BA,eligible_proxy,0.0,0.0,0.0,2874.0,2874.0,2874.0,0.0
292010,Mairi,BA,eligible_proxy,0.0,0.0,0.0,2874.0,2874.0,2874.0,0.0
292000,Maiquinique,BA,eligible_proxy,0.0,0.0,0.0,2874.0,2874.0,2874.0,0.0
291995,Maetinga,BA,eligible_proxy,0.0,0.0,0.0,2874.0,2874.0,2874.0,0.0
291980,Macaúbas,BA,eligible_proxy,0.0,0.0,0.0,2874.0,2874.0,2874.0,0.0
291960,Macajuba,BA,eligible_proxy,0.0,0.0,0.0,2874.0,2874.0,2874.0,0.0
292270,Nova Canaã,BA,eligible_proxy,0.0,0.0,0.0,2874.0,2874.0,2874.0,0.0
292265,Nordestina,BA,eligible_proxy,0.0,0.0,0.0,2874.0,2874.0,2874.0,0.0
292260,Nilo Peçanha,BA,eligible_proxy,0.0,0.0,0.0,2874.0,2874.0,2874.0,0.0
292250,Nazaré,BA,eligible_proxy,0.0,0.0,0.0,2874.0,2874.0,2874.0,0.0
292240,Mutuípe,BA,eligible_proxy,0.0,0.0,0.0,2874.0,2874.0,2874.0,0.0
292230,Muritiba,BA,eligible_proxy,0.0,0.0,0.0,2874.0,2874.0,2874.0,0.0
292220,Muniz Ferreira,BA,eligible_proxy,0.0,0.0,0.0,2874.0,2874.0,2874.0,0.0
292210,Mundo Novo,BA,eligible_proxy,0.0,0.0,0.0,2874.0,2874.0,2874.0,0.0
292200,Mucuri,BA,eligible_proxy,0.0,0.0,0.0,2874.0,2874.0,2874.0,0.0
292190,Mucugê,BA,eligible_proxy,0.0,0.0,0.0,2874.0,2874.0,2874.0,0.0
292180,Mortugaba,BA,eligible_proxy,0.0,0.0,0.0,2874.0,2874.0,2874.0,0.0
292170,Morro do Chapéu,BA,eligible_proxy,0.0,0.0,0.0,2874.0,2874.0,2874.0,0.0
292150,Monte Santo,BA,eligible_proxy,0.0,0.0,0.0,2874.0,2874.0,2874.0,0.0
292145,Mirante,BA,eligible_proxy,0.0,0.0,0.0,2874.0,2874.0,2874.0,0.0
292130,Milagres,BA,eligible_proxy,0.0,0.0,0.0,2874.0,2874.0,2874.0,0.0
292120,Miguel Calmon,BA,eligible_proxy,0.0,0.0,0.0,2874.0,2874.0,2874.0,0.0
292405,Pé de Serra,BA,eligible_proxy,0.0,0.0,0.0,2874.0,2874.0,2874.0,0.0
292390,Pau Brasil,BA,eligible_proxy,0.0,0.0,0.0,2874.0,2874.0,2874.0,0.0
292380,Paripiranga,BA,eligible_proxy,0.0,0.0,0.0,2874.0,2874.0,2874.0,0.0
292370,Paratinga,BA,eligible_proxy,0.0,0.0,0.0,2874.0,2874.0,2874.0,0.0
292360,Paramirim,BA,eligible_proxy,0.0,0.0,0.0,2874.0,2874.0,2874.0,0.0
292350,Palmeiras,BA,eligible_proxy,0.0,0.0,0.0,2874.0,2874.0,2874.0,0.0
292340,Palmas de Monte Alto,BA,eligible_proxy,0.0,0.0,0.0,2874.0,2874.0,2874.0,0.0
292335,Ourolândia,BA,eligible_proxy,0.0,0.0,0.0,2874.0,2874.0,2874.0,0.0
292330,Ouriçangas,BA,eligible_proxy,0.0,0.0,0.0,2874.0,2874.0,2874.0,0.0
292320,Oliveira dos Brejinhos,BA,eligible_proxy,0.0,0.0,0.0,2874.0,2874.0,2874.0,0.0
292310,Olindina,BA,eligible_proxy,0.0,0.0,0.0,2874.0,2874.0,2874.0,0.0
292305,Novo Triunfo,BA,eligible_proxy,0.0,0.0,0.0,2874.0,2874.0,2874.0,0.0
292303,Novo Horizonte,BA,eligible_proxy,0.0,0.0,0.0,2874.0,2874.0,2874.0,0.0
292300,Nova Viçosa,BA,eligible_proxy,0.0,0.0,0.0,2874.0,2874.0,2874.0,0.0
292290,Nova Soure,BA,eligible_proxy,0.0,0.0,0.0,2874.0,2874.0,2874.0,0.0
292273,Nova Fátima,BA,eligible_proxy,0.0,0.0,0.0,2874.0,2874.0,2874.0,0.0
292560,Presidente Dutra,BA,eligible_proxy,0.0,0.0,0.0,2874.0,2874.0,2874.0,0.0
292550,Prado,BA,eligible_proxy,0.0,0.0,0.0,2874.0,2874.0,2874.0,0.0
292540,Potiraguá,BA,eligible_proxy,0.0,0.0,0.0,2874.0,2874.0,2874.0,0.0
292520,Pojuca,BA,eligible_proxy,0.0,0.0,0.0,2874.0,2874.0,2874.0,0.0
292510,Poções,BA,eligible_proxy,0.0,0.0,0.0,2874.0,2874.0,2874.0,0.0
292500,Planalto,BA,eligible_proxy,0.0,0.0,0.0,2874.0,2874.0,2874.0,0.0
292490,Planaltino,BA,eligible_proxy,0.0,0.0,0.0,2874.0,2874.0,2874.0,0.0
292480,Piritiba,BA,eligible_proxy,0.0,0.0,0.0,2874.0,2874.0,2874.0,0.0
292470,Piripá,BA,eligible_proxy,0.0,0.0,0.0,2874.0,2874.0,2874.0,0.0
292467,Piraí do Norte,BA,eligible_proxy,0.0,0.0,0.0,2874.0,2874.0,2874.0,0.0
292465,Pintadas,BA,eligible_proxy,0.0,0.0,0.0,2874.0,2874.0,2874.0,0.0
292460,Pindobaçu,BA,eligible_proxy,0.0,0.0,0.0,2874.0,2874.0,2874.0,0.0
292450,Pindaí,BA,eligible_proxy,0.0,0.0,0.0,2874.0,2874.0,2874.0,0.0
292430,PIATA,BA,eligible_proxy,0.0,0.0,0.0,2874.0,2874.0,2874.0,0.0
292420,Pedro Alexandre,BA,eligible_proxy,0.0,0.0,0.0,2874.0,2874.0,2874.0,0.0
292410,Pedrão,BA,eligible_proxy,0.0,0.0,0.0,2874.0,2874.0,2874.0,0.0
292700,Rio Real,BA,eligible_proxy,0.0,0.0,0.0,2874.0,2874.0,2874.0,0.0
292690,Rio do Pires,BA,eligible_proxy,0.0,0.0,0.0,2874.0,2874.0,2874.0,0.0
292680,Rio do Antônio,BA,eligible_proxy,0.0,0.0,0.0,2874.0,2874.0,2874.0,0.0
292670,Rio de Contas,BA,eligible_proxy,0.0,0.0,0.0,2874.0,2874.0,2874.0,0.0
292665,Ribeirão do Largo,BA,eligible_proxy,0.0,0.0,0.0,2874.0,2874.0,2874.0,0.0
292660,Ribeira do Pombal,BA,eligible_proxy,0.0,0.0,0.0,2874.0,2874.0,2874.0,0.0
292650,Ribeira do Amparo,BA,eligible_proxy,0.0,0.0,0.0,2874.0,2874.0,2874.0,0.0
292640,Riacho de Santana,BA,eligible_proxy,0.0,0.0,0.0,2874.0,2874.0,2874.0,0.0
292630,Riachão do Jacuípe,BA,eligible_proxy,0.0,0.0,0.0,2874.0,2874.0,2874.0,0.0
292610,Retirolândia,BA,eligible_proxy,0.0,0.0,0.0,2874.0,2874.0,2874.0,0.0
292600,Remanso,BA,eligible_proxy,0.0,0.0,0.0,2874.0,2874.0,2874.0,0.0
292593,Quixabeira,BA,eligible_proxy,0.0,0.0,0.0,2874.0,2874.0,2874.0,0.0
292590,Quijingue,BA,eligible_proxy,0.0,0.0,0.0,2874.0,2874.0,2874.0,0.0
292580,Queimadas,BA,eligible_proxy,0.0,0.0,0.0,2874.0,2874.0,2874.0,0.0
292575,Presidente Tancredo Neves,BA,eligible_proxy,0.0,0.0,0.0,2874.0,2874.0,2874.0,0.0
292570,Presidente Jânio Quadros,BA,eligible_proxy,0.0,0.0,0.0,2874.0,2874.0,2874.0,0.0
292890,São Desidério,BA,eligible_proxy,0.0,0.0,0.0,2874.0,2874.0,2874.0,0.0
292880,Santo Estêvão,BA,eligible_proxy,0.0,0.0,0.0,2874.0,2874.0,2874.0,0.0
292870,Santo Antônio de Jesus,BA,eligible_proxy,0.0,0.0,0.0,2874.0,2874.0,2874.0,0.0
292860,Santo Amaro,BA,eligible_proxy,0.0,0.0,0.0,2874.0,2874.0,2874.0,0.0
292850,Santa Terezinha,BA,eligible_proxy,0.0,0.0,0.0,2874.0,2874.0,2874.0,0.0
292840,Santa Rita de Cássia,BA,eligible_proxy,0.0,0.0,0.0,2874.0,2874.0,2874.0,0.0
292820,Santana,BA,eligible_proxy,0.0,0.0,0.0,2874.0,2874.0,2874.0,0.0
292810,Santa Maria da Vitória,BA,eligible_proxy,0.0,0.0,0.0,2874.0,2874.0,2874.0,0.0
292805,Santa Luzia,BA,eligible_proxy,0.0,0.0,0.0,2874.0,2874.0,2874.0,0.0
292800,Santaluz,BA,eligible_proxy,0.0,0.0,0.0,2874.0,2874.0,2874.0,0.0
292790,Santa Inês,BA,eligible_proxy,0.0,0.0,0.0,2874.0,2874.0,2874.0,0.0
292780,Santa Cruz da Vitória,BA,eligible_proxy,0.0,0.0,0.0,2874.0,2874.0,2874.0,0.0
292760,Santa Brígida,BA,eligible_proxy,0.0,0.0,0.0,2874.0,2874.0,2874.0,0.0
292750,Santa Bárbara,BA,eligible_proxy,0.0,0.0,0.0,2874.0,2874.0,2874.0,0.0
292730,Salinas da Margarida,BA,eligible_proxy,0.0,0.0,0.0,2874.0,2874.0,2874.0,0.0
292720,Ruy Barbosa,BA,eligible_proxy,0.0,0.0,0.0,2874.0,2874.0,2874.0,0.0
293030,Serra Dourada,BA,eligible_proxy,0.0,0.0,0.0,2874.0,2874.0,2874.0,0.0
293020,Sento Sé,BA,eligible_proxy,0.0,0.0,0.0,2874.0,2874.0,2874.0,0.0
293015,Serra do Ramalho,BA,eligible_proxy,0.0,0.0,0.0,2874.0,2874.0,2874.0,0.0
293000,Sebastião Laranjeiras,BA,eligible_proxy,0.0,0.0,0.0,2874.0,2874.0,2874.0,0.0
292975,Saubara,BA,eligible_proxy,0.0,0.0,0.0,2874.0,2874.0,2874.0,0.0
292970,Sátiro Dias,BA,eligible_proxy,0.0,0.0,0.0,2874.0,2874.0,2874.0,0.0
292960,Sapeaçu,BA,eligible_proxy,0.0,0.0,0.0,2874.0,2874.0,2874.0,0.0
292950,São Sebastião do Passé,BA,eligible_proxy,0.0,0.0,0.0,2874.0,2874.0,2874.0,0.0
292940,São Miguel das Matas,BA,eligible_proxy,0.0,0.0,0.0,2874.0,2874.0,2874.0,0.0
292937,São José do Jacuípe,BA,eligible_proxy,0.0,0.0,0.0,2874.0,2874.0,2874.0,0.0
292925,São Gabriel,BA,eligible_proxy,0.0,0.0,0.0,2874.0,2874.0,2874.0,0.0
292920,São Francisco do Conde,BA,eligible_proxy,0.0,0.0,0.0,2874.0,2874.0,2874.0,0.0
292910,São Felipe,BA,eligible_proxy,0.0,0.0,0.0,2874.0,2874.0,2874.0,0.0
292905,São Félix do Coribe,BA,eligible_proxy,0.0,0.0,0.0,2874.0,2874.0,2874.0,0.0
292900,São Félix,BA,eligible_proxy,0.0,0.0,0.0,2874.0,2874.0,2874.0,0.0
292895,São Domingos,BA,eligible_proxy,0.0,0.0,0.0,2874.0,2874.0,2874.0,0.0
293200,Uauá,BA,eligible_proxy,0.0,0.0,0.0,2874.0,2874.0,2874.0,0.0
293190,Tucano,BA,eligible_proxy,0.0,0.0,0.0,2874.0,2874.0,2874.0,0.0
293180,Tremedal,BA,eligible_proxy,0.0,0.0,0.0,2874.0,2874.0,2874.0,0.0
293160,Teolândia,BA,eligible_proxy,0.0,0.0,0.0,2874.0,2874.0,2874.0,0.0
293150,Teofilândia,BA,eligible_proxy,0.0,0.0,0.0,2874.0,2874.0,2874.0,0.0
293130,Tapiramutá,BA,eligible_proxy,0.0,0.0,0.0,2874.0,2874.0,2874.0,0.0
293120,Taperoá,BA,eligible_proxy,0.0,0.0,0.0,2874.0,2874.0,2874.0,0.0
293110,Tanquinho,BA,eligible_proxy,0.0,0.0,0.0,2874.0,2874.0,2874.0,0.0
293105,Tanque Novo,BA,eligible_proxy,0.0,0.0,0.0,2874.0,2874.0,2874.0,0.0
293100,Tanhaçu,BA,eligible_proxy,0.0,0.0,0.0,2874.0,2874.0,2874.0,0.0
293090,Tabocas do Brejo Velho,BA,eligible_proxy,0.0,0.0,0.0,2874.0,2874.0,2874.0,0.0
293080,Souto Soares,BA,eligible_proxy,0.0,0.0,0.0,2874.0,2874.0,2874.0,0.0
293075,Sítio do Mato,BA,eligible_proxy,0.0,0.0,0.0,2874.0,2874.0,2874.0,0.0
293060,Serrolândia,BA,eligible_proxy,0.0,0.0,0.0,2874.0,2874.0,2874.0,0.0
293050,Serrinha,BA,eligible_proxy,0.0,0.0,0.0,2874.0,2874.0,2874.0,0.0
293040,Serra Preta,BA,eligible_proxy,0.0,0.0,0.0,2874.0,2874.0,2874.0,0.0
293320,Vera Cruz,BA,eligible_proxy,0.0,0.0,0.0,2874.0,2874.0,2874.0,0.0
293317,Varzedo,BA,eligible_proxy,0.0,0.0,0.0,2874.0,2874.0,2874.0,0.0
293315,Várzea Nova,BA,eligible_proxy,0.0,0.0,0.0,2874.0,2874.0,2874.0,0.0
293310,Várzea do Poço,BA,eligible_proxy,0.0,0.0,0.0,2874.0,2874.0,2874.0,0.0
293305,Várzea da Roça,BA,eligible_proxy,0.0,0.0,0.0,2874.0,2874.0,2874.0,0.0
293300,Valente,BA,eligible_proxy,0.0,0.0,0.0,2874.0,2874.0,2874.0,0.0
293290,Valença,BA,eligible_proxy,0.0,0.0,0.0,2874.0,2874.0,2874.0,0.0
293280,Utinga,BA,eligible_proxy,0.0,0.0,0.0,2874.0,2874.0,2874.0,0.0
293270,Uruçuca,BA,eligible_proxy,0.0,0.0,0.0,2874.0,2874.0,2874.0,0.0
293260,Urandi,BA,eligible_proxy,0.0,0.0,0.0,2874.0,2874.0,2874.0,0.0
293250,Una,BA,eligible_proxy,0.0,0.0,0.0,2874.0,2874.0,2874.0,0.0
293245,Umburanas,BA,eligible_proxy,0.0,0.0,0.0,2874.0,2874.0,2874.0,0.0
293240,Uibaí,BA,eligible_proxy,0.0,0.0,0.0,2874.0,2874.0,2874.0,0.0
293230,Ubatã,BA,eligible_proxy,0.0,0.0,0.0,2874.0,2874.0,2874.0,0.0
293220,Ubaitaba,BA,eligible_proxy,0.0,0.0,0.0,2874.0,2874.0,2874.0,0.0
293210,Ubaíra,BA,eligible_proxy,0.0,0.0,0.0,2874.0,2874.0,2874.0,0.0
211210,Timbiras,MA,eligible_proxy,0.0,0.0,0.0,2874.0,2874.0,2874.0,0.0
211200,Tasso Fragoso,MA,eligible_proxy,0.0,0.0,0.0,2874.0,2874.0,2874.0,0.0
310120,Aiuruoca,MG,eligible_proxy,0.0,0.0,0.0,2874.0,2874.0,2874.0,0.0
310110,Aimorés,MG,eligible_proxy,0.0,0.0,0.0,2874.0,2874.0,2874.0,0.0
310100,Águas Vermelhas,MG,eligible_proxy,0.0,0.0,0.0,2874.0,2874.0,2874.0,0.0
310090,Águas Formosas,MG,eligible_proxy,0.0,0.0,0.0,2874.0,2874.0,2874.0,0.0
310080,Aguanil,MG,eligible_proxy,0.0,0.0,0.0,2874.0,2874.0,2874.0,0.0
310060,Água Boa,MG,eligible_proxy,0.0,0.0,0.0,2874.0,2874.0,2874.0,0.0
310050,Açucena,MG,eligible_proxy,0.0,0.0,0.0,2874.0,2874.0,2874.0,0.0
310040,Acaiaca,MG,eligible_proxy,0.0,0.0,0.0,2874.0,2874.0,2874.0,0.0
310030,Abre Campo,MG,eligible_proxy,0.0,0.0,0.0,2874.0,2874.0,2874.0,0.0
310010,Abadia dos Dourados,MG,eligible_proxy,0.0,0.0,0.0,2874.0,2874.0,2874.0,0.0
293350,Wenceslau Guimarães,BA,eligible_proxy,0.0,0.0,0.0,2874.0,2874.0,2874.0,0.0
293345,Wanderley,BA,eligible_proxy,0.0,0.0,0.0,2874.0,2874.0,2874.0,0.0
293340,Wagner,BA,eligible_proxy,0.0,0.0,0.0,2874.0,2874.0,2874.0,0.0
293325,Vereda,BA,eligible_proxy,0.0,0.0,0.0,2874.0,2874.0,2874.0,0.0
310170,Almenara,MG,eligible_proxy,0.0,0.0,0.0,2874.0,2874.0,2874.0,0.0
310163,Alfredo Vasconcelos,MG,eligible_proxy,0.0,0.0,0.0,2874.0,2874.0,2874.0,0.0
310150,Além Paraíba,MG,eligible_proxy,0.0,0.0,0.0,2874.0,2874.0,2874.0,0.0
310140,Albertina,MG,eligible_proxy,0.0,0.0,0.0,2874.0,2874.0,2874.0,0.0
310130,Alagoa,MG,eligible_proxy,0.0,0.0,0.0,2874.0,2874.0,2874.0,0.0
211400,Zé Doca,MA,eligible_proxy,0.0,0.0,0.0,2874.0,2874.0,2874.0,0.0
211300,Vitorino Freire,MA,eligible_proxy,0.0,0.0,0.0,2874.0,2874.0,2874.0,0.0
211290,Vitória do Mearim,MA,eligible_proxy,0.0,0.0,0.0,2874.0,2874.0,2874.0,0.0
211285,Vila Nova dos Martírios,MA,eligible_proxy,0.0,0.0,0.0,2874.0,2874.0,2874.0,0.0
211280,Viana,MA,eligible_proxy,0.0,0.0,0.0,2874.0,2874.0,2874.0,0.0
211270,Vargem Grande,MA,eligible_proxy,0.0,0.0,0.0,2874.0,2874.0,2874.0,0.0
211260,Urbano Santos,MA,eligible_proxy,0.0,0.0,0.0,2874.0,2874.0,2874.0,0.0
211250,Tutóia,MA,eligible_proxy,0.0,0.0,0.0,2874.0,2874.0,2874.0,0.0
211230,Tuntum,MA,eligible_proxy,0.0,0.0,0.0,2874.0,2874.0,2874.0,0.0
211223,Trizidela do Vale,MA,eligible_proxy,0.0,0.0,0.0,2874.0,2874.0,2874.0,0.0
211220,Timon,MA,eligible_proxy,0.0,0.0,0.0,2874.0,2874.0,2874.0,0.0
310340,Araçuaí,MG,eligible_proxy,0.0,0.0,0.0,2874.0,2874.0,2874.0,0.0
310330,Aracitaba,MG,eligible_proxy,0.0,0.0,0.0,2874.0,2874.0,2874.0,0.0
310300,Antônio Dias,MG,eligible_proxy,0.0,0.0,0.0,2874.0,2874.0,2874.0,0.0
310290,Antônio Carlos,MG,eligible_proxy,0.0,0.0,0.0,2874.0,2874.0,2874.0,0.0
310285,Angelândia,MG,eligible_proxy,0.0,0.0,0.0,2874.0,2874.0,2874.0,0.0
310280,Andrelândia,MG,eligible_proxy,0.0,0.0,0.0,2874.0,2874.0,2874.0,0.0
310270,Cachoeira de Pajeú,MG,eligible_proxy,0.0,0.0,0.0,2874.0,2874.0,2874.0,0.0
310250,Amparo do Serra,MG,eligible_proxy,0.0,0.0,0.0,2874.0,2874.0,2874.0,0.0
310240,Alvorada de Minas,MG,eligible_proxy,0.0,0.0,0.0,2874.0,2874.0,2874.0,0.0
310230,Alvinópolis,MG,eligible_proxy,0.0,0.0,0.0,2874.0,2874.0,2874.0,0.0
310220,Alvarenga,MG,eligible_proxy,0.0,0.0,0.0,2874.0,2874.0,2874.0,0.0
310210,Alto Rio Doce,MG,eligible_proxy,0.0,0.0,0.0,2874.0,2874.0,2874.0,0.0
310205,Alto Caparaó,MG,eligible_proxy,0.0,0.0,0.0,2874.0,2874.0,2874.0,0.0
310200,Alterosa,MG,eligible_proxy,0.0,0.0,0.0,2874.0,2874.0,2874.0,0.0
310190,Alpinópolis,MG,eligible_proxy,0.0,0.0,0.0,2874.0,2874.0,2874.0,0.0
310180,Alpercata,MG,eligible_proxy,0.0,0.0,0.0,2874.0,2874.0,2874.0,0.0
310520,Bandeira,MG,eligible_proxy,0.0,0.0,0.0,2874.0,2874.0,2874.0,0.0
310510,Bambuí,MG,eligible_proxy,0.0,0.0,0.0,2874.0,2874.0,2874.0,0.0
310500,Baldim,MG,eligible_proxy,0.0,0.0,0.0,2874.0,2874.0,2874.0,0.0
310490,Baependi,MG,eligible_proxy,0.0,0.0,0.0,2874.0,2874.0,2874.0,0.0
310470,Ataléia,MG,eligible_proxy,0.0,0.0,0.0,2874.0,2874.0,2874.0,0.0
310460,Astolfo Dutra,MG,eligible_proxy,0.0,0.0,0.0,2874.0,2874.0,2874.0,0.0
310450,Arinos,MG,eligible_proxy,0.0,0.0,0.0,2874.0,2874.0,2874.0,0.0
310445,Aricanduva,MG,eligible_proxy,0.0,0.0,0.0,2874.0,2874.0,2874.0,0.0
310440,Argirita,MG,eligible_proxy,0.0,0.0,0.0,2874.0,2874.0,2874.0,0.0
310430,Areado,MG,eligible_proxy,0.0,0.0,0.0,2874.0,2874.0,2874.0,0.0
310410,Arceburgo,MG,eligible_proxy,0.0,0.0,0.0,2874.0,2874.0,2874.0,0.0
310390,Araújos,MG,eligible_proxy,0.0,0.0,0.0,2874.0,2874.0,2874.0,0.0
310380,Arapuá,MG,eligible_proxy,0.0,0.0,0.0,2874.0,2874.0,2874.0,0.0
310375,Araporã,MG,eligible_proxy,0.0,0.0,0.0,2874.0,2874.0,2874.0,0.0
310370,Araponga,MG,eligible_proxy,0.0,0.0,0.0,2874.0,2874.0,2874.0,0.0
310360,Arantina,MG,eligible_proxy,0.0,0.0,0.0,2874.0,2874.0,2874.0,0.0
310720,Bocaina de Minas,MG,eligible_proxy,0.0,0.0,0.0,2874.0,2874.0,2874.0,0.0
310710,Boa Esperança,MG,eligible_proxy,0.0,0.0,0.0,2874.0,2874.0,2874.0,0.0
310700,Biquinhas,MG,eligible_proxy,0.0,0.0,0.0,2874.0,2874.0,2874.0,0.0
310690,BICAS,MG,eligible_proxy,0.0,0.0,0.0,2874.0,2874.0,2874.0,0.0
310680,Bias Fortes,MG,eligible_proxy,0.0,0.0,0.0,2874.0,2874.0,2874.0,0.0
310660,Bertópolis,MG,eligible_proxy,0.0,0.0,0.0,2874.0,2874.0,2874.0,0.0
310650,Berilo,MG,eligible_proxy,0.0,0.0,0.0,2874.0,2874.0,2874.0,0.0
310640,Belo Vale,MG,eligible_proxy,0.0,0.0,0.0,2874.0,2874.0,2874.0,0.0
310630,Belo Oriente,MG,eligible_proxy,0.0,0.0,0.0,2874.0,2874.0,2874.0,0.0
310610,Belmiro Braga,MG,eligible_proxy,0.0,0.0,0.0,2874.0,2874.0,2874.0,0.0
310600,Bela Vista de Minas,MG,eligible_proxy,0.0,0.0,0.0,2874.0,2874.0,2874.0,0.0
310590,Barroso,MG,eligible_proxy,0.0,0.0,0.0,2874.0,2874.0,2874.0,0.0
310570,Barra Longa,MG,eligible_proxy,0.0,0.0,0.0,2874.0,2874.0,2874.0,0.0
310550,Barão do Monte Alto,MG,eligible_proxy,0.0,0.0,0.0,2874.0,2874.0,2874.0,0.0
310540,Barão de Cocais,MG,eligible_proxy,0.0,0.0,0.0,2874.0,2874.0,2874.0,0.0
310530,Bandeira do Sul,MG,eligible_proxy,0.0,0.0,0.0,2874.0,2874.0,2874.0,0.0
310860,Brasília de Minas,MG,eligible_proxy,0.0,0.0,0.0,2874.0,2874.0,2874.0,0.0
310855,Brasilândia de Minas,MG,eligible_proxy,0.0,0.0,0.0,2874.0,2874.0,2874.0,0.0
310850,Botumirim,MG,eligible_proxy,0.0,0.0,0.0,2874.0,2874.0,2874.0,0.0
310840,Botelhos,MG,eligible_proxy,0.0,0.0,0.0,2874.0,2874.0,2874.0,0.0
310830,Borda da Mata,MG,eligible_proxy,0.0,0.0,0.0,2874.0,2874.0,2874.0,0.0
310825,Bonito de Minas,MG,eligible_proxy,0.0,0.0,0.0,2874.0,2874.0,2874.0,0.0
310820,Bonfinópolis de Minas,MG,eligible_proxy,0.0,0.0,0.0,2874.0,2874.0,2874.0,0.0
310810,Bonfim,MG,eligible_proxy,0.0,0.0,0.0,2874.0,2874.0,2874.0,0.0
310800,Bom Sucesso,MG,eligible_proxy,0.0,0.0,0.0,2874.0,2874.0,2874.0,0.0
310790,Bom Repouso,MG,eligible_proxy,0.0,0.0,0.0,2874.0,2874.0,2874.0,0.0
310780,Bom Jesus do Galho,MG,eligible_proxy,0.0,0.0,0.0,2874.0,2874.0,2874.0,0.0
310770,Bom Jesus do Amparo,MG,eligible_proxy,0.0,0.0,0.0,2874.0,2874.0,2874.0,0.0
310760,Bom Jesus da Penha,MG,eligible_proxy,0.0,0.0,0.0,2874.0,2874.0,2874.0,0.0
310750,Bom Jardim de Minas,MG,eligible_proxy,0.0,0.0,0.0,2874.0,2874.0,2874.0,0.0
310740,Bom Despacho,MG,eligible_proxy,0.0,0.0,0.0,2874.0,2874.0,2874.0,0.0
310730,Bocaiúva,MG,eligible_proxy,0.0,0.0,0.0,2874.0,2874.0,2874.0,0.0
311020,Cajuri,MG,eligible_proxy,0.0,0.0,0.0,2874.0,2874.0,2874.0,0.0
311010,Caiana,MG,eligible_proxy,0.0,0.0,0.0,2874.0,2874.0,2874.0,0.0
310990,Caetanópolis,MG,eligible_proxy,0.0,0.0,0.0,2874.0,2874.0,2874.0,0.0
310980,Cachoeira Dourada,MG,eligible_proxy,0.0,0.0,0.0,2874.0,2874.0,2874.0,0.0
310970,Cachoeira de Minas,MG,eligible_proxy,0.0,0.0,0.0,2874.0,2874.0,2874.0,0.0
310950,Cabo Verde,MG,eligible_proxy,0.0,0.0,0.0,2874.0,2874.0,2874.0,0.0
310945,Cabeceira Grande,MG,eligible_proxy,0.0,0.0,0.0,2874.0,2874.0,2874.0,0.0
310940,Buritizeiro,MG,eligible_proxy,0.0,0.0,0.0,2874.0,2874.0,2874.0,0.0
310930,Buritis,MG,eligible_proxy,0.0,0.0,0.0,2874.0,2874.0,2874.0,0.0
310925,Bugre,MG,eligible_proxy,0.0,0.0,0.0,2874.0,2874.0,2874.0,0.0
310920,Buenópolis,MG,eligible_proxy,0.0,0.0,0.0,2874.0,2874.0,2874.0,0.0
310910,Bueno Brandão,MG,eligible_proxy,0.0,0.0,0.0,2874.0,2874.0,2874.0,0.0
310900,Brumadinho,MG,eligible_proxy,0.0,0.0,0.0,2874.0,2874.0,2874.0,0.0
310890,Brazópolis,MG,eligible_proxy,0.0,0.0,0.0,2874.0,2874.0,2874.0,0.0
310880,Braúnas,MG,eligible_proxy,0.0,0.0,0.0,2874.0,2874.0,2874.0,0.0
310870,Brás Pires,MG,eligible_proxy,0.0,0.0,0.0,2874.0,2874.0,2874.0,0.0
311190,Cana Verde,MG,eligible_proxy,0.0,0.0,0.0,2874.0,2874.0,2874.0,0.0
311180,Canápolis,MG,eligible_proxy,0.0,0.0,0.0,2874.0,2874.0,2874.0,0.0
311170,Canaã,MG,eligible_proxy,0.0,0.0,0.0,2874.0,2874.0,2874.0,0.0
311160,Campos Gerais,MG,eligible_proxy,0.0,0.0,0.0,2874.0,2874.0,2874.0,0.0
311150,Campos Altos,MG,eligible_proxy,0.0,0.0,0.0,2874.0,2874.0,2874.0,0.0
311140,Campo Florido,MG,eligible_proxy,0.0,0.0,0.0,2874.0,2874.0,2874.0,0.0
311130,Campo do Meio,MG,eligible_proxy,0.0,0.0,0.0,2874.0,2874.0,2874.0,0.0
311120,Campo Belo,MG,eligible_proxy,0.0,0.0,0.0,2874.0,2874.0,2874.0,0.0
311110,Campina Verde,MG,eligible_proxy,0.0,0.0,0.0,2874.0,2874.0,2874.0,0.0
311100,Campestre,MG,eligible_proxy,0.0,0.0,0.0,2874.0,2874.0,2874.0,0.0
311090,Campanha,MG,eligible_proxy,0.0,0.0,0.0,2874.0,2874.0,2874.0,0.0
311080,Campanário,MG,eligible_proxy,0.0,0.0,0.0,2874.0,2874.0,2874.0,0.0
311070,Cambuquira,MG,eligible_proxy,0.0,0.0,0.0,2874.0,2874.0,2874.0,0.0
311060,Cambuí,MG,eligible_proxy,0.0,0.0,0.0,2874.0,2874.0,2874.0,0.0
311040,Camacho,MG,eligible_proxy,0.0,0.0,0.0,2874.0,2874.0,2874.0,0.0
311030,Caldas,MG,eligible_proxy,0.0,0.0,0.0,2874.0,2874.0,2874.0,0.0
311360,Careaçu,MG,eligible_proxy,0.0,0.0,0.0,2874.0,2874.0,2874.0,0.0
311350,Carbonita,MG,eligible_proxy,0.0,0.0,0.0,2874.0,2874.0,2874.0,0.0
311330,Carangola,MG,eligible_proxy,0.0,0.0,0.0,2874.0,2874.0,2874.0,0.0
311320,Carandaí,MG,eligible_proxy,0.0,0.0,0.0,2874.0,2874.0,2874.0,0.0
311300,Caraí,MG,eligible_proxy,0.0,0.0,0.0,2874.0,2874.0,2874.0,0.0
311290,Caputira,MG,eligible_proxy,0.0,0.0,0.0,2874.0,2874.0,2874.0,0.0
311270,Capitão Enéas,MG,eligible_proxy,0.0,0.0,0.0,2874.0,2874.0,2874.0,0.0
311265,Capitão Andrade,MG,eligible_proxy,0.0,0.0,0.0,2874.0,2874.0,2874.0,0.0
311260,Capinópolis,MG,eligible_proxy,0.0,0.0,0.0,2874.0,2874.0,2874.0,0.0
311250,Capim Branco,MG,eligible_proxy,0.0,0.0,0.0,2874.0,2874.0,2874.0,0.0
311240,Capetinga,MG,eligible_proxy,0.0,0.0,0.0,2874.0,2874.0,2874.0,0.0
311230,Capelinha,MG,eligible_proxy,0.0,0.0,0.0,2874.0,2874.0,2874.0,0.0
311220,Capela Nova,MG,eligible_proxy,0.0,0.0,0.0,2874.0,2874.0,2874.0,0.0
311210,Caparaó,MG,eligible_proxy,0.0,0.0,0.0,2874.0,2874.0,2874.0,0.0
311205,Cantagalo,MG,eligible_proxy,0.0,0.0,0.0,2874.0,2874.0,2874.0,0.0
311200,Candeias,MG,eligible_proxy,0.0,0.0,0.0,2874.0,2874.0,2874.0,0.0
311510,Cássia,MG,eligible_proxy,0.0,0.0,0.0,2874.0,2874.0,2874.0,0.0
311500,Cascalho Rico,MG,eligible_proxy,0.0,0.0,0.0,2874.0,2874.0,2874.0,0.0
311490,Casa Grande,MG,eligible_proxy,0.0,0.0,0.0,2874.0,2874.0,2874.0,0.0
311480,Carvalhos,MG,eligible_proxy,0.0,0.0,0.0,2874.0,2874.0,2874.0,0.0
311470,Carvalhópolis,MG,eligible_proxy,0.0,0.0,0.0,2874.0,2874.0,2874.0,0.0
311460,Carrancas,MG,eligible_proxy,0.0,0.0,0.0,2874.0,2874.0,2874.0,0.0
311455,Carneirinho,MG,eligible_proxy,0.0,0.0,0.0,2874.0,2874.0,2874.0,0.0
311450,Carmópolis de Minas,MG,eligible_proxy,0.0,0.0,0.0,2874.0,2874.0,2874.0,0.0
311440,Carmo do Rio Claro,MG,eligible_proxy,0.0,0.0,0.0,2874.0,2874.0,2874.0,0.0
311430,Carmo do Paranaíba,MG,eligible_proxy,0.0,0.0,0.0,2874.0,2874.0,2874.0,0.0
311420,Carmo do Cajuru,MG,eligible_proxy,0.0,0.0,0.0,2874.0,2874.0,2874.0,0.0
311410,Carmo de Minas,MG,eligible_proxy,0.0,0.0,0.0,2874.0,2874.0,2874.0,0.0
311400,Carmo da Mata,MG,eligible_proxy,0.0,0.0,0.0,2874.0,2874.0,2874.0,0.0
311390,Carmo da Cachoeira,MG,eligible_proxy,0.0,0.0,0.0,2874.0,2874.0,2874.0,0.0
311380,Carmésia,MG,eligible_proxy,0.0,0.0,0.0,2874.0,2874.0,2874.0,0.0
311370,Carlos Chagas,MG,eligible_proxy,0.0,0.0,0.0,2874.0,2874.0,2874.0,0.0
311690,Comendador Gomes,MG,eligible_proxy,0.0,0.0,0.0,2874.0,2874.0,2874.0,0.0
311680,Coluna,MG,eligible_proxy,0.0,0.0,0.0,2874.0,2874.0,2874.0,0.0
311670,Coimbra,MG,eligible_proxy,0.0,0.0,0.0,2874.0,2874.0,2874.0,0.0
311650,Claro dos Poções,MG,eligible_proxy,0.0,0.0,0.0,2874.0,2874.0,2874.0,0.0
311640,Claraval,MG,eligible_proxy,0.0,0.0,0.0,2874.0,2874.0,2874.0,0.0
311630,Cipotânea,MG,eligible_proxy,0.0,0.0,0.0,2874.0,2874.0,2874.0,0.0
311615,Chapada Gaúcha,MG,eligible_proxy,0.0,0.0,0.0,2874.0,2874.0,2874.0,0.0
311610,Chapada do Norte,MG,eligible_proxy,0.0,0.0,0.0,2874.0,2874.0,2874.0,0.0
311600,Chalé,MG,eligible_proxy,0.0,0.0,0.0,2874.0,2874.0,2874.0,0.0
311580,Centralina,MG,eligible_proxy,0.0,0.0,0.0,2874.0,2874.0,2874.0,0.0
311570,Central de Minas,MG,eligible_proxy,0.0,0.0,0.0,2874.0,2874.0,2874.0,0.0
311547,Catuti,MG,eligible_proxy,0.0,0.0,0.0,2874.0,2874.0,2874.0,0.0
311545,Catuji,MG,eligible_proxy,0.0,0.0,0.0,2874.0,2874.0,2874.0,0.0
311540,Catas Altas da Noruega,MG,eligible_proxy,0.0,0.0,0.0,2874.0,2874.0,2874.0,0.0
311535,Catas Altas,MG,eligible_proxy,0.0,0.0,0.0,2874.0,2874.0,2874.0,0.0
311520,Conceição da Barra de Minas,MG,eligible_proxy,0.0,0.0,0.0,2874.0,2874.0,2874.0,0.0
311840,Conselheiro Pena,MG,eligible_proxy,0.0,0.0,0.0,2874.0,2874.0,2874.0,0.0
311820,Conquista,MG,eligible_proxy,0.0,0.0,0.0,2874.0,2874.0,2874.0,0.0
311810,Congonhas do Norte,MG,eligible_proxy,0.0,0.0,0.0,2874.0,2874.0,2874.0,0.0
311800,Congonhas,MG,eligible_proxy,0.0,0.0,0.0,2874.0,2874.0,2874.0,0.0
311790,Congonhal,MG,eligible_proxy,0.0,0.0,0.0,2874.0,2874.0,2874.0,0.0
311787,Confins,MG,eligible_proxy,0.0,0.0,0.0,2874.0,2874.0,2874.0,0.0
311783,Cônego Marinho,MG,eligible_proxy,0.0,0.0,0.0,2874.0,2874.0,2874.0,0.0
311780,Conceição dos Ouros,MG,eligible_proxy,0.0,0.0,0.0,2874.0,2874.0,2874.0,0.0
311770,Conceição do Rio Verde,MG,eligible_proxy,0.0,0.0,0.0,2874.0,2874.0,2874.0,0.0
311760,Conceição do Pará,MG,eligible_proxy,0.0,0.0,0.0,2874.0,2874.0,2874.0,0.0
311750,Conceição do Mato Dentro,MG,eligible_proxy,0.0,0.0,0.0,2874.0,2874.0,2874.0,0.0
311740,Conceição de Ipanema,MG,eligible_proxy,0.0,0.0,0.0,2874.0,2874.0,2874.0,0.0
311730,Conceição das Alagoas,MG,eligible_proxy,0.0,0.0,0.0,2874.0,2874.0,2874.0,0.0
311720,Conceição das Pedras,MG,eligible_proxy,0.0,0.0,0.0,2874.0,2874.0,2874.0,0.0
311710,Conceição da Aparecida,MG,eligible_proxy,0.0,0.0,0.0,2874.0,2874.0,2874.0,0.0
311700,Comercinho,MG,eligible_proxy,0.0,0.0,0.0,2874.0,2874.0,2874.0,0.0
312010,Couto de Magalhães de Minas,MG,eligible_proxy,0.0,0.0,0.0,2874.0,2874.0,2874.0,0.0
312000,Córrego Novo,MG,eligible_proxy,0.0,0.0,0.0,2874.0,2874.0,2874.0,0.0
311995,Córrego Fundo,MG,eligible_proxy,0.0,0.0,0.0,2874.0,2874.0,2874.0,0.0
311990,Córrego do Bom Jesus,MG,eligible_proxy,0.0,0.0,0.0,2874.0,2874.0,2874.0,0.0
311980,Córrego Danta,MG,eligible_proxy,0.0,0.0,0.0,2874.0,2874.0,2874.0,0.0
311970,Coronel Xavier Chaves,MG,eligible_proxy,0.0,0.0,0.0,2874.0,2874.0,2874.0,0.0
311960,Coronel Pacheco,MG,eligible_proxy,0.0,0.0,0.0,2874.0,2874.0,2874.0,0.0
311950,Coronel Murta,MG,eligible_proxy,0.0,0.0,0.0,2874.0,2874.0,2874.0,0.0
311930,Coromandel,MG,eligible_proxy,0.0,0.0,0.0,2874.0,2874.0,2874.0,0.0
311920,Coroaci,MG,eligible_proxy,0.0,0.0,0.0,2874.0,2874.0,2874.0,0.0
311910,Corinto,MG,eligible_proxy,0.0,0.0,0.0,2874.0,2874.0,2874.0,0.0
311900,Cordislândia,MG,eligible_proxy,0.0,0.0,0.0,2874.0,2874.0,2874.0,0.0
311890,Cordisburgo,MG,eligible_proxy,0.0,0.0,0.0,2874.0,2874.0,2874.0,0.0
311880,Coração de Jesus,MG,eligible_proxy,0.0,0.0,0.0,2874.0,2874.0,2874.0,0.0
311870,Coqueiral,MG,eligible_proxy,0.0,0.0,0.0,2874.0,2874.0,2874.0,0.0
311850,Consolação,MG,eligible_proxy,0.0,0.0,0.0,2874.0,2874.0,2874.0,0.0
312140,Desterro de Entre Rios,MG,eligible_proxy,0.0,0.0,0.0,2874.0,2874.0,2874.0,0.0
312130,Descoberto,MG,eligible_proxy,0.0,0.0,0.0,2874.0,2874.0,2874.0,0.0
312120,Delfinópolis,MG,eligible_proxy,0.0,0.0,0.0,2874.0,2874.0,2874.0,0.0
312110,Delfim Moreira,MG,eligible_proxy,0.0,0.0,0.0,2874.0,2874.0,2874.0,0.0
312100,DATAS,MG,eligible_proxy,0.0,0.0,0.0,2874.0,2874.0,2874.0,0.0
312090,Curvelo,MG,eligible_proxy,0.0,0.0,0.0,2874.0,2874.0,2874.0,0.0
312087,Curral de Dentro,MG,eligible_proxy,0.0,0.0,0.0,2874.0,2874.0,2874.0,0.0
312083,Cuparaque,MG,eligible_proxy,0.0,0.0,0.0,2874.0,2874.0,2874.0,0.0
312080,Cruzília,MG,eligible_proxy,0.0,0.0,0.0,2874.0,2874.0,2874.0,0.0
312070,Cruzeiro da Fortaleza,MG,eligible_proxy,0.0,0.0,0.0,2874.0,2874.0,2874.0,0.0
312060,Crucilândia,MG,eligible_proxy,0.0,0.0,0.0,2874.0,2874.0,2874.0,0.0
312050,Cristina,MG,eligible_proxy,0.0,0.0,0.0,2874.0,2874.0,2874.0,0.0
312040,Cristiano Otoni,MG,eligible_proxy,0.0,0.0,0.0,2874.0,2874.0,2874.0,0.0
312030,Cristália,MG,eligible_proxy,0.0,0.0,0.0,2874.0,2874.0,2874.0,0.0
312020,Cristais,MG,eligible_proxy,0.0,0.0,0.0,2874.0,2874.0,2874.0,0.0
312015,Crisólita,MG,eligible_proxy,0.0,0.0,0.0,2874.0,2874.0,2874.0,0.0
312280,Dom Viçoso,MG,eligible_proxy,0.0,0.0,0.0,2874.0,2874.0,2874.0,0.0
312270,Dom Silvério,MG,eligible_proxy,0.0,0.0,0.0,2874.0,2874.0,2874.0,0.0
312260,Dom Joaquim,MG,eligible_proxy,0.0,0.0,0.0,2874.0,2874.0,2874.0,0.0
312250,Dom Cavati,MG,eligible_proxy,0.0,0.0,0.0,2874.0,2874.0,2874.0,0.0
312247,Dom Bosco,MG,eligible_proxy,0.0,0.0,0.0,2874.0,2874.0,2874.0,0.0
312245,Divisópolis,MG,eligible_proxy,0.0,0.0,0.0,2874.0,2874.0,2874.0,0.0
312240,Divisa Nova,MG,eligible_proxy,0.0,0.0,0.0,2874.0,2874.0,2874.0,0.0
312235,Divisa Alegre,MG,eligible_proxy,0.0,0.0,0.0,2874.0,2874.0,2874.0,0.0
312220,Divinolândia de Minas,MG,eligible_proxy,0.0,0.0,0.0,2874.0,2874.0,2874.0,0.0
312210,Divino das Laranjeiras,MG,eligible_proxy,0.0,0.0,0.0,2874.0,2874.0,2874.0,0.0
312200,Divino,MG,eligible_proxy,0.0,0.0,0.0,2874.0,2874.0,2874.0,0.0
312190,Divinésia,MG,eligible_proxy,0.0,0.0,0.0,2874.0,2874.0,2874.0,0.0
312180,Dionísio,MG,eligible_proxy,0.0,0.0,0.0,2874.0,2874.0,2874.0,0.0
312170,Diogo de Vasconcelos,MG,eligible_proxy,0.0,0.0,0.0,2874.0,2874.0,2874.0,0.0
312160,Diamantina,MG,eligible_proxy,0.0,0.0,0.0,2874.0,2874.0,2874.0,0.0
312150,Desterro do Melo,MG,eligible_proxy,0.0,0.0,0.0,2874.0,2874.0,2874.0,0.0
312470,Estrela do Indaiá,MG,eligible_proxy,0.0,0.0,0.0,2874.0,2874.0,2874.0,0.0
312460,Estrela Dalva,MG,eligible_proxy,0.0,0.0,0.0,2874.0,2874.0,2874.0,0.0
312450,Estiva,MG,eligible_proxy,0.0,0.0,0.0,2874.0,2874.0,2874.0,0.0
312430,Espinosa,MG,eligible_proxy,0.0,0.0,0.0,2874.0,2874.0,2874.0,0.0
312420,Espera Feliz,MG,eligible_proxy,0.0,0.0,0.0,2874.0,2874.0,2874.0,0.0
312400,Ervália,MG,eligible_proxy,0.0,0.0,0.0,2874.0,2874.0,2874.0,0.0
312390,Entre Rios de Minas,MG,eligible_proxy,0.0,0.0,0.0,2874.0,2874.0,2874.0,0.0
312385,Entre Folhas,MG,eligible_proxy,0.0,0.0,0.0,2874.0,2874.0,2874.0,0.0
312380,Engenheiro Navarro,MG,eligible_proxy,0.0,0.0,0.0,2874.0,2874.0,2874.0,0.0
312370,Engenheiro Caldas,MG,eligible_proxy,0.0,0.0,0.0,2874.0,2874.0,2874.0,0.0
312360,Elói Mendes,MG,eligible_proxy,0.0,0.0,0.0,2874.0,2874.0,2874.0,0.0
312352,Durandé,MG,eligible_proxy,0.0,0.0,0.0,2874.0,2874.0,2874.0,0.0
312330,Dores do Turvo,MG,eligible_proxy,0.0,0.0,0.0,2874.0,2874.0,2874.0,0.0
312320,Dores do Indaiá,MG,eligible_proxy,0.0,0.0,0.0,2874.0,2874.0,2874.0,0.0
312310,Dores de Guanhães,MG,eligible_proxy,0.0,0.0,0.0,2874.0,2874.0,2874.0,0.0
312290,Dona Euzébia,MG,eligible_proxy,0.0,0.0,0.0,2874.0,2874.0,2874.0,0.0
312650,Francisco Badaró,MG,eligible_proxy,0.0,0.0,0.0,2874.0,2874.0,2874.0,0.0
312630,Fortaleza de Minas,MG,eligible_proxy,0.0,0.0,0.0,2874.0,2874.0,2874.0,0.0
312620,Formoso,MG,eligible_proxy,0.0,0.0,0.0,2874.0,2874.0,2874.0,0.0
312595,Fervedouro,MG,eligible_proxy,0.0,0.0,0.0,2874.0,2874.0,2874.0,0.0
312590,Ferros,MG,eligible_proxy,0.0,0.0,0.0,2874.0,2874.0,2874.0,0.0
312580,Fernandes Tourinho,MG,eligible_proxy,0.0,0.0,0.0,2874.0,2874.0,2874.0,0.0
312570,Felixlândia,MG,eligible_proxy,0.0,0.0,0.0,2874.0,2874.0,2874.0,0.0
312560,Felisburgo,MG,eligible_proxy,0.0,0.0,0.0,2874.0,2874.0,2874.0,0.0
312550,São Gonçalo do Rio Preto,MG,eligible_proxy,0.0,0.0,0.0,2874.0,2874.0,2874.0,0.0
312540,Felício dos Santos,MG,eligible_proxy,0.0,0.0,0.0,2874.0,2874.0,2874.0,0.0
312530,Faria Lemos,MG,eligible_proxy,0.0,0.0,0.0,2874.0,2874.0,2874.0,0.0
312520,Fama,MG,eligible_proxy,0.0,0.0,0.0,2874.0,2874.0,2874.0,0.0
312510,Extrema,MG,eligible_proxy,0.0,0.0,0.0,2874.0,2874.0,2874.0,0.0
312500,Ewbank da Câmara,MG,eligible_proxy,0.0,0.0,0.0,2874.0,2874.0,2874.0,0.0
312490,Eugenópolis,MG,eligible_proxy,0.0,0.0,0.0,2874.0,2874.0,2874.0,0.0
312480,Estrela do Sul,MG,eligible_proxy,0.0,0.0,0.0,2874.0,2874.0,2874.0,0.0
211150,São Mateus do Maranhão,MA,eligible_proxy,0.0,0.0,0.0,2874.0,2874.0,2874.0,0.0
211140,São Luís Gonzaga do Maranhão,MA,eligible_proxy,0.0,0.0,0.0,2874.0,2874.0,2874.0,0.0
211125,São José dos Basílios,MA,eligible_proxy,0.0,0.0,0.0,2874.0,2874.0,2874.0,0.0
312737,Goiabeira,MG,eligible_proxy,0.0,0.0,0.0,2874.0,2874.0,2874.0,0.0
312735,Glaucilândia,MG,eligible_proxy,0.0,0.0,0.0,2874.0,2874.0,2874.0,0.0
312733,Gameleiras,MG,eligible_proxy,0.0,0.0,0.0,2874.0,2874.0,2874.0,0.0
312730,Galiléia,MG,eligible_proxy,0.0,0.0,0.0,2874.0,2874.0,2874.0,0.0
312720,Funilândia,MG,eligible_proxy,0.0,0.0,0.0,2874.0,2874.0,2874.0,0.0
312707,Fruta de Leite,MG,eligible_proxy,0.0,0.0,0.0,2874.0,2874.0,2874.0,0.0
312705,Fronteira dos Vales,MG,eligible_proxy,0.0,0.0,0.0,2874.0,2874.0,2874.0,0.0
312700,Fronteira,MG,eligible_proxy,0.0,0.0,0.0,2874.0,2874.0,2874.0,0.0
312695,Frei Lagonegro,MG,eligible_proxy,0.0,0.0,0.0,2874.0,2874.0,2874.0,0.0
312690,Frei Inocêncio,MG,eligible_proxy,0.0,0.0,0.0,2874.0,2874.0,2874.0,0.0
312680,Frei Gaspar,MG,eligible_proxy,0.0,0.0,0.0,2874.0,2874.0,2874.0,0.0
312670,Francisco Sá,MG,eligible_proxy,0.0,0.0,0.0,2874.0,2874.0,2874.0,0.0
312660,Francisco Dumont,MG,eligible_proxy,0.0,0.0,0.0,2874.0,2874.0,2874.0,0.0
312780,Grão Mogol,MG,eligible_proxy,0.0,0.0,0.0,2874.0,2874.0,2874.0,0.0
312760,Gouveia,MG,eligible_proxy,0.0,0.0,0.0,2874.0,2874.0,2874.0,0.0
312750,Gonzaga,MG,eligible_proxy,0.0,0.0,0.0,2874.0,2874.0,2874.0,0.0
312740,Gonçalves,MG,eligible_proxy,0.0,0.0,0.0,2874.0,2874.0,2874.0,0.0
312738,Goianá,MG,eligible_proxy,0.0,0.0,0.0,2874.0,2874.0,2874.0,0.0
211195,Sucupira do Riachão,MA,eligible_proxy,0.0,0.0,0.0,2874.0,2874.0,2874.0,0.0
211190,Sucupira do Norte,MA,eligible_proxy,0.0,0.0,0.0,2874.0,2874.0,2874.0,0.0
211180,Sítio Novo,MA,eligible_proxy,0.0,0.0,0.0,2874.0,2874.0,2874.0,0.0
211178,Serrano do Maranhão,MA,eligible_proxy,0.0,0.0,0.0,2874.0,2874.0,2874.0,0.0
211176,Senador La Rocque,MA,eligible_proxy,0.0,0.0,0.0,2874.0,2874.0,2874.0,0.0
211172,Satubinha,MA,eligible_proxy,0.0,0.0,0.0,2874.0,2874.0,2874.0,0.0
211170,São Vicente Ferrer,MA,eligible_proxy,0.0,0.0,0.0,2874.0,2874.0,2874.0,0.0
211167,São Roberto,MA,eligible_proxy,0.0,0.0,0.0,2874.0,2874.0,2874.0,0.0
211160,São Raimundo das Mangabeiras,MA,eligible_proxy,0.0,0.0,0.0,2874.0,2874.0,2874.0,0.0
211157,São Pedro dos Crentes,MA,eligible_proxy,0.0,0.0,0.0,2874.0,2874.0,2874.0,0.0
211153,São Pedro da Água Branca,MA,eligible_proxy,0.0,0.0,0.0,2874.0,2874.0,2874.0,0.0
312950,Ibiá,MG,eligible_proxy,0.0,0.0,0.0,2874.0,2874.0,2874.0,0.0
312940,Ibertioga,MG,eligible_proxy,0.0,0.0,0.0,2874.0,2874.0,2874.0,0.0
312930,Iapu,MG,eligible_proxy,0.0,0.0,0.0,2874.0,2874.0,2874.0,0.0
312920,Heliodora,MG,eligible_proxy,0.0,0.0,0.0,2874.0,2874.0,2874.0,0.0
312910,Gurinhatã,MG,eligible_proxy,0.0,0.0,0.0,2874.0,2874.0,2874.0,0.0
312900,Guiricema,MG,eligible_proxy,0.0,0.0,0.0,2874.0,2874.0,2874.0,0.0
312890,Guimarânia,MG,eligible_proxy,0.0,0.0,0.0,2874.0,2874.0,2874.0,0.0
312880,Guidoval,MG,eligible_proxy,0.0,0.0,0.0,2874.0,2874.0,2874.0,0.0
312860,Guarda-Mor,MG,eligible_proxy,0.0,0.0,0.0,2874.0,2874.0,2874.0,0.0
312850,Guarará,MG,eligible_proxy,0.0,0.0,0.0,2874.0,2874.0,2874.0,0.0
312840,Guarani,MG,eligible_proxy,0.0,0.0,0.0,2874.0,2874.0,2874.0,0.0
312830,Guaranésia,MG,eligible_proxy,0.0,0.0,0.0,2874.0,2874.0,2874.0,0.0
312825,Guaraciama,MG,eligible_proxy,0.0,0.0,0.0,2874.0,2874.0,2874.0,0.0
312820,Guaraciaba,MG,eligible_proxy,0.0,0.0,0.0,2874.0,2874.0,2874.0,0.0
312810,Guapé,MG,eligible_proxy,0.0,0.0,0.0,2874.0,2874.0,2874.0,0.0
312800,Guanhães,MG,eligible_proxy,0.0,0.0,0.0,2874.0,2874.0,2874.0,0.0
313090,Inhapim,MG,eligible_proxy,0.0,0.0,0.0,2874.0,2874.0,2874.0,0.0
313080,Ingaí,MG,eligible_proxy,0.0,0.0,0.0,2874.0,2874.0,2874.0,0.0
313070,Indianópolis,MG,eligible_proxy,0.0,0.0,0.0,2874.0,2874.0,2874.0,0.0
313060,Inconfidentes,MG,eligible_proxy,0.0,0.0,0.0,2874.0,2874.0,2874.0,0.0
313055,Imbé de Minas,MG,eligible_proxy,0.0,0.0,0.0,2874.0,2874.0,2874.0,0.0
313050,Ilicínea,MG,eligible_proxy,0.0,0.0,0.0,2874.0,2874.0,2874.0,0.0
313040,Ijaci,MG,eligible_proxy,0.0,0.0,0.0,2874.0,2874.0,2874.0,0.0
313030,Iguatama,MG,eligible_proxy,0.0,0.0,0.0,2874.0,2874.0,2874.0,0.0
313020,Igaratinga,MG,eligible_proxy,0.0,0.0,0.0,2874.0,2874.0,2874.0,0.0
313010,Igarapé,MG,eligible_proxy,0.0,0.0,0.0,2874.0,2874.0,2874.0,0.0
313005,Icaraí de Minas,MG,eligible_proxy,0.0,0.0,0.0,2874.0,2874.0,2874.0,0.0
313000,Ibituruna,MG,eligible_proxy,0.0,0.0,0.0,2874.0,2874.0,2874.0,0.0
312990,Ibitiúra de Minas,MG,eligible_proxy,0.0,0.0,0.0,2874.0,2874.0,2874.0,0.0
312970,Ibiraci,MG,eligible_proxy,0.0,0.0,0.0,2874.0,2874.0,2874.0,0.0
312965,Ibiracatu,MG,eligible_proxy,0.0,0.0,0.0,2874.0,2874.0,2874.0,0.0
312960,Ibiaí,MG,eligible_proxy,0.0,0.0,0.0,2874.0,2874.0,2874.0,0.0
313220,Itaguara,MG,eligible_proxy,0.0,0.0,0.0,2874.0,2874.0,2874.0,0.0
313210,Itacarambi,MG,eligible_proxy,0.0,0.0,0.0,2874.0,2874.0,2874.0,0.0
313200,Itacambira,MG,eligible_proxy,0.0,0.0,0.0,2874.0,2874.0,2874.0,0.0
313190,Itabirito,MG,eligible_proxy,0.0,0.0,0.0,2874.0,2874.0,2874.0,0.0
313180,Itabirinha,MG,eligible_proxy,0.0,0.0,0.0,2874.0,2874.0,2874.0,0.0
313170,Itabira,MG,eligible_proxy,0.0,0.0,0.0,2874.0,2874.0,2874.0,0.0
313150,Ipuiúna,MG,eligible_proxy,0.0,0.0,0.0,2874.0,2874.0,2874.0,0.0
313140,Ipiaçu,MG,eligible_proxy,0.0,0.0,0.0,2874.0,2874.0,2874.0,0.0
313120,Ipanema,MG,eligible_proxy,0.0,0.0,0.0,2874.0,2874.0,2874.0,0.0
313115,Ipaba,MG,eligible_proxy,0.0,0.0,0.0,2874.0,2874.0,2874.0,0.0
160050,Oiapoque,AP,eligible_proxy,0.0,0.0,0.0,2874.0,2874.0,2874.0,0.0
160030,Macapá,AP,eligible_proxy,0.0,0.0,0.0,2874.0,2874.0,2874.0,0.0
160027,Laranjal do Jari,AP,eligible_proxy,0.0,0.0,0.0,2874.0,2874.0,2874.0,0.0
150840,Xinguara,PA,eligible_proxy,0.0,0.0,0.0,2874.0,2874.0,2874.0,0.0
313110,Inimutaba,MG,eligible_proxy,0.0,0.0,0.0,2874.0,2874.0,2874.0,0.0
313100,Inhaúma,MG,eligible_proxy,0.0,0.0,0.0,2874.0,2874.0,2874.0,0.0
313375,Itaú de Minas,MG,eligible_proxy,0.0,0.0,0.0,2874.0,2874.0,2874.0,0.0
313370,Itatiaiuçu,MG,eligible_proxy,0.0,0.0,0.0,2874.0,2874.0,2874.0,0.0
313360,Itapeva,MG,eligible_proxy,0.0,0.0,0.0,2874.0,2874.0,2874.0,0.0
313350,Itapecerica,MG,eligible_proxy,0.0,0.0,0.0,2874.0,2874.0,2874.0,0.0
313340,Itapagipe,MG,eligible_proxy,0.0,0.0,0.0,2874.0,2874.0,2874.0,0.0
313330,Itaobim,MG,eligible_proxy,0.0,0.0,0.0,2874.0,2874.0,2874.0,0.0
313320,Itanhomi,MG,eligible_proxy,0.0,0.0,0.0,2874.0,2874.0,2874.0,0.0
313310,Itanhandu,MG,eligible_proxy,0.0,0.0,0.0,2874.0,2874.0,2874.0,0.0
313300,Itamonte,MG,eligible_proxy,0.0,0.0,0.0,2874.0,2874.0,2874.0,0.0
313290,Itamogi,MG,eligible_proxy,0.0,0.0,0.0,2874.0,2874.0,2874.0,0.0
313280,Itambé do Mato Dentro,MG,eligible_proxy,0.0,0.0,0.0,2874.0,2874.0,2874.0,0.0
313270,Itambacuri,MG,eligible_proxy,0.0,0.0,0.0,2874.0,2874.0,2874.0,0.0
313260,Itamarati de Minas,MG,eligible_proxy,0.0,0.0,0.0,2874.0,2874.0,2874.0,0.0
313250,Itamarandiba,MG,eligible_proxy,0.0,0.0,0.0,2874.0,2874.0,2874.0,0.0
313240,Itajubá,MG,eligible_proxy,0.0,0.0,0.0,2874.0,2874.0,2874.0,0.0
313230,Itaipé,MG,eligible_proxy,0.0,0.0,0.0,2874.0,2874.0,2874.0,0.0
313550,Jequeri,MG,eligible_proxy,0.0,0.0,0.0,2874.0,2874.0,2874.0,0.0
313545,Jenipapo de Minas,MG,eligible_proxy,0.0,0.0,0.0,2874.0,2874.0,2874.0,0.0
313540,Jeceaba,MG,eligible_proxy,0.0,0.0,0.0,2874.0,2874.0,2874.0,0.0
313535,Japonvar,MG,eligible_proxy,0.0,0.0,0.0,2874.0,2874.0,2874.0,0.0
313530,Japaraíba,MG,eligible_proxy,0.0,0.0,0.0,2874.0,2874.0,2874.0,0.0
313520,Januária,MG,eligible_proxy,0.0,0.0,0.0,2874.0,2874.0,2874.0,0.0
313510,Janaúba,MG,eligible_proxy,0.0,0.0,0.0,2874.0,2874.0,2874.0,0.0
313507,Jampruca,MG,eligible_proxy,0.0,0.0,0.0,2874.0,2874.0,2874.0,0.0
313505,Jaíba,MG,eligible_proxy,0.0,0.0,0.0,2874.0,2874.0,2874.0,0.0
313480,Jacuí,MG,eligible_proxy,0.0,0.0,0.0,2874.0,2874.0,2874.0,0.0
313470,Jacinto,MG,eligible_proxy,0.0,0.0,0.0,2874.0,2874.0,2874.0,0.0
313450,Itutinga,MG,eligible_proxy,0.0,0.0,0.0,2874.0,2874.0,2874.0,0.0
313430,Itumirim,MG,eligible_proxy,0.0,0.0,0.0,2874.0,2874.0,2874.0,0.0
313410,Itueta,MG,eligible_proxy,0.0,0.0,0.0,2874.0,2874.0,2874.0,0.0
313400,Itinga,MG,eligible_proxy,0.0,0.0,0.0,2874.0,2874.0,2874.0,0.0
313390,Itaverava,MG,eligible_proxy,0.0,0.0,0.0,2874.0,2874.0,2874.0,0.0
313690,Juruaia,MG,eligible_proxy,0.0,0.0,0.0,2874.0,2874.0,2874.0,0.0
313670,Juiz de Fora,MG,eligible_proxy,0.0,0.0,0.0,2874.0,2874.0,2874.0,0.0
313665,Juatuba,MG,eligible_proxy,0.0,0.0,0.0,2874.0,2874.0,2874.0,0.0
313660,Nova União,MG,eligible_proxy,0.0,0.0,0.0,2874.0,2874.0,2874.0,0.0
313657,Josenópolis,MG,eligible_proxy,0.0,0.0,0.0,2874.0,2874.0,2874.0,0.0
313655,José Raydan,MG,eligible_proxy,0.0,0.0,0.0,2874.0,2874.0,2874.0,0.0
313652,José Gonçalves de Minas,MG,eligible_proxy,0.0,0.0,0.0,2874.0,2874.0,2874.0,0.0
313650,Jordânia,MG,eligible_proxy,0.0,0.0,0.0,2874.0,2874.0,2874.0,0.0
313640,Joaquim Felício,MG,eligible_proxy,0.0,0.0,0.0,2874.0,2874.0,2874.0,0.0
313630,João Pinheiro,MG,eligible_proxy,0.0,0.0,0.0,2874.0,2874.0,2874.0,0.0
313610,Joanésia,MG,eligible_proxy,0.0,0.0,0.0,2874.0,2874.0,2874.0,0.0
313600,Joaíma,MG,eligible_proxy,0.0,0.0,0.0,2874.0,2874.0,2874.0,0.0
313590,Jesuânia,MG,eligible_proxy,0.0,0.0,0.0,2874.0,2874.0,2874.0,0.0
313580,Jequitinhonha,MG,eligible_proxy,0.0,0.0,0.0,2874.0,2874.0,2874.0,0.0
313570,Jequitibá,MG,eligible_proxy,0.0,0.0,0.0,2874.0,2874.0,2874.0,0.0
313560,Jequitaí,MG,eligible_proxy,0.0,0.0,0.0,2874.0,2874.0,2874.0,0.0
313840,Leopoldina,MG,eligible_proxy,0.0,0.0,0.0,2874.0,2874.0,2874.0,0.0
313835,Leme do Prado,MG,eligible_proxy,0.0,0.0,0.0,2874.0,2874.0,2874.0,0.0
313830,Leandro Ferreira,MG,eligible_proxy,0.0,0.0,0.0,2874.0,2874.0,2874.0,0.0
313810,Lassance,MG,eligible_proxy,0.0,0.0,0.0,2874.0,2874.0,2874.0,0.0
313800,Laranjal,MG,eligible_proxy,0.0,0.0,0.0,2874.0,2874.0,2874.0,0.0
313790,Lamim,MG,eligible_proxy,0.0,0.0,0.0,2874.0,2874.0,2874.0,0.0
313780,Lambari,MG,eligible_proxy,0.0,0.0,0.0,2874.0,2874.0,2874.0,0.0
313770,Lajinha,MG,eligible_proxy,0.0,0.0,0.0,2874.0,2874.0,2874.0,0.0
313760,Lagoa Santa,MG,eligible_proxy,0.0,0.0,0.0,2874.0,2874.0,2874.0,0.0
313753,Lagoa Grande,MG,eligible_proxy,0.0,0.0,0.0,2874.0,2874.0,2874.0,0.0
313750,Lagoa Formosa,MG,eligible_proxy,0.0,0.0,0.0,2874.0,2874.0,2874.0,0.0
313740,Lagoa Dourada,MG,eligible_proxy,0.0,0.0,0.0,2874.0,2874.0,2874.0,0.0
313730,Lagoa dos Patos,MG,eligible_proxy,0.0,0.0,0.0,2874.0,2874.0,2874.0,0.0
313710,Lagamar,MG,eligible_proxy,0.0,0.0,0.0,2874.0,2874.0,2874.0,0.0
313700,Ladainha,MG,eligible_proxy,0.0,0.0,0.0,2874.0,2874.0,2874.0,0.0
313695,Juvenília,MG,eligible_proxy,0.0,0.0,0.0,2874.0,2874.0,2874.0,0.0
313970,Maravilhas,MG,eligible_proxy,0.0,0.0,0.0,2874.0,2874.0,2874.0,0.0
313960,Mantena,MG,eligible_proxy,0.0,0.0,0.0,2874.0,2874.0,2874.0,0.0
313950,Manhumirim,MG,eligible_proxy,0.0,0.0,0.0,2874.0,2874.0,2874.0,0.0
313930,Manga,MG,eligible_proxy,0.0,0.0,0.0,2874.0,2874.0,2874.0,0.0
313925,Mamonas,MG,eligible_proxy,0.0,0.0,0.0,2874.0,2874.0,2874.0,0.0
313920,Malacacheta,MG,eligible_proxy,0.0,0.0,0.0,2874.0,2874.0,2874.0,0.0
313910,Madre de Deus de Minas,MG,eligible_proxy,0.0,0.0,0.0,2874.0,2874.0,2874.0,0.0
313890,Machacalis,MG,eligible_proxy,0.0,0.0,0.0,2874.0,2874.0,2874.0,0.0
313880,Luz,MG,eligible_proxy,0.0,0.0,0.0,2874.0,2874.0,2874.0,0.0
313870,Luminárias,MG,eligible_proxy,0.0,0.0,0.0,2874.0,2874.0,2874.0,0.0
313868,Luislândia,MG,eligible_proxy,0.0,0.0,0.0,2874.0,2874.0,2874.0,0.0
313867,Luisburgo,MG,eligible_proxy,0.0,0.0,0.0,2874.0,2874.0,2874.0,0.0
313865,Lontra,MG,eligible_proxy,0.0,0.0,0.0,2874.0,2874.0,2874.0,0.0
313862,Limeira do Oeste,MG,eligible_proxy,0.0,0.0,0.0,2874.0,2874.0,2874.0,0.0
313860,Lima Duarte,MG,eligible_proxy,0.0,0.0,0.0,2874.0,2874.0,2874.0,0.0
313850,Liberdade,MG,eligible_proxy,0.0,0.0,0.0,2874.0,2874.0,2874.0,0.0
314120,Matutina,MG,eligible_proxy,0.0,0.0,0.0,2874.0,2874.0,2874.0,0.0
314100,Mato Verde,MG,eligible_proxy,0.0,0.0,0.0,2874.0,2874.0,2874.0,0.0
314090,Matipó,MG,eligible_proxy,0.0,0.0,0.0,2874.0,2874.0,2874.0,0.0
314085,Matias Cardoso,MG,eligible_proxy,0.0,0.0,0.0,2874.0,2874.0,2874.0,0.0
314080,Matias Barbosa,MG,eligible_proxy,0.0,0.0,0.0,2874.0,2874.0,2874.0,0.0
314070,Mateus Leme,MG,eligible_proxy,0.0,0.0,0.0,2874.0,2874.0,2874.0,0.0
314060,Materlândia,MG,eligible_proxy,0.0,0.0,0.0,2874.0,2874.0,2874.0,0.0
314055,Mata Verde,MG,eligible_proxy,0.0,0.0,0.0,2874.0,2874.0,2874.0,0.0
314053,Martins Soares,MG,eligible_proxy,0.0,0.0,0.0,2874.0,2874.0,2874.0,0.0
314050,Martinho Campos,MG,eligible_proxy,0.0,0.0,0.0,2874.0,2874.0,2874.0,0.0
314040,Marmelópolis,MG,eligible_proxy,0.0,0.0,0.0,2874.0,2874.0,2874.0,0.0
314030,Marliéria,MG,eligible_proxy,0.0,0.0,0.0,2874.0,2874.0,2874.0,0.0
314015,Mário Campos,MG,eligible_proxy,0.0,0.0,0.0,2874.0,2874.0,2874.0,0.0
314010,Marilac,MG,eligible_proxy,0.0,0.0,0.0,2874.0,2874.0,2874.0,0.0
313990,Maria da Fé,MG,eligible_proxy,0.0,0.0,0.0,2874.0,2874.0,2874.0,0.0
313980,Mar de Espanha,MG,eligible_proxy,0.0,0.0,0.0,2874.0,2874.0,2874.0,0.0
314290,Monte Azul,MG,eligible_proxy,0.0,0.0,0.0,2874.0,2874.0,2874.0,0.0
314280,Monte Alegre de Minas,MG,eligible_proxy,0.0,0.0,0.0,2874.0,2874.0,2874.0,0.0
314270,Montalvânia,MG,eligible_proxy,0.0,0.0,0.0,2874.0,2874.0,2874.0,0.0
314260,Monsenhor Paulo,MG,eligible_proxy,0.0,0.0,0.0,2874.0,2874.0,2874.0,0.0
314240,Moema,MG,eligible_proxy,0.0,0.0,0.0,2874.0,2874.0,2874.0,0.0
314230,Moeda,MG,eligible_proxy,0.0,0.0,0.0,2874.0,2874.0,2874.0,0.0
314225,Miravânia,MG,eligible_proxy,0.0,0.0,0.0,2874.0,2874.0,2874.0,0.0
314220,Miraí,MG,eligible_proxy,0.0,0.0,0.0,2874.0,2874.0,2874.0,0.0
314210,Miradouro,MG,eligible_proxy,0.0,0.0,0.0,2874.0,2874.0,2874.0,0.0
314200,Mirabela,MG,eligible_proxy,0.0,0.0,0.0,2874.0,2874.0,2874.0,0.0
314180,Minas Novas,MG,eligible_proxy,0.0,0.0,0.0,2874.0,2874.0,2874.0,0.0
314170,Mesquita,MG,eligible_proxy,0.0,0.0,0.0,2874.0,2874.0,2874.0,0.0
314160,Mercês,MG,eligible_proxy,0.0,0.0,0.0,2874.0,2874.0,2874.0,0.0
314150,Mendes Pimentel,MG,eligible_proxy,0.0,0.0,0.0,2874.0,2874.0,2874.0,0.0
314140,Medina,MG,eligible_proxy,0.0,0.0,0.0,2874.0,2874.0,2874.0,0.0
314130,Medeiros,MG,eligible_proxy,0.0,0.0,0.0,2874.0,2874.0,2874.0,0.0
314430,Nanuque,MG,eligible_proxy,0.0,0.0,0.0,2874.0,2874.0,2874.0,0.0
314420,Nacip Raydan,MG,eligible_proxy,0.0,0.0,0.0,2874.0,2874.0,2874.0,0.0
314410,Muzambinho,MG,eligible_proxy,0.0,0.0,0.0,2874.0,2874.0,2874.0,0.0
314400,Mutum,MG,eligible_proxy,0.0,0.0,0.0,2874.0,2874.0,2874.0,0.0
314390,Muriaé,MG,eligible_proxy,0.0,0.0,0.0,2874.0,2874.0,2874.0,0.0
314380,Munhoz,MG,eligible_proxy,0.0,0.0,0.0,2874.0,2874.0,2874.0,0.0
314370,Morro do Pilar,MG,eligible_proxy,0.0,0.0,0.0,2874.0,2874.0,2874.0,0.0
314360,Morro da Garça,MG,eligible_proxy,0.0,0.0,0.0,2874.0,2874.0,2874.0,0.0
314350,Morada Nova de Minas,MG,eligible_proxy,0.0,0.0,0.0,2874.0,2874.0,2874.0,0.0
314345,Montezuma,MG,eligible_proxy,0.0,0.0,0.0,2874.0,2874.0,2874.0,0.0
314340,Monte Sião,MG,eligible_proxy,0.0,0.0,0.0,2874.0,2874.0,2874.0,0.0
314330,Montes Claros,MG,eligible_proxy,0.0,0.0,0.0,2874.0,2874.0,2874.0,0.0
314320,Monte Santo de Minas,MG,eligible_proxy,0.0,0.0,0.0,2874.0,2874.0,2874.0,0.0
314315,Monte Formoso,MG,eligible_proxy,0.0,0.0,0.0,2874.0,2874.0,2874.0,0.0
314310,Monte Carmelo,MG,eligible_proxy,0.0,0.0,0.0,2874.0,2874.0,2874.0,0.0
314300,Monte Belo,MG,eligible_proxy,0.0,0.0,0.0,2874.0,2874.0,2874.0,0.0
314540,Olaria,MG,eligible_proxy,0.0,0.0,0.0,2874.0,2874.0,2874.0,0.0
314537,Novorizonte,MG,eligible_proxy,0.0,0.0,0.0,2874.0,2874.0,2874.0,0.0
314535,Novo Oriente de Minas,MG,eligible_proxy,0.0,0.0,0.0,2874.0,2874.0,2874.0,0.0
314530,Novo Cruzeiro,MG,eligible_proxy,0.0,0.0,0.0,2874.0,2874.0,2874.0,0.0
314510,Nova Resende,MG,eligible_proxy,0.0,0.0,0.0,2874.0,2874.0,2874.0,0.0
314505,Nova Porteirinha,MG,eligible_proxy,0.0,0.0,0.0,2874.0,2874.0,2874.0,0.0
314500,Nova Ponte,MG,eligible_proxy,0.0,0.0,0.0,2874.0,2874.0,2874.0,0.0
314490,Nova Módica,MG,eligible_proxy,0.0,0.0,0.0,2874.0,2874.0,2874.0,0.0
314470,Nova Era,MG,eligible_proxy,0.0,0.0,0.0,2874.0,2874.0,2874.0,0.0
314467,Nova Belém,MG,eligible_proxy,0.0,0.0,0.0,2874.0,2874.0,2874.0,0.0
314465,Ninheira,MG,eligible_proxy,0.0,0.0,0.0,2874.0,2874.0,2874.0,0.0
314460,Nepomuceno,MG,eligible_proxy,0.0,0.0,0.0,2874.0,2874.0,2874.0,0.0
314450,Nazareno,MG,eligible_proxy,0.0,0.0,0.0,2874.0,2874.0,2874.0,0.0
314440,Natércia,MG,eligible_proxy,0.0,0.0,0.0,2874.0,2874.0,2874.0,0.0
314437,Natalândia,MG,eligible_proxy,0.0,0.0,0.0,2874.0,2874.0,2874.0,0.0
314435,Naque,MG,eligible_proxy,0.0,0.0,0.0,2874.0,2874.0,2874.0,0.0
314660,Paiva,MG,eligible_proxy,0.0,0.0,0.0,2874.0,2874.0,2874.0,0.0
314655,Pai Pedro,MG,eligible_proxy,0.0,0.0,0.0,2874.0,2874.0,2874.0,0.0
314650,Pains,MG,eligible_proxy,0.0,0.0,0.0,2874.0,2874.0,2874.0,0.0
314640,Paineiras,MG,eligible_proxy,0.0,0.0,0.0,2874.0,2874.0,2874.0,0.0
314630,Padre Paraíso,MG,eligible_proxy,0.0,0.0,0.0,2874.0,2874.0,2874.0,0.0
314625,Padre Carvalho,MG,eligible_proxy,0.0,0.0,0.0,2874.0,2874.0,2874.0,0.0
314620,Ouro Verde de Minas,MG,eligible_proxy,0.0,0.0,0.0,2874.0,2874.0,2874.0,0.0
314610,Ouro Preto,MG,eligible_proxy,0.0,0.0,0.0,2874.0,2874.0,2874.0,0.0
314590,Ouro Branco,MG,eligible_proxy,0.0,0.0,0.0,2874.0,2874.0,2874.0,0.0
314587,Orizânia,MG,eligible_proxy,0.0,0.0,0.0,2874.0,2874.0,2874.0,0.0
314585,Oratórios,MG,eligible_proxy,0.0,0.0,0.0,2874.0,2874.0,2874.0,0.0
314580,Onça de Pitangui,MG,eligible_proxy,0.0,0.0,0.0,2874.0,2874.0,2874.0,0.0
314570,Oliveira Fortes,MG,eligible_proxy,0.0,0.0,0.0,2874.0,2874.0,2874.0,0.0
314560,Oliveira,MG,eligible_proxy,0.0,0.0,0.0,2874.0,2874.0,2874.0,0.0
314550,Olímpio Noronha,MG,eligible_proxy,0.0,0.0,0.0,2874.0,2874.0,2874.0,0.0
314545,Olhos-d'Água,MG,eligible_proxy,0.0,0.0,0.0,2874.0,2874.0,2874.0,0.0
314860,Peçanha,MG,eligible_proxy,0.0,0.0,0.0,2874.0,2874.0,2874.0,0.0
314850,Pavão,MG,eligible_proxy,0.0,0.0,0.0,2874.0,2874.0,2874.0,0.0
314840,Paulistas,MG,eligible_proxy,0.0,0.0,0.0,2874.0,2874.0,2874.0,0.0
314830,Paula Cândido,MG,eligible_proxy,0.0,0.0,0.0,2874.0,2874.0,2874.0,0.0
314820,Patrocínio do Muriaé,MG,eligible_proxy,0.0,0.0,0.0,2874.0,2874.0,2874.0,0.0
314795,Patis,MG,eligible_proxy,0.0,0.0,0.0,2874.0,2874.0,2874.0,0.0
314780,Passa Vinte,MG,eligible_proxy,0.0,0.0,0.0,2874.0,2874.0,2874.0,0.0
314770,Passa Tempo,MG,eligible_proxy,0.0,0.0,0.0,2874.0,2874.0,2874.0,0.0
314760,Passa Quatro,MG,eligible_proxy,0.0,0.0,0.0,2874.0,2874.0,2874.0,0.0
314750,Passabém,MG,eligible_proxy,0.0,0.0,0.0,2874.0,2874.0,2874.0,0.0
314730,Paraisópolis,MG,eligible_proxy,0.0,0.0,0.0,2874.0,2874.0,2874.0,0.0
314720,Paraguaçu,MG,eligible_proxy,0.0,0.0,0.0,2874.0,2874.0,2874.0,0.0
314710,Pará de Minas,MG,eligible_proxy,0.0,0.0,0.0,2874.0,2874.0,2874.0,0.0
314690,Papagaios,MG,eligible_proxy,0.0,0.0,0.0,2874.0,2874.0,2874.0,0.0
314675,Palmópolis,MG,eligible_proxy,0.0,0.0,0.0,2874.0,2874.0,2874.0,0.0
314670,Palma,MG,eligible_proxy,0.0,0.0,0.0,2874.0,2874.0,2874.0,0.0
315000,Pescador,MG,eligible_proxy,0.0,0.0,0.0,2874.0,2874.0,2874.0,0.0
314995,Periquito,MG,eligible_proxy,0.0,0.0,0.0,2874.0,2874.0,2874.0,0.0
314990,Perdões,MG,eligible_proxy,0.0,0.0,0.0,2874.0,2874.0,2874.0,0.0
314980,Perdizes,MG,eligible_proxy,0.0,0.0,0.0,2874.0,2874.0,2874.0,0.0
314970,Perdigão,MG,eligible_proxy,0.0,0.0,0.0,2874.0,2874.0,2874.0,0.0
314960,Pequi,MG,eligible_proxy,0.0,0.0,0.0,2874.0,2874.0,2874.0,0.0
314950,Pequeri,MG,eligible_proxy,0.0,0.0,0.0,2874.0,2874.0,2874.0,0.0
314940,Pedro Teixeira,MG,eligible_proxy,0.0,0.0,0.0,2874.0,2874.0,2874.0,0.0
314920,Pedrinópolis,MG,eligible_proxy,0.0,0.0,0.0,2874.0,2874.0,2874.0,0.0
314915,Pedras de Maria da Cruz,MG,eligible_proxy,0.0,0.0,0.0,2874.0,2874.0,2874.0,0.0
314910,Pedralva,MG,eligible_proxy,0.0,0.0,0.0,2874.0,2874.0,2874.0,0.0
314900,Pedra Dourada,MG,eligible_proxy,0.0,0.0,0.0,2874.0,2874.0,2874.0,0.0
314890,Pedra do Indaiá,MG,eligible_proxy,0.0,0.0,0.0,2874.0,2874.0,2874.0,0.0
314880,Pedra do Anta,MG,eligible_proxy,0.0,0.0,0.0,2874.0,2874.0,2874.0,0.0
314875,Pedra Bonita,MG,eligible_proxy,0.0,0.0,0.0,2874.0,2874.0,2874.0,0.0
314870,Pedra Azul,MG,eligible_proxy,0.0,0.0,0.0,2874.0,2874.0,2874.0,0.0
211065,São Domingos do Azeitão,MA,eligible_proxy,0.0,0.0,0.0,2874.0,2874.0,2874.0,0.0
211060,São Bernardo,MA,eligible_proxy,0.0,0.0,0.0,2874.0,2874.0,2874.0,0.0
211050,São Bento,MA,eligible_proxy,0.0,0.0,0.0,2874.0,2874.0,2874.0,0.0
211030,Santo Antônio dos Lopes,MA,eligible_proxy,0.0,0.0,0.0,2874.0,2874.0,2874.0,0.0
211027,Santo Amaro do Maranhão,MA,eligible_proxy,0.0,0.0,0.0,2874.0,2874.0,2874.0,0.0
315080,Piranga,MG,eligible_proxy,0.0,0.0,0.0,2874.0,2874.0,2874.0,0.0
315070,Pirajuba,MG,eligible_proxy,0.0,0.0,0.0,2874.0,2874.0,2874.0,0.0
315060,Piracema,MG,eligible_proxy,0.0,0.0,0.0,2874.0,2874.0,2874.0,0.0
315057,Pintópolis,MG,eligible_proxy,0.0,0.0,0.0,2874.0,2874.0,2874.0,0.0
315053,Pingo-d'Água,MG,eligible_proxy,0.0,0.0,0.0,2874.0,2874.0,2874.0,0.0
315050,Pimenta,MG,eligible_proxy,0.0,0.0,0.0,2874.0,2874.0,2874.0,0.0
315040,Piedade dos Gerais,MG,eligible_proxy,0.0,0.0,0.0,2874.0,2874.0,2874.0,0.0
315030,Piedade do Rio Grande,MG,eligible_proxy,0.0,0.0,0.0,2874.0,2874.0,2874.0,0.0
315020,Piedade de Ponte Nova,MG,eligible_proxy,0.0,0.0,0.0,2874.0,2874.0,2874.0,0.0
315015,Piedade de Caratinga,MG,eligible_proxy,0.0,0.0,0.0,2874.0,2874.0,2874.0,0.0
315010,Piau,MG,eligible_proxy,0.0,0.0,0.0,2874.0,2874.0,2874.0,0.0
315210,Ponte Nova,MG,eligible_proxy,0.0,0.0,0.0,2874.0,2874.0,2874.0,0.0
315190,Pocrane,MG,eligible_proxy,0.0,0.0,0.0,2874.0,2874.0,2874.0,0.0
315170,Poço Fundo,MG,eligible_proxy,0.0,0.0,0.0,2874.0,2874.0,2874.0,0.0
315150,Piumhi,MG,eligible_proxy,0.0,0.0,0.0,2874.0,2874.0,2874.0,0.0
315140,Pitangui,MG,eligible_proxy,0.0,0.0,0.0,2874.0,2874.0,2874.0,0.0
315130,Piraúba,MG,eligible_proxy,0.0,0.0,0.0,2874.0,2874.0,2874.0,0.0
315120,Pirapora,MG,eligible_proxy,0.0,0.0,0.0,2874.0,2874.0,2874.0,0.0
315110,Pirapetinga,MG,eligible_proxy,0.0,0.0,0.0,2874.0,2874.0,2874.0,0.0
315100,Piranguinho,MG,eligible_proxy,0.0,0.0,0.0,2874.0,2874.0,2874.0,0.0
315090,Piranguçu,MG,eligible_proxy,0.0,0.0,0.0,2874.0,2874.0,2874.0,0.0
211110,São João dos Patos,MA,eligible_proxy,0.0,0.0,0.0,2874.0,2874.0,2874.0,0.0
211105,São João do Paraíso,MA,eligible_proxy,0.0,0.0,0.0,2874.0,2874.0,2874.0,0.0
211102,São João do Carú,MA,eligible_proxy,0.0,0.0,0.0,2874.0,2874.0,2874.0,0.0
211100,São João Batista,MA,eligible_proxy,0.0,0.0,0.0,2874.0,2874.0,2874.0,0.0
211090,São Francisco do Maranhão,MA,eligible_proxy,0.0,0.0,0.0,2874.0,2874.0,2874.0,0.0
211070,São Domingos do Maranhão,MA,eligible_proxy,0.0,0.0,0.0,2874.0,2874.0,2874.0,0.0
315360,Prudente de Morais,MG,eligible_proxy,0.0,0.0,0.0,2874.0,2874.0,2874.0,0.0
315350,Alto Jequitibá,MG,eligible_proxy,0.0,0.0,0.0,2874.0,2874.0,2874.0,0.0
315340,Presidente Olegário,MG,eligible_proxy,0.0,0.0,0.0,2874.0,2874.0,2874.0,0.0
315330,Presidente Kubitschek,MG,eligible_proxy,0.0,0.0,0.0,2874.0,2874.0,2874.0,0.0
315320,Presidente Juscelino,MG,eligible_proxy,0.0,0.0,0.0,2874.0,2874.0,2874.0,0.0
315310,Presidente Bernardes,MG,eligible_proxy,0.0,0.0,0.0,2874.0,2874.0,2874.0,0.0
315300,Pratinha,MG,eligible_proxy,0.0,0.0,0.0,2874.0,2874.0,2874.0,0.0
315290,Pratápolis,MG,eligible_proxy,0.0,0.0,0.0,2874.0,2874.0,2874.0,0.0
315280,Prata,MG,eligible_proxy,0.0,0.0,0.0,2874.0,2874.0,2874.0,0.0
315270,Prados,MG,eligible_proxy,0.0,0.0,0.0,2874.0,2874.0,2874.0,0.0
315260,Pouso Alto,MG,eligible_proxy,0.0,0.0,0.0,2874.0,2874.0,2874.0,0.0
315240,Poté,MG,eligible_proxy,0.0,0.0,0.0,2874.0,2874.0,2874.0,0.0
315230,Porto Firme,MG,eligible_proxy,0.0,0.0,0.0,2874.0,2874.0,2874.0,0.0
315220,Porteirinha,MG,eligible_proxy,0.0,0.0,0.0,2874.0,2874.0,2874.0,0.0
315217,Ponto dos Volantes,MG,eligible_proxy,0.0,0.0,0.0,2874.0,2874.0,2874.0,0.0
315213,Ponto Chique,MG,eligible_proxy,0.0,0.0,0.0,2874.0,2874.0,2874.0,0.0
315550,Rio Paranaíba,MG,eligible_proxy,0.0,0.0,0.0,2874.0,2874.0,2874.0,0.0
315540,Rio Novo,MG,eligible_proxy,0.0,0.0,0.0,2874.0,2874.0,2874.0,0.0
315530,Rio Manso,MG,eligible_proxy,0.0,0.0,0.0,2874.0,2874.0,2874.0,0.0
315520,Rio Espera,MG,eligible_proxy,0.0,0.0,0.0,2874.0,2874.0,2874.0,0.0
315510,Rio do Prado,MG,eligible_proxy,0.0,0.0,0.0,2874.0,2874.0,2874.0,0.0
315500,Rio Doce,MG,eligible_proxy,0.0,0.0,0.0,2874.0,2874.0,2874.0,0.0
315490,Rio Casca,MG,eligible_proxy,0.0,0.0,0.0,2874.0,2874.0,2874.0,0.0
315470,Ribeirão Vermelho,MG,eligible_proxy,0.0,0.0,0.0,2874.0,2874.0,2874.0,0.0
315450,Riacho dos Machados,MG,eligible_proxy,0.0,0.0,0.0,2874.0,2874.0,2874.0,0.0
315445,Riachinho,MG,eligible_proxy,0.0,0.0,0.0,2874.0,2874.0,2874.0,0.0
315440,Ressaquinha,MG,eligible_proxy,0.0,0.0,0.0,2874.0,2874.0,2874.0,0.0
315420,Resende Costa,MG,eligible_proxy,0.0,0.0,0.0,2874.0,2874.0,2874.0,0.0
315415,Reduto,MG,eligible_proxy,0.0,0.0,0.0,2874.0,2874.0,2874.0,0.0
315410,Recreio,MG,eligible_proxy,0.0,0.0,0.0,2874.0,2874.0,2874.0,0.0
315400,Raul Soares,MG,eligible_proxy,0.0,0.0,0.0,2874.0,2874.0,2874.0,0.0
315370,Quartel Geral,MG,eligible_proxy,0.0,0.0,0.0,2874.0,2874.0,2874.0,0.0
315710,Salto da Divisa,MG,eligible_proxy,0.0,0.0,0.0,2874.0,2874.0,2874.0,0.0
315700,Salinas,MG,eligible_proxy,0.0,0.0,0.0,2874.0,2874.0,2874.0,0.0
315690,Sacramento,MG,eligible_proxy,0.0,0.0,0.0,2874.0,2874.0,2874.0,0.0
315680,Sabinópolis,MG,eligible_proxy,0.0,0.0,0.0,2874.0,2874.0,2874.0,0.0
315660,Rubim,MG,eligible_proxy,0.0,0.0,0.0,2874.0,2874.0,2874.0,0.0
315650,Rubelita,MG,eligible_proxy,0.0,0.0,0.0,2874.0,2874.0,2874.0,0.0
315645,Rosário da Limeira,MG,eligible_proxy,0.0,0.0,0.0,2874.0,2874.0,2874.0,0.0
315640,Romaria,MG,eligible_proxy,0.0,0.0,0.0,2874.0,2874.0,2874.0,0.0
315630,Rodeiro,MG,eligible_proxy,0.0,0.0,0.0,2874.0,2874.0,2874.0,0.0
315620,Rochedo de Minas,MG,eligible_proxy,0.0,0.0,0.0,2874.0,2874.0,2874.0,0.0
315610,Ritápolis,MG,eligible_proxy,0.0,0.0,0.0,2874.0,2874.0,2874.0,0.0
315600,Rio Vermelho,MG,eligible_proxy,0.0,0.0,0.0,2874.0,2874.0,2874.0,0.0
315590,Rio Preto,MG,eligible_proxy,0.0,0.0,0.0,2874.0,2874.0,2874.0,0.0
315580,Rio Pomba,MG,eligible_proxy,0.0,0.0,0.0,2874.0,2874.0,2874.0,0.0
315570,Rio Piracicaba,MG,eligible_proxy,0.0,0.0,0.0,2874.0,2874.0,2874.0,0.0
315560,Rio Pardo de Minas,MG,eligible_proxy,0.0,0.0,0.0,2874.0,2874.0,2874.0,0.0
315810,Santa Maria do Salto,MG,eligible_proxy,0.0,0.0,0.0,2874.0,2874.0,2874.0,0.0
315800,Santa Maria de Itabira,MG,eligible_proxy,0.0,0.0,0.0,2874.0,2874.0,2874.0,0.0
315790,Santa Margarida,MG,eligible_proxy,0.0,0.0,0.0,2874.0,2874.0,2874.0,0.0
150830,Viseu,PA,eligible_proxy,0.0,0.0,0.0,2874.0,2874.0,2874.0,0.0
150812,Ulianópolis,PA,eligible_proxy,0.0,0.0,0.0,2874.0,2874.0,2874.0,0.0
150796,Terra Alta,PA,eligible_proxy,0.0,0.0,0.0,2874.0,2874.0,2874.0,0.0
150775,Sapucaia,PA,eligible_proxy,0.0,0.0,0.0,2874.0,2874.0,2874.0,0.0
315765,Santa Helena de Minas,MG,eligible_proxy,0.0,0.0,0.0,2874.0,2874.0,2874.0,0.0
315750,Santa Efigênia de Minas,MG,eligible_proxy,0.0,0.0,0.0,2874.0,2874.0,2874.0,0.0
315740,Santa Cruz do Escalvado,MG,eligible_proxy,0.0,0.0,0.0,2874.0,2874.0,2874.0,0.0
315737,Santa Cruz de Salinas,MG,eligible_proxy,0.0,0.0,0.0,2874.0,2874.0,2874.0,0.0
315733,Santa Cruz de Minas,MG,eligible_proxy,0.0,0.0,0.0,2874.0,2874.0,2874.0,0.0
315730,Santa Bárbara do Tugúrio,MG,eligible_proxy,0.0,0.0,0.0,2874.0,2874.0,2874.0,0.0
315727,Santa Bárbara do Monte Verde,MG,eligible_proxy,0.0,0.0,0.0,2874.0,2874.0,2874.0,0.0
315725,Santa Bárbara do Leste,MG,eligible_proxy,0.0,0.0,0.0,2874.0,2874.0,2874.0,0.0
315720,Santa Bárbara,MG,eligible_proxy,0.0,0.0,0.0,2874.0,2874.0,2874.0,0.0
315970,Santa Rosa da Serra,MG,eligible_proxy,0.0,0.0,0.0,2874.0,2874.0,2874.0,0.0
315960,Santa Rita do Sapucaí,MG,eligible_proxy,0.0,0.0,0.0,2874.0,2874.0,2874.0,0.0
315950,Santa Rita do Itueto,MG,eligible_proxy,0.0,0.0,0.0,2874.0,2874.0,2874.0,0.0
315940,Santa Rita de Ibitipoca,MG,eligible_proxy,0.0,0.0,0.0,2874.0,2874.0,2874.0,0.0
315935,Santa Rita de Minas,MG,eligible_proxy,0.0,0.0,0.0,2874.0,2874.0,2874.0,0.0
315930,Santa Rita de Jacutinga,MG,eligible_proxy,0.0,0.0,0.0,2874.0,2874.0,2874.0,0.0
315920,Santa Rita de Caldas,MG,eligible_proxy,0.0,0.0,0.0,2874.0,2874.0,2874.0,0.0
315910,Santana dos Montes,MG,eligible_proxy,0.0,0.0,0.0,2874.0,2874.0,2874.0,0.0
315900,Santana do Riacho,MG,eligible_proxy,0.0,0.0,0.0,2874.0,2874.0,2874.0,0.0
315890,Santana do Manhuaçu,MG,eligible_proxy,0.0,0.0,0.0,2874.0,2874.0,2874.0,0.0
315880,Santana do Jacaré,MG,eligible_proxy,0.0,0.0,0.0,2874.0,2874.0,2874.0,0.0
315870,Santana do Garambéu,MG,eligible_proxy,0.0,0.0,0.0,2874.0,2874.0,2874.0,0.0
315860,Santana do Deserto,MG,eligible_proxy,0.0,0.0,0.0,2874.0,2874.0,2874.0,0.0
315850,Santana de Pirapama,MG,eligible_proxy,0.0,0.0,0.0,2874.0,2874.0,2874.0,0.0
315830,Santana da Vargem,MG,eligible_proxy,0.0,0.0,0.0,2874.0,2874.0,2874.0,0.0
315820,Santa Maria do Suaçuí,MG,eligible_proxy,0.0,0.0,0.0,2874.0,2874.0,2874.0,0.0
316105,São Félix de Minas,MG,eligible_proxy,0.0,0.0,0.0,2874.0,2874.0,2874.0,0.0
316100,São Domingos do Prata,MG,eligible_proxy,0.0,0.0,0.0,2874.0,2874.0,2874.0,0.0
316095,São Domingos das Dores,MG,eligible_proxy,0.0,0.0,0.0,2874.0,2874.0,2874.0,0.0
316090,São Brás do Suaçuí,MG,eligible_proxy,0.0,0.0,0.0,2874.0,2874.0,2874.0,0.0
316080,São Bento Abade,MG,eligible_proxy,0.0,0.0,0.0,2874.0,2874.0,2874.0,0.0
316070,Santos Dumont,MG,eligible_proxy,0.0,0.0,0.0,2874.0,2874.0,2874.0,0.0
316060,Santo Hipólito,MG,eligible_proxy,0.0,0.0,0.0,2874.0,2874.0,2874.0,0.0
316050,Santo Antônio do Rio Abaixo,MG,eligible_proxy,0.0,0.0,0.0,2874.0,2874.0,2874.0,0.0
316045,Santo Antônio do Retiro,MG,eligible_proxy,0.0,0.0,0.0,2874.0,2874.0,2874.0,0.0
316040,Santo Antônio do Monte,MG,eligible_proxy,0.0,0.0,0.0,2874.0,2874.0,2874.0,0.0
316030,Santo Antônio do Jacinto,MG,eligible_proxy,0.0,0.0,0.0,2874.0,2874.0,2874.0,0.0
316020,Santo Antônio do Itambé,MG,eligible_proxy,0.0,0.0,0.0,2874.0,2874.0,2874.0,0.0
316010,Santo Antônio do Grama,MG,eligible_proxy,0.0,0.0,0.0,2874.0,2874.0,2874.0,0.0
316000,Santo Antônio do Aventureiro,MG,eligible_proxy,0.0,0.0,0.0,2874.0,2874.0,2874.0,0.0
315990,Santo Antônio do Amparo,MG,eligible_proxy,0.0,0.0,0.0,2874.0,2874.0,2874.0,0.0
315980,Santa Vitória,MG,eligible_proxy,0.0,0.0,0.0,2874.0,2874.0,2874.0,0.0
316240,São João da Ponte,MG,eligible_proxy,0.0,0.0,0.0,2874.0,2874.0,2874.0,0.0
316230,São João da Mata,MG,eligible_proxy,0.0,0.0,0.0,2874.0,2874.0,2874.0,0.0
316225,São João da Lagoa,MG,eligible_proxy,0.0,0.0,0.0,2874.0,2874.0,2874.0,0.0
316220,São João Batista do Glória,MG,eligible_proxy,0.0,0.0,0.0,2874.0,2874.0,2874.0,0.0
316210,São Gotardo,MG,eligible_proxy,0.0,0.0,0.0,2874.0,2874.0,2874.0,0.0
316200,São Gonçalo do Sapucaí,MG,eligible_proxy,0.0,0.0,0.0,2874.0,2874.0,2874.0,0.0
316190,São Gonçalo do Rio Abaixo,MG,eligible_proxy,0.0,0.0,0.0,2874.0,2874.0,2874.0,0.0
316180,São Gonçalo do Pará,MG,eligible_proxy,0.0,0.0,0.0,2874.0,2874.0,2874.0,0.0
316170,São Gonçalo do Abaeté,MG,eligible_proxy,0.0,0.0,0.0,2874.0,2874.0,2874.0,0.0
316165,São Geraldo do Baixio,MG,eligible_proxy,0.0,0.0,0.0,2874.0,2874.0,2874.0,0.0
316160,São Geraldo da Piedade,MG,eligible_proxy,0.0,0.0,0.0,2874.0,2874.0,2874.0,0.0
316150,São Geraldo,MG,eligible_proxy,0.0,0.0,0.0,2874.0,2874.0,2874.0,0.0
316140,São Francisco do Glória,MG,eligible_proxy,0.0,0.0,0.0,2874.0,2874.0,2874.0,0.0
316130,São Francisco de Sales,MG,eligible_proxy,0.0,0.0,0.0,2874.0,2874.0,2874.0,0.0
316120,São Francisco de Paula,MG,eligible_proxy,0.0,0.0,0.0,2874.0,2874.0,2874.0,0.0
316110,São Francisco,MG,eligible_proxy,0.0,0.0,0.0,2874.0,2874.0,2874.0,0.0
316350,São José do Jacuri,MG,eligible_proxy,0.0,0.0,0.0,2874.0,2874.0,2874.0,0.0
316340,São José do Goiabal,MG,eligible_proxy,0.0,0.0,0.0,2874.0,2874.0,2874.0,0.0
316320,São José do Alegre,MG,eligible_proxy,0.0,0.0,0.0,2874.0,2874.0,2874.0,0.0
316310,São José da Varginha,MG,eligible_proxy,0.0,0.0,0.0,2874.0,2874.0,2874.0,0.0
316300,São José da Safira,MG,eligible_proxy,0.0,0.0,0.0,2874.0,2874.0,2874.0,0.0
316295,São José da Lapa,MG,eligible_proxy,0.0,0.0,0.0,2874.0,2874.0,2874.0,0.0
316294,São José da Barra,MG,eligible_proxy,0.0,0.0,0.0,2874.0,2874.0,2874.0,0.0
316292,São Joaquim de Bicas,MG,eligible_proxy,0.0,0.0,0.0,2874.0,2874.0,2874.0,0.0
316280,São João Evangelista,MG,eligible_proxy,0.0,0.0,0.0,2874.0,2874.0,2874.0,0.0
316270,São João do Paraíso,MG,eligible_proxy,0.0,0.0,0.0,2874.0,2874.0,2874.0,0.0
316265,São João do Pacuí,MG,eligible_proxy,0.0,0.0,0.0,2874.0,2874.0,2874.0,0.0
316260,São João do Oriente,MG,eligible_proxy,0.0,0.0,0.0,2874.0,2874.0,2874.0,0.0
316257,São João do Manteninha,MG,eligible_proxy,0.0,0.0,0.0,2874.0,2874.0,2874.0,0.0
316255,São João do Manhuaçu,MG,eligible_proxy,0.0,0.0,0.0,2874.0,2874.0,2874.0,0.0
316250,São João del Rei,MG,eligible_proxy,0.0,0.0,0.0,2874.0,2874.0,2874.0,0.0
316245,São João das Missões,MG,eligible_proxy,0.0,0.0,0.0,2874.0,2874.0,2874.0,0.0
316510,São Tomás de Aquino,MG,eligible_proxy,0.0,0.0,0.0,2874.0,2874.0,2874.0,0.0
316500,São Tiago,MG,eligible_proxy,0.0,0.0,0.0,2874.0,2874.0,2874.0,0.0
316480,São Sebastião do Rio Preto,MG,eligible_proxy,0.0,0.0,0.0,2874.0,2874.0,2874.0,0.0
316470,São Sebastião do Paraíso,MG,eligible_proxy,0.0,0.0,0.0,2874.0,2874.0,2874.0,0.0
316460,São Sebastião do Oeste,MG,eligible_proxy,0.0,0.0,0.0,2874.0,2874.0,2874.0,0.0
316450,São Sebastião do Maranhão,MG,eligible_proxy,0.0,0.0,0.0,2874.0,2874.0,2874.0,0.0
316447,São Sebastião do Anta,MG,eligible_proxy,0.0,0.0,0.0,2874.0,2874.0,2874.0,0.0
316443,São Sebastião da Vargem Alegre,MG,eligible_proxy,0.0,0.0,0.0,2874.0,2874.0,2874.0,0.0
316440,São Sebastião da Bela Vista,MG,eligible_proxy,0.0,0.0,0.0,2874.0,2874.0,2874.0,0.0
316430,São Roque de Minas,MG,eligible_proxy,0.0,0.0,0.0,2874.0,2874.0,2874.0,0.0
316420,São Romão,MG,eligible_proxy,0.0,0.0,0.0,2874.0,2874.0,2874.0,0.0
316410,São Pedro do Suaçuí,MG,eligible_proxy,0.0,0.0,0.0,2874.0,2874.0,2874.0,0.0
316400,São Pedro dos Ferros,MG,eligible_proxy,0.0,0.0,0.0,2874.0,2874.0,2874.0,0.0
316390,São Pedro da União,MG,eligible_proxy,0.0,0.0,0.0,2874.0,2874.0,2874.0,0.0
316380,São Miguel do Anta,MG,eligible_proxy,0.0,0.0,0.0,2874.0,2874.0,2874.0,0.0
316360,São José do Mantimento,MG,eligible_proxy,0.0,0.0,0.0,2874.0,2874.0,2874.0,0.0
316650,Serra Azul de Minas,MG,eligible_proxy,0.0,0.0,0.0,2874.0,2874.0,2874.0,0.0
316640,Seritinga,MG,eligible_proxy,0.0,0.0,0.0,2874.0,2874.0,2874.0,0.0
316630,Sericita,MG,eligible_proxy,0.0,0.0,0.0,2874.0,2874.0,2874.0,0.0
316620,Senhora dos Remédios,MG,eligible_proxy,0.0,0.0,0.0,2874.0,2874.0,2874.0,0.0
316610,Senhora do Porto,MG,eligible_proxy,0.0,0.0,0.0,2874.0,2874.0,2874.0,0.0
316600,Senhora de Oliveira,MG,eligible_proxy,0.0,0.0,0.0,2874.0,2874.0,2874.0,0.0
316590,Senador Modestino Gonçalves,MG,eligible_proxy,0.0,0.0,0.0,2874.0,2874.0,2874.0,0.0
316570,Senador Firmino,MG,eligible_proxy,0.0,0.0,0.0,2874.0,2874.0,2874.0,0.0
316560,Senador Cortes,MG,eligible_proxy,0.0,0.0,0.0,2874.0,2874.0,2874.0,0.0
316557,Senador Amaral,MG,eligible_proxy,0.0,0.0,0.0,2874.0,2874.0,2874.0,0.0
316556,Sem-Peixe,MG,eligible_proxy,0.0,0.0,0.0,2874.0,2874.0,2874.0,0.0
316555,Setubinha,MG,eligible_proxy,0.0,0.0,0.0,2874.0,2874.0,2874.0,0.0
316550,Sardoá,MG,eligible_proxy,0.0,0.0,0.0,2874.0,2874.0,2874.0,0.0
316540,Sapucaí-Mirim,MG,eligible_proxy,0.0,0.0,0.0,2874.0,2874.0,2874.0,0.0
316530,São Vicente de Minas,MG,eligible_proxy,0.0,0.0,0.0,2874.0,2874.0,2874.0,0.0
316520,São Tomé das Letras,MG,eligible_proxy,0.0,0.0,0.0,2874.0,2874.0,2874.0,0.0
316830,Taquaraçu de Minas,MG,eligible_proxy,0.0,0.0,0.0,2874.0,2874.0,2874.0,0.0
316805,Taparuba,MG,eligible_proxy,0.0,0.0,0.0,2874.0,2874.0,2874.0,0.0
316800,Taiobeiras,MG,eligible_proxy,0.0,0.0,0.0,2874.0,2874.0,2874.0,0.0
316790,Tabuleiro,MG,eligible_proxy,0.0,0.0,0.0,2874.0,2874.0,2874.0,0.0
316780,Soledade de Minas,MG,eligible_proxy,0.0,0.0,0.0,2874.0,2874.0,2874.0,0.0
316770,Sobrália,MG,eligible_proxy,0.0,0.0,0.0,2874.0,2874.0,2874.0,0.0
316760,Simonésia,MG,eligible_proxy,0.0,0.0,0.0,2874.0,2874.0,2874.0,0.0
316750,Simão Pereira,MG,eligible_proxy,0.0,0.0,0.0,2874.0,2874.0,2874.0,0.0
316740,Silvianópolis,MG,eligible_proxy,0.0,0.0,0.0,2874.0,2874.0,2874.0,0.0
316730,Silveirânia,MG,eligible_proxy,0.0,0.0,0.0,2874.0,2874.0,2874.0,0.0
316710,Serro,MG,eligible_proxy,0.0,0.0,0.0,2874.0,2874.0,2874.0,0.0
316700,Serranos,MG,eligible_proxy,0.0,0.0,0.0,2874.0,2874.0,2874.0,0.0
316695,Serranópolis de Minas,MG,eligible_proxy,0.0,0.0,0.0,2874.0,2874.0,2874.0,0.0
316690,Serrania,MG,eligible_proxy,0.0,0.0,0.0,2874.0,2874.0,2874.0,0.0
316680,Serra do Salitre,MG,eligible_proxy,0.0,0.0,0.0,2874.0,2874.0,2874.0,0.0
316670,Serra dos Aimorés,MG,eligible_proxy,0.0,0.0,0.0,2874.0,2874.0,2874.0,0.0
317005,Ubaporanga,MG,eligible_proxy,0.0,0.0,0.0,2874.0,2874.0,2874.0,0.0
317000,Ubaí,MG,eligible_proxy,0.0,0.0,0.0,2874.0,2874.0,2874.0,0.0
316980,Turvolândia,MG,eligible_proxy,0.0,0.0,0.0,2874.0,2874.0,2874.0,0.0
316970,Turmalina,MG,eligible_proxy,0.0,0.0,0.0,2874.0,2874.0,2874.0,0.0
316960,Tupaciguara,MG,eligible_proxy,0.0,0.0,0.0,2874.0,2874.0,2874.0,0.0
316950,Tumiritinga,MG,eligible_proxy,0.0,0.0,0.0,2874.0,2874.0,2874.0,0.0
316935,Três Marias,MG,eligible_proxy,0.0,0.0,0.0,2874.0,2874.0,2874.0,0.0
316920,Tombos,MG,eligible_proxy,0.0,0.0,0.0,2874.0,2874.0,2874.0,0.0
316910,Toledo,MG,eligible_proxy,0.0,0.0,0.0,2874.0,2874.0,2874.0,0.0
316905,Tocos do Moji,MG,eligible_proxy,0.0,0.0,0.0,2874.0,2874.0,2874.0,0.0
316900,Tocantins,MG,eligible_proxy,0.0,0.0,0.0,2874.0,2874.0,2874.0,0.0
316890,Tiros,MG,eligible_proxy,0.0,0.0,0.0,2874.0,2874.0,2874.0,0.0
316880,Tiradentes,MG,eligible_proxy,0.0,0.0,0.0,2874.0,2874.0,2874.0,0.0
316860,Teófilo Otoni,MG,eligible_proxy,0.0,0.0,0.0,2874.0,2874.0,2874.0,0.0
316850,Teixeiras,MG,eligible_proxy,0.0,0.0,0.0,2874.0,2874.0,2874.0,0.0
316840,Tarumirim,MG,eligible_proxy,0.0,0.0,0.0,2874.0,2874.0,2874.0,0.0
317150,Mathias Lobato,MG,eligible_proxy,0.0,0.0,0.0,2874.0,2874.0,2874.0,0.0
317115,Vermelho Novo,MG,eligible_proxy,0.0,0.0,0.0,2874.0,2874.0,2874.0,0.0
317110,Veríssimo,MG,eligible_proxy,0.0,0.0,0.0,2874.0,2874.0,2874.0,0.0
317107,Veredinha,MG,eligible_proxy,0.0,0.0,0.0,2874.0,2874.0,2874.0,0.0
317103,Verdelândia,MG,eligible_proxy,0.0,0.0,0.0,2874.0,2874.0,2874.0,0.0
317100,Vazante,MG,eligible_proxy,0.0,0.0,0.0,2874.0,2874.0,2874.0,0.0
317090,Varzelândia,MG,eligible_proxy,0.0,0.0,0.0,2874.0,2874.0,2874.0,0.0
317080,Várzea da Palma,MG,eligible_proxy,0.0,0.0,0.0,2874.0,2874.0,2874.0,0.0
317075,Varjão de Minas,MG,eligible_proxy,0.0,0.0,0.0,2874.0,2874.0,2874.0,0.0
317065,Vargem Grande do Rio Pardo,MG,eligible_proxy,0.0,0.0,0.0,2874.0,2874.0,2874.0,0.0
317060,Vargem Bonita,MG,eligible_proxy,0.0,0.0,0.0,2874.0,2874.0,2874.0,0.0
317057,Vargem Alegre,MG,eligible_proxy,0.0,0.0,0.0,2874.0,2874.0,2874.0,0.0
317050,Urucânia,MG,eligible_proxy,0.0,0.0,0.0,2874.0,2874.0,2874.0,0.0
317047,Uruana de Minas,MG,eligible_proxy,0.0,0.0,0.0,2874.0,2874.0,2874.0,0.0
317043,União de Minas,MG,eligible_proxy,0.0,0.0,0.0,2874.0,2874.0,2874.0,0.0
317030,Umburatiba,MG,eligible_proxy,0.0,0.0,0.0,2874.0,2874.0,2874.0,0.0
320060,Aracruz,ES,eligible_proxy,0.0,0.0,0.0,2874.0,2874.0,2874.0,0.0
320050,Apiacá,ES,eligible_proxy,0.0,0.0,0.0,2874.0,2874.0,2874.0,0.0
320040,Anchieta,ES,eligible_proxy,0.0,0.0,0.0,2874.0,2874.0,2874.0,0.0
320035,Alto Rio Novo,ES,eligible_proxy,0.0,0.0,0.0,2874.0,2874.0,2874.0,0.0
320030,Alfredo Chaves,ES,eligible_proxy,0.0,0.0,0.0,2874.0,2874.0,2874.0,0.0
320020,Alegre,ES,eligible_proxy,0.0,0.0,0.0,2874.0,2874.0,2874.0,0.0
320016,Água Doce do Norte,ES,eligible_proxy,0.0,0.0,0.0,2874.0,2874.0,2874.0,0.0
320013,Águia Branca,ES,eligible_proxy,0.0,0.0,0.0,2874.0,2874.0,2874.0,0.0
320010,Afonso Cláudio,ES,eligible_proxy,0.0,0.0,0.0,2874.0,2874.0,2874.0,0.0
317220,Wenceslau Braz,MG,eligible_proxy,0.0,0.0,0.0,2874.0,2874.0,2874.0,0.0
317210,Volta Grande,MG,eligible_proxy,0.0,0.0,0.0,2874.0,2874.0,2874.0,0.0
317200,Visconde do Rio Branco,MG,eligible_proxy,0.0,0.0,0.0,2874.0,2874.0,2874.0,0.0
317190,Virgolândia,MG,eligible_proxy,0.0,0.0,0.0,2874.0,2874.0,2874.0,0.0
317180,Virginópolis,MG,eligible_proxy,0.0,0.0,0.0,2874.0,2874.0,2874.0,0.0
317170,Virgínia,MG,eligible_proxy,0.0,0.0,0.0,2874.0,2874.0,2874.0,0.0
317160,Virgem da Lapa,MG,eligible_proxy,0.0,0.0,0.0,2874.0,2874.0,2874.0,0.0
320220,Fundão,ES,eligible_proxy,0.0,0.0,0.0,2874.0,2874.0,2874.0,0.0
320210,Ecoporanga,ES,eligible_proxy,0.0,0.0,0.0,2874.0,2874.0,2874.0,0.0
320200,Dores do Rio Preto,ES,eligible_proxy,0.0,0.0,0.0,2874.0,2874.0,2874.0,0.0
320190,Domingos Martins,ES,eligible_proxy,0.0,0.0,0.0,2874.0,2874.0,2874.0,0.0
320180,Divino de São Lourenço,ES,eligible_proxy,0.0,0.0,0.0,2874.0,2874.0,2874.0,0.0
320170,Conceição do Castelo,ES,eligible_proxy,0.0,0.0,0.0,2874.0,2874.0,2874.0,0.0
320160,Conceição da Barra,ES,eligible_proxy,0.0,0.0,0.0,2874.0,2874.0,2874.0,0.0
320150,Colatina,ES,eligible_proxy,0.0,0.0,0.0,2874.0,2874.0,2874.0,0.0
320140,Castelo,ES,eligible_proxy,0.0,0.0,0.0,2874.0,2874.0,2874.0,0.0
320120,Cachoeiro de Itapemirim,ES,eligible_proxy,0.0,0.0,0.0,2874.0,2874.0,2874.0,0.0
320115,Brejetuba,ES,eligible_proxy,0.0,0.0,0.0,2874.0,2874.0,2874.0,0.0
320110,Bom Jesus do Norte,ES,eligible_proxy,0.0,0.0,0.0,2874.0,2874.0,2874.0,0.0
320100,Boa Esperança,ES,eligible_proxy,0.0,0.0,0.0,2874.0,2874.0,2874.0,0.0
320090,Barra de São Francisco,ES,eligible_proxy,0.0,0.0,0.0,2874.0,2874.0,2874.0,0.0
320080,Baixo Guandu,ES,eligible_proxy,0.0,0.0,0.0,2874.0,2874.0,2874.0,0.0
320070,Atílio Vivácqua,ES,eligible_proxy,0.0,0.0,0.0,2874.0,2874.0,2874.0,0.0
320332,Marataízes,ES,eligible_proxy,0.0,0.0,0.0,2874.0,2874.0,2874.0,0.0
320330,Mantenópolis,ES,eligible_proxy,0.0,0.0,0.0,2874.0,2874.0,2874.0,0.0
320316,Laranja da Terra,ES,eligible_proxy,0.0,0.0,0.0,2874.0,2874.0,2874.0,0.0
320313,João Neiva,ES,eligible_proxy,0.0,0.0,0.0,2874.0,2874.0,2874.0,0.0
320310,Jerônimo Monteiro,ES,eligible_proxy,0.0,0.0,0.0,2874.0,2874.0,2874.0,0.0
320305,Jaguaré,ES,eligible_proxy,0.0,0.0,0.0,2874.0,2874.0,2874.0,0.0
320300,Iúna,ES,eligible_proxy,0.0,0.0,0.0,2874.0,2874.0,2874.0,0.0
320290,Itarana,ES,eligible_proxy,0.0,0.0,0.0,2874.0,2874.0,2874.0,0.0
320280,Itapemirim,ES,eligible_proxy,0.0,0.0,0.0,2874.0,2874.0,2874.0,0.0
320270,Itaguaçu,ES,eligible_proxy,0.0,0.0,0.0,2874.0,2874.0,2874.0,0.0
320265,Irupi,ES,eligible_proxy,0.0,0.0,0.0,2874.0,2874.0,2874.0,0.0
320260,Iconha,ES,eligible_proxy,0.0,0.0,0.0,2874.0,2874.0,2874.0,0.0
320255,Ibitirama,ES,eligible_proxy,0.0,0.0,0.0,2874.0,2874.0,2874.0,0.0
320250,Ibiraçu,ES,eligible_proxy,0.0,0.0,0.0,2874.0,2874.0,2874.0,0.0
320230,Guaçuí,ES,eligible_proxy,0.0,0.0,0.0,2874.0,2874.0,2874.0,0.0
320225,Governador Lindenberg,ES,eligible_proxy,0.0,0.0,0.0,2874.0,2874.0,2874.0,0.0
320440,Rio Novo do Sul,ES,eligible_proxy,0.0,0.0,0.0,2874.0,2874.0,2874.0,0.0
320435,RIO BANANAL,ES,eligible_proxy,0.0,0.0,0.0,2874.0,2874.0,2874.0,0.0
320430,Presidente Kennedy,ES,eligible_proxy,0.0,0.0,0.0,2874.0,2874.0,2874.0,0.0
320425,Ponto Belo,ES,eligible_proxy,0.0,0.0,0.0,2874.0,2874.0,2874.0,0.0
320420,Piúma,ES,eligible_proxy,0.0,0.0,0.0,2874.0,2874.0,2874.0,0.0
320410,Pinheiros,ES,eligible_proxy,0.0,0.0,0.0,2874.0,2874.0,2874.0,0.0
320405,Pedro Canário,ES,eligible_proxy,0.0,0.0,0.0,2874.0,2874.0,2874.0,0.0
320400,Pancas,ES,eligible_proxy,0.0,0.0,0.0,2874.0,2874.0,2874.0,0.0
320390,Nova Venécia,ES,eligible_proxy,0.0,0.0,0.0,2874.0,2874.0,2874.0,0.0
320380,Muqui,ES,eligible_proxy,0.0,0.0,0.0,2874.0,2874.0,2874.0,0.0
320370,MUNIZ FREIRE,ES,eligible_proxy,0.0,0.0,0.0,2874.0,2874.0,2874.0,0.0
320360,Mucurici,ES,eligible_proxy,0.0,0.0,0.0,2874.0,2874.0,2874.0,0.0
320350,Montanha,ES,eligible_proxy,0.0,0.0,0.0,2874.0,2874.0,2874.0,0.0
320340,Mimoso do Sul,ES,eligible_proxy,0.0,0.0,0.0,2874.0,2874.0,2874.0,0.0
320335,Marilândia,ES,eligible_proxy,0.0,0.0,0.0,2874.0,2874.0,2874.0,0.0
320334,Marechal Floriano,ES,eligible_proxy,0.0,0.0,0.0,2874.0,2874.0,2874.0,0.0
210930,Presidente Vargas,MA,eligible_proxy,0.0,0.0,0.0,2874.0,2874.0,2874.0,0.0
320465,São Domingos do Norte,ES,eligible_proxy,0.0,0.0,0.0,2874.0,2874.0,2874.0,0.0
320460,Santa Teresa,ES,eligible_proxy,0.0,0.0,0.0,2874.0,2874.0,2874.0,0.0
320455,Santa Maria de Jetibá,ES,eligible_proxy,0.0,0.0,0.0,2874.0,2874.0,2874.0,0.0
320450,Santa Leopoldina,ES,eligible_proxy,0.0,0.0,0.0,2874.0,2874.0,2874.0,0.0
150760,São Miguel do Guamá,PA,eligible_proxy,0.0,0.0,0.0,2874.0,2874.0,2874.0,0.0
150745,São Geraldo do Araguaia,PA,eligible_proxy,0.0,0.0,0.0,2874.0,2874.0,2874.0,0.0
150730,São Félix do Xingu,PA,eligible_proxy,0.0,0.0,0.0,2874.0,2874.0,2874.0,0.0
150720,São Domingos do Capim,PA,eligible_proxy,0.0,0.0,0.0,2874.0,2874.0,2874.0,0.0
150715,São Domingos do Araguaia,PA,eligible_proxy,0.0,0.0,0.0,2874.0,2874.0,2874.0,0.0
150710,São Caetano de Odivelas,PA,eligible_proxy,0.0,0.0,0.0,2874.0,2874.0,2874.0,0.0
150700,Santo Antônio do Tauá,PA,eligible_proxy,0.0,0.0,0.0,2874.0,2874.0,2874.0,0.0
521878,Rio Quente,GO,eligible_proxy,0.0,0.0,0.0,2874.0,2874.0,2874.0,0.0
150670,Santana do Araguaia,PA,eligible_proxy,0.0,0.0,0.0,2874.0,2874.0,2874.0,0.0
150660,Santa Maria do Pará,PA,eligible_proxy,0.0,0.0,0.0,2874.0,2874.0,2874.0,0.0
150658,Santa Maria das Barreiras,PA,eligible_proxy,0.0,0.0,0.0,2874.0,2874.0,2874.0,0.0
320506,Venda Nova do Imigrante,ES,eligible_proxy,0.0,0.0,0.0,2874.0,2874.0,2874.0,0.0
320503,Vargem Alta,ES,eligible_proxy,0.0,0.0,0.0,2874.0,2874.0,2874.0,0.0
320495,São Roque do Canaã,ES,eligible_proxy,0.0,0.0,0.0,2874.0,2874.0,2874.0,0.0
320490,São Mateus,ES,eligible_proxy,0.0,0.0,0.0,2874.0,2874.0,2874.0,0.0
320480,São José do Calçado,ES,eligible_proxy,0.0,0.0,0.0,2874.0,2874.0,2874.0,0.0
320470,São Gabriel da Palha,ES,eligible_proxy,0.0,0.0,0.0,2874.0,2874.0,2874.0,0.0
211023,Santana do Maranhão,MA,eligible_proxy,0.0,0.0,0.0,2874.0,2874.0,2874.0,0.0
211020,Santa Rita,MA,eligible_proxy,0.0,0.0,0.0,2874.0,2874.0,2874.0,0.0
211010,Santa Quitéria do Maranhão,MA,eligible_proxy,0.0,0.0,0.0,2874.0,2874.0,2874.0,0.0
211003,Santa Luzia do Paruá,MA,eligible_proxy,0.0,0.0,0.0,2874.0,2874.0,2874.0,0.0
211000,Santa Luzia,MA,eligible_proxy,0.0,0.0,0.0,2874.0,2874.0,2874.0,0.0
210990,Santa Inês,MA,eligible_proxy,0.0,0.0,0.0,2874.0,2874.0,2874.0,0.0
210975,Santa Filomena do Maranhão,MA,eligible_proxy,0.0,0.0,0.0,2874.0,2874.0,2874.0,0.0
210970,Sambaíba,MA,eligible_proxy,0.0,0.0,0.0,2874.0,2874.0,2874.0,0.0
210950,Riachão,MA,eligible_proxy,0.0,0.0,0.0,2874.0,2874.0,2874.0,0.0
210945,Raposa,MA,eligible_proxy,0.0,0.0,0.0,2874.0,2874.0,2874.0,0.0
330120,Carmo,RJ,eligible_proxy,0.0,0.0,0.0,2874.0,2874.0,2874.0,0.0
330115,Cardoso Moreira,RJ,eligible_proxy,0.0,0.0,0.0,2874.0,2874.0,2874.0,0.0
330110,CANTAGALO,RJ,eligible_proxy,0.0,0.0,0.0,2874.0,2874.0,2874.0,0.0
330095,Comendador Levy Gasparian,RJ,eligible_proxy,0.0,0.0,0.0,2874.0,2874.0,2874.0,0.0
330093,Carapebus,RJ,eligible_proxy,0.0,0.0,0.0,2874.0,2874.0,2874.0,0.0
330090,Cambuci,RJ,eligible_proxy,0.0,0.0,0.0,2874.0,2874.0,2874.0,0.0
330080,Cachoeiras de Macacu,RJ,eligible_proxy,0.0,0.0,0.0,2874.0,2874.0,2874.0,0.0
330060,Bom Jesus do Itabapoana,RJ,eligible_proxy,0.0,0.0,0.0,2874.0,2874.0,2874.0,0.0
330040,Barra Mansa,RJ,eligible_proxy,0.0,0.0,0.0,2874.0,2874.0,2874.0,0.0
330023,Armação dos Búzios,RJ,eligible_proxy,0.0,0.0,0.0,2874.0,2874.0,2874.0,0.0
330022,Areal,RJ,eligible_proxy,0.0,0.0,0.0,2874.0,2874.0,2874.0,0.0
330015,Aperibé,RJ,eligible_proxy,0.0,0.0,0.0,2874.0,2874.0,2874.0,0.0
330010,Angra dos Reis,RJ,eligible_proxy,0.0,0.0,0.0,2874.0,2874.0,2874.0,0.0
320517,Vila Valério,ES,eligible_proxy,0.0,0.0,0.0,2874.0,2874.0,2874.0,0.0
320515,Vila Pavão,ES,eligible_proxy,0.0,0.0,0.0,2874.0,2874.0,2874.0,0.0
320510,Viana,ES,eligible_proxy,0.0,0.0,0.0,2874.0,2874.0,2874.0,0.0
330290,Miguel Pereira,RJ,eligible_proxy,0.0,0.0,0.0,2874.0,2874.0,2874.0,0.0
521940,Santa Rita do Araguaia,GO,eligible_proxy,0.0,0.0,0.0,2874.0,2874.0,2874.0,0.0
330280,Mendes,RJ,eligible_proxy,0.0,0.0,0.0,2874.0,2874.0,2874.0,0.0
330260,Mangaratiba,RJ,eligible_proxy,0.0,0.0,0.0,2874.0,2874.0,2874.0,0.0
330245,Macuco,RJ,eligible_proxy,0.0,0.0,0.0,2874.0,2874.0,2874.0,0.0
330230,Laje do Muriaé,RJ,eligible_proxy,0.0,0.0,0.0,2874.0,2874.0,2874.0,0.0
330225,Itatiaia,RJ,eligible_proxy,0.0,0.0,0.0,2874.0,2874.0,2874.0,0.0
330220,Itaperuna,RJ,eligible_proxy,0.0,0.0,0.0,2874.0,2874.0,2874.0,0.0
330210,Itaocara,RJ,eligible_proxy,0.0,0.0,0.0,2874.0,2874.0,2874.0,0.0
330205,Italva,RJ,eligible_proxy,0.0,0.0,0.0,2874.0,2874.0,2874.0,0.0
330200,Itaguaí,RJ,eligible_proxy,0.0,0.0,0.0,2874.0,2874.0,2874.0,0.0
330187,Iguaba Grande,RJ,eligible_proxy,0.0,0.0,0.0,2874.0,2874.0,2874.0,0.0
330180,Engenheiro Paulo de Frontin,RJ,eligible_proxy,0.0,0.0,0.0,2874.0,2874.0,2874.0,0.0
330160,Duas Barras,RJ,eligible_proxy,0.0,0.0,0.0,2874.0,2874.0,2874.0,0.0
330140,Conceição de Macabu,RJ,eligible_proxy,0.0,0.0,0.0,2874.0,2874.0,2874.0,0.0
330130,Casimiro de Abreu,RJ,eligible_proxy,0.0,0.0,0.0,2874.0,2874.0,2874.0,0.0
150616,Rio Maria,PA,eligible_proxy,0.0,0.0,0.0,2874.0,2874.0,2874.0,0.0
150611,Quatipuru,PA,eligible_proxy,0.0,0.0,0.0,2874.0,2874.0,2874.0,0.0
110001,Alta Floresta D'Oeste,RO,eligible_proxy,0.0,0.0,0.0,2874.0,2874.0,2874.0,0.0
110011,Jaru,RO,eligible_proxy,0.0,0.0,0.0,2874.0,2874.0,2874.0,0.0
150580,Portel,PA,eligible_proxy,0.0,0.0,0.0,2874.0,2874.0,2874.0,0.0
330415,Quissamã,RJ,eligible_proxy,0.0,0.0,0.0,2874.0,2874.0,2874.0,0.0
330412,Quatis,RJ,eligible_proxy,0.0,0.0,0.0,2874.0,2874.0,2874.0,0.0
330411,Porto Real,RJ,eligible_proxy,0.0,0.0,0.0,2874.0,2874.0,2874.0,0.0
330410,Porciúncula,RJ,eligible_proxy,0.0,0.0,0.0,2874.0,2874.0,2874.0,0.0
330400,Piraí,RJ,eligible_proxy,0.0,0.0,0.0,2874.0,2874.0,2874.0,0.0
330395,Pinheiral,RJ,eligible_proxy,0.0,0.0,0.0,2874.0,2874.0,2874.0,0.0
330385,Paty do Alferes,RJ,eligible_proxy,0.0,0.0,0.0,2874.0,2874.0,2874.0,0.0
330370,Paraíba do Sul,RJ,eligible_proxy,0.0,0.0,0.0,2874.0,2874.0,2874.0,0.0
330320,Nilópolis,RJ,eligible_proxy,0.0,0.0,0.0,2874.0,2874.0,2874.0,0.0
330310,Natividade,RJ,eligible_proxy,0.0,0.0,0.0,2874.0,2874.0,2874.0,0.0
330300,Miracema,RJ,eligible_proxy,0.0,0.0,0.0,2874.0,2874.0,2874.0,0.0
210890,Poção de Pedras,MA,eligible_proxy,0.0,0.0,0.0,2874.0,2874.0,2874.0,0.0
210880,Pirapemas,MA,eligible_proxy,0.0,0.0,0.0,2874.0,2874.0,2874.0,0.0
210870,Pio XII,MA,eligible_proxy,0.0,0.0,0.0,2874.0,2874.0,2874.0,0.0
210860,Pinheiro,MA,eligible_proxy,0.0,0.0,0.0,2874.0,2874.0,2874.0,0.0
210850,Pindaré-Mirim,MA,eligible_proxy,0.0,0.0,0.0,2874.0,2874.0,2874.0,0.0
210845,Peritoró,MA,eligible_proxy,0.0,0.0,0.0,2874.0,2874.0,2874.0,0.0
210840,Peri Mirim,MA,eligible_proxy,0.0,0.0,0.0,2874.0,2874.0,2874.0,0.0
210830,Penalva,MA,eligible_proxy,0.0,0.0,0.0,2874.0,2874.0,2874.0,0.0
210820,Pedreiras,MA,eligible_proxy,0.0,0.0,0.0,2874.0,2874.0,2874.0,0.0
210810,Paulo Ramos,MA,eligible_proxy,0.0,0.0,0.0,2874.0,2874.0,2874.0,0.0
330440,Rio Claro,RJ,eligible_proxy,0.0,0.0,0.0,2874.0,2874.0,2874.0,0.0
330430,Rio Bonito,RJ,eligible_proxy,0.0,0.0,0.0,2874.0,2874.0,2874.0,0.0
110006,Colorado do Oeste,RO,eligible_proxy,0.0,0.0,0.0,2874.0,2874.0,2874.0,0.0
150635,Santa Bárbara do Pará,PA,eligible_proxy,0.0,0.0,0.0,2874.0,2874.0,2874.0,0.0
150620,Salinópolis,PA,eligible_proxy,0.0,0.0,0.0,2874.0,2874.0,2874.0,0.0
150619,Rurópolis,PA,eligible_proxy,0.0,0.0,0.0,2874.0,2874.0,2874.0,0.0
330600,Três Rios,RJ,eligible_proxy,0.0,0.0,0.0,2874.0,2874.0,2874.0,0.0
330590,Trajano de Moraes,RJ,eligible_proxy,0.0,0.0,0.0,2874.0,2874.0,2874.0,0.0
330575,Tanguá,RJ,eligible_proxy,0.0,0.0,0.0,2874.0,2874.0,2874.0,0.0
330570,Sumidouro,RJ,eligible_proxy,0.0,0.0,0.0,2874.0,2874.0,2874.0,0.0
330560,Silva Jardim,RJ,eligible_proxy,0.0,0.0,0.0,2874.0,2874.0,2874.0,0.0
330540,Sapucaia,RJ,eligible_proxy,0.0,0.0,0.0,2874.0,2874.0,2874.0,0.0
330530,São Sebastião do Alto,RJ,eligible_proxy,0.0,0.0,0.0,2874.0,2874.0,2874.0,0.0
330515,SAO JOSE DO VALE DO RIO PRETO,RJ,eligible_proxy,0.0,0.0,0.0,2874.0,2874.0,2874.0,0.0
330513,São José de Ubá,RJ,eligible_proxy,0.0,0.0,0.0,2874.0,2874.0,2874.0,0.0
330500,São João da Barra,RJ,eligible_proxy,0.0,0.0,0.0,2874.0,2874.0,2874.0,0.0
330480,São Fidélis,RJ,eligible_proxy,0.0,0.0,0.0,2874.0,2874.0,2874.0,0.0
330475,São Francisco de Itabapoana,RJ,eligible_proxy,0.0,0.0,0.0,2874.0,2874.0,2874.0,0.0
521900,Sanclerlândia,GO,eligible_proxy,0.0,0.0,0.0,2874.0,2874.0,2874.0,0.0
330450,Rio das Flores,RJ,eligible_proxy,0.0,0.0,0.0,2874.0,2874.0,2874.0,0.0
210910,Presidente Dutra,MA,eligible_proxy,0.0,0.0,0.0,2874.0,2874.0,2874.0,0.0
210900,Porto Franco,MA,eligible_proxy,0.0,0.0,0.0,2874.0,2874.0,2874.0,0.0
350130,Álvares Machado,SP,eligible_proxy,0.0,0.0,0.0,2874.0,2874.0,2874.0,0.0
350120,Álvares Florence,SP,eligible_proxy,0.0,0.0,0.0,2874.0,2874.0,2874.0,0.0
350110,Alto Alegre,SP,eligible_proxy,0.0,0.0,0.0,2874.0,2874.0,2874.0,0.0
350100,Altinópolis,SP,eligible_proxy,0.0,0.0,0.0,2874.0,2874.0,2874.0,0.0
350090,Altair,SP,eligible_proxy,0.0,0.0,0.0,2874.0,2874.0,2874.0,0.0
350080,Alfredo Marcondes,SP,eligible_proxy,0.0,0.0,0.0,2874.0,2874.0,2874.0,0.0
350075,Alambari,SP,eligible_proxy,0.0,0.0,0.0,2874.0,2874.0,2874.0,0.0
350060,Águas de São Pedro,SP,eligible_proxy,0.0,0.0,0.0,2874.0,2874.0,2874.0,0.0
350055,Águas de Santa Bárbara,SP,eligible_proxy,0.0,0.0,0.0,2874.0,2874.0,2874.0,0.0
350050,Águas de Lindóia,SP,eligible_proxy,0.0,0.0,0.0,2874.0,2874.0,2874.0,0.0
350040,Águas da Prata,SP,eligible_proxy,0.0,0.0,0.0,2874.0,2874.0,2874.0,0.0
350020,Adolfo,SP,eligible_proxy,0.0,0.0,0.0,2874.0,2874.0,2874.0,0.0
350010,Adamantina,SP,eligible_proxy,0.0,0.0,0.0,2874.0,2874.0,2874.0,0.0
330620,Vassouras,RJ,eligible_proxy,0.0,0.0,0.0,2874.0,2874.0,2874.0,0.0
330615,Varre-Sai,RJ,eligible_proxy,0.0,0.0,0.0,2874.0,2874.0,2874.0,0.0
330610,Valença,RJ,eligible_proxy,0.0,0.0,0.0,2874.0,2874.0,2874.0,0.0
521910,Santa Bárbara de Goiás,GO,eligible_proxy,0.0,0.0,0.0,2874.0,2874.0,2874.0,0.0
350340,Arealva,SP,eligible_proxy,0.0,0.0,0.0,2874.0,2874.0,2874.0,0.0
350315,Arapeí,SP,eligible_proxy,0.0,0.0,0.0,2874.0,2874.0,2874.0,0.0
350310,Arandu,SP,eligible_proxy,0.0,0.0,0.0,2874.0,2874.0,2874.0,0.0
350300,Aramina,SP,eligible_proxy,0.0,0.0,0.0,2874.0,2874.0,2874.0,0.0
350290,Araçoiaba da Serra,SP,eligible_proxy,0.0,0.0,0.0,2874.0,2874.0,2874.0,0.0
350270,Apiaí,SP,eligible_proxy,0.0,0.0,0.0,2874.0,2874.0,2874.0,0.0
350260,Aparecida d'Oeste,SP,eligible_proxy,0.0,0.0,0.0,2874.0,2874.0,2874.0,0.0
350250,Aparecida,SP,eligible_proxy,0.0,0.0,0.0,2874.0,2874.0,2874.0,0.0
350240,Anhumas,SP,eligible_proxy,0.0,0.0,0.0,2874.0,2874.0,2874.0,0.0
350210,Andradina,SP,eligible_proxy,0.0,0.0,0.0,2874.0,2874.0,2874.0,0.0
350200,Analândia,SP,eligible_proxy,0.0,0.0,0.0,2874.0,2874.0,2874.0,0.0
350190,Amparo,SP,eligible_proxy,0.0,0.0,0.0,2874.0,2874.0,2874.0,0.0
350180,Américo de Campos,SP,eligible_proxy,0.0,0.0,0.0,2874.0,2874.0,2874.0,0.0
350150,Alvinlândia,SP,eligible_proxy,0.0,0.0,0.0,2874.0,2874.0,2874.0,0.0
350140,Álvaro de Carvalho,SP,eligible_proxy,0.0,0.0,0.0,2874.0,2874.0,2874.0,0.0
350460,Bady Bassitt,SP,eligible_proxy,0.0,0.0,0.0,2874.0,2874.0,2874.0,0.0
150565,PLACAS,PA,eligible_proxy,0.0,0.0,0.0,2874.0,2874.0,2874.0,0.0
150563,Piçarra,PA,eligible_proxy,0.0,0.0,0.0,2874.0,2874.0,2874.0,0.0
150555,Pau D'Arco,PA,eligible_proxy,0.0,0.0,0.0,2874.0,2874.0,2874.0,0.0
150550,Paragominas,PA,eligible_proxy,0.0,0.0,0.0,2874.0,2874.0,2874.0,0.0
150549,Palestina do Pará,PA,eligible_proxy,0.0,0.0,0.0,2874.0,2874.0,2874.0,0.0
150548,Pacajá,PA,eligible_proxy,0.0,0.0,0.0,2874.0,2874.0,2874.0,0.0
150543,Ourilândia do Norte,PA,eligible_proxy,0.0,0.0,0.0,2874.0,2874.0,2874.0,0.0
150540,Ourém,PA,eligible_proxy,0.0,0.0,0.0,2874.0,2874.0,2874.0,0.0
150500,Nova Timboteua,PA,eligible_proxy,0.0,0.0,0.0,2874.0,2874.0,2874.0,0.0
350440,Avanhandava,SP,eligible_proxy,0.0,0.0,0.0,2874.0,2874.0,2874.0,0.0
350430,Avaí,SP,eligible_proxy,0.0,0.0,0.0,2874.0,2874.0,2874.0,0.0
350420,Auriflama,SP,eligible_proxy,0.0,0.0,0.0,2874.0,2874.0,2874.0,0.0
350395,Aspásia,SP,eligible_proxy,0.0,0.0,0.0,2874.0,2874.0,2874.0,0.0
350370,Ariranha,SP,eligible_proxy,0.0,0.0,0.0,2874.0,2874.0,2874.0,0.0
350360,Areiópolis,SP,eligible_proxy,0.0,0.0,0.0,2874.0,2874.0,2874.0,0.0
210710,Morros,MA,eligible_proxy,0.0,0.0,0.0,2874.0,2874.0,2874.0,0.0
210690,Monção,MA,eligible_proxy,0.0,0.0,0.0,2874.0,2874.0,2874.0,0.0
350690,Bofete,SP,eligible_proxy,0.0,0.0,0.0,2874.0,2874.0,2874.0,0.0
350680,Bocaina,SP,eligible_proxy,0.0,0.0,0.0,2874.0,2874.0,2874.0,0.0
350670,Boa Esperança do Sul,SP,eligible_proxy,0.0,0.0,0.0,2874.0,2874.0,2874.0,0.0
350640,Bilac,SP,eligible_proxy,0.0,0.0,0.0,2874.0,2874.0,2874.0,0.0
350630,Bernardino de Campos,SP,eligible_proxy,0.0,0.0,0.0,2874.0,2874.0,2874.0,0.0
350620,Bento de Abreu,SP,eligible_proxy,0.0,0.0,0.0,2874.0,2874.0,2874.0,0.0
350580,Bastos,SP,eligible_proxy,0.0,0.0,0.0,2874.0,2874.0,2874.0,0.0
350540,Barra do Turvo,SP,eligible_proxy,0.0,0.0,0.0,2874.0,2874.0,2874.0,0.0
350535,Barra do Chapéu,SP,eligible_proxy,0.0,0.0,0.0,2874.0,2874.0,2874.0,0.0
350510,Barbosa,SP,eligible_proxy,0.0,0.0,0.0,2874.0,2874.0,2874.0,0.0
350500,Barão de Antonina,SP,eligible_proxy,0.0,0.0,0.0,2874.0,2874.0,2874.0,0.0
350490,Bananal,SP,eligible_proxy,0.0,0.0,0.0,2874.0,2874.0,2874.0,0.0
350480,Bálsamo,SP,eligible_proxy,0.0,0.0,0.0,2874.0,2874.0,2874.0,0.0
350470,Balbinos,SP,eligible_proxy,0.0,0.0,0.0,2874.0,2874.0,2874.0,0.0
350890,Caiabu,SP,eligible_proxy,0.0,0.0,0.0,2874.0,2874.0,2874.0,0.0
350880,Cafelândia,SP,eligible_proxy,0.0,0.0,0.0,2874.0,2874.0,2874.0,0.0
350870,Caconde,SP,eligible_proxy,0.0,0.0,0.0,2874.0,2874.0,2874.0,0.0
350830,Cabrália Paulista,SP,eligible_proxy,0.0,0.0,0.0,2874.0,2874.0,2874.0,0.0
350810,Buritama,SP,eligible_proxy,0.0,0.0,0.0,2874.0,2874.0,2874.0,0.0
350780,Brodowski,SP,eligible_proxy,0.0,0.0,0.0,2874.0,2874.0,2874.0,0.0
350770,Braúna,SP,eligible_proxy,0.0,0.0,0.0,2874.0,2874.0,2874.0,0.0
350730,Boracéia,SP,eligible_proxy,0.0,0.0,0.0,2874.0,2874.0,2874.0,0.0
350720,Borá,SP,eligible_proxy,0.0,0.0,0.0,2874.0,2874.0,2874.0,0.0
210805,Paulino Neves,MA,eligible_proxy,0.0,0.0,0.0,2874.0,2874.0,2874.0,0.0
210800,Pastos Bons,MA,eligible_proxy,0.0,0.0,0.0,2874.0,2874.0,2874.0,0.0
210790,Passagem Franca,MA,eligible_proxy,0.0,0.0,0.0,2874.0,2874.0,2874.0,0.0
210780,Parnarama,MA,eligible_proxy,0.0,0.0,0.0,2874.0,2874.0,2874.0,0.0
210770,Paraibano,MA,eligible_proxy,0.0,0.0,0.0,2874.0,2874.0,2874.0,0.0
210745,Olinda Nova do Maranhão,MA,eligible_proxy,0.0,0.0,0.0,2874.0,2874.0,2874.0,0.0
210740,Olho d'Água das Cunhãs,MA,eligible_proxy,0.0,0.0,0.0,2874.0,2874.0,2874.0,0.0
351120,Catiguá,SP,eligible_proxy,0.0,0.0,0.0,2874.0,2874.0,2874.0,0.0
351100,Castilho,SP,eligible_proxy,0.0,0.0,0.0,2874.0,2874.0,2874.0,0.0
351090,Cássia dos Coqueiros,SP,eligible_proxy,0.0,0.0,0.0,2874.0,2874.0,2874.0,0.0
351070,Cardoso,SP,eligible_proxy,0.0,0.0,0.0,2874.0,2874.0,2874.0,0.0
351020,Capão Bonito,SP,eligible_proxy,0.0,0.0,0.0,2874.0,2874.0,2874.0,0.0
351015,Canitar,SP,eligible_proxy,0.0,0.0,0.0,2874.0,2874.0,2874.0,0.0
351010,Cândido Rodrigues,SP,eligible_proxy,0.0,0.0,0.0,2874.0,2874.0,2874.0,0.0
350990,Cananéia,SP,eligible_proxy,0.0,0.0,0.0,2874.0,2874.0,2874.0,0.0
350980,Campos Novos Paulista,SP,eligible_proxy,0.0,0.0,0.0,2874.0,2874.0,2874.0,0.0
350970,Campos do Jordão,SP,eligible_proxy,0.0,0.0,0.0,2874.0,2874.0,2874.0,0.0
350945,Campina do Monte Alegre,SP,eligible_proxy,0.0,0.0,0.0,2874.0,2874.0,2874.0,0.0
350940,Cajuru,SP,eligible_proxy,0.0,0.0,0.0,2874.0,2874.0,2874.0,0.0
350930,Cajobi,SP,eligible_proxy,0.0,0.0,0.0,2874.0,2874.0,2874.0,0.0
350925,Cajati,SP,eligible_proxy,0.0,0.0,0.0,2874.0,2874.0,2874.0,0.0
350910,Caiuá,SP,eligible_proxy,0.0,0.0,0.0,2874.0,2874.0,2874.0,0.0
350900,Caieiras,SP,eligible_proxy,0.0,0.0,0.0,2874.0,2874.0,2874.0,0.0
210630,Magalhães de Almeida,MA,eligible_proxy,0.0,0.0,0.0,2874.0,2874.0,2874.0,0.0
210610,Loreto,MA,eligible_proxy,0.0,0.0,0.0,2874.0,2874.0,2874.0,0.0
210600,Lima Campos,MA,eligible_proxy,0.0,0.0,0.0,2874.0,2874.0,2874.0,0.0
150405,Mãe do Rio,PA,eligible_proxy,0.0,0.0,0.0,2874.0,2874.0,2874.0,0.0
351320,Cristais Paulista,SP,eligible_proxy,0.0,0.0,0.0,2874.0,2874.0,2874.0,0.0
351290,Cosmorama,SP,eligible_proxy,0.0,0.0,0.0,2874.0,2874.0,2874.0,0.0
351270,Corumbataí,SP,eligible_proxy,0.0,0.0,0.0,2874.0,2874.0,2874.0,0.0
351260,Coronel Macedo,SP,eligible_proxy,0.0,0.0,0.0,2874.0,2874.0,2874.0,0.0
351240,Cordeirópolis,SP,eligible_proxy,0.0,0.0,0.0,2874.0,2874.0,2874.0,0.0
351230,Conchas,SP,eligible_proxy,0.0,0.0,0.0,2874.0,2874.0,2874.0,0.0
351210,Colômbia,SP,eligible_proxy,0.0,0.0,0.0,2874.0,2874.0,2874.0,0.0
351170,Charqueada,SP,eligible_proxy,0.0,0.0,0.0,2874.0,2874.0,2874.0,0.0
351160,Cesário Lange,SP,eligible_proxy,0.0,0.0,0.0,2874.0,2874.0,2874.0,0.0
110029,Santa Luzia D'Oeste,RO,eligible_proxy,0.0,0.0,0.0,2874.0,2874.0,2874.0,0.0
351140,Cerqueira César,SP,eligible_proxy,0.0,0.0,0.0,2874.0,2874.0,2874.0,0.0
351130,Cedral,SP,eligible_proxy,0.0,0.0,0.0,2874.0,2874.0,2874.0,0.0
150495,Nova Esperança do Piriá,PA,eligible_proxy,0.0,0.0,0.0,2874.0,2874.0,2874.0,0.0
521970,Santa Terezinha de Goiás,GO,eligible_proxy,0.0,0.0,0.0,2874.0,2874.0,2874.0,0.0
521960,Santa Tereza de Goiás,GO,eligible_proxy,0.0,0.0,0.0,2874.0,2874.0,2874.0,0.0
150460,Mocajuba,PA,eligible_proxy,0.0,0.0,0.0,2874.0,2874.0,2874.0,0.0
150450,Melgaço,PA,eligible_proxy,0.0,0.0,0.0,2874.0,2874.0,2874.0,0.0
521950,Santa Rosa de Goiás,GO,eligible_proxy,0.0,0.0,0.0,2874.0,2874.0,2874.0,0.0
150442,Marituba,PA,eligible_proxy,0.0,0.0,0.0,2874.0,2874.0,2874.0,0.0
150440,Marapanim,PA,eligible_proxy,0.0,0.0,0.0,2874.0,2874.0,2874.0,0.0
210680,Mirinzal,MA,eligible_proxy,0.0,0.0,0.0,2874.0,2874.0,2874.0,0.0
210675,Miranda do Norte,MA,eligible_proxy,0.0,0.0,0.0,2874.0,2874.0,2874.0,0.0
210670,Mirador,MA,eligible_proxy,0.0,0.0,0.0,2874.0,2874.0,2874.0,0.0
210667,Milagres do Maranhão,MA,eligible_proxy,0.0,0.0,0.0,2874.0,2874.0,2874.0,0.0
210660,Matões,MA,eligible_proxy,0.0,0.0,0.0,2874.0,2874.0,2874.0,0.0
210650,Matinha,MA,eligible_proxy,0.0,0.0,0.0,2874.0,2874.0,2874.0,0.0
210640,Mata Roma,MA,eligible_proxy,0.0,0.0,0.0,2874.0,2874.0,2874.0,0.0
210632,Maracaçumé,MA,eligible_proxy,0.0,0.0,0.0,2874.0,2874.0,2874.0,0.0
351519,Espírito Santo do Turvo,SP,eligible_proxy,0.0,0.0,0.0,2874.0,2874.0,2874.0,0.0
351512,Emilianópolis,SP,eligible_proxy,0.0,0.0,0.0,2874.0,2874.0,2874.0,0.0
351495,Embaúba,SP,eligible_proxy,0.0,0.0,0.0,2874.0,2874.0,2874.0,0.0
351492,Elisiário,SP,eligible_proxy,0.0,0.0,0.0,2874.0,2874.0,2874.0,0.0
351480,Eldorado,SP,eligible_proxy,0.0,0.0,0.0,2874.0,2874.0,2874.0,0.0
351470,Echaporã,SP,eligible_proxy,0.0,0.0,0.0,2874.0,2874.0,2874.0,0.0
351450,Duartina,SP,eligible_proxy,0.0,0.0,0.0,2874.0,2874.0,2874.0,0.0
351440,Dracena,SP,eligible_proxy,0.0,0.0,0.0,2874.0,2874.0,2874.0,0.0
351430,Dourado,SP,eligible_proxy,0.0,0.0,0.0,2874.0,2874.0,2874.0,0.0
351420,Dolcinópolis,SP,eligible_proxy,0.0,0.0,0.0,2874.0,2874.0,2874.0,0.0
351400,Dobrada,SP,eligible_proxy,0.0,0.0,0.0,2874.0,2874.0,2874.0,0.0
351390,Divinolândia,SP,eligible_proxy,0.0,0.0,0.0,2874.0,2874.0,2874.0,0.0
351385,Dirce Reis,SP,eligible_proxy,0.0,0.0,0.0,2874.0,2874.0,2874.0,0.0
351350,Cubatão,SP,eligible_proxy,0.0,0.0,0.0,2874.0,2874.0,2874.0,0.0
351330,Cruzália,SP,eligible_proxy,0.0,0.0,0.0,2874.0,2874.0,2874.0,0.0
150497,NOVA IPIXUNA,PA,eligible_proxy,0.0,0.0,0.0,2874.0,2874.0,2874.0,0.0
351685,Gavião Peixoto,SP,eligible_proxy,0.0,0.0,0.0,2874.0,2874.0,2874.0,0.0
351680,Gastão Vidigal,SP,eligible_proxy,0.0,0.0,0.0,2874.0,2874.0,2874.0,0.0
351670,Garça,SP,eligible_proxy,0.0,0.0,0.0,2874.0,2874.0,2874.0,0.0
351660,Gália,SP,eligible_proxy,0.0,0.0,0.0,2874.0,2874.0,2874.0,0.0
351650,Gabriel Monteiro,SP,eligible_proxy,0.0,0.0,0.0,2874.0,2874.0,2874.0,0.0
351640,Franco da Rocha,SP,eligible_proxy,0.0,0.0,0.0,2874.0,2874.0,2874.0,0.0
351610,Florínea,SP,eligible_proxy,0.0,0.0,0.0,2874.0,2874.0,2874.0,0.0
351600,Flórida Paulista,SP,eligible_proxy,0.0,0.0,0.0,2874.0,2874.0,2874.0,0.0
351590,Floreal,SP,eligible_proxy,0.0,0.0,0.0,2874.0,2874.0,2874.0,0.0
351580,Flora Rica,SP,eligible_proxy,0.0,0.0,0.0,2874.0,2874.0,2874.0,0.0
351565,Fernão,SP,eligible_proxy,0.0,0.0,0.0,2874.0,2874.0,2874.0,0.0
351560,Fernando Prestes,SP,eligible_proxy,0.0,0.0,0.0,2874.0,2874.0,2874.0,0.0
351550,Fernandópolis,SP,eligible_proxy,0.0,0.0,0.0,2874.0,2874.0,2874.0,0.0
351535,EUCLIDES DA CUNHA PAULISTA,SP,eligible_proxy,0.0,0.0,0.0,2874.0,2874.0,2874.0,0.0
351530,Estrela do Norte,SP,eligible_proxy,0.0,0.0,0.0,2874.0,2874.0,2874.0,0.0
351520,Estrela d'Oeste,SP,eligible_proxy,0.0,0.0,0.0,2874.0,2874.0,2874.0,0.0
351910,Iacanga,SP,eligible_proxy,0.0,0.0,0.0,2874.0,2874.0,2874.0,0.0
351900,Herculândia,SP,eligible_proxy,0.0,0.0,0.0,2874.0,2874.0,2874.0,0.0
351890,Guzolândia,SP,eligible_proxy,0.0,0.0,0.0,2874.0,2874.0,2874.0,0.0
351885,Guatapará,SP,eligible_proxy,0.0,0.0,0.0,2874.0,2874.0,2874.0,0.0
351850,Guareí,SP,eligible_proxy,0.0,0.0,0.0,2874.0,2874.0,2874.0,0.0
351810,Guarantã,SP,eligible_proxy,0.0,0.0,0.0,2874.0,2874.0,2874.0,0.0
351800,Guarani d'Oeste,SP,eligible_proxy,0.0,0.0,0.0,2874.0,2874.0,2874.0,0.0
351780,Guaraçaí,SP,eligible_proxy,0.0,0.0,0.0,2874.0,2874.0,2874.0,0.0
351770,Guará,SP,eligible_proxy,0.0,0.0,0.0,2874.0,2874.0,2874.0,0.0
351760,Guapiara,SP,eligible_proxy,0.0,0.0,0.0,2874.0,2874.0,2874.0,0.0
351750,Guapiaçu,SP,eligible_proxy,0.0,0.0,0.0,2874.0,2874.0,2874.0,0.0
351730,Guaimbê,SP,eligible_proxy,0.0,0.0,0.0,2874.0,2874.0,2874.0,0.0
521973,Santo Antônio de Goiás,GO,eligible_proxy,0.0,0.0,0.0,2874.0,2874.0,2874.0,0.0
351710,Glicério,SP,eligible_proxy,0.0,0.0,0.0,2874.0,2874.0,2874.0,0.0
351700,Getulina,SP,eligible_proxy,0.0,0.0,0.0,2874.0,2874.0,2874.0,0.0
351690,General Salgado,SP,eligible_proxy,0.0,0.0,0.0,2874.0,2874.0,2874.0,0.0
352020,Igaratá,SP,eligible_proxy,0.0,0.0,0.0,2874.0,2874.0,2874.0,0.0
210594,Lago dos Rodrigues,MA,eligible_proxy,0.0,0.0,0.0,2874.0,2874.0,2874.0,0.0
210592,Lagoa do Mato,MA,eligible_proxy,0.0,0.0,0.0,2874.0,2874.0,2874.0,0.0
210570,Lago da Pedra,MA,eligible_proxy,0.0,0.0,0.0,2874.0,2874.0,2874.0,0.0
210560,Joselândia,MA,eligible_proxy,0.0,0.0,0.0,2874.0,2874.0,2874.0,0.0
210550,João Lisboa,MA,eligible_proxy,0.0,0.0,0.0,2874.0,2874.0,2874.0,0.0
210542,Itinga do Maranhão,MA,eligible_proxy,0.0,0.0,0.0,2874.0,2874.0,2874.0,0.0
210540,Itapecuru Mirim,MA,eligible_proxy,0.0,0.0,0.0,2874.0,2874.0,2874.0,0.0
210520,Igarapé Grande,MA,eligible_proxy,0.0,0.0,0.0,2874.0,2874.0,2874.0,0.0
351990,Iepê,SP,eligible_proxy,0.0,0.0,0.0,2874.0,2874.0,2874.0,0.0
351980,Icém,SP,eligible_proxy,0.0,0.0,0.0,2874.0,2874.0,2874.0,0.0
351970,Ibiúna,SP,eligible_proxy,0.0,0.0,0.0,2874.0,2874.0,2874.0,0.0
351950,Ibirarema,SP,eligible_proxy,0.0,0.0,0.0,2874.0,2874.0,2874.0,0.0
351940,Ibirá,SP,eligible_proxy,0.0,0.0,0.0,2874.0,2874.0,2874.0,0.0
351925,Iaras,SP,eligible_proxy,0.0,0.0,0.0,2874.0,2874.0,2874.0,0.0
351920,Iacri,SP,eligible_proxy,0.0,0.0,0.0,2874.0,2874.0,2874.0,0.0
150330,Igarapé-Miri,PA,eligible_proxy,0.0,0.0,0.0,2874.0,2874.0,2874.0,0.0
150320,Igarapé-Açu,PA,eligible_proxy,0.0,0.0,0.0,2874.0,2874.0,2874.0,0.0
110010,Guajará-Mirim,RO,eligible_proxy,0.0,0.0,0.0,2874.0,2874.0,2874.0,0.0
150309,Goianésia do Pará,PA,eligible_proxy,0.0,0.0,0.0,2874.0,2874.0,2874.0,0.0
150307,Garrafão do Norte,PA,eligible_proxy,0.0,0.0,0.0,2874.0,2874.0,2874.0,0.0
150304,Floresta do Araguaia,PA,eligible_proxy,0.0,0.0,0.0,2874.0,2874.0,2874.0,0.0
522230,Vila Propício,GO,eligible_proxy,0.0,0.0,0.0,2874.0,2874.0,2874.0,0.0
352115,Ipiguá,SP,eligible_proxy,0.0,0.0,0.0,2874.0,2874.0,2874.0,0.0
522220,Vila Boa,GO,eligible_proxy,0.0,0.0,0.0,2874.0,2874.0,2874.0,0.0
352080,Inúbia Paulista,SP,eligible_proxy,0.0,0.0,0.0,2874.0,2874.0,2874.0,0.0
352070,Indiaporã,SP,eligible_proxy,0.0,0.0,0.0,2874.0,2874.0,2874.0,0.0
352060,Indiana,SP,eligible_proxy,0.0,0.0,0.0,2874.0,2874.0,2874.0,0.0
352044,Ilha Solteira,SP,eligible_proxy,0.0,0.0,0.0,2874.0,2874.0,2874.0,0.0
352042,Ilha Comprida,SP,eligible_proxy,0.0,0.0,0.0,2874.0,2874.0,2874.0,0.0
352040,Ilhabela,SP,eligible_proxy,0.0,0.0,0.0,2874.0,2874.0,2874.0,0.0
352030,Iguape,SP,eligible_proxy,0.0,0.0,0.0,2874.0,2874.0,2874.0,0.0
352300,Itapura,SP,eligible_proxy,0.0,0.0,0.0,2874.0,2874.0,2874.0,0.0
352280,Itaporanga,SP,eligible_proxy,0.0,0.0,0.0,2874.0,2874.0,2874.0,0.0
352265,Itapirapuã Paulista,SP,eligible_proxy,0.0,0.0,0.0,2874.0,2874.0,2874.0,0.0
352215,Itaoca,SP,eligible_proxy,0.0,0.0,0.0,2874.0,2874.0,2874.0,0.0
352190,Itajobi,SP,eligible_proxy,0.0,0.0,0.0,2874.0,2874.0,2874.0,0.0
352170,Itaberá,SP,eligible_proxy,0.0,0.0,0.0,2874.0,2874.0,2874.0,0.0
352160,Irapuru,SP,eligible_proxy,0.0,0.0,0.0,2874.0,2874.0,2874.0,0.0
352150,Irapuã,SP,eligible_proxy,0.0,0.0,0.0,2874.0,2874.0,2874.0,0.0
352130,Ipuã,SP,eligible_proxy,0.0,0.0,0.0,2874.0,2874.0,2874.0,0.0
352120,Iporanga,SP,eligible_proxy,0.0,0.0,0.0,2874.0,2874.0,2874.0,0.0
150380,Jacundá,PA,eligible_proxy,0.0,0.0,0.0,2874.0,2874.0,2874.0,0.0
110015,Ouro Preto do Oeste,RO,eligible_proxy,0.0,0.0,0.0,2874.0,2874.0,2874.0,0.0
150370,Itupiranga,PA,eligible_proxy,0.0,0.0,0.0,2874.0,2874.0,2874.0,0.0
110014,Nova Brasilândia D'Oeste,RO,eligible_proxy,0.0,0.0,0.0,2874.0,2874.0,2874.0,0.0
150350,Irituia,PA,eligible_proxy,0.0,0.0,0.0,2874.0,2874.0,2874.0,0.0
150345,Ipixuna do Pará,PA,eligible_proxy,0.0,0.0,0.0,2874.0,2874.0,2874.0,0.0
210450,Governador Archer,MA,eligible_proxy,0.0,0.0,0.0,2874.0,2874.0,2874.0,0.0
210440,Gonçalves Dias,MA,eligible_proxy,0.0,0.0,0.0,2874.0,2874.0,2874.0,0.0
210420,Fortuna,MA,eligible_proxy,0.0,0.0,0.0,2874.0,2874.0,2874.0,0.0
210410,Fortaleza dos Nogueiras,MA,eligible_proxy,0.0,0.0,0.0,2874.0,2874.0,2874.0,0.0
352510,Jardinópolis,SP,eligible_proxy,0.0,0.0,0.0,2874.0,2874.0,2874.0,0.0
110025,Presidente Médici,RO,eligible_proxy,0.0,0.0,0.0,2874.0,2874.0,2874.0,0.0
352490,Jambeiro,SP,eligible_proxy,0.0,0.0,0.0,2874.0,2874.0,2874.0,0.0
110018,Pimenta Bueno,RO,eligible_proxy,0.0,0.0,0.0,2874.0,2874.0,2874.0,0.0
352460,Jacupiranga,SP,eligible_proxy,0.0,0.0,0.0,2874.0,2874.0,2874.0,0.0
352450,Jaci,SP,eligible_proxy,0.0,0.0,0.0,2874.0,2874.0,2874.0,0.0
352420,Jaborandi,SP,eligible_proxy,0.0,0.0,0.0,2874.0,2874.0,2874.0,0.0
352410,Ituverava,SP,eligible_proxy,0.0,0.0,0.0,2874.0,2874.0,2874.0,0.0
352380,Itobi,SP,eligible_proxy,0.0,0.0,0.0,2874.0,2874.0,2874.0,0.0
352370,Itirapuã,SP,eligible_proxy,0.0,0.0,0.0,2874.0,2874.0,2874.0,0.0
352360,Itirapina,SP,eligible_proxy,0.0,0.0,0.0,2874.0,2874.0,2874.0,0.0
352330,Itariri,SP,eligible_proxy,0.0,0.0,0.0,2874.0,2874.0,2874.0,0.0
352650,Lavínia,SP,eligible_proxy,0.0,0.0,0.0,2874.0,2874.0,2874.0,0.0
352640,Laranjal Paulista,SP,eligible_proxy,0.0,0.0,0.0,2874.0,2874.0,2874.0,0.0
352630,Lagoinha,SP,eligible_proxy,0.0,0.0,0.0,2874.0,2874.0,2874.0,0.0
352620,Juquitiba,SP,eligible_proxy,0.0,0.0,0.0,2874.0,2874.0,2874.0,0.0
352610,Juquiá,SP,eligible_proxy,0.0,0.0,0.0,2874.0,2874.0,2874.0,0.0
352600,Junqueirópolis,SP,eligible_proxy,0.0,0.0,0.0,2874.0,2874.0,2874.0,0.0
352585,Jumirim,SP,eligible_proxy,0.0,0.0,0.0,2874.0,2874.0,2874.0,0.0
352580,Júlio Mesquita,SP,eligible_proxy,0.0,0.0,0.0,2874.0,2874.0,2874.0,0.0
352560,João Ramalho,SP,eligible_proxy,0.0,0.0,0.0,2874.0,2874.0,2874.0,0.0
110026,Rio Crespo,RO,eligible_proxy,0.0,0.0,0.0,2874.0,2874.0,2874.0,0.0
210510,Icatu,MA,eligible_proxy,0.0,0.0,0.0,2874.0,2874.0,2874.0,0.0
210500,Humberto de Campos,MA,eligible_proxy,0.0,0.0,0.0,2874.0,2874.0,2874.0,0.0
210490,Guimarães,MA,eligible_proxy,0.0,0.0,0.0,2874.0,2874.0,2874.0,0.0
210467,Governador Nunes Freire,MA,eligible_proxy,0.0,0.0,0.0,2874.0,2874.0,2874.0,0.0
210462,Governador Luiz Rocha,MA,eligible_proxy,0.0,0.0,0.0,2874.0,2874.0,2874.0,0.0
210460,Governador Eugênio Barros,MA,eligible_proxy,0.0,0.0,0.0,2874.0,2874.0,2874.0,0.0
352890,Mariápolis,SP,eligible_proxy,0.0,0.0,0.0,2874.0,2874.0,2874.0,0.0
352885,Marapoama,SP,eligible_proxy,0.0,0.0,0.0,2874.0,2874.0,2874.0,0.0
352880,Maracaí,SP,eligible_proxy,0.0,0.0,0.0,2874.0,2874.0,2874.0,0.0
352870,Marabá Paulista,SP,eligible_proxy,0.0,0.0,0.0,2874.0,2874.0,2874.0,0.0
352860,Manduri,SP,eligible_proxy,0.0,0.0,0.0,2874.0,2874.0,2874.0,0.0
352830,Magda,SP,eligible_proxy,0.0,0.0,0.0,2874.0,2874.0,2874.0,0.0
352820,Macedônia,SP,eligible_proxy,0.0,0.0,0.0,2874.0,2874.0,2874.0,0.0
352810,Macaubal,SP,eligible_proxy,0.0,0.0,0.0,2874.0,2874.0,2874.0,0.0
352790,Lutécia,SP,eligible_proxy,0.0,0.0,0.0,2874.0,2874.0,2874.0,0.0
352780,Lupércio,SP,eligible_proxy,0.0,0.0,0.0,2874.0,2874.0,2874.0,0.0
352770,Luiziânia,SP,eligible_proxy,0.0,0.0,0.0,2874.0,2874.0,2874.0,0.0
352750,Lucianópolis,SP,eligible_proxy,0.0,0.0,0.0,2874.0,2874.0,2874.0,0.0
352725,Lourdes,SP,eligible_proxy,0.0,0.0,0.0,2874.0,2874.0,2874.0,0.0
352700,Lindóia,SP,eligible_proxy,0.0,0.0,0.0,2874.0,2874.0,2874.0,0.0
352680,Lençóis Paulista,SP,eligible_proxy,0.0,0.0,0.0,2874.0,2874.0,2874.0,0.0
352660,Lavrinhas,SP,eligible_proxy,0.0,0.0,0.0,2874.0,2874.0,2874.0,0.0
150240,Castanhal,PA,eligible_proxy,0.0,0.0,0.0,2874.0,2874.0,2874.0,0.0
522040,São Simão,GO,eligible_proxy,0.0,0.0,0.0,2874.0,2874.0,2874.0,0.0
150220,Capanema,PA,eligible_proxy,0.0,0.0,0.0,2874.0,2874.0,2874.0,0.0
521930,Santa Helena de Goiás,GO,eligible_proxy,0.0,0.0,0.0,2874.0,2874.0,2874.0,0.0
150210,Cametá,PA,eligible_proxy,0.0,0.0,0.0,2874.0,2874.0,2874.0,0.0
150200,Cachoeira do Arari,PA,eligible_proxy,0.0,0.0,0.0,2874.0,2874.0,2874.0,0.0
353010,Mirandópolis,SP,eligible_proxy,0.0,0.0,0.0,2874.0,2874.0,2874.0,0.0
353000,Mira Estrela,SP,eligible_proxy,0.0,0.0,0.0,2874.0,2874.0,2874.0,0.0
352990,Miracatu,SP,eligible_proxy,0.0,0.0,0.0,2874.0,2874.0,2874.0,0.0
352970,Miguelópolis,SP,eligible_proxy,0.0,0.0,0.0,2874.0,2874.0,2874.0,0.0
352965,Mesópolis,SP,eligible_proxy,0.0,0.0,0.0,2874.0,2874.0,2874.0,0.0
352960,Meridiano,SP,eligible_proxy,0.0,0.0,0.0,2874.0,2874.0,2874.0,0.0
352950,Mendonça,SP,eligible_proxy,0.0,0.0,0.0,2874.0,2874.0,2874.0,0.0
352930,Matão,SP,eligible_proxy,0.0,0.0,0.0,2874.0,2874.0,2874.0,0.0
352920,Martinópolis,SP,eligible_proxy,0.0,0.0,0.0,2874.0,2874.0,2874.0,0.0
352910,Marinópolis,SP,eligible_proxy,0.0,0.0,0.0,2874.0,2874.0,2874.0,0.0
353210,Murutinga do Sul,SP,eligible_proxy,0.0,0.0,0.0,2874.0,2874.0,2874.0,0.0
353205,Motuca,SP,eligible_proxy,0.0,0.0,0.0,2874.0,2874.0,2874.0,0.0
353190,Morro Agudo,SP,eligible_proxy,0.0,0.0,0.0,2874.0,2874.0,2874.0,0.0
353170,Monteiro Lobato,SP,eligible_proxy,0.0,0.0,0.0,2874.0,2874.0,2874.0,0.0
353150,Monte Azul Paulista,SP,eligible_proxy,0.0,0.0,0.0,2874.0,2874.0,2874.0,0.0
353140,Monte Aprazível,SP,eligible_proxy,0.0,0.0,0.0,2874.0,2874.0,2874.0,0.0
353120,Monte Alegre do Sul,SP,eligible_proxy,0.0,0.0,0.0,2874.0,2874.0,2874.0,0.0
353100,Monções,SP,eligible_proxy,0.0,0.0,0.0,2874.0,2874.0,2874.0,0.0
353090,Mombuca,SP,eligible_proxy,0.0,0.0,0.0,2874.0,2874.0,2874.0,0.0
353020,Mirante do Paranapanema,SP,eligible_proxy,0.0,0.0,0.0,2874.0,2874.0,2874.0,0.0
521990,São Francisco de Goiás,GO,eligible_proxy,0.0,0.0,0.0,2874.0,2874.0,2874.0,0.0
150290,Curuçá,PA,eligible_proxy,0.0,0.0,0.0,2874.0,2874.0,2874.0,0.0
150277,Curionópolis,PA,eligible_proxy,0.0,0.0,0.0,2874.0,2874.0,2874.0,0.0
150276,Cumaru do Norte,PA,eligible_proxy,0.0,0.0,0.0,2874.0,2874.0,2874.0,0.0
150275,Concórdia do Pará,PA,eligible_proxy,0.0,0.0,0.0,2874.0,2874.0,2874.0,0.0
150270,Conceição do Araguaia,PA,eligible_proxy,0.0,0.0,0.0,2874.0,2874.0,2874.0,0.0
353410,Oriente,SP,eligible_proxy,0.0,0.0,0.0,2874.0,2874.0,2874.0,0.0
353400,Onda Verde,SP,eligible_proxy,0.0,0.0,0.0,2874.0,2874.0,2874.0,0.0
353360,Nuporanga,SP,eligible_proxy,0.0,0.0,0.0,2874.0,2874.0,2874.0,0.0
353350,Novo Horizonte,SP,eligible_proxy,0.0,0.0,0.0,2874.0,2874.0,2874.0,0.0
353330,Nova Luzitânia,SP,eligible_proxy,0.0,0.0,0.0,2874.0,2874.0,2874.0,0.0
353325,Novais,SP,eligible_proxy,0.0,0.0,0.0,2874.0,2874.0,2874.0,0.0
353320,Nova Independência,SP,eligible_proxy,0.0,0.0,0.0,2874.0,2874.0,2874.0,0.0
353290,Nova Europa,SP,eligible_proxy,0.0,0.0,0.0,2874.0,2874.0,2874.0,0.0
353284,Nova Canaã Paulista,SP,eligible_proxy,0.0,0.0,0.0,2874.0,2874.0,2874.0,0.0
353282,Nova Campina,SP,eligible_proxy,0.0,0.0,0.0,2874.0,2874.0,2874.0,0.0
353280,Nova Aliança,SP,eligible_proxy,0.0,0.0,0.0,2874.0,2874.0,2874.0,0.0
353270,Nipoã,SP,eligible_proxy,0.0,0.0,0.0,2874.0,2874.0,2874.0,0.0
353260,Nhandeara,SP,eligible_proxy,0.0,0.0,0.0,2874.0,2874.0,2874.0,0.0
220230,Canto do Buriti,PI,eligible_proxy,0.0,0.0,0.0,2874.0,2874.0,2874.0,0.0
353220,Narandiba,SP,eligible_proxy,0.0,0.0,0.0,2874.0,2874.0,2874.0,0.0
353215,Nantes,SP,eligible_proxy,0.0,0.0,0.0,2874.0,2874.0,2874.0,0.0
353460,Osvaldo Cruz,SP,eligible_proxy,0.0,0.0,0.0,2874.0,2874.0,2874.0,0.0
353450,Oscar Bressane,SP,eligible_proxy,0.0,0.0,0.0,2874.0,2874.0,2874.0,0.0
210409,Formosa da Serra Negra,MA,eligible_proxy,0.0,0.0,0.0,2874.0,2874.0,2874.0,0.0
210408,Fernando Falcão,MA,eligible_proxy,0.0,0.0,0.0,2874.0,2874.0,2874.0,0.0
210407,Feira Nova do Maranhão,MA,eligible_proxy,0.0,0.0,0.0,2874.0,2874.0,2874.0,0.0
210405,Estreito,MA,eligible_proxy,0.0,0.0,0.0,2874.0,2874.0,2874.0,0.0
210400,Esperantinópolis,MA,eligible_proxy,0.0,0.0,0.0,2874.0,2874.0,2874.0,0.0
210380,Dom Pedro,MA,eligible_proxy,0.0,0.0,0.0,2874.0,2874.0,2874.0,0.0
210375,Davinópolis,MA,eligible_proxy,0.0,0.0,0.0,2874.0,2874.0,2874.0,0.0
210370,Cururupu,MA,eligible_proxy,0.0,0.0,0.0,2874.0,2874.0,2874.0,0.0
220240,Capitão de Campos,PI,eligible_proxy,0.0,0.0,0.0,2874.0,2874.0,2874.0,0.0
210340,Coelho Neto,MA,eligible_proxy,0.0,0.0,0.0,2874.0,2874.0,2874.0,0.0
210330,Codó,MA,eligible_proxy,0.0,0.0,0.0,2874.0,2874.0,2874.0,0.0
210325,Cidelândia,MA,eligible_proxy,0.0,0.0,0.0,2874.0,2874.0,2874.0,0.0
210320,Chapadinha,MA,eligible_proxy,0.0,0.0,0.0,2874.0,2874.0,2874.0,0.0
353420,Orindiúva,SP,eligible_proxy,0.0,0.0,0.0,2874.0,2874.0,2874.0,0.0
353630,Patrocínio Paulista,SP,eligible_proxy,0.0,0.0,0.0,2874.0,2874.0,2874.0,0.0
353625,Parisi,SP,eligible_proxy,0.0,0.0,0.0,2874.0,2874.0,2874.0,0.0
353620,Pariquera-Açu,SP,eligible_proxy,0.0,0.0,0.0,2874.0,2874.0,2874.0,0.0
353600,Parapuã,SP,eligible_proxy,0.0,0.0,0.0,2874.0,2874.0,2874.0,0.0
353590,Paranapuã,SP,eligible_proxy,0.0,0.0,0.0,2874.0,2874.0,2874.0,0.0
353580,Paranapanema,SP,eligible_proxy,0.0,0.0,0.0,2874.0,2874.0,2874.0,0.0
353570,Paraíso,SP,eligible_proxy,0.0,0.0,0.0,2874.0,2874.0,2874.0,0.0
353560,Paraibuna,SP,eligible_proxy,0.0,0.0,0.0,2874.0,2874.0,2874.0,0.0
353540,Panorama,SP,eligible_proxy,0.0,0.0,0.0,2874.0,2874.0,2874.0,0.0
353530,Palmital,SP,eligible_proxy,0.0,0.0,0.0,2874.0,2874.0,2874.0,0.0
353520,Palmeira d'Oeste,SP,eligible_proxy,0.0,0.0,0.0,2874.0,2874.0,2874.0,0.0
353510,Palmares Paulista,SP,eligible_proxy,0.0,0.0,0.0,2874.0,2874.0,2874.0,0.0
353500,Palestina,SP,eligible_proxy,0.0,0.0,0.0,2874.0,2874.0,2874.0,0.0
353490,Pacaembu,SP,eligible_proxy,0.0,0.0,0.0,2874.0,2874.0,2874.0,0.0
353480,Ouro Verde,SP,eligible_proxy,0.0,0.0,0.0,2874.0,2874.0,2874.0,0.0
353475,Ouroeste,SP,eligible_proxy,0.0,0.0,0.0,2874.0,2874.0,2874.0,0.0
353880,Piraju,SP,eligible_proxy,0.0,0.0,0.0,2874.0,2874.0,2874.0,0.0
353850,Piquete,SP,eligible_proxy,0.0,0.0,0.0,2874.0,2874.0,2874.0,0.0
353830,Piquerobi,SP,eligible_proxy,0.0,0.0,0.0,2874.0,2874.0,2874.0,0.0
353810,Pindorama,SP,eligible_proxy,0.0,0.0,0.0,2874.0,2874.0,2874.0,0.0
353770,Piacatu,SP,eligible_proxy,0.0,0.0,0.0,2874.0,2874.0,2874.0,0.0
353750,Pereiras,SP,eligible_proxy,0.0,0.0,0.0,2874.0,2874.0,2874.0,0.0
353740,Pereira Barreto,SP,eligible_proxy,0.0,0.0,0.0,2874.0,2874.0,2874.0,0.0
353720,Pedro de Toledo,SP,eligible_proxy,0.0,0.0,0.0,2874.0,2874.0,2874.0,0.0
353715,Pedrinhas Paulista,SP,eligible_proxy,0.0,0.0,0.0,2874.0,2874.0,2874.0,0.0
353700,Pedregulho,SP,eligible_proxy,0.0,0.0,0.0,2874.0,2874.0,2874.0,0.0
353690,Pedranópolis,SP,eligible_proxy,0.0,0.0,0.0,2874.0,2874.0,2874.0,0.0
353680,Pedra Bela,SP,eligible_proxy,0.0,0.0,0.0,2874.0,2874.0,2874.0,0.0
353670,Pederneiras,SP,eligible_proxy,0.0,0.0,0.0,2874.0,2874.0,2874.0,0.0
353660,Paulo de Faria,SP,eligible_proxy,0.0,0.0,0.0,2874.0,2874.0,2874.0,0.0
353657,Paulistânia,SP,eligible_proxy,0.0,0.0,0.0,2874.0,2874.0,2874.0,0.0
353640,Paulicéia,SP,eligible_proxy,0.0,0.0,0.0,2874.0,2874.0,2874.0,0.0
353920,Pirapozinho,SP,eligible_proxy,0.0,0.0,0.0,2874.0,2874.0,2874.0,0.0
220260,Castelo do Piauí,PI,eligible_proxy,0.0,0.0,0.0,2874.0,2874.0,2874.0,0.0
353900,Pirangi,SP,eligible_proxy,0.0,0.0,0.0,2874.0,2874.0,2874.0,0.0
353890,Pirajuí,SP,eligible_proxy,0.0,0.0,0.0,2874.0,2874.0,2874.0,0.0
150195,Cachoeira do Piriá,PA,eligible_proxy,0.0,0.0,0.0,2874.0,2874.0,2874.0,0.0
150190,Bujaru,PA,eligible_proxy,0.0,0.0,0.0,2874.0,2874.0,2874.0,0.0
220255,Caridade do Piauí,PI,eligible_proxy,0.0,0.0,0.0,2874.0,2874.0,2874.0,0.0
150178,Breu Branco,PA,eligible_proxy,0.0,0.0,0.0,2874.0,2874.0,2874.0,0.0
150175,Brejo Grande do Araguaia,PA,eligible_proxy,0.0,0.0,0.0,2874.0,2874.0,2874.0,0.0
220253,Caraúbas do Piauí,PI,eligible_proxy,0.0,0.0,0.0,2874.0,2874.0,2874.0,0.0
150170,Bragança,PA,eligible_proxy,0.0,0.0,0.0,2874.0,2874.0,2874.0,0.0
150157,Bom Jesus do Tocantins,PA,eligible_proxy,0.0,0.0,0.0,2874.0,2874.0,2874.0,0.0
150150,Benevides,PA,eligible_proxy,0.0,0.0,0.0,2874.0,2874.0,2874.0,0.0
150145,Belterra,PA,eligible_proxy,0.0,0.0,0.0,2874.0,2874.0,2874.0,0.0
220250,Caracol,PI,eligible_proxy,0.0,0.0,0.0,2874.0,2874.0,2874.0,0.0
220245,Capitão Gervásio Oliveira,PI,eligible_proxy,0.0,0.0,0.0,2874.0,2874.0,2874.0,0.0
354150,Presidente Venceslau,SP,eligible_proxy,0.0,0.0,0.0,2874.0,2874.0,2874.0,0.0
354130,Presidente Epitácio,SP,eligible_proxy,0.0,0.0,0.0,2874.0,2874.0,2874.0,0.0
354120,Presidente Bernardes,SP,eligible_proxy,0.0,0.0,0.0,2874.0,2874.0,2874.0,0.0
354110,Presidente Alves,SP,eligible_proxy,0.0,0.0,0.0,2874.0,2874.0,2874.0,0.0
354105,Pratânia,SP,eligible_proxy,0.0,0.0,0.0,2874.0,2874.0,2874.0,0.0
354100,Praia Grande,SP,eligible_proxy,0.0,0.0,0.0,2874.0,2874.0,2874.0,0.0
354085,Pracinha,SP,eligible_proxy,0.0,0.0,0.0,2874.0,2874.0,2874.0,0.0
354080,Potirendaba,SP,eligible_proxy,0.0,0.0,0.0,2874.0,2874.0,2874.0,0.0
354075,Potim,SP,eligible_proxy,0.0,0.0,0.0,2874.0,2874.0,2874.0,0.0
354040,Populina,SP,eligible_proxy,0.0,0.0,0.0,2874.0,2874.0,2874.0,0.0
354030,Pontes Gestal,SP,eligible_proxy,0.0,0.0,0.0,2874.0,2874.0,2874.0,0.0
354020,Pontal,SP,eligible_proxy,0.0,0.0,0.0,2874.0,2874.0,2874.0,0.0
354000,Pompéia,SP,eligible_proxy,0.0,0.0,0.0,2874.0,2874.0,2874.0,0.0
353990,Poloni,SP,eligible_proxy,0.0,0.0,0.0,2874.0,2874.0,2874.0,0.0
353970,Platina,SP,eligible_proxy,0.0,0.0,0.0,2874.0,2874.0,2874.0,0.0
353960,Planalto,SP,eligible_proxy,0.0,0.0,0.0,2874.0,2874.0,2874.0,0.0
210275,Capinzal do Norte,MA,eligible_proxy,0.0,0.0,0.0,2874.0,2874.0,2874.0,0.0
210270,Cantanhede,MA,eligible_proxy,0.0,0.0,0.0,2874.0,2874.0,2874.0,0.0
210250,Cajari,MA,eligible_proxy,0.0,0.0,0.0,2874.0,2874.0,2874.0,0.0
210235,Buritirana,MA,eligible_proxy,0.0,0.0,0.0,2874.0,2874.0,2874.0,0.0
210232,BURITICUPU,MA,eligible_proxy,0.0,0.0,0.0,2874.0,2874.0,2874.0,0.0
354250,Reginópolis,SP,eligible_proxy,0.0,0.0,0.0,2874.0,2874.0,2874.0,0.0
354240,Regente Feijó,SP,eligible_proxy,0.0,0.0,0.0,2874.0,2874.0,2874.0,0.0
354230,Redenção da Serra,SP,eligible_proxy,0.0,0.0,0.0,2874.0,2874.0,2874.0,0.0
354220,Rancharia,SP,eligible_proxy,0.0,0.0,0.0,2874.0,2874.0,2874.0,0.0
354210,Rafard,SP,eligible_proxy,0.0,0.0,0.0,2874.0,2874.0,2874.0,0.0
354200,Quintana,SP,eligible_proxy,0.0,0.0,0.0,2874.0,2874.0,2874.0,0.0
354190,Queluz,SP,eligible_proxy,0.0,0.0,0.0,2874.0,2874.0,2874.0,0.0
354180,Queiroz,SP,eligible_proxy,0.0,0.0,0.0,2874.0,2874.0,2874.0,0.0
354170,Quatá,SP,eligible_proxy,0.0,0.0,0.0,2874.0,2874.0,2874.0,0.0
354165,Quadra,SP,eligible_proxy,0.0,0.0,0.0,2874.0,2874.0,2874.0,0.0
354160,Promissão,SP,eligible_proxy,0.0,0.0,0.0,2874.0,2874.0,2874.0,0.0
354425,Rosana,SP,eligible_proxy,0.0,0.0,0.0,2874.0,2874.0,2874.0,0.0
354420,Riolândia,SP,eligible_proxy,0.0,0.0,0.0,2874.0,2874.0,2874.0,0.0
354380,Rinópolis,SP,eligible_proxy,0.0,0.0,0.0,2874.0,2874.0,2874.0,0.0
354370,Rincão,SP,eligible_proxy,0.0,0.0,0.0,2874.0,2874.0,2874.0,0.0
354350,Riversul,SP,eligible_proxy,0.0,0.0,0.0,2874.0,2874.0,2874.0,0.0
354325,Ribeirão Grande,SP,eligible_proxy,0.0,0.0,0.0,2874.0,2874.0,2874.0,0.0
354323,Ribeirão dos Índios,SP,eligible_proxy,0.0,0.0,0.0,2874.0,2874.0,2874.0,0.0
354320,Ribeirão do Sul,SP,eligible_proxy,0.0,0.0,0.0,2874.0,2874.0,2874.0,0.0
354310,Ribeirão Corrente,SP,eligible_proxy,0.0,0.0,0.0,2874.0,2874.0,2874.0,0.0
354300,Ribeirão Branco,SP,eligible_proxy,0.0,0.0,0.0,2874.0,2874.0,2874.0,0.0
354280,Ribeira,SP,eligible_proxy,0.0,0.0,0.0,2874.0,2874.0,2874.0,0.0
354270,Restinga,SP,eligible_proxy,0.0,0.0,0.0,2874.0,2874.0,2874.0,0.0
354260,Registro,SP,eligible_proxy,0.0,0.0,0.0,2874.0,2874.0,2874.0,0.0
210312,Central do Maranhão,MA,eligible_proxy,0.0,0.0,0.0,2874.0,2874.0,2874.0,0.0
210300,Caxias,MA,eligible_proxy,0.0,0.0,0.0,2874.0,2874.0,2874.0,0.0
210280,Carolina,MA,eligible_proxy,0.0,0.0,0.0,2874.0,2874.0,2874.0,0.0
354620,Santa Cruz da Conceição,SP,eligible_proxy,0.0,0.0,0.0,2874.0,2874.0,2874.0,0.0
354610,Santa Clara d'Oeste,SP,eligible_proxy,0.0,0.0,0.0,2874.0,2874.0,2874.0,0.0
354600,Santa Branca,SP,eligible_proxy,0.0,0.0,0.0,2874.0,2874.0,2874.0,0.0
354570,Santa Albertina,SP,eligible_proxy,0.0,0.0,0.0,2874.0,2874.0,2874.0,0.0
354560,Santa Adélia,SP,eligible_proxy,0.0,0.0,0.0,2874.0,2874.0,2874.0,0.0
354550,Sandovalina,SP,eligible_proxy,0.0,0.0,0.0,2874.0,2874.0,2874.0,0.0
354540,Salto Grande,SP,eligible_proxy,0.0,0.0,0.0,2874.0,2874.0,2874.0,0.0
354530,Salto de Pirapora,SP,eligible_proxy,0.0,0.0,0.0,2874.0,2874.0,2874.0,0.0
354515,Saltinho,SP,eligible_proxy,0.0,0.0,0.0,2874.0,2874.0,2874.0,0.0
354510,Salmourão,SP,eligible_proxy,0.0,0.0,0.0,2874.0,2874.0,2874.0,0.0
354490,Sales Oliveira,SP,eligible_proxy,0.0,0.0,0.0,2874.0,2874.0,2874.0,0.0
354480,Sales,SP,eligible_proxy,0.0,0.0,0.0,2874.0,2874.0,2874.0,0.0
354470,Sagres,SP,eligible_proxy,0.0,0.0,0.0,2874.0,2874.0,2874.0,0.0
354460,Sabino,SP,eligible_proxy,0.0,0.0,0.0,2874.0,2874.0,2874.0,0.0
354440,Rubiácea,SP,eligible_proxy,0.0,0.0,0.0,2874.0,2874.0,2874.0,0.0
354430,ROSEIRA,SP,eligible_proxy,0.0,0.0,0.0,2874.0,2874.0,2874.0,0.0
150095,Aurora do Pará,PA,eligible_proxy,0.0,0.0,0.0,2874.0,2874.0,2874.0,0.0
150090,Augusto Corrêa,PA,eligible_proxy,0.0,0.0,0.0,2874.0,2874.0,2874.0,0.0
150085,Anapu,PA,eligible_proxy,0.0,0.0,0.0,2874.0,2874.0,2874.0,0.0
220275,Colônia do Gurguéia,PI,eligible_proxy,0.0,0.0,0.0,2874.0,2874.0,2874.0,0.0
220273,Coivaras,PI,eligible_proxy,0.0,0.0,0.0,2874.0,2874.0,2874.0,0.0
220272,Cocal dos Alves,PI,eligible_proxy,0.0,0.0,0.0,2874.0,2874.0,2874.0,0.0
150034,Água Azul do Norte,PA,eligible_proxy,0.0,0.0,0.0,2874.0,2874.0,2874.0,0.0
220271,Cocal de Telha,PI,eligible_proxy,0.0,0.0,0.0,2874.0,2874.0,2874.0,0.0
150013,Abel Figueiredo,PA,eligible_proxy,0.0,0.0,0.0,2874.0,2874.0,2874.0,0.0
220270,Cocal,PI,eligible_proxy,0.0,0.0,0.0,2874.0,2874.0,2874.0,0.0
354740,Santa Rita d'Oeste,SP,eligible_proxy,0.0,0.0,0.0,2874.0,2874.0,2874.0,0.0
354720,Santana da Ponte Pensa,SP,eligible_proxy,0.0,0.0,0.0,2874.0,2874.0,2874.0,0.0
354710,Santa Mercedes,SP,eligible_proxy,0.0,0.0,0.0,2874.0,2874.0,2874.0,0.0
354700,Santa Maria da Serra,SP,eligible_proxy,0.0,0.0,0.0,2874.0,2874.0,2874.0,0.0
354650,Santa Ernestina,SP,eligible_proxy,0.0,0.0,0.0,2874.0,2874.0,2874.0,0.0
354640,Santa Cruz do Rio Pardo,SP,eligible_proxy,0.0,0.0,0.0,2874.0,2874.0,2874.0,0.0
354960,São José do Barreiro,SP,eligible_proxy,0.0,0.0,0.0,2874.0,2874.0,2874.0,0.0
354950,São José da Bela Vista,SP,eligible_proxy,0.0,0.0,0.0,2874.0,2874.0,2874.0,0.0
354930,São João do Pau d'Alho,SP,eligible_proxy,0.0,0.0,0.0,2874.0,2874.0,2874.0,0.0
354925,São João de Iracema,SP,eligible_proxy,0.0,0.0,0.0,2874.0,2874.0,2874.0,0.0
354920,São João das Duas Pontes,SP,eligible_proxy,0.0,0.0,0.0,2874.0,2874.0,2874.0,0.0
354900,São Francisco,SP,eligible_proxy,0.0,0.0,0.0,2874.0,2874.0,2874.0,0.0
354860,São Bento do Sapucaí,SP,eligible_proxy,0.0,0.0,0.0,2874.0,2874.0,2874.0,0.0
354840,Santópolis do Aguapeí,SP,eligible_proxy,0.0,0.0,0.0,2874.0,2874.0,2874.0,0.0
354830,Santo Expedito,SP,eligible_proxy,0.0,0.0,0.0,2874.0,2874.0,2874.0,0.0
354820,Santo Antônio do Pinhal,SP,eligible_proxy,0.0,0.0,0.0,2874.0,2874.0,2874.0,0.0
354805,Santo Antônio do Aracanguá,SP,eligible_proxy,0.0,0.0,0.0,2874.0,2874.0,2874.0,0.0
354800,Santo Antônio de Posse,SP,eligible_proxy,0.0,0.0,0.0,2874.0,2874.0,2874.0,0.0
354790,Santo Antônio da Alegria,SP,eligible_proxy,0.0,0.0,0.0,2874.0,2874.0,2874.0,0.0
354770,Santo Anastácio,SP,eligible_proxy,0.0,0.0,0.0,2874.0,2874.0,2874.0,0.0
354765,Santa Salete,SP,eligible_proxy,0.0,0.0,0.0,2874.0,2874.0,2874.0,0.0
150100,Aveiro,PA,eligible_proxy,0.0,0.0,0.0,2874.0,2874.0,2874.0,0.0
355040,São Pedro,SP,eligible_proxy,0.0,0.0,0.0,2874.0,2874.0,2874.0,0.0
355020,São Miguel Arcanjo,SP,eligible_proxy,0.0,0.0,0.0,2874.0,2874.0,2874.0,0.0
355000,São Luiz do Paraitinga,SP,eligible_proxy,0.0,0.0,0.0,2874.0,2874.0,2874.0,0.0
210230,Buriti Bravo,MA,eligible_proxy,0.0,0.0,0.0,2874.0,2874.0,2874.0,0.0
210220,Buriti,MA,eligible_proxy,0.0,0.0,0.0,2874.0,2874.0,2874.0,0.0
210215,Brejo de Areia,MA,eligible_proxy,0.0,0.0,0.0,2874.0,2874.0,2874.0,0.0
210210,Brejo,MA,eligible_proxy,0.0,0.0,0.0,2874.0,2874.0,2874.0,0.0
210203,Bom Jesus das Selvas,MA,eligible_proxy,0.0,0.0,0.0,2874.0,2874.0,2874.0,0.0
210200,Bom Jardim,MA,eligible_proxy,0.0,0.0,0.0,2874.0,2874.0,2874.0,0.0
210193,Bernardo do Mearim,MA,eligible_proxy,0.0,0.0,0.0,2874.0,2874.0,2874.0,0.0
210190,Bequimão,MA,eligible_proxy,0.0,0.0,0.0,2874.0,2874.0,2874.0,0.0
210177,Bela Vista do Maranhão,MA,eligible_proxy,0.0,0.0,0.0,2874.0,2874.0,2874.0,0.0
210170,Barreirinhas,MA,eligible_proxy,0.0,0.0,0.0,2874.0,2874.0,2874.0,0.0
210160,Barra do Corda,MA,eligible_proxy,0.0,0.0,0.0,2874.0,2874.0,2874.0,0.0
210150,Barão de Grajaú,MA,eligible_proxy,0.0,0.0,0.0,2874.0,2874.0,2874.0,0.0
354995,São Lourenço da Serra,SP,eligible_proxy,0.0,0.0,0.0,2874.0,2874.0,2874.0,0.0
355290,Taciba,SP,eligible_proxy,0.0,0.0,0.0,2874.0,2874.0,2874.0,0.0
355280,Taboão da Serra,SP,eligible_proxy,0.0,0.0,0.0,2874.0,2874.0,2874.0,0.0
355270,Tabatinga,SP,eligible_proxy,0.0,0.0,0.0,2874.0,2874.0,2874.0,0.0
355260,Tabapuã,SP,eligible_proxy,0.0,0.0,0.0,2874.0,2874.0,2874.0,0.0
355255,Suzanápolis,SP,eligible_proxy,0.0,0.0,0.0,2874.0,2874.0,2874.0,0.0
355230,Sud Mennucci,SP,eligible_proxy,0.0,0.0,0.0,2874.0,2874.0,2874.0,0.0
355210,Socorro,SP,eligible_proxy,0.0,0.0,0.0,2874.0,2874.0,2874.0,0.0
355200,Silveiras,SP,eligible_proxy,0.0,0.0,0.0,2874.0,2874.0,2874.0,0.0
355180,Sete Barras,SP,eligible_proxy,0.0,0.0,0.0,2874.0,2874.0,2874.0,0.0
355160,Serra Negra,SP,eligible_proxy,0.0,0.0,0.0,2874.0,2874.0,2874.0,0.0
355140,Serra Azul,SP,eligible_proxy,0.0,0.0,0.0,2874.0,2874.0,2874.0,0.0
355130,Sebastianópolis do Sul,SP,eligible_proxy,0.0,0.0,0.0,2874.0,2874.0,2874.0,0.0
355110,Sarapuí,SP,eligible_proxy,0.0,0.0,0.0,2874.0,2874.0,2874.0,0.0
355080,São Sebastião da Grama,SP,eligible_proxy,0.0,0.0,0.0,2874.0,2874.0,2874.0,0.0
355070,São Sebastião,SP,eligible_proxy,0.0,0.0,0.0,2874.0,2874.0,2874.0,0.0
355050,São Pedro do Turvo,SP,eligible_proxy,0.0,0.0,0.0,2874.0,2874.0,2874.0,0.0
355390,TARABAI,SP,eligible_proxy,0.0,0.0,0.0,2874.0,2874.0,2874.0,0.0
355385,Taquarivaí,SP,eligible_proxy,0.0,0.0,0.0,2874.0,2874.0,2874.0,0.0
355365,Taquaral,SP,eligible_proxy,0.0,0.0,0.0,2874.0,2874.0,2874.0,0.0
355360,Tapiratiba,SP,eligible_proxy,0.0,0.0,0.0,2874.0,2874.0,2874.0,0.0
140050,São João da Baliza,RR,eligible_proxy,0.0,0.0,0.0,2874.0,2874.0,2874.0,0.0
140047,Rorainópolis,RR,eligible_proxy,0.0,0.0,0.0,2874.0,2874.0,2874.0,0.0
140030,Mucajaí,RR,eligible_proxy,0.0,0.0,0.0,2874.0,2874.0,2874.0,0.0
140023,Caroebe,RR,eligible_proxy,0.0,0.0,0.0,2874.0,2874.0,2874.0,0.0
140010,Boa Vista,RR,eligible_proxy,0.0,0.0,0.0,2874.0,2874.0,2874.0,0.0
140005,Alto Alegre,RR,eligible_proxy,0.0,0.0,0.0,2874.0,2874.0,2874.0,0.0
140002,Amajari,RR,eligible_proxy,0.0,0.0,0.0,2874.0,2874.0,2874.0,0.0
355340,Tanabi,SP,eligible_proxy,0.0,0.0,0.0,2874.0,2874.0,2874.0,0.0
355330,Tambaú,SP,eligible_proxy,0.0,0.0,0.0,2874.0,2874.0,2874.0,0.0
355320,Taiúva,SP,eligible_proxy,0.0,0.0,0.0,2874.0,2874.0,2874.0,0.0
355310,Taiaçu,SP,eligible_proxy,0.0,0.0,0.0,2874.0,2874.0,2874.0,0.0
355300,Taguaí,SP,eligible_proxy,0.0,0.0,0.0,2874.0,2874.0,2874.0,0.0
355590,Uru,SP,eligible_proxy,0.0,0.0,0.0,2874.0,2874.0,2874.0,0.0
355580,Urânia,SP,eligible_proxy,0.0,0.0,0.0,2874.0,2874.0,2874.0,0.0
355570,União Paulista,SP,eligible_proxy,0.0,0.0,0.0,2874.0,2874.0,2874.0,0.0
355560,Uchoa,SP,eligible_proxy,0.0,0.0,0.0,2874.0,2874.0,2874.0,0.0
355550,Ubirajara,SP,eligible_proxy,0.0,0.0,0.0,2874.0,2874.0,2874.0,0.0
355535,Ubarana,SP,eligible_proxy,0.0,0.0,0.0,2874.0,2874.0,2874.0,0.0
355530,Turmalina,SP,eligible_proxy,0.0,0.0,0.0,2874.0,2874.0,2874.0,0.0
355520,Turiúba,SP,eligible_proxy,0.0,0.0,0.0,2874.0,2874.0,2874.0,0.0
355510,Tupi Paulista,SP,eligible_proxy,0.0,0.0,0.0,2874.0,2874.0,2874.0,0.0
220277,Colônia do Piauí,PI,eligible_proxy,0.0,0.0,0.0,2874.0,2874.0,2874.0,0.0
355470,Torrinha,SP,eligible_proxy,0.0,0.0,0.0,2874.0,2874.0,2874.0,0.0
355465,Torre de Pedra,SP,eligible_proxy,0.0,0.0,0.0,2874.0,2874.0,2874.0,0.0
355460,Timburi,SP,eligible_proxy,0.0,0.0,0.0,2874.0,2874.0,2874.0,0.0
355440,Terra Roxa,SP,eligible_proxy,0.0,0.0,0.0,2874.0,2874.0,2874.0,0.0
355430,Teodoro Sampaio,SP,eligible_proxy,0.0,0.0,0.0,2874.0,2874.0,2874.0,0.0
355420,Tejupá,SP,eligible_proxy,0.0,0.0,0.0,2874.0,2874.0,2874.0,0.0
410045,Altamira do Paraná,PR,eligible_proxy,0.0,0.0,0.0,2874.0,2874.0,2874.0,0.0
410030,Agudos do Sul,PR,eligible_proxy,0.0,0.0,0.0,2874.0,2874.0,2874.0,0.0
410010,Abatiá,PR,eligible_proxy,0.0,0.0,0.0,2874.0,2874.0,2874.0,0.0
355730,Estiva Gerbi,SP,eligible_proxy,0.0,0.0,0.0,2874.0,2874.0,2874.0,0.0
355720,Chavantes,SP,eligible_proxy,0.0,0.0,0.0,2874.0,2874.0,2874.0,0.0
355715,Zacarias,SP,eligible_proxy,0.0,0.0,0.0,2874.0,2874.0,2874.0,0.0
355710,Votuporanga,SP,eligible_proxy,0.0,0.0,0.0,2874.0,2874.0,2874.0,0.0
355695,Vitória Brasil,SP,eligible_proxy,0.0,0.0,0.0,2874.0,2874.0,2874.0,0.0
355690,Vista Alegre do Alto,SP,eligible_proxy,0.0,0.0,0.0,2874.0,2874.0,2874.0,0.0
355660,Vera Cruz,SP,eligible_proxy,0.0,0.0,0.0,2874.0,2874.0,2874.0,0.0
355645,Vargem Grande Paulista,SP,eligible_proxy,0.0,0.0,0.0,2874.0,2874.0,2874.0,0.0
355640,Vargem Grande do Sul,SP,eligible_proxy,0.0,0.0,0.0,2874.0,2874.0,2874.0,0.0
355635,Vargem,SP,eligible_proxy,0.0,0.0,0.0,2874.0,2874.0,2874.0,0.0
355630,Valparaíso,SP,eligible_proxy,0.0,0.0,0.0,2874.0,2874.0,2874.0,0.0
355610,Valentim Gentil,SP,eligible_proxy,0.0,0.0,0.0,2874.0,2874.0,2874.0,0.0
355600,Urupês,SP,eligible_proxy,0.0,0.0,0.0,2874.0,2874.0,2874.0,0.0
410210,Astorga,PR,eligible_proxy,0.0,0.0,0.0,2874.0,2874.0,2874.0,0.0
410190,Assaí,PR,eligible_proxy,0.0,0.0,0.0,2874.0,2874.0,2874.0,0.0
410170,Araruna,PR,eligible_proxy,0.0,0.0,0.0,2874.0,2874.0,2874.0,0.0
410165,Arapuã,PR,eligible_proxy,0.0,0.0,0.0,2874.0,2874.0,2874.0,0.0
410160,Arapoti,PR,eligible_proxy,0.0,0.0,0.0,2874.0,2874.0,2874.0,0.0
410140,Apucarana,PR,eligible_proxy,0.0,0.0,0.0,2874.0,2874.0,2874.0,0.0
410130,ANTONIO OLINTO,PR,eligible_proxy,0.0,0.0,0.0,2874.0,2874.0,2874.0,0.0
410120,Antonina,PR,eligible_proxy,0.0,0.0,0.0,2874.0,2874.0,2874.0,0.0
410115,Ângulo,PR,eligible_proxy,0.0,0.0,0.0,2874.0,2874.0,2874.0,0.0
410110,Andirá,PR,eligible_proxy,0.0,0.0,0.0,2874.0,2874.0,2874.0,0.0
410105,Anahy,PR,eligible_proxy,0.0,0.0,0.0,2874.0,2874.0,2874.0,0.0
410100,Ampére,PR,eligible_proxy,0.0,0.0,0.0,2874.0,2874.0,2874.0,0.0
410090,Amaporã,PR,eligible_proxy,0.0,0.0,0.0,2874.0,2874.0,2874.0,0.0
410080,Alvorada do Sul,PR,eligible_proxy,0.0,0.0,0.0,2874.0,2874.0,2874.0,0.0
410070,Alto Piquiri,PR,eligible_proxy,0.0,0.0,0.0,2874.0,2874.0,2874.0,0.0
410050,Altônia,PR,eligible_proxy,0.0,0.0,0.0,2874.0,2874.0,2874.0,0.0
410330,Borrazópolis,PR,eligible_proxy,0.0,0.0,0.0,2874.0,2874.0,2874.0,0.0
410320,Bom Sucesso,PR,eligible_proxy,0.0,0.0,0.0,2874.0,2874.0,2874.0,0.0
410315,Bom Jesus do Sul,PR,eligible_proxy,0.0,0.0,0.0,2874.0,2874.0,2874.0,0.0
410305,Boa Vista da Aparecida,PR,eligible_proxy,0.0,0.0,0.0,2874.0,2874.0,2874.0,0.0
410304,Boa Ventura de São Roque,PR,eligible_proxy,0.0,0.0,0.0,2874.0,2874.0,2874.0,0.0
410302,Boa Esperança do Iguaçu,PR,eligible_proxy,0.0,0.0,0.0,2874.0,2874.0,2874.0,0.0
410300,Boa Esperança,PR,eligible_proxy,0.0,0.0,0.0,2874.0,2874.0,2874.0,0.0
410290,Bituruna,PR,eligible_proxy,0.0,0.0,0.0,2874.0,2874.0,2874.0,0.0
410280,Bela Vista do Paraíso,PR,eligible_proxy,0.0,0.0,0.0,2874.0,2874.0,2874.0,0.0
410275,Bela Vista da Caroba,PR,eligible_proxy,0.0,0.0,0.0,2874.0,2874.0,2874.0,0.0
410270,Barra do Jacaré,PR,eligible_proxy,0.0,0.0,0.0,2874.0,2874.0,2874.0,0.0
410260,Barracão,PR,eligible_proxy,0.0,0.0,0.0,2874.0,2874.0,2874.0,0.0
410250,Barbosa Ferraz,PR,eligible_proxy,0.0,0.0,0.0,2874.0,2874.0,2874.0,0.0
410240,Bandeirantes,PR,eligible_proxy,0.0,0.0,0.0,2874.0,2874.0,2874.0,0.0
410230,Balsa Nova,PR,eligible_proxy,0.0,0.0,0.0,2874.0,2874.0,2874.0,0.0
410220,Atalaia,PR,eligible_proxy,0.0,0.0,0.0,2874.0,2874.0,2874.0,0.0
410445,Cantagalo,PR,eligible_proxy,0.0,0.0,0.0,2874.0,2874.0,2874.0,0.0
410442,Candói,PR,eligible_proxy,0.0,0.0,0.0,2874.0,2874.0,2874.0,0.0
410440,Cândido de Abreu,PR,eligible_proxy,0.0,0.0,0.0,2874.0,2874.0,2874.0,0.0
410425,Campo Magro,PR,eligible_proxy,0.0,0.0,0.0,2874.0,2874.0,2874.0,0.0
410420,Campo Largo,PR,eligible_proxy,0.0,0.0,0.0,2874.0,2874.0,2874.0,0.0
410410,Campo do Tenente,PR,eligible_proxy,0.0,0.0,0.0,2874.0,2874.0,2874.0,0.0
410405,Campo Bonito,PR,eligible_proxy,0.0,0.0,0.0,2874.0,2874.0,2874.0,0.0
410390,Campina da Lagoa,PR,eligible_proxy,0.0,0.0,0.0,2874.0,2874.0,2874.0,0.0
410380,Cambira,PR,eligible_proxy,0.0,0.0,0.0,2874.0,2874.0,2874.0,0.0
410360,CAMBARA,PR,eligible_proxy,0.0,0.0,0.0,2874.0,2874.0,2874.0,0.0
410350,Califórnia,PR,eligible_proxy,0.0,0.0,0.0,2874.0,2874.0,2874.0,0.0
410347,Cafezal do Sul,PR,eligible_proxy,0.0,0.0,0.0,2874.0,2874.0,2874.0,0.0
220280,Conceição do Canindé,PI,eligible_proxy,0.0,0.0,0.0,2874.0,2874.0,2874.0,0.0
410340,Cafeara,PR,eligible_proxy,0.0,0.0,0.0,2874.0,2874.0,2874.0,0.0
410337,Brasilândia do Sul,PR,eligible_proxy,0.0,0.0,0.0,2874.0,2874.0,2874.0,0.0
410335,Braganey,PR,eligible_proxy,0.0,0.0,0.0,2874.0,2874.0,2874.0,0.0
210083,Apicum-Açu,MA,eligible_proxy,0.0,0.0,0.0,2874.0,2874.0,2874.0,0.0
210080,Anapurus,MA,eligible_proxy,0.0,0.0,0.0,2874.0,2874.0,2874.0,0.0
210070,Anajatuba,MA,eligible_proxy,0.0,0.0,0.0,2874.0,2874.0,2874.0,0.0
210060,Amarante do Maranhão,MA,eligible_proxy,0.0,0.0,0.0,2874.0,2874.0,2874.0,0.0
210050,Alto Parnaíba,MA,eligible_proxy,0.0,0.0,0.0,2874.0,2874.0,2874.0,0.0
410580,Colombo,PR,eligible_proxy,0.0,0.0,0.0,2874.0,2874.0,2874.0,0.0
410570,Clevelândia,PR,eligible_proxy,0.0,0.0,0.0,2874.0,2874.0,2874.0,0.0
410560,Cidade Gaúcha,PR,eligible_proxy,0.0,0.0,0.0,2874.0,2874.0,2874.0,0.0
410540,Chopinzinho,PR,eligible_proxy,0.0,0.0,0.0,2874.0,2874.0,2874.0,0.0
410530,Céu Azul,PR,eligible_proxy,0.0,0.0,0.0,2874.0,2874.0,2874.0,0.0
410520,Cerro Azul,PR,eligible_proxy,0.0,0.0,0.0,2874.0,2874.0,2874.0,0.0
410510,Centenário do Sul,PR,eligible_proxy,0.0,0.0,0.0,2874.0,2874.0,2874.0,0.0
410500,Catanduvas,PR,eligible_proxy,0.0,0.0,0.0,2874.0,2874.0,2874.0,0.0
410470,Carlópolis,PR,eligible_proxy,0.0,0.0,0.0,2874.0,2874.0,2874.0,0.0
410460,Capitão Leônidas Marques,PR,eligible_proxy,0.0,0.0,0.0,2874.0,2874.0,2874.0,0.0
410450,Capanema,PR,eligible_proxy,0.0,0.0,0.0,2874.0,2874.0,2874.0,0.0
410685,Cruzmaltina,PR,eligible_proxy,0.0,0.0,0.0,2874.0,2874.0,2874.0,0.0
410680,Cruz Machado,PR,eligible_proxy,0.0,0.0,0.0,2874.0,2874.0,2874.0,0.0
410670,Cruzeiro do Sul,PR,eligible_proxy,0.0,0.0,0.0,2874.0,2874.0,2874.0,0.0
410660,Cruzeiro do Oeste,PR,eligible_proxy,0.0,0.0,0.0,2874.0,2874.0,2874.0,0.0
410657,Cruzeiro do Iguaçu,PR,eligible_proxy,0.0,0.0,0.0,2874.0,2874.0,2874.0,0.0
410655,Corumbataí do Sul,PR,eligible_proxy,0.0,0.0,0.0,2874.0,2874.0,2874.0,0.0
410650,Coronel Vivida,PR,eligible_proxy,0.0,0.0,0.0,2874.0,2874.0,2874.0,0.0
410645,Coronel Domingos Soares,PR,eligible_proxy,0.0,0.0,0.0,2874.0,2874.0,2874.0,0.0
410630,Corbélia,PR,eligible_proxy,0.0,0.0,0.0,2874.0,2874.0,2874.0,0.0
410610,Conselheiro Mairinck,PR,eligible_proxy,0.0,0.0,0.0,2874.0,2874.0,2874.0,0.0
410600,Congonhinhas,PR,eligible_proxy,0.0,0.0,0.0,2874.0,2874.0,2874.0,0.0
210140,Balsas,MA,eligible_proxy,0.0,0.0,0.0,2874.0,2874.0,2874.0,0.0
210120,Bacabal,MA,eligible_proxy,0.0,0.0,0.0,2874.0,2874.0,2874.0,0.0
210110,Axixá,MA,eligible_proxy,0.0,0.0,0.0,2874.0,2874.0,2874.0,0.0
210100,Arari,MA,eligible_proxy,0.0,0.0,0.0,2874.0,2874.0,2874.0,0.0
210095,Arame,MA,eligible_proxy,0.0,0.0,0.0,2874.0,2874.0,2874.0,0.0
410775,Figueira,PR,eligible_proxy,0.0,0.0,0.0,2874.0,2874.0,2874.0,0.0
410770,Fênix,PR,eligible_proxy,0.0,0.0,0.0,2874.0,2874.0,2874.0,0.0
410760,Faxinal,PR,eligible_proxy,0.0,0.0,0.0,2874.0,2874.0,2874.0,0.0
410755,Farol,PR,eligible_proxy,0.0,0.0,0.0,2874.0,2874.0,2874.0,0.0
410754,Espigão Alto do Iguaçu,PR,eligible_proxy,0.0,0.0,0.0,2874.0,2874.0,2874.0,0.0
410753,Entre Rios do Oeste,PR,eligible_proxy,0.0,0.0,0.0,2874.0,2874.0,2874.0,0.0
410752,Esperança Nova,PR,eligible_proxy,0.0,0.0,0.0,2874.0,2874.0,2874.0,0.0
410750,Engenheiro Beltrão,PR,eligible_proxy,0.0,0.0,0.0,2874.0,2874.0,2874.0,0.0
410740,Enéas Marques,PR,eligible_proxy,0.0,0.0,0.0,2874.0,2874.0,2874.0,0.0
410730,Doutor Camargo,PR,eligible_proxy,0.0,0.0,0.0,2874.0,2874.0,2874.0,0.0
410725,Douradina,PR,eligible_proxy,0.0,0.0,0.0,2874.0,2874.0,2874.0,0.0
410720,Dois Vizinhos,PR,eligible_proxy,0.0,0.0,0.0,2874.0,2874.0,2874.0,0.0
410715,Diamante D'Oeste,PR,eligible_proxy,0.0,0.0,0.0,2874.0,2874.0,2874.0,0.0
410712,Diamante do Sul,PR,eligible_proxy,0.0,0.0,0.0,2874.0,2874.0,2874.0,0.0
410710,Diamante do Norte,PR,eligible_proxy,0.0,0.0,0.0,2874.0,2874.0,2874.0,0.0
410700,Curiúva,PR,eligible_proxy,0.0,0.0,0.0,2874.0,2874.0,2874.0,0.0
130356,Rio Preto da Eva,AM,eligible_proxy,0.0,0.0,0.0,2874.0,2874.0,2874.0,0.0
130353,Presidente Figueiredo,AM,eligible_proxy,0.0,0.0,0.0,2874.0,2874.0,2874.0,0.0
220290,Corrente,PI,eligible_proxy,0.0,0.0,0.0,2874.0,2874.0,2874.0,0.0
220285,Coronel José Dias,PI,eligible_proxy,0.0,0.0,0.0,2874.0,2874.0,2874.0,0.0
410865,Goioxim,PR,eligible_proxy,0.0,0.0,0.0,2874.0,2874.0,2874.0,0.0
410860,Goioerê,PR,eligible_proxy,0.0,0.0,0.0,2874.0,2874.0,2874.0,0.0
410855,Godoy Moreira,PR,eligible_proxy,0.0,0.0,0.0,2874.0,2874.0,2874.0,0.0
410845,Foz do Jordão,PR,eligible_proxy,0.0,0.0,0.0,2874.0,2874.0,2874.0,0.0
410832,Francisco Alves,PR,eligible_proxy,0.0,0.0,0.0,2874.0,2874.0,2874.0,0.0
410830,Foz do Iguaçu,PR,eligible_proxy,0.0,0.0,0.0,2874.0,2874.0,2874.0,0.0
410820,Formosa do Oeste,PR,eligible_proxy,0.0,0.0,0.0,2874.0,2874.0,2874.0,0.0
410810,Flórida,PR,eligible_proxy,0.0,0.0,0.0,2874.0,2874.0,2874.0,0.0
410800,Florestópolis,PR,eligible_proxy,0.0,0.0,0.0,2874.0,2874.0,2874.0,0.0
410790,Floresta,PR,eligible_proxy,0.0,0.0,0.0,2874.0,2874.0,2874.0,0.0
410785,Flor da Serra do Sul,PR,eligible_proxy,0.0,0.0,0.0,2874.0,2874.0,2874.0,0.0
410780,Floraí,PR,eligible_proxy,0.0,0.0,0.0,2874.0,2874.0,2874.0,0.0
410990,Icaraíma,PR,eligible_proxy,0.0,0.0,0.0,2874.0,2874.0,2874.0,0.0
410975,Ibema,PR,eligible_proxy,0.0,0.0,0.0,2874.0,2874.0,2874.0,0.0
410970,Ibaiti,PR,eligible_proxy,0.0,0.0,0.0,2874.0,2874.0,2874.0,0.0
410965,Honório Serpa,PR,eligible_proxy,0.0,0.0,0.0,2874.0,2874.0,2874.0,0.0
410960,Guaratuba,PR,eligible_proxy,0.0,0.0,0.0,2874.0,2874.0,2874.0,0.0
410930,Guaraniaçu,PR,eligible_proxy,0.0,0.0,0.0,2874.0,2874.0,2874.0,0.0
410920,Guaraci,PR,eligible_proxy,0.0,0.0,0.0,2874.0,2874.0,2874.0,0.0
410910,GUAPOREMA,PR,eligible_proxy,0.0,0.0,0.0,2874.0,2874.0,2874.0,0.0
410900,Guapirama,PR,eligible_proxy,0.0,0.0,0.0,2874.0,2874.0,2874.0,0.0
410895,GUAMIRANGA,PR,eligible_proxy,0.0,0.0,0.0,2874.0,2874.0,2874.0,0.0
410890,Guairaçá,PR,eligible_proxy,0.0,0.0,0.0,2874.0,2874.0,2874.0,0.0
410880,Guaíra,PR,eligible_proxy,0.0,0.0,0.0,2874.0,2874.0,2874.0,0.0
410870,Grandes Rios,PR,eligible_proxy,0.0,0.0,0.0,2874.0,2874.0,2874.0,0.0
220310,Cristino Castro,PI,eligible_proxy,0.0,0.0,0.0,2874.0,2874.0,2874.0,0.0
130400,Silves,AM,eligible_proxy,0.0,0.0,0.0,2874.0,2874.0,2874.0,0.0
130390,São Paulo de Olivença,AM,eligible_proxy,0.0,0.0,0.0,2874.0,2874.0,2874.0,0.0
411140,Ivaí,PR,eligible_proxy,0.0,0.0,0.0,2874.0,2874.0,2874.0,0.0
411130,Itaúna do Sul,PR,eligible_proxy,0.0,0.0,0.0,2874.0,2874.0,2874.0,0.0
411120,Itapejara d'Oeste,PR,eligible_proxy,0.0,0.0,0.0,2874.0,2874.0,2874.0,0.0
411110,Itambé,PR,eligible_proxy,0.0,0.0,0.0,2874.0,2874.0,2874.0,0.0
411100,Itambaracá,PR,eligible_proxy,0.0,0.0,0.0,2874.0,2874.0,2874.0,0.0
411095,ITAIPULANDIA,PR,eligible_proxy,0.0,0.0,0.0,2874.0,2874.0,2874.0,0.0
411090,Itaguajé,PR,eligible_proxy,0.0,0.0,0.0,2874.0,2874.0,2874.0,0.0
411080,Iretama,PR,eligible_proxy,0.0,0.0,0.0,2874.0,2874.0,2874.0,0.0
411065,Iracema do Oeste,PR,eligible_proxy,0.0,0.0,0.0,2874.0,2874.0,2874.0,0.0
411060,Iporã,PR,eligible_proxy,0.0,0.0,0.0,2874.0,2874.0,2874.0,0.0
411050,Ipiranga,PR,eligible_proxy,0.0,0.0,0.0,2874.0,2874.0,2874.0,0.0
411040,Indianópolis,PR,eligible_proxy,0.0,0.0,0.0,2874.0,2874.0,2874.0,0.0
411020,Inácio Martins,PR,eligible_proxy,0.0,0.0,0.0,2874.0,2874.0,2874.0,0.0
411010,Imbituva,PR,eligible_proxy,0.0,0.0,0.0,2874.0,2874.0,2874.0,0.0
411005,Iguatu,PR,eligible_proxy,0.0,0.0,0.0,2874.0,2874.0,2874.0,0.0
411000,Iguaraçu,PR,eligible_proxy,0.0,0.0,0.0,2874.0,2874.0,2874.0,0.0
411310,Kaloré,PR,eligible_proxy,0.0,0.0,0.0,2874.0,2874.0,2874.0,0.0
411300,Jussara,PR,eligible_proxy,0.0,0.0,0.0,2874.0,2874.0,2874.0,0.0
411295,Juranda,PR,eligible_proxy,0.0,0.0,0.0,2874.0,2874.0,2874.0,0.0
411290,Jundiaí do Sul,PR,eligible_proxy,0.0,0.0,0.0,2874.0,2874.0,2874.0,0.0
411280,Joaquim Távora,PR,eligible_proxy,0.0,0.0,0.0,2874.0,2874.0,2874.0,0.0
411270,Jataizinho,PR,eligible_proxy,0.0,0.0,0.0,2874.0,2874.0,2874.0,0.0
411250,Jardim Alegre,PR,eligible_proxy,0.0,0.0,0.0,2874.0,2874.0,2874.0,0.0
411240,Japurá,PR,eligible_proxy,0.0,0.0,0.0,2874.0,2874.0,2874.0,0.0
411230,Japira,PR,eligible_proxy,0.0,0.0,0.0,2874.0,2874.0,2874.0,0.0
411220,Janiópolis,PR,eligible_proxy,0.0,0.0,0.0,2874.0,2874.0,2874.0,0.0
411190,Jaguapitã,PR,eligible_proxy,0.0,0.0,0.0,2874.0,2874.0,2874.0,0.0
411180,Jacarezinho,PR,eligible_proxy,0.0,0.0,0.0,2874.0,2874.0,2874.0,0.0
411170,Jaboti,PR,eligible_proxy,0.0,0.0,0.0,2874.0,2874.0,2874.0,0.0
411160,Ivatuba,PR,eligible_proxy,0.0,0.0,0.0,2874.0,2874.0,2874.0,0.0
411155,Ivaté,PR,eligible_proxy,0.0,0.0,0.0,2874.0,2874.0,2874.0,0.0
411150,Ivaiporã,PR,eligible_proxy,0.0,0.0,0.0,2874.0,2874.0,2874.0,0.0
411470,Maria Helena,PR,eligible_proxy,0.0,0.0,0.0,2874.0,2874.0,2874.0,0.0
411460,Marechal Cândido Rondon,PR,eligible_proxy,0.0,0.0,0.0,2874.0,2874.0,2874.0,0.0
411450,Manoel Ribas,PR,eligible_proxy,0.0,0.0,0.0,2874.0,2874.0,2874.0,0.0
411440,Mangueirinha,PR,eligible_proxy,0.0,0.0,0.0,2874.0,2874.0,2874.0,0.0
411435,Manfrinópolis,PR,eligible_proxy,0.0,0.0,0.0,2874.0,2874.0,2874.0,0.0
411420,Mandaguari,PR,eligible_proxy,0.0,0.0,0.0,2874.0,2874.0,2874.0,0.0
411400,Mamborê,PR,eligible_proxy,0.0,0.0,0.0,2874.0,2874.0,2874.0,0.0
411390,Mallet,PR,eligible_proxy,0.0,0.0,0.0,2874.0,2874.0,2874.0,0.0
411380,Lupionópolis,PR,eligible_proxy,0.0,0.0,0.0,2874.0,2874.0,2874.0,0.0
411375,Lunardelli,PR,eligible_proxy,0.0,0.0,0.0,2874.0,2874.0,2874.0,0.0
411373,Luiziana,PR,eligible_proxy,0.0,0.0,0.0,2874.0,2874.0,2874.0,0.0
411345,Lindoeste,PR,eligible_proxy,0.0,0.0,0.0,2874.0,2874.0,2874.0,0.0
411342,Lidianópolis,PR,eligible_proxy,0.0,0.0,0.0,2874.0,2874.0,2874.0,0.0
411340,Leópolis,PR,eligible_proxy,0.0,0.0,0.0,2874.0,2874.0,2874.0,0.0
411330,Laranjeiras do Sul,PR,eligible_proxy,0.0,0.0,0.0,2874.0,2874.0,2874.0,0.0
411325,Laranjal,PR,eligible_proxy,0.0,0.0,0.0,2874.0,2874.0,2874.0,0.0
172120,Tocantinópolis,TO,eligible_proxy,0.0,0.0,0.0,2874.0,2874.0,2874.0,0.0
172110,Tocantínia,TO,eligible_proxy,0.0,0.0,0.0,2874.0,2874.0,2874.0,0.0
172097,Talismã,TO,eligible_proxy,0.0,0.0,0.0,2874.0,2874.0,2874.0,0.0
411590,Mirador,PR,eligible_proxy,0.0,0.0,0.0,2874.0,2874.0,2874.0,0.0
411585,Mercedes,PR,eligible_proxy,0.0,0.0,0.0,2874.0,2874.0,2874.0,0.0
411575,Mauá da Serra,PR,eligible_proxy,0.0,0.0,0.0,2874.0,2874.0,2874.0,0.0
411573,Mato Rico,PR,eligible_proxy,0.0,0.0,0.0,2874.0,2874.0,2874.0,0.0
411560,Matelândia,PR,eligible_proxy,0.0,0.0,0.0,2874.0,2874.0,2874.0,0.0
411550,Marumbi,PR,eligible_proxy,0.0,0.0,0.0,2874.0,2874.0,2874.0,0.0
411545,Marquinho,PR,eligible_proxy,0.0,0.0,0.0,2874.0,2874.0,2874.0,0.0
411540,Marmeleiro,PR,eligible_proxy,0.0,0.0,0.0,2874.0,2874.0,2874.0,0.0
411535,Maripá,PR,eligible_proxy,0.0,0.0,0.0,2874.0,2874.0,2874.0,0.0
411530,Mariópolis,PR,eligible_proxy,0.0,0.0,0.0,2874.0,2874.0,2874.0,0.0
411510,Mariluz,PR,eligible_proxy,0.0,0.0,0.0,2874.0,2874.0,2874.0,0.0
411500,Marilena,PR,eligible_proxy,0.0,0.0,0.0,2874.0,2874.0,2874.0,0.0
411490,Marilândia do Sul,PR,eligible_proxy,0.0,0.0,0.0,2874.0,2874.0,2874.0,0.0
411705,Nova Laranjeiras,PR,eligible_proxy,0.0,0.0,0.0,2874.0,2874.0,2874.0,0.0
411695,Nova Esperança do Sudoeste,PR,eligible_proxy,0.0,0.0,0.0,2874.0,2874.0,2874.0,0.0
411680,Nova Cantu,PR,eligible_proxy,0.0,0.0,0.0,2874.0,2874.0,2874.0,0.0
411660,Nova América da Colina,PR,eligible_proxy,0.0,0.0,0.0,2874.0,2874.0,2874.0,0.0
411640,Nossa Senhora das Graças,PR,eligible_proxy,0.0,0.0,0.0,2874.0,2874.0,2874.0,0.0
411630,Munhoz de Melo,PR,eligible_proxy,0.0,0.0,0.0,2874.0,2874.0,2874.0,0.0
411620,Morretes,PR,eligible_proxy,0.0,0.0,0.0,2874.0,2874.0,2874.0,0.0
411610,Moreira Sales,PR,eligible_proxy,0.0,0.0,0.0,2874.0,2874.0,2874.0,0.0
411605,Missal,PR,eligible_proxy,0.0,0.0,0.0,2874.0,2874.0,2874.0,0.0
411600,Miraselva,PR,eligible_proxy,0.0,0.0,0.0,2874.0,2874.0,2874.0,0.0
210030,Aldeias Altas,MA,eligible_proxy,0.0,0.0,0.0,2874.0,2874.0,2874.0,0.0
210020,Alcântara,MA,eligible_proxy,0.0,0.0,0.0,2874.0,2874.0,2874.0,0.0
210015,Água Doce do Maranhão,MA,eligible_proxy,0.0,0.0,0.0,2874.0,2874.0,2874.0,0.0
210010,Afonso Cunha,MA,eligible_proxy,0.0,0.0,0.0,2874.0,2874.0,2874.0,0.0
210005,Açailândia,MA,eligible_proxy,0.0,0.0,0.0,2874.0,2874.0,2874.0,0.0
172210,Xambioá,TO,eligible_proxy,0.0,0.0,0.0,2874.0,2874.0,2874.0,0.0
411860,Paula Freitas,PR,eligible_proxy,0.0,0.0,0.0,2874.0,2874.0,2874.0,0.0
411845,Pato Bragado,PR,eligible_proxy,0.0,0.0,0.0,2874.0,2874.0,2874.0,0.0
411810,Paranacity,PR,eligible_proxy,0.0,0.0,0.0,2874.0,2874.0,2874.0,0.0
411800,Paraíso do Norte,PR,eligible_proxy,0.0,0.0,0.0,2874.0,2874.0,2874.0,0.0
411790,Palotina,PR,eligible_proxy,0.0,0.0,0.0,2874.0,2874.0,2874.0,0.0
411780,Palmital,PR,eligible_proxy,0.0,0.0,0.0,2874.0,2874.0,2874.0,0.0
411770,Palmeira,PR,eligible_proxy,0.0,0.0,0.0,2874.0,2874.0,2874.0,0.0
411740,Ourizona,PR,eligible_proxy,0.0,0.0,0.0,2874.0,2874.0,2874.0,0.0
411730,Ortigueira,PR,eligible_proxy,0.0,0.0,0.0,2874.0,2874.0,2874.0,0.0
411729,Novo Itacolomi,PR,eligible_proxy,0.0,0.0,0.0,2874.0,2874.0,2874.0,0.0
411727,Nova Tebas,PR,eligible_proxy,0.0,0.0,0.0,2874.0,2874.0,2874.0,0.0
411725,Nova Prata do Iguaçu,PR,eligible_proxy,0.0,0.0,0.0,2874.0,2874.0,2874.0,0.0
411722,Nova Santa Rosa,PR,eligible_proxy,0.0,0.0,0.0,2874.0,2874.0,2874.0,0.0
411721,Nova Santa Bárbara,PR,eligible_proxy,0.0,0.0,0.0,2874.0,2874.0,2874.0,0.0
411720,Nova Olímpia,PR,eligible_proxy,0.0,0.0,0.0,2874.0,2874.0,2874.0,0.0
411710,Nova Londrina,PR,eligible_proxy,0.0,0.0,0.0,2874.0,2874.0,2874.0,0.0
412035,Pranchita,PR,eligible_proxy,0.0,0.0,0.0,2874.0,2874.0,2874.0,0.0
220320,Curimatá,PI,eligible_proxy,0.0,0.0,0.0,2874.0,2874.0,2874.0,0.0
412020,Porto Rico,PR,eligible_proxy,0.0,0.0,0.0,2874.0,2874.0,2874.0,0.0
412000,Porecatu,PR,eligible_proxy,0.0,0.0,0.0,2874.0,2874.0,2874.0,0.0
411995,Pontal do Paraná,PR,eligible_proxy,0.0,0.0,0.0,2874.0,2874.0,2874.0,0.0
411980,Planalto,PR,eligible_proxy,0.0,0.0,0.0,2874.0,2874.0,2874.0,0.0
411965,Pitangueiras,PR,eligible_proxy,0.0,0.0,0.0,2874.0,2874.0,2874.0,0.0
411960,Pitanga,PR,eligible_proxy,0.0,0.0,0.0,2874.0,2874.0,2874.0,0.0
411940,Piraí do Sul,PR,eligible_proxy,0.0,0.0,0.0,2874.0,2874.0,2874.0,0.0
411930,Pinhão,PR,eligible_proxy,0.0,0.0,0.0,2874.0,2874.0,2874.0,0.0
411920,Pinhalão,PR,eligible_proxy,0.0,0.0,0.0,2874.0,2874.0,2874.0,0.0
411910,Piên,PR,eligible_proxy,0.0,0.0,0.0,2874.0,2874.0,2874.0,0.0
411900,Pérola d'Oeste,PR,eligible_proxy,0.0,0.0,0.0,2874.0,2874.0,2874.0,0.0
411885,Perobal,PR,eligible_proxy,0.0,0.0,0.0,2874.0,2874.0,2874.0,0.0
411880,Peabiru,PR,eligible_proxy,0.0,0.0,0.0,2874.0,2874.0,2874.0,0.0
411870,Paulo Frontin,PR,eligible_proxy,0.0,0.0,0.0,2874.0,2874.0,2874.0,0.0
412150,Rebouças,PR,eligible_proxy,0.0,0.0,0.0,2874.0,2874.0,2874.0,0.0
412140,Realeza,PR,eligible_proxy,0.0,0.0,0.0,2874.0,2874.0,2874.0,0.0
412135,Rancho Alegre D'Oeste,PR,eligible_proxy,0.0,0.0,0.0,2874.0,2874.0,2874.0,0.0
412130,Rancho Alegre,PR,eligible_proxy,0.0,0.0,0.0,2874.0,2874.0,2874.0,0.0
412125,RAMILANDIA,PR,eligible_proxy,0.0,0.0,0.0,2874.0,2874.0,2874.0,0.0
412120,QUITANDINHA,PR,eligible_proxy,0.0,0.0,0.0,2874.0,2874.0,2874.0,0.0
412110,Quinta do Sol,PR,eligible_proxy,0.0,0.0,0.0,2874.0,2874.0,2874.0,0.0
412100,Querência do Norte,PR,eligible_proxy,0.0,0.0,0.0,2874.0,2874.0,2874.0,0.0
412090,Quedas do Iguaçu,PR,eligible_proxy,0.0,0.0,0.0,2874.0,2874.0,2874.0,0.0
412085,Quatro Pontes,PR,eligible_proxy,0.0,0.0,0.0,2874.0,2874.0,2874.0,0.0
412080,Quatro Barras,PR,eligible_proxy,0.0,0.0,0.0,2874.0,2874.0,2874.0,0.0
412070,Quatiguá,PR,eligible_proxy,0.0,0.0,0.0,2874.0,2874.0,2874.0,0.0
412065,Quarto Centenário,PR,eligible_proxy,0.0,0.0,0.0,2874.0,2874.0,2874.0,0.0
412060,Prudentópolis,PR,eligible_proxy,0.0,0.0,0.0,2874.0,2874.0,2874.0,0.0
412050,Primeiro de Maio,PR,eligible_proxy,0.0,0.0,0.0,2874.0,2874.0,2874.0,0.0
412040,Presidente Castelo Branco,PR,eligible_proxy,0.0,0.0,0.0,2874.0,2874.0,2874.0,0.0
412290,Salto do Itararé,PR,eligible_proxy,0.0,0.0,0.0,2874.0,2874.0,2874.0,0.0
412280,Salgado Filho,PR,eligible_proxy,0.0,0.0,0.0,2874.0,2874.0,2874.0,0.0
412270,Sabáudia,PR,eligible_proxy,0.0,0.0,0.0,2874.0,2874.0,2874.0,0.0
412265,Rosário do Ivaí,PR,eligible_proxy,0.0,0.0,0.0,2874.0,2874.0,2874.0,0.0
412260,Rondon,PR,eligible_proxy,0.0,0.0,0.0,2874.0,2874.0,2874.0,0.0
412250,Roncador,PR,eligible_proxy,0.0,0.0,0.0,2874.0,2874.0,2874.0,0.0
412230,Rio Negro,PR,eligible_proxy,0.0,0.0,0.0,2874.0,2874.0,2874.0,0.0
412220,Rio Branco do Sul,PR,eligible_proxy,0.0,0.0,0.0,2874.0,2874.0,2874.0,0.0
412217,Rio Branco do Ivaí,PR,eligible_proxy,0.0,0.0,0.0,2874.0,2874.0,2874.0,0.0
412215,Rio Bonito do Iguaçu,PR,eligible_proxy,0.0,0.0,0.0,2874.0,2874.0,2874.0,0.0
412210,Rio Bom,PR,eligible_proxy,0.0,0.0,0.0,2874.0,2874.0,2874.0,0.0
412200,Rio Azul,PR,eligible_proxy,0.0,0.0,0.0,2874.0,2874.0,2874.0,0.0
412190,Ribeirão do Pinhal,PR,eligible_proxy,0.0,0.0,0.0,2874.0,2874.0,2874.0,0.0
412175,RESERVA DO IGUACU,PR,eligible_proxy,0.0,0.0,0.0,2874.0,2874.0,2874.0,0.0
412170,Reserva,PR,eligible_proxy,0.0,0.0,0.0,2874.0,2874.0,2874.0,0.0
412160,Renascença,PR,eligible_proxy,0.0,0.0,0.0,2874.0,2874.0,2874.0,0.0
412410,Santo Antônio da Platina,PR,eligible_proxy,0.0,0.0,0.0,2874.0,2874.0,2874.0,0.0
412405,Santa Terezinha de Itaipu,PR,eligible_proxy,0.0,0.0,0.0,2874.0,2874.0,2874.0,0.0
412402,Santa Tereza do Oeste,PR,eligible_proxy,0.0,0.0,0.0,2874.0,2874.0,2874.0,0.0
412400,Santana do Itararé,PR,eligible_proxy,0.0,0.0,0.0,2874.0,2874.0,2874.0,0.0
412395,Santa Mônica,PR,eligible_proxy,0.0,0.0,0.0,2874.0,2874.0,2874.0,0.0
412390,SANTA MARIANA,PR,eligible_proxy,0.0,0.0,0.0,2874.0,2874.0,2874.0,0.0
412385,Santa Maria do Oeste,PR,eligible_proxy,0.0,0.0,0.0,2874.0,2874.0,2874.0,0.0
412382,Santa Lúcia,PR,eligible_proxy,0.0,0.0,0.0,2874.0,2874.0,2874.0,0.0
412380,Santa Izabel do Oeste,PR,eligible_proxy,0.0,0.0,0.0,2874.0,2874.0,2874.0,0.0
412370,Santa Isabel do Ivaí,PR,eligible_proxy,0.0,0.0,0.0,2874.0,2874.0,2874.0,0.0
412350,Santa Helena,PR,eligible_proxy,0.0,0.0,0.0,2874.0,2874.0,2874.0,0.0
412340,Santa Fé,PR,eligible_proxy,0.0,0.0,0.0,2874.0,2874.0,2874.0,0.0
412330,Santa Cruz de Monte Castelo,PR,eligible_proxy,0.0,0.0,0.0,2874.0,2874.0,2874.0,0.0
412320,Santa Cecília do Pavão,PR,eligible_proxy,0.0,0.0,0.0,2874.0,2874.0,2874.0,0.0
412310,Santa Amélia,PR,eligible_proxy,0.0,0.0,0.0,2874.0,2874.0,2874.0,0.0
412300,Salto do Lontra,PR,eligible_proxy,0.0,0.0,0.0,2874.0,2874.0,2874.0,0.0
130185,Iranduba,AM,eligible_proxy,0.0,0.0,0.0,2874.0,2874.0,2874.0,0.0
412555,São Manoel do Paraná,PR,eligible_proxy,0.0,0.0,0.0,2874.0,2874.0,2874.0,0.0
412540,São José da Boa Vista,PR,eligible_proxy,0.0,0.0,0.0,2874.0,2874.0,2874.0,0.0
412535,São Jorge do Patrocínio,PR,eligible_proxy,0.0,0.0,0.0,2874.0,2874.0,2874.0,0.0
412530,São Jorge do Ivaí,PR,eligible_proxy,0.0,0.0,0.0,2874.0,2874.0,2874.0,0.0
412520,São Jorge d'Oeste,PR,eligible_proxy,0.0,0.0,0.0,2874.0,2874.0,2874.0,0.0
412510,São João do Triunfo,PR,eligible_proxy,0.0,0.0,0.0,2874.0,2874.0,2874.0,0.0
412500,São João do Ivaí,PR,eligible_proxy,0.0,0.0,0.0,2874.0,2874.0,2874.0,0.0
412490,São João do Caiuá,PR,eligible_proxy,0.0,0.0,0.0,2874.0,2874.0,2874.0,0.0
412480,São João,PR,eligible_proxy,0.0,0.0,0.0,2874.0,2874.0,2874.0,0.0
412470,São Jerônimo da Serra,PR,eligible_proxy,0.0,0.0,0.0,2874.0,2874.0,2874.0,0.0
412460,São Carlos do Ivaí,PR,eligible_proxy,0.0,0.0,0.0,2874.0,2874.0,2874.0,0.0
412450,Santo Inácio,PR,eligible_proxy,0.0,0.0,0.0,2874.0,2874.0,2874.0,0.0
412440,Santo Antônio do Sudoeste,PR,eligible_proxy,0.0,0.0,0.0,2874.0,2874.0,2874.0,0.0
412430,Santo Antônio do Paraíso,PR,eligible_proxy,0.0,0.0,0.0,2874.0,2874.0,2874.0,0.0
412420,Santo Antônio do Caiuá,PR,eligible_proxy,0.0,0.0,0.0,2874.0,2874.0,2874.0,0.0
412640,Sertaneja,PR,eligible_proxy,0.0,0.0,0.0,2874.0,2874.0,2874.0,0.0
412635,Serranópolis do Iguaçu,PR,eligible_proxy,0.0,0.0,0.0,2874.0,2874.0,2874.0,0.0
412630,Sengés,PR,eligible_proxy,0.0,0.0,0.0,2874.0,2874.0,2874.0,0.0
412620,Sapopema,PR,eligible_proxy,0.0,0.0,0.0,2874.0,2874.0,2874.0,0.0
412610,São Tomé,PR,eligible_proxy,0.0,0.0,0.0,2874.0,2874.0,2874.0,0.0
412600,São Sebastião da Amoreira,PR,eligible_proxy,0.0,0.0,0.0,2874.0,2874.0,2874.0,0.0
412580,São Pedro do Ivaí,PR,eligible_proxy,0.0,0.0,0.0,2874.0,2874.0,2874.0,0.0
412575,São Pedro do Iguaçu,PR,eligible_proxy,0.0,0.0,0.0,2874.0,2874.0,2874.0,0.0
412570,São Miguel do Iguaçu,PR,eligible_proxy,0.0,0.0,0.0,2874.0,2874.0,2874.0,0.0
412560,São Mateus do Sul,PR,eligible_proxy,0.0,0.0,0.0,2874.0,2874.0,2874.0,0.0
130290,Maués,AM,eligible_proxy,0.0,0.0,0.0,2874.0,2874.0,2874.0,0.0
130270,Manicoré,AM,eligible_proxy,0.0,0.0,0.0,2874.0,2874.0,2874.0,0.0
220327,Curral Novo do Piauí,PI,eligible_proxy,0.0,0.0,0.0,2874.0,2874.0,2874.0,0.0
130240,Lábrea,AM,eligible_proxy,0.0,0.0,0.0,2874.0,2874.0,2874.0,0.0
130230,Jutaí,AM,eligible_proxy,0.0,0.0,0.0,2874.0,2874.0,2874.0,0.0
130220,Juruá,AM,eligible_proxy,0.0,0.0,0.0,2874.0,2874.0,2874.0,0.0
412785,Três Barras do Paraná,PR,eligible_proxy,0.0,0.0,0.0,2874.0,2874.0,2874.0,0.0
412780,Tomazina,PR,eligible_proxy,0.0,0.0,0.0,2874.0,2874.0,2874.0,0.0
412770,Toledo,PR,eligible_proxy,0.0,0.0,0.0,2874.0,2874.0,2874.0,0.0
412760,TIJUCAS DO SUL,PR,eligible_proxy,0.0,0.0,0.0,2874.0,2874.0,2874.0,0.0
412750,Tibagi,PR,eligible_proxy,0.0,0.0,0.0,2874.0,2874.0,2874.0,0.0
412740,Terra Roxa,PR,eligible_proxy,0.0,0.0,0.0,2874.0,2874.0,2874.0,0.0
412730,Terra Rica,PR,eligible_proxy,0.0,0.0,0.0,2874.0,2874.0,2874.0,0.0
412720,Terra Boa,PR,eligible_proxy,0.0,0.0,0.0,2874.0,2874.0,2874.0,0.0
412700,Teixeira Soares,PR,eligible_proxy,0.0,0.0,0.0,2874.0,2874.0,2874.0,0.0
412690,Tapira,PR,eligible_proxy,0.0,0.0,0.0,2874.0,2874.0,2874.0,0.0
412680,Tapejara,PR,eligible_proxy,0.0,0.0,0.0,2874.0,2874.0,2874.0,0.0
412670,Tamboara,PR,eligible_proxy,0.0,0.0,0.0,2874.0,2874.0,2874.0,0.0
412667,Tamarana,PR,eligible_proxy,0.0,0.0,0.0,2874.0,2874.0,2874.0,0.0
412665,Sulina,PR,eligible_proxy,0.0,0.0,0.0,2874.0,2874.0,2874.0,0.0
412660,Siqueira Campos,PR,eligible_proxy,0.0,0.0,0.0,2874.0,2874.0,2874.0,0.0
412650,Sertanópolis,PR,eligible_proxy,0.0,0.0,0.0,2874.0,2874.0,2874.0,0.0
420005,Abdon Batista,SC,eligible_proxy,0.0,0.0,0.0,2874.0,2874.0,2874.0,0.0
412880,Xambrê,PR,eligible_proxy,0.0,0.0,0.0,2874.0,2874.0,2874.0,0.0
412870,Vitorino,PR,eligible_proxy,0.0,0.0,0.0,2874.0,2874.0,2874.0,0.0
412865,Virmond,PR,eligible_proxy,0.0,0.0,0.0,2874.0,2874.0,2874.0,0.0
412863,Doutor Ulysses,PR,eligible_proxy,0.0,0.0,0.0,2874.0,2874.0,2874.0,0.0
412862,Alto Paraíso,PR,eligible_proxy,0.0,0.0,0.0,2874.0,2874.0,2874.0,0.0
412860,Verê,PR,eligible_proxy,0.0,0.0,0.0,2874.0,2874.0,2874.0,0.0
412855,Vera Cruz do Oeste,PR,eligible_proxy,0.0,0.0,0.0,2874.0,2874.0,2874.0,0.0
412853,Ventania,PR,eligible_proxy,0.0,0.0,0.0,2874.0,2874.0,2874.0,0.0
412850,Wenceslau Braz,PR,eligible_proxy,0.0,0.0,0.0,2874.0,2874.0,2874.0,0.0
412840,Uraí,PR,eligible_proxy,0.0,0.0,0.0,2874.0,2874.0,2874.0,0.0
412830,Uniflor,PR,eligible_proxy,0.0,0.0,0.0,2874.0,2874.0,2874.0,0.0
412800,Ubiratã,PR,eligible_proxy,0.0,0.0,0.0,2874.0,2874.0,2874.0,0.0
412796,Turvo,PR,eligible_proxy,0.0,0.0,0.0,2874.0,2874.0,2874.0,0.0
412790,Tuneiras do Oeste,PR,eligible_proxy,0.0,0.0,0.0,2874.0,2874.0,2874.0,0.0
412788,Tunas do Paraná,PR,eligible_proxy,0.0,0.0,0.0,2874.0,2874.0,2874.0,0.0
420130,Araquari,SC,eligible_proxy,0.0,0.0,0.0,2874.0,2874.0,2874.0,0.0
420127,Arabutã,SC,eligible_proxy,0.0,0.0,0.0,2874.0,2874.0,2874.0,0.0
420125,Apiúna,SC,eligible_proxy,0.0,0.0,0.0,2874.0,2874.0,2874.0,0.0
420120,Antônio Carlos,SC,eligible_proxy,0.0,0.0,0.0,2874.0,2874.0,2874.0,0.0
420110,Anitápolis,SC,eligible_proxy,0.0,0.0,0.0,2874.0,2874.0,2874.0,0.0
420100,Anita Garibaldi,SC,eligible_proxy,0.0,0.0,0.0,2874.0,2874.0,2874.0,0.0
420090,Angelina,SC,eligible_proxy,0.0,0.0,0.0,2874.0,2874.0,2874.0,0.0
420080,Anchieta,SC,eligible_proxy,0.0,0.0,0.0,2874.0,2874.0,2874.0,0.0
420075,Alto Bela Vista,SC,eligible_proxy,0.0,0.0,0.0,2874.0,2874.0,2874.0,0.0
420060,Águas Mornas,SC,eligible_proxy,0.0,0.0,0.0,2874.0,2874.0,2874.0,0.0
420055,Águas Frias,SC,eligible_proxy,0.0,0.0,0.0,2874.0,2874.0,2874.0,0.0
420050,Águas de Chapecó,SC,eligible_proxy,0.0,0.0,0.0,2874.0,2874.0,2874.0,0.0
420040,Água Doce,SC,eligible_proxy,0.0,0.0,0.0,2874.0,2874.0,2874.0,0.0
420030,Agronômica,SC,eligible_proxy,0.0,0.0,0.0,2874.0,2874.0,2874.0,0.0
420020,Agrolândia,SC,eligible_proxy,0.0,0.0,0.0,2874.0,2874.0,2874.0,0.0
420010,Abelardo Luz,SC,eligible_proxy,0.0,0.0,0.0,2874.0,2874.0,2874.0,0.0
420245,Bombinhas,SC,eligible_proxy,0.0,0.0,0.0,2874.0,2874.0,2874.0,0.0
420243,Bocaina do Sul,SC,eligible_proxy,0.0,0.0,0.0,2874.0,2874.0,2874.0,0.0
420240,Blumenau,SC,eligible_proxy,0.0,0.0,0.0,2874.0,2874.0,2874.0,0.0
420230,Biguaçu,SC,eligible_proxy,0.0,0.0,0.0,2874.0,2874.0,2874.0,0.0
420220,Benedito Novo,SC,eligible_proxy,0.0,0.0,0.0,2874.0,2874.0,2874.0,0.0
420215,Belmonte,SC,eligible_proxy,0.0,0.0,0.0,2874.0,2874.0,2874.0,0.0
420213,Bela Vista do Toldo,SC,eligible_proxy,0.0,0.0,0.0,2874.0,2874.0,2874.0,0.0
420209,Barra Bonita,SC,eligible_proxy,0.0,0.0,0.0,2874.0,2874.0,2874.0,0.0
420207,Balneário Gaivota,SC,eligible_proxy,0.0,0.0,0.0,2874.0,2874.0,2874.0,0.0
420205,Balneário Barra do Sul,SC,eligible_proxy,0.0,0.0,0.0,2874.0,2874.0,2874.0,0.0
420195,Balneário Arroio do Silva,SC,eligible_proxy,0.0,0.0,0.0,2874.0,2874.0,2874.0,0.0
420190,Aurora,SC,eligible_proxy,0.0,0.0,0.0,2874.0,2874.0,2874.0,0.0
420180,Atalanta,SC,eligible_proxy,0.0,0.0,0.0,2874.0,2874.0,2874.0,0.0
420170,Ascurra,SC,eligible_proxy,0.0,0.0,0.0,2874.0,2874.0,2874.0,0.0
420160,Arroio Trinta,SC,eligible_proxy,0.0,0.0,0.0,2874.0,2874.0,2874.0,0.0
420150,Armazém,SC,eligible_proxy,0.0,0.0,0.0,2874.0,2874.0,2874.0,0.0
420360,Campos Novos,SC,eligible_proxy,0.0,0.0,0.0,2874.0,2874.0,2874.0,0.0
420350,Campo Erê,SC,eligible_proxy,0.0,0.0,0.0,2874.0,2874.0,2874.0,0.0
420340,Campo Belo do Sul,SC,eligible_proxy,0.0,0.0,0.0,2874.0,2874.0,2874.0,0.0
420330,Campo Alegre,SC,eligible_proxy,0.0,0.0,0.0,2874.0,2874.0,2874.0,0.0
420325,Capão Alto,SC,eligible_proxy,0.0,0.0,0.0,2874.0,2874.0,2874.0,0.0
420315,Calmon,SC,eligible_proxy,0.0,0.0,0.0,2874.0,2874.0,2874.0,0.0
420310,Caibi,SC,eligible_proxy,0.0,0.0,0.0,2874.0,2874.0,2874.0,0.0
420300,Caçador,SC,eligible_proxy,0.0,0.0,0.0,2874.0,2874.0,2874.0,0.0
420290,Brusque,SC,eligible_proxy,0.0,0.0,0.0,2874.0,2874.0,2874.0,0.0
420287,Brunópolis,SC,eligible_proxy,0.0,0.0,0.0,2874.0,2874.0,2874.0,0.0
420285,Braço do Trombudo,SC,eligible_proxy,0.0,0.0,0.0,2874.0,2874.0,2874.0,0.0
420280,Braço do Norte,SC,eligible_proxy,0.0,0.0,0.0,2874.0,2874.0,2874.0,0.0
420270,Botuverá,SC,eligible_proxy,0.0,0.0,0.0,2874.0,2874.0,2874.0,0.0
420260,Bom Retiro,SC,eligible_proxy,0.0,0.0,0.0,2874.0,2874.0,2874.0,0.0
420257,Bom Jesus do Oeste,SC,eligible_proxy,0.0,0.0,0.0,2874.0,2874.0,2874.0,0.0
420250,Bom Jardim da Serra,SC,eligible_proxy,0.0,0.0,0.0,2874.0,2874.0,2874.0,0.0
420445,Coronel Martins,SC,eligible_proxy,0.0,0.0,0.0,2874.0,2874.0,2874.0,0.0
420430,Concórdia,SC,eligible_proxy,0.0,0.0,0.0,2874.0,2874.0,2874.0,0.0
420425,Cocal do Sul,SC,eligible_proxy,0.0,0.0,0.0,2874.0,2874.0,2874.0,0.0
420417,Cerro Negro,SC,eligible_proxy,0.0,0.0,0.0,2874.0,2874.0,2874.0,0.0
420415,Celso Ramos,SC,eligible_proxy,0.0,0.0,0.0,2874.0,2874.0,2874.0,0.0
420410,Caxambu do Sul,SC,eligible_proxy,0.0,0.0,0.0,2874.0,2874.0,2874.0,0.0
420400,Catanduvas,SC,eligible_proxy,0.0,0.0,0.0,2874.0,2874.0,2874.0,0.0
420395,Capivari de Baixo,SC,eligible_proxy,0.0,0.0,0.0,2874.0,2874.0,2874.0,0.0
172090,Taguatinga,TO,eligible_proxy,0.0,0.0,0.0,2874.0,2874.0,2874.0,0.0
172080,Sítio Novo do Tocantins,TO,eligible_proxy,0.0,0.0,0.0,2874.0,2874.0,2874.0,0.0
172065,Silvanópolis,TO,eligible_proxy,0.0,0.0,0.0,2874.0,2874.0,2874.0,0.0
172049,São Valério,TO,eligible_proxy,0.0,0.0,0.0,2874.0,2874.0,2874.0,0.0
172015,São Félix do Tocantins,TO,eligible_proxy,0.0,0.0,0.0,2874.0,2874.0,2874.0,0.0
171900,Santa Tereza do Tocantins,TO,eligible_proxy,0.0,0.0,0.0,2874.0,2874.0,2874.0,0.0
420380,Canoinhas,SC,eligible_proxy,0.0,0.0,0.0,2874.0,2874.0,2874.0,0.0
420370,Canelinha,SC,eligible_proxy,0.0,0.0,0.0,2874.0,2874.0,2874.0,0.0
420560,Galvão,SC,eligible_proxy,0.0,0.0,0.0,2874.0,2874.0,2874.0,0.0
420550,Fraiburgo,SC,eligible_proxy,0.0,0.0,0.0,2874.0,2874.0,2874.0,0.0
420545,Forquilhinha,SC,eligible_proxy,0.0,0.0,0.0,2874.0,2874.0,2874.0,0.0
420543,Formosa do Sul,SC,eligible_proxy,0.0,0.0,0.0,2874.0,2874.0,2874.0,0.0
420540,Florianópolis,SC,eligible_proxy,0.0,0.0,0.0,2874.0,2874.0,2874.0,0.0
420530,Faxinal dos Guedes,SC,eligible_proxy,0.0,0.0,0.0,2874.0,2874.0,2874.0,0.0
420520,Erval Velho,SC,eligible_proxy,0.0,0.0,0.0,2874.0,2874.0,2874.0,0.0
420519,Ermo,SC,eligible_proxy,0.0,0.0,0.0,2874.0,2874.0,2874.0,0.0
420517,Entre Rios,SC,eligible_proxy,0.0,0.0,0.0,2874.0,2874.0,2874.0,0.0
420515,Doutor Pedrinho,SC,eligible_proxy,0.0,0.0,0.0,2874.0,2874.0,2874.0,0.0
420500,Dionísio Cerqueira,SC,eligible_proxy,0.0,0.0,0.0,2874.0,2874.0,2874.0,0.0
420490,Descanso,SC,eligible_proxy,0.0,0.0,0.0,2874.0,2874.0,2874.0,0.0
420475,Cunhataí,SC,eligible_proxy,0.0,0.0,0.0,2874.0,2874.0,2874.0,0.0
420470,Cunha Porã,SC,eligible_proxy,0.0,0.0,0.0,2874.0,2874.0,2874.0,0.0
420455,Correia Pinto,SC,eligible_proxy,0.0,0.0,0.0,2874.0,2874.0,2874.0,0.0
420450,Corupá,SC,eligible_proxy,0.0,0.0,0.0,2874.0,2874.0,2874.0,0.0
420710,Ilhota,SC,eligible_proxy,0.0,0.0,0.0,2874.0,2874.0,2874.0,0.0
420700,Içara,SC,eligible_proxy,0.0,0.0,0.0,2874.0,2874.0,2874.0,0.0
420690,Ibirama,SC,eligible_proxy,0.0,0.0,0.0,2874.0,2874.0,2874.0,0.0
420680,Ibicaré,SC,eligible_proxy,0.0,0.0,0.0,2874.0,2874.0,2874.0,0.0
420675,Ibiam,SC,eligible_proxy,0.0,0.0,0.0,2874.0,2874.0,2874.0,0.0
420670,Herval d'Oeste,SC,eligible_proxy,0.0,0.0,0.0,2874.0,2874.0,2874.0,0.0
420660,Guarujá do Sul,SC,eligible_proxy,0.0,0.0,0.0,2874.0,2874.0,2874.0,0.0
420650,Guaramirim,SC,eligible_proxy,0.0,0.0,0.0,2874.0,2874.0,2874.0,0.0
420640,Guaraciaba,SC,eligible_proxy,0.0,0.0,0.0,2874.0,2874.0,2874.0,0.0
420630,Guabiruba,SC,eligible_proxy,0.0,0.0,0.0,2874.0,2874.0,2874.0,0.0
420620,Gravatal,SC,eligible_proxy,0.0,0.0,0.0,2874.0,2874.0,2874.0,0.0
420610,Grão-Pará,SC,eligible_proxy,0.0,0.0,0.0,2874.0,2874.0,2874.0,0.0
420600,Governador Celso Ramos,SC,eligible_proxy,0.0,0.0,0.0,2874.0,2874.0,2874.0,0.0
420590,Gaspar,SC,eligible_proxy,0.0,0.0,0.0,2874.0,2874.0,2874.0,0.0
420580,Garuva,SC,eligible_proxy,0.0,0.0,0.0,2874.0,2874.0,2874.0,0.0
420570,Garopaba,SC,eligible_proxy,0.0,0.0,0.0,2874.0,2874.0,2874.0,0.0
420840,Itapiranga,SC,eligible_proxy,0.0,0.0,0.0,2874.0,2874.0,2874.0,0.0
420830,Itapema,SC,eligible_proxy,0.0,0.0,0.0,2874.0,2874.0,2874.0,0.0
420810,Itaiópolis,SC,eligible_proxy,0.0,0.0,0.0,2874.0,2874.0,2874.0,0.0
420800,Itá,SC,eligible_proxy,0.0,0.0,0.0,2874.0,2874.0,2874.0,0.0
420790,Irineópolis,SC,eligible_proxy,0.0,0.0,0.0,2874.0,2874.0,2874.0,0.0
420785,Irati,SC,eligible_proxy,0.0,0.0,0.0,2874.0,2874.0,2874.0,0.0
420780,Irani,SC,eligible_proxy,0.0,0.0,0.0,2874.0,2874.0,2874.0,0.0
420775,Iraceminha,SC,eligible_proxy,0.0,0.0,0.0,2874.0,2874.0,2874.0,0.0
420770,Ipumirim,SC,eligible_proxy,0.0,0.0,0.0,2874.0,2874.0,2874.0,0.0
420765,Iporã do Oeste,SC,eligible_proxy,0.0,0.0,0.0,2874.0,2874.0,2874.0,0.0
420760,Ipira,SC,eligible_proxy,0.0,0.0,0.0,2874.0,2874.0,2874.0,0.0
420757,Iomerê,SC,eligible_proxy,0.0,0.0,0.0,2874.0,2874.0,2874.0,0.0
420750,Indaial,SC,eligible_proxy,0.0,0.0,0.0,2874.0,2874.0,2874.0,0.0
420740,Imbuia,SC,eligible_proxy,0.0,0.0,0.0,2874.0,2874.0,2874.0,0.0
420730,Imbituba,SC,eligible_proxy,0.0,0.0,0.0,2874.0,2874.0,2874.0,0.0
420720,Imaruí,SC,eligible_proxy,0.0,0.0,0.0,2874.0,2874.0,2874.0,0.0
420990,Lontras,SC,eligible_proxy,0.0,0.0,0.0,2874.0,2874.0,2874.0,0.0
420985,Lindóia do Sul,SC,eligible_proxy,0.0,0.0,0.0,2874.0,2874.0,2874.0,0.0
420980,Leoberto Leal,SC,eligible_proxy,0.0,0.0,0.0,2874.0,2874.0,2874.0,0.0
420970,Lebon Régis,SC,eligible_proxy,0.0,0.0,0.0,2874.0,2874.0,2874.0,0.0
420960,Lauro Müller,SC,eligible_proxy,0.0,0.0,0.0,2874.0,2874.0,2874.0,0.0
420950,Laurentino,SC,eligible_proxy,0.0,0.0,0.0,2874.0,2874.0,2874.0,0.0
420940,Laguna,SC,eligible_proxy,0.0,0.0,0.0,2874.0,2874.0,2874.0,0.0
420930,Lages,SC,eligible_proxy,0.0,0.0,0.0,2874.0,2874.0,2874.0,0.0
420917,Jupiá,SC,eligible_proxy,0.0,0.0,0.0,2874.0,2874.0,2874.0,0.0
420915,José Boiteux,SC,eligible_proxy,0.0,0.0,0.0,2874.0,2874.0,2874.0,0.0
420900,Joaçaba,SC,eligible_proxy,0.0,0.0,0.0,2874.0,2874.0,2874.0,0.0
420895,Jardinópolis,SC,eligible_proxy,0.0,0.0,0.0,2874.0,2874.0,2874.0,0.0
420880,Jaguaruna,SC,eligible_proxy,0.0,0.0,0.0,2874.0,2874.0,2874.0,0.0
420870,Jacinto Machado,SC,eligible_proxy,0.0,0.0,0.0,2874.0,2874.0,2874.0,0.0
420860,Jaborá,SC,eligible_proxy,0.0,0.0,0.0,2874.0,2874.0,2874.0,0.0
420845,Itapoá,SC,eligible_proxy,0.0,0.0,0.0,2874.0,2874.0,2874.0,0.0
421105,Monte Carlo,SC,eligible_proxy,0.0,0.0,0.0,2874.0,2874.0,2874.0,0.0
421100,Mondaí,SC,eligible_proxy,0.0,0.0,0.0,2874.0,2874.0,2874.0,0.0
421090,Modelo,SC,eligible_proxy,0.0,0.0,0.0,2874.0,2874.0,2874.0,0.0
421085,Mirim Doce,SC,eligible_proxy,0.0,0.0,0.0,2874.0,2874.0,2874.0,0.0
421080,Meleiro,SC,eligible_proxy,0.0,0.0,0.0,2874.0,2874.0,2874.0,0.0
421070,Matos Costa,SC,eligible_proxy,0.0,0.0,0.0,2874.0,2874.0,2874.0,0.0
421060,Massaranduba,SC,eligible_proxy,0.0,0.0,0.0,2874.0,2874.0,2874.0,0.0
421055,Marema,SC,eligible_proxy,0.0,0.0,0.0,2874.0,2874.0,2874.0,0.0
421050,Maravilha,SC,eligible_proxy,0.0,0.0,0.0,2874.0,2874.0,2874.0,0.0
421040,Maracajá,SC,eligible_proxy,0.0,0.0,0.0,2874.0,2874.0,2874.0,0.0
421030,Major Vieira,SC,eligible_proxy,0.0,0.0,0.0,2874.0,2874.0,2874.0,0.0
421020,Major Gercino,SC,eligible_proxy,0.0,0.0,0.0,2874.0,2874.0,2874.0,0.0
421010,Mafra,SC,eligible_proxy,0.0,0.0,0.0,2874.0,2874.0,2874.0,0.0
421005,Macieira,SC,eligible_proxy,0.0,0.0,0.0,2874.0,2874.0,2874.0,0.0
421003,Luzerna,SC,eligible_proxy,0.0,0.0,0.0,2874.0,2874.0,2874.0,0.0
421000,Luiz Alves,SC,eligible_proxy,0.0,0.0,0.0,2874.0,2874.0,2874.0,0.0
421205,Palmeira,SC,eligible_proxy,0.0,0.0,0.0,2874.0,2874.0,2874.0,0.0
421200,Palma Sola,SC,eligible_proxy,0.0,0.0,0.0,2874.0,2874.0,2874.0,0.0
421189,Painel,SC,eligible_proxy,0.0,0.0,0.0,2874.0,2874.0,2874.0,0.0
421187,Paial,SC,eligible_proxy,0.0,0.0,0.0,2874.0,2874.0,2874.0,0.0
421185,Ouro Verde,SC,eligible_proxy,0.0,0.0,0.0,2874.0,2874.0,2874.0,0.0
421180,Ouro,SC,eligible_proxy,0.0,0.0,0.0,2874.0,2874.0,2874.0,0.0
421175,Otacílio Costa,SC,eligible_proxy,0.0,0.0,0.0,2874.0,2874.0,2874.0,0.0
421170,Orleans,SC,eligible_proxy,0.0,0.0,0.0,2874.0,2874.0,2874.0,0.0
421165,Novo Horizonte,SC,eligible_proxy,0.0,0.0,0.0,2874.0,2874.0,2874.0,0.0
421160,Nova Veneza,SC,eligible_proxy,0.0,0.0,0.0,2874.0,2874.0,2874.0,0.0
421150,Nova Trento,SC,eligible_proxy,0.0,0.0,0.0,2874.0,2874.0,2874.0,0.0
421145,Nova Itaberaba,SC,eligible_proxy,0.0,0.0,0.0,2874.0,2874.0,2874.0,0.0
421140,Nova Erechim,SC,eligible_proxy,0.0,0.0,0.0,2874.0,2874.0,2874.0,0.0
421130,Navegantes,SC,eligible_proxy,0.0,0.0,0.0,2874.0,2874.0,2874.0,0.0
421120,Morro da Fumaça,SC,eligible_proxy,0.0,0.0,0.0,2874.0,2874.0,2874.0,0.0
421110,Monte Castelo,SC,eligible_proxy,0.0,0.0,0.0,2874.0,2874.0,2874.0,0.0
421315,Planalto Alegre,SC,eligible_proxy,0.0,0.0,0.0,2874.0,2874.0,2874.0,0.0
421310,Piratuba,SC,eligible_proxy,0.0,0.0,0.0,2874.0,2874.0,2874.0,0.0
421300,Pinheiro Preto,SC,eligible_proxy,0.0,0.0,0.0,2874.0,2874.0,2874.0,0.0
421290,Pinhalzinho,SC,eligible_proxy,0.0,0.0,0.0,2874.0,2874.0,2874.0,0.0
421280,Balneário Piçarras,SC,eligible_proxy,0.0,0.0,0.0,2874.0,2874.0,2874.0,0.0
421270,Petrolândia,SC,eligible_proxy,0.0,0.0,0.0,2874.0,2874.0,2874.0,0.0
421265,Pescaria Brava,SC,eligible_proxy,0.0,0.0,0.0,2874.0,2874.0,2874.0,0.0
421260,Peritiba,SC,eligible_proxy,0.0,0.0,0.0,2874.0,2874.0,2874.0,0.0
421250,Penha,SC,eligible_proxy,0.0,0.0,0.0,2874.0,2874.0,2874.0,0.0
421240,Pedras Grandes,SC,eligible_proxy,0.0,0.0,0.0,2874.0,2874.0,2874.0,0.0
421230,Paulo Lopes,SC,eligible_proxy,0.0,0.0,0.0,2874.0,2874.0,2874.0,0.0
421227,Passos Maia,SC,eligible_proxy,0.0,0.0,0.0,2874.0,2874.0,2874.0,0.0
421225,Passo de Torres,SC,eligible_proxy,0.0,0.0,0.0,2874.0,2874.0,2874.0,0.0
421223,Paraíso,SC,eligible_proxy,0.0,0.0,0.0,2874.0,2874.0,2874.0,0.0
421220,Papanduva,SC,eligible_proxy,0.0,0.0,0.0,2874.0,2874.0,2874.0,0.0
421210,Palmitos,SC,eligible_proxy,0.0,0.0,0.0,2874.0,2874.0,2874.0,0.0
421460,Rio do Oeste,SC,eligible_proxy,0.0,0.0,0.0,2874.0,2874.0,2874.0,0.0
421450,Rio do Campo,SC,eligible_proxy,0.0,0.0,0.0,2874.0,2874.0,2874.0,0.0
421440,Rio das Antas,SC,eligible_proxy,0.0,0.0,0.0,2874.0,2874.0,2874.0,0.0
421430,Rancho Queimado,SC,eligible_proxy,0.0,0.0,0.0,2874.0,2874.0,2874.0,0.0
421420,Quilombo,SC,eligible_proxy,0.0,0.0,0.0,2874.0,2874.0,2874.0,0.0
421415,Princesa,SC,eligible_proxy,0.0,0.0,0.0,2874.0,2874.0,2874.0,0.0
421410,Presidente Nereu,SC,eligible_proxy,0.0,0.0,0.0,2874.0,2874.0,2874.0,0.0
421400,Presidente Getúlio,SC,eligible_proxy,0.0,0.0,0.0,2874.0,2874.0,2874.0,0.0
421390,Presidente Castello Branco,SC,eligible_proxy,0.0,0.0,0.0,2874.0,2874.0,2874.0,0.0
421380,Praia Grande,SC,eligible_proxy,0.0,0.0,0.0,2874.0,2874.0,2874.0,0.0
421370,Pouso Redondo,SC,eligible_proxy,0.0,0.0,0.0,2874.0,2874.0,2874.0,0.0
421360,Porto União,SC,eligible_proxy,0.0,0.0,0.0,2874.0,2874.0,2874.0,0.0
421350,Porto Belo,SC,eligible_proxy,0.0,0.0,0.0,2874.0,2874.0,2874.0,0.0
421340,Ponte Serrada,SC,eligible_proxy,0.0,0.0,0.0,2874.0,2874.0,2874.0,0.0
421330,Ponte Alta,SC,eligible_proxy,0.0,0.0,0.0,2874.0,2874.0,2874.0,0.0
421320,Pomerode,SC,eligible_proxy,0.0,0.0,0.0,2874.0,2874.0,2874.0,0.0
421575,São Bernardino,SC,eligible_proxy,0.0,0.0,0.0,2874.0,2874.0,2874.0,0.0
421570,Santo Amaro da Imperatriz,SC,eligible_proxy,0.0,0.0,0.0,2874.0,2874.0,2874.0,0.0
421568,Santa Terezinha do Progresso,SC,eligible_proxy,0.0,0.0,0.0,2874.0,2874.0,2874.0,0.0
421567,Santa Terezinha,SC,eligible_proxy,0.0,0.0,0.0,2874.0,2874.0,2874.0,0.0
421565,Santa Rosa do Sul,SC,eligible_proxy,0.0,0.0,0.0,2874.0,2874.0,2874.0,0.0
421560,Santa Rosa de Lima,SC,eligible_proxy,0.0,0.0,0.0,2874.0,2874.0,2874.0,0.0
421555,Santa Helena,SC,eligible_proxy,0.0,0.0,0.0,2874.0,2874.0,2874.0,0.0
421545,Sangão,SC,eligible_proxy,0.0,0.0,0.0,2874.0,2874.0,2874.0,0.0
421540,Salto Veloso,SC,eligible_proxy,0.0,0.0,0.0,2874.0,2874.0,2874.0,0.0
421530,Salete,SC,eligible_proxy,0.0,0.0,0.0,2874.0,2874.0,2874.0,0.0
421520,Romelândia,SC,eligible_proxy,0.0,0.0,0.0,2874.0,2874.0,2874.0,0.0
421510,Rodeio,SC,eligible_proxy,0.0,0.0,0.0,2874.0,2874.0,2874.0,0.0
421507,Riqueza,SC,eligible_proxy,0.0,0.0,0.0,2874.0,2874.0,2874.0,0.0
421505,Rio Rufino,SC,eligible_proxy,0.0,0.0,0.0,2874.0,2874.0,2874.0,0.0
421490,Rio Fortuna,SC,eligible_proxy,0.0,0.0,0.0,2874.0,2874.0,2874.0,0.0
421470,Rio dos Cedros,SC,eligible_proxy,0.0,0.0,0.0,2874.0,2874.0,2874.0,0.0
421725,São Pedro de Alcântara,SC,eligible_proxy,0.0,0.0,0.0,2874.0,2874.0,2874.0,0.0
421720,São Miguel do Oeste,SC,eligible_proxy,0.0,0.0,0.0,2874.0,2874.0,2874.0,0.0
220330,Demerval Lobão,PI,eligible_proxy,0.0,0.0,0.0,2874.0,2874.0,2874.0,0.0
421700,São Ludgero,SC,eligible_proxy,0.0,0.0,0.0,2874.0,2874.0,2874.0,0.0
421690,São Lourenço do Oeste,SC,eligible_proxy,0.0,0.0,0.0,2874.0,2874.0,2874.0,0.0
421680,São José do Cerrito,SC,eligible_proxy,0.0,0.0,0.0,2874.0,2874.0,2874.0,0.0
421670,São José do Cedro,SC,eligible_proxy,0.0,0.0,0.0,2874.0,2874.0,2874.0,0.0
421650,São Joaquim,SC,eligible_proxy,0.0,0.0,0.0,2874.0,2874.0,2874.0,0.0
421640,São João do Sul,SC,eligible_proxy,0.0,0.0,0.0,2874.0,2874.0,2874.0,0.0
421635,São João do Itaperiú,SC,eligible_proxy,0.0,0.0,0.0,2874.0,2874.0,2874.0,0.0
421630,São João Batista,SC,eligible_proxy,0.0,0.0,0.0,2874.0,2874.0,2874.0,0.0
421625,São João do Oeste,SC,eligible_proxy,0.0,0.0,0.0,2874.0,2874.0,2874.0,0.0
421610,São Domingos,SC,eligible_proxy,0.0,0.0,0.0,2874.0,2874.0,2874.0,0.0
421605,São Cristóvão do Sul,SC,eligible_proxy,0.0,0.0,0.0,2874.0,2874.0,2874.0,0.0
421600,São Carlos,SC,eligible_proxy,0.0,0.0,0.0,2874.0,2874.0,2874.0,0.0
421590,São Bonifácio,SC,eligible_proxy,0.0,0.0,0.0,2874.0,2874.0,2874.0,0.0
421835,Treviso,SC,eligible_proxy,0.0,0.0,0.0,2874.0,2874.0,2874.0,0.0
421830,Três Barras,SC,eligible_proxy,0.0,0.0,0.0,2874.0,2874.0,2874.0,0.0
421825,Timbó Grande,SC,eligible_proxy,0.0,0.0,0.0,2874.0,2874.0,2874.0,0.0
421820,Timbó,SC,eligible_proxy,0.0,0.0,0.0,2874.0,2874.0,2874.0,0.0
421810,Timbé do Sul,SC,eligible_proxy,0.0,0.0,0.0,2874.0,2874.0,2874.0,0.0
421800,Tijucas,SC,eligible_proxy,0.0,0.0,0.0,2874.0,2874.0,2874.0,0.0
421795,Tigrinhos,SC,eligible_proxy,0.0,0.0,0.0,2874.0,2874.0,2874.0,0.0
421790,Tangará,SC,eligible_proxy,0.0,0.0,0.0,2874.0,2874.0,2874.0,0.0
421780,Taió,SC,eligible_proxy,0.0,0.0,0.0,2874.0,2874.0,2874.0,0.0
421775,Sul Brasil,SC,eligible_proxy,0.0,0.0,0.0,2874.0,2874.0,2874.0,0.0
421770,Sombrio,SC,eligible_proxy,0.0,0.0,0.0,2874.0,2874.0,2874.0,0.0
421760,Siderópolis,SC,eligible_proxy,0.0,0.0,0.0,2874.0,2874.0,2874.0,0.0
421755,Serra Alta,SC,eligible_proxy,0.0,0.0,0.0,2874.0,2874.0,2874.0,0.0
421750,Seara,SC,eligible_proxy,0.0,0.0,0.0,2874.0,2874.0,2874.0,0.0
421740,Schroeder,SC,eligible_proxy,0.0,0.0,0.0,2874.0,2874.0,2874.0,0.0
421730,Saudades,SC,eligible_proxy,0.0,0.0,0.0,2874.0,2874.0,2874.0,0.0
421940,Witmarsum,SC,eligible_proxy,0.0,0.0,0.0,2874.0,2874.0,2874.0,0.0
421935,Vitor Meireles,SC,eligible_proxy,0.0,0.0,0.0,2874.0,2874.0,2874.0,0.0
421920,Vidal Ramos,SC,eligible_proxy,0.0,0.0,0.0,2874.0,2874.0,2874.0,0.0
421917,Vargem Bonita,SC,eligible_proxy,0.0,0.0,0.0,2874.0,2874.0,2874.0,0.0
421915,Vargem,SC,eligible_proxy,0.0,0.0,0.0,2874.0,2874.0,2874.0,0.0
421910,Vargeão,SC,eligible_proxy,0.0,0.0,0.0,2874.0,2874.0,2874.0,0.0
421900,Urussanga,SC,eligible_proxy,0.0,0.0,0.0,2874.0,2874.0,2874.0,0.0
421895,Urupema,SC,eligible_proxy,0.0,0.0,0.0,2874.0,2874.0,2874.0,0.0
421890,Urubici,SC,eligible_proxy,0.0,0.0,0.0,2874.0,2874.0,2874.0,0.0
421885,União do Oeste,SC,eligible_proxy,0.0,0.0,0.0,2874.0,2874.0,2874.0,0.0
421880,Turvo,SC,eligible_proxy,0.0,0.0,0.0,2874.0,2874.0,2874.0,0.0
421875,Tunápolis,SC,eligible_proxy,0.0,0.0,0.0,2874.0,2874.0,2874.0,0.0
421870,Tubarão,SC,eligible_proxy,0.0,0.0,0.0,2874.0,2874.0,2874.0,0.0
421860,Trombudo Central,SC,eligible_proxy,0.0,0.0,0.0,2874.0,2874.0,2874.0,0.0
421850,Treze Tílias,SC,eligible_proxy,0.0,0.0,0.0,2874.0,2874.0,2874.0,0.0
421840,Treze de Maio,SC,eligible_proxy,0.0,0.0,0.0,2874.0,2874.0,2874.0,0.0
430064,Ametista do Sul,RS,eligible_proxy,0.0,0.0,0.0,2874.0,2874.0,2874.0,0.0
430063,AMARAL FERRADOR,RS,eligible_proxy,0.0,0.0,0.0,2874.0,2874.0,2874.0,0.0
430057,ALTO FELIZ,RS,eligible_proxy,0.0,0.0,0.0,2874.0,2874.0,2874.0,0.0
130170,Humaitá,AM,eligible_proxy,0.0,0.0,0.0,2874.0,2874.0,2874.0,0.0
130160,Fonte Boa,AM,eligible_proxy,0.0,0.0,0.0,2874.0,2874.0,2874.0,0.0
130150,Envira,AM,eligible_proxy,0.0,0.0,0.0,2874.0,2874.0,2874.0,0.0
130140,Eirunepé,AM,eligible_proxy,0.0,0.0,0.0,2874.0,2874.0,2874.0,0.0
220335,Dirceu Arcoverde,PI,eligible_proxy,0.0,0.0,0.0,2874.0,2874.0,2874.0,0.0
430055,Alto Alegre,RS,eligible_proxy,0.0,0.0,0.0,2874.0,2874.0,2874.0,0.0
430050,Alpestre,RS,eligible_proxy,0.0,0.0,0.0,2874.0,2874.0,2874.0,0.0
430047,ALMIRANTE TAMANDARE DO SUL,RS,eligible_proxy,0.0,0.0,0.0,2874.0,2874.0,2874.0,0.0
430045,Alegria,RS,eligible_proxy,0.0,0.0,0.0,2874.0,2874.0,2874.0,0.0
430030,Alecrim,RS,eligible_proxy,0.0,0.0,0.0,2874.0,2874.0,2874.0,0.0
430020,Ajuricaba,RS,eligible_proxy,0.0,0.0,0.0,2874.0,2874.0,2874.0,0.0
422000,Balneário Rincão,SC,eligible_proxy,0.0,0.0,0.0,2874.0,2874.0,2874.0,0.0
421960,Xavantina,SC,eligible_proxy,0.0,0.0,0.0,2874.0,2874.0,2874.0,0.0
430165,Barão,RS,eligible_proxy,0.0,0.0,0.0,2874.0,2874.0,2874.0,0.0
430163,BALNEARIO PINHAL,RS,eligible_proxy,0.0,0.0,0.0,2874.0,2874.0,2874.0,0.0
430155,Áurea,RS,eligible_proxy,0.0,0.0,0.0,2874.0,2874.0,2874.0,0.0
430150,Augusto Pestana,RS,eligible_proxy,0.0,0.0,0.0,2874.0,2874.0,2874.0,0.0
430140,Arvorezinha,RS,eligible_proxy,0.0,0.0,0.0,2874.0,2874.0,2874.0,0.0
430130,Arroio Grande,RS,eligible_proxy,0.0,0.0,0.0,2874.0,2874.0,2874.0,0.0
430120,Arroio do Tigre,RS,eligible_proxy,0.0,0.0,0.0,2874.0,2874.0,2874.0,0.0
430110,Arroio dos Ratos,RS,eligible_proxy,0.0,0.0,0.0,2874.0,2874.0,2874.0,0.0
430107,Arroio do Padre,RS,eligible_proxy,0.0,0.0,0.0,2874.0,2874.0,2874.0,0.0
430105,Arroio do Sal,RS,eligible_proxy,0.0,0.0,0.0,2874.0,2874.0,2874.0,0.0
430090,Aratiba,RS,eligible_proxy,0.0,0.0,0.0,2874.0,2874.0,2874.0,0.0
430087,Araricá,RS,eligible_proxy,0.0,0.0,0.0,2874.0,2874.0,2874.0,0.0
430085,Arambaré,RS,eligible_proxy,0.0,0.0,0.0,2874.0,2874.0,2874.0,0.0
430080,Antônio Prado,RS,eligible_proxy,0.0,0.0,0.0,2874.0,2874.0,2874.0,0.0
430070,Anta Gorda,RS,eligible_proxy,0.0,0.0,0.0,2874.0,2874.0,2874.0,0.0
430066,ANDRE DA ROCHA,RS,eligible_proxy,0.0,0.0,0.0,2874.0,2874.0,2874.0,0.0
430205,Benjamin Constant do Sul,RS,eligible_proxy,0.0,0.0,0.0,2874.0,2874.0,2874.0,0.0
430200,Barros Cassal,RS,eligible_proxy,0.0,0.0,0.0,2874.0,2874.0,2874.0,0.0
430195,Barra Funda,RS,eligible_proxy,0.0,0.0,0.0,2874.0,2874.0,2874.0,0.0
430192,Barra do Rio Azul,RS,eligible_proxy,0.0,0.0,0.0,2874.0,2874.0,2874.0,0.0
430185,Barra do Guarita,RS,eligible_proxy,0.0,0.0,0.0,2874.0,2874.0,2874.0,0.0
430180,Barracão,RS,eligible_proxy,0.0,0.0,0.0,2874.0,2874.0,2874.0,0.0
171884,Sandolândia,TO,eligible_proxy,0.0,0.0,0.0,2874.0,2874.0,2874.0,0.0
171880,Sampaio,TO,eligible_proxy,0.0,0.0,0.0,2874.0,2874.0,2874.0,0.0
171855,Riachinho,TO,eligible_proxy,0.0,0.0,0.0,2874.0,2874.0,2874.0,0.0
171840,PRESIDENTE KENNEDY,TO,eligible_proxy,0.0,0.0,0.0,2874.0,2874.0,2874.0,0.0
171830,Praia Norte,TO,eligible_proxy,0.0,0.0,0.0,2874.0,2874.0,2874.0,0.0
171820,Porto Nacional,TO,eligible_proxy,0.0,0.0,0.0,2874.0,2874.0,2874.0,0.0
171790,Ponte Alta do Tocantins,TO,eligible_proxy,0.0,0.0,0.0,2874.0,2874.0,2874.0,0.0
171780,Ponte Alta do Bom Jesus,TO,eligible_proxy,0.0,0.0,0.0,2874.0,2874.0,2874.0,0.0
171750,Pium,TO,eligible_proxy,0.0,0.0,0.0,2874.0,2874.0,2874.0,0.0
430170,Barão de Cotegipe,RS,eligible_proxy,0.0,0.0,0.0,2874.0,2874.0,2874.0,0.0
430350,Camaquã,RS,eligible_proxy,0.0,0.0,0.0,2874.0,2874.0,2874.0,0.0
430340,Caiçara,RS,eligible_proxy,0.0,0.0,0.0,2874.0,2874.0,2874.0,0.0
430330,Caibaté,RS,eligible_proxy,0.0,0.0,0.0,2874.0,2874.0,2874.0,0.0
430320,CACIQUE DOBLE,RS,eligible_proxy,0.0,0.0,0.0,2874.0,2874.0,2874.0,0.0
430290,Cacequi,RS,eligible_proxy,0.0,0.0,0.0,2874.0,2874.0,2874.0,0.0
430270,Butiá,RS,eligible_proxy,0.0,0.0,0.0,2874.0,2874.0,2874.0,0.0
430265,Brochier,RS,eligible_proxy,0.0,0.0,0.0,2874.0,2874.0,2874.0,0.0
430260,Braga,RS,eligible_proxy,0.0,0.0,0.0,2874.0,2874.0,2874.0,0.0
430250,Bossoroca,RS,eligible_proxy,0.0,0.0,0.0,2874.0,2874.0,2874.0,0.0
430245,Boqueirão do Leão,RS,eligible_proxy,0.0,0.0,0.0,2874.0,2874.0,2874.0,0.0
430240,Bom Retiro do Sul,RS,eligible_proxy,0.0,0.0,0.0,2874.0,2874.0,2874.0,0.0
430237,Bom Progresso,RS,eligible_proxy,0.0,0.0,0.0,2874.0,2874.0,2874.0,0.0
430235,Bom Princípio,RS,eligible_proxy,0.0,0.0,0.0,2874.0,2874.0,2874.0,0.0
430230,Bom Jesus,RS,eligible_proxy,0.0,0.0,0.0,2874.0,2874.0,2874.0,0.0
430220,Boa Vista do Buricá,RS,eligible_proxy,0.0,0.0,0.0,2874.0,2874.0,2874.0,0.0
430215,Boa Vista das Missões,RS,eligible_proxy,0.0,0.0,0.0,2874.0,2874.0,2874.0,0.0
430468,Capela de Santana,RS,eligible_proxy,0.0,0.0,0.0,2874.0,2874.0,2874.0,0.0
430467,Capivari do Sul,RS,eligible_proxy,0.0,0.0,0.0,2874.0,2874.0,2874.0,0.0
430466,Capão do Leão,RS,eligible_proxy,0.0,0.0,0.0,2874.0,2874.0,2874.0,0.0
430465,Capão do Cipó,RS,eligible_proxy,0.0,0.0,0.0,2874.0,2874.0,2874.0,0.0
430462,Capão Bonito do Sul,RS,eligible_proxy,0.0,0.0,0.0,2874.0,2874.0,2874.0,0.0
430461,Canudos do Vale,RS,eligible_proxy,0.0,0.0,0.0,2874.0,2874.0,2874.0,0.0
430435,Candiota,RS,eligible_proxy,0.0,0.0,0.0,2874.0,2874.0,2874.0,0.0
430430,Cândido Godói,RS,eligible_proxy,0.0,0.0,0.0,2874.0,2874.0,2874.0,0.0
430420,Candelária,RS,eligible_proxy,0.0,0.0,0.0,2874.0,2874.0,2874.0,0.0
430410,Campos Borges,RS,eligible_proxy,0.0,0.0,0.0,2874.0,2874.0,2874.0,0.0
430400,Campo Novo,RS,eligible_proxy,0.0,0.0,0.0,2874.0,2874.0,2874.0,0.0
430380,Campinas do Sul,RS,eligible_proxy,0.0,0.0,0.0,2874.0,2874.0,2874.0,0.0
430370,CAMPINA DAS MISSOES,RS,eligible_proxy,0.0,0.0,0.0,2874.0,2874.0,2874.0,0.0
430367,Campestre da Serra,RS,eligible_proxy,0.0,0.0,0.0,2874.0,2874.0,2874.0,0.0
430360,Cambará do Sul,RS,eligible_proxy,0.0,0.0,0.0,2874.0,2874.0,2874.0,0.0
430355,Camargo,RS,eligible_proxy,0.0,0.0,0.0,2874.0,2874.0,2874.0,0.0
220350,Elesbão Veloso,PI,eligible_proxy,0.0,0.0,0.0,2874.0,2874.0,2874.0,0.0
430540,Chiapetta,RS,eligible_proxy,0.0,0.0,0.0,2874.0,2874.0,2874.0,0.0
430537,Charrua,RS,eligible_proxy,0.0,0.0,0.0,2874.0,2874.0,2874.0,0.0
430535,Charqueadas,RS,eligible_proxy,0.0,0.0,0.0,2874.0,2874.0,2874.0,0.0
430530,CHAPADA,RS,eligible_proxy,0.0,0.0,0.0,2874.0,2874.0,2874.0,0.0
430517,Cerro Grande do Sul,RS,eligible_proxy,0.0,0.0,0.0,2874.0,2874.0,2874.0,0.0
430515,Cerro Grande,RS,eligible_proxy,0.0,0.0,0.0,2874.0,2874.0,2874.0,0.0
430513,Cerro Branco,RS,eligible_proxy,0.0,0.0,0.0,2874.0,2874.0,2874.0,0.0
430512,Cerrito,RS,eligible_proxy,0.0,0.0,0.0,2874.0,2874.0,2874.0,0.0
430511,Centenário,RS,eligible_proxy,0.0,0.0,0.0,2874.0,2874.0,2874.0,0.0
430500,Catuípe,RS,eligible_proxy,0.0,0.0,0.0,2874.0,2874.0,2874.0,0.0
430495,Caseiros,RS,eligible_proxy,0.0,0.0,0.0,2874.0,2874.0,2874.0,0.0
430490,Casca,RS,eligible_proxy,0.0,0.0,0.0,2874.0,2874.0,2874.0,0.0
430485,Carlos Gomes,RS,eligible_proxy,0.0,0.0,0.0,2874.0,2874.0,2874.0,0.0
430471,CARAA,RS,eligible_proxy,0.0,0.0,0.0,2874.0,2874.0,2874.0,0.0
430469,CAPITAO,RS,eligible_proxy,0.0,0.0,0.0,2874.0,2874.0,2874.0,0.0
430613,Cruzaltense,RS,eligible_proxy,0.0,0.0,0.0,2874.0,2874.0,2874.0,0.0
430610,Cruz Alta,RS,eligible_proxy,0.0,0.0,0.0,2874.0,2874.0,2874.0,0.0
430607,Cristal do Sul,RS,eligible_proxy,0.0,0.0,0.0,2874.0,2874.0,2874.0,0.0
430605,Cristal,RS,eligible_proxy,0.0,0.0,0.0,2874.0,2874.0,2874.0,0.0
430600,Crissiumal,RS,eligible_proxy,0.0,0.0,0.0,2874.0,2874.0,2874.0,0.0
430597,Coxilha,RS,eligible_proxy,0.0,0.0,0.0,2874.0,2874.0,2874.0,0.0
430595,Cotiporã,RS,eligible_proxy,0.0,0.0,0.0,2874.0,2874.0,2874.0,0.0
430590,Coronel Bicaco,RS,eligible_proxy,0.0,0.0,0.0,2874.0,2874.0,2874.0,0.0
430587,Coronel Barros,RS,eligible_proxy,0.0,0.0,0.0,2874.0,2874.0,2874.0,0.0
430585,Coqueiros do Sul,RS,eligible_proxy,0.0,0.0,0.0,2874.0,2874.0,2874.0,0.0
430580,Constantina,RS,eligible_proxy,0.0,0.0,0.0,2874.0,2874.0,2874.0,0.0
430570,Condor,RS,eligible_proxy,0.0,0.0,0.0,2874.0,2874.0,2874.0,0.0
430560,Colorado,RS,eligible_proxy,0.0,0.0,0.0,2874.0,2874.0,2874.0,0.0
430558,Colinas,RS,eligible_proxy,0.0,0.0,0.0,2874.0,2874.0,2874.0,0.0
430550,Ciríaco,RS,eligible_proxy,0.0,0.0,0.0,2874.0,2874.0,2874.0,0.0
430544,Chuvisca,RS,eligible_proxy,0.0,0.0,0.0,2874.0,2874.0,2874.0,0.0
430692,Engenho Velho,RS,eligible_proxy,0.0,0.0,0.0,2874.0,2874.0,2874.0,0.0
430680,Encantado,RS,eligible_proxy,0.0,0.0,0.0,2874.0,2874.0,2874.0,0.0
430676,Eldorado do Sul,RS,eligible_proxy,0.0,0.0,0.0,2874.0,2874.0,2874.0,0.0
430675,Doutor Ricardo,RS,eligible_proxy,0.0,0.0,0.0,2874.0,2874.0,2874.0,0.0
430673,Doutor Maurício Cardoso,RS,eligible_proxy,0.0,0.0,0.0,2874.0,2874.0,2874.0,0.0
430670,Dona Francisca,RS,eligible_proxy,0.0,0.0,0.0,2874.0,2874.0,2874.0,0.0
430655,Dom Pedro de Alcântara,RS,eligible_proxy,0.0,0.0,0.0,2874.0,2874.0,2874.0,0.0
430650,Dom Feliciano,RS,eligible_proxy,0.0,0.0,0.0,2874.0,2874.0,2874.0,0.0
430645,Dois Lajeados,RS,eligible_proxy,0.0,0.0,0.0,2874.0,2874.0,2874.0,0.0
430642,Dois Irmãos das Missões,RS,eligible_proxy,0.0,0.0,0.0,2874.0,2874.0,2874.0,0.0
430640,Dois Irmãos,RS,eligible_proxy,0.0,0.0,0.0,2874.0,2874.0,2874.0,0.0
430637,Dilermando de Aguiar,RS,eligible_proxy,0.0,0.0,0.0,2874.0,2874.0,2874.0,0.0
430635,Dezesseis de Novembro,RS,eligible_proxy,0.0,0.0,0.0,2874.0,2874.0,2874.0,0.0
430632,Derrubadas,RS,eligible_proxy,0.0,0.0,0.0,2874.0,2874.0,2874.0,0.0
430630,David Canabarro,RS,eligible_proxy,0.0,0.0,0.0,2874.0,2874.0,2874.0,0.0
430620,Cruzeiro do Sul,RS,eligible_proxy,0.0,0.0,0.0,2874.0,2874.0,2874.0,0.0
430755,Estação,RS,eligible_proxy,0.0,0.0,0.0,2874.0,2874.0,2874.0,0.0
220370,Esperantina,PI,eligible_proxy,0.0,0.0,0.0,2874.0,2874.0,2874.0,0.0
220360,Eliseu Martins,PI,eligible_proxy,0.0,0.0,0.0,2874.0,2874.0,2874.0,0.0
120050,Sena Madureira,AC,eligible_proxy,0.0,0.0,0.0,2874.0,2874.0,2874.0,0.0
120045,Senador Guiomard,AC,eligible_proxy,0.0,0.0,0.0,2874.0,2874.0,2874.0,0.0
430750,Espumoso,RS,eligible_proxy,0.0,0.0,0.0,2874.0,2874.0,2874.0,0.0
430745,Esperança do Sul,RS,eligible_proxy,0.0,0.0,0.0,2874.0,2874.0,2874.0,0.0
430740,Esmeralda,RS,eligible_proxy,0.0,0.0,0.0,2874.0,2874.0,2874.0,0.0
430730,Erval Seco,RS,eligible_proxy,0.0,0.0,0.0,2874.0,2874.0,2874.0,0.0
430720,Erval Grande,RS,eligible_proxy,0.0,0.0,0.0,2874.0,2874.0,2874.0,0.0
430710,Herval,RS,eligible_proxy,0.0,0.0,0.0,2874.0,2874.0,2874.0,0.0
430705,ERNESTINA,RS,eligible_proxy,0.0,0.0,0.0,2874.0,2874.0,2874.0,0.0
430700,Erechim,RS,eligible_proxy,0.0,0.0,0.0,2874.0,2874.0,2874.0,0.0
430697,Erebango,RS,eligible_proxy,0.0,0.0,0.0,2874.0,2874.0,2874.0,0.0
430695,Entre Rios do Sul,RS,eligible_proxy,0.0,0.0,0.0,2874.0,2874.0,2874.0,0.0
430693,Entre-Ijuís,RS,eligible_proxy,0.0,0.0,0.0,2874.0,2874.0,2874.0,0.0
430890,Getúlio Vargas,RS,eligible_proxy,0.0,0.0,0.0,2874.0,2874.0,2874.0,0.0
430885,Gentil,RS,eligible_proxy,0.0,0.0,0.0,2874.0,2874.0,2874.0,0.0
430880,General Câmara,RS,eligible_proxy,0.0,0.0,0.0,2874.0,2874.0,2874.0,0.0
430870,Gaurama,RS,eligible_proxy,0.0,0.0,0.0,2874.0,2874.0,2874.0,0.0
430845,Fortaleza dos Valos,RS,eligible_proxy,0.0,0.0,0.0,2874.0,2874.0,2874.0,0.0
430840,Formigueiro,RS,eligible_proxy,0.0,0.0,0.0,2874.0,2874.0,2874.0,0.0
430830,Fontoura Xavier,RS,eligible_proxy,0.0,0.0,0.0,2874.0,2874.0,2874.0,0.0
430825,Floriano Peixoto,RS,eligible_proxy,0.0,0.0,0.0,2874.0,2874.0,2874.0,0.0
430820,Flores da Cunha,RS,eligible_proxy,0.0,0.0,0.0,2874.0,2874.0,2874.0,0.0
430810,Feliz,RS,eligible_proxy,0.0,0.0,0.0,2874.0,2874.0,2874.0,0.0
430807,Fazenda Vilanova,RS,eligible_proxy,0.0,0.0,0.0,2874.0,2874.0,2874.0,0.0
430805,Faxinalzinho,RS,eligible_proxy,0.0,0.0,0.0,2874.0,2874.0,2874.0,0.0
430800,Faxinal do Soturno,RS,eligible_proxy,0.0,0.0,0.0,2874.0,2874.0,2874.0,0.0
430786,Fagundes Varela,RS,eligible_proxy,0.0,0.0,0.0,2874.0,2874.0,2874.0,0.0
430783,Eugênio de Castro,RS,eligible_proxy,0.0,0.0,0.0,2874.0,2874.0,2874.0,0.0
430781,Estrela Velha,RS,eligible_proxy,0.0,0.0,0.0,2874.0,2874.0,2874.0,0.0
431030,Ilópolis,RS,eligible_proxy,0.0,0.0,0.0,2874.0,2874.0,2874.0,0.0
431010,Igrejinha,RS,eligible_proxy,0.0,0.0,0.0,2874.0,2874.0,2874.0,0.0
430995,Ibirapuitã,RS,eligible_proxy,0.0,0.0,0.0,2874.0,2874.0,2874.0,0.0
430990,IBIRAIARAS,RS,eligible_proxy,0.0,0.0,0.0,2874.0,2874.0,2874.0,0.0
430975,Ibarama,RS,eligible_proxy,0.0,0.0,0.0,2874.0,2874.0,2874.0,0.0
430970,Humaitá,RS,eligible_proxy,0.0,0.0,0.0,2874.0,2874.0,2874.0,0.0
430965,Hulha Negra,RS,eligible_proxy,0.0,0.0,0.0,2874.0,2874.0,2874.0,0.0
430960,Horizontina,RS,eligible_proxy,0.0,0.0,0.0,2874.0,2874.0,2874.0,0.0
430957,Herveiras,RS,eligible_proxy,0.0,0.0,0.0,2874.0,2874.0,2874.0,0.0
430955,Harmonia,RS,eligible_proxy,0.0,0.0,0.0,2874.0,2874.0,2874.0,0.0
430950,Guarani das Missões,RS,eligible_proxy,0.0,0.0,0.0,2874.0,2874.0,2874.0,0.0
430925,GUABIJU,RS,eligible_proxy,0.0,0.0,0.0,2874.0,2874.0,2874.0,0.0
430915,Gramado Xavier,RS,eligible_proxy,0.0,0.0,0.0,2874.0,2874.0,2874.0,0.0
430912,Gramado dos Loureiros,RS,eligible_proxy,0.0,0.0,0.0,2874.0,2874.0,2874.0,0.0
430910,Gramado,RS,eligible_proxy,0.0,0.0,0.0,2874.0,2874.0,2874.0,0.0
430900,Giruá,RS,eligible_proxy,0.0,0.0,0.0,2874.0,2874.0,2874.0,0.0
431110,Jaguari,RS,eligible_proxy,0.0,0.0,0.0,2874.0,2874.0,2874.0,0.0
431100,Jaguarão,RS,eligible_proxy,0.0,0.0,0.0,2874.0,2874.0,2874.0,0.0
431090,Jacutinga,RS,eligible_proxy,0.0,0.0,0.0,2874.0,2874.0,2874.0,0.0
431087,Jacuizinho,RS,eligible_proxy,0.0,0.0,0.0,2874.0,2874.0,2874.0,0.0
431085,Jaboticaba,RS,eligible_proxy,0.0,0.0,0.0,2874.0,2874.0,2874.0,0.0
431075,Ivorá,RS,eligible_proxy,0.0,0.0,0.0,2874.0,2874.0,2874.0,0.0
431070,Itatiba do Sul,RS,eligible_proxy,0.0,0.0,0.0,2874.0,2874.0,2874.0,0.0
431065,Itati,RS,eligible_proxy,0.0,0.0,0.0,2874.0,2874.0,2874.0,0.0
431055,Itacurubi,RS,eligible_proxy,0.0,0.0,0.0,2874.0,2874.0,2874.0,0.0
431053,Itaara,RS,eligible_proxy,0.0,0.0,0.0,2874.0,2874.0,2874.0,0.0
431050,Iraí,RS,eligible_proxy,0.0,0.0,0.0,2874.0,2874.0,2874.0,0.0
431043,Ipê,RS,eligible_proxy,0.0,0.0,0.0,2874.0,2874.0,2874.0,0.0
431041,Inhacorá,RS,eligible_proxy,0.0,0.0,0.0,2874.0,2874.0,2874.0,0.0
431040,Independência,RS,eligible_proxy,0.0,0.0,0.0,2874.0,2874.0,2874.0,0.0
431036,Imigrante,RS,eligible_proxy,0.0,0.0,0.0,2874.0,2874.0,2874.0,0.0
431033,Imbé,RS,eligible_proxy,0.0,0.0,0.0,2874.0,2874.0,2874.0,0.0
431179,Maratá,RS,eligible_proxy,0.0,0.0,0.0,2874.0,2874.0,2874.0,0.0
431177,Maquiné,RS,eligible_proxy,0.0,0.0,0.0,2874.0,2874.0,2874.0,0.0
431175,Manoel Viana,RS,eligible_proxy,0.0,0.0,0.0,2874.0,2874.0,2874.0,0.0
431173,Mampituba,RS,eligible_proxy,0.0,0.0,0.0,2874.0,2874.0,2874.0,0.0
431170,Machadinho,RS,eligible_proxy,0.0,0.0,0.0,2874.0,2874.0,2874.0,0.0
431162,Lindolfo Collor,RS,eligible_proxy,0.0,0.0,0.0,2874.0,2874.0,2874.0,0.0
431160,Liberato Salzano,RS,eligible_proxy,0.0,0.0,0.0,2874.0,2874.0,2874.0,0.0
431150,LAVRAS DO SUL,RS,eligible_proxy,0.0,0.0,0.0,2874.0,2874.0,2874.0,0.0
431142,Lajeado do Bugre,RS,eligible_proxy,0.0,0.0,0.0,2874.0,2874.0,2874.0,0.0
431130,Lagoa Vermelha,RS,eligible_proxy,0.0,0.0,0.0,2874.0,2874.0,2874.0,0.0
431127,Lagoa dos Três Cantos,RS,eligible_proxy,0.0,0.0,0.0,2874.0,2874.0,2874.0,0.0
431125,Lagoão,RS,eligible_proxy,0.0,0.0,0.0,2874.0,2874.0,2874.0,0.0
431123,LAGOA BONITA DO SUL,RS,eligible_proxy,0.0,0.0,0.0,2874.0,2874.0,2874.0,0.0
431120,Júlio de Castilhos,RS,eligible_proxy,0.0,0.0,0.0,2874.0,2874.0,2874.0,0.0
431115,Jóia,RS,eligible_proxy,0.0,0.0,0.0,2874.0,2874.0,2874.0,0.0
431112,Jaquirana,RS,eligible_proxy,0.0,0.0,0.0,2874.0,2874.0,2874.0,0.0
431260,Muçum,RS,eligible_proxy,0.0,0.0,0.0,2874.0,2874.0,2874.0,0.0
431250,Mostardas,RS,eligible_proxy,0.0,0.0,0.0,2874.0,2874.0,2874.0,0.0
431247,Morro Reuter,RS,eligible_proxy,0.0,0.0,0.0,2874.0,2874.0,2874.0,0.0
431245,Morro Redondo,RS,eligible_proxy,0.0,0.0,0.0,2874.0,2874.0,2874.0,0.0
431244,Morrinhos do Sul,RS,eligible_proxy,0.0,0.0,0.0,2874.0,2874.0,2874.0,0.0
431242,Mormaço,RS,eligible_proxy,0.0,0.0,0.0,2874.0,2874.0,2874.0,0.0
431240,Montenegro,RS,eligible_proxy,0.0,0.0,0.0,2874.0,2874.0,2874.0,0.0
431230,Miraguaí,RS,eligible_proxy,0.0,0.0,0.0,2874.0,2874.0,2874.0,0.0
431225,Minas do Leão,RS,eligible_proxy,0.0,0.0,0.0,2874.0,2874.0,2874.0,0.0
431220,Maximiliano de Almeida,RS,eligible_proxy,0.0,0.0,0.0,2874.0,2874.0,2874.0,0.0
431215,Mato Leitão,RS,eligible_proxy,0.0,0.0,0.0,2874.0,2874.0,2874.0,0.0
431210,Mata,RS,eligible_proxy,0.0,0.0,0.0,2874.0,2874.0,2874.0,0.0
431205,Marques de Souza,RS,eligible_proxy,0.0,0.0,0.0,2874.0,2874.0,2874.0,0.0
431200,Mariano Moro,RS,eligible_proxy,0.0,0.0,0.0,2874.0,2874.0,2874.0,0.0
431198,Mariana Pimentel,RS,eligible_proxy,0.0,0.0,0.0,2874.0,2874.0,2874.0,0.0
431190,Marcelino Ramos,RS,eligible_proxy,0.0,0.0,0.0,2874.0,2874.0,2874.0,0.0
431337,Nova Santa Rita,RS,eligible_proxy,0.0,0.0,0.0,2874.0,2874.0,2874.0,0.0
431333,Nova Ramada,RS,eligible_proxy,0.0,0.0,0.0,2874.0,2874.0,2874.0,0.0
431320,Nova Petrópolis,RS,eligible_proxy,0.0,0.0,0.0,2874.0,2874.0,2874.0,0.0
431310,Nova Palma,RS,eligible_proxy,0.0,0.0,0.0,2874.0,2874.0,2874.0,0.0
431306,Nova Hartz,RS,eligible_proxy,0.0,0.0,0.0,2874.0,2874.0,2874.0,0.0
431303,Nova Esperança do Sul,RS,eligible_proxy,0.0,0.0,0.0,2874.0,2874.0,2874.0,0.0
431301,NOVA CANDELARIA,RS,eligible_proxy,0.0,0.0,0.0,2874.0,2874.0,2874.0,0.0
431300,Nova Bréscia,RS,eligible_proxy,0.0,0.0,0.0,2874.0,2874.0,2874.0,0.0
431295,Nova Boa Vista,RS,eligible_proxy,0.0,0.0,0.0,2874.0,2874.0,2874.0,0.0
431290,Nova Bassano,RS,eligible_proxy,0.0,0.0,0.0,2874.0,2874.0,2874.0,0.0
431280,Nova Araçá,RS,eligible_proxy,0.0,0.0,0.0,2874.0,2874.0,2874.0,0.0
431275,Nova Alvorada,RS,eligible_proxy,0.0,0.0,0.0,2874.0,2874.0,2874.0,0.0
431270,Nonoai,RS,eligible_proxy,0.0,0.0,0.0,2874.0,2874.0,2874.0,0.0
431267,Nicolau Vergueiro,RS,eligible_proxy,0.0,0.0,0.0,2874.0,2874.0,2874.0,0.0
431265,Não-Me-Toque,RS,eligible_proxy,0.0,0.0,0.0,2874.0,2874.0,2874.0,0.0
431262,Muliterno,RS,eligible_proxy,0.0,0.0,0.0,2874.0,2874.0,2874.0,0.0
171620,Paranã,TO,eligible_proxy,0.0,0.0,0.0,2874.0,2874.0,2874.0,0.0
171610,Paraíso do Tocantins,TO,eligible_proxy,0.0,0.0,0.0,2874.0,2874.0,2874.0,0.0
171575,Palmeirópolis,TO,eligible_proxy,0.0,0.0,0.0,2874.0,2874.0,2874.0,0.0
171570,Palmeirante,TO,eligible_proxy,0.0,0.0,0.0,2874.0,2874.0,2874.0,0.0
171510,Novo Acordo,TO,eligible_proxy,0.0,0.0,0.0,2874.0,2874.0,2874.0,0.0
171500,Nova Rosalândia,TO,eligible_proxy,0.0,0.0,0.0,2874.0,2874.0,2874.0,0.0
171488,Nova Olinda,TO,eligible_proxy,0.0,0.0,0.0,2874.0,2874.0,2874.0,0.0
431380,Palmitinho,RS,eligible_proxy,0.0,0.0,0.0,2874.0,2874.0,2874.0,0.0
431370,Palmeira das Missões,RS,eligible_proxy,0.0,0.0,0.0,2874.0,2874.0,2874.0,0.0
431365,Palmares do Sul,RS,eligible_proxy,0.0,0.0,0.0,2874.0,2874.0,2874.0,0.0
431360,Paim Filho,RS,eligible_proxy,0.0,0.0,0.0,2874.0,2874.0,2874.0,0.0
431349,Novo Barreiro,RS,eligible_proxy,0.0,0.0,0.0,2874.0,2874.0,2874.0,0.0
431346,Novo Xingu,RS,eligible_proxy,0.0,0.0,0.0,2874.0,2874.0,2874.0,0.0
431344,Novo Tiradentes,RS,eligible_proxy,0.0,0.0,0.0,2874.0,2874.0,2874.0,0.0
431342,Novo Machado,RS,eligible_proxy,0.0,0.0,0.0,2874.0,2874.0,2874.0,0.0
431339,Novo Cabrais,RS,eligible_proxy,0.0,0.0,0.0,2874.0,2874.0,2874.0,0.0
431447,Pinhal Grande,RS,eligible_proxy,0.0,0.0,0.0,2874.0,2874.0,2874.0,0.0
431445,Pinhal,RS,eligible_proxy,0.0,0.0,0.0,2874.0,2874.0,2874.0,0.0
431442,Picada Café,RS,eligible_proxy,0.0,0.0,0.0,2874.0,2874.0,2874.0,0.0
431430,Pejuçara,RS,eligible_proxy,0.0,0.0,0.0,2874.0,2874.0,2874.0,0.0
431415,PAVERAMA,RS,eligible_proxy,0.0,0.0,0.0,2874.0,2874.0,2874.0,0.0
431413,Paulo Bento,RS,eligible_proxy,0.0,0.0,0.0,2874.0,2874.0,2874.0,0.0
431407,Passo do Sobrado,RS,eligible_proxy,0.0,0.0,0.0,2874.0,2874.0,2874.0,0.0
431406,Passa Sete,RS,eligible_proxy,0.0,0.0,0.0,2874.0,2874.0,2874.0,0.0
431405,Parobé,RS,eligible_proxy,0.0,0.0,0.0,2874.0,2874.0,2874.0,0.0
431403,Pareci Novo,RS,eligible_proxy,0.0,0.0,0.0,2874.0,2874.0,2874.0,0.0
431402,Paraíso do Sul,RS,eligible_proxy,0.0,0.0,0.0,2874.0,2874.0,2874.0,0.0
431395,Pantano Grande,RS,eligible_proxy,0.0,0.0,0.0,2874.0,2874.0,2874.0,0.0
171670,Colméia,TO,eligible_proxy,0.0,0.0,0.0,2874.0,2874.0,2874.0,0.0
171665,Pequizeiro,TO,eligible_proxy,0.0,0.0,0.0,2874.0,2874.0,2874.0,0.0
171660,Peixe,TO,eligible_proxy,0.0,0.0,0.0,2874.0,2874.0,2874.0,0.0
171650,Pedro Afonso,TO,eligible_proxy,0.0,0.0,0.0,2874.0,2874.0,2874.0,0.0
431520,Putinga,RS,eligible_proxy,0.0,0.0,0.0,2874.0,2874.0,2874.0,0.0
431517,Protásio Alves,RS,eligible_proxy,0.0,0.0,0.0,2874.0,2874.0,2874.0,0.0
431515,Progresso,RS,eligible_proxy,0.0,0.0,0.0,2874.0,2874.0,2874.0,0.0
431514,Presidente Lucena,RS,eligible_proxy,0.0,0.0,0.0,2874.0,2874.0,2874.0,0.0
431513,Pouso Novo,RS,eligible_proxy,0.0,0.0,0.0,2874.0,2874.0,2874.0,0.0
431510,Porto Xavier,RS,eligible_proxy,0.0,0.0,0.0,2874.0,2874.0,2874.0,0.0
431507,Porto Vera Cruz,RS,eligible_proxy,0.0,0.0,0.0,2874.0,2874.0,2874.0,0.0
431505,Porto Mauá,RS,eligible_proxy,0.0,0.0,0.0,2874.0,2874.0,2874.0,0.0
431500,Porto Lucena,RS,eligible_proxy,0.0,0.0,0.0,2874.0,2874.0,2874.0,0.0
431478,Ponte Preta,RS,eligible_proxy,0.0,0.0,0.0,2874.0,2874.0,2874.0,0.0
431477,Pontão,RS,eligible_proxy,0.0,0.0,0.0,2874.0,2874.0,2874.0,0.0
431475,Poço das Antas,RS,eligible_proxy,0.0,0.0,0.0,2874.0,2874.0,2874.0,0.0
431470,Planalto,RS,eligible_proxy,0.0,0.0,0.0,2874.0,2874.0,2874.0,0.0
431455,Pirapó,RS,eligible_proxy,0.0,0.0,0.0,2874.0,2874.0,2874.0,0.0
431454,Pinto Bandeira,RS,eligible_proxy,0.0,0.0,0.0,2874.0,2874.0,2874.0,0.0
431450,Pinheiro Machado,RS,eligible_proxy,0.0,0.0,0.0,2874.0,2874.0,2874.0,0.0
431642,Sagrada Família,RS,eligible_proxy,0.0,0.0,0.0,2874.0,2874.0,2874.0,0.0
431630,Roque Gonzales,RS,eligible_proxy,0.0,0.0,0.0,2874.0,2874.0,2874.0,0.0
431620,Rondinha,RS,eligible_proxy,0.0,0.0,0.0,2874.0,2874.0,2874.0,0.0
431610,Ronda Alta,RS,eligible_proxy,0.0,0.0,0.0,2874.0,2874.0,2874.0,0.0
431600,Rolante,RS,eligible_proxy,0.0,0.0,0.0,2874.0,2874.0,2874.0,0.0
431590,Rodeio Bonito,RS,eligible_proxy,0.0,0.0,0.0,2874.0,2874.0,2874.0,0.0
431580,Roca Sales,RS,eligible_proxy,0.0,0.0,0.0,2874.0,2874.0,2874.0,0.0
431575,RIOZINHO,RS,eligible_proxy,0.0,0.0,0.0,2874.0,2874.0,2874.0,0.0
431560,Rio Grande,RS,eligible_proxy,0.0,0.0,0.0,2874.0,2874.0,2874.0,0.0
431555,Rio dos Índios,RS,eligible_proxy,0.0,0.0,0.0,2874.0,2874.0,2874.0,0.0
431550,Restinga Sêca,RS,eligible_proxy,0.0,0.0,0.0,2874.0,2874.0,2874.0,0.0
431545,Relvado,RS,eligible_proxy,0.0,0.0,0.0,2874.0,2874.0,2874.0,0.0
431540,REDENTORA,RS,eligible_proxy,0.0,0.0,0.0,2874.0,2874.0,2874.0,0.0
431535,Quinze de Novembro,RS,eligible_proxy,0.0,0.0,0.0,2874.0,2874.0,2874.0,0.0
431532,Quevedos,RS,eligible_proxy,0.0,0.0,0.0,2874.0,2874.0,2874.0,0.0
431530,Quaraí,RS,eligible_proxy,0.0,0.0,0.0,2874.0,2874.0,2874.0,0.0
431770,Santo Antônio das Missões,RS,eligible_proxy,0.0,0.0,0.0,2874.0,2874.0,2874.0,0.0
431755,Santo Antônio do Palma,RS,eligible_proxy,0.0,0.0,0.0,2874.0,2874.0,2874.0,0.0
431730,SANTA VITORIA DO PALMAR,RS,eligible_proxy,0.0,0.0,0.0,2874.0,2874.0,2874.0,0.0
431725,Santa Tereza,RS,eligible_proxy,0.0,0.0,0.0,2874.0,2874.0,2874.0,0.0
431695,SANTA MARIA DO HERVAL,RS,eligible_proxy,0.0,0.0,0.0,2874.0,2874.0,2874.0,0.0
120042,Rodrigues Alves,AC,eligible_proxy,0.0,0.0,0.0,2874.0,2874.0,2874.0,0.0
120038,Plácido de Castro,AC,eligible_proxy,0.0,0.0,0.0,2874.0,2874.0,2874.0,0.0
120025,Epitaciolândia,AC,eligible_proxy,0.0,0.0,0.0,2874.0,2874.0,2874.0,0.0
120020,Cruzeiro do Sul,AC,eligible_proxy,0.0,0.0,0.0,2874.0,2874.0,2874.0,0.0
120010,Brasiléia,AC,eligible_proxy,0.0,0.0,0.0,2874.0,2874.0,2874.0,0.0
431675,Santa Clara do Sul,RS,eligible_proxy,0.0,0.0,0.0,2874.0,2874.0,2874.0,0.0
431673,Santa Cecília do Sul,RS,eligible_proxy,0.0,0.0,0.0,2874.0,2874.0,2874.0,0.0
431670,Santa Bárbara do Sul,RS,eligible_proxy,0.0,0.0,0.0,2874.0,2874.0,2874.0,0.0
431647,Salvador das Missões,RS,eligible_proxy,0.0,0.0,0.0,2874.0,2874.0,2874.0,0.0
431645,Salto do Jacuí,RS,eligible_proxy,0.0,0.0,0.0,2874.0,2874.0,2874.0,0.0
431643,Saldanha Marinho,RS,eligible_proxy,0.0,0.0,0.0,2874.0,2874.0,2874.0,0.0
431860,São José do Ouro,RS,eligible_proxy,0.0,0.0,0.0,2874.0,2874.0,2874.0,0.0
431850,São José do Norte,RS,eligible_proxy,0.0,0.0,0.0,2874.0,2874.0,2874.0,0.0
431849,São José do Inhacorá,RS,eligible_proxy,0.0,0.0,0.0,2874.0,2874.0,2874.0,0.0
431846,São José do Herval,RS,eligible_proxy,0.0,0.0,0.0,2874.0,2874.0,2874.0,0.0
431845,São José das Missões,RS,eligible_proxy,0.0,0.0,0.0,2874.0,2874.0,2874.0,0.0
431844,São Jorge,RS,eligible_proxy,0.0,0.0,0.0,2874.0,2874.0,2874.0,0.0
431843,São João do Polêsine,RS,eligible_proxy,0.0,0.0,0.0,2874.0,2874.0,2874.0,0.0
431842,São João da Urtiga,RS,eligible_proxy,0.0,0.0,0.0,2874.0,2874.0,2874.0,0.0
431830,São Gabriel,RS,eligible_proxy,0.0,0.0,0.0,2874.0,2874.0,2874.0,0.0
431820,SAO FRANCISCO DE PAULA,RS,eligible_proxy,0.0,0.0,0.0,2874.0,2874.0,2874.0,0.0
431805,São Domingos do Sul,RS,eligible_proxy,0.0,0.0,0.0,2874.0,2874.0,2874.0,0.0
431800,São Borja,RS,eligible_proxy,0.0,0.0,0.0,2874.0,2874.0,2874.0,0.0
431795,Santo Expedito do Sul,RS,eligible_proxy,0.0,0.0,0.0,2874.0,2874.0,2874.0,0.0
431790,Santo Cristo,RS,eligible_proxy,0.0,0.0,0.0,2874.0,2874.0,2874.0,0.0
431780,Santo Augusto,RS,eligible_proxy,0.0,0.0,0.0,2874.0,2874.0,2874.0,0.0
431775,Santo Antônio do Planalto,RS,eligible_proxy,0.0,0.0,0.0,2874.0,2874.0,2874.0,0.0
431970,São Valentim,RS,eligible_proxy,0.0,0.0,0.0,2874.0,2874.0,2874.0,0.0
431960,São Sepé,RS,eligible_proxy,0.0,0.0,0.0,2874.0,2874.0,2874.0,0.0
431940,São Pedro do Sul,RS,eligible_proxy,0.0,0.0,0.0,2874.0,2874.0,2874.0,0.0
431937,São Pedro do Butiá,RS,eligible_proxy,0.0,0.0,0.0,2874.0,2874.0,2874.0,0.0
431936,São Pedro das Missões,RS,eligible_proxy,0.0,0.0,0.0,2874.0,2874.0,2874.0,0.0
431935,São Pedro da Serra,RS,eligible_proxy,0.0,0.0,0.0,2874.0,2874.0,2874.0,0.0
431930,São Paulo das Missões,RS,eligible_proxy,0.0,0.0,0.0,2874.0,2874.0,2874.0,0.0
431920,São Nicolau,RS,eligible_proxy,0.0,0.0,0.0,2874.0,2874.0,2874.0,0.0
431915,São Miguel das Missões,RS,eligible_proxy,0.0,0.0,0.0,2874.0,2874.0,2874.0,0.0
431912,São Martinho da Serra,RS,eligible_proxy,0.0,0.0,0.0,2874.0,2874.0,2874.0,0.0
431910,São Martinho,RS,eligible_proxy,0.0,0.0,0.0,2874.0,2874.0,2874.0,0.0
431900,São Marcos,RS,eligible_proxy,0.0,0.0,0.0,2874.0,2874.0,2874.0,0.0
431890,São Luiz Gonzaga,RS,eligible_proxy,0.0,0.0,0.0,2874.0,2874.0,2874.0,0.0
431880,São Lourenço do Sul,RS,eligible_proxy,0.0,0.0,0.0,2874.0,2874.0,2874.0,0.0
431862,São José dos Ausentes,RS,eligible_proxy,0.0,0.0,0.0,2874.0,2874.0,2874.0,0.0
431861,São José do Sul,RS,eligible_proxy,0.0,0.0,0.0,2874.0,2874.0,2874.0,0.0
432065,Silveira Martins,RS,eligible_proxy,0.0,0.0,0.0,2874.0,2874.0,2874.0,0.0
432060,Severiano de Almeida,RS,eligible_proxy,0.0,0.0,0.0,2874.0,2874.0,2874.0,0.0
432055,Sertão Santana,RS,eligible_proxy,0.0,0.0,0.0,2874.0,2874.0,2874.0,0.0
432050,SERTAO,RS,eligible_proxy,0.0,0.0,0.0,2874.0,2874.0,2874.0,0.0
432040,Serafina Corrêa,RS,eligible_proxy,0.0,0.0,0.0,2874.0,2874.0,2874.0,0.0
432035,Sentinela do Sul,RS,eligible_proxy,0.0,0.0,0.0,2874.0,2874.0,2874.0,0.0
432032,Senador Salgado Filho,RS,eligible_proxy,0.0,0.0,0.0,2874.0,2874.0,2874.0,0.0
432030,Selbach,RS,eligible_proxy,0.0,0.0,0.0,2874.0,2874.0,2874.0,0.0
432026,Segredo,RS,eligible_proxy,0.0,0.0,0.0,2874.0,2874.0,2874.0,0.0
432023,Sede Nova,RS,eligible_proxy,0.0,0.0,0.0,2874.0,2874.0,2874.0,0.0
432020,Seberi,RS,eligible_proxy,0.0,0.0,0.0,2874.0,2874.0,2874.0,0.0
432010,Sarandi,RS,eligible_proxy,0.0,0.0,0.0,2874.0,2874.0,2874.0,0.0
431980,São Vicente do Sul,RS,eligible_proxy,0.0,0.0,0.0,2874.0,2874.0,2874.0,0.0
431975,São Vendelino,RS,eligible_proxy,0.0,0.0,0.0,2874.0,2874.0,2874.0,0.0
431973,São Valério do Sul,RS,eligible_proxy,0.0,0.0,0.0,2874.0,2874.0,2874.0,0.0
431971,SAO VALENTIM DO SUL,RS,eligible_proxy,0.0,0.0,0.0,2874.0,2874.0,2874.0,0.0
432163,Três Arroios,RS,eligible_proxy,0.0,0.0,0.0,2874.0,2874.0,2874.0,0.0
432162,Travesseiro,RS,eligible_proxy,0.0,0.0,0.0,2874.0,2874.0,2874.0,0.0
432149,Toropi,RS,eligible_proxy,0.0,0.0,0.0,2874.0,2874.0,2874.0,0.0
432147,Tiradentes do Sul,RS,eligible_proxy,0.0,0.0,0.0,2874.0,2874.0,2874.0,0.0
432146,Tio Hugo,RS,eligible_proxy,0.0,0.0,0.0,2874.0,2874.0,2874.0,0.0
220385,Floresta do Piauí,PI,eligible_proxy,0.0,0.0,0.0,2874.0,2874.0,2874.0,0.0
432140,Tenente Portela,RS,eligible_proxy,0.0,0.0,0.0,2874.0,2874.0,2874.0,0.0
432135,TAVARES,RS,eligible_proxy,0.0,0.0,0.0,2874.0,2874.0,2874.0,0.0
432132,Taquaruçu do Sul,RS,eligible_proxy,0.0,0.0,0.0,2874.0,2874.0,2874.0,0.0
432120,Taquara,RS,eligible_proxy,0.0,0.0,0.0,2874.0,2874.0,2874.0,0.0
432100,Tapera,RS,eligible_proxy,0.0,0.0,0.0,2874.0,2874.0,2874.0,0.0
432090,TAPEJARA,RS,eligible_proxy,0.0,0.0,0.0,2874.0,2874.0,2874.0,0.0
432085,Tabaí,RS,eligible_proxy,0.0,0.0,0.0,2874.0,2874.0,2874.0,0.0
432080,Soledade,RS,eligible_proxy,0.0,0.0,0.0,2874.0,2874.0,2874.0,0.0
432070,Sobradinho,RS,eligible_proxy,0.0,0.0,0.0,2874.0,2874.0,2874.0,0.0
432067,Sinimbu,RS,eligible_proxy,0.0,0.0,0.0,2874.0,2874.0,2874.0,0.0
432200,Triunfo,RS,eligible_proxy,0.0,0.0,0.0,2874.0,2874.0,2874.0,0.0
432195,Trindade do Sul,RS,eligible_proxy,0.0,0.0,0.0,2874.0,2874.0,2874.0,0.0
432190,Três Passos,RS,eligible_proxy,0.0,0.0,0.0,2874.0,2874.0,2874.0,0.0
432185,Três Palmeiras,RS,eligible_proxy,0.0,0.0,0.0,2874.0,2874.0,2874.0,0.0
432183,TRES FORQUILHAS,RS,eligible_proxy,0.0,0.0,0.0,2874.0,2874.0,2874.0,0.0
432180,Três de Maio,RS,eligible_proxy,0.0,0.0,0.0,2874.0,2874.0,2874.0,0.0
171430,Nazaré,TO,eligible_proxy,0.0,0.0,0.0,2874.0,2874.0,2874.0,0.0
171420,Natividade,TO,eligible_proxy,0.0,0.0,0.0,2874.0,2874.0,2874.0,0.0
171380,Palmeiras do Tocantins,TO,eligible_proxy,0.0,0.0,0.0,2874.0,2874.0,2874.0,0.0
171330,Miranorte,TO,eligible_proxy,0.0,0.0,0.0,2874.0,2874.0,2874.0,0.0
171320,Miracema do Tocantins,TO,eligible_proxy,0.0,0.0,0.0,2874.0,2874.0,2874.0,0.0
171280,Maurilândia do Tocantins,TO,eligible_proxy,0.0,0.0,0.0,2874.0,2874.0,2874.0,0.0
171250,Marianópolis do Tocantins,TO,eligible_proxy,0.0,0.0,0.0,2874.0,2874.0,2874.0,0.0
171245,Luzinópolis,TO,eligible_proxy,0.0,0.0,0.0,2874.0,2874.0,2874.0,0.0
171200,Lajeado,TO,eligible_proxy,0.0,0.0,0.0,2874.0,2874.0,2874.0,0.0
432166,Três Cachoeiras,RS,eligible_proxy,0.0,0.0,0.0,2874.0,2874.0,2874.0,0.0
432290,Viadutos,RS,eligible_proxy,0.0,0.0,0.0,2874.0,2874.0,2874.0,0.0
432285,Vespasiano Corrêa,RS,eligible_proxy,0.0,0.0,0.0,2874.0,2874.0,2874.0,0.0
432270,Vera Cruz,RS,eligible_proxy,0.0,0.0,0.0,2874.0,2874.0,2874.0,0.0
432255,Vanini,RS,eligible_proxy,0.0,0.0,0.0,2874.0,2874.0,2874.0,0.0
432254,Vale Real,RS,eligible_proxy,0.0,0.0,0.0,2874.0,2874.0,2874.0,0.0
432253,Vale do Sol,RS,eligible_proxy,0.0,0.0,0.0,2874.0,2874.0,2874.0,0.0
432252,VALE VERDE,RS,eligible_proxy,0.0,0.0,0.0,2874.0,2874.0,2874.0,0.0
432237,Unistalda,RS,eligible_proxy,0.0,0.0,0.0,2874.0,2874.0,2874.0,0.0
432235,União da Serra,RS,eligible_proxy,0.0,0.0,0.0,2874.0,2874.0,2874.0,0.0
432234,Ubiretama,RS,eligible_proxy,0.0,0.0,0.0,2874.0,2874.0,2874.0,0.0
432232,Turuçu,RS,eligible_proxy,0.0,0.0,0.0,2874.0,2874.0,2874.0,0.0
432230,Tuparendi,RS,eligible_proxy,0.0,0.0,0.0,2874.0,2874.0,2874.0,0.0
432225,Tupandi,RS,eligible_proxy,0.0,0.0,0.0,2874.0,2874.0,2874.0,0.0
432218,TUPANCI DO SUL,RS,eligible_proxy,0.0,0.0,0.0,2874.0,2874.0,2874.0,0.0
432215,Tunas,RS,eligible_proxy,0.0,0.0,0.0,2874.0,2874.0,2874.0,0.0
432210,TUCUNDUVA,RS,eligible_proxy,0.0,0.0,0.0,2874.0,2874.0,2874.0,0.0
500090,Antônio João,MS,eligible_proxy,0.0,0.0,0.0,2874.0,2874.0,2874.0,0.0
500085,Angélica,MS,eligible_proxy,0.0,0.0,0.0,2874.0,2874.0,2874.0,0.0
500080,Anaurilândia,MS,eligible_proxy,0.0,0.0,0.0,2874.0,2874.0,2874.0,0.0
500070,Anastácio,MS,eligible_proxy,0.0,0.0,0.0,2874.0,2874.0,2874.0,0.0
500025,Alcinópolis,MS,eligible_proxy,0.0,0.0,0.0,2874.0,2874.0,2874.0,0.0
432380,Xangri-lá,RS,eligible_proxy,0.0,0.0,0.0,2874.0,2874.0,2874.0,0.0
432377,Westfália,RS,eligible_proxy,0.0,0.0,0.0,2874.0,2874.0,2874.0,0.0
432375,Vitória das Missões,RS,eligible_proxy,0.0,0.0,0.0,2874.0,2874.0,2874.0,0.0
432370,Vista Gaúcha,RS,eligible_proxy,0.0,0.0,0.0,2874.0,2874.0,2874.0,0.0
432350,Vista Alegre,RS,eligible_proxy,0.0,0.0,0.0,2874.0,2874.0,2874.0,0.0
432345,Vila Nova do Sul,RS,eligible_proxy,0.0,0.0,0.0,2874.0,2874.0,2874.0,0.0
432340,VILA MARIA,RS,eligible_proxy,0.0,0.0,0.0,2874.0,2874.0,2874.0,0.0
432335,Vila Lângaro,RS,eligible_proxy,0.0,0.0,0.0,2874.0,2874.0,2874.0,0.0
432330,Vila Flores,RS,eligible_proxy,0.0,0.0,0.0,2874.0,2874.0,2874.0,0.0
432320,Victor Graeff,RS,eligible_proxy,0.0,0.0,0.0,2874.0,2874.0,2874.0,0.0
432310,Vicente Dutra,RS,eligible_proxy,0.0,0.0,0.0,2874.0,2874.0,2874.0,0.0
500375,Eldorado,MS,eligible_proxy,0.0,0.0,0.0,2874.0,2874.0,2874.0,0.0
500350,Douradina,MS,eligible_proxy,0.0,0.0,0.0,2874.0,2874.0,2874.0,0.0
500348,Dois Irmãos do Buriti,MS,eligible_proxy,0.0,0.0,0.0,2874.0,2874.0,2874.0,0.0
500345,Deodápolis,MS,eligible_proxy,0.0,0.0,0.0,2874.0,2874.0,2874.0,0.0
220400,Francinópolis,PI,eligible_proxy,0.0,0.0,0.0,2874.0,2874.0,2874.0,0.0
220390,Floriano,PI,eligible_proxy,0.0,0.0,0.0,2874.0,2874.0,2874.0,0.0
500310,Corguinho,MS,eligible_proxy,0.0,0.0,0.0,2874.0,2874.0,2874.0,0.0
500290,Cassilândia,MS,eligible_proxy,0.0,0.0,0.0,2874.0,2874.0,2874.0,0.0
500230,Brasilândia,MS,eligible_proxy,0.0,0.0,0.0,2874.0,2874.0,2874.0,0.0
500215,Bodoquena,MS,eligible_proxy,0.0,0.0,0.0,2874.0,2874.0,2874.0,0.0
500210,Bela Vista,MS,eligible_proxy,0.0,0.0,0.0,2874.0,2874.0,2874.0,0.0
500200,Batayporã,MS,eligible_proxy,0.0,0.0,0.0,2874.0,2874.0,2874.0,0.0
500190,Bataguassu,MS,eligible_proxy,0.0,0.0,0.0,2874.0,2874.0,2874.0,0.0
500150,Bandeirantes,MS,eligible_proxy,0.0,0.0,0.0,2874.0,2874.0,2874.0,0.0
500124,Aral Moreira,MS,eligible_proxy,0.0,0.0,0.0,2874.0,2874.0,2874.0,0.0
500110,Aquidauana,MS,eligible_proxy,0.0,0.0,0.0,2874.0,2874.0,2874.0,0.0
500620,Nova Andradina,MS,eligible_proxy,0.0,0.0,0.0,2874.0,2874.0,2874.0,0.0
500600,Nova Alvorada do Sul,MS,eligible_proxy,0.0,0.0,0.0,2874.0,2874.0,2874.0,0.0
500580,Nioaque,MS,eligible_proxy,0.0,0.0,0.0,2874.0,2874.0,2874.0,0.0
500568,Mundo Novo,MS,eligible_proxy,0.0,0.0,0.0,2874.0,2874.0,2874.0,0.0
500560,Miranda,MS,eligible_proxy,0.0,0.0,0.0,2874.0,2874.0,2874.0,0.0
500525,Laguna Carapã,MS,eligible_proxy,0.0,0.0,0.0,2874.0,2874.0,2874.0,0.0
500520,Ladário,MS,eligible_proxy,0.0,0.0,0.0,2874.0,2874.0,2874.0,0.0
500500,Jardim,MS,eligible_proxy,0.0,0.0,0.0,2874.0,2874.0,2874.0,0.0
500490,Jaraguari,MS,eligible_proxy,0.0,0.0,0.0,2874.0,2874.0,2874.0,0.0
500470,Ivinhema,MS,eligible_proxy,0.0,0.0,0.0,2874.0,2874.0,2874.0,0.0
500460,Itaquiraí,MS,eligible_proxy,0.0,0.0,0.0,2874.0,2874.0,2874.0,0.0
500440,Inocência,MS,eligible_proxy,0.0,0.0,0.0,2874.0,2874.0,2874.0,0.0
500430,Iguatemi,MS,eligible_proxy,0.0,0.0,0.0,2874.0,2874.0,2874.0,0.0
500410,Guia Lopes da Laguna,MS,eligible_proxy,0.0,0.0,0.0,2874.0,2874.0,2874.0,0.0
500400,Glória de Dourados,MS,eligible_proxy,0.0,0.0,0.0,2874.0,2874.0,2874.0,0.0
500380,Fátima do Sul,MS,eligible_proxy,0.0,0.0,0.0,2874.0,2874.0,2874.0,0.0
500720,Rio Brilhante,MS,eligible_proxy,0.0,0.0,0.0,2874.0,2874.0,2874.0,0.0
220430,Fronteiras,PI,eligible_proxy,0.0,0.0,0.0,2874.0,2874.0,2874.0,0.0
171190,Lagoa da Confusão,TO,eligible_proxy,0.0,0.0,0.0,2874.0,2874.0,2874.0,0.0
171150,Jaú do Tocantins,TO,eligible_proxy,0.0,0.0,0.0,2874.0,2874.0,2874.0,0.0
171070,Itaguatins,TO,eligible_proxy,0.0,0.0,0.0,2874.0,2874.0,2874.0,0.0
171050,Itacajá,TO,eligible_proxy,0.0,0.0,0.0,2874.0,2874.0,2874.0,0.0
170950,Gurupi,TO,eligible_proxy,0.0,0.0,0.0,2874.0,2874.0,2874.0,0.0
170930,Guaraí,TO,eligible_proxy,0.0,0.0,0.0,2874.0,2874.0,2874.0,0.0
170900,Goiatins,TO,eligible_proxy,0.0,0.0,0.0,2874.0,2874.0,2874.0,0.0
170830,Goianorte,TO,eligible_proxy,0.0,0.0,0.0,2874.0,2874.0,2874.0,0.0
170820,Formoso do Araguaia,TO,eligible_proxy,0.0,0.0,0.0,2874.0,2874.0,2874.0,0.0
170770,Filadélfia,TO,eligible_proxy,0.0,0.0,0.0,2874.0,2874.0,2874.0,0.0
500690,Porto Murtinho,MS,eligible_proxy,0.0,0.0,0.0,2874.0,2874.0,2874.0,0.0
500640,Pedro Gomes,MS,eligible_proxy,0.0,0.0,0.0,2874.0,2874.0,2874.0,0.0
500627,Paraíso das Águas,MS,eligible_proxy,0.0,0.0,0.0,2874.0,2874.0,2874.0,0.0
500625,Novo Horizonte do Sul,MS,eligible_proxy,0.0,0.0,0.0,2874.0,2874.0,2874.0,0.0
510080,Apiacás,MT,eligible_proxy,0.0,0.0,0.0,2874.0,2874.0,2874.0,0.0
510050,Alto Paraguai,MT,eligible_proxy,0.0,0.0,0.0,2874.0,2874.0,2874.0,0.0
510040,Alto Garças,MT,eligible_proxy,0.0,0.0,0.0,2874.0,2874.0,2874.0,0.0
510035,Alto Boa Vista,MT,eligible_proxy,0.0,0.0,0.0,2874.0,2874.0,2874.0,0.0
510030,Alto Araguaia,MT,eligible_proxy,0.0,0.0,0.0,2874.0,2874.0,2874.0,0.0
510020,Água Boa,MT,eligible_proxy,0.0,0.0,0.0,2874.0,2874.0,2874.0,0.0
500840,Vicentina,MS,eligible_proxy,0.0,0.0,0.0,2874.0,2874.0,2874.0,0.0
500830,Três Lagoas,MS,eligible_proxy,0.0,0.0,0.0,2874.0,2874.0,2874.0,0.0
500800,TERENOS,MS,eligible_proxy,0.0,0.0,0.0,2874.0,2874.0,2874.0,0.0
500797,Taquarussu,MS,eligible_proxy,0.0,0.0,0.0,2874.0,2874.0,2874.0,0.0
500793,Sonora,MS,eligible_proxy,0.0,0.0,0.0,2874.0,2874.0,2874.0,0.0
500780,Selvíria,MS,eligible_proxy,0.0,0.0,0.0,2874.0,2874.0,2874.0,0.0
500769,São Gabriel do Oeste,MS,eligible_proxy,0.0,0.0,0.0,2874.0,2874.0,2874.0,0.0
500755,Santa Rita do Pardo,MS,eligible_proxy,0.0,0.0,0.0,2874.0,2874.0,2874.0,0.0
500740,Rio Verde de Mato Grosso,MS,eligible_proxy,0.0,0.0,0.0,2874.0,2874.0,2874.0,0.0
500730,Rio Negro,MS,eligible_proxy,0.0,0.0,0.0,2874.0,2874.0,2874.0,0.0
510337,Cotriguaçu,MT,eligible_proxy,0.0,0.0,0.0,2874.0,2874.0,2874.0,0.0
510330,Comodoro,MT,eligible_proxy,0.0,0.0,0.0,2874.0,2874.0,2874.0,0.0
510310,Cocalinho,MT,eligible_proxy,0.0,0.0,0.0,2874.0,2874.0,2874.0,0.0
510305,Cláudia,MT,eligible_proxy,0.0,0.0,0.0,2874.0,2874.0,2874.0,0.0
510300,Chapada dos Guimarães,MT,eligible_proxy,0.0,0.0,0.0,2874.0,2874.0,2874.0,0.0
510285,Castanheira,MT,eligible_proxy,0.0,0.0,0.0,2874.0,2874.0,2874.0,0.0
510279,Carlinda,MT,eligible_proxy,0.0,0.0,0.0,2874.0,2874.0,2874.0,0.0
510269,Canabrava do Norte,MT,eligible_proxy,0.0,0.0,0.0,2874.0,2874.0,2874.0,0.0
510268,Campos de Júlio,MT,eligible_proxy,0.0,0.0,0.0,2874.0,2874.0,2874.0,0.0
510267,Campo Verde,MT,eligible_proxy,0.0,0.0,0.0,2874.0,2874.0,2874.0,0.0
510250,Cáceres,MT,eligible_proxy,0.0,0.0,0.0,2874.0,2874.0,2874.0,0.0
510185,Bom Jesus do Araguaia,MT,eligible_proxy,0.0,0.0,0.0,2874.0,2874.0,2874.0,0.0
510170,Barra do Bugres,MT,eligible_proxy,0.0,0.0,0.0,2874.0,2874.0,2874.0,0.0
510160,Barão de Melgaço,MT,eligible_proxy,0.0,0.0,0.0,2874.0,2874.0,2874.0,0.0
510130,Arenápolis,MT,eligible_proxy,0.0,0.0,0.0,2874.0,2874.0,2874.0,0.0
510125,Araputanga,MT,eligible_proxy,0.0,0.0,0.0,2874.0,2874.0,2874.0,0.0
510520,Juscimeira,MT,eligible_proxy,0.0,0.0,0.0,2874.0,2874.0,2874.0,0.0
510517,Juruena,MT,eligible_proxy,0.0,0.0,0.0,2874.0,2874.0,2874.0,0.0
510500,Jauru,MT,eligible_proxy,0.0,0.0,0.0,2874.0,2874.0,2874.0,0.0
510490,Jangada,MT,eligible_proxy,0.0,0.0,0.0,2874.0,2874.0,2874.0,0.0
510480,Jaciara,MT,eligible_proxy,0.0,0.0,0.0,2874.0,2874.0,2874.0,0.0
510460,Itiquira,MT,eligible_proxy,0.0,0.0,0.0,2874.0,2874.0,2874.0,0.0
510454,Itanhangá,MT,eligible_proxy,0.0,0.0,0.0,2874.0,2874.0,2874.0,0.0
510452,Ipiranga do Norte,MT,eligible_proxy,0.0,0.0,0.0,2874.0,2874.0,2874.0,0.0
510420,Guiratinga,MT,eligible_proxy,0.0,0.0,0.0,2874.0,2874.0,2874.0,0.0
510410,Guarantã do Norte,MT,eligible_proxy,0.0,0.0,0.0,2874.0,2874.0,2874.0,0.0
510390,General Carneiro,MT,eligible_proxy,0.0,0.0,0.0,2874.0,2874.0,2874.0,0.0
510380,Figueirópolis D'Oeste,MT,eligible_proxy,0.0,0.0,0.0,2874.0,2874.0,2874.0,0.0
220450,Guadalupe,PI,eligible_proxy,0.0,0.0,0.0,2874.0,2874.0,2874.0,0.0
510350,Diamantino,MT,eligible_proxy,0.0,0.0,0.0,2874.0,2874.0,2874.0,0.0
510345,Denise,MT,eligible_proxy,0.0,0.0,0.0,2874.0,2874.0,2874.0,0.0
510343,Curvelândia,MT,eligible_proxy,0.0,0.0,0.0,2874.0,2874.0,2874.0,0.0
510619,Nova Santa Helena,MT,eligible_proxy,0.0,0.0,0.0,2874.0,2874.0,2874.0,0.0
510618,Nova Lacerda,MT,eligible_proxy,0.0,0.0,0.0,2874.0,2874.0,2874.0,0.0
510610,Nossa Senhora do Livramento,MT,eligible_proxy,0.0,0.0,0.0,2874.0,2874.0,2874.0,0.0
510600,Nortelândia,MT,eligible_proxy,0.0,0.0,0.0,2874.0,2874.0,2874.0,0.0
510560,Matupá,MT,eligible_proxy,0.0,0.0,0.0,2874.0,2874.0,2874.0,0.0
510558,Marcelândia,MT,eligible_proxy,0.0,0.0,0.0,2874.0,2874.0,2874.0,0.0
170740,Esperantina,TO,eligible_proxy,0.0,0.0,0.0,2874.0,2874.0,2874.0,0.0
170710,Divinópolis do Tocantins,TO,eligible_proxy,0.0,0.0,0.0,2874.0,2874.0,2874.0,0.0
170700,Dianópolis,TO,eligible_proxy,0.0,0.0,0.0,2874.0,2874.0,2874.0,0.0
170650,DARCINOPOLIS,TO,eligible_proxy,0.0,0.0,0.0,2874.0,2874.0,2874.0,0.0
170610,Cristalândia,TO,eligible_proxy,0.0,0.0,0.0,2874.0,2874.0,2874.0,0.0
170600,Couto Magalhães,TO,eligible_proxy,0.0,0.0,0.0,2874.0,2874.0,2874.0,0.0
170555,Combinado,TO,eligible_proxy,0.0,0.0,0.0,2874.0,2874.0,2874.0,0.0
170550,Colinas do Tocantins,TO,eligible_proxy,0.0,0.0,0.0,2874.0,2874.0,2874.0,0.0
170410,Centenário,TO,eligible_proxy,0.0,0.0,0.0,2874.0,2874.0,2874.0,0.0
510523,Lambari D'Oeste,MT,eligible_proxy,0.0,0.0,0.0,2874.0,2874.0,2874.0,0.0
110149,São Francisco do Guaporé,RO,eligible_proxy,0.0,0.0,0.0,2874.0,2874.0,2874.0,0.0
110148,São Felipe D'Oeste,RO,eligible_proxy,0.0,0.0,0.0,2874.0,2874.0,2874.0,0.0
110145,Parecis,RO,eligible_proxy,0.0,0.0,0.0,2874.0,2874.0,2874.0,0.0
110143,Nova União,RO,eligible_proxy,0.0,0.0,0.0,2874.0,2874.0,2874.0,0.0
110140,Monte Negro,RO,eligible_proxy,0.0,0.0,0.0,2874.0,2874.0,2874.0,0.0
110130,Mirante da Serra,RO,eligible_proxy,0.0,0.0,0.0,2874.0,2874.0,2874.0,0.0
110120,Ministro Andreazza,RO,eligible_proxy,0.0,0.0,0.0,2874.0,2874.0,2874.0,0.0
510650,Poconé,MT,eligible_proxy,0.0,0.0,0.0,2874.0,2874.0,2874.0,0.0
510637,Pedra Preta,MT,eligible_proxy,0.0,0.0,0.0,2874.0,2874.0,2874.0,0.0
510629,Paranaíta,MT,eligible_proxy,0.0,0.0,0.0,2874.0,2874.0,2874.0,0.0
510628,Novo São Joaquim,MT,eligible_proxy,0.0,0.0,0.0,2874.0,2874.0,2874.0,0.0
510627,Novo Horizonte do Norte,MT,eligible_proxy,0.0,0.0,0.0,2874.0,2874.0,2874.0,0.0
510626,Novo Mundo,MT,eligible_proxy,0.0,0.0,0.0,2874.0,2874.0,2874.0,0.0
510623,Nova Olímpia,MT,eligible_proxy,0.0,0.0,0.0,2874.0,2874.0,2874.0,0.0
220470,Inhuma,PI,eligible_proxy,0.0,0.0,0.0,2874.0,2874.0,2874.0,0.0
510621,Nova Canaã do Norte,MT,eligible_proxy,0.0,0.0,0.0,2874.0,2874.0,2874.0,0.0
510729,São José do Povo,MT,eligible_proxy,0.0,0.0,0.0,2874.0,2874.0,2874.0,0.0
510724,Santa Carmem,MT,eligible_proxy,0.0,0.0,0.0,2874.0,2874.0,2874.0,0.0
510720,RIO BRANCO,MT,eligible_proxy,0.0,0.0,0.0,2874.0,2874.0,2874.0,0.0
510719,Ribeirãozinho,MT,eligible_proxy,0.0,0.0,0.0,2874.0,2874.0,2874.0,0.0
510718,Ribeirão Cascalheira,MT,eligible_proxy,0.0,0.0,0.0,2874.0,2874.0,2874.0,0.0
510715,Reserva do Cabaçal,MT,eligible_proxy,0.0,0.0,0.0,2874.0,2874.0,2874.0,0.0
220490,Isaías Coelho,PI,eligible_proxy,0.0,0.0,0.0,2874.0,2874.0,2874.0,0.0
220480,Ipiranga do Piauí,PI,eligible_proxy,0.0,0.0,0.0,2874.0,2874.0,2874.0,0.0
510682,Porto Esperidião,MT,eligible_proxy,0.0,0.0,0.0,2874.0,2874.0,2874.0,0.0
510680,Porto dos Gaúchos,MT,eligible_proxy,0.0,0.0,0.0,2874.0,2874.0,2874.0,0.0
510677,Porto Alegre do Norte,MT,eligible_proxy,0.0,0.0,0.0,2874.0,2874.0,2874.0,0.0
510665,Pontal do Araguaia,MT,eligible_proxy,0.0,0.0,0.0,2874.0,2874.0,2874.0,0.0
110180,Vale do Paraíso,RO,eligible_proxy,0.0,0.0,0.0,2874.0,2874.0,2874.0,0.0
110175,Vale do Anari,RO,eligible_proxy,0.0,0.0,0.0,2874.0,2874.0,2874.0,0.0
110170,Urupá,RO,eligible_proxy,0.0,0.0,0.0,2874.0,2874.0,2874.0,0.0
110150,Seringueiras,RO,eligible_proxy,0.0,0.0,0.0,2874.0,2874.0,2874.0,0.0
510880,Nova Guarita,MT,eligible_proxy,0.0,0.0,0.0,2874.0,2874.0,2874.0,0.0
510860,Vila Rica,MT,eligible_proxy,0.0,0.0,0.0,2874.0,2874.0,2874.0,0.0
510835,Vale de São Domingos,MT,eligible_proxy,0.0,0.0,0.0,2874.0,2874.0,2874.0,0.0
510830,União do Sul,MT,eligible_proxy,0.0,0.0,0.0,2874.0,2874.0,2874.0,0.0
510820,Torixoréu,MT,eligible_proxy,0.0,0.0,0.0,2874.0,2874.0,2874.0,0.0
510810,Tesouro,MT,eligible_proxy,0.0,0.0,0.0,2874.0,2874.0,2874.0,0.0
510805,Terra Nova do Norte,MT,eligible_proxy,0.0,0.0,0.0,2874.0,2874.0,2874.0,0.0
510794,Tabaporã,MT,eligible_proxy,0.0,0.0,0.0,2874.0,2874.0,2874.0,0.0
510788,Serra Nova Dourada,MT,eligible_proxy,0.0,0.0,0.0,2874.0,2874.0,2874.0,0.0
220500,Itainópolis,PI,eligible_proxy,0.0,0.0,0.0,2874.0,2874.0,2874.0,0.0
510780,Santo Antônio de Leverger,MT,eligible_proxy,0.0,0.0,0.0,2874.0,2874.0,2874.0,0.0
510779,Santo Antônio do Leste,MT,eligible_proxy,0.0,0.0,0.0,2874.0,2874.0,2874.0,0.0
510777,Santa Terezinha,MT,eligible_proxy,0.0,0.0,0.0,2874.0,2874.0,2874.0,0.0
510775,Salto do Céu,MT,eligible_proxy,0.0,0.0,0.0,2874.0,2874.0,2874.0,0.0
510770,Rosário Oeste,MT,eligible_proxy,0.0,0.0,0.0,2874.0,2874.0,2874.0,0.0
510730,São José do Rio Claro,MT,eligible_proxy,0.0,0.0,0.0,2874.0,2874.0,2874.0,0.0
520150,Aporé,GO,eligible_proxy,0.0,0.0,0.0,2874.0,2874.0,2874.0,0.0
520130,Anicuns,GO,eligible_proxy,0.0,0.0,0.0,2874.0,2874.0,2874.0,0.0
520090,Amorinópolis,GO,eligible_proxy,0.0,0.0,0.0,2874.0,2874.0,2874.0,0.0
520085,Americano do Brasil,GO,eligible_proxy,0.0,0.0,0.0,2874.0,2874.0,2874.0,0.0
520082,Amaralina,GO,eligible_proxy,0.0,0.0,0.0,2874.0,2874.0,2874.0,0.0
520080,Alvorada do Norte,GO,eligible_proxy,0.0,0.0,0.0,2874.0,2874.0,2874.0,0.0
520060,Alto Paraíso de Goiás,GO,eligible_proxy,0.0,0.0,0.0,2874.0,2874.0,2874.0,0.0
520055,Alto Horizonte,GO,eligible_proxy,0.0,0.0,0.0,2874.0,2874.0,2874.0,0.0
520050,Aloândia,GO,eligible_proxy,0.0,0.0,0.0,2874.0,2874.0,2874.0,0.0
520030,Alexânia,GO,eligible_proxy,0.0,0.0,0.0,2874.0,2874.0,2874.0,0.0
520020,Água Limpa,GO,eligible_proxy,0.0,0.0,0.0,2874.0,2874.0,2874.0,0.0
520017,Água Fria de Goiás,GO,eligible_proxy,0.0,0.0,0.0,2874.0,2874.0,2874.0,0.0
520015,Adelândia,GO,eligible_proxy,0.0,0.0,0.0,2874.0,2874.0,2874.0,0.0
520013,Acreúna,GO,eligible_proxy,0.0,0.0,0.0,2874.0,2874.0,2874.0,0.0
520010,Abadiânia,GO,eligible_proxy,0.0,0.0,0.0,2874.0,2874.0,2874.0,0.0
220510,Itaueira,PI,eligible_proxy,0.0,0.0,0.0,2874.0,2874.0,2874.0,0.0
520390,Buriti Alegre,GO,eligible_proxy,0.0,0.0,0.0,2874.0,2874.0,2874.0,0.0
520380,Britânia,GO,eligible_proxy,0.0,0.0,0.0,2874.0,2874.0,2874.0,0.0
520360,Brazabrantes,GO,eligible_proxy,0.0,0.0,0.0,2874.0,2874.0,2874.0,0.0
520357,Bonópolis,GO,eligible_proxy,0.0,0.0,0.0,2874.0,2874.0,2874.0,0.0
520355,Bonfinópolis,GO,eligible_proxy,0.0,0.0,0.0,2874.0,2874.0,2874.0,0.0
520350,Bom Jesus de Goiás,GO,eligible_proxy,0.0,0.0,0.0,2874.0,2874.0,2874.0,0.0
520340,Bom Jardim de Goiás,GO,eligible_proxy,0.0,0.0,0.0,2874.0,2874.0,2874.0,0.0
520330,Bela Vista de Goiás,GO,eligible_proxy,0.0,0.0,0.0,2874.0,2874.0,2874.0,0.0
520280,Avelinópolis,GO,eligible_proxy,0.0,0.0,0.0,2874.0,2874.0,2874.0,0.0
520260,Aurilândia,GO,eligible_proxy,0.0,0.0,0.0,2874.0,2874.0,2874.0,0.0
520250,Aruanã,GO,eligible_proxy,0.0,0.0,0.0,2874.0,2874.0,2874.0,0.0
520235,Arenópolis,GO,eligible_proxy,0.0,0.0,0.0,2874.0,2874.0,2874.0,0.0
520215,Araguapaz,GO,eligible_proxy,0.0,0.0,0.0,2874.0,2874.0,2874.0,0.0
520180,Aragoiânia,GO,eligible_proxy,0.0,0.0,0.0,2874.0,2874.0,2874.0,0.0
520170,Aragarças,GO,eligible_proxy,0.0,0.0,0.0,2874.0,2874.0,2874.0,0.0
520160,Araçu,GO,eligible_proxy,0.0,0.0,0.0,2874.0,2874.0,2874.0,0.0
520495,Campos Verdes,GO,eligible_proxy,0.0,0.0,0.0,2874.0,2874.0,2874.0,0.0
520490,Campos Belos,GO,eligible_proxy,0.0,0.0,0.0,2874.0,2874.0,2874.0,0.0
520485,Campo Limpo de Goiás,GO,eligible_proxy,0.0,0.0,0.0,2874.0,2874.0,2874.0,0.0
520480,Campo Alegre de Goiás,GO,eligible_proxy,0.0,0.0,0.0,2874.0,2874.0,2874.0,0.0
520470,Campinorte,GO,eligible_proxy,0.0,0.0,0.0,2874.0,2874.0,2874.0,0.0
520465,Campinaçu,GO,eligible_proxy,0.0,0.0,0.0,2874.0,2874.0,2874.0,0.0
520460,Campestre de Goiás,GO,eligible_proxy,0.0,0.0,0.0,2874.0,2874.0,2874.0,0.0
520455,Caldazinha,GO,eligible_proxy,0.0,0.0,0.0,2874.0,2874.0,2874.0,0.0
520440,Caiapônia,GO,eligible_proxy,0.0,0.0,0.0,2874.0,2874.0,2874.0,0.0
520430,Caçu,GO,eligible_proxy,0.0,0.0,0.0,2874.0,2874.0,2874.0,0.0
520425,Cachoeira Dourada,GO,eligible_proxy,0.0,0.0,0.0,2874.0,2874.0,2874.0,0.0
520420,Cachoeira de Goiás,GO,eligible_proxy,0.0,0.0,0.0,2874.0,2874.0,2874.0,0.0
520410,Cachoeira Alta,GO,eligible_proxy,0.0,0.0,0.0,2874.0,2874.0,2874.0,0.0
520400,Cabeceiras,GO,eligible_proxy,0.0,0.0,0.0,2874.0,2874.0,2874.0,0.0
520396,Buritinópolis,GO,eligible_proxy,0.0,0.0,0.0,2874.0,2874.0,2874.0,0.0
520393,Buriti de Goiás,GO,eligible_proxy,0.0,0.0,0.0,2874.0,2874.0,2874.0,0.0
520570,Córrego do Ouro,GO,eligible_proxy,0.0,0.0,0.0,2874.0,2874.0,2874.0,0.0
520552,Colinas do Sul,GO,eligible_proxy,0.0,0.0,0.0,2874.0,2874.0,2874.0,0.0
520545,Cezarina,GO,eligible_proxy,0.0,0.0,0.0,2874.0,2874.0,2874.0,0.0
520540,Ceres,GO,eligible_proxy,0.0,0.0,0.0,2874.0,2874.0,2874.0,0.0
520530,Cavalcante,GO,eligible_proxy,0.0,0.0,0.0,2874.0,2874.0,2874.0,0.0
520520,Caturaí,GO,eligible_proxy,0.0,0.0,0.0,2874.0,2874.0,2874.0,0.0
170390,Caseara,TO,eligible_proxy,0.0,0.0,0.0,2874.0,2874.0,2874.0,0.0
170386,Cariri do Tocantins,TO,eligible_proxy,0.0,0.0,0.0,2874.0,2874.0,2874.0,0.0
170384,Campos Lindos,TO,eligible_proxy,0.0,0.0,0.0,2874.0,2874.0,2874.0,0.0
170380,Buriti do Tocantins,TO,eligible_proxy,0.0,0.0,0.0,2874.0,2874.0,2874.0,0.0
170370,Brejinho de Nazaré,TO,eligible_proxy,0.0,0.0,0.0,2874.0,2874.0,2874.0,0.0
170320,Bernardo Sayão,TO,eligible_proxy,0.0,0.0,0.0,2874.0,2874.0,2874.0,0.0
170310,Barrolândia,TO,eligible_proxy,0.0,0.0,0.0,2874.0,2874.0,2874.0,0.0
170300,Babaçulândia,TO,eligible_proxy,0.0,0.0,0.0,2874.0,2874.0,2874.0,0.0
170290,Axixá do Tocantins,TO,eligible_proxy,0.0,0.0,0.0,2874.0,2874.0,2874.0,0.0
520500,Carmo do Rio Verde,GO,eligible_proxy,0.0,0.0,0.0,2874.0,2874.0,2874.0,0.0
520780,Firminópolis,GO,eligible_proxy,0.0,0.0,0.0,2874.0,2874.0,2874.0,0.0
520760,Fazenda Nova,GO,eligible_proxy,0.0,0.0,0.0,2874.0,2874.0,2874.0,0.0
520753,Faina,GO,eligible_proxy,0.0,0.0,0.0,2874.0,2874.0,2874.0,0.0
520750,Estrela do Norte,GO,eligible_proxy,0.0,0.0,0.0,2874.0,2874.0,2874.0,0.0
520740,Edéia,GO,eligible_proxy,0.0,0.0,0.0,2874.0,2874.0,2874.0,0.0
520735,Edealina,GO,eligible_proxy,0.0,0.0,0.0,2874.0,2874.0,2874.0,0.0
520725,Doverlândia,GO,eligible_proxy,0.0,0.0,0.0,2874.0,2874.0,2874.0,0.0
520710,Diorama,GO,eligible_proxy,0.0,0.0,0.0,2874.0,2874.0,2874.0,0.0
520690,Davinópolis,GO,eligible_proxy,0.0,0.0,0.0,2874.0,2874.0,2874.0,0.0
520680,Damolândia,GO,eligible_proxy,0.0,0.0,0.0,2874.0,2874.0,2874.0,0.0
520670,Damianópolis,GO,eligible_proxy,0.0,0.0,0.0,2874.0,2874.0,2874.0,0.0
520660,Cumari,GO,eligible_proxy,0.0,0.0,0.0,2874.0,2874.0,2874.0,0.0
520650,Cromínia,GO,eligible_proxy,0.0,0.0,0.0,2874.0,2874.0,2874.0,0.0
520640,Crixás,GO,eligible_proxy,0.0,0.0,0.0,2874.0,2874.0,2874.0,0.0
520620,Cristalina,GO,eligible_proxy,0.0,0.0,0.0,2874.0,2874.0,2874.0,0.0
520580,Corumbá de Goiás,GO,eligible_proxy,0.0,0.0,0.0,2874.0,2874.0,2874.0,0.0
520990,Iaciara,GO,eligible_proxy,0.0,0.0,0.0,2874.0,2874.0,2874.0,0.0
520980,Hidrolina,GO,eligible_proxy,0.0,0.0,0.0,2874.0,2874.0,2874.0,0.0
520970,Hidrolândia,GO,eligible_proxy,0.0,0.0,0.0,2874.0,2874.0,2874.0,0.0
520960,Heitoraí,GO,eligible_proxy,0.0,0.0,0.0,2874.0,2874.0,2874.0,0.0
520940,Guarani de Goiás,GO,eligible_proxy,0.0,0.0,0.0,2874.0,2874.0,2874.0,0.0
520929,Guaraíta,GO,eligible_proxy,0.0,0.0,0.0,2874.0,2874.0,2874.0,0.0
520920,Guapó,GO,eligible_proxy,0.0,0.0,0.0,2874.0,2874.0,2874.0,0.0
520915,Gouvelândia,GO,eligible_proxy,0.0,0.0,0.0,2874.0,2874.0,2874.0,0.0
520910,Goiatuba,GO,eligible_proxy,0.0,0.0,0.0,2874.0,2874.0,2874.0,0.0
520890,Goiás,GO,eligible_proxy,0.0,0.0,0.0,2874.0,2874.0,2874.0,0.0
520850,Goiandira,GO,eligible_proxy,0.0,0.0,0.0,2874.0,2874.0,2874.0,0.0
520840,Goianápolis,GO,eligible_proxy,0.0,0.0,0.0,2874.0,2874.0,2874.0,0.0
520830,Divinópolis de Goiás,GO,eligible_proxy,0.0,0.0,0.0,2874.0,2874.0,2874.0,0.0
520815,Gameleira de Goiás,GO,eligible_proxy,0.0,0.0,0.0,2874.0,2874.0,2874.0,0.0
520810,Formoso,GO,eligible_proxy,0.0,0.0,0.0,2874.0,2874.0,2874.0,0.0
520790,Flores de Goiás,GO,eligible_proxy,0.0,0.0,0.0,2874.0,2874.0,2874.0,0.0
521160,Ivolândia,GO,eligible_proxy,0.0,0.0,0.0,2874.0,2874.0,2874.0,0.0
521140,Itauçu,GO,eligible_proxy,0.0,0.0,0.0,2874.0,2874.0,2874.0,0.0
521130,Itarumã,GO,eligible_proxy,0.0,0.0,0.0,2874.0,2874.0,2874.0,0.0
521120,Itapuranga,GO,eligible_proxy,0.0,0.0,0.0,2874.0,2874.0,2874.0,0.0
521100,Itapirapuã,GO,eligible_proxy,0.0,0.0,0.0,2874.0,2874.0,2874.0,0.0
521090,Itapaci,GO,eligible_proxy,0.0,0.0,0.0,2874.0,2874.0,2874.0,0.0
521080,Itajá,GO,eligible_proxy,0.0,0.0,0.0,2874.0,2874.0,2874.0,0.0
521060,Itaguaru,GO,eligible_proxy,0.0,0.0,0.0,2874.0,2874.0,2874.0,0.0
521056,ITAGUARI,GO,eligible_proxy,0.0,0.0,0.0,2874.0,2874.0,2874.0,0.0
521040,Itaberaí,GO,eligible_proxy,0.0,0.0,0.0,2874.0,2874.0,2874.0,0.0
521030,ISRAELANDIA,GO,eligible_proxy,0.0,0.0,0.0,2874.0,2874.0,2874.0,0.0
521015,Ipiranga de Goiás,GO,eligible_proxy,0.0,0.0,0.0,2874.0,2874.0,2874.0,0.0
521010,Ipameri,GO,eligible_proxy,0.0,0.0,0.0,2874.0,2874.0,2874.0,0.0
521000,Inhumas,GO,eligible_proxy,0.0,0.0,0.0,2874.0,2874.0,2874.0,0.0
520995,Indiara,GO,eligible_proxy,0.0,0.0,0.0,2874.0,2874.0,2874.0,0.0
520993,Inaciolândia,GO,eligible_proxy,0.0,0.0,0.0,2874.0,2874.0,2874.0,0.0
521375,Montividiu,GO,eligible_proxy,0.0,0.0,0.0,2874.0,2874.0,2874.0,0.0
521370,Montes Claros de Goiás,GO,eligible_proxy,0.0,0.0,0.0,2874.0,2874.0,2874.0,0.0
521350,Monte Alegre de Goiás,GO,eligible_proxy,0.0,0.0,0.0,2874.0,2874.0,2874.0,0.0
521300,Maurilândia,GO,eligible_proxy,0.0,0.0,0.0,2874.0,2874.0,2874.0,0.0
521295,Matrinchã,GO,eligible_proxy,0.0,0.0,0.0,2874.0,2874.0,2874.0,0.0
521290,Marzagão,GO,eligible_proxy,0.0,0.0,0.0,2874.0,2874.0,2874.0,0.0
521280,Mara Rosa,GO,eligible_proxy,0.0,0.0,0.0,2874.0,2874.0,2874.0,0.0
521270,Mambaí,GO,eligible_proxy,0.0,0.0,0.0,2874.0,2874.0,2874.0,0.0
521260,Mairipotaba,GO,eligible_proxy,0.0,0.0,0.0,2874.0,2874.0,2874.0,0.0
521230,Leopoldo de Bulhões,GO,eligible_proxy,0.0,0.0,0.0,2874.0,2874.0,2874.0,0.0
521225,LAGOA SANTA,GO,eligible_proxy,0.0,0.0,0.0,2874.0,2874.0,2874.0,0.0
521220,Jussara,GO,eligible_proxy,0.0,0.0,0.0,2874.0,2874.0,2874.0,0.0
521210,Joviânia,GO,eligible_proxy,0.0,0.0,0.0,2874.0,2874.0,2874.0,0.0
521205,Jesúpolis,GO,eligible_proxy,0.0,0.0,0.0,2874.0,2874.0,2874.0,0.0
521200,Jaupaci,GO,eligible_proxy,0.0,0.0,0.0,2874.0,2874.0,2874.0,0.0
521170,Jandaia,GO,eligible_proxy,0.0,0.0,0.0,2874.0,2874.0,2874.0,0.0
521523,Novo Gama,GO,eligible_proxy,0.0,0.0,0.0,2874.0,2874.0,2874.0,0.0
521520,Novo Brasil,GO,eligible_proxy,0.0,0.0,0.0,2874.0,2874.0,2874.0,0.0
521500,Nova Veneza,GO,eligible_proxy,0.0,0.0,0.0,2874.0,2874.0,2874.0,0.0
521490,Nova Roma,GO,eligible_proxy,0.0,0.0,0.0,2874.0,2874.0,2874.0,0.0
521487,Nova Iguaçu de Goiás,GO,eligible_proxy,0.0,0.0,0.0,2874.0,2874.0,2874.0,0.0
521483,Nova Crixás,GO,eligible_proxy,0.0,0.0,0.0,2874.0,2874.0,2874.0,0.0
521480,Nova Aurora,GO,eligible_proxy,0.0,0.0,0.0,2874.0,2874.0,2874.0,0.0
521470,Nova América,GO,eligible_proxy,0.0,0.0,0.0,2874.0,2874.0,2874.0,0.0
521460,Niquelândia,GO,eligible_proxy,0.0,0.0,0.0,2874.0,2874.0,2874.0,0.0
521450,Nerópolis,GO,eligible_proxy,0.0,0.0,0.0,2874.0,2874.0,2874.0,0.0
521440,Nazário,GO,eligible_proxy,0.0,0.0,0.0,2874.0,2874.0,2874.0,0.0
521410,Mutunópolis,GO,eligible_proxy,0.0,0.0,0.0,2874.0,2874.0,2874.0,0.0
521405,Mundo Novo,GO,eligible_proxy,0.0,0.0,0.0,2874.0,2874.0,2874.0,0.0
521400,Mozarlândia,GO,eligible_proxy,0.0,0.0,0.0,2874.0,2874.0,2874.0,0.0
521390,Mossâmedes,GO,eligible_proxy,0.0,0.0,0.0,2874.0,2874.0,2874.0,0.0
521377,Montividiu do Norte,GO,eligible_proxy,0.0,0.0,0.0,2874.0,2874.0,2874.0,0.0
110090,Castanheiras,RO,eligible_proxy,0.0,0.0,0.0,2874.0,2874.0,2874.0,0.0
110080,Candeias do Jamari,RO,eligible_proxy,0.0,0.0,0.0,2874.0,2874.0,2874.0,0.0
110070,Campo Novo de Rondônia,RO,eligible_proxy,0.0,0.0,0.0,2874.0,2874.0,2874.0,0.0
110060,Cacaulândia,RO,eligible_proxy,0.0,0.0,0.0,2874.0,2874.0,2874.0,0.0
110050,Novo Horizonte do Oeste,RO,eligible_proxy,0.0,0.0,0.0,2874.0,2874.0,2874.0,0.0
110045,Buritis,RO,eligible_proxy,0.0,0.0,0.0,2874.0,2874.0,2874.0,0.0
110040,Alto Paraíso,RO,eligible_proxy,0.0,0.0,0.0,2874.0,2874.0,2874.0,0.0
110037,Alto Alegre dos Parecis,RO,eligible_proxy,0.0,0.0,0.0,2874.0,2874.0,2874.0,0.0
110034,Alvorada D'Oeste,RO,eligible_proxy,0.0,0.0,0.0,2874.0,2874.0,2874.0,0.0
110033,Nova Mamoré,RO,eligible_proxy,0.0,0.0,0.0,2874.0,2874.0,2874.0,0.0
110030,Vilhena,RO,eligible_proxy,0.0,0.0,0.0,2874.0,2874.0,2874.0,0.0
521565,Palestina de Goiás,GO,eligible_proxy,0.0,0.0,0.0,2874.0,2874.0,2874.0,0.0
521560,Padre Bernardo,GO,eligible_proxy,0.0,0.0,0.0,2874.0,2874.0,2874.0,0.0
521540,Ouro Verde de Goiás,GO,eligible_proxy,0.0,0.0,0.0,2874.0,2874.0,2874.0,0.0
521530,Orizona,GO,eligible_proxy,0.0,0.0,0.0,2874.0,2874.0,2874.0,0.0
521525,Novo Planalto,GO,eligible_proxy,0.0,0.0,0.0,2874.0,2874.0,2874.0,0.0
521839,Professor Jamil,GO,eligible_proxy,0.0,0.0,0.0,2874.0,2874.0,2874.0,0.0
521830,Posse,GO,eligible_proxy,0.0,0.0,0.0,2874.0,2874.0,2874.0,0.0
220525,Jardim do Mulato,PI,eligible_proxy,0.0,0.0,0.0,2874.0,2874.0,2874.0,0.0
521770,Pontalina,GO,eligible_proxy,0.0,0.0,0.0,2874.0,2874.0,2874.0,0.0
220520,Jaicós,PI,eligible_proxy,0.0,0.0,0.0,2874.0,2874.0,2874.0,0.0
521720,Piranhas,GO,eligible_proxy,0.0,0.0,0.0,2874.0,2874.0,2874.0,0.0
521690,Pilar de Goiás,GO,eligible_proxy,0.0,0.0,0.0,2874.0,2874.0,2874.0,0.0
521680,Petrolina de Goiás,GO,eligible_proxy,0.0,0.0,0.0,2874.0,2874.0,2874.0,0.0
521645,Perolândia,GO,eligible_proxy,0.0,0.0,0.0,2874.0,2874.0,2874.0,0.0
521640,Paraúna,GO,eligible_proxy,0.0,0.0,0.0,2874.0,2874.0,2874.0,0.0
521630,Paranaiguara,GO,eligible_proxy,0.0,0.0,0.0,2874.0,2874.0,2874.0,0.0
521600,Panamá,GO,eligible_proxy,0.0,0.0,0.0,2874.0,2874.0,2874.0,0.0
521590,Palminópolis,GO,eligible_proxy,0.0,0.0,0.0,2874.0,2874.0,2874.0,0.0
521580,Palmelo,GO,eligible_proxy,0.0,0.0,0.0,2874.0,2874.0,2874.0,0.0
110110,Itapuã do Oeste,RO,eligible_proxy,0.0,0.0,0.0,2874.0,2874.0,2874.0,0.0
110092,Chupinguaia,RO,eligible_proxy,0.0,0.0,0.0,2874.0,2874.0,2874.0,0.0
170270,Aurora do Tocantins,TO,eligible_proxy,0.0,0.0,0.0,2874.0,2874.0,2874.0,0.0
170255,Augustinópolis,TO,eligible_proxy,0.0,0.0,0.0,2874.0,2874.0,2874.0,0.0
170240,Arraias,TO,eligible_proxy,0.0,0.0,0.0,2874.0,2874.0,2874.0,0.0
170230,Arapoema,TO,eligible_proxy,0.0,0.0,0.0,2874.0,2874.0,2874.0,0.0
110005,Cerejeiras,RO,eligible_proxy,0.0,0.0,0.0,2874.0,2874.0,2874.0,0.0
522157,Uirapuru,GO,eligible_proxy,0.0,0.0,0.0,2874.0,2874.0,2874.0,0.0
522155,Turvelândia,GO,eligible_proxy,0.0,0.0,0.0,2874.0,2874.0,2874.0,0.0
522150,Turvânia,GO,eligible_proxy,0.0,0.0,0.0,2874.0,2874.0,2874.0,0.0
522145,Trombas,GO,eligible_proxy,0.0,0.0,0.0,2874.0,2874.0,2874.0,0.0
522130,Três Ranchos,GO,eligible_proxy,0.0,0.0,0.0,2874.0,2874.0,2874.0,0.0
522119,Terezópolis de Goiás,GO,eligible_proxy,0.0,0.0,0.0,2874.0,2874.0,2874.0,0.0
522108,Teresina de Goiás,GO,eligible_proxy,0.0,0.0,0.0,2874.0,2874.0,2874.0,0.0
522100,Taquaral de Goiás,GO,eligible_proxy,0.0,0.0,0.0,2874.0,2874.0,2874.0,0.0
110008,Costa Marques,RO,eligible_proxy,0.0,0.0,0.0,2874.0,2874.0,2874.0,0.0
521925,Santa Fé de Goiás,GO,eligible_proxy,0.0,0.0,0.0,2874.0,2874.0,2874.0,0.0
521870,Rianápolis,GO,eligible_proxy,0.0,0.0,0.0,2874.0,2874.0,2874.0,0.0
220553,Jurema,PI,eligible_proxy,0.0,0.0,0.0,2874.0,2874.0,2874.0,0.0
220551,Juazeiro do Piauí,PI,eligible_proxy,0.0,0.0,0.0,2874.0,2874.0,2874.0,0.0
220550,José de Freitas,PI,eligible_proxy,0.0,0.0,0.0,2874.0,2874.0,2874.0,0.0
220545,Joca Marques,PI,eligible_proxy,0.0,0.0,0.0,2874.0,2874.0,2874.0,0.0
220540,Joaquim Pires,PI,eligible_proxy,0.0,0.0,0.0,2874.0,2874.0,2874.0,0.0
150040,Alenquer,PA,no_observed_pfpb_pharmacy,,,,,,,
150215,Canaã dos Carajás,PA,no_observed_pfpb_pharmacy,,,,,,,
150506,Novo Repartimento,PA,no_observed_pfpb_pharmacy,,,,,,,
150375,Jacareacanga,PA,no_observed_pfpb_pharmacy,,,,,,,
150310,Gurupá,PA,no_observed_pfpb_pharmacy,,,,,,,
130420,Tefé,AM,no_observed_pfpb_pharmacy,,,,,,,
150590,Porto de Moz,PA,no_observed_pfpb_pharmacy,,,,,,,
150490,Muaná,PA,no_observed_pfpb_pharmacy,,,,,,,
150110,Bagre,PA,no_observed_pfpb_pharmacy,,,,,,,
120030,Feijó,AC,no_observed_pfpb_pharmacy,,,,,,,
510622,Nova Mutum,MT,no_observed_pfpb_pharmacy,,,,,,,
130100,Carauari,AM,no_observed_pfpb_pharmacy,,,,,,,
430543,Chuí,RS,no_observed_pfpb_pharmacy,,,,,,,
130350,Pauini,AM,no_observed_pfpb_pharmacy,,,,,,,
430225,Boa Vista do Sul,RS,no_observed_pfpb_pharmacy,,,,,,,
510700,Poxoréu,MT,no_observed_pfpb_pharmacy,,,,,,,
150600,Prainha,PA,no_observed_pfpb_pharmacy,,,,,,,
150070,Anajás,PA,no_observed_pfpb_pharmacy,,,,,,,
521805,Porteirão,GO,no_observed_pfpb_pharmacy,,,,,,,
150050,Almeirim,PA,no_observed_pfpb_pharmacy,,,,,,,
130080,Borba,AM,no_observed_pfpb_pharmacy,,,,,,,
150295,Eldorado do Carajás,PA,no_observed_pfpb_pharmacy,,,,,,,
130330,Novo Aripuanã,AM,no_observed_pfpb_pharmacy,,,,,,,
150797,TERRA SANTA,PA,no_observed_pfpb_pharmacy,,,,,,,
120032,Jordão,AC,no_observed_pfpb_pharmacy,,,,,,,
500315,Coronel Sapucaia,MS,no_observed_pfpb_pharmacy,,,,,,,
510785,São Félix do Araguaia,MT,no_observed_pfpb_pharmacy,,,,,,,
310960,Cachoeira da Prata,MG,no_observed_pfpb_pharmacy,,,,,,,
500390,Figueirão,MS,no_observed_pfpb_pharmacy,,,,,,,
510885,Nova Marilândia,MT,no_observed_pfpb_pharmacy,,,,,,,
291900,Lajedinho,BA,no_observed_pfpb_pharmacy,,,,,,,
150570,Ponta de Pedras,PA,no_observed_pfpb_pharmacy,,,,,,,
130195,Itamarati,AM,no_observed_pfpb_pharmacy,,,,,,,
510550,Vila Bela da Santíssima Trindade,MT,no_observed_pfpb_pharmacy,,,,,,,
220527,Jatobá do Piauí,PI,no_observed_pfpb_pharmacy,,,,,,,
220530,Jerumenha,PI,no_observed_pfpb_pharmacy,,,,,,,
220535,João Costa,PI,no_observed_pfpb_pharmacy,,,,,,,
220552,Júlio Borges,PI,no_observed_pfpb_pharmacy,,,,,,,
220554,Lagoinha do Piauí,PI,no_observed_pfpb_pharmacy,,,,,,,
220557,Lagoa de São Francisco,PI,no_observed_pfpb_pharmacy,,,,,,,
220559,Lagoa do Sítio,PI,no_observed_pfpb_pharmacy,,,,,,,
220605,Massapê do Piauí,PI,no_observed_pfpb_pharmacy,,,,,,,
220630,Miguel Leão,PI,no_observed_pfpb_pharmacy,,,,,,,
220635,Milton Brandão,PI,no_observed_pfpb_pharmacy,,,,,,,
220669,Murici dos Portelas,PI,no_observed_pfpb_pharmacy,,,,,,,
220755,Paquetá,PI,no_observed_pfpb_pharmacy,,,,,,,
220779,Pau D'Arco do Piauí,PI,no_observed_pfpb_pharmacy,,,,,,,
220793,Pedro Laurentino,PI,no_observed_pfpb_pharmacy,,,,,,,
220870,Redenção do Gurguéia,PI,no_observed_pfpb_pharmacy,,,,,,,
220885,Riacho Frio,PI,no_observed_pfpb_pharmacy,,,,,,,
220887,Ribeira do Piauí,PI,no_observed_pfpb_pharmacy,,,,,,,
220935,Santana do Piauí,PI,no_observed_pfpb_pharmacy,,,,,,,
220937,Santa Rosa do Piauí,PI,no_observed_pfpb_pharmacy,,,,,,,
220945,Santo Antônio dos Milagres,PI,no_observed_pfpb_pharmacy,,,,,,,
220950,Santo Inácio do Piauí,PI,no_observed_pfpb_pharmacy,,,,,,,
220960,São Félix do Piauí,PI,no_observed_pfpb_pharmacy,,,,,,,
220975,São Gonçalo do Gurguéia,PI,no_observed_pfpb_pharmacy,,,,,,,
220980,São Gonçalo do Piauí,PI,no_observed_pfpb_pharmacy,,,,,,,
220985,São João da Canabrava,PI,no_observed_pfpb_pharmacy,,,,,,,
220995,São João da Varjota,PI,no_observed_pfpb_pharmacy,,,,,,,
221005,São José do Divino,PI,no_observed_pfpb_pharmacy,,,,,,,
221010,São José do Peixe,PI,no_observed_pfpb_pharmacy,,,,,,,
221020,São José do Piauí,PI,no_observed_pfpb_pharmacy,,,,,,,
221037,São Luis do Piauí,PI,no_observed_pfpb_pharmacy,,,,,,,
221038,São Miguel da Baixa Grande,PI,no_observed_pfpb_pharmacy,,,,,,,
221039,São Miguel do Fidalgo,PI,no_observed_pfpb_pharmacy,,,,,,,
221062,Sebastião Barros,PI,no_observed_pfpb_pharmacy,,,,,,,
221080,Simplício Mendes,PI,no_observed_pfpb_pharmacy,,,,,,,
221090,Socorro do Piauí,PI,no_observed_pfpb_pharmacy,,,,,,,
221095,Tamboril do Piauí,PI,no_observed_pfpb_pharmacy,,,,,,,
221135,Várzea Branca,PI,no_observed_pfpb_pharmacy,,,,,,,
230120,Aracoiaba,CE,no_observed_pfpb_pharmacy,,,,,,,
230360,Catarina,CE,no_observed_pfpb_pharmacy,,,,,,,
230510,Guaramiranga,CE,no_observed_pfpb_pharmacy,,,,,,,
230720,Jati,CE,no_observed_pfpb_pharmacy,,,,,,,
231095,PIRES FERREIRA,CE,no_observed_pfpb_pharmacy,,,,,,,
231355,Tururu,CE,no_observed_pfpb_pharmacy,,,,,,,
220194,Boqueirão do Piauí,PI,no_observed_pfpb_pharmacy,,,,,,,
220196,Brasileira,PI,no_observed_pfpb_pharmacy,,,,,,,
220200,Buriti dos Lopes,PI,no_observed_pfpb_pharmacy,,,,,,,
220207,Cajazeiras do Piauí,PI,no_observed_pfpb_pharmacy,,,,,,,
220225,Canavieira,PI,no_observed_pfpb_pharmacy,,,,,,,
240150,Barcelona,RN,no_observed_pfpb_pharmacy,,,,,,,
240160,Bento Fernandes,RN,no_observed_pfpb_pharmacy,,,,,,,
240165,Bodó,RN,no_observed_pfpb_pharmacy,,,,,,,
240190,Caiçara do Rio do Vento,RN,no_observed_pfpb_pharmacy,,,,,,,
240290,Coronel João Pessoa,RN,no_observed_pfpb_pharmacy,,,,,,,
240410,Galinhos,RN,no_observed_pfpb_pharmacy,,,,,,,
240480,Ipueira,RN,no_observed_pfpb_pharmacy,,,,,,,
240550,Jardim de Angicos,RN,no_observed_pfpb_pharmacy,,,,,,,
240615,Jundiá,RN,no_observed_pfpb_pharmacy,,,,,,,
160080,Vitória do Jari,AP,no_observed_pfpb_pharmacy,,,,,,,
170025,Abreulândia,TO,no_observed_pfpb_pharmacy,,,,,,,
170030,Aguiarnópolis,TO,no_observed_pfpb_pharmacy,,,,,,,
170105,Angico,TO,no_observed_pfpb_pharmacy,,,,,,,
170130,Aragominas,TO,no_observed_pfpb_pharmacy,,,,,,,
170215,Araguanã,TO,no_observed_pfpb_pharmacy,,,,,,,
240790,Monte das Gameleiras,RN,no_observed_pfpb_pharmacy,,,,,,,
240960,PEDRA PRETA,RN,no_observed_pfpb_pharmacy,,,,,,,
241142,Santana do Seridó,RN,no_observed_pfpb_pharmacy,,,,,,,
241380,Taboleiro Grande,RN,no_observed_pfpb_pharmacy,,,,,,,
250053,Alcantil,PB,no_observed_pfpb_pharmacy,,,,,,,
250115,Areia de Baraúnas,PB,no_observed_pfpb_pharmacy,,,,,,,
250375,Cajazeirinhas,PB,no_observed_pfpb_pharmacy,,,,,,,
250410,Carrapateira,PB,no_observed_pfpb_pharmacy,,,,,,,
250855,Logradouro,PB,no_observed_pfpb_pharmacy,,,,,,,
251260,Quixaba,PB,no_observed_pfpb_pharmacy,,,,,,,
251274,Riachão,PB,no_observed_pfpb_pharmacy,,,,,,,
251278,Riacho de Santo Antônio,PB,no_observed_pfpb_pharmacy,,,,,,,
251300,Salgadinho,PB,no_observed_pfpb_pharmacy,,,,,,,
251380,Santa Teresinha,PB,no_observed_pfpb_pharmacy,,,,,,,
251460,São José do Bonfim,PB,no_observed_pfpb_pharmacy,,,,,,,
260180,Betânia,PE,no_observed_pfpb_pharmacy,,,,,,,
260545,Fernando de Noronha,PE,no_observed_pfpb_pharmacy,,,,,,,
260710,Ingazeira,PE,no_observed_pfpb_pharmacy,,,,,,,
260795,Jaqueira,PE,no_observed_pfpb_pharmacy,,,,,,,
260845,Lagoa do Carro,PE,no_observed_pfpb_pharmacy,,,,,,,
220130,Barreiras do Piauí,PI,no_observed_pfpb_pharmacy,,,,,,,
220173,Betânia do Piauí,PI,no_observed_pfpb_pharmacy,,,,,,,
220177,Boa Hora,PI,no_observed_pfpb_pharmacy,,,,,,,
220180,Bocaina,PI,no_observed_pfpb_pharmacy,,,,,,,
220191,Bom Princípio do Piauí,PI,no_observed_pfpb_pharmacy,,,,,,,
261255,Santa Filomena,PE,no_observed_pfpb_pharmacy,,,,,,,
261420,Sirinhaém,PE,no_observed_pfpb_pharmacy,,,,,,,
261440,Solidão,PE,no_observed_pfpb_pharmacy,,,,,,,
270090,Belo Monte,AL,no_observed_pfpb_pharmacy,,,,,,,
270270,Feliz Deserto,AL,no_observed_pfpb_pharmacy,,,,,,,
270350,Jacuípe,AL,no_observed_pfpb_pharmacy,,,,,,,
270360,Japaratinga,AL,no_observed_pfpb_pharmacy,,,,,,,
270600,Olivença,AL,no_observed_pfpb_pharmacy,,,,,,,
270620,Palestina,AL,no_observed_pfpb_pharmacy,,,,,,,
270700,Pindoba,AL,no_observed_pfpb_pharmacy,,,,,,,
270750,Porto Real do Colégio,AL,no_observed_pfpb_pharmacy,,,,,,,
280010,Amparo do São Francisco,SE,no_observed_pfpb_pharmacy,,,,,,,
280070,Brejo Grande,SE,no_observed_pfpb_pharmacy,,,,,,,
280110,Canhoba,SE,no_observed_pfpb_pharmacy,,,,,,,
280190,Cumbe,SE,no_observed_pfpb_pharmacy,,,,,,,
280200,Divina Pastora,SE,no_observed_pfpb_pharmacy,,,,,,,
280250,General Maynard,SE,no_observed_pfpb_pharmacy,,,,,,,
280340,Japoatã,SE,no_observed_pfpb_pharmacy,,,,,,,
280380,Malhada dos Bois,SE,no_observed_pfpb_pharmacy,,,,,,,
280440,Neópolis,SE,no_observed_pfpb_pharmacy,,,,,,,
280490,Pacatuba,SE,no_observed_pfpb_pharmacy,,,,,,,
280500,Pedra Mole,SE,no_observed_pfpb_pharmacy,,,,,,,
280530,Pirambu,SE,no_observed_pfpb_pharmacy,,,,,,,
280590,Riachuelo,SE,no_observed_pfpb_pharmacy,,,,,,,
280610,Rosário do Catete,SE,no_observed_pfpb_pharmacy,,,,,,,
280630,Santa Luzia do Itanhy,SE,no_observed_pfpb_pharmacy,,,,,,,
280640,Santana do São Francisco,SE,no_observed_pfpb_pharmacy,,,,,,,
280700,São Miguel do Aleixo,SE,no_observed_pfpb_pharmacy,,,,,,,
280730,Telha,SE,no_observed_pfpb_pharmacy,,,,,,,
290090,Almadina,BA,no_observed_pfpb_pharmacy,,,,,,,
290150,Anguera,BA,no_observed_pfpb_pharmacy,,,,,,,
290170,Antônio Cardoso,BA,no_observed_pfpb_pharmacy,,,,,,,
290205,Araçás,BA,no_observed_pfpb_pharmacy,,,,,,,
290220,Aramari,BA,no_observed_pfpb_pharmacy,,,,,,,
290480,Caatiba,BA,no_observed_pfpb_pharmacy,,,,,,,
290510,Caém,BA,no_observed_pfpb_pharmacy,,,,,,,
290540,Cairu,BA,no_observed_pfpb_pharmacy,,,,,,,
290700,Cardeal da Silva,BA,no_observed_pfpb_pharmacy,,,,,,,
290770,Chorrochó,BA,no_observed_pfpb_pharmacy,,,,,,,
290820,Conceição da Feira,BA,no_observed_pfpb_pharmacy,,,,,,,
290940,Cotegipe,BA,no_observed_pfpb_pharmacy,,,,,,,
291020,Dom Macedo Costa,BA,no_observed_pfpb_pharmacy,,,,,,,
291030,Elísio Medrado,BA,no_observed_pfpb_pharmacy,,,,,,,
291090,Firmino Alves,BA,no_observed_pfpb_pharmacy,,,,,,,
291140,Glória,BA,no_observed_pfpb_pharmacy,,,,,,,
291260,Ibiquera,BA,no_observed_pfpb_pharmacy,,,,,,,
291290,Ibirataia,BA,no_observed_pfpb_pharmacy,,,,,,,
291300,Ibitiara,BA,no_observed_pfpb_pharmacy,,,,,,,
291330,Ichu,BA,no_observed_pfpb_pharmacy,,,,,,,
291345,Igrapiúna,BA,no_observed_pfpb_pharmacy,,,,,,,
291380,Ipecaetá,BA,no_observed_pfpb_pharmacy,,,,,,,
291420,Irajuba,BA,no_observed_pfpb_pharmacy,,,,,,,
220010,Agricolândia,PI,no_observed_pfpb_pharmacy,,,,,,,
220045,Alvorada do Gurguéia,PI,no_observed_pfpb_pharmacy,,,,,,,
220095,Aroeiras do Itaim,PI,no_observed_pfpb_pharmacy,,,,,,,
291500,Itaeté,BA,no_observed_pfpb_pharmacy,,,,,,,
291590,Itanagra,BA,no_observed_pfpb_pharmacy,,,,,,,
291780,Jaguaripe,BA,no_observed_pfpb_pharmacy,,,,,,,
291790,Jandaíra,BA,no_observed_pfpb_pharmacy,,,,,,,
291850,Jussara,BA,no_observed_pfpb_pharmacy,,,,,,,
291910,Lamarão,BA,no_observed_pfpb_pharmacy,,,,,,,
291990,Macururé,BA,no_observed_pfpb_pharmacy,,,,,,,
291992,Madre de Deus,BA,no_observed_pfpb_pharmacy,,,,,,,
292140,Mirangaba,BA,no_observed_pfpb_pharmacy,,,,,,,
292160,Morpará,BA,no_observed_pfpb_pharmacy,,,,,,,
292225,Muquém do São Francisco,BA,no_observed_pfpb_pharmacy,,,,,,,
292275,Nova Ibiá,BA,no_observed_pfpb_pharmacy,,,,,,,
292280,Nova Itarana,BA,no_observed_pfpb_pharmacy,,,,,,,
292285,Nova Redenção,BA,no_observed_pfpb_pharmacy,,,,,,,
292525,Ponto Novo,BA,no_observed_pfpb_pharmacy,,,,,,,
292595,Rafael Jambeiro,BA,no_observed_pfpb_pharmacy,,,,,,,
292620,Riachão das Neves,BA,no_observed_pfpb_pharmacy,,,,,,,
292710,Rodelas,BA,no_observed_pfpb_pharmacy,,,,,,,
292770,Santa Cruz Cabrália,BA,no_observed_pfpb_pharmacy,,,,,,,
292830,Santanópolis,BA,no_observed_pfpb_pharmacy,,,,,,,
292935,São José da Vitória,BA,no_observed_pfpb_pharmacy,,,,,,,
292980,Saúde,BA,no_observed_pfpb_pharmacy,,,,,,,
293076,Sítio do Quinto,BA,no_observed_pfpb_pharmacy,,,,,,,
293140,Teodoro Sampaio,BA,no_observed_pfpb_pharmacy,,,,,,,
293170,Terra Nova,BA,no_observed_pfpb_pharmacy,,,,,,,
310070,Água Comprida,MG,no_observed_pfpb_pharmacy,,,,,,,
211227,Tufilândia,MA,no_observed_pfpb_pharmacy,,,,,,,
211245,Turilândia,MA,no_observed_pfpb_pharmacy,,,,,,,
310310,Antônio Prado de Minas,MG,no_observed_pfpb_pharmacy,,,,,,,
310320,Araçaí,MG,no_observed_pfpb_pharmacy,,,,,,,
310480,Augusto de Lima,MG,no_observed_pfpb_pharmacy,,,,,,,
310665,Berizal,MG,no_observed_pfpb_pharmacy,,,,,,,
311115,Campo Azul,MG,no_observed_pfpb_pharmacy,,,,,,,
311310,Caranaíba,MG,no_observed_pfpb_pharmacy,,,,,,,
311560,Cedro do Abaeté,MG,no_observed_pfpb_pharmacy,,,,,,,
311590,Chácara,MG,no_observed_pfpb_pharmacy,,,,,,,
311620,Chiador,MG,no_observed_pfpb_pharmacy,,,,,,,
312340,Doresópolis,MG,no_observed_pfpb_pharmacy,,,,,,,
312350,Douradoquara,MG,no_observed_pfpb_pharmacy,,,,,,,
312640,Fortuna de Minas,MG,no_observed_pfpb_pharmacy,,,,,,,
312675,Franciscópolis,MG,no_observed_pfpb_pharmacy,,,,,,,
211163,São Raimundo do Doca Bezerra,MA,no_observed_pfpb_pharmacy,,,,,,,
211174,Senador Alexandre Costa,MA,no_observed_pfpb_pharmacy,,,,,,,
312790,Grupiara,MG,no_observed_pfpb_pharmacy,,,,,,,
313065,Indaiabira,MG,no_observed_pfpb_pharmacy,,,,,,,
150835,Vitória do Xingu,PA,no_observed_pfpb_pharmacy,,,,,,,
160005,Serra do Navio,AP,no_observed_pfpb_pharmacy,,,,,,,
160010,Amapá,AP,no_observed_pfpb_pharmacy,,,,,,,
160015,Pedra Branca do Amapari,AP,no_observed_pfpb_pharmacy,,,,,,,
160020,Calçoene,AP,no_observed_pfpb_pharmacy,,,,,,,
160021,Cutias,AP,no_observed_pfpb_pharmacy,,,,,,,
160023,Ferreira Gomes,AP,no_observed_pfpb_pharmacy,,,,,,,
160025,Itaubal,AP,no_observed_pfpb_pharmacy,,,,,,,
160040,Mazagão,AP,no_observed_pfpb_pharmacy,,,,,,,
160053,Porto Grande,AP,no_observed_pfpb_pharmacy,,,,,,,
160055,Pracuúba,AP,no_observed_pfpb_pharmacy,,,,,,,
313500,Jaguaraçu,MG,no_observed_pfpb_pharmacy,,,,,,,
313680,Juramento,MG,no_observed_pfpb_pharmacy,,,,,,,
314250,Monjolos,MG,no_observed_pfpb_pharmacy,,,,,,,
211040,São Benedito do Rio Preto,MA,no_observed_pfpb_pharmacy,,,,,,,
211080,São Félix de Balsas,MA,no_observed_pfpb_pharmacy,,,,,,,
211085,São Francisco do Brejão,MA,no_observed_pfpb_pharmacy,,,,,,,
211107,São João do Soter,MA,no_observed_pfpb_pharmacy,,,,,,,
315380,Queluzito,MG,no_observed_pfpb_pharmacy,,,,,,,
315760,Santa Fé de Minas,MG,no_observed_pfpb_pharmacy,,,,,,,
150770,São Sebastião da Boa Vista,PA,no_observed_pfpb_pharmacy,,,,,,,
150803,Tracuateua,PA,no_observed_pfpb_pharmacy,,,,,,,
150805,Trairão,PA,no_observed_pfpb_pharmacy,,,,,,,
315840,Santana de Cataguases,MG,no_observed_pfpb_pharmacy,,,,,,,
316330,São José do Divino,MG,no_observed_pfpb_pharmacy,,,,,,,
316490,São Sebastião do Rio Verde,MG,no_observed_pfpb_pharmacy,,,,,,,
316580,Senador José Bento,MG,no_observed_pfpb_pharmacy,,,,,,,
316660,Serra da Saudade,MG,no_observed_pfpb_pharmacy,,,,,,,
316810,Tapira,MG,no_observed_pfpb_pharmacy,,,,,,,
316820,TAPIRAI,MG,no_observed_pfpb_pharmacy,,,,,,,
317140,Vieiras,MG,no_observed_pfpb_pharmacy,,,,,,,
150690,Santarém Novo,PA,no_observed_pfpb_pharmacy,,,,,,,
150740,São Francisco do Pará,PA,no_observed_pfpb_pharmacy,,,,,,,
150746,São João da Ponta,PA,no_observed_pfpb_pharmacy,,,,,,,
150747,São João de Pirabas,PA,no_observed_pfpb_pharmacy,,,,,,,
150750,São João do Araguaia,PA,no_observed_pfpb_pharmacy,,,,,,,
210927,Presidente Sarney,MA,no_observed_pfpb_pharmacy,,,,,,,
210940,Primeira Cruz,MA,no_observed_pfpb_pharmacy,,,,,,,
210955,Ribamar Fiquene,MA,no_observed_pfpb_pharmacy,,,,,,,
210960,Rosário,MA,no_observed_pfpb_pharmacy,,,,,,,
210980,Santa Helena,MA,no_observed_pfpb_pharmacy,,,,,,,
522070,Sítio d'Abadia,GO,no_observed_pfpb_pharmacy,,,,,,,
150610,Primavera,PA,no_observed_pfpb_pharmacy,,,,,,,
150640,Santa Cruz do Arari,PA,no_observed_pfpb_pharmacy,,,,,,,
150655,Santa Luzia do Pará,PA,no_observed_pfpb_pharmacy,,,,,,,
210825,Pedro do Rosário,MA,no_observed_pfpb_pharmacy,,,,,,,
210905,Porto Rico do Maranhão,MA,no_observed_pfpb_pharmacy,,,,,,,
210920,Presidente Juscelino,MA,no_observed_pfpb_pharmacy,,,,,,,
210923,Presidente Médici,MA,no_observed_pfpb_pharmacy,,,,,,,
350230,Anhembi,SP,no_observed_pfpb_pharmacy,,,,,,,
350335,Arco-Íris,SP,no_observed_pfpb_pharmacy,,,,,,,
150503,Novo Progresso,PA,no_observed_pfpb_pharmacy,,,,,,,
521920,Santa Cruz de Goiás,GO,no_observed_pfpb_pharmacy,,,,,,,
150510,Óbidos,PA,no_observed_pfpb_pharmacy,,,,,,,
150520,Oeiras do Pará,PA,no_observed_pfpb_pharmacy,,,,,,,
150560,Peixe-Boi,PA,no_observed_pfpb_pharmacy,,,,,,,
210700,Montes Altos,MA,no_observed_pfpb_pharmacy,,,,,,,
210720,Nina Rodrigues,MA,no_observed_pfpb_pharmacy,,,,,,,
210725,Nova Colinas,MA,no_observed_pfpb_pharmacy,,,,,,,
210730,Nova Iorque,MA,no_observed_pfpb_pharmacy,,,,,,,
210735,Nova Olinda do Maranhão,MA,no_observed_pfpb_pharmacy,,,,,,,
210760,Palmeirândia,MA,no_observed_pfpb_pharmacy,,,,,,,
350715,Bom Sucesso de Itararé,SP,no_observed_pfpb_pharmacy,,,,,,,
350745,Borebi,SP,no_observed_pfpb_pharmacy,,,,,,,
350775,Brejo Alegre,SP,no_observed_pfpb_pharmacy,,,,,,,
521945,Santa Rita do Novo Destino,GO,no_observed_pfpb_pharmacy,,,,,,,
351250,Coroados,SP,no_observed_pfpb_pharmacy,,,,,,,
150400,Limoeiro do Ajuru,PA,no_observed_pfpb_pharmacy,,,,,,,
150410,Magalhães Barata,PA,no_observed_pfpb_pharmacy,,,,,,,
150430,Maracanã,PA,no_observed_pfpb_pharmacy,,,,,,,
210598,Lajeado Novo,MA,no_observed_pfpb_pharmacy,,,,,,,
210620,Luís Domingues,MA,no_observed_pfpb_pharmacy,,,,,,,
210635,Marajá do Sena,MA,no_observed_pfpb_pharmacy,,,,,,,
210637,Maranhãozinho,MA,no_observed_pfpb_pharmacy,,,,,,,
210663,Matões do Norte,MA,no_observed_pfpb_pharmacy,,,,,,,
150475,Mojuí dos Campos,PA,no_observed_pfpb_pharmacy,,,,,,,
521971,Santo Antônio da Barra,GO,no_observed_pfpb_pharmacy,,,,,,,
210535,Itaipava do Grajaú,MA,no_observed_pfpb_pharmacy,,,,,,,
210545,Jatobá,MA,no_observed_pfpb_pharmacy,,,,,,,
210547,Jenipapo dos Vieiras,MA,no_observed_pfpb_pharmacy,,,,,,,
210565,Junco do Maranhão,MA,no_observed_pfpb_pharmacy,,,,,,,
210580,Lago do Junco,MA,no_observed_pfpb_pharmacy,,,,,,,
210590,Lago Verde,MA,no_observed_pfpb_pharmacy,,,,,,,
210596,Lagoa Grande do Maranhão,MA,no_observed_pfpb_pharmacy,,,,,,,
150300,Faro,PA,no_observed_pfpb_pharmacy,,,,,,,
150340,Inhangapi,PA,no_observed_pfpb_pharmacy,,,,,,,
150390,Juruti,PA,no_observed_pfpb_pharmacy,,,,,,,
210430,Godofredo Viana,MA,no_observed_pfpb_pharmacy,,,,,,,
210455,Governador Edison Lobão,MA,no_observed_pfpb_pharmacy,,,,,,,
210465,Governador Newton Bello,MA,no_observed_pfpb_pharmacy,,,,,,,
210470,Graça Aranha,MA,no_observed_pfpb_pharmacy,,,,,,,
210515,Igarapé do Meio,MA,no_observed_pfpb_pharmacy,,,,,,,
150260,Colares,PA,no_observed_pfpb_pharmacy,,,,,,,
150285,Curuá,PA,no_observed_pfpb_pharmacy,,,,,,,
353160,Monte Castelo,SP,no_observed_pfpb_pharmacy,,,,,,,
353286,Nova Castilho,SP,no_observed_pfpb_pharmacy,,,,,,,
353310,Nova Guataporanga,SP,no_observed_pfpb_pharmacy,,,,,,,
353380,Óleo,SP,no_observed_pfpb_pharmacy,,,,,,,
210350,Colinas,MA,no_observed_pfpb_pharmacy,,,,,,,
210355,Conceição do Lago-Açu,MA,no_observed_pfpb_pharmacy,,,,,,,
210390,Duque Bacelar,MA,no_observed_pfpb_pharmacy,,,,,,,
150125,Bannach,PA,no_observed_pfpb_pharmacy,,,,,,,
150160,Bonito,PA,no_observed_pfpb_pharmacy,,,,,,,
354010,PONGAI,SP,no_observed_pfpb_pharmacy,,,,,,,
220265,Caxingó,PI,no_observed_pfpb_pharmacy,,,,,,,
210237,Cachoeira Grande,MA,no_observed_pfpb_pharmacy,,,,,,,
210240,Cajapió,MA,no_observed_pfpb_pharmacy,,,,,,,
210255,Campestre do Maranhão,MA,no_observed_pfpb_pharmacy,,,,,,,
210260,Cândido Mendes,MA,no_observed_pfpb_pharmacy,,,,,,,
210290,Carutapera,MA,no_observed_pfpb_pharmacy,,,,,,,
210310,Cedral,MA,no_observed_pfpb_pharmacy,,,,,,,
210315,Centro do Guilherme,MA,no_observed_pfpb_pharmacy,,,,,,,
210317,Centro Novo do Maranhão,MA,no_observed_pfpb_pharmacy,,,,,,,
354625,Santa Cruz da Esperança,SP,no_observed_pfpb_pharmacy,,,,,,,
140060,São Luiz do Anauá,RR,no_observed_pfpb_pharmacy,,,,,,,
140070,Uiramutã,RR,no_observed_pfpb_pharmacy,,,,,,,
150030,Afuá,PA,no_observed_pfpb_pharmacy,,,,,,,
210173,Belágua,MA,no_observed_pfpb_pharmacy,,,,,,,
210180,Benedito Leite,MA,no_observed_pfpb_pharmacy,,,,,,,
210197,Boa Vista do Gurupi,MA,no_observed_pfpb_pharmacy,,,,,,,
210207,Bom Lugar,MA,no_observed_pfpb_pharmacy,,,,,,,
130426,Uarini,AM,no_observed_pfpb_pharmacy,,,,,,,
130430,Urucará,AM,no_observed_pfpb_pharmacy,,,,,,,
130440,Urucurituba,AM,no_observed_pfpb_pharmacy,,,,,,,
140015,Bonfim,RR,no_observed_pfpb_pharmacy,,,,,,,
140017,Cantá,RR,no_observed_pfpb_pharmacy,,,,,,,
140020,Caracaraí,RR,no_observed_pfpb_pharmacy,,,,,,,
140028,Iracema,RR,no_observed_pfpb_pharmacy,,,,,,,
140040,Normandia,RR,no_observed_pfpb_pharmacy,,,,,,,
140045,Pacaraima,RR,no_observed_pfpb_pharmacy,,,,,,,
355475,Trabiju,SP,no_observed_pfpb_pharmacy,,,,,,,
410020,Adrianópolis,PR,no_observed_pfpb_pharmacy,,,,,,,
410185,Ariranha do Ivaí,PR,no_observed_pfpb_pharmacy,,,,,,,
410322,Bom Sucesso do Sul,PR,no_observed_pfpb_pharmacy,,,,,,,
410395,Campina do Simão,PR,no_observed_pfpb_pharmacy,,,,,,,
210055,Amapá do Maranhão,MA,no_observed_pfpb_pharmacy,,,,,,,
210087,Araguanã,MA,no_observed_pfpb_pharmacy,,,,,,,
210090,Araioses,MA,no_observed_pfpb_pharmacy,,,,,,,
210125,Bacabeira,MA,no_observed_pfpb_pharmacy,,,,,,,
210130,Bacuri,MA,no_observed_pfpb_pharmacy,,,,,,,
210135,Bacurituba,MA,no_observed_pfpb_pharmacy,,,,,,,
410773,Fernandes Pinheiro,PR,no_observed_pfpb_pharmacy,,,,,,,
130320,Novo Airão,AM,no_observed_pfpb_pharmacy,,,,,,,
130340,Parintins,AM,no_observed_pfpb_pharmacy,,,,,,,
130360,Santa Isabel do Rio Negro,AM,no_observed_pfpb_pharmacy,,,,,,,
130370,Santo Antônio do Içá,AM,no_observed_pfpb_pharmacy,,,,,,,
220300,Cristalândia do Piauí,PI,no_observed_pfpb_pharmacy,,,,,,,
130395,São Sebastião do Uatumã,AM,no_observed_pfpb_pharmacy,,,,,,,
130410,Tapauá,AM,no_observed_pfpb_pharmacy,,,,,,,
130423,Tonantins,AM,no_observed_pfpb_pharmacy,,,,,,,
410950,Guaraqueçaba,PR,no_observed_pfpb_pharmacy,,,,,,,
411260,Jardim Olinda,PR,no_observed_pfpb_pharmacy,,,,,,,
172125,Tupirama,TO,no_observed_pfpb_pharmacy,,,,,,,
172130,Tupiratins,TO,no_observed_pfpb_pharmacy,,,,,,,
172208,Wanderlândia,TO,no_observed_pfpb_pharmacy,,,,,,,
210040,Altamira do Maranhão,MA,no_observed_pfpb_pharmacy,,,,,,,
210043,Alto Alegre do Maranhão,MA,no_observed_pfpb_pharmacy,,,,,,,
210047,Alto Alegre do Pindaré,MA,no_observed_pfpb_pharmacy,,,,,,,
411650,Nova Aliança do Ivaí,PR,no_observed_pfpb_pharmacy,,,,,,,
411830,Paranapoema,PR,no_observed_pfpb_pharmacy,,,,,,,
411925,Pinhal de São Bento,PR,no_observed_pfpb_pharmacy,,,,,,,
411970,Planaltina do Paraná,PR,no_observed_pfpb_pharmacy,,,,,,,
412010,Porto Amazonas,PR,no_observed_pfpb_pharmacy,,,,,,,
412015,Porto Barreiro,PR,no_observed_pfpb_pharmacy,,,,,,,
412360,Santa Inês,PR,no_observed_pfpb_pharmacy,,,,,,,
220323,Currais,PI,no_observed_pfpb_pharmacy,,,,,,,
220325,Curralinhos,PI,no_observed_pfpb_pharmacy,,,,,,,
130200,Itapiranga,AM,no_observed_pfpb_pharmacy,,,,,,,
130210,Japurá,AM,no_observed_pfpb_pharmacy,,,,,,,
130255,Manaquiri,AM,no_observed_pfpb_pharmacy,,,,,,,
130280,Maraã,AM,no_observed_pfpb_pharmacy,,,,,,,
130300,Nhamundá,AM,no_observed_pfpb_pharmacy,,,,,,,
130310,Nova Olinda do Norte,AM,no_observed_pfpb_pharmacy,,,,,,,
412590,São Pedro do Paraná,PR,no_observed_pfpb_pharmacy,,,,,,,
420165,Arvoredo,SC,no_observed_pfpb_pharmacy,,,,,,,
420208,Bandeirante,SC,no_observed_pfpb_pharmacy,,,,,,,
420253,Bom Jesus,SC,no_observed_pfpb_pharmacy,,,,,,,
171886,Santa Fé do Araguaia,TO,no_observed_pfpb_pharmacy,,,,,,,
171889,Santa Rita do Tocantins,TO,no_observed_pfpb_pharmacy,,,,,,,
171890,Santa Rosa do Tocantins,TO,no_observed_pfpb_pharmacy,,,,,,,
172000,Santa Terezinha do Tocantins,TO,no_observed_pfpb_pharmacy,,,,,,,
172010,São Bento do Tocantins,TO,no_observed_pfpb_pharmacy,,,,,,,
172020,São Miguel do Tocantins,TO,no_observed_pfpb_pharmacy,,,,,,,
172025,São Salvador do Tocantins,TO,no_observed_pfpb_pharmacy,,,,,,,
172030,São Sebastião do Tocantins,TO,no_observed_pfpb_pharmacy,,,,,,,
172085,Sucupira,TO,no_observed_pfpb_pharmacy,,,,,,,
172093,Taipas do Tocantins,TO,no_observed_pfpb_pharmacy,,,,,,,
420419,Chapadão do Lageado,SC,no_observed_pfpb_pharmacy,,,,,,,
420435,Cordilheira Alta,SC,no_observed_pfpb_pharmacy,,,,,,,
420510,Dona Emma,SC,no_observed_pfpb_pharmacy,,,,,,,
420535,Flor do Sertão,SC,no_observed_pfpb_pharmacy,,,,,,,
420555,Frei Rogério,SC,no_observed_pfpb_pharmacy,,,,,,,
420768,Ipuaçu,SC,no_observed_pfpb_pharmacy,,,,,,,
420920,Lacerdópolis,SC,no_observed_pfpb_pharmacy,,,,,,,
420945,Lajeado Grande,SC,no_observed_pfpb_pharmacy,,,,,,,
421125,Morro Grande,SC,no_observed_pfpb_pharmacy,,,,,,,
421335,Ponte Alta do Norte,SC,no_observed_pfpb_pharmacy,,,,,,,
421535,Saltinho,SC,no_observed_pfpb_pharmacy,,,,,,,
421569,Santiago do Sul,SC,no_observed_pfpb_pharmacy,,,,,,,
421715,São Miguel da Boa Vista,SC,no_observed_pfpb_pharmacy,,,,,,,
430003,Aceguá,RS,no_observed_pfpb_pharmacy,,,,,,,
130083,Caapiranga,AM,no_observed_pfpb_pharmacy,,,,,,,
130090,Canutama,AM,no_observed_pfpb_pharmacy,,,,,,,
220340,Dom Expedito Lopes,PI,no_observed_pfpb_pharmacy,,,,,,,
130110,Careiro,AM,no_observed_pfpb_pharmacy,,,,,,,
130115,CAREIRO DA VARZEA,AM,no_observed_pfpb_pharmacy,,,,,,,
130120,Coari,AM,no_observed_pfpb_pharmacy,,,,,,,
130130,CODAJAS,AM,no_observed_pfpb_pharmacy,,,,,,,
130165,Guajará,AM,no_observed_pfpb_pharmacy,,,,,,,
130180,Ipixuna,AM,no_observed_pfpb_pharmacy,,,,,,,
171720,Piraquê,TO,no_observed_pfpb_pharmacy,,,,,,,
171800,Porto Alegre do Tocantins,TO,no_observed_pfpb_pharmacy,,,,,,,
171845,Pugmil,TO,no_observed_pfpb_pharmacy,,,,,,,
171850,Recursolândia,TO,no_observed_pfpb_pharmacy,,,,,,,
171865,Rio da Conceição,TO,no_observed_pfpb_pharmacy,,,,,,,
171870,Rio dos Bois,TO,no_observed_pfpb_pharmacy,,,,,,,
171875,Rio Sono,TO,no_observed_pfpb_pharmacy,,,,,,,
430187,Barra do Quaraí,RS,no_observed_pfpb_pharmacy,,,,,,,
430222,Boa Vista do Cadeado,RS,no_observed_pfpb_pharmacy,,,,,,,
220342,Domingos Mourão,PI,no_observed_pfpb_pharmacy,,,,,,,
430258,Bozano,RS,no_observed_pfpb_pharmacy,,,,,,,
220345,Dom Inocêncio,PI,no_observed_pfpb_pharmacy,,,,,,,
430583,Coqueiro Baixo,RS,no_observed_pfpb_pharmacy,,,,,,,
430593,Coronel Pilar,RS,no_observed_pfpb_pharmacy,,,,,,,
120070,Xapuri,AC,no_observed_pfpb_pharmacy,,,,,,,
130002,Alvarães,AM,no_observed_pfpb_pharmacy,,,,,,,
130006,Amaturá,AM,no_observed_pfpb_pharmacy,,,,,,,
130008,Anamã,AM,no_observed_pfpb_pharmacy,,,,,,,
130010,Anori,AM,no_observed_pfpb_pharmacy,,,,,,,
130014,Apuí,AM,no_observed_pfpb_pharmacy,,,,,,,
130020,Atalaia do Norte,AM,no_observed_pfpb_pharmacy,,,,,,,
130030,Autazes,AM,no_observed_pfpb_pharmacy,,,,,,,
130040,Barcelos,AM,no_observed_pfpb_pharmacy,,,,,,,
130050,Barreirinha,AM,no_observed_pfpb_pharmacy,,,,,,,
130060,Benjamin Constant,AM,no_observed_pfpb_pharmacy,,,,,,,
130063,BERURI,AM,no_observed_pfpb_pharmacy,,,,,,,
430843,Forquetinha,RS,no_observed_pfpb_pharmacy,,,,,,,
430865,Garruchos,RS,no_observed_pfpb_pharmacy,,,,,,,
431046,Ipiranga do Sul,RS,no_observed_pfpb_pharmacy,,,,,,,
431057,ITAPUCA,RS,no_observed_pfpb_pharmacy,,,,,,,
431113,Jari,RS,no_observed_pfpb_pharmacy,,,,,,,
431164,Linha Nova,RS,no_observed_pfpb_pharmacy,,,,,,,
431171,Maçambará,RS,no_observed_pfpb_pharmacy,,,,,,,
431213,Mato Castelhano,RS,no_observed_pfpb_pharmacy,,,,,,,
431217,Mato Queimado,RS,no_observed_pfpb_pharmacy,,,,,,,
431235,Montauri,RS,no_observed_pfpb_pharmacy,,,,,,,
431237,Monte Alegre dos Campos,RS,no_observed_pfpb_pharmacy,,,,,,,
431238,Monte Belo do Sul,RS,no_observed_pfpb_pharmacy,,,,,,,
431261,Muitos Capões,RS,no_observed_pfpb_pharmacy,,,,,,,
431335,Nova Roma do Sul,RS,no_observed_pfpb_pharmacy,,,,,,,
171515,Novo Alegre,TO,no_observed_pfpb_pharmacy,,,,,,,
171525,Novo Jardim,TO,no_observed_pfpb_pharmacy,,,,,,,
171550,Oliveira de Fátima,TO,no_observed_pfpb_pharmacy,,,,,,,
171630,Pau D'Arco,TO,no_observed_pfpb_pharmacy,,,,,,,
171700,Pindorama do Tocantins,TO,no_observed_pfpb_pharmacy,,,,,,,
431417,Pedras Altas,RS,no_observed_pfpb_pharmacy,,,,,,,
431446,Pinhal da Serra,RS,no_observed_pfpb_pharmacy,,,,,,,
431449,Pinheirinho do Vale,RS,no_observed_pfpb_pharmacy,,,,,,,
431531,Quatro Irmãos,RS,no_observed_pfpb_pharmacy,,,,,,,
431595,Rolador,RS,no_observed_pfpb_pharmacy,,,,,,,
120005,Assis Brasil,AC,no_observed_pfpb_pharmacy,,,,,,,
120013,Bujari,AC,no_observed_pfpb_pharmacy,,,,,,,
120017,Capixaba,AC,no_observed_pfpb_pharmacy,,,,,,,
220375,Fartura do Piauí,PI,no_observed_pfpb_pharmacy,,,,,,,
220380,Flores do Piauí,PI,no_observed_pfpb_pharmacy,,,,,,,
120033,Mâncio Lima,AC,no_observed_pfpb_pharmacy,,,,,,,
120034,Manoel Urbano,AC,no_observed_pfpb_pharmacy,,,,,,,
120035,Marechal Thaumaturgo,AC,no_observed_pfpb_pharmacy,,,,,,,
120039,Porto Walter,AC,no_observed_pfpb_pharmacy,,,,,,,
120043,Santa Rosa do Purus,AC,no_observed_pfpb_pharmacy,,,,,,,
431697,Santa Margarida do Sul,RS,no_observed_pfpb_pharmacy,,,,,,,
432045,Sério,RS,no_observed_pfpb_pharmacy,,,,,,,
432057,Sete de Setembro,RS,no_observed_pfpb_pharmacy,,,,,,,
171195,Lagoa do Tocantins,TO,no_observed_pfpb_pharmacy,,,,,,,
171215,Lavandeira,TO,no_observed_pfpb_pharmacy,,,,,,,
171240,Lizarda,TO,no_observed_pfpb_pharmacy,,,,,,,
171270,Mateiros,TO,no_observed_pfpb_pharmacy,,,,,,,
171360,Monte do Carmo,TO,no_observed_pfpb_pharmacy,,,,,,,
171370,Monte Santo do Tocantins,TO,no_observed_pfpb_pharmacy,,,,,,,
171395,Muricilândia,TO,no_observed_pfpb_pharmacy,,,,,,,
432360,Vista Alegre do Prata,RS,no_observed_pfpb_pharmacy,,,,,,,
500260,Camapuã,MS,no_observed_pfpb_pharmacy,,,,,,,
500280,Caracol,MS,no_observed_pfpb_pharmacy,,,,,,,
220410,Francisco Ayres,PI,no_observed_pfpb_pharmacy,,,,,,,
220415,Francisco Macedo,PI,no_observed_pfpb_pharmacy,,,,,,,
500480,Japorã,MS,no_observed_pfpb_pharmacy,,,,,,,
500510,Jateí,MS,no_observed_pfpb_pharmacy,,,,,,,
220420,Francisco Santos,PI,no_observed_pfpb_pharmacy,,,,,,,
170765,Figueirópolis,TO,no_observed_pfpb_pharmacy,,,,,,,
170980,Ipueiras,TO,no_observed_pfpb_pharmacy,,,,,,,
171090,Itapiratins,TO,no_observed_pfpb_pharmacy,,,,,,,
171110,Itaporã do Tocantins,TO,no_observed_pfpb_pharmacy,,,,,,,
171180,Juarina,TO,no_observed_pfpb_pharmacy,,,,,,,
500750,Rochedo,MS,no_observed_pfpb_pharmacy,,,,,,,
510010,Acorizal,MT,no_observed_pfpb_pharmacy,,,,,,,
510120,Araguainha,MT,no_observed_pfpb_pharmacy,,,,,,,
220435,Geminiano,PI,no_observed_pfpb_pharmacy,,,,,,,
220440,Gilbués,PI,no_observed_pfpb_pharmacy,,,,,,,
510336,Conquista D'Oeste,MT,no_observed_pfpb_pharmacy,,,,,,,
510360,Dom Aquino,MT,no_observed_pfpb_pharmacy,,,,,,,
510395,Glória D'Oeste,MT,no_observed_pfpb_pharmacy,,,,,,,
510450,Indiavaí,MT,no_observed_pfpb_pharmacy,,,,,,,
220455,Guaribas,PI,no_observed_pfpb_pharmacy,,,,,,,
220460,Hugo Napoleão,PI,no_observed_pfpb_pharmacy,,,,,,,
510530,Luciara,MT,no_observed_pfpb_pharmacy,,,,,,,
170460,Chapada de Areia,TO,no_observed_pfpb_pharmacy,,,,,,,
170510,Chapada da Natividade,TO,no_observed_pfpb_pharmacy,,,,,,,
170560,Conceição do Tocantins,TO,no_observed_pfpb_pharmacy,,,,,,,
170625,Crixás do Tocantins,TO,no_observed_pfpb_pharmacy,,,,,,,
170720,Dois Irmãos do Tocantins,TO,no_observed_pfpb_pharmacy,,,,,,,
170730,Dueré,TO,no_observed_pfpb_pharmacy,,,,,,,
170755,Fátima,TO,no_observed_pfpb_pharmacy,,,,,,,
220465,Ilha Grande,PI,no_observed_pfpb_pharmacy,,,,,,,
510590,Nobres,MT,no_observed_pfpb_pharmacy,,,,,,,
510615,Nova Bandeirantes,MT,no_observed_pfpb_pharmacy,,,,,,,
510617,Nova Nazaré,MT,no_observed_pfpb_pharmacy,,,,,,,
510620,Nova Brasilândia,MT,no_observed_pfpb_pharmacy,,,,,,,
510624,Nova Ubiratã,MT,no_observed_pfpb_pharmacy,,,,,,,
510631,Novo Santo Antônio,MT,no_observed_pfpb_pharmacy,,,,,,,
510645,Planalto da Serra,MT,no_observed_pfpb_pharmacy,,,,,,,
110146,Pimenteiras do Oeste,RO,no_observed_pfpb_pharmacy,,,,,,,
110147,Primavera de Rondônia,RO,no_observed_pfpb_pharmacy,,,,,,,
110155,Teixeirópolis,RO,no_observed_pfpb_pharmacy,,,,,,,
110160,Theobroma,RO,no_observed_pfpb_pharmacy,,,,,,,
120001,Acrelândia,AC,no_observed_pfpb_pharmacy,,,,,,,
510670,Ponte Branca,MT,no_observed_pfpb_pharmacy,,,,,,,
510685,Porto Estrela,MT,no_observed_pfpb_pharmacy,,,,,,,
510726,Santo Afonso,MT,no_observed_pfpb_pharmacy,,,,,,,
510735,São José do Xingu,MT,no_observed_pfpb_pharmacy,,,,,,,
510740,São Pedro da Cipa,MT,no_observed_pfpb_pharmacy,,,,,,,
510757,Rondolândia,MT,no_observed_pfpb_pharmacy,,,,,,,
510774,Santa Cruz do Xingu,MT,no_observed_pfpb_pharmacy,,,,,,,
510776,Santa Rita do Trivelato,MT,no_observed_pfpb_pharmacy,,,,,,,
510800,Tapurah,MT,no_observed_pfpb_pharmacy,,,,,,,
510890,Nova Maringá,MT,no_observed_pfpb_pharmacy,,,,,,,
510895,Nova Monte Verde,MT,no_observed_pfpb_pharmacy,,,,,,,
520120,Anhanguera,GO,no_observed_pfpb_pharmacy,,,,,,,
520145,Aparecida do Rio Doce,GO,no_observed_pfpb_pharmacy,,,,,,,
520310,Baliza,GO,no_observed_pfpb_pharmacy,,,,,,,
520505,Castelândia,GO,no_observed_pfpb_pharmacy,,,,,,,
170305,Bandeirantes do Tocantins,TO,no_observed_pfpb_pharmacy,,,,,,,
170307,Barra do Ouro,TO,no_observed_pfpb_pharmacy,,,,,,,
170330,Bom Jesus do Tocantins,TO,no_observed_pfpb_pharmacy,,,,,,,
170360,Brasilândia do Tocantins,TO,no_observed_pfpb_pharmacy,,,,,,,
170382,Cachoeirinha,TO,no_observed_pfpb_pharmacy,,,,,,,
170388,Carmolândia,TO,no_observed_pfpb_pharmacy,,,,,,,
170389,Carrasco Bonito,TO,no_observed_pfpb_pharmacy,,,,,,,
220515,Jacobina do Piauí,PI,no_observed_pfpb_pharmacy,,,,,,,
520945,Guarinos,GO,no_observed_pfpb_pharmacy,,,,,,,
521305,Mimoso de Goiás,GO,no_observed_pfpb_pharmacy,,,,,,,
521340,Moiporá,GO,no_observed_pfpb_pharmacy,,,,,,,
521385,Morro Agudo de Goiás,GO,no_observed_pfpb_pharmacy,,,,,,,
110100,Governador Jorge Teixeira,RO,no_observed_pfpb_pharmacy,,,,,,,
521810,Portelândia,GO,no_observed_pfpb_pharmacy,,,,,,,
521860,Rialma,GO,no_observed_pfpb_pharmacy,,,,,,,
521935,Santa Isabel,GO,no_observed_pfpb_pharmacy,,,,,,,
171888,Santa Maria do Tocantins,TO,insufficient_core_data,,,,,,,
411030,Inajá,PR,insufficient_core_data,,,,,,,
412627,Saudade do Iguaçu,PR,insufficient_core_data,,,,,,,
430223,Boa Vista do Incra,RS,insufficient_core_data,,,,,,,
510183,Boa Esperança do Norte,MT,insufficient_core_data,,,,,,,
