nuComp,coRegiao,noRegiao,sgRegiao,coUfIbge,noUf,noUfAcentuado,sgUf,coMunicipioIbge,noMunicipioIbge,noMunicipioAcentuado,coClassificacaoTipologia,nuAnoReferencia,tpOrigemBasePopulacao,qtPopulacao,qtEsf,qtEap30,qtEap20,qtEsfr,qtCadastroEsfr,qtEcr,qtCadastroEcr,qtEapp20,qtCadastroEapp20,qtEapp30,qtCadastroEapp30,qtCadastroEquipeEsfrEcrEapp,qtCapacidadeEquipe,qtCobertura
04/2026,1,NORTE,N,12,ACRE,ACRE,AC,120001,ACRELANDIA,ACRELÂNDIA,3,2025,DOU,14712,6,0,0,0,0,0,0,0,0,0,0,0,21000,142.74
04/2026,1,NORTE,N,12,ACRE,ACRE,AC,120005,ASSIS BRASIL,ASSIS BRASIL,5,2025,DOU,8648,3,2,0,0,0,0,0,0,0,0,0,0,15750,182.12
04/2026,1,NORTE,N,12,ACRE,ACRE,AC,120010,BRASILEIA,BRASILÉIA,4,2025,DOU,28028,9,0,0,0,0,0,0,0,0,0,0,0,31500,112.38
04/2026,1,NORTE,N,12,ACRE,ACRE,AC,120013,BUJARI,BUJARI,3,2025,DOU,13928,4,0,0,1,2051,0,0,0,0,0,0,2051,16051,115.24
04/2026,1,NORTE,N,12,ACRE,ACRE,AC,120017,CAPIXABA,CAPIXABA,3,2025,DOU,10981,5,1,0,0,0,0,0,0,0,0,0,0,20125,183.27
04/2026,1,NORTE,N,12,ACRE,ACRE,AC,120020,CRUZEIRO DO SUL,CRUZEIRO DO SUL,1,2025,DOU,98916,37,4,0,6,14897,1,60,1,113,0,0,15070,155070,156.76
04/2026,1,NORTE,N,12,ACRE,ACRE,AC,120025,EPITACIOLANDIA,EPITACIOLÂNDIA,4,2025,DOU,19874,8,2,0,0,0,0,0,0,0,0,0,0,33250,167.3
04/2026,1,NORTE,N,12,ACRE,ACRE,AC,120030,FEIJO,FEIJÓ,4,2025,DOU,37764,9,0,0,0,0,0,0,0,0,0,0,0,31500,83.41
04/2026,1,NORTE,N,12,ACRE,ACRE,AC,120032,JORDAO,JORDÃO,5,2025,DOU,9884,2,0,0,1,2052,0,0,0,0,0,0,2052,9052,91.58
04/2026,1,NORTE,N,12,ACRE,ACRE,AC,120033,MANCIO LIMA,MÂNCIO LIMA,3,2025,DOU,20479,7,1,0,1,1270,0,0,0,0,0,0,1270,28395,138.65
04/2026,1,NORTE,N,12,ACRE,ACRE,AC,120034,MANOEL URBANO,MANOEL URBANO,5,2025,DOU,12923,3,1,0,1,2942,0,0,0,0,0,0,2942,16067,124.32
04/2026,1,NORTE,N,12,ACRE,ACRE,AC,120035,MARECHAL THAUMATURGO,MARECHAL THAUMATURGO,5,2025,DOU,18057,4,0,0,3,7433,0,0,0,0,0,0,7433,21433,118.69
04/2026,1,NORTE,N,12,ACRE,ACRE,AC,120038,PLACIDO DE CASTRO,PLÁCIDO DE CASTRO,3,2025,DOU,17107,8,0,0,0,0,0,0,0,0,0,0,0,28000,163.67
04/2026,1,NORTE,N,12,ACRE,ACRE,AC,120080,PORTO ACRE,PORTO ACRE,3,2025,DOU,17523,5,0,0,0,0,0,0,0,0,0,0,0,17500,99.86
04/2026,1,NORTE,N,12,ACRE,ACRE,AC,120039,PORTO WALTER,PORTO WALTER,5,2025,DOU,11333,4,0,0,1,1428,0,0,0,0,0,0,1428,15428,136.13
04/2026,1,NORTE,N,12,ACRE,ACRE,AC,120040,RIO BRANCO,RIO BRANCO,1,2025,DOU,389001,84,18,2,0,0,1,523,3,408,1,1196,2127,346877,89.17
04/2026,1,NORTE,N,12,ACRE,ACRE,AC,120042,RODRIGUES ALVES,RODRIGUES ALVES,3,2025,DOU,15560,9,0,0,0,0,0,0,0,0,0,0,0,31500,202.44
04/2026,1,NORTE,N,12,ACRE,ACRE,AC,120043,SANTA ROSA DO PURUS,SANTA ROSA DO PURUS,5,2025,DOU,7217,3,0,0,0,0,0,0,0,0,0,0,0,10500,145.48
04/2026,1,NORTE,N,12,ACRE,ACRE,AC,120050,SENA MADUREIRA,SENA MADUREIRA,2,2025,DOU,44049,13,0,0,3,4499,0,0,1,421,0,0,4920,50420,114.46
04/2026,1,NORTE,N,12,ACRE,ACRE,AC,120045,SENADOR GUIOMARD,SENADOR GUIOMARD,2,2025,DOU,22402,8,0,0,0,0,0,0,1,594,0,0,594,28594,127.64
04/2026,1,NORTE,N,12,ACRE,ACRE,AC,120060,TARAUACA,TARAUACÁ,4,2025,DOU,46816,13,0,0,0,0,0,0,1,603,0,0,603,46103,98.47
04/2026,1,NORTE,N,12,ACRE,ACRE,AC,120070,XAPURI,XAPURI,3,2025,DOU,19170,9,1,0,0,0,0,0,0,0,0,0,0,34125,178.01
04/2026,2,NORDESTE,NE,27,ALAGOAS,ALAGOAS,AL,270010,AGUA BRANCA,ÁGUA BRANCA,3,2025,DOU,19550,10,0,0,0,0,0,0,0,0,0,0,0,35000,179.02
04/2026,2,NORDESTE,NE,27,ALAGOAS,ALAGOAS,AL,270020,ANADIA,ANADIA,2,2025,DOU,14167,9,0,0,0,0,0,0,0,0,0,0,0,31500,222.34
04/2026,2,NORDESTE,NE,27,ALAGOAS,ALAGOAS,AL,270030,ARAPIRACA,ARAPIRACA,1,2025,DOU,243906,81,0,0,0,0,2,146,0,0,0,0,146,283646,116.29
04/2026,2,NORDESTE,NE,27,ALAGOAS,ALAGOAS,AL,270040,ATALAIA,ATALAIA,1,2025,DOU,38480,18,0,0,0,0,0,0,0,0,0,0,0,63000,163.72
04/2026,2,NORDESTE,NE,27,ALAGOAS,ALAGOAS,AL,270050,BARRA DE SANTO ANTONIO,BARRA DE SANTO ANTÔNIO,1,2025,DOU,16756,6,0,0,0,0,0,0,0,0,0,0,0,21000,125.32
04/2026,2,NORDESTE,NE,27,ALAGOAS,ALAGOAS,AL,270060,BARRA DE SAO MIGUEL,BARRA DE SÃO MIGUEL,3,2025,DOU,8123,4,0,0,0,0,0,0,0,0,0,0,0,14000,172.35
04/2026,2,NORDESTE,NE,27,ALAGOAS,ALAGOAS,AL,270070,BATALHA,BATALHA,2,2025,DOU,17103,7,0,0,0,0,0,0,0,0,0,0,0,24500,143.24
04/2026,2,NORDESTE,NE,27,ALAGOAS,ALAGOAS,AL,270080,BELEM,BELÉM,3,2025,DOU,4819,2,0,0,0,0,0,0,0,0,0,0,0,7000,145.25
04/2026,2,NORDESTE,NE,27,ALAGOAS,ALAGOAS,AL,270090,BELO MONTE,BELO MONTE,3,2025,DOU,5895,3,0,0,0,0,0,0,0,0,0,0,0,10500,178.11
04/2026,2,NORDESTE,NE,27,ALAGOAS,ALAGOAS,AL,270100,BOCA DA MATA,BOCA DA MATA,1,2025,DOU,21479,11,0,0,0,0,0,0,0,0,0,0,0,38500,179.24
04/2026,2,NORDESTE,NE,27,ALAGOAS,ALAGOAS,AL,270110,BRANQUINHA,BRANQUINHA,3,2025,DOU,9779,5,0,0,0,0,0,0,0,0,0,0,0,17500,178.95
04/2026,2,NORDESTE,NE,27,ALAGOAS,ALAGOAS,AL,270120,CACIMBINHAS,CACIMBINHAS,3,2025,DOU,10705,5,0,0,0,0,0,0,0,0,0,0,0,17500,163.47
04/2026,2,NORDESTE,NE,27,ALAGOAS,ALAGOAS,AL,270130,CAJUEIRO,CAJUEIRO,1,2025,DOU,16572,9,0,0,0,0,0,0,0,0,0,0,0,31500,190.07
04/2026,2,NORDESTE,NE,27,ALAGOAS,ALAGOAS,AL,270135,CAMPESTRE,CAMPESTRE,3,2025,DOU,6808,3,0,0,0,0,0,0,0,0,0,0,0,10500,154.23
04/2026,2,NORDESTE,NE,27,ALAGOAS,ALAGOAS,AL,270140,CAMPO ALEGRE,CAMPO ALEGRE,1,2025,DOU,32558,11,0,0,0,0,0,0,0,0,0,0,0,38500,118.25
04/2026,2,NORDESTE,NE,27,ALAGOAS,ALAGOAS,AL,270150,CAMPO GRANDE,CAMPO GRANDE,3,2025,DOU,8285,5,0,0,0,0,0,0,0,0,0,0,0,17500,211.22
04/2026,2,NORDESTE,NE,27,ALAGOAS,ALAGOAS,AL,270160,CANAPI,CANAPI,3,2025,DOU,15730,7,2,0,0,0,0,0,0,0,0,0,0,29750,189.12
04/2026,2,NORDESTE,NE,27,ALAGOAS,ALAGOAS,AL,270170,CAPELA,CAPELA,2,2025,DOU,15051,8,0,0,0,0,0,0,0,0,0,0,0,28000,186.03
04/2026,2,NORDESTE,NE,27,ALAGOAS,ALAGOAS,AL,270180,CARNEIROS,CARNEIROS,3,2025,DOU,9206,4,1,0,0,0,0,0,0,0,0,0,0,16625,180.58
04/2026,2,NORDESTE,NE,27,ALAGOAS,ALAGOAS,AL,270190,CHA PRETA,CHÃ PRETA,3,2025,DOU,6000,4,0,0,0,0,0,0,0,0,0,0,0,14000,233.33
04/2026,2,NORDESTE,NE,27,ALAGOAS,ALAGOAS,AL,270200,COITE DO NOIA,COITÉ DO NÓIA,3,2025,DOU,11036,5,0,0,0,0,0,0,0,0,0,0,0,17500,158.57
04/2026,2,NORDESTE,NE,27,ALAGOAS,ALAGOAS,AL,270210,COLONIA LEOPOLDINA,COLÔNIA LEOPOLDINA,1,2025,DOU,15915,8,0,0,0,0,0,0,0,0,0,0,0,28000,175.93
04/2026,2,NORDESTE,NE,27,ALAGOAS,ALAGOAS,AL,270220,COQUEIRO SECO,COQUEIRO SECO,1,2025,DOU,5701,3,0,0,0,0,0,0,0,0,0,0,0,10500,184.17
04/2026,2,NORDESTE,NE,27,ALAGOAS,ALAGOAS,AL,270230,CORURIPE,CORURIPE,1,2025,DOU,51784,20,0,0,0,0,0,0,0,0,0,0,0,70000,135.17
04/2026,2,NORDESTE,NE,27,ALAGOAS,ALAGOAS,AL,270235,CRAIBAS,CRAÍBAS,3,2025,DOU,26144,11,0,0,0,0,0,0,0,0,0,0,0,38500,147.26
04/2026,2,NORDESTE,NE,27,ALAGOAS,ALAGOAS,AL,270240,DELMIRO GOUVEIA,DELMIRO GOUVEIA,1,2025,DOU,52845,21,0,0,0,0,0,0,0,0,0,0,0,73500,139.08
04/2026,2,NORDESTE,NE,27,ALAGOAS,ALAGOAS,AL,270250,DOIS RIACHOS,DOIS RIACHOS,3,2025,DOU,9898,5,0,0,0,0,0,0,0,0,0,0,0,17500,176.8
04/2026,2,NORDESTE,NE,27,ALAGOAS,ALAGOAS,AL,270255,ESTRELA DE ALAGOAS,ESTRELA DE ALAGOAS,3,2025,DOU,15688,7,0,0,0,0,0,0,0,0,0,0,0,24500,156.17
04/2026,2,NORDESTE,NE,27,ALAGOAS,ALAGOAS,AL,270260,FEIRA GRANDE,FEIRA GRANDE,3,2025,DOU,23204,8,0,0,0,0,0,0,0,0,0,0,0,28000,120.66
04/2026,2,NORDESTE,NE,27,ALAGOAS,ALAGOAS,AL,270270,FELIZ DESERTO,FELIZ DESERTO,2,2025,DOU,4035,2,0,0,0,0,0,0,0,0,0,0,0,7000,173.48
04/2026,2,NORDESTE,NE,27,ALAGOAS,ALAGOAS,AL,270280,FLEXEIRAS,FLEXEIRAS,1,2025,DOU,9745,5,0,0,0,0,0,0,0,0,0,0,0,17500,179.57
04/2026,2,NORDESTE,NE,27,ALAGOAS,ALAGOAS,AL,270290,GIRAU DO PONCIANO,GIRAU DO PONCIANO,3,2025,DOU,37337,16,0,0,0,0,0,0,1,0,0,0,0,56000,149.98
04/2026,2,NORDESTE,NE,27,ALAGOAS,ALAGOAS,AL,270300,IBATEGUARA,IBATEGUARA,3,2025,DOU,13982,6,0,0,0,0,0,0,0,0,0,0,0,21000,150.19
04/2026,2,NORDESTE,NE,27,ALAGOAS,ALAGOAS,AL,270310,IGACI,IGACI,3,2025,DOU,24445,12,0,0,0,0,0,0,0,0,0,0,0,42000,171.81
04/2026,2,NORDESTE,NE,27,ALAGOAS,ALAGOAS,AL,270320,IGREJA NOVA,IGREJA NOVA,3,2025,DOU,22113,10,0,0,0,0,0,0,0,0,0,0,0,35000,158.27
04/2026,2,NORDESTE,NE,27,ALAGOAS,ALAGOAS,AL,270330,INHAPI,INHAPI,3,2025,DOU,15396,9,0,0,0,0,0,0,0,0,0,0,0,31500,204.59
04/2026,2,NORDESTE,NE,27,ALAGOAS,ALAGOAS,AL,270340,JACARE DOS HOMENS,JACARÉ DOS HOMENS,3,2025,DOU,5180,3,0,0,0,0,0,0,0,0,0,0,0,10500,202.7
04/2026,2,NORDESTE,NE,27,ALAGOAS,ALAGOAS,AL,270350,JACUIPE,JACUÍPE,3,2025,DOU,5419,3,0,0,0,0,0,0,0,0,0,0,0,10500,193.76
04/2026,2,NORDESTE,NE,27,ALAGOAS,ALAGOAS,AL,270360,JAPARATINGA,JAPARATINGA,3,2025,DOU,9457,4,0,0,0,0,0,0,0,0,0,0,0,14000,148.03
04/2026,2,NORDESTE,NE,27,ALAGOAS,ALAGOAS,AL,270370,JARAMATAIA,JARAMATAIA,3,2025,DOU,5069,3,0,0,0,0,0,0,0,0,0,0,0,10500,207.14
04/2026,2,NORDESTE,NE,27,ALAGOAS,ALAGOAS,AL,270375,JEQUIA DA PRAIA,JEQUIÁ DA PRAIA,3,2025,DOU,9607,6,0,0,0,0,0,0,0,0,0,0,0,21000,218.59
04/2026,2,NORDESTE,NE,27,ALAGOAS,ALAGOAS,AL,270380,JOAQUIM GOMES,JOAQUIM GOMES,3,2025,DOU,17342,8,0,0,0,0,0,0,0,0,0,0,0,28000,161.45
04/2026,2,NORDESTE,NE,27,ALAGOAS,ALAGOAS,AL,270390,JUNDIA,JUNDIÁ,3,2025,DOU,4175,2,0,0,0,0,0,0,0,0,0,0,0,7000,167.66
04/2026,2,NORDESTE,NE,27,ALAGOAS,ALAGOAS,AL,270400,JUNQUEIRO,JUNQUEIRO,3,2025,DOU,24382,12,0,0,0,0,0,0,0,0,0,0,0,42000,172.25
04/2026,2,NORDESTE,NE,27,ALAGOAS,ALAGOAS,AL,270410,LAGOA DA CANOA,LAGOA DA CANOA,3,2025,DOU,18836,9,0,0,0,0,0,0,0,0,0,0,0,31500,167.23
04/2026,2,NORDESTE,NE,27,ALAGOAS,ALAGOAS,AL,270420,LIMOEIRO DE ANADIA,LIMOEIRO DE ANADIA,3,2025,DOU,25184,14,0,0,0,0,0,0,0,0,0,0,0,49000,194.56
04/2026,2,NORDESTE,NE,27,ALAGOAS,ALAGOAS,AL,270430,MACEIO,MACEIÓ,1,2025,DOU,994952,157,6,30,0,0,6,4003,9,3679,0,0,7682,625432,62.86
04/2026,2,NORDESTE,NE,27,ALAGOAS,ALAGOAS,AL,270440,MAJOR ISIDORO,MAJOR ISIDORO,3,2025,DOU,17828,7,0,0,0,0,0,0,0,0,0,0,0,24500,137.42
04/2026,2,NORDESTE,NE,27,ALAGOAS,ALAGOAS,AL,270490,MAR VERMELHO,MAR VERMELHO,3,2025,DOU,3208,2,0,0,0,0,0,0,0,0,0,0,0,7000,218.2
04/2026,2,NORDESTE,NE,27,ALAGOAS,ALAGOAS,AL,270450,MARAGOGI,MARAGOGI,1,2025,DOU,33269,14,0,0,0,0,0,0,0,0,0,0,0,49000,147.28
04/2026,2,NORDESTE,NE,27,ALAGOAS,ALAGOAS,AL,270460,MARAVILHA,MARAVILHA,3,2025,DOU,9709,4,0,0,0,0,0,0,0,0,0,0,0,14000,144.19
04/2026,2,NORDESTE,NE,27,ALAGOAS,ALAGOAS,AL,270470,MARECHAL DEODORO,MARECHAL DEODORO,1,2025,DOU,62477,20,0,2,0,0,0,0,0,0,0,0,0,73500,117.64
04/2026,2,NORDESTE,NE,27,ALAGOAS,ALAGOAS,AL,270480,MARIBONDO,MARIBONDO,3,2025,DOU,13970,6,0,0,0,0,0,0,0,0,0,0,0,21000,150.32
04/2026,2,NORDESTE,NE,27,ALAGOAS,ALAGOAS,AL,270500,MATA GRANDE,MATA GRANDE,3,2025,DOU,22126,10,0,0,0,0,0,0,0,0,0,0,0,35000,158.18
04/2026,2,NORDESTE,NE,27,ALAGOAS,ALAGOAS,AL,270510,MATRIZ DE CAMARAGIBE,MATRIZ DE CAMARAGIBE,1,2025,DOU,24331,11,0,0,0,0,0,0,0,0,0,0,0,38500,158.23
04/2026,2,NORDESTE,NE,27,ALAGOAS,ALAGOAS,AL,270520,MESSIAS,MESSIAS,1,2025,DOU,15706,7,0,0,0,0,0,0,0,0,0,0,0,24500,155.99
04/2026,2,NORDESTE,NE,27,ALAGOAS,ALAGOAS,AL,270530,MINADOR DO NEGRAO,MINADOR DO NEGRÃO,3,2025,DOU,4935,3,0,0,0,0,0,0,0,0,0,0,0,10500,212.76
04/2026,2,NORDESTE,NE,27,ALAGOAS,ALAGOAS,AL,270540,MONTEIROPOLIS,MONTEIRÓPOLIS,3,2025,DOU,7344,4,0,0,0,0,0,0,0,0,0,0,0,14000,190.63
04/2026,2,NORDESTE,NE,27,ALAGOAS,ALAGOAS,AL,270550,MURICI,MURICI,1,2025,DOU,25926,11,0,0,0,0,0,0,0,0,0,0,0,38500,148.49
04/2026,2,NORDESTE,NE,27,ALAGOAS,ALAGOAS,AL,270560,NOVO LINO,NOVO LINO,3,2025,DOU,10285,5,0,0,0,0,0,0,0,0,0,0,0,17500,170.15
04/2026,2,NORDESTE,NE,27,ALAGOAS,ALAGOAS,AL,270570,OLHO D'AGUA DAS FLORES,OLHO D'ÁGUA DAS FLORES,2,2025,DOU,21135,8,0,0,0,0,0,0,0,0,0,0,0,28000,132.48
04/2026,2,NORDESTE,NE,27,ALAGOAS,ALAGOAS,AL,270580,OLHO D'AGUA DO CASADO,OLHO D'ÁGUA DO CASADO,3,2025,DOU,8522,4,0,0,0,0,0,0,0,0,0,0,0,14000,164.28
04/2026,2,NORDESTE,NE,27,ALAGOAS,ALAGOAS,AL,270590,OLHO D'AGUA GRANDE,OLHO D'ÁGUA GRANDE,3,2025,DOU,4381,3,0,0,0,0,0,0,0,0,0,0,0,10500,239.67
04/2026,2,NORDESTE,NE,27,ALAGOAS,ALAGOAS,AL,270600,OLIVENCA,OLIVENÇA,3,2025,DOU,11047,5,0,0,0,0,0,0,0,0,0,0,0,17500,158.41
04/2026,2,NORDESTE,NE,27,ALAGOAS,ALAGOAS,AL,270610,OURO BRANCO,OURO BRANCO,3,2025,DOU,11706,5,0,0,0,0,0,0,0,0,0,0,0,17500,149.49
04/2026,2,NORDESTE,NE,27,ALAGOAS,ALAGOAS,AL,270620,PALESTINA,PALESTINA,3,2025,DOU,4408,3,0,0,0,0,0,0,0,0,0,0,0,10500,238.2
04/2026,2,NORDESTE,NE,27,ALAGOAS,ALAGOAS,AL,270630,PALMEIRA DOS INDIOS,PALMEIRA DOS ÍNDIOS,1,2025,DOU,73621,23,0,2,0,0,0,0,0,0,0,0,0,84000,114.09
04/2026,2,NORDESTE,NE,27,ALAGOAS,ALAGOAS,AL,270640,PAO DE ACUCAR,PÃO DE AÇÚCAR,3,2025,DOU,24291,11,0,0,0,0,0,0,0,0,0,0,0,38500,158.49
04/2026,2,NORDESTE,NE,27,ALAGOAS,ALAGOAS,AL,270642,PARICONHA,PARICONHA,3,2025,DOU,10807,5,0,0,0,0,0,0,0,0,0,0,0,17500,161.93
04/2026,2,NORDESTE,NE,27,ALAGOAS,ALAGOAS,AL,270644,PARIPUEIRA,PARIPUEIRA,1,2025,DOU,14199,6,0,0,0,0,0,0,0,0,0,0,0,21000,147.89
04/2026,2,NORDESTE,NE,27,ALAGOAS,ALAGOAS,AL,270650,PASSO DE CAMARAGIBE,PASSO DE CAMARAGIBE,3,2025,DOU,14070,6,0,0,0,0,0,0,0,0,0,0,0,21000,149.25
04/2026,2,NORDESTE,NE,27,ALAGOAS,ALAGOAS,AL,270660,PAULO JACINTO,PAULO JACINTO,3,2025,DOU,6691,4,0,0,0,0,0,0,0,0,0,0,0,14000,209.23
04/2026,2,NORDESTE,NE,27,ALAGOAS,ALAGOAS,AL,270670,PENEDO,PENEDO,1,2025,DOU,60185,20,0,0,0,0,0,0,0,0,0,0,0,70000,116.3
04/2026,2,NORDESTE,NE,27,ALAGOAS,ALAGOAS,AL,270680,PIACABUCU,PIAÇABUÇU,3,2025,DOU,16192,6,0,0,0,0,0,0,0,0,0,0,0,21000,129.69
04/2026,2,NORDESTE,NE,27,ALAGOAS,ALAGOAS,AL,270690,PILAR,PILAR,1,2025,DOU,36525,13,0,0,0,0,0,0,0,0,0,0,0,45500,124.57
04/2026,2,NORDESTE,NE,27,ALAGOAS,ALAGOAS,AL,270700,PINDOBA,PINDOBA,3,2025,DOU,2786,1,0,0,0,0,0,0,0,0,0,0,0,3500,125.62
04/2026,2,NORDESTE,NE,27,ALAGOAS,ALAGOAS,AL,270710,PIRANHAS,PIRANHAS,2,2025,DOU,23053,8,0,0,0,0,0,0,0,0,0,0,0,28000,121.45
04/2026,2,NORDESTE,NE,27,ALAGOAS,ALAGOAS,AL,270720,POCO DAS TRINCHEIRAS,POÇO DAS TRINCHEIRAS,3,2025,DOU,12965,6,0,0,0,0,0,0,0,0,0,0,0,21000,161.97
04/2026,2,NORDESTE,NE,27,ALAGOAS,ALAGOAS,AL,270730,PORTO CALVO,PORTO CALVO,1,2025,DOU,24509,11,0,0,0,0,0,0,0,0,0,0,0,38500,157.08
04/2026,2,NORDESTE,NE,27,ALAGOAS,ALAGOAS,AL,270740,PORTO DE PEDRAS,PORTO DE PEDRAS,3,2025,DOU,9517,4,0,0,0,0,0,0,0,0,0,0,0,14000,147.1
04/2026,2,NORDESTE,NE,27,ALAGOAS,ALAGOAS,AL,270750,PORTO REAL DO COLEGIO,PORTO REAL DO COLÉGIO,3,2025,DOU,20273,10,0,0,0,0,0,0,0,0,0,0,0,35000,172.64
04/2026,2,NORDESTE,NE,27,ALAGOAS,ALAGOAS,AL,270760,QUEBRANGULO,QUEBRANGULO,3,2025,DOU,11303,5,0,0,0,0,0,0,0,0,0,0,0,17500,154.82
04/2026,2,NORDESTE,NE,27,ALAGOAS,ALAGOAS,AL,270770,RIO LARGO,RIO LARGO,1,2025,DOU,97658,35,2,0,0,0,1,42,0,0,0,0,42,127792,130.85
04/2026,2,NORDESTE,NE,27,ALAGOAS,ALAGOAS,AL,270780,ROTEIRO,ROTEIRO,2,2025,DOU,6606,3,0,0,0,0,0,0,0,0,0,0,0,10500,158.94
04/2026,2,NORDESTE,NE,27,ALAGOAS,ALAGOAS,AL,270790,SANTA LUZIA DO NORTE,SANTA LUZIA DO NORTE,1,2025,DOU,7066,4,0,0,0,0,0,0,0,0,0,0,0,14000,198.13
04/2026,2,NORDESTE,NE,27,ALAGOAS,ALAGOAS,AL,270800,SANTANA DO IPANEMA,SANTANA DO IPANEMA,1,2025,DOU,47418,18,0,0,0,0,0,0,0,0,0,0,0,63000,132.86
04/2026,2,NORDESTE,NE,27,ALAGOAS,ALAGOAS,AL,270810,SANTANA DO MUNDAU,SANTANA DO MUNDAÚ,3,2025,DOU,11572,5,0,0,0,0,0,0,0,0,0,0,0,17500,151.22
04/2026,2,NORDESTE,NE,27,ALAGOAS,ALAGOAS,AL,270820,SAO BRAS,SÃO BRÁS,3,2025,DOU,6557,3,0,0,0,0,0,0,0,0,0,0,0,10500,160.13
04/2026,2,NORDESTE,NE,27,ALAGOAS,ALAGOAS,AL,270830,SAO JOSE DA LAJE,SÃO JOSÉ DA LAJE,2,2025,DOU,21180,10,1,0,0,0,0,0,0,0,0,0,0,37625,177.64
04/2026,2,NORDESTE,NE,27,ALAGOAS,ALAGOAS,AL,270840,SAO JOSE DA TAPERA,SÃO JOSÉ DA TAPERA,3,2025,DOU,31569,14,0,0,0,0,0,0,0,0,0,0,0,49000,155.21
04/2026,2,NORDESTE,NE,27,ALAGOAS,ALAGOAS,AL,270850,SAO LUIS DO QUITUNDE,SÃO LUÍS DO QUITUNDE,2,2025,DOU,31785,12,0,0,0,0,0,0,0,0,0,0,0,42000,132.13
04/2026,2,NORDESTE,NE,27,ALAGOAS,ALAGOAS,AL,270860,SAO MIGUEL DOS CAMPOS,SÃO MIGUEL DOS CAMPOS,1,2025,DOU,53380,20,0,0,0,0,0,0,0,0,0,0,0,70000,131.13
04/2026,2,NORDESTE,NE,27,ALAGOAS,ALAGOAS,AL,270870,SAO MIGUEL DOS MILAGRES,SÃO MIGUEL DOS MILAGRES,3,2025,DOU,8700,4,0,0,0,0,0,0,0,0,0,0,0,14000,160.91
04/2026,2,NORDESTE,NE,27,ALAGOAS,ALAGOAS,AL,270880,SAO SEBASTIAO,SÃO SEBASTIÃO,3,2025,DOU,32707,16,0,4,0,0,0,0,0,0,0,0,0,63000,192.61
04/2026,2,NORDESTE,NE,27,ALAGOAS,ALAGOAS,AL,270890,SATUBA,SATUBA,1,2025,DOU,25105,8,0,0,0,0,0,0,0,0,0,0,0,28000,111.53
04/2026,2,NORDESTE,NE,27,ALAGOAS,ALAGOAS,AL,270895,SENADOR RUI PALMEIRA,SENADOR RUI PALMEIRA,3,2025,DOU,12545,5,0,0,0,0,0,0,0,0,0,0,0,17500,139.49
04/2026,2,NORDESTE,NE,27,ALAGOAS,ALAGOAS,AL,270900,TANQUE D'ARCA,TANQUE D'ARCA,3,2025,DOU,5906,3,0,0,0,0,0,0,0,0,0,0,0,10500,177.78
04/2026,2,NORDESTE,NE,27,ALAGOAS,ALAGOAS,AL,270910,TAQUARANA,TAQUARANA,3,2025,DOU,19428,10,0,0,0,0,0,0,0,0,0,0,0,35000,180.15
04/2026,2,NORDESTE,NE,27,ALAGOAS,ALAGOAS,AL,270915,TEOTONIO VILELA,TEOTÔNIO VILELA,1,2025,DOU,39143,19,0,0,0,0,0,0,0,0,0,0,0,66500,169.88
04/2026,2,NORDESTE,NE,27,ALAGOAS,ALAGOAS,AL,270920,TRAIPU,TRAIPU,3,2025,DOU,24106,11,0,0,0,0,0,0,0,0,0,0,0,38500,159.71
04/2026,2,NORDESTE,NE,27,ALAGOAS,ALAGOAS,AL,270930,UNIAO DOS PALMARES,UNIÃO DOS PALMARES,1,2025,DOU,60860,17,3,0,0,0,0,0,0,0,0,0,0,67375,110.7
04/2026,2,NORDESTE,NE,27,ALAGOAS,ALAGOAS,AL,270940,VICOSA,VIÇOSA,1,2025,DOU,24414,11,0,0,0,0,0,0,0,0,0,0,0,38500,157.69
04/2026,1,NORTE,N,13,AMAZONAS,AMAZONAS,AM,130002,ALVARAES,ALVARÃES,5,2025,DOU,16806,6,0,0,3,3666,1,54,0,0,0,0,3720,24720,147.09
04/2026,1,NORTE,N,13,AMAZONAS,AMAZONAS,AM,130006,AMATURA,AMATURÁ,5,2025,DOU,11533,5,0,0,1,1607,0,0,0,0,0,0,1607,19107,165.67
04/2026,1,NORTE,N,13,AMAZONAS,AMAZONAS,AM,130008,ANAMA,ANAMÃ,5,2025,DOU,9981,7,0,0,0,0,0,0,0,0,0,0,0,24500,245.46
04/2026,1,NORTE,N,13,AMAZONAS,AMAZONAS,AM,130010,ANORI,ANORI,5,2025,DOU,18056,7,0,0,2,2863,0,0,0,0,0,0,2863,27363,151.54
04/2026,1,NORTE,N,13,AMAZONAS,AMAZONAS,AM,130014,APUI,APUÍ,4,2025,DOU,21781,9,0,0,1,1812,0,0,0,0,0,0,1812,33312,152.94
04/2026,1,NORTE,N,13,AMAZONAS,AMAZONAS,AM,130020,ATALAIA DO NORTE,ATALAIA DO NORTE,5,2025,DOU,15889,9,0,0,0,0,0,0,0,0,0,0,0,31500,198.25
04/2026,1,NORTE,N,13,AMAZONAS,AMAZONAS,AM,130030,AUTAZES,AUTAZES,5,2025,DOU,45960,10,0,0,9,14506,0,0,0,0,0,0,14506,49506,107.71
04/2026,1,NORTE,N,13,AMAZONAS,AMAZONAS,AM,130040,BARCELOS,BARCELOS,4,2025,DOU,18210,9,0,0,1,1622,0,0,0,0,0,0,1622,33122,181.88
04/2026,1,NORTE,N,13,AMAZONAS,AMAZONAS,AM,130050,BARREIRINHA,BARREIRINHA,5,2025,DOU,33722,7,0,0,4,10635,0,0,0,0,0,0,10635,35135,104.19
04/2026,1,NORTE,N,13,AMAZONAS,AMAZONAS,AM,130060,BENJAMIN CONSTANT,BENJAMIN CONSTANT,4,2025,DOU,40908,15,0,0,0,0,0,0,0,0,0,0,0,52500,128.33
04/2026,1,NORTE,N,13,AMAZONAS,AMAZONAS,AM,130063,BERURI,BERURI,5,2025,DOU,22495,7,0,0,0,0,0,0,0,0,0,0,0,24500,108.91
04/2026,1,NORTE,N,13,AMAZONAS,AMAZONAS,AM,130068,BOA VISTA DO RAMOS,BOA VISTA DO RAMOS,5,2025,DOU,26479,3,0,0,4,7672,0,0,0,0,0,0,7672,18172,68.62
04/2026,1,NORTE,N,13,AMAZONAS,AMAZONAS,AM,130070,BOCA DO ACRE,BOCA DO ACRE,4,2025,DOU,38792,9,0,0,0,0,0,0,0,0,0,0,0,31500,81.2
04/2026,1,NORTE,N,13,AMAZONAS,AMAZONAS,AM,130080,BORBA,BORBA,5,2025,DOU,34869,8,0,0,2,5290,0,0,0,0,0,0,5290,33290,95.47
04/2026,1,NORTE,N,13,AMAZONAS,AMAZONAS,AM,130083,CAAPIRANGA,CAAPIRANGA,5,2025,DOU,14806,6,0,0,0,0,0,0,0,0,0,0,0,21000,141.83
04/2026,1,NORTE,N,13,AMAZONAS,AMAZONAS,AM,130090,CANUTAMA,CANUTAMA,5,2025,DOU,18109,5,0,0,1,1831,0,0,0,0,0,0,1831,19331,106.74
04/2026,1,NORTE,N,13,AMAZONAS,AMAZONAS,AM,130100,CARAUARI,CARAUARI,1,2025,DOU,31130,7,0,0,1,1908,0,0,0,0,0,0,1908,26408,84.83
04/2026,1,NORTE,N,13,AMAZONAS,AMAZONAS,AM,130110,CAREIRO,CAREIRO,3,2025,DOU,32336,7,0,0,9,23342,1,57,0,0,0,0,23399,47899,148.12
04/2026,1,NORTE,N,13,AMAZONAS,AMAZONAS,AM,130115,CAREIRO DA VARZEA,CAREIRO DA VÁRZEA,3,2025,DOU,20324,2,0,0,8,16473,0,0,0,0,0,0,16473,23473,115.49
04/2026,1,NORTE,N,13,AMAZONAS,AMAZONAS,AM,130120,COARI,COARI,1,2025,DOU,73576,35,0,0,3,6467,1,0,0,0,0,0,6467,128967,175.28
04/2026,1,NORTE,N,13,AMAZONAS,AMAZONAS,AM,130130,CODAJAS,CODAJÁS,4,2025,DOU,24572,9,0,0,2,2234,0,0,0,0,0,0,2234,33734,137.28
04/2026,1,NORTE,N,13,AMAZONAS,AMAZONAS,AM,130140,EIRUNEPE,EIRUNEPÉ,4,2025,DOU,35793,9,0,0,3,6411,0,0,0,0,0,0,6411,37911,105.91
04/2026,1,NORTE,N,13,AMAZONAS,AMAZONAS,AM,130150,ENVIRA,ENVIRA,4,2025,DOU,17985,10,0,0,0,0,0,0,0,0,0,0,0,35000,194.6
04/2026,1,NORTE,N,13,AMAZONAS,AMAZONAS,AM,130160,FONTE BOA,FONTE BOA,4,2025,DOU,28227,6,0,0,5,8037,1,89,0,0,0,0,8126,29126,103.18
04/2026,1,NORTE,N,13,AMAZONAS,AMAZONAS,AM,130165,GUAJARA,GUAJARÁ,3,2025,DOU,14344,6,0,0,2,1041,0,0,0,0,0,0,1041,22041,153.66
04/2026,1,NORTE,N,13,AMAZONAS,AMAZONAS,AM,130170,HUMAITA,HUMAITÁ,1,2025,DOU,63454,17,0,1,2,3875,0,0,1,95,0,0,3970,65220,102.78
04/2026,1,NORTE,N,13,AMAZONAS,AMAZONAS,AM,130180,IPIXUNA,IPIXUNA,5,2025,DOU,25629,12,0,0,1,1583,0,0,0,0,0,0,1583,43583,170.05
04/2026,1,NORTE,N,13,AMAZONAS,AMAZONAS,AM,130185,IRANDUBA,IRANDUBA,2,2025,DOU,68862,12,0,0,13,34232,1,92,0,0,0,0,34324,76324,110.83
04/2026,1,NORTE,N,13,AMAZONAS,AMAZONAS,AM,130190,ITACOATIARA,ITACOATIARA,1,2025,DOU,113917,29,0,0,3,10888,0,0,1,325,0,0,11213,112713,98.94
04/2026,1,NORTE,N,13,AMAZONAS,AMAZONAS,AM,130195,ITAMARATI,ITAMARATI,5,2025,DOU,11956,3,0,0,1,1309,0,0,0,0,0,0,1309,11809,98.77
04/2026,1,NORTE,N,13,AMAZONAS,AMAZONAS,AM,130200,ITAPIRANGA,ITAPIRANGA,2,2025,DOU,10955,5,0,0,0,0,0,0,0,0,0,0,0,17500,159.74
04/2026,1,NORTE,N,13,AMAZONAS,AMAZONAS,AM,130210,JAPURA,JAPURÁ,5,2025,DOU,9420,4,0,0,2,2435,0,0,0,0,0,0,2435,16435,174.46
04/2026,1,NORTE,N,13,AMAZONAS,AMAZONAS,AM,130220,JURUA,JURUÁ,5,2025,DOU,11093,6,0,0,1,819,0,0,0,0,0,0,819,21819,196.69
04/2026,1,NORTE,N,13,AMAZONAS,AMAZONAS,AM,130230,JUTAI,JUTAÍ,4,2025,DOU,28202,10,0,0,0,0,1,112,0,0,0,0,112,35112,124.5
04/2026,1,NORTE,N,13,AMAZONAS,AMAZONAS,AM,130240,LABREA,LÁBREA,4,2025,DOU,49469,25,0,0,0,0,0,0,0,0,0,0,0,87500,176.87
04/2026,1,NORTE,N,13,AMAZONAS,AMAZONAS,AM,130250,MANACAPURU,MANACAPURU,1,2025,DOU,111751,30,1,0,0,0,2,253,0,0,0,0,253,107878,96.53
04/2026,1,NORTE,N,13,AMAZONAS,AMAZONAS,AM,130255,MANAQUIRI,MANAQUIRI,3,2025,DOU,16211,8,0,0,3,5920,0,0,0,0,0,0,5920,33920,209.24
04/2026,1,NORTE,N,13,AMAZONAS,AMAZONAS,AM,130260,MANAUS,MANAUS,1,2025,DOU,2303732,361,27,87,2,3734,2,1208,5,8745,1,2507,16194,1502819,65.23
04/2026,1,NORTE,N,13,AMAZONAS,AMAZONAS,AM,130270,MANICORE,MANICORÉ,5,2025,DOU,58018,17,0,0,6,12871,0,0,0,0,0,0,12871,72371,124.73
04/2026,1,NORTE,N,13,AMAZONAS,AMAZONAS,AM,130280,MARAA,MARAÃ,5,2025,DOU,15815,6,0,0,2,2159,0,0,0,0,0,0,2159,23159,146.43
04/2026,1,NORTE,N,13,AMAZONAS,AMAZONAS,AM,130290,MAUES,MAUÉS,5,2025,DOU,66336,19,0,4,6,13124,0,0,1,0,0,0,13124,86624,130.58
04/2026,1,NORTE,N,13,AMAZONAS,AMAZONAS,AM,130300,NHAMUNDA,NHAMUNDÁ,5,2025,DOU,21251,4,0,0,4,8139,0,0,0,0,0,0,8139,22139,104.17
04/2026,1,NORTE,N,13,AMAZONAS,AMAZONAS,AM,130310,NOVA OLINDA DO NORTE,NOVA OLINDA DO NORTE,5,2025,DOU,28123,8,0,1,6,8338,0,0,0,0,0,0,8338,38088,135.43
04/2026,1,NORTE,N,13,AMAZONAS,AMAZONAS,AM,130320,NOVO AIRAO,NOVO AIRÃO,3,2025,DOU,16562,5,0,0,0,0,0,0,0,0,0,0,0,17500,105.66
04/2026,1,NORTE,N,13,AMAZONAS,AMAZONAS,AM,130330,NOVO ARIPUANA,NOVO ARIPUANÃ,4,2025,DOU,25325,6,0,0,2,3166,0,0,0,0,0,0,3166,24166,95.42
04/2026,1,NORTE,N,13,AMAZONAS,AMAZONAS,AM,130340,PARINTINS,PARINTINS,1,2025,DOU,101855,29,0,0,5,15121,0,0,1,8,0,0,15129,116629,114.5
04/2026,1,NORTE,N,13,AMAZONAS,AMAZONAS,AM,130350,PAUINI,PAUINI,5,2025,DOU,20229,4,1,0,0,0,0,0,0,0,0,0,0,16625,82.18
04/2026,1,NORTE,N,13,AMAZONAS,AMAZONAS,AM,130353,PRESIDENTE FIGUEIREDO,PRESIDENTE FIGUEIREDO,3,2025,DOU,33291,17,0,0,0,0,0,0,0,0,0,0,0,59500,178.72
04/2026,1,NORTE,N,13,AMAZONAS,AMAZONAS,AM,130356,RIO PRETO DA EVA,RIO PRETO DA EVA,3,2025,DOU,25364,16,0,0,1,904,0,0,0,0,0,0,904,56904,224.34
04/2026,1,NORTE,N,13,AMAZONAS,AMAZONAS,AM,130360,SANTA ISABEL DO RIO NEGRO,SANTA ISABEL DO RIO NEGRO,5,2025,DOU,13947,9,0,0,0,0,0,0,0,0,0,0,0,31500,225.85
04/2026,1,NORTE,N,13,AMAZONAS,AMAZONAS,AM,130370,SANTO ANTONIO DO ICA,SANTO ANTÔNIO DO IÇÁ,4,2025,DOU,30679,8,0,0,1,4940,0,0,0,0,0,0,4940,32940,107.36
04/2026,1,NORTE,N,13,AMAZONAS,AMAZONAS,AM,130380,SAO GABRIEL DA CACHOEIRA,SÃO GABRIEL DA CACHOEIRA,4,2025,DOU,57396,9,0,0,0,0,0,0,0,0,0,0,0,31500,54.88
04/2026,1,NORTE,N,13,AMAZONAS,AMAZONAS,AM,130390,SAO PAULO DE OLIVENCA,SÃO PAULO DE OLIVENÇA,5,2025,DOU,35442,14,0,0,1,1233,0,0,0,0,0,0,1233,50233,141.73
04/2026,1,NORTE,N,13,AMAZONAS,AMAZONAS,AM,130395,SAO SEBASTIAO DO UATUMA,SÃO SEBASTIÃO DO UATUMÃ,5,2025,DOU,12338,5,0,0,1,1234,0,0,0,0,0,0,1234,18734,151.83
04/2026,1,NORTE,N,13,AMAZONAS,AMAZONAS,AM,130400,SILVES,SILVES,3,2025,DOU,12619,3,0,0,3,4599,0,0,0,0,0,0,4599,15099,119.65
04/2026,1,NORTE,N,13,AMAZONAS,AMAZONAS,AM,130406,TABATINGA,TABATINGA,1,2025,DOU,73348,18,0,0,1,1375,0,0,1,382,0,0,1757,64757,88.28
04/2026,1,NORTE,N,13,AMAZONAS,AMAZONAS,AM,130410,TAPAUA,TAPAUÁ,4,2025,DOU,20728,7,0,0,2,5334,0,0,0,0,0,0,5334,29834,143.93
04/2026,1,NORTE,N,13,AMAZONAS,AMAZONAS,AM,130420,TEFE,TEFÉ,1,2025,DOU,80137,16,0,0,4,12611,0,0,0,0,0,0,12611,68611,85.61
04/2026,1,NORTE,N,13,AMAZONAS,AMAZONAS,AM,130423,TONANTINS,TONANTINS,5,2025,DOU,20257,11,0,0,0,0,0,0,0,0,0,0,0,38500,190.05
04/2026,1,NORTE,N,13,AMAZONAS,AMAZONAS,AM,130426,UARINI,UARINI,5,2025,DOU,15640,8,0,0,0,0,0,0,0,0,0,0,0,28000,179.02
04/2026,1,NORTE,N,13,AMAZONAS,AMAZONAS,AM,130430,URUCARA,URUCARÁ,5,2025,DOU,19617,7,0,0,0,0,0,0,0,0,0,0,0,24500,124.89
04/2026,1,NORTE,N,13,AMAZONAS,AMAZONAS,AM,130440,URUCURITUBA,URUCURITUBA,5,2025,DOU,25965,8,0,0,3,4339,0,0,0,0,0,0,4339,32339,124.54
04/2026,1,NORTE,N,16,AMAPA,AMAPÁ,AP,160010,AMAPA,AMAPÁ,4,2025,DOU,8440,3,0,0,0,0,0,0,0,0,0,0,0,10500,124.4
04/2026,1,NORTE,N,16,AMAPA,AMAPÁ,AP,160020,CALCOENE,CALÇOENE,5,2025,DOU,11461,4,2,0,0,0,0,0,0,0,0,0,0,19250,167.96
04/2026,1,NORTE,N,16,AMAPA,AMAPÁ,AP,160021,CUTIAS,CUTIAS,3,2025,DOU,4723,2,0,0,0,0,0,0,0,0,0,0,0,7000,148.21
04/2026,1,NORTE,N,16,AMAPA,AMAPÁ,AP,160023,FERREIRA GOMES,FERREIRA GOMES,2,2025,DOU,7184,4,0,0,0,0,0,0,0,0,0,0,0,14000,194.87
04/2026,1,NORTE,N,16,AMAPA,AMAPÁ,AP,160025,ITAUBAL,ITAUBAL,3,2025,DOU,6097,2,1,1,0,0,0,0,0,0,0,0,0,11375,186.56
04/2026,1,NORTE,N,16,AMAPA,AMAPÁ,AP,160027,LARANJAL DO JARI,LARANJAL DO JARI,1,2025,DOU,37872,20,0,0,0,0,0,0,0,0,0,0,0,70000,184.83
04/2026,1,NORTE,N,16,AMAPA,AMAPÁ,AP,160030,MACAPA,MACAPÁ,1,2025,DOU,489676,159,0,0,1,1616,3,862,0,0,1,417,2895,559395,114.23
04/2026,1,NORTE,N,16,AMAPA,AMAPÁ,AP,160040,MAZAGAO,MAZAGÃO,3,2025,DOU,23773,10,0,0,0,0,0,0,0,0,0,0,0,35000,147.22
04/2026,1,NORTE,N,16,AMAPA,AMAPÁ,AP,160050,OIAPOQUE,OIAPOQUE,4,2025,DOU,30786,10,1,0,0,0,0,0,0,0,0,0,0,37625,122.21
04/2026,1,NORTE,N,16,AMAPA,AMAPÁ,AP,160015,PEDRA BRANCA DO AMAPARI,PEDRA BRANCA DO AMAPARI,5,2025,DOU,13888,5,0,0,0,0,0,0,0,0,0,0,0,17500,126.0
04/2026,1,NORTE,N,16,AMAPA,AMAPÁ,AP,160053,PORTO GRANDE,PORTO GRANDE,2,2025,DOU,19048,9,0,0,0,0,0,0,0,0,0,0,0,31500,165.37
04/2026,1,NORTE,N,16,AMAPA,AMAPÁ,AP,160055,PRACUUBA,PRACUÚBA,5,2025,DOU,4048,3,0,0,0,0,0,0,0,0,0,0,0,10500,259.38
04/2026,1,NORTE,N,16,AMAPA,AMAPÁ,AP,160060,SANTANA,SANTANA,1,2025,DOU,118803,30,0,0,0,0,0,0,0,0,0,0,0,105000,88.38
04/2026,1,NORTE,N,16,AMAPA,AMAPÁ,AP,160005,SERRA DO NAVIO,SERRA DO NAVIO,5,2025,DOU,5003,3,0,0,0,0,0,0,0,0,0,0,0,10500,209.87
04/2026,1,NORTE,N,16,AMAPA,AMAPÁ,AP,160070,TARTARUGALZINHO,TARTARUGALZINHO,5,2025,DOU,13816,5,6,0,1,1005,0,0,0,0,0,0,1005,34255,247.93
04/2026,1,NORTE,N,16,AMAPA,AMAPÁ,AP,160080,VITORIA DO JARI,VITÓRIA DO JARI,5,2025,DOU,11899,5,0,0,2,2502,0,0,0,0,0,0,2502,20002,168.09
04/2026,2,NORDESTE,NE,29,BAHIA,BAHIA,BA,290010,ABAIRA,ABAÍRA,5,2025,DOU,7407,5,0,0,0,0,0,0,0,0,0,0,0,17500,236.26
04/2026,2,NORDESTE,NE,29,BAHIA,BAHIA,BA,290020,ABARE,ABARÉ,5,2025,DOU,18269,7,0,0,0,0,0,0,0,0,0,0,0,24500,134.1
04/2026,2,NORDESTE,NE,29,BAHIA,BAHIA,BA,290030,ACAJUTIBA,ACAJUTIBA,3,2025,DOU,14200,7,0,0,0,0,0,0,0,0,0,0,0,24500,172.53
04/2026,2,NORDESTE,NE,29,BAHIA,BAHIA,BA,290035,ADUSTINA,ADUSTINA,3,2025,DOU,14510,6,0,0,0,0,0,0,0,0,0,0,0,21000,144.72
04/2026,2,NORDESTE,NE,29,BAHIA,BAHIA,BA,290040,AGUA FRIA,ÁGUA FRIA,3,2025,DOU,14833,8,2,0,0,0,0,0,0,0,0,0,0,33250,224.16
04/2026,2,NORDESTE,NE,29,BAHIA,BAHIA,BA,290060,AIQUARA,AIQUARA,3,2025,DOU,4583,2,0,0,0,0,0,0,0,0,0,0,0,7000,152.73
04/2026,2,NORDESTE,NE,29,BAHIA,BAHIA,BA,290070,ALAGOINHAS,ALAGOINHAS,1,2025,DOU,161196,36,4,1,0,0,1,50,0,0,0,0,50,138300,85.79
04/2026,2,NORDESTE,NE,29,BAHIA,BAHIA,BA,290080,ALCOBACA,ALCOBAÇA,3,2025,DOU,25601,12,0,0,0,0,0,0,0,0,0,0,0,42000,164.05
04/2026,2,NORDESTE,NE,29,BAHIA,BAHIA,BA,290090,ALMADINA,ALMADINA,2,2025,DOU,5296,3,0,0,0,0,0,0,0,0,0,0,0,10500,198.26
04/2026,2,NORDESTE,NE,29,BAHIA,BAHIA,BA,290100,AMARGOSA,AMARGOSA,2,2025,DOU,38585,12,0,0,0,0,0,0,0,0,0,0,0,42000,108.85
04/2026,2,NORDESTE,NE,29,BAHIA,BAHIA,BA,290110,AMELIA RODRIGUES,AMÉLIA RODRIGUES,2,2025,DOU,24830,9,0,0,0,0,0,0,0,0,0,0,0,31500,126.86
04/2026,2,NORDESTE,NE,29,BAHIA,BAHIA,BA,290115,AMERICA DOURADA,AMÉRICA DOURADA,3,2025,DOU,15572,8,0,0,0,0,0,0,0,0,0,0,0,28000,179.8
04/2026,2,NORDESTE,NE,29,BAHIA,BAHIA,BA,290120,ANAGE,ANAGÉ,3,2025,DOU,26745,11,0,0,0,0,0,0,0,0,0,0,0,38500,143.95
04/2026,2,NORDESTE,NE,29,BAHIA,BAHIA,BA,290130,ANDARAI,ANDARAÍ,3,2025,DOU,13545,6,0,0,0,0,0,0,0,0,0,0,0,21000,155.03
04/2026,2,NORDESTE,NE,29,BAHIA,BAHIA,BA,290135,ANDORINHA,ANDORINHA,3,2025,DOU,15491,7,0,0,0,0,0,0,0,0,0,0,0,24500,158.15
04/2026,2,NORDESTE,NE,29,BAHIA,BAHIA,BA,290140,ANGICAL,ANGICAL,3,2025,DOU,14178,5,3,1,0,0,0,0,0,0,0,0,0,27125,191.31
04/2026,2,NORDESTE,NE,29,BAHIA,BAHIA,BA,290150,ANGUERA,ANGUERA,3,2025,DOU,11490,6,0,0,0,0,0,0,0,0,0,0,0,21000,182.76
04/2026,2,NORDESTE,NE,29,BAHIA,BAHIA,BA,290160,ANTAS,ANTAS,3,2025,DOU,14984,6,0,0,0,0,0,0,0,0,0,0,0,21000,140.14
04/2026,2,NORDESTE,NE,29,BAHIA,BAHIA,BA,290170,ANTONIO CARDOSO,ANTÔNIO CARDOSO,3,2025,DOU,11498,5,0,0,0,0,0,0,0,0,0,0,0,17500,152.2
04/2026,2,NORDESTE,NE,29,BAHIA,BAHIA,BA,290180,ANTONIO GONCALVES,ANTÔNIO GONÇALVES,3,2025,DOU,11248,5,0,0,0,0,0,0,0,0,0,0,0,17500,155.58
04/2026,2,NORDESTE,NE,29,BAHIA,BAHIA,BA,290190,APORA,APORÁ,3,2025,DOU,16361,7,0,0,0,0,0,0,0,0,0,0,0,24500,149.74
04/2026,2,NORDESTE,NE,29,BAHIA,BAHIA,BA,290195,APUAREMA,APUAREMA,3,2025,DOU,7101,3,0,0,0,0,0,0,0,0,0,0,0,10500,147.86
04/2026,2,NORDESTE,NE,29,BAHIA,BAHIA,BA,290205,ARACAS,ARAÇAS,3,2025,DOU,11953,4,0,0,0,0,0,0,0,0,0,0,0,14000,117.12
04/2026,2,NORDESTE,NE,29,BAHIA,BAHIA,BA,290200,ARACATU,ARACATU,3,2025,DOU,14440,6,0,0,0,0,0,0,0,0,0,0,0,21000,145.42
04/2026,2,NORDESTE,NE,29,BAHIA,BAHIA,BA,290210,ARACI,ARACI,3,2025,DOU,50308,15,1,3,0,0,0,0,0,0,0,0,0,60375,120.01
04/2026,2,NORDESTE,NE,29,BAHIA,BAHIA,BA,290220,ARAMARI,ARAMARI,3,2025,DOU,10106,4,0,1,0,0,0,0,0,0,0,0,0,15750,155.84
04/2026,2,NORDESTE,NE,29,BAHIA,BAHIA,BA,290225,ARATACA,ARATACA,3,2025,DOU,10433,5,0,0,0,0,0,0,0,0,0,0,0,17500,167.73
04/2026,2,NORDESTE,NE,29,BAHIA,BAHIA,BA,290230,ARATUIPE,ARATUÍPE,3,2025,DOU,8993,4,0,0,0,0,0,0,0,0,0,0,0,14000,155.67
04/2026,2,NORDESTE,NE,29,BAHIA,BAHIA,BA,290240,AURELINO LEAL,AURELINO LEAL,2,2025,DOU,11339,6,0,0,0,0,0,0,0,0,0,0,0,21000,185.2
04/2026,2,NORDESTE,NE,29,BAHIA,BAHIA,BA,290250,BAIANOPOLIS,BAIANÓPOLIS,3,2025,DOU,14138,6,0,0,0,0,0,0,0,0,0,0,0,21000,148.53
04/2026,2,NORDESTE,NE,29,BAHIA,BAHIA,BA,290260,BAIXA GRANDE,BAIXA GRANDE,3,2025,DOU,18628,7,0,0,0,0,0,0,0,0,0,0,0,24500,131.52
04/2026,2,NORDESTE,NE,29,BAHIA,BAHIA,BA,290265,BANZAE,BANZAÊ,3,2025,DOU,12288,6,0,0,0,0,0,0,0,0,0,0,0,21000,170.89
04/2026,2,NORDESTE,NE,29,BAHIA,BAHIA,BA,290270,BARRA,BARRA,5,2025,DOU,53642,16,0,0,0,0,0,0,0,0,0,0,0,56000,104.39
04/2026,2,NORDESTE,NE,29,BAHIA,BAHIA,BA,290280,BARRA DA ESTIVA,BARRA DA ESTIVA,3,2025,DOU,27743,9,0,0,0,0,0,0,0,0,0,0,0,31500,113.54
04/2026,2,NORDESTE,NE,29,BAHIA,BAHIA,BA,290290,BARRA DO CHOCA,BARRA DO CHOÇA,2,2025,DOU,38581,12,0,0,0,0,0,0,0,0,0,0,0,42000,108.86
04/2026,2,NORDESTE,NE,29,BAHIA,BAHIA,BA,290300,BARRA DO MENDES,BARRA DO MENDES,3,2025,DOU,14376,7,0,0,0,0,0,0,0,0,0,0,0,24500,170.42
04/2026,2,NORDESTE,NE,29,BAHIA,BAHIA,BA,290310,BARRA DO ROCHA,BARRA DO ROCHA,3,2025,DOU,5898,3,0,0,0,0,0,0,0,0,0,0,0,10500,178.02
04/2026,2,NORDESTE,NE,29,BAHIA,BAHIA,BA,290320,BARREIRAS,BARREIRAS,1,2025,DOU,171634,50,1,2,0,0,1,128,1,0,0,0,128,181253,105.6
04/2026,2,NORDESTE,NE,29,BAHIA,BAHIA,BA,290323,BARRO ALTO,BARRO ALTO,3,2025,DOU,13922,6,0,0,0,0,0,0,0,0,0,0,0,21000,150.84
04/2026,2,NORDESTE,NE,29,BAHIA,BAHIA,BA,290330,BARRO PRETO,BARRO PRETO,3,2025,DOU,5936,3,0,0,0,0,0,0,0,0,0,0,0,10500,176.88
04/2026,2,NORDESTE,NE,29,BAHIA,BAHIA,BA,290327,BARROCAS,BARROCAS,3,2025,DOU,15780,8,0,0,0,0,0,0,0,0,0,0,0,28000,177.43
04/2026,2,NORDESTE,NE,29,BAHIA,BAHIA,BA,290340,BELMONTE,BELMONTE,2,2025,DOU,20527,9,0,0,0,0,0,0,0,0,0,0,0,31500,153.45
04/2026,2,NORDESTE,NE,29,BAHIA,BAHIA,BA,290350,BELO CAMPO,BELO CAMPO,3,2025,DOU,19074,9,0,0,0,0,0,0,0,0,0,0,0,31500,165.14
04/2026,2,NORDESTE,NE,29,BAHIA,BAHIA,BA,290360,BIRITINGA,BIRITINGA,3,2025,DOU,15603,7,0,0,0,0,0,0,0,0,0,0,0,24500,157.02
04/2026,2,NORDESTE,NE,29,BAHIA,BAHIA,BA,290370,BOA NOVA,BOA NOVA,3,2025,DOU,14008,6,0,0,0,0,0,0,0,0,0,0,0,21000,149.91
04/2026,2,NORDESTE,NE,29,BAHIA,BAHIA,BA,290380,BOA VISTA DO TUPIM,BOA VISTA DO TUPIM,3,2025,DOU,17262,8,0,2,0,0,0,0,0,0,0,0,0,31500,182.48
04/2026,2,NORDESTE,NE,29,BAHIA,BAHIA,BA,290390,BOM JESUS DA LAPA,BOM JESUS DA LAPA,1,2025,DOU,68866,34,1,0,0,0,1,9,0,0,0,0,9,121634,176.62
04/2026,2,NORDESTE,NE,29,BAHIA,BAHIA,BA,290395,BOM JESUS DA SERRA,BOM JESUS DA SERRA,3,2025,DOU,10018,4,0,0,0,0,0,0,0,0,0,0,0,14000,139.74
04/2026,2,NORDESTE,NE,29,BAHIA,BAHIA,BA,290400,BONINAL,BONINAL,5,2025,DOU,14125,4,0,0,0,0,0,0,0,0,0,0,0,14000,99.11
04/2026,2,NORDESTE,NE,29,BAHIA,BAHIA,BA,290405,BONITO,BONITO,3,2025,DOU,16425,8,0,0,0,0,0,0,0,0,0,0,0,28000,170.47
04/2026,2,NORDESTE,NE,29,BAHIA,BAHIA,BA,290410,BOQUIRA,BOQUIRA,5,2025,DOU,19782,8,0,0,0,0,0,0,0,0,0,0,0,28000,141.54
04/2026,2,NORDESTE,NE,29,BAHIA,BAHIA,BA,290420,BOTUPORA,BOTUPORÃ,3,2025,DOU,11427,6,0,0,0,0,0,0,0,0,0,0,0,21000,183.77
04/2026,2,NORDESTE,NE,29,BAHIA,BAHIA,BA,290430,BREJOES,BREJÕES,3,2025,DOU,13224,6,0,0,0,0,0,0,0,0,0,0,0,21000,158.8
04/2026,2,NORDESTE,NE,29,BAHIA,BAHIA,BA,290440,BREJOLANDIA,BREJOLÂNDIA,3,2025,DOU,9363,5,0,0,0,0,0,0,0,0,0,0,0,17500,186.9
04/2026,2,NORDESTE,NE,29,BAHIA,BAHIA,BA,290450,BROTAS DE MACAUBAS,BROTAS DE MACAÚBAS,5,2025,DOU,12180,5,0,0,0,0,0,0,0,0,0,0,0,17500,143.67
04/2026,2,NORDESTE,NE,29,BAHIA,BAHIA,BA,290460,BRUMADO,BRUMADO,1,2025,DOU,74368,21,0,0,0,0,0,0,2,0,0,0,0,73500,98.83
04/2026,2,NORDESTE,NE,29,BAHIA,BAHIA,BA,290470,BUERAREMA,BUERAREMA,2,2025,DOU,14950,9,0,0,0,0,0,0,0,0,0,0,0,31500,210.7
04/2026,2,NORDESTE,NE,29,BAHIA,BAHIA,BA,290475,BURITIRAMA,BURITIRAMA,5,2025,DOU,20221,6,0,0,0,0,0,0,0,0,0,0,0,21000,103.85
04/2026,2,NORDESTE,NE,29,BAHIA,BAHIA,BA,290480,CAATIBA,CAATIBA,3,2025,DOU,6128,3,0,0,0,0,0,0,0,0,0,0,0,10500,171.34
04/2026,2,NORDESTE,NE,29,BAHIA,BAHIA,BA,290485,CABACEIRAS DO PARAGUACU,CABACEIRAS DO PARAGUAÇU,3,2025,DOU,17024,9,0,0,0,0,0,0,0,0,0,0,0,31500,185.03
04/2026,2,NORDESTE,NE,29,BAHIA,BAHIA,BA,290490,CACHOEIRA,CACHOEIRA,1,2025,DOU,30498,13,0,0,0,0,0,0,0,0,0,0,0,45500,149.19
04/2026,2,NORDESTE,NE,29,BAHIA,BAHIA,BA,290500,CACULE,CACULÉ,2,2025,DOU,23293,8,0,0,0,0,0,0,0,0,0,0,0,28000,120.2
04/2026,2,NORDESTE,NE,29,BAHIA,BAHIA,BA,290510,CAEM,CAÉM,3,2025,DOU,10733,4,0,0,0,0,0,0,0,0,0,0,0,14000,130.43
04/2026,2,NORDESTE,NE,29,BAHIA,BAHIA,BA,290515,CAETANOS,CAETANOS,3,2025,DOU,11432,6,1,0,0,0,0,0,0,0,0,0,0,23625,206.65
04/2026,2,NORDESTE,NE,29,BAHIA,BAHIA,BA,290520,CAETITE,CAETITÉ,2,2025,DOU,54730,16,0,0,0,0,0,0,0,0,0,0,0,56000,102.32
04/2026,2,NORDESTE,NE,29,BAHIA,BAHIA,BA,290530,CAFARNAUM,CAFARNAUM,3,2025,DOU,18057,9,0,0,0,0,0,0,0,0,0,0,0,31500,174.44
04/2026,2,NORDESTE,NE,29,BAHIA,BAHIA,BA,290540,CAIRU,CAIRU,3,2025,DOU,18578,9,0,0,0,0,0,0,0,0,0,0,0,31500,169.55
04/2026,2,NORDESTE,NE,29,BAHIA,BAHIA,BA,290550,CALDEIRAO GRANDE,CALDEIRÃO GRANDE,3,2025,DOU,13597,5,0,0,0,0,0,0,0,0,0,0,0,17500,128.7
04/2026,2,NORDESTE,NE,29,BAHIA,BAHIA,BA,290560,CAMACAN,CAMACAN,2,2025,DOU,22485,11,0,0,0,0,0,0,0,0,0,0,0,38500,171.22
04/2026,2,NORDESTE,NE,29,BAHIA,BAHIA,BA,290570,CAMACARI,CAMAÇARI,1,2025,DOU,321636,75,2,1,0,0,1,204,0,0,0,0,204,269704,83.85
04/2026,2,NORDESTE,NE,29,BAHIA,BAHIA,BA,290580,CAMAMU,CAMAMU,3,2025,DOU,31694,18,0,0,0,0,0,0,0,0,0,0,0,63000,198.77
04/2026,2,NORDESTE,NE,29,BAHIA,BAHIA,BA,290590,CAMPO ALEGRE DE LOURDES,CAMPO ALEGRE DE LOURDES,3,2025,DOU,32500,10,0,0,0,0,0,0,0,0,0,0,0,35000,107.69
04/2026,2,NORDESTE,NE,29,BAHIA,BAHIA,BA,290600,CAMPO FORMOSO,CAMPO FORMOSO,2,2025,DOU,75112,27,1,0,0,0,0,0,0,0,0,0,0,97125,129.3
04/2026,2,NORDESTE,NE,29,BAHIA,BAHIA,BA,290610,CANAPOLIS,CANÁPOLIS,3,2025,DOU,10641,5,0,0,0,0,0,0,0,0,0,0,0,17500,164.45
04/2026,2,NORDESTE,NE,29,BAHIA,BAHIA,BA,290620,CANARANA,CANARANA,3,2025,DOU,25007,11,0,0,0,0,0,0,0,0,0,0,0,38500,153.95
04/2026,2,NORDESTE,NE,29,BAHIA,BAHIA,BA,290630,CANAVIEIRAS,CANAVIEIRAS,1,2025,DOU,34392,10,0,0,0,0,0,0,0,0,0,0,0,35000,101.76
04/2026,2,NORDESTE,NE,29,BAHIA,BAHIA,BA,290640,CANDEAL,CANDEAL,3,2025,DOU,7940,4,0,0,0,0,0,0,0,0,0,0,0,14000,176.32
04/2026,2,NORDESTE,NE,29,BAHIA,BAHIA,BA,290650,CANDEIAS,CANDEIAS,1,2025,DOU,74854,24,6,0,0,0,0,0,0,0,0,0,0,99750,133.25
04/2026,2,NORDESTE,NE,29,BAHIA,BAHIA,BA,290660,CANDIBA,CANDIBA,3,2025,DOU,13417,4,0,2,0,0,0,0,0,0,0,0,0,17500,130.43
04/2026,2,NORDESTE,NE,29,BAHIA,BAHIA,BA,290670,CANDIDO SALES,CÂNDIDO SALES,2,2025,DOU,26469,10,0,0,0,0,0,0,0,0,0,0,0,35000,132.23
04/2026,2,NORDESTE,NE,29,BAHIA,BAHIA,BA,290680,CANSANCAO,CANSANÇÃO,3,2025,DOU,39725,14,0,0,0,0,0,0,0,0,0,0,0,49000,123.34
04/2026,2,NORDESTE,NE,29,BAHIA,BAHIA,BA,290682,CANUDOS,CANUDOS,3,2025,DOU,16693,6,0,0,0,0,0,0,0,0,0,0,0,21000,125.8
04/2026,2,NORDESTE,NE,29,BAHIA,BAHIA,BA,290685,CAPELA DO ALTO ALEGRE,CAPELA DO ALTO ALEGRE,3,2025,DOU,11035,6,0,0,0,0,0,0,0,0,0,0,0,21000,190.3
04/2026,2,NORDESTE,NE,29,BAHIA,BAHIA,BA,290687,CAPIM GROSSO,CAPIM GROSSO,1,2025,DOU,35437,11,1,0,0,0,0,0,0,0,0,0,0,41125,116.05
04/2026,2,NORDESTE,NE,29,BAHIA,BAHIA,BA,290689,CARAIBAS,CARAÍBAS,3,2025,DOU,10259,4,0,0,0,0,0,0,0,0,0,0,0,14000,136.46
04/2026,2,NORDESTE,NE,29,BAHIA,BAHIA,BA,290690,CARAVELAS,CARAVELAS,3,2025,DOU,21384,10,0,0,0,0,0,0,0,0,0,0,0,35000,163.67
04/2026,2,NORDESTE,NE,29,BAHIA,BAHIA,BA,290700,CARDEAL DA SILVA,CARDEAL DA SILVA,3,2025,DOU,8633,4,1,0,0,0,0,0,0,0,0,0,0,16625,192.57
04/2026,2,NORDESTE,NE,29,BAHIA,BAHIA,BA,290710,CARINHANHA,CARINHANHA,3,2025,DOU,30439,9,1,0,0,0,0,0,0,0,0,0,0,34125,112.1
04/2026,2,NORDESTE,NE,29,BAHIA,BAHIA,BA,290720,CASA NOVA,CASA NOVA,1,2025,DOU,76131,18,1,0,0,0,1,60,0,0,0,0,60,65685,86.27
04/2026,2,NORDESTE,NE,29,BAHIA,BAHIA,BA,290730,CASTRO ALVES,CASTRO ALVES,2,2025,DOU,25470,11,0,0,0,0,0,0,0,0,0,0,0,38500,151.15
04/2026,2,NORDESTE,NE,29,BAHIA,BAHIA,BA,290740,CATOLANDIA,CATOLÂNDIA,3,2025,DOU,3567,2,0,0,0,0,0,0,0,0,0,0,0,7000,196.24
04/2026,2,NORDESTE,NE,29,BAHIA,BAHIA,BA,290750,CATU,CATU,1,2025,DOU,50109,15,0,0,0,0,0,0,0,0,0,0,0,52500,104.77
04/2026,2,NORDESTE,NE,29,BAHIA,BAHIA,BA,290755,CATURAMA,CATURAMA,5,2025,DOU,9108,4,0,0,0,0,0,0,0,0,0,0,0,14000,153.71
04/2026,2,NORDESTE,NE,29,BAHIA,BAHIA,BA,290760,CENTRAL,CENTRAL,3,2025,DOU,16847,6,0,0,0,0,0,0,0,0,0,0,0,21000,124.65
04/2026,2,NORDESTE,NE,29,BAHIA,BAHIA,BA,290770,CHORROCHO,CHORROCHÓ,5,2025,DOU,10933,4,0,0,0,0,0,0,0,0,0,0,0,14000,128.05
04/2026,2,NORDESTE,NE,29,BAHIA,BAHIA,BA,290780,CICERO DANTAS,CÍCERO DANTAS,2,2025,DOU,32292,10,0,0,0,0,0,0,0,0,0,0,0,35000,108.38
04/2026,2,NORDESTE,NE,29,BAHIA,BAHIA,BA,290790,CIPO,CIPÓ,2,2025,DOU,17875,8,0,0,0,0,0,0,0,0,0,0,0,28000,156.64
04/2026,2,NORDESTE,NE,29,BAHIA,BAHIA,BA,290800,COARACI,COARACI,1,2025,DOU,17557,8,0,0,0,0,0,0,0,0,0,0,0,28000,159.48
04/2026,2,NORDESTE,NE,29,BAHIA,BAHIA,BA,290810,COCOS,COCOS,5,2025,DOU,19865,9,0,0,0,0,0,0,0,0,0,0,0,31500,158.57
04/2026,2,NORDESTE,NE,29,BAHIA,BAHIA,BA,290820,CONCEICAO DA FEIRA,CONCEIÇÃO DA FEIRA,2,2025,DOU,21529,8,0,0,0,0,0,0,0,0,0,0,0,28000,130.05
04/2026,2,NORDESTE,NE,29,BAHIA,BAHIA,BA,290830,CONCEICAO DO ALMEIDA,CONCEIÇÃO DO ALMEIDA,3,2025,DOU,16134,6,0,0,0,0,0,0,0,0,0,0,0,21000,130.15
04/2026,2,NORDESTE,NE,29,BAHIA,BAHIA,BA,290840,CONCEICAO DO COITE,CONCEIÇÃO DO COITÉ,1,2025,DOU,71601,21,0,0,0,0,1,29,0,0,0,0,29,73529,102.69
04/2026,2,NORDESTE,NE,29,BAHIA,BAHIA,BA,290850,CONCEICAO DO JACUIPE,CONCEIÇÃO DO JACUÍPE,1,2025,DOU,37622,17,0,0,0,0,0,0,0,0,0,0,0,59500,158.15
04/2026,2,NORDESTE,NE,29,BAHIA,BAHIA,BA,290860,CONDE,CONDE,3,2025,DOU,24460,9,0,0,0,0,0,0,0,0,0,0,0,31500,128.78
04/2026,2,NORDESTE,NE,29,BAHIA,BAHIA,BA,290870,CONDEUBA,CONDEÚBA,3,2025,DOU,17567,9,0,0,0,0,0,0,0,0,0,0,0,31500,179.31
04/2026,2,NORDESTE,NE,29,BAHIA,BAHIA,BA,290880,CONTENDAS DO SINCORA,CONTENDAS DO SINCORÁ,3,2025,DOU,4499,2,0,0,0,0,0,0,0,0,0,0,0,7000,155.59
04/2026,2,NORDESTE,NE,29,BAHIA,BAHIA,BA,290890,CORACAO DE MARIA,CORAÇÃO DE MARIA,3,2025,DOU,28408,9,1,0,0,0,0,0,0,0,0,0,0,34125,120.12
04/2026,2,NORDESTE,NE,29,BAHIA,BAHIA,BA,290900,CORDEIROS,CORDEIROS,3,2025,DOU,7748,4,0,0,0,0,0,0,0,0,0,0,0,14000,180.69
04/2026,2,NORDESTE,NE,29,BAHIA,BAHIA,BA,290910,CORIBE,CORIBE,5,2025,DOU,14463,7,0,0,0,0,0,0,0,0,0,0,0,24500,169.39
04/2026,2,NORDESTE,NE,29,BAHIA,BAHIA,BA,290920,CORONEL JOAO SA,CORONEL JOÃO SÁ,3,2025,DOU,17598,6,0,0,0,0,0,0,0,0,0,0,0,21000,119.33
04/2026,2,NORDESTE,NE,29,BAHIA,BAHIA,BA,290930,CORRENTINA,CORRENTINA,3,2025,DOU,34266,13,1,0,0,0,0,0,0,0,0,0,0,48125,140.44
04/2026,2,NORDESTE,NE,29,BAHIA,BAHIA,BA,290940,COTEGIPE,COTEGIPE,3,2025,DOU,13463,6,0,0,0,0,0,0,0,0,0,0,0,21000,155.98
04/2026,2,NORDESTE,NE,29,BAHIA,BAHIA,BA,290950,CRAVOLANDIA,CRAVOLÂNDIA,3,2025,DOU,4491,3,0,0,0,0,0,0,0,0,0,0,0,10500,233.8
04/2026,2,NORDESTE,NE,29,BAHIA,BAHIA,BA,290960,CRISOPOLIS,CRISÓPOLIS,3,2025,DOU,20346,8,0,0,0,0,0,0,0,0,0,0,0,28000,137.61
04/2026,2,NORDESTE,NE,29,BAHIA,BAHIA,BA,290970,CRISTOPOLIS,CRISTÓPOLIS,3,2025,DOU,14549,7,0,0,0,0,0,0,0,0,0,0,0,24500,168.39
04/2026,2,NORDESTE,NE,29,BAHIA,BAHIA,BA,290980,CRUZ DAS ALMAS,CRUZ DAS ALMAS,1,2025,DOU,63326,17,5,0,0,0,0,0,0,0,0,0,0,72625,114.68
04/2026,2,NORDESTE,NE,29,BAHIA,BAHIA,BA,290990,CURACA,CURAÇÁ,3,2025,DOU,36127,14,0,0,0,0,0,0,0,0,0,0,0,49000,135.63
04/2026,2,NORDESTE,NE,29,BAHIA,BAHIA,BA,291000,DARIO MEIRA,DÁRIO MEIRA,3,2025,DOU,11054,6,0,0,0,0,0,0,0,0,0,0,0,21000,189.97
04/2026,2,NORDESTE,NE,29,BAHIA,BAHIA,BA,291005,DIAS D'AVILA,DIAS D'ÁVILA,1,2025,DOU,75296,20,0,0,0,0,0,0,0,0,0,0,0,70000,92.96
04/2026,2,NORDESTE,NE,29,BAHIA,BAHIA,BA,291010,DOM BASILIO,DOM BASÍLIO,3,2025,DOU,12329,5,0,0,0,0,0,0,0,0,0,0,0,17500,141.94
04/2026,2,NORDESTE,NE,29,BAHIA,BAHIA,BA,291020,DOM MACEDO COSTA,DOM MACEDO COSTA,3,2025,DOU,4608,2,0,0,0,0,0,0,0,0,0,0,0,7000,151.9
04/2026,2,NORDESTE,NE,29,BAHIA,BAHIA,BA,291030,ELISIO MEDRADO,ELÍSIO MEDRADO,3,2025,DOU,8069,4,0,0,0,0,0,0,0,0,0,0,0,14000,173.5
04/2026,2,NORDESTE,NE,29,BAHIA,BAHIA,BA,291040,ENCRUZILHADA,ENCRUZILHADA,2,2025,DOU,19450,8,0,0,0,0,0,0,0,0,0,0,0,28000,143.95
04/2026,2,NORDESTE,NE,29,BAHIA,BAHIA,BA,291050,ENTRE RIOS,ENTRE RIOS,2,2025,DOU,39890,13,4,0,0,0,1,0,0,0,0,0,0,56000,140.38
04/2026,2,NORDESTE,NE,29,BAHIA,BAHIA,BA,290050,ERICO CARDOSO,ÉRICO CARDOSO,3,2025,DOU,10947,5,0,0,0,0,0,0,0,0,0,0,0,17500,159.86
04/2026,2,NORDESTE,NE,29,BAHIA,BAHIA,BA,291060,ESPLANADA,ESPLANADA,2,2025,DOU,34163,12,0,0,0,0,0,0,0,0,0,0,0,42000,122.94
04/2026,2,NORDESTE,NE,29,BAHIA,BAHIA,BA,291070,EUCLIDES DA CUNHA,EUCLIDES DA CUNHA,3,2025,DOU,64768,24,0,0,0,0,0,0,0,0,0,0,0,84000,129.69
04/2026,2,NORDESTE,NE,29,BAHIA,BAHIA,BA,291072,EUNAPOLIS,EUNÁPOLIS,1,2025,DOU,121067,36,1,0,0,0,1,66,1,0,0,0,66,128691,106.29
04/2026,2,NORDESTE,NE,29,BAHIA,BAHIA,BA,291075,FATIMA,FÁTIMA,3,2025,DOU,18480,8,0,0,0,0,0,0,0,0,0,0,0,28000,151.51
04/2026,2,NORDESTE,NE,29,BAHIA,BAHIA,BA,291077,FEIRA DA MATA,FEIRA DA MATA,5,2025,DOU,5831,3,0,0,0,0,0,0,0,0,0,0,0,10500,180.07
04/2026,2,NORDESTE,NE,29,BAHIA,BAHIA,BA,291080,FEIRA DE SANTANA,FEIRA DE SANTANA,1,2025,DOU,660806,133,17,0,0,0,1,522,4,0,0,0,522,510647,77.27
04/2026,2,NORDESTE,NE,29,BAHIA,BAHIA,BA,291085,FILADELFIA,FILADÉLFIA,3,2025,DOU,18637,8,0,0,0,0,0,0,0,0,0,0,0,28000,150.23
04/2026,2,NORDESTE,NE,29,BAHIA,BAHIA,BA,291090,FIRMINO ALVES,FIRMINO ALVES,3,2025,DOU,4993,3,0,0,0,0,0,0,0,0,0,0,0,10500,210.29
04/2026,2,NORDESTE,NE,29,BAHIA,BAHIA,BA,291100,FLORESTA AZUL,FLORESTA AZUL,3,2025,DOU,11455,5,0,0,0,0,0,0,0,0,0,0,0,17500,152.77
04/2026,2,NORDESTE,NE,29,BAHIA,BAHIA,BA,291110,FORMOSA DO RIO PRETO,FORMOSA DO RIO PRETO,2,2025,DOU,27567,11,0,0,0,0,0,0,0,0,0,0,0,38500,139.65
04/2026,2,NORDESTE,NE,29,BAHIA,BAHIA,BA,291120,GANDU,GANDU,1,2025,DOU,34051,12,0,0,0,0,0,0,0,0,0,0,0,42000,123.34
04/2026,2,NORDESTE,NE,29,BAHIA,BAHIA,BA,291125,GAVIAO,GAVIÃO,3,2025,DOU,4489,2,0,0,0,0,0,0,0,0,0,0,0,7000,155.93
04/2026,2,NORDESTE,NE,29,BAHIA,BAHIA,BA,291130,GENTIO DO OURO,GENTIO DO OURO,3,2025,DOU,11276,4,0,0,0,0,0,0,0,0,0,0,0,14000,124.15
04/2026,2,NORDESTE,NE,29,BAHIA,BAHIA,BA,291140,GLORIA,GLÓRIA,3,2025,DOU,16107,5,0,0,0,0,0,0,0,0,0,0,0,17500,108.64
04/2026,2,NORDESTE,NE,29,BAHIA,BAHIA,BA,291150,GONGOGI,GONGOGI,3,2025,DOU,5479,5,0,0,0,0,0,0,0,0,0,0,0,17500,319.4
04/2026,2,NORDESTE,NE,29,BAHIA,BAHIA,BA,291160,GOVERNADOR MANGABEIRA,GOVERNADOR MANGABEIRA,1,2025,DOU,21353,9,0,0,0,0,0,0,0,0,0,0,0,31500,147.52
04/2026,2,NORDESTE,NE,29,BAHIA,BAHIA,BA,291165,GUAJERU,GUAJERU,3,2025,DOU,8177,5,0,0,0,0,0,0,0,0,0,0,0,17500,214.01
04/2026,2,NORDESTE,NE,29,BAHIA,BAHIA,BA,291170,GUANAMBI,GUANAMBI,1,2025,DOU,93488,30,2,0,0,0,0,0,0,0,0,0,0,110250,117.92
04/2026,2,NORDESTE,NE,29,BAHIA,BAHIA,BA,291180,GUARATINGA,GUARATINGA,3,2025,DOU,19413,8,0,0,0,0,0,0,0,0,0,0,0,28000,144.23
04/2026,2,NORDESTE,NE,29,BAHIA,BAHIA,BA,291185,HELIOPOLIS,HELIÓPOLIS,3,2025,DOU,13055,5,0,0,0,0,0,0,0,0,0,0,0,17500,134.04
04/2026,2,NORDESTE,NE,29,BAHIA,BAHIA,BA,291190,IACU,IAÇU,2,2025,DOU,25315,12,0,0,0,0,0,0,0,0,0,0,0,42000,165.9
04/2026,2,NORDESTE,NE,29,BAHIA,BAHIA,BA,291200,IBIASSUCE,IBIASSUCÊ,3,2025,DOU,10746,5,0,0,0,0,0,0,0,0,0,0,0,17500,162.85
04/2026,2,NORDESTE,NE,29,BAHIA,BAHIA,BA,291210,IBICARAI,IBICARAÍ,2,2025,DOU,22131,11,0,0,0,0,0,0,0,0,0,0,0,38500,173.96
04/2026,2,NORDESTE,NE,29,BAHIA,BAHIA,BA,291220,IBICOARA,IBICOARA,3,2025,DOU,21827,10,0,0,0,0,0,0,0,0,0,0,0,35000,160.35
04/2026,2,NORDESTE,NE,29,BAHIA,BAHIA,BA,291230,IBICUI,IBICUÍ,3,2025,DOU,14264,8,0,0,0,0,0,0,0,0,0,0,0,28000,196.29
04/2026,2,NORDESTE,NE,29,BAHIA,BAHIA,BA,291240,IBIPEBA,IBIPEBA,3,2025,DOU,17134,7,0,0,0,0,0,0,0,0,0,0,0,24500,142.99
04/2026,2,NORDESTE,NE,29,BAHIA,BAHIA,BA,291250,IBIPITANGA,IBIPITANGA,5,2025,DOU,14317,6,0,0,0,0,0,0,0,0,0,0,0,21000,146.67
04/2026,2,NORDESTE,NE,29,BAHIA,BAHIA,BA,291260,IBIQUERA,IBIQUERA,3,2025,DOU,3833,2,0,0,0,0,0,0,0,0,0,0,0,7000,182.62
04/2026,2,NORDESTE,NE,29,BAHIA,BAHIA,BA,291270,IBIRAPITANGA,IBIRAPITANGA,2,2025,DOU,26917,8,0,0,0,0,0,0,0,0,0,0,0,28000,104.02
04/2026,2,NORDESTE,NE,29,BAHIA,BAHIA,BA,291280,IBIRAPUA,IBIRAPUÃ,3,2025,DOU,9297,4,0,0,0,0,0,0,0,0,0,0,0,14000,150.58
04/2026,2,NORDESTE,NE,29,BAHIA,BAHIA,BA,291290,IBIRATAIA,IBIRATAIA,2,2025,DOU,19377,7,0,0,0,0,0,0,0,0,0,0,0,24500,126.43
04/2026,2,NORDESTE,NE,29,BAHIA,BAHIA,BA,291300,IBITIARA,IBITIARA,5,2025,DOU,15049,7,0,0,0,0,0,0,0,0,0,0,0,24500,162.8
04/2026,2,NORDESTE,NE,29,BAHIA,BAHIA,BA,291310,IBITITA,IBITITÁ,3,2025,DOU,17517,6,0,0,0,0,0,0,0,0,0,0,0,21000,119.88
04/2026,2,NORDESTE,NE,29,BAHIA,BAHIA,BA,291320,IBOTIRAMA,IBOTIRAMA,4,2025,DOU,27723,11,0,0,0,0,0,0,0,0,0,0,0,38500,138.87
04/2026,2,NORDESTE,NE,29,BAHIA,BAHIA,BA,291330,ICHU,ICHU,3,2025,DOU,6428,3,0,0,0,0,0,0,0,0,0,0,0,10500,163.34
04/2026,2,NORDESTE,NE,29,BAHIA,BAHIA,BA,291340,IGAPORA,IGAPORÃ,3,2025,DOU,16069,7,0,0,0,0,0,0,0,0,0,0,0,24500,152.46
04/2026,2,NORDESTE,NE,29,BAHIA,BAHIA,BA,291345,IGRAPIUNA,IGRAPIÚNA,3,2025,DOU,13501,7,0,0,0,0,0,0,0,0,0,0,0,24500,181.46
04/2026,2,NORDESTE,NE,29,BAHIA,BAHIA,BA,291350,IGUAI,IGUAÍ,2,2025,DOU,21763,8,0,0,0,0,0,0,0,0,0,0,0,28000,128.65
04/2026,2,NORDESTE,NE,29,BAHIA,BAHIA,BA,291360,ILHEUS,ILHÉUS,1,2025,DOU,189149,31,24,0,0,0,3,104,1,0,0,0,104,171604,90.72
04/2026,2,NORDESTE,NE,29,BAHIA,BAHIA,BA,291370,INHAMBUPE,INHAMBUPE,3,2025,DOU,35390,16,1,0,0,0,0,0,0,0,0,0,0,58625,165.65
04/2026,2,NORDESTE,NE,29,BAHIA,BAHIA,BA,291380,IPECAETA,IPECAETÁ,3,2025,DOU,14016,6,0,0,0,0,0,0,0,0,0,0,0,21000,149.82
04/2026,2,NORDESTE,NE,29,BAHIA,BAHIA,BA,291390,IPIAU,IPIAÚ,1,2025,DOU,42429,15,0,0,0,0,0,0,0,0,0,0,0,52500,123.73
04/2026,2,NORDESTE,NE,29,BAHIA,BAHIA,BA,291400,IPIRA,IPIRÁ,2,2025,DOU,59222,16,0,0,0,0,0,0,0,0,0,0,0,56000,94.55
04/2026,2,NORDESTE,NE,29,BAHIA,BAHIA,BA,291410,IPUPIARA,IPUPIARA,5,2025,DOU,10349,5,0,0,0,0,0,0,0,0,0,0,0,17500,169.09
04/2026,2,NORDESTE,NE,29,BAHIA,BAHIA,BA,291420,IRAJUBA,IRAJUBA,3,2025,DOU,6232,4,0,0,0,0,0,0,0,0,0,0,0,14000,224.64
04/2026,2,NORDESTE,NE,29,BAHIA,BAHIA,BA,291430,IRAMAIA,IRAMAIA,3,2025,DOU,11038,5,0,0,0,0,0,0,0,0,0,0,0,17500,158.54
04/2026,2,NORDESTE,NE,29,BAHIA,BAHIA,BA,291440,IRAQUARA,IRAQUARA,3,2025,DOU,24833,9,0,0,0,0,0,0,0,0,0,0,0,31500,126.84
04/2026,2,NORDESTE,NE,29,BAHIA,BAHIA,BA,291450,IRARA,IRARÁ,3,2025,DOU,29572,10,0,0,0,0,0,0,0,0,0,0,0,35000,118.35
04/2026,2,NORDESTE,NE,29,BAHIA,BAHIA,BA,291460,IRECE,IRECÊ,1,2025,DOU,78781,23,0,0,0,0,0,0,0,0,0,0,0,80500,102.18
04/2026,2,NORDESTE,NE,29,BAHIA,BAHIA,BA,291465,ITABELA,ITABELA,1,2025,DOU,29588,12,0,0,0,0,0,0,0,0,0,0,0,42000,141.94
04/2026,2,NORDESTE,NE,29,BAHIA,BAHIA,BA,291470,ITABERABA,ITABERABA,1,2025,DOU,68425,22,0,0,0,0,0,0,0,0,0,0,0,77000,112.53
04/2026,2,NORDESTE,NE,29,BAHIA,BAHIA,BA,291480,ITABUNA,ITABUNA,1,2025,DOU,196344,53,0,0,0,0,1,113,1,0,0,0,113,185613,94.53
04/2026,2,NORDESTE,NE,29,BAHIA,BAHIA,BA,291490,ITACARE,ITACARÉ,3,2025,DOU,29496,12,1,0,0,0,0,0,0,0,0,0,0,44625,151.29
04/2026,2,NORDESTE,NE,29,BAHIA,BAHIA,BA,291500,ITAETE,ITAETÉ,3,2025,DOU,13775,7,0,0,0,0,0,0,0,0,0,0,0,24500,177.85
04/2026,2,NORDESTE,NE,29,BAHIA,BAHIA,BA,291510,ITAGI,ITAGI,2,2025,DOU,14347,5,0,0,0,0,0,0,0,0,0,0,0,17500,121.97
04/2026,2,NORDESTE,NE,29,BAHIA,BAHIA,BA,291520,ITAGIBA,ITAGIBÁ,2,2025,DOU,15796,6,0,0,0,0,0,0,0,0,0,0,0,21000,132.94
04/2026,2,NORDESTE,NE,29,BAHIA,BAHIA,BA,291530,ITAGIMIRIM,ITAGIMIRIM,2,2025,DOU,6490,3,0,0,0,0,0,0,0,0,0,0,0,10500,161.78
04/2026,2,NORDESTE,NE,29,BAHIA,BAHIA,BA,291535,ITAGUACU DA BAHIA,ITAGUAÇU DA BAHIA,3,2025,DOU,12669,6,1,0,0,0,0,0,0,0,0,0,0,23625,186.47
04/2026,2,NORDESTE,NE,29,BAHIA,BAHIA,BA,291540,ITAJU DO COLONIA,ITAJU DO COLÔNIA,3,2025,DOU,6118,3,0,0,0,0,0,0,0,0,0,0,0,10500,171.62
04/2026,2,NORDESTE,NE,29,BAHIA,BAHIA,BA,291550,ITAJUIPE,ITAJUÍPE,2,2025,DOU,19191,7,1,0,0,0,0,0,0,0,0,0,0,27125,141.34
04/2026,2,NORDESTE,NE,29,BAHIA,BAHIA,BA,291560,ITAMARAJU,ITAMARAJU,1,2025,DOU,61999,24,0,0,0,0,0,0,0,0,0,0,0,84000,135.48
04/2026,2,NORDESTE,NE,29,BAHIA,BAHIA,BA,291570,ITAMARI,ITAMARI,2,2025,DOU,7187,3,0,0,0,0,0,0,0,0,0,0,0,10500,146.09
04/2026,2,NORDESTE,NE,29,BAHIA,BAHIA,BA,291580,ITAMBE,ITAMBÉ,1,2025,DOU,25088,8,0,0,0,0,0,0,0,0,0,0,0,28000,111.6
04/2026,2,NORDESTE,NE,29,BAHIA,BAHIA,BA,291590,ITANAGRA,ITANAGRA,3,2025,DOU,6078,3,0,0,0,0,0,0,0,0,0,0,0,10500,172.75
04/2026,2,NORDESTE,NE,29,BAHIA,BAHIA,BA,291600,ITANHEM,ITANHÉM,2,2025,DOU,18203,8,0,0,0,0,0,0,0,0,0,0,0,28000,153.82
04/2026,2,NORDESTE,NE,29,BAHIA,BAHIA,BA,291610,ITAPARICA,ITAPARICA,1,2025,DOU,20353,9,0,0,0,0,0,0,0,0,0,0,0,31500,154.76
04/2026,2,NORDESTE,NE,29,BAHIA,BAHIA,BA,291620,ITAPE,ITAPÉ,3,2025,DOU,10649,5,0,0,0,0,0,0,0,0,0,0,0,17500,164.33
04/2026,2,NORDESTE,NE,29,BAHIA,BAHIA,BA,291630,ITAPEBI,ITAPEBI,3,2025,DOU,9464,5,0,0,0,0,0,0,0,0,0,0,0,17500,184.91
04/2026,2,NORDESTE,NE,29,BAHIA,BAHIA,BA,291640,ITAPETINGA,ITAPETINGA,1,2025,DOU,68724,19,3,0,0,0,0,0,0,0,0,0,0,74375,108.22
04/2026,2,NORDESTE,NE,29,BAHIA,BAHIA,BA,291650,ITAPICURU,ITAPICURU,3,2025,DOU,33284,13,0,0,0,0,0,0,0,0,0,0,0,45500,136.7
04/2026,2,NORDESTE,NE,29,BAHIA,BAHIA,BA,291660,ITAPITANGA,ITAPITANGA,2,2025,DOU,10640,4,0,0,0,0,0,0,0,0,0,0,0,14000,131.57
04/2026,2,NORDESTE,NE,29,BAHIA,BAHIA,BA,291670,ITAQUARA,ITAQUARA,3,2025,DOU,8464,4,0,0,0,0,0,0,0,0,0,0,0,14000,165.4
04/2026,2,NORDESTE,NE,29,BAHIA,BAHIA,BA,291680,ITARANTIM,ITARANTIM,1,2025,DOU,17485,9,0,0,0,0,0,0,0,0,0,0,0,31500,180.15
04/2026,2,NORDESTE,NE,29,BAHIA,BAHIA,BA,291685,ITATIM,ITATIM,2,2025,DOU,16454,7,0,0,0,0,0,0,0,0,0,0,0,24500,148.89
04/2026,2,NORDESTE,NE,29,BAHIA,BAHIA,BA,291690,ITIRUCU,ITIRUÇU,2,2025,DOU,11211,5,0,0,0,0,0,0,0,0,0,0,0,17500,156.09
04/2026,2,NORDESTE,NE,29,BAHIA,BAHIA,BA,291700,ITIUBA,ITIÚBA,3,2025,DOU,35490,13,0,0,0,0,0,0,0,0,0,0,0,45500,128.2
04/2026,2,NORDESTE,NE,29,BAHIA,BAHIA,BA,291710,ITORORO,ITORORÓ,1,2025,DOU,16849,7,0,0,0,0,0,0,0,0,0,0,0,24500,145.4
04/2026,2,NORDESTE,NE,29,BAHIA,BAHIA,BA,291720,ITUACU,ITUAÇU,3,2025,DOU,18506,10,0,0,0,0,0,0,0,0,0,0,0,35000,189.12
04/2026,2,NORDESTE,NE,29,BAHIA,BAHIA,BA,291730,ITUBERA,ITUBERÁ,2,2025,DOU,22154,11,0,0,0,0,0,0,0,0,0,0,0,38500,173.78
04/2026,2,NORDESTE,NE,29,BAHIA,BAHIA,BA,291733,IUIU,IUIÚ,3,2025,DOU,11559,4,0,0,0,0,0,0,0,0,0,0,0,14000,121.11
04/2026,2,NORDESTE,NE,29,BAHIA,BAHIA,BA,291735,JABORANDI,JABORANDI,3,2025,DOU,9600,4,0,0,0,0,0,0,0,0,0,0,0,14000,145.83
04/2026,2,NORDESTE,NE,29,BAHIA,BAHIA,BA,291740,JACARACI,JACARACI,3,2025,DOU,14910,7,0,0,0,0,0,0,0,0,0,0,0,24500,164.31
04/2026,2,NORDESTE,NE,29,BAHIA,BAHIA,BA,291750,JACOBINA,JACOBINA,1,2025,DOU,86896,29,0,0,0,0,0,0,0,0,0,0,0,101500,116.8
04/2026,2,NORDESTE,NE,29,BAHIA,BAHIA,BA,291760,JAGUAQUARA,JAGUAQUARA,1,2025,DOU,47624,18,0,0,0,0,0,0,0,0,0,0,0,63000,132.28
04/2026,2,NORDESTE,NE,29,BAHIA,BAHIA,BA,291770,JAGUARARI,JAGUARARI,3,2025,DOU,34528,12,0,0,0,0,0,0,0,0,0,0,0,42000,121.64
04/2026,2,NORDESTE,NE,29,BAHIA,BAHIA,BA,291780,JAGUARIPE,JAGUARIPE,3,2025,DOU,18349,8,0,0,0,0,0,0,0,0,0,0,0,28000,152.59
04/2026,2,NORDESTE,NE,29,BAHIA,BAHIA,BA,291790,JANDAIRA,JANDAÍRA,3,2025,DOU,9508,4,0,0,0,0,0,0,0,0,0,0,0,14000,147.24
04/2026,2,NORDESTE,NE,29,BAHIA,BAHIA,BA,291800,JEQUIE,JEQUIÉ,1,2025,DOU,169201,45,5,5,0,0,1,20,0,0,1,874,894,180269,106.54
04/2026,2,NORDESTE,NE,29,BAHIA,BAHIA,BA,291810,JEREMOABO,JEREMOABO,3,2025,DOU,39539,14,0,0,0,0,0,0,0,0,0,0,0,49000,123.92
04/2026,2,NORDESTE,NE,29,BAHIA,BAHIA,BA,291820,JIQUIRICA,JIQUIRIÇÁ,3,2025,DOU,14063,7,0,0,0,0,0,0,0,0,0,0,0,24500,174.21
04/2026,2,NORDESTE,NE,29,BAHIA,BAHIA,BA,291830,JITAUNA,JITAÚNA,3,2025,DOU,14824,6,0,0,0,0,0,0,0,0,0,0,0,21000,141.66
04/2026,2,NORDESTE,NE,29,BAHIA,BAHIA,BA,291835,JOAO DOURADO,JOÃO DOURADO,2,2025,DOU,25892,8,0,0,0,0,0,0,0,0,0,0,0,28000,108.14
04/2026,2,NORDESTE,NE,29,BAHIA,BAHIA,BA,291840,JUAZEIRO,JUAZEIRO,1,2025,DOU,256122,64,5,0,0,0,1,234,1,0,0,0,234,237359,92.67
04/2026,2,NORDESTE,NE,29,BAHIA,BAHIA,BA,291845,JUCURUCU,JUCURUÇU,3,2025,DOU,9930,5,0,0,0,0,0,0,0,0,0,0,0,17500,176.23
04/2026,2,NORDESTE,NE,29,BAHIA,BAHIA,BA,291850,JUSSARA,JUSSARA,3,2025,DOU,17007,6,0,0,0,0,0,0,0,0,0,0,0,21000,123.47
04/2026,2,NORDESTE,NE,29,BAHIA,BAHIA,BA,291855,JUSSARI,JUSSARI,3,2025,DOU,6048,3,0,0,0,0,0,0,0,0,0,0,0,10500,173.61
04/2026,2,NORDESTE,NE,29,BAHIA,BAHIA,BA,291860,JUSSIAPE,JUSSIAPE,3,2025,DOU,7567,4,0,0,0,0,0,0,0,0,0,0,0,14000,185.01
04/2026,2,NORDESTE,NE,29,BAHIA,BAHIA,BA,291870,LAFAIETE COUTINHO,LAFAIETE COUTINHO,3,2025,DOU,4228,2,0,0,0,0,0,0,0,0,0,0,0,7000,165.56
04/2026,2,NORDESTE,NE,29,BAHIA,BAHIA,BA,291875,LAGOA REAL,LAGOA REAL,3,2025,DOU,14550,6,0,0,0,0,0,0,0,0,0,0,0,21000,144.32
04/2026,2,NORDESTE,NE,29,BAHIA,BAHIA,BA,291880,LAJE,LAJE,3,2025,DOU,21705,9,0,0,0,0,0,0,0,0,0,0,0,31500,145.12
04/2026,2,NORDESTE,NE,29,BAHIA,BAHIA,BA,291890,LAJEDAO,LAJEDÃO,3,2025,DOU,3994,3,0,0,0,0,0,0,0,0,0,0,0,10500,262.89
04/2026,2,NORDESTE,NE,29,BAHIA,BAHIA,BA,291900,LAJEDINHO,LAJEDINHO,3,2025,DOU,3610,1,0,0,0,0,0,0,0,0,0,0,0,3500,96.95
04/2026,2,NORDESTE,NE,29,BAHIA,BAHIA,BA,291905,LAJEDO DO TABOCAL,LAJEDO DO TABOCAL,3,2025,DOU,7683,4,0,0,0,0,0,0,0,0,0,0,0,14000,182.22
04/2026,2,NORDESTE,NE,29,BAHIA,BAHIA,BA,291910,LAMARAO,LAMARÃO,3,2025,DOU,9303,5,0,0,0,0,0,0,0,0,0,0,0,17500,188.11
04/2026,2,NORDESTE,NE,29,BAHIA,BAHIA,BA,291915,LAPAO,LAPÃO,2,2025,DOU,27014,12,0,0,0,0,0,0,0,0,0,0,0,42000,155.47
04/2026,2,NORDESTE,NE,29,BAHIA,BAHIA,BA,291920,LAURO DE FREITAS,LAURO DE FREITAS,1,2025,DOU,219564,42,2,0,0,0,1,291,2,720,0,0,1011,153261,69.8
04/2026,2,NORDESTE,NE,29,BAHIA,BAHIA,BA,291930,LENCOIS,LENÇÓIS,3,2025,DOU,11194,5,0,0,0,0,0,0,0,0,0,0,0,17500,156.33
04/2026,2,NORDESTE,NE,29,BAHIA,BAHIA,BA,291940,LICINIO DE ALMEIDA,LICÍNIO DE ALMEIDA,3,2025,DOU,12202,6,0,0,0,0,0,0,0,0,0,0,0,21000,172.1
04/2026,2,NORDESTE,NE,29,BAHIA,BAHIA,BA,291950,LIVRAMENTO DE NOSSA SENHORA,LIVRAMENTO DE NOSSA SENHORA,3,2025,DOU,46376,14,0,0,0,0,0,0,0,0,0,0,0,49000,105.65
04/2026,2,NORDESTE,NE,29,BAHIA,BAHIA,BA,291955,LUIS EDUARDO MAGALHAES,LUÍS EDUARDO MAGALHÃES,1,2025,DOU,118382,28,0,0,0,0,1,200,0,0,0,0,200,98200,82.95
04/2026,2,NORDESTE,NE,29,BAHIA,BAHIA,BA,291960,MACAJUBA,MACAJUBA,3,2025,DOU,10740,4,0,0,0,0,0,0,0,0,0,0,0,14000,130.35
04/2026,2,NORDESTE,NE,29,BAHIA,BAHIA,BA,291970,MACARANI,MACARANI,1,2025,DOU,22768,5,1,0,0,0,0,0,0,0,0,0,0,20125,88.39
04/2026,2,NORDESTE,NE,29,BAHIA,BAHIA,BA,291980,MACAUBAS,MACAÚBAS,5,2025,DOU,43653,16,0,0,0,0,0,0,0,0,0,0,0,56000,128.28
04/2026,2,NORDESTE,NE,29,BAHIA,BAHIA,BA,291990,MACURURE,MACURURÉ,5,2025,DOU,7435,4,0,0,0,0,0,0,0,0,0,0,0,14000,188.29
04/2026,2,NORDESTE,NE,29,BAHIA,BAHIA,BA,291992,MADRE DE DEUS,MADRE DE DEUS,1,2025,DOU,19224,6,1,0,0,0,0,0,0,0,0,0,0,23625,122.89
04/2026,2,NORDESTE,NE,29,BAHIA,BAHIA,BA,291995,MAETINGA,MAETINGA,3,2025,DOU,7218,5,0,0,0,0,0,0,0,0,0,0,0,17500,242.44
04/2026,2,NORDESTE,NE,29,BAHIA,BAHIA,BA,292000,MAIQUINIQUE,MAIQUINIQUE,3,2025,DOU,9009,5,0,0,0,0,0,0,0,0,0,0,0,17500,194.25
04/2026,2,NORDESTE,NE,29,BAHIA,BAHIA,BA,292010,MAIRI,MAIRI,3,2025,DOU,18130,7,2,0,0,0,0,0,0,0,0,0,0,29750,164.09
04/2026,2,NORDESTE,NE,29,BAHIA,BAHIA,BA,292020,MALHADA,MALHADA,3,2025,DOU,15814,7,0,0,0,0,0,0,0,0,0,0,0,24500,154.92
04/2026,2,NORDESTE,NE,29,BAHIA,BAHIA,BA,292030,MALHADA DE PEDRAS,MALHADA DE PEDRAS,3,2025,DOU,8982,4,0,0,0,0,0,0,0,0,0,0,0,14000,155.86
04/2026,2,NORDESTE,NE,29,BAHIA,BAHIA,BA,292040,MANOEL VITORINO,MANOEL VITORINO,3,2025,DOU,14287,6,0,0,0,0,0,0,0,0,0,0,0,21000,146.98
04/2026,2,NORDESTE,NE,29,BAHIA,BAHIA,BA,292045,MANSIDAO,MANSIDÃO,5,2025,DOU,14542,7,0,0,0,0,0,0,0,0,0,0,0,24500,168.47
04/2026,2,NORDESTE,NE,29,BAHIA,BAHIA,BA,292050,MARACAS,MARACÁS,2,2025,DOU,29330,7,0,0,0,0,0,0,0,0,0,0,0,24500,83.53
04/2026,2,NORDESTE,NE,29,BAHIA,BAHIA,BA,292060,MARAGOGIPE,MARAGOGIPE,2,2025,DOU,37041,14,0,0,0,0,0,0,0,0,0,0,0,49000,132.28
04/2026,2,NORDESTE,NE,29,BAHIA,BAHIA,BA,292070,MARAU,MARAÚ,3,2025,DOU,25804,10,0,0,0,0,0,0,0,0,0,0,0,35000,135.63
04/2026,2,NORDESTE,NE,29,BAHIA,BAHIA,BA,292080,MARCIONILIO SOUZA,MARCIONÍLIO SOUZA,3,2025,DOU,9475,5,0,0,0,0,0,0,0,0,0,0,0,17500,184.69
04/2026,2,NORDESTE,NE,29,BAHIA,BAHIA,BA,292090,MASCOTE,MASCOTE,3,2025,DOU,13918,7,0,0,0,0,0,0,0,0,0,0,0,24500,176.03
04/2026,2,NORDESTE,NE,29,BAHIA,BAHIA,BA,292100,MATA DE SAO JOAO,MATA DE SÃO JOÃO,1,2025,DOU,44962,18,0,0,0,0,0,0,0,0,0,0,0,63000,140.11
04/2026,2,NORDESTE,NE,29,BAHIA,BAHIA,BA,292105,MATINA,MATINA,3,2025,DOU,10611,4,0,0,0,0,0,0,0,0,0,0,0,14000,131.93
04/2026,2,NORDESTE,NE,29,BAHIA,BAHIA,BA,292110,MEDEIROS NETO,MEDEIROS NETO,2,2025,DOU,22801,10,0,0,0,0,0,0,0,0,0,0,0,35000,153.5
04/2026,2,NORDESTE,NE,29,BAHIA,BAHIA,BA,292120,MIGUEL CALMON,MIGUEL CALMON,2,2025,DOU,25263,11,0,0,0,0,0,0,0,0,0,0,0,38500,152.39
04/2026,2,NORDESTE,NE,29,BAHIA,BAHIA,BA,292130,MILAGRES,MILAGRES,3,2025,DOU,11436,4,0,0,0,0,0,0,0,0,0,0,0,14000,122.42
04/2026,2,NORDESTE,NE,29,BAHIA,BAHIA,BA,292140,MIRANGABA,MIRANGABA,3,2025,DOU,16167,9,0,0,0,0,0,0,0,0,0,0,0,31500,194.84
04/2026,2,NORDESTE,NE,29,BAHIA,BAHIA,BA,292145,MIRANTE,MIRANTE,3,2025,DOU,10526,5,0,0,0,0,0,0,0,0,0,0,0,17500,166.25
04/2026,2,NORDESTE,NE,29,BAHIA,BAHIA,BA,292150,MONTE SANTO,MONTE SANTO,3,2025,DOU,49807,18,0,0,0,0,0,0,0,0,0,0,0,63000,126.48
04/2026,2,NORDESTE,NE,29,BAHIA,BAHIA,BA,292160,MORPARA,MORPARÁ,5,2025,DOU,8220,4,0,0,0,0,0,0,0,0,0,0,0,14000,170.31
04/2026,2,NORDESTE,NE,29,BAHIA,BAHIA,BA,292170,MORRO DO CHAPEU,MORRO DO CHAPÉU,3,2025,DOU,35235,18,0,0,0,0,0,0,0,0,0,0,0,63000,178.79
04/2026,2,NORDESTE,NE,29,BAHIA,BAHIA,BA,292180,MORTUGABA,MORTUGABA,3,2025,DOU,11477,6,0,0,0,0,0,0,0,0,0,0,0,21000,182.97
04/2026,2,NORDESTE,NE,29,BAHIA,BAHIA,BA,292190,MUCUGE,MUCUGÊ,3,2025,DOU,12712,6,0,0,0,0,0,0,0,0,0,0,0,21000,165.19
04/2026,2,NORDESTE,NE,29,BAHIA,BAHIA,BA,292200,MUCURI,MUCURI,2,2025,DOU,40114,15,1,0,0,0,0,0,0,0,0,0,0,55125,137.42
04/2026,2,NORDESTE,NE,29,BAHIA,BAHIA,BA,292205,MULUNGU DO MORRO,MULUNGU DO MORRO,3,2025,DOU,13648,1,0,0,0,0,0,0,0,0,0,0,0,3500,25.64
04/2026,2,NORDESTE,NE,29,BAHIA,BAHIA,BA,292210,MUNDO NOVO,MUNDO NOVO,3,2025,DOU,17197,8,0,0,0,0,0,0,0,0,0,0,0,28000,162.81
04/2026,2,NORDESTE,NE,29,BAHIA,BAHIA,BA,292220,MUNIZ FERREIRA,MUNIZ FERREIRA,3,2025,DOU,7453,3,2,0,0,0,0,0,0,0,0,0,0,15750,211.32
04/2026,2,NORDESTE,NE,29,BAHIA,BAHIA,BA,292225,MUQUEM DE SAO FRANCISCO,MUQUÉM DE SÃO FRANCISCO,3,2025,DOU,10803,5,0,0,0,0,0,0,0,0,0,0,0,17500,161.99
04/2026,2,NORDESTE,NE,29,BAHIA,BAHIA,BA,292230,MURITIBA,MURITIBA,1,2025,DOU,30180,10,0,0,0,0,0,0,0,0,0,0,0,35000,115.97
04/2026,2,NORDESTE,NE,29,BAHIA,BAHIA,BA,292240,MUTUIPE,MUTUÍPE,3,2025,DOU,20590,7,1,0,0,0,0,0,0,0,0,0,0,27125,131.73
04/2026,2,NORDESTE,NE,29,BAHIA,BAHIA,BA,292250,NAZARE,NAZARÉ,1,2025,DOU,28427,12,0,0,0,0,0,0,0,0,0,0,0,42000,147.74
04/2026,2,NORDESTE,NE,29,BAHIA,BAHIA,BA,292260,NILO PECANHA,NILO PEÇANHA,3,2025,DOU,12399,6,0,0,0,0,0,0,0,0,0,0,0,21000,169.36
04/2026,2,NORDESTE,NE,29,BAHIA,BAHIA,BA,292265,NORDESTINA,NORDESTINA,3,2025,DOU,19711,6,0,0,0,0,0,0,0,0,0,0,0,21000,106.53
04/2026,2,NORDESTE,NE,29,BAHIA,BAHIA,BA,292270,NOVA CANAA,NOVA CANAÃ,3,2025,DOU,13970,7,2,0,0,0,0,0,0,0,0,0,0,29750,212.95
04/2026,2,NORDESTE,NE,29,BAHIA,BAHIA,BA,292273,NOVA FATIMA,NOVA FÁTIMA,3,2025,DOU,8283,4,0,0,0,0,0,0,0,0,0,0,0,14000,169.02
04/2026,2,NORDESTE,NE,29,BAHIA,BAHIA,BA,292275,NOVA IBIA,NOVA IBIÁ,3,2025,DOU,6696,3,0,0,0,0,0,0,0,0,0,0,0,10500,156.81
04/2026,2,NORDESTE,NE,29,BAHIA,BAHIA,BA,292280,NOVA ITARANA,NOVA ITARANA,3,2025,DOU,8073,4,0,0,0,0,0,0,0,0,0,0,0,14000,173.41
04/2026,2,NORDESTE,NE,29,BAHIA,BAHIA,BA,292285,NOVA REDENCAO,NOVA REDENÇÃO,3,2025,DOU,7670,5,0,0,0,0,0,0,0,0,0,0,0,17500,228.16
04/2026,2,NORDESTE,NE,29,BAHIA,BAHIA,BA,292290,NOVA SOURE,NOVA SOURE,3,2025,DOU,24865,12,0,0,0,0,0,0,0,0,0,0,0,42000,168.91
04/2026,2,NORDESTE,NE,29,BAHIA,BAHIA,BA,292300,NOVA VICOSA,NOVA VIÇOSA,1,2025,DOU,41629,12,0,0,0,0,0,0,0,0,0,0,0,42000,100.89
04/2026,2,NORDESTE,NE,29,BAHIA,BAHIA,BA,292303,NOVO HORIZONTE,NOVO HORIZONTE,5,2025,DOU,11586,6,0,0,0,0,0,0,0,0,0,0,0,21000,181.25
04/2026,2,NORDESTE,NE,29,BAHIA,BAHIA,BA,292305,NOVO TRIUNFO,NOVO TRIUNFO,3,2025,DOU,11060,6,1,0,0,0,0,0,0,0,0,0,0,23625,213.6
04/2026,2,NORDESTE,NE,29,BAHIA,BAHIA,BA,292310,OLINDINA,OLINDINA,2,2025,DOU,22956,7,0,0,0,0,0,0,0,0,0,0,0,24500,106.72
04/2026,2,NORDESTE,NE,29,BAHIA,BAHIA,BA,292320,OLIVEIRA DOS BREJINHOS,OLIVEIRA DOS BREJINHOS,5,2025,DOU,21323,9,0,0,0,0,0,0,0,0,0,0,0,31500,147.72
04/2026,2,NORDESTE,NE,29,BAHIA,BAHIA,BA,292330,OURICANGAS,OURIÇANGAS,3,2025,DOU,7925,4,0,0,0,0,0,0,0,0,0,0,0,14000,176.65
04/2026,2,NORDESTE,NE,29,BAHIA,BAHIA,BA,292335,OUROLANDIA,OUROLÂNDIA,3,2025,DOU,20141,8,0,0,0,0,0,0,0,0,0,0,0,28000,139.01
04/2026,2,NORDESTE,NE,29,BAHIA,BAHIA,BA,292340,PALMAS DE MONTE ALTO,PALMAS DE MONTE ALTO,3,2025,DOU,20666,8,1,1,0,0,0,0,0,0,0,0,0,32375,156.65
04/2026,2,NORDESTE,NE,29,BAHIA,BAHIA,BA,292350,PALMEIRAS,PALMEIRAS,3,2025,DOU,10894,4,0,0,0,0,0,0,0,0,0,0,0,14000,128.51
04/2026,2,NORDESTE,NE,29,BAHIA,BAHIA,BA,292360,PARAMIRIM,PARAMIRIM,3,2025,DOU,21025,13,0,0,0,0,0,0,0,0,0,0,0,45500,216.4
04/2026,2,NORDESTE,NE,29,BAHIA,BAHIA,BA,292370,PARATINGA,PARATINGA,3,2025,DOU,30680,12,0,0,0,0,0,0,0,0,0,0,0,42000,136.89
04/2026,2,NORDESTE,NE,29,BAHIA,BAHIA,BA,292380,PARIPIRANGA,PARIPIRANGA,3,2025,DOU,27860,10,0,0,0,0,0,0,0,0,0,0,0,35000,125.62
04/2026,2,NORDESTE,NE,29,BAHIA,BAHIA,BA,292390,PAU BRASIL,PAU BRASIL,3,2025,DOU,9537,5,0,0,0,0,0,0,0,0,0,0,0,17500,183.49
04/2026,2,NORDESTE,NE,29,BAHIA,BAHIA,BA,292400,PAULO AFONSO,PAULO AFONSO,1,2025,DOU,119418,26,1,1,0,0,0,0,2,653,0,0,653,96028,80.41
04/2026,2,NORDESTE,NE,29,BAHIA,BAHIA,BA,292405,PE DE SERRA,PÉ DE SERRA,3,2025,DOU,13677,6,0,0,0,0,0,0,0,0,0,0,0,21000,153.54
04/2026,2,NORDESTE,NE,29,BAHIA,BAHIA,BA,292410,PEDRAO,PEDRÃO,3,2025,DOU,6403,3,1,0,0,0,0,0,0,0,0,0,0,13125,204.98
04/2026,2,NORDESTE,NE,29,BAHIA,BAHIA,BA,292420,PEDRO ALEXANDRE,PEDRO ALEXANDRE,3,2025,DOU,14226,6,0,0,0,0,0,0,0,0,0,0,0,21000,147.61
04/2026,2,NORDESTE,NE,29,BAHIA,BAHIA,BA,292430,PIATA,PIATÃ,5,2025,DOU,20938,7,0,0,0,0,0,0,0,0,0,0,0,24500,117.01
04/2026,2,NORDESTE,NE,29,BAHIA,BAHIA,BA,292440,PILAO ARCADO,PILÃO ARCADO,5,2025,DOU,37388,9,0,3,0,0,0,0,0,0,0,0,0,36750,98.29
04/2026,2,NORDESTE,NE,29,BAHIA,BAHIA,BA,292450,PINDAI,PINDAÍ,3,2025,DOU,15125,7,1,0,0,0,0,0,0,0,0,0,0,27125,179.33
04/2026,2,NORDESTE,NE,29,BAHIA,BAHIA,BA,292460,PINDOBACU,PINDOBAÇU,2,2025,DOU,19601,10,0,0,0,0,0,0,0,0,0,0,0,35000,178.56
04/2026,2,NORDESTE,NE,29,BAHIA,BAHIA,BA,292465,PINTADAS,PINTADAS,3,2025,DOU,10654,5,0,0,0,0,0,0,0,0,0,0,0,17500,164.25
04/2026,2,NORDESTE,NE,29,BAHIA,BAHIA,BA,292467,PIRAI DO NORTE,PIRAÍ DO NORTE,3,2025,DOU,11481,5,0,0,0,0,0,0,0,0,0,0,0,17500,152.42
04/2026,2,NORDESTE,NE,29,BAHIA,BAHIA,BA,292470,PIRIPA,PIRIPÁ,3,2025,DOU,9143,6,0,0,0,0,0,0,0,0,0,0,0,21000,229.68
04/2026,2,NORDESTE,NE,29,BAHIA,BAHIA,BA,292480,PIRITIBA,PIRITIBA,2,2025,DOU,17697,7,0,0,0,0,0,0,0,0,0,0,0,24500,138.44
04/2026,2,NORDESTE,NE,29,BAHIA,BAHIA,BA,292490,PLANALTINO,PLANALTINO,3,2025,DOU,8239,4,1,0,0,0,0,0,0,0,0,0,0,16625,201.78
04/2026,2,NORDESTE,NE,29,BAHIA,BAHIA,BA,292500,PLANALTO,PLANALTO,3,2025,DOU,24026,10,0,0,0,0,0,0,0,0,0,0,0,35000,145.67
04/2026,2,NORDESTE,NE,29,BAHIA,BAHIA,BA,292510,POCOES,POÇÕES,1,2025,DOU,50773,15,0,0,0,0,0,0,0,0,0,0,0,52500,103.4
04/2026,2,NORDESTE,NE,29,BAHIA,BAHIA,BA,292520,POJUCA,POJUCA,1,2025,DOU,33573,13,0,0,0,0,0,0,0,0,0,0,0,45500,135.52
04/2026,2,NORDESTE,NE,29,BAHIA,BAHIA,BA,292525,PONTO NOVO,PONTO NOVO,3,2025,DOU,18763,9,0,0,0,0,0,0,0,0,0,0,0,31500,167.88
04/2026,2,NORDESTE,NE,29,BAHIA,BAHIA,BA,292530,PORTO SEGURO,PORTO SEGURO,1,2025,DOU,182630,47,0,0,0,0,1,415,0,0,0,0,415,164915,90.3
04/2026,2,NORDESTE,NE,29,BAHIA,BAHIA,BA,292540,POTIRAGUA,POTIRAGUÁ,3,2025,DOU,10651,4,0,0,0,0,0,0,0,0,0,0,0,14000,131.44
04/2026,2,NORDESTE,NE,29,BAHIA,BAHIA,BA,292550,PRADO,PRADO,3,2025,DOU,37533,12,0,0,0,0,1,48,0,0,0,0,48,42048,112.02
04/2026,2,NORDESTE,NE,29,BAHIA,BAHIA,BA,292560,PRESIDENTE DUTRA,PRESIDENTE DUTRA,3,2025,DOU,15677,6,0,0,0,0,0,0,0,0,0,0,0,21000,133.95
04/2026,2,NORDESTE,NE,29,BAHIA,BAHIA,BA,292570,PRESIDENTE JANIO QUADROS,PRESIDENTE JÂNIO QUADROS,3,2025,DOU,12963,8,0,0,0,0,0,0,0,0,0,0,0,28000,215.99
04/2026,2,NORDESTE,NE,29,BAHIA,BAHIA,BA,292575,PRESIDENTE TANCREDO NEVES,PRESIDENTE TANCREDO NEVES,3,2025,DOU,29489,10,0,0,0,0,0,0,0,0,0,0,0,35000,118.68
04/2026,2,NORDESTE,NE,29,BAHIA,BAHIA,BA,292580,QUEIMADAS,QUEIMADAS,3,2025,DOU,27429,8,0,0,0,0,0,0,0,0,0,0,0,28000,102.08
04/2026,2,NORDESTE,NE,29,BAHIA,BAHIA,BA,292590,QUIJINGUE,QUIJINGUE,3,2025,DOU,26443,11,0,0,0,0,0,0,0,0,0,0,0,38500,145.59
04/2026,2,NORDESTE,NE,29,BAHIA,BAHIA,BA,292593,QUIXABEIRA,QUIXABEIRA,3,2025,DOU,9839,4,0,0,0,0,0,0,0,0,0,0,0,14000,142.29
04/2026,2,NORDESTE,NE,29,BAHIA,BAHIA,BA,292595,RAFAEL JAMBEIRO,RAFAEL JAMBEIRO,3,2025,DOU,20081,10,0,0,0,0,0,0,0,0,0,0,0,35000,174.29
04/2026,2,NORDESTE,NE,29,BAHIA,BAHIA,BA,292600,REMANSO,REMANSO,2,2025,DOU,42855,14,0,0,0,0,0,0,0,0,0,0,0,49000,114.33
04/2026,2,NORDESTE,NE,29,BAHIA,BAHIA,BA,292610,RETIROLANDIA,RETIROLÂNDIA,3,2025,DOU,14174,7,0,0,0,0,0,0,0,0,0,0,0,24500,172.85
04/2026,2,NORDESTE,NE,29,BAHIA,BAHIA,BA,292620,RIACHAO DAS NEVES,RIACHÃO DAS NEVES,3,2025,DOU,22329,10,0,0,0,0,0,0,0,0,0,0,0,35000,156.74
04/2026,2,NORDESTE,NE,29,BAHIA,BAHIA,BA,292630,RIACHAO DO JACUIPE,RIACHÃO DO JACUÍPE,2,2025,DOU,35188,13,1,0,0,0,0,0,0,0,0,0,0,48125,136.76
04/2026,2,NORDESTE,NE,29,BAHIA,BAHIA,BA,292640,RIACHO DE SANTANA,RIACHO DE SANTANA,3,2025,DOU,32060,12,0,0,0,0,0,0,0,0,0,0,0,42000,131.0
04/2026,2,NORDESTE,NE,29,BAHIA,BAHIA,BA,292650,RIBEIRA DO AMPARO,RIBEIRA DO AMPARO,3,2025,DOU,14528,6,0,0,0,0,0,0,0,0,0,0,0,21000,144.54
04/2026,2,NORDESTE,NE,29,BAHIA,BAHIA,BA,292660,RIBEIRA DO POMBAL,RIBEIRA DO POMBAL,1,2025,DOU,56316,18,0,0,0,0,0,0,0,0,0,0,0,63000,111.86
04/2026,2,NORDESTE,NE,29,BAHIA,BAHIA,BA,292665,RIBEIRAO DO LARGO,RIBEIRÃO DO LARGO,3,2025,DOU,10029,4,0,0,0,0,0,0,0,0,0,0,0,14000,139.59
04/2026,2,NORDESTE,NE,29,BAHIA,BAHIA,BA,292670,RIO DE CONTAS,RIO DE CONTAS,3,2025,DOU,13634,6,0,0,0,0,0,0,0,0,0,0,0,21000,154.02
04/2026,2,NORDESTE,NE,29,BAHIA,BAHIA,BA,292680,RIO DO ANTONIO,RIO DO ANTÔNIO,3,2025,DOU,13495,6,0,0,0,0,0,0,0,0,0,0,0,21000,155.61
04/2026,2,NORDESTE,NE,29,BAHIA,BAHIA,BA,292690,RIO DO PIRES,RIO DO PIRES,5,2025,DOU,10781,6,0,0,0,0,0,0,0,0,0,0,0,21000,194.78
04/2026,2,NORDESTE,NE,29,BAHIA,BAHIA,BA,292700,RIO REAL,RIO REAL,2,2025,DOU,36966,11,0,0,0,0,0,0,0,0,0,0,0,38500,104.14
04/2026,2,NORDESTE,NE,29,BAHIA,BAHIA,BA,292710,RODELAS,RODELAS,2,2025,DOU,10884,4,0,0,0,0,0,0,0,0,0,0,0,14000,128.62
04/2026,2,NORDESTE,NE,29,BAHIA,BAHIA,BA,292720,RUY BARBOSA,RUY BARBOSA,2,2025,DOU,29590,10,0,0,0,0,0,0,0,0,0,0,0,35000,118.28
04/2026,2,NORDESTE,NE,29,BAHIA,BAHIA,BA,292730,SALINAS DA MARGARIDA,SALINAS DA MARGARIDA,3,2025,DOU,15629,6,0,0,0,0,0,0,0,0,0,0,0,21000,134.36
04/2026,2,NORDESTE,NE,29,BAHIA,BAHIA,BA,292740,SALVADOR,SALVADOR,1,2025,DOU,2564204,386,61,54,0,0,5,1226,15,1756,3,3880,6862,1612487,62.88
04/2026,2,NORDESTE,NE,29,BAHIA,BAHIA,BA,292750,SANTA BARBARA,SANTA BÁRBARA,3,2025,DOU,21787,7,1,0,0,0,0,0,0,0,0,0,0,27125,124.5
04/2026,2,NORDESTE,NE,29,BAHIA,BAHIA,BA,292760,SANTA BRIGIDA,SANTA BRÍGIDA,3,2025,DOU,15417,7,0,0,0,0,0,0,0,0,0,0,0,24500,158.91
04/2026,2,NORDESTE,NE,29,BAHIA,BAHIA,BA,292770,SANTA CRUZ CABRALIA,SANTA CRUZ CABRÁLIA,2,2025,DOU,31007,12,0,0,0,0,0,0,0,0,0,0,0,42000,135.45
04/2026,2,NORDESTE,NE,29,BAHIA,BAHIA,BA,292780,SANTA CRUZ DA VITORIA,SANTA CRUZ DA VITÓRIA,2,2025,DOU,4663,2,0,0,0,0,0,0,0,0,0,0,0,7000,150.11
04/2026,2,NORDESTE,NE,29,BAHIA,BAHIA,BA,292790,SANTA INES,SANTA INÊS,2,2025,DOU,10625,5,0,0,0,0,0,0,0,0,0,0,0,17500,164.7
04/2026,2,NORDESTE,NE,29,BAHIA,BAHIA,BA,292805,SANTA LUZIA,SANTA LUZIA,3,2025,DOU,14392,5,0,0,0,0,0,0,0,0,0,0,0,17500,121.59
04/2026,2,NORDESTE,NE,29,BAHIA,BAHIA,BA,292810,SANTA MARIA DA VITORIA,SANTA MARIA DA VITÓRIA,1,2025,DOU,40474,14,0,0,0,0,0,0,0,0,0,0,0,49000,121.06
04/2026,2,NORDESTE,NE,29,BAHIA,BAHIA,BA,292840,SANTA RITA DE CASSIA,SANTA RITA DE CÁSSIA,2,2025,DOU,28890,10,0,0,0,0,0,0,0,0,0,0,0,35000,121.14
04/2026,2,NORDESTE,NE,29,BAHIA,BAHIA,BA,292850,SANTA TEREZINHA,SANTA TEREZINHA,3,2025,DOU,10882,5,0,0,0,0,0,0,0,0,0,0,0,17500,160.81
04/2026,2,NORDESTE,NE,29,BAHIA,BAHIA,BA,292800,SANTALUZ,SANTALUZ,2,2025,DOU,40066,13,1,1,0,0,0,0,0,0,0,0,0,49875,124.48
04/2026,2,NORDESTE,NE,29,BAHIA,BAHIA,BA,292820,SANTANA,SANTANA,3,2025,DOU,25521,9,0,0,0,0,0,0,0,0,0,0,0,31500,123.42
04/2026,2,NORDESTE,NE,29,BAHIA,BAHIA,BA,292830,SANTANOPOLIS,SANTANÓPOLIS,3,2025,DOU,9035,4,0,0,0,0,0,0,0,0,0,0,0,14000,154.95
04/2026,2,NORDESTE,NE,29,BAHIA,BAHIA,BA,292860,SANTO AMARO,SANTO AMARO,1,2025,DOU,58398,17,0,0,0,0,0,0,0,0,0,0,0,59500,101.88
04/2026,2,NORDESTE,NE,29,BAHIA,BAHIA,BA,292870,SANTO ANTONIO DE JESUS,SANTO ANTÔNIO DE JESUS,1,2025,DOU,109791,34,3,1,0,0,0,0,0,0,0,0,0,128625,117.15
04/2026,2,NORDESTE,NE,29,BAHIA,BAHIA,BA,292880,SANTO ESTEVAO,SANTO ESTÊVÃO,2,2025,DOU,55146,17,0,0,0,0,0,0,0,0,0,0,0,59500,107.89
04/2026,2,NORDESTE,NE,29,BAHIA,BAHIA,BA,292890,SAO DESIDERIO,SÃO DESIDÉRIO,3,2025,DOU,34982,13,1,0,0,0,0,0,0,0,0,0,0,48125,137.57
04/2026,2,NORDESTE,NE,29,BAHIA,BAHIA,BA,292895,SAO DOMINGOS,SÃO DOMINGOS,3,2025,DOU,8690,5,0,0,0,0,0,0,0,0,0,0,0,17500,201.38
04/2026,2,NORDESTE,NE,29,BAHIA,BAHIA,BA,292910,SAO FELIPE,SÃO FELIPE,3,2025,DOU,20923,6,1,0,0,0,0,0,0,0,0,0,0,23625,112.91
04/2026,2,NORDESTE,NE,29,BAHIA,BAHIA,BA,292900,SAO FELIX,SÃO FÉLIX,1,2025,DOU,11102,6,0,0,0,0,0,0,0,0,0,0,0,21000,189.15
04/2026,2,NORDESTE,NE,29,BAHIA,BAHIA,BA,292905,SAO FELIX DO CORIBE,SÃO FÉLIX DO CORIBE,1,2025,DOU,15780,7,0,0,0,0,0,0,0,0,0,0,0,24500,155.25
04/2026,2,NORDESTE,NE,29,BAHIA,BAHIA,BA,292920,SAO FRANCISCO DO CONDE,SÃO FRANCISCO DO CONDE,1,2025,DOU,41110,16,0,0,0,0,0,0,0,0,0,0,0,56000,136.21
04/2026,2,NORDESTE,NE,29,BAHIA,BAHIA,BA,292925,SAO GABRIEL,SÃO GABRIEL,3,2025,DOU,19229,7,0,0,0,0,0,0,0,0,0,0,0,24500,127.41
04/2026,2,NORDESTE,NE,29,BAHIA,BAHIA,BA,292930,SAO GONCALO DOS CAMPOS,SÃO GONÇALO DOS CAMPOS,2,2025,DOU,42171,11,0,0,0,0,0,0,0,0,0,0,0,38500,91.29
04/2026,2,NORDESTE,NE,29,BAHIA,BAHIA,BA,292935,SAO JOSE DA VITORIA,SÃO JOSÉ DA VITÓRIA,3,2025,DOU,5432,3,0,0,0,0,0,0,0,0,0,0,0,10500,193.29
04/2026,2,NORDESTE,NE,29,BAHIA,BAHIA,BA,292937,SAO JOSE DO JACUIPE,SÃO JOSÉ DO JACUÍPE,3,2025,DOU,10576,5,0,0,0,0,0,0,0,0,0,0,0,17500,165.46
04/2026,2,NORDESTE,NE,29,BAHIA,BAHIA,BA,292940,SAO MIGUEL DAS MATAS,SÃO MIGUEL DAS MATAS,3,2025,DOU,10615,5,2,0,0,0,0,0,0,0,0,0,0,22750,214.31
04/2026,2,NORDESTE,NE,29,BAHIA,BAHIA,BA,292950,SAO SEBASTIAO DO PASSE,SÃO SEBASTIÃO DO PASSÉ,1,2025,DOU,42944,16,0,0,0,0,0,0,0,0,0,0,0,56000,130.4
04/2026,2,NORDESTE,NE,29,BAHIA,BAHIA,BA,292960,SAPEACU,SAPEAÇU,3,2025,DOU,18656,8,0,2,0,0,0,0,0,0,0,0,0,31500,168.84
04/2026,2,NORDESTE,NE,29,BAHIA,BAHIA,BA,292970,SATIRO DIAS,SÁTIRO DIAS,3,2025,DOU,16476,8,0,0,0,0,0,0,0,0,0,0,0,28000,169.94
04/2026,2,NORDESTE,NE,29,BAHIA,BAHIA,BA,292975,SAUBARA,SAUBARA,3,2025,DOU,11859,5,0,0,0,0,0,0,0,0,0,0,0,17500,147.56
04/2026,2,NORDESTE,NE,29,BAHIA,BAHIA,BA,292980,SAUDE,SAÚDE,3,2025,DOU,10661,5,0,0,0,0,0,0,0,0,0,0,0,17500,164.14
04/2026,2,NORDESTE,NE,29,BAHIA,BAHIA,BA,292990,SEABRA,SEABRA,3,2025,DOU,48721,12,0,0,0,0,0,0,0,0,0,0,0,42000,86.2
04/2026,2,NORDESTE,NE,29,BAHIA,BAHIA,BA,293000,SEBASTIAO LARANJEIRAS,SEBASTIÃO LARANJEIRAS,3,2025,DOU,9581,5,0,0,0,0,0,0,0,0,0,0,0,17500,182.65
04/2026,2,NORDESTE,NE,29,BAHIA,BAHIA,BA,293010,SENHOR DO BONFIM,SENHOR DO BONFIM,1,2025,DOU,78090,21,0,2,0,0,0,0,0,0,0,0,0,77000,98.6
04/2026,2,NORDESTE,NE,29,BAHIA,BAHIA,BA,293020,SENTO SE,SENTO SÉ,3,2025,DOU,40232,12,0,0,0,0,0,0,0,0,0,0,0,42000,104.39
04/2026,2,NORDESTE,NE,29,BAHIA,BAHIA,BA,293015,SERRA DO RAMALHO,SERRA DO RAMALHO,3,2025,DOU,36252,11,1,0,0,0,0,0,0,0,0,0,0,41125,113.44
04/2026,2,NORDESTE,NE,29,BAHIA,BAHIA,BA,293030,SERRA DOURADA,SERRA DOURADA,3,2025,DOU,17574,8,0,0,0,0,0,0,0,0,0,0,0,28000,159.32
04/2026,2,NORDESTE,NE,29,BAHIA,BAHIA,BA,293040,SERRA PRETA,SERRA PRETA,3,2025,DOU,18754,7,0,0,0,0,1,4,0,0,0,0,4,24504,130.66
04/2026,2,NORDESTE,NE,29,BAHIA,BAHIA,BA,293050,SERRINHA,SERRINHA,1,2025,DOU,84690,26,0,0,0,0,1,0,1,318,0,0,318,91318,107.82
04/2026,2,NORDESTE,NE,29,BAHIA,BAHIA,BA,293060,SERROLANDIA,SERROLÂNDIA,3,2025,DOU,13863,5,0,0,0,0,0,0,0,0,0,0,0,17500,126.23
04/2026,2,NORDESTE,NE,29,BAHIA,BAHIA,BA,293070,SIMOES FILHO,SIMÕES FILHO,1,2025,DOU,120419,24,2,0,0,0,0,0,2,368,0,0,368,89618,74.42
04/2026,2,NORDESTE,NE,29,BAHIA,BAHIA,BA,293075,SITIO DO MATO,SÍTIO DO MATO,3,2025,DOU,13982,7,0,0,0,0,0,0,0,0,0,0,0,24500,175.22
04/2026,2,NORDESTE,NE,29,BAHIA,BAHIA,BA,293076,SITIO DO QUINTO,SÍTIO DO QUINTO,3,2025,DOU,14435,5,0,0,0,0,0,0,0,0,0,0,0,17500,121.23
04/2026,2,NORDESTE,NE,29,BAHIA,BAHIA,BA,293077,SOBRADINHO,SOBRADINHO,1,2025,DOU,27097,7,0,0,0,0,0,0,0,0,0,0,0,24500,90.41
04/2026,2,NORDESTE,NE,29,BAHIA,BAHIA,BA,293080,SOUTO SOARES,SOUTO SOARES,3,2025,DOU,17724,7,0,0,0,0,0,0,0,0,0,0,0,24500,138.23
04/2026,2,NORDESTE,NE,29,BAHIA,BAHIA,BA,293090,TABOCAS DO BREJO VELHO,TABOCAS DO BREJO VELHO,3,2025,DOU,12368,6,0,0,0,0,0,0,0,0,0,0,0,21000,169.79
04/2026,2,NORDESTE,NE,29,BAHIA,BAHIA,BA,293100,TANHACU,TANHAÇU,3,2025,DOU,21787,9,0,0,0,0,0,0,0,0,0,0,0,31500,144.58
04/2026,2,NORDESTE,NE,29,BAHIA,BAHIA,BA,293105,TANQUE NOVO,TANQUE NOVO,3,2025,DOU,17812,8,0,0,0,0,0,0,0,0,0,0,0,28000,157.19
04/2026,2,NORDESTE,NE,29,BAHIA,BAHIA,BA,293110,TANQUINHO,TANQUINHO,3,2025,DOU,7991,3,0,0,0,0,0,0,0,0,0,0,0,10500,131.39
04/2026,2,NORDESTE,NE,29,BAHIA,BAHIA,BA,293120,TAPEROA,TAPEROÁ,3,2025,DOU,18556,8,0,0,0,0,0,0,0,0,0,0,0,28000,150.89
04/2026,2,NORDESTE,NE,29,BAHIA,BAHIA,BA,293130,TAPIRAMUTA,TAPIRAMUTÁ,2,2025,DOU,16226,5,0,0,0,0,0,0,0,0,0,0,0,17500,107.85
04/2026,2,NORDESTE,NE,29,BAHIA,BAHIA,BA,293135,TEIXEIRA DE FREITAS,TEIXEIRA DE FREITAS,1,2025,DOU,153738,42,0,0,0,0,0,0,1,264,1,660,924,147924,96.21
04/2026,2,NORDESTE,NE,29,BAHIA,BAHIA,BA,293140,TEODORO SAMPAIO,TEODORO SAMPAIO,3,2025,DOU,7280,4,0,0,0,0,0,0,0,0,0,0,0,14000,192.3
04/2026,2,NORDESTE,NE,29,BAHIA,BAHIA,BA,293150,TEOFILANDIA,TEOFILÂNDIA,3,2025,DOU,21825,11,0,0,0,0,0,0,0,0,0,0,0,38500,176.4
04/2026,2,NORDESTE,NE,29,BAHIA,BAHIA,BA,293160,TEOLANDIA,TEOLÂNDIA,3,2025,DOU,15978,7,0,0,0,0,0,0,0,0,0,0,0,24500,153.33
04/2026,2,NORDESTE,NE,29,BAHIA,BAHIA,BA,293170,TERRA NOVA,TERRA NOVA,3,2025,DOU,10976,6,0,0,0,0,0,0,0,0,0,0,0,21000,191.32
04/2026,2,NORDESTE,NE,29,BAHIA,BAHIA,BA,293180,TREMEDAL,TREMEDAL,3,2025,DOU,16646,8,0,0,0,0,0,0,0,0,0,0,0,28000,168.2
04/2026,2,NORDESTE,NE,29,BAHIA,BAHIA,BA,293190,TUCANO,TUCANO,3,2025,DOU,51016,21,0,0,0,0,0,0,0,0,0,0,0,73500,144.07
04/2026,2,NORDESTE,NE,29,BAHIA,BAHIA,BA,293200,UAUA,UAUÁ,3,2025,DOU,25449,11,0,0,0,0,0,0,0,0,0,0,0,38500,151.28
04/2026,2,NORDESTE,NE,29,BAHIA,BAHIA,BA,293210,UBAIRA,UBAÍRA,3,2025,DOU,19142,8,0,0,0,0,0,0,0,0,0,0,0,28000,146.27
04/2026,2,NORDESTE,NE,29,BAHIA,BAHIA,BA,293220,UBAITABA,UBAITABA,2,2025,DOU,17878,8,0,0,0,0,0,0,0,0,0,0,0,28000,156.61
04/2026,2,NORDESTE,NE,29,BAHIA,BAHIA,BA,293230,UBATA,UBATÃ,2,2025,DOU,15839,6,0,0,0,0,0,0,0,0,0,0,0,21000,132.58
04/2026,2,NORDESTE,NE,29,BAHIA,BAHIA,BA,293240,UIBAI,UIBAÍ,3,2025,DOU,13886,5,0,0,0,0,0,0,0,0,0,0,0,17500,126.02
04/2026,2,NORDESTE,NE,29,BAHIA,BAHIA,BA,293245,UMBURANAS,UMBURANAS,3,2025,DOU,13785,10,0,0,0,0,0,0,0,0,0,0,0,35000,253.89
04/2026,2,NORDESTE,NE,29,BAHIA,BAHIA,BA,293250,UNA,UNA,3,2025,DOU,18254,10,0,0,0,0,0,0,0,0,0,0,0,35000,191.73
04/2026,2,NORDESTE,NE,29,BAHIA,BAHIA,BA,293260,URANDI,URANDI,3,2025,DOU,15776,7,0,0,0,0,0,0,0,0,0,0,0,24500,155.29
04/2026,2,NORDESTE,NE,29,BAHIA,BAHIA,BA,293270,URUCUCA,URUÇUCA,2,2025,DOU,22155,7,0,0,0,0,0,0,0,0,0,0,0,24500,110.58
04/2026,2,NORDESTE,NE,29,BAHIA,BAHIA,BA,293280,UTINGA,UTINGA,2,2025,DOU,16645,5,0,0,0,0,0,0,0,0,0,0,0,17500,105.13
04/2026,2,NORDESTE,NE,29,BAHIA,BAHIA,BA,293290,VALENCA,VALENÇA,1,2025,DOU,90053,26,2,0,0,0,0,0,1,159,0,0,159,96409,107.05
04/2026,2,NORDESTE,NE,29,BAHIA,BAHIA,BA,293300,VALENTE,VALENTE,2,2025,DOU,25132,10,0,0,0,0,0,0,0,0,0,0,0,35000,139.26
04/2026,2,NORDESTE,NE,29,BAHIA,BAHIA,BA,293305,VARZEA DA ROCA,VÁRZEA DA ROÇA,3,2025,DOU,14294,6,0,0,0,0,0,0,0,0,0,0,0,21000,146.91
04/2026,2,NORDESTE,NE,29,BAHIA,BAHIA,BA,293310,VARZEA DO POCO,VÁRZEA DO POÇO,3,2025,DOU,8334,3,0,0,0,0,0,0,0,0,0,0,0,10500,125.98
04/2026,2,NORDESTE,NE,29,BAHIA,BAHIA,BA,293315,VARZEA NOVA,VÁRZEA NOVA,3,2025,DOU,13866,6,0,0,0,0,0,0,0,0,0,0,0,21000,151.44
04/2026,2,NORDESTE,NE,29,BAHIA,BAHIA,BA,293317,VARZEDO,VARZEDO,3,2025,DOU,10328,5,0,0,0,0,0,0,0,0,0,0,0,17500,169.44
04/2026,2,NORDESTE,NE,29,BAHIA,BAHIA,BA,293320,VERA CRUZ,VERA CRUZ,1,2025,DOU,45191,14,0,0,0,0,0,0,0,0,0,0,0,49000,108.42
04/2026,2,NORDESTE,NE,29,BAHIA,BAHIA,BA,293325,VEREDA,VEREDA,3,2025,DOU,6157,3,0,0,0,0,0,0,0,0,0,0,0,10500,170.53
04/2026,2,NORDESTE,NE,29,BAHIA,BAHIA,BA,293330,VITORIA DA CONQUISTA,VITÓRIA DA CONQUISTA,1,2025,DOU,396613,57,12,0,0,0,1,513,4,0,0,0,513,231513,58.37
04/2026,2,NORDESTE,NE,29,BAHIA,BAHIA,BA,293340,WAGNER,WAGNER,3,2025,DOU,9866,4,0,0,0,0,0,0,0,0,0,0,0,14000,141.9
04/2026,2,NORDESTE,NE,29,BAHIA,BAHIA,BA,293345,WANDERLEY,WANDERLEY,3,2025,DOU,13460,6,0,0,0,0,0,0,0,0,0,0,0,21000,156.01
04/2026,2,NORDESTE,NE,29,BAHIA,BAHIA,BA,293350,WENCESLAU GUIMARAES,WENCESLAU GUIMARÃES,3,2025,DOU,25535,10,0,0,0,0,0,0,0,0,0,0,0,35000,137.06
04/2026,2,NORDESTE,NE,29,BAHIA,BAHIA,BA,293360,XIQUE-XIQUE,XIQUE-XIQUE,1,2025,DOU,47019,12,1,0,0,0,0,0,0,0,0,0,0,44625,94.9
04/2026,2,NORDESTE,NE,23,CEARA,CEARÁ,CE,230010,ABAIARA,ABAIARA,3,2025,DOU,10269,5,0,0,0,0,0,0,0,0,0,0,0,17500,170.41
04/2026,2,NORDESTE,NE,23,CEARA,CEARÁ,CE,230015,ACARAPE,ACARAPE,2,2025,DOU,14340,7,0,0,0,0,0,0,0,0,0,0,0,24500,170.85
04/2026,2,NORDESTE,NE,23,CEARA,CEARÁ,CE,230020,ACARAU,ACARAÚ,3,2025,DOU,69317,28,0,0,0,0,0,0,0,0,0,0,0,98000,141.37
04/2026,2,NORDESTE,NE,23,CEARA,CEARÁ,CE,230030,ACOPIARA,ACOPIARA,3,2025,DOU,45937,22,0,0,0,0,0,0,0,0,0,0,0,77000,167.62
04/2026,2,NORDESTE,NE,23,CEARA,CEARÁ,CE,230040,AIUABA,AIUABA,3,2025,DOU,14115,7,0,0,0,0,0,0,0,0,0,0,0,24500,173.57
04/2026,2,NORDESTE,NE,23,CEARA,CEARÁ,CE,230050,ALCANTARAS,ALCÂNTARAS,3,2025,DOU,11795,6,0,0,0,0,0,0,0,0,0,0,0,21000,178.04
04/2026,2,NORDESTE,NE,23,CEARA,CEARÁ,CE,230060,ALTANEIRA,ALTANEIRA,3,2025,DOU,6974,3,1,0,0,0,0,0,0,0,0,0,0,13125,188.19
04/2026,2,NORDESTE,NE,23,CEARA,CEARÁ,CE,230070,ALTO SANTO,ALTO SANTO,3,2025,DOU,14372,8,0,0,0,0,0,0,0,0,0,0,0,28000,194.82
04/2026,2,NORDESTE,NE,23,CEARA,CEARÁ,CE,230075,AMONTADA,AMONTADA,3,2025,DOU,44584,18,0,0,0,0,0,0,0,0,0,0,0,63000,141.3
04/2026,2,NORDESTE,NE,23,CEARA,CEARÁ,CE,230080,ANTONINA DO NORTE,ANTONINA DO NORTE,3,2025,DOU,7507,3,0,0,0,0,0,0,0,0,0,0,0,10500,139.86
04/2026,2,NORDESTE,NE,23,CEARA,CEARÁ,CE,230090,APUIARES,APUIARÉS,3,2025,DOU,13193,7,0,0,0,0,0,0,0,0,0,0,0,24500,185.7
04/2026,2,NORDESTE,NE,23,CEARA,CEARÁ,CE,230100,AQUIRAZ,AQUIRAZ,1,2025,DOU,85316,36,2,0,0,0,0,0,4,736,0,0,736,131986,154.7
04/2026,2,NORDESTE,NE,23,CEARA,CEARÁ,CE,230110,ARACATI,ARACATI,1,2025,DOU,79205,30,0,0,0,0,0,0,0,0,0,0,0,105000,132.56
04/2026,2,NORDESTE,NE,23,CEARA,CEARÁ,CE,230120,ARACOIABA,ARACOIABA,3,2025,DOU,26752,13,0,0,0,0,0,0,0,0,0,0,0,45500,170.08
04/2026,2,NORDESTE,NE,23,CEARA,CEARÁ,CE,230125,ARARENDA,ARARENDÁ,3,2025,DOU,11532,6,0,0,0,0,0,0,0,0,0,0,0,21000,182.1
04/2026,2,NORDESTE,NE,23,CEARA,CEARÁ,CE,230130,ARARIPE,ARARIPE,3,2025,DOU,20194,9,0,0,0,0,0,0,0,0,0,0,0,31500,155.98
04/2026,2,NORDESTE,NE,23,CEARA,CEARÁ,CE,230140,ARATUBA,ARATUBA,3,2025,DOU,11427,6,0,0,0,0,0,0,0,0,0,0,0,21000,183.77
04/2026,2,NORDESTE,NE,23,CEARA,CEARÁ,CE,230150,ARNEIROZ,ARNEIROZ,3,2025,DOU,7615,4,0,0,0,0,0,0,0,0,0,0,0,14000,183.84
04/2026,2,NORDESTE,NE,23,CEARA,CEARÁ,CE,230160,ASSARE,ASSARÉ,3,2025,DOU,22195,11,0,0,0,0,0,0,0,0,0,0,0,38500,173.46
04/2026,2,NORDESTE,NE,23,CEARA,CEARÁ,CE,230170,AURORA,AURORA,3,2025,DOU,24244,12,0,0,0,0,0,0,0,0,0,0,0,42000,173.23
04/2026,2,NORDESTE,NE,23,CEARA,CEARÁ,CE,230180,BAIXIO,BAIXIO,3,2025,DOU,5821,3,0,0,0,0,0,0,0,0,0,0,0,10500,180.38
04/2026,2,NORDESTE,NE,23,CEARA,CEARÁ,CE,230185,BANABUIU,BANABUIÚ,3,2025,DOU,17667,9,0,0,0,0,0,0,0,0,0,0,0,31500,178.29
04/2026,2,NORDESTE,NE,23,CEARA,CEARÁ,CE,230190,BARBALHA,BARBALHA,1,2025,DOU,81441,27,0,0,0,0,0,0,0,0,0,0,0,94500,116.03
04/2026,2,NORDESTE,NE,23,CEARA,CEARÁ,CE,230195,BARREIRA,BARREIRA,3,2025,DOU,23474,11,0,0,0,0,0,0,0,0,0,0,0,38500,164.01
04/2026,2,NORDESTE,NE,23,CEARA,CEARÁ,CE,230200,BARRO,BARRO,3,2025,DOU,19569,11,0,0,0,0,0,0,0,0,0,0,0,38500,196.73
04/2026,2,NORDESTE,NE,23,CEARA,CEARÁ,CE,230205,BARROQUINHA,BARROQUINHA,3,2025,DOU,14998,8,0,0,0,0,0,0,0,0,0,0,0,28000,186.69
04/2026,2,NORDESTE,NE,23,CEARA,CEARÁ,CE,230210,BATURITE,BATURITÉ,2,2025,DOU,37147,15,0,0,0,0,0,0,0,0,0,0,0,52500,141.33
04/2026,2,NORDESTE,NE,23,CEARA,CEARÁ,CE,230220,BEBERIBE,BEBERIBE,3,2025,DOU,55977,21,0,2,0,0,0,0,0,0,0,0,0,77000,137.55
04/2026,2,NORDESTE,NE,23,CEARA,CEARÁ,CE,230230,BELA CRUZ,BELA CRUZ,3,2025,DOU,34613,11,0,0,0,0,0,0,0,0,0,0,0,38500,111.22
04/2026,2,NORDESTE,NE,23,CEARA,CEARÁ,CE,230240,BOA VIAGEM,BOA VIAGEM,3,2025,DOU,52133,22,0,0,0,0,0,0,0,0,0,0,0,77000,147.69
04/2026,2,NORDESTE,NE,23,CEARA,CEARÁ,CE,230250,BREJO SANTO,BREJO SANTO,1,2025,DOU,54192,23,0,0,0,0,0,0,0,0,0,0,0,80500,148.54
04/2026,2,NORDESTE,NE,23,CEARA,CEARÁ,CE,230260,CAMOCIM,CAMOCIM,1,2025,DOU,65251,22,0,0,0,0,0,0,0,0,0,0,0,77000,118.0
04/2026,2,NORDESTE,NE,23,CEARA,CEARÁ,CE,230270,CAMPOS SALES,CAMPOS SALES,2,2025,DOU,26049,14,0,0,0,0,0,0,0,0,0,0,0,49000,188.1
04/2026,2,NORDESTE,NE,23,CEARA,CEARÁ,CE,230280,CANINDE,CANINDÉ,1,2025,DOU,77376,23,0,0,0,0,0,0,0,0,0,0,0,80500,104.03
04/2026,2,NORDESTE,NE,23,CEARA,CEARÁ,CE,230290,CAPISTRANO,CAPISTRANO,3,2025,DOU,17795,7,0,0,0,0,0,0,0,0,0,0,0,24500,137.67
04/2026,2,NORDESTE,NE,23,CEARA,CEARÁ,CE,230300,CARIDADE,CARIDADE,3,2025,DOU,16234,7,0,0,0,0,0,0,0,0,0,0,0,24500,150.91
04/2026,2,NORDESTE,NE,23,CEARA,CEARÁ,CE,230310,CARIRE,CARIRÉ,3,2025,DOU,18074,9,0,0,0,0,0,0,0,0,0,0,0,31500,174.28
04/2026,2,NORDESTE,NE,23,CEARA,CEARÁ,CE,230320,CARIRIACU,CARIRIAÇU,3,2025,DOU,27532,13,0,0,0,0,0,0,0,0,0,0,0,45500,165.26
04/2026,2,NORDESTE,NE,23,CEARA,CEARÁ,CE,230330,CARIUS,CARIÚS,3,2025,DOU,17277,9,0,0,0,0,0,0,0,0,0,0,0,31500,182.32
04/2026,2,NORDESTE,NE,23,CEARA,CEARÁ,CE,230340,CARNAUBAL,CARNAUBAL,3,2025,DOU,17815,9,0,0,0,0,0,0,0,0,0,0,0,31500,176.81
04/2026,2,NORDESTE,NE,23,CEARA,CEARÁ,CE,230350,CASCAVEL,CASCAVEL,1,2025,DOU,76866,25,2,0,0,0,0,0,0,0,0,0,0,92750,120.66
04/2026,2,NORDESTE,NE,23,CEARA,CEARÁ,CE,230360,CATARINA,CATARINA,3,2025,DOU,9110,7,0,0,0,0,0,0,0,0,0,0,0,24500,268.93
04/2026,2,NORDESTE,NE,23,CEARA,CEARÁ,CE,230365,CATUNDA,CATUNDA,3,2025,DOU,10864,5,0,0,0,0,0,0,0,0,0,0,0,17500,161.08
04/2026,2,NORDESTE,NE,23,CEARA,CEARÁ,CE,230370,CAUCAIA,CAUCAIA,1,2025,DOU,378406,88,0,0,0,0,0,0,1,847,0,0,847,308847,81.61
04/2026,2,NORDESTE,NE,23,CEARA,CEARÁ,CE,230380,CEDRO,CEDRO,2,2025,DOU,22564,13,0,0,0,0,0,0,1,67,0,0,67,45567,201.94
04/2026,2,NORDESTE,NE,23,CEARA,CEARÁ,CE,230390,CHAVAL,CHAVAL,3,2025,DOU,12811,7,0,0,0,0,0,0,0,0,0,0,0,24500,191.24
04/2026,2,NORDESTE,NE,23,CEARA,CEARÁ,CE,230393,CHORO,CHORÓ,3,2025,DOU,12352,6,0,0,0,0,0,0,0,0,0,0,0,21000,170.01
04/2026,2,NORDESTE,NE,23,CEARA,CEARÁ,CE,230395,CHOROZINHO,CHOROZINHO,3,2025,DOU,20808,10,0,0,0,0,0,0,0,0,0,0,0,35000,168.2
04/2026,2,NORDESTE,NE,23,CEARA,CEARÁ,CE,230400,COREAU,COREAÚ,3,2025,DOU,21417,11,0,0,0,0,0,0,0,0,0,0,0,38500,179.76
04/2026,2,NORDESTE,NE,23,CEARA,CEARÁ,CE,230410,CRATEUS,CRATEÚS,1,2025,DOU,80130,35,0,6,0,0,0,0,0,0,0,0,0,133000,165.98
04/2026,2,NORDESTE,NE,23,CEARA,CEARÁ,CE,230420,CRATO,CRATO,1,2025,DOU,139027,47,0,0,0,0,0,0,1,27,0,0,27,164527,118.34
04/2026,2,NORDESTE,NE,23,CEARA,CEARÁ,CE,230423,CROATA,CROATÁ,3,2025,DOU,18050,9,0,0,0,0,0,0,0,0,0,0,0,31500,174.51
04/2026,2,NORDESTE,NE,23,CEARA,CEARÁ,CE,230425,CRUZ,CRUZ,3,2025,DOU,32288,13,0,0,0,0,0,0,0,0,0,0,0,45500,140.91
04/2026,2,NORDESTE,NE,23,CEARA,CEARÁ,CE,230426,DEPUTADO IRAPUAN PINHEIRO,DEPUTADO IRAPUAN PINHEIRO,3,2025,DOU,9173,5,0,0,0,0,0,0,0,0,0,0,0,17500,190.77
04/2026,2,NORDESTE,NE,23,CEARA,CEARÁ,CE,230427,ERERE,ERERÊ,3,2025,DOU,6381,3,0,0,0,0,0,0,0,0,0,0,0,10500,164.55
04/2026,2,NORDESTE,NE,23,CEARA,CEARÁ,CE,230428,EUSEBIO,EUSÉBIO,1,2025,DOU,82016,27,3,0,0,0,0,0,0,0,0,0,0,102375,124.82
04/2026,2,NORDESTE,NE,23,CEARA,CEARÁ,CE,230430,FARIAS BRITO,FARIAS BRITO,3,2025,DOU,18498,10,0,0,0,0,0,0,0,0,0,0,0,35000,189.2
04/2026,2,NORDESTE,NE,23,CEARA,CEARÁ,CE,230435,FORQUILHA,FORQUILHA,1,2025,DOU,25298,9,0,0,0,0,0,0,0,0,0,0,0,31500,124.51
04/2026,2,NORDESTE,NE,23,CEARA,CEARÁ,CE,230440,FORTALEZA,FORTALEZA,1,2025,DOU,2578483,541,16,0,0,0,6,4933,0,0,0,0,4933,1940433,75.25
04/2026,2,NORDESTE,NE,23,CEARA,CEARÁ,CE,230445,FORTIM,FORTIM,3,2025,DOU,18213,7,0,2,0,0,0,0,1,66,0,0,66,28066,154.09
04/2026,2,NORDESTE,NE,23,CEARA,CEARÁ,CE,230450,FRECHEIRINHA,FRECHEIRINHA,3,2025,DOU,16516,7,0,0,0,0,0,0,0,0,0,0,0,24500,148.34
04/2026,2,NORDESTE,NE,23,CEARA,CEARÁ,CE,230460,GENERAL SAMPAIO,GENERAL SAMPAIO,3,2025,DOU,6929,4,0,0,0,0,0,0,0,0,0,0,0,14000,202.04
04/2026,2,NORDESTE,NE,23,CEARA,CEARÁ,CE,230465,GRACA,GRAÇA,3,2025,DOU,14176,8,0,0,0,0,0,0,0,0,0,0,0,28000,197.51
04/2026,2,NORDESTE,NE,23,CEARA,CEARÁ,CE,230470,GRANJA,GRANJA,3,2025,DOU,55809,24,0,0,0,0,0,0,0,0,0,0,0,84000,150.51
04/2026,2,NORDESTE,NE,23,CEARA,CEARÁ,CE,230480,GRANJEIRO,GRANJEIRO,3,2025,DOU,4955,2,0,0,0,0,0,0,0,0,0,0,0,7000,141.27
04/2026,2,NORDESTE,NE,23,CEARA,CEARÁ,CE,230490,GROAIRAS,GROAÍRAS,3,2025,DOU,11369,5,0,0,0,0,0,0,0,0,0,0,0,17500,153.92
04/2026,2,NORDESTE,NE,23,CEARA,CEARÁ,CE,230495,GUAIUBA,GUAIÚBA,2,2025,DOU,25158,13,0,0,0,0,0,0,0,0,0,0,0,45500,180.85
04/2026,2,NORDESTE,NE,23,CEARA,CEARÁ,CE,230500,GUARACIABA DO NORTE,GUARACIABA DO NORTE,3,2025,DOU,44565,20,0,0,0,0,0,0,0,0,0,0,0,70000,157.07
04/2026,2,NORDESTE,NE,23,CEARA,CEARÁ,CE,230510,GUARAMIRANGA,GUARAMIRANGA,3,2025,DOU,5826,3,0,0,0,0,0,0,0,0,0,0,0,10500,180.22
04/2026,2,NORDESTE,NE,23,CEARA,CEARÁ,CE,230520,HIDROLANDIA,HIDROLÂNDIA,3,2025,DOU,18186,8,0,0,0,0,0,0,0,0,0,0,0,28000,153.96
04/2026,2,NORDESTE,NE,23,CEARA,CEARÁ,CE,230523,HORIZONTE,HORIZONTE,1,2025,DOU,81161,26,0,0,0,0,0,0,1,0,0,0,0,91000,112.12
04/2026,2,NORDESTE,NE,23,CEARA,CEARÁ,CE,230526,IBARETAMA,IBARETAMA,3,2025,DOU,12149,7,0,0,0,0,0,0,0,0,0,0,0,24500,201.66
04/2026,2,NORDESTE,NE,23,CEARA,CEARÁ,CE,230530,IBIAPINA,IBIAPINA,3,2025,DOU,24689,13,0,0,0,0,0,0,0,0,0,0,0,45500,184.29
04/2026,2,NORDESTE,NE,23,CEARA,CEARÁ,CE,230533,IBICUITINGA,IBICUITINGA,3,2025,DOU,12008,6,0,0,0,0,0,0,0,0,0,0,0,21000,174.88
04/2026,2,NORDESTE,NE,23,CEARA,CEARÁ,CE,230535,ICAPUI,ICAPUÍ,3,2025,DOU,22562,10,0,0,0,0,0,0,0,0,0,0,0,35000,155.12
04/2026,2,NORDESTE,NE,23,CEARA,CEARÁ,CE,230540,ICO,ICÓ,2,2025,DOU,64745,21,0,0,0,0,0,0,0,0,0,0,0,73500,113.52
04/2026,2,NORDESTE,NE,23,CEARA,CEARÁ,CE,230550,IGUATU,IGUATU,1,2025,DOU,102588,40,0,0,0,0,1,33,0,0,0,0,33,140033,136.5
04/2026,2,NORDESTE,NE,23,CEARA,CEARÁ,CE,230560,INDEPENDENCIA,INDEPENDÊNCIA,3,2025,DOU,24463,13,0,0,0,0,0,0,0,0,0,0,0,45500,185.99
04/2026,2,NORDESTE,NE,23,CEARA,CEARÁ,CE,230565,IPAPORANGA,IPAPORANGA,3,2025,DOU,11963,6,0,0,0,0,0,0,0,0,0,0,0,21000,175.54
04/2026,2,NORDESTE,NE,23,CEARA,CEARÁ,CE,230570,IPAUMIRIM,IPAUMIRIM,3,2025,DOU,12459,6,0,0,0,0,0,0,0,0,0,0,0,21000,168.55
04/2026,2,NORDESTE,NE,23,CEARA,CEARÁ,CE,230580,IPU,IPU,2,2025,DOU,43084,18,0,0,0,0,0,0,0,0,0,0,0,63000,146.22
04/2026,2,NORDESTE,NE,23,CEARA,CEARÁ,CE,230590,IPUEIRAS,IPUEIRAS,3,2025,DOU,38287,17,0,0,0,0,0,0,0,0,0,0,0,59500,155.4
04/2026,2,NORDESTE,NE,23,CEARA,CEARÁ,CE,230600,IRACEMA,IRACEMA,3,2025,DOU,14440,6,1,0,0,0,0,0,0,0,0,0,0,23625,163.6
04/2026,2,NORDESTE,NE,23,CEARA,CEARÁ,CE,230610,IRAUCUBA,IRAUÇUBA,3,2025,DOU,24867,13,0,0,0,0,0,0,0,0,0,0,0,45500,182.97
04/2026,2,NORDESTE,NE,23,CEARA,CEARÁ,CE,230620,ITAICABA,ITAIÇABA,3,2025,DOU,7801,4,0,0,0,0,0,0,0,0,0,0,0,14000,179.46
04/2026,2,NORDESTE,NE,23,CEARA,CEARÁ,CE,230625,ITAITINGA,ITAITINGA,1,2025,DOU,72512,18,1,0,0,0,0,0,9,3457,1,335,3792,69417,95.73
04/2026,2,NORDESTE,NE,23,CEARA,CEARÁ,CE,230630,ITAPAJE,ITAPAGÉ,1,2025,DOU,49073,24,0,5,0,0,0,0,0,0,0,0,0,92750,189.0
04/2026,2,NORDESTE,NE,23,CEARA,CEARÁ,CE,230640,ITAPIPOCA,ITAPIPOCA,1,2025,DOU,138978,52,2,0,0,0,0,0,0,0,0,0,0,187250,134.73
04/2026,2,NORDESTE,NE,23,CEARA,CEARÁ,CE,230650,ITAPIUNA,ITAPIÚNA,3,2025,DOU,18197,6,0,0,0,0,0,0,0,0,0,0,0,21000,115.4
04/2026,2,NORDESTE,NE,23,CEARA,CEARÁ,CE,230655,ITAREMA,ITAREMA,3,2025,DOU,45852,21,0,0,0,0,0,0,0,0,0,0,0,73500,160.29
04/2026,2,NORDESTE,NE,23,CEARA,CEARÁ,CE,230660,ITATIRA,ITATIRA,3,2025,DOU,21160,11,0,0,0,0,0,0,0,0,0,0,0,38500,181.94
04/2026,2,NORDESTE,NE,23,CEARA,CEARÁ,CE,230670,JAGUARETAMA,JAGUARETAMA,3,2025,DOU,17604,9,0,0,0,0,0,0,0,0,0,0,0,31500,178.93
04/2026,2,NORDESTE,NE,23,CEARA,CEARÁ,CE,230680,JAGUARIBARA,JAGUARIBARA,3,2025,DOU,10668,5,0,0,0,0,0,0,0,0,0,0,0,17500,164.04
04/2026,2,NORDESTE,NE,23,CEARA,CEARÁ,CE,230690,JAGUARIBE,JAGUARIBE,2,2025,DOU,35143,14,0,6,0,0,0,0,0,0,0,0,0,59500,169.3
04/2026,2,NORDESTE,NE,23,CEARA,CEARÁ,CE,230700,JAGUARUANA,JAGUARUANA,3,2025,DOU,33115,17,0,0,0,0,0,0,0,0,0,0,0,59500,179.67
04/2026,2,NORDESTE,NE,23,CEARA,CEARÁ,CE,230710,JARDIM,JARDIM,3,2025,DOU,28801,13,0,0,0,0,0,0,0,0,0,0,0,45500,157.98
04/2026,2,NORDESTE,NE,23,CEARA,CEARÁ,CE,230720,JATI,JATI,3,2025,DOU,8114,4,0,0,0,0,0,0,0,0,0,0,0,14000,172.54
04/2026,2,NORDESTE,NE,23,CEARA,CEARÁ,CE,230725,JIJOCA DE JERICOACOARA,JIJOCA DE JERICOACOARA,3,2025,DOU,28198,9,0,0,0,0,0,0,0,0,0,0,0,31500,111.71
04/2026,2,NORDESTE,NE,23,CEARA,CEARÁ,CE,230730,JUAZEIRO DO NORTE,JUAZEIRO DO NORTE,1,2025,DOU,305531,80,8,0,0,0,1,94,2,308,0,0,402,301402,98.64
04/2026,2,NORDESTE,NE,23,CEARA,CEARÁ,CE,230740,JUCAS,JUCÁS,3,2025,DOU,24624,12,0,0,0,0,0,0,0,0,0,0,0,42000,170.56
04/2026,2,NORDESTE,NE,23,CEARA,CEARÁ,CE,230750,LAVRAS DA MANGABEIRA,LAVRAS DA MANGABEIRA,3,2025,DOU,32163,13,1,0,0,0,0,0,0,0,0,0,0,48125,149.62
04/2026,2,NORDESTE,NE,23,CEARA,CEARÁ,CE,230760,LIMOEIRO DO NORTE,LIMOEIRO DO NORTE,1,2025,DOU,62623,21,0,0,0,0,0,0,0,0,0,0,0,73500,117.36
04/2026,2,NORDESTE,NE,23,CEARA,CEARÁ,CE,230763,MADALENA,MADALENA,3,2025,DOU,17235,8,0,0,0,0,0,0,0,0,0,0,0,28000,162.46
04/2026,2,NORDESTE,NE,23,CEARA,CEARÁ,CE,230765,MARACANAU,MARACANAÚ,1,2025,DOU,251613,75,0,0,0,0,0,0,1,0,0,0,0,262500,104.32
04/2026,2,NORDESTE,NE,23,CEARA,CEARÁ,CE,230770,MARANGUAPE,MARANGUAPE,1,2025,DOU,108622,42,0,0,0,0,1,4,0,0,0,0,4,147004,135.33
04/2026,2,NORDESTE,NE,23,CEARA,CEARÁ,CE,230780,MARCO,MARCO,3,2025,DOU,27177,10,3,0,0,0,0,0,0,0,0,0,0,42875,157.76
04/2026,2,NORDESTE,NE,23,CEARA,CEARÁ,CE,230790,MARTINOPOLE,MARTINÓPOLE,2,2025,DOU,11280,6,0,0,0,0,0,0,0,0,0,0,0,21000,186.17
04/2026,2,NORDESTE,NE,23,CEARA,CEARÁ,CE,230800,MASSAPE,MASSAPÊ,3,2025,DOU,39840,14,0,0,0,0,0,0,0,0,0,0,0,49000,122.99
04/2026,2,NORDESTE,NE,23,CEARA,CEARÁ,CE,230810,MAURITI,MAURITI,3,2025,DOU,47501,24,0,0,0,0,0,0,0,0,0,0,0,84000,176.83
04/2026,2,NORDESTE,NE,23,CEARA,CEARÁ,CE,230820,MERUOCA,MERUOCA,3,2025,DOU,15853,7,0,0,0,0,0,0,0,0,0,0,0,24500,154.54
04/2026,2,NORDESTE,NE,23,CEARA,CEARÁ,CE,230830,MILAGRES,MILAGRES,3,2025,DOU,26819,14,0,0,0,0,0,0,0,0,0,0,0,49000,182.7
04/2026,2,NORDESTE,NE,23,CEARA,CEARÁ,CE,230835,MILHA,MILHÃ,3,2025,DOU,14713,7,0,0,0,0,0,0,0,0,0,0,0,24500,166.51
04/2026,2,NORDESTE,NE,23,CEARA,CEARÁ,CE,230837,MIRAIMA,MIRAÍMA,3,2025,DOU,14826,7,0,0,0,0,0,0,0,0,0,0,0,24500,165.25
04/2026,2,NORDESTE,NE,23,CEARA,CEARÁ,CE,230840,MISSAO VELHA,MISSÃO VELHA,3,2025,DOU,38997,18,0,0,0,0,0,0,0,0,0,0,0,63000,161.55
04/2026,2,NORDESTE,NE,23,CEARA,CEARÁ,CE,230850,MOMBACA,MOMBAÇA,3,2025,DOU,38451,18,0,1,0,0,0,0,0,0,0,0,0,64750,168.39
04/2026,2,NORDESTE,NE,23,CEARA,CEARÁ,CE,230860,MONSENHOR TABOSA,MONSENHOR TABOSA,3,2025,DOU,17705,8,0,0,0,0,0,0,0,0,0,0,0,28000,158.14
04/2026,2,NORDESTE,NE,23,CEARA,CEARÁ,CE,230870,MORADA NOVA,MORADA NOVA,2,2025,DOU,65390,29,1,0,0,0,0,0,0,0,0,0,0,104125,159.23
04/2026,2,NORDESTE,NE,23,CEARA,CEARÁ,CE,230880,MORAUJO,MORAÚJO,3,2025,DOU,8537,4,0,0,0,0,0,0,0,0,0,0,0,14000,163.99
04/2026,2,NORDESTE,NE,23,CEARA,CEARÁ,CE,230890,MORRINHOS,MORRINHOS,3,2025,DOU,23747,9,0,0,0,0,0,0,0,0,0,0,0,31500,132.64
04/2026,2,NORDESTE,NE,23,CEARA,CEARÁ,CE,230900,MUCAMBO,MUCAMBO,3,2025,DOU,13999,6,0,2,0,0,0,0,0,0,0,0,0,24500,175.01
04/2026,2,NORDESTE,NE,23,CEARA,CEARÁ,CE,230910,MULUNGU,MULUNGU,3,2025,DOU,11064,4,0,0,0,0,0,0,0,0,0,0,0,14000,126.53
04/2026,2,NORDESTE,NE,23,CEARA,CEARÁ,CE,230920,NOVA OLINDA,NOVA OLINDA,3,2025,DOU,16045,7,0,0,0,0,0,0,0,0,0,0,0,24500,152.69
04/2026,2,NORDESTE,NE,23,CEARA,CEARÁ,CE,230930,NOVA RUSSAS,NOVA RUSSAS,2,2025,DOU,32053,15,0,0,0,0,0,0,0,0,0,0,0,52500,163.79
04/2026,2,NORDESTE,NE,23,CEARA,CEARÁ,CE,230940,NOVO ORIENTE,NOVO ORIENTE,3,2025,DOU,29097,15,0,0,0,0,0,0,0,0,0,0,0,52500,180.43
04/2026,2,NORDESTE,NE,23,CEARA,CEARÁ,CE,230945,OCARA,OCARA,3,2025,DOU,25272,13,0,0,0,0,0,0,0,0,0,0,0,45500,180.04
04/2026,2,NORDESTE,NE,23,CEARA,CEARÁ,CE,230950,OROS,ORÓS,2,2025,DOU,19943,11,0,0,0,0,0,0,0,0,0,0,0,38500,193.05
04/2026,2,NORDESTE,NE,23,CEARA,CEARÁ,CE,230960,PACAJUS,PACAJUS,1,2025,DOU,75454,26,0,0,0,0,0,0,0,0,0,0,0,91000,120.6
04/2026,2,NORDESTE,NE,23,CEARA,CEARÁ,CE,230970,PACATUBA,PACATUBA,1,2025,DOU,86564,28,0,0,0,0,0,0,1,371,0,0,371,98371,113.63
04/2026,2,NORDESTE,NE,23,CEARA,CEARÁ,CE,230980,PACOTI,PACOTI,3,2025,DOU,11421,6,0,0,0,0,0,0,0,0,0,0,0,21000,183.87
04/2026,2,NORDESTE,NE,23,CEARA,CEARÁ,CE,230990,PACUJA,PACUJÁ,3,2025,DOU,6348,3,0,0,0,0,0,0,0,0,0,0,0,10500,165.4
04/2026,2,NORDESTE,NE,23,CEARA,CEARÁ,CE,231000,PALHANO,PALHANO,3,2025,DOU,9709,5,0,0,0,0,0,0,0,0,0,0,0,17500,180.24
04/2026,2,NORDESTE,NE,23,CEARA,CEARÁ,CE,231010,PALMACIA,PALMÁCIA,3,2025,DOU,10252,5,0,0,0,0,0,0,0,0,0,0,0,17500,170.69
04/2026,2,NORDESTE,NE,23,CEARA,CEARÁ,CE,231020,PARACURU,PARACURU,2,2025,DOU,41894,16,0,0,0,0,0,0,0,0,0,0,0,56000,133.67
04/2026,2,NORDESTE,NE,23,CEARA,CEARÁ,CE,231025,PARAIPABA,PARAIPABA,3,2025,DOU,34086,15,0,0,0,0,0,0,0,0,0,0,0,52500,154.02
04/2026,2,NORDESTE,NE,23,CEARA,CEARÁ,CE,231030,PARAMBU,PARAMBU,3,2025,DOU,32867,15,0,0,0,0,0,0,0,0,0,0,0,52500,159.73
04/2026,2,NORDESTE,NE,23,CEARA,CEARÁ,CE,231040,PARAMOTI,PARAMOTI,3,2025,DOU,10462,6,0,0,0,0,0,0,0,0,0,0,0,21000,200.72
04/2026,2,NORDESTE,NE,23,CEARA,CEARÁ,CE,231050,PEDRA BRANCA,PEDRA BRANCA,2,2025,DOU,42227,17,0,0,0,0,0,0,0,0,0,0,0,59500,140.9
04/2026,2,NORDESTE,NE,23,CEARA,CEARÁ,CE,231060,PENAFORTE,PENAFORTE,3,2025,DOU,9357,5,0,0,0,0,0,0,0,0,0,0,0,17500,187.02
04/2026,2,NORDESTE,NE,23,CEARA,CEARÁ,CE,231070,PENTECOSTE,PENTECOSTE,2,2025,DOU,39903,15,0,0,0,0,0,0,0,0,0,0,0,52500,131.56
04/2026,2,NORDESTE,NE,23,CEARA,CEARÁ,CE,231080,PEREIRO,PEREIRO,3,2025,DOU,15858,7,0,0,0,0,0,0,0,0,0,0,0,24500,154.49
04/2026,2,NORDESTE,NE,23,CEARA,CEARÁ,CE,231085,PINDORETAMA,PINDORETAMA,3,2025,DOU,24919,10,0,0,0,0,0,0,0,0,0,0,0,35000,140.45
04/2026,2,NORDESTE,NE,23,CEARA,CEARÁ,CE,231090,PIQUET CARNEIRO,PIQUET CARNEIRO,3,2025,DOU,17285,8,0,0,0,0,0,0,0,0,0,0,0,28000,161.99
04/2026,2,NORDESTE,NE,23,CEARA,CEARÁ,CE,231095,PIRES FERREIRA,PIRES FERREIRA,3,2025,DOU,10984,5,0,0,0,0,0,0,0,0,0,0,0,17500,159.32
04/2026,2,NORDESTE,NE,23,CEARA,CEARÁ,CE,231100,PORANGA,PORANGA,3,2025,DOU,12441,6,0,0,0,0,0,0,0,0,0,0,0,21000,168.79
04/2026,2,NORDESTE,NE,23,CEARA,CEARÁ,CE,231110,PORTEIRAS,PORTEIRAS,3,2025,DOU,17877,7,0,0,0,0,0,0,0,0,0,0,0,24500,137.04
04/2026,2,NORDESTE,NE,23,CEARA,CEARÁ,CE,231120,POTENGI,POTENGI,3,2025,DOU,8854,6,0,0,0,0,0,0,0,0,0,0,0,21000,237.18
04/2026,2,NORDESTE,NE,23,CEARA,CEARÁ,CE,231123,POTIRETAMA,POTIRETAMA,3,2025,DOU,6128,3,0,0,0,0,0,0,0,0,0,0,0,10500,171.34
04/2026,2,NORDESTE,NE,23,CEARA,CEARÁ,CE,231126,QUITERIANOPOLIS,QUITERIANÓPOLIS,3,2025,DOU,20545,11,0,0,0,0,0,0,0,0,0,0,0,38500,187.39
04/2026,2,NORDESTE,NE,23,CEARA,CEARÁ,CE,231130,QUIXADA,QUIXADÁ,1,2025,DOU,88846,26,0,1,0,0,0,0,1,0,0,0,0,92750,104.39
04/2026,2,NORDESTE,NE,23,CEARA,CEARÁ,CE,231135,QUIXELO,QUIXELÔ,3,2025,DOU,16998,8,0,0,0,0,0,0,0,0,0,0,0,28000,164.72
04/2026,2,NORDESTE,NE,23,CEARA,CEARÁ,CE,231140,QUIXERAMOBIM,QUIXERAMOBIM,1,2025,DOU,86431,28,0,0,0,0,0,0,0,0,0,0,0,98000,113.38
04/2026,2,NORDESTE,NE,23,CEARA,CEARÁ,CE,231150,QUIXERE,QUIXERÉ,2,2025,DOU,21659,10,0,1,0,0,0,0,0,0,0,0,0,36750,169.67
04/2026,2,NORDESTE,NE,23,CEARA,CEARÁ,CE,231160,REDENCAO,REDENÇÃO,2,2025,DOU,28382,15,0,0,0,0,0,0,0,0,0,0,0,52500,184.97
04/2026,2,NORDESTE,NE,23,CEARA,CEARÁ,CE,231170,RERIUTABA,RERIUTABA,3,2025,DOU,19051,9,0,0,0,0,0,0,0,0,0,0,0,31500,165.34
04/2026,2,NORDESTE,NE,23,CEARA,CEARÁ,CE,231180,RUSSAS,RUSSAS,1,2025,DOU,74834,28,2,0,0,0,0,0,0,0,0,0,0,103250,137.97
04/2026,2,NORDESTE,NE,23,CEARA,CEARÁ,CE,231190,SABOEIRO,SABOEIRO,3,2025,DOU,13943,8,0,0,0,0,0,0,0,0,0,0,0,28000,200.81
04/2026,2,NORDESTE,NE,23,CEARA,CEARÁ,CE,231195,SALITRE,SALITRE,3,2025,DOU,17303,8,0,0,0,0,0,0,0,0,0,0,0,28000,161.82
04/2026,2,NORDESTE,NE,23,CEARA,CEARÁ,CE,231220,SANTA QUITERIA,SANTA QUITÉRIA,3,2025,DOU,41569,18,2,0,0,0,0,0,0,0,0,0,0,68250,164.18
04/2026,2,NORDESTE,NE,23,CEARA,CEARÁ,CE,231200,SANTANA DO ACARAU,SANTANA DO ACARAÚ,3,2025,DOU,32133,13,0,0,0,0,0,0,0,0,0,0,0,45500,141.59
04/2026,2,NORDESTE,NE,23,CEARA,CEARÁ,CE,231210,SANTANA DO CARIRI,SANTANA DO CARIRI,3,2025,DOU,17391,8,0,0,0,0,0,0,0,0,0,0,0,28000,161.0
04/2026,2,NORDESTE,NE,23,CEARA,CEARÁ,CE,231230,SAO BENEDITO,SÃO BENEDITO,3,2025,DOU,50058,19,0,0,0,0,0,0,0,0,0,0,0,66500,132.84
04/2026,2,NORDESTE,NE,23,CEARA,CEARÁ,CE,231240,SAO GONCALO DO AMARANTE,SÃO GONÇALO DO AMARANTE,3,2025,DOU,58191,24,0,3,0,0,0,0,0,0,0,0,0,89250,153.37
04/2026,2,NORDESTE,NE,23,CEARA,CEARÁ,CE,231250,SAO JOAO DO JAGUARIBE,SÃO JOÃO DO JAGUARIBE,3,2025,DOU,5683,4,0,0,0,0,0,0,0,0,0,0,0,14000,246.34
04/2026,2,NORDESTE,NE,23,CEARA,CEARÁ,CE,231260,SAO LUIS DO CURU,SÃO LUÍS DO CURU,3,2025,DOU,10888,7,0,0,0,0,0,0,0,0,0,0,0,24500,225.01
04/2026,2,NORDESTE,NE,23,CEARA,CEARÁ,CE,231270,SENADOR POMPEU,SENADOR POMPEU,3,2025,DOU,25108,13,0,0,0,0,0,0,0,0,0,0,0,45500,181.21
04/2026,2,NORDESTE,NE,23,CEARA,CEARÁ,CE,231280,SENADOR SA,SENADOR SÁ,3,2025,DOU,7551,4,0,0,0,0,0,0,0,0,0,0,0,14000,185.4
04/2026,2,NORDESTE,NE,23,CEARA,CEARÁ,CE,231290,SOBRAL,SOBRAL,1,2025,DOU,216519,80,0,0,0,0,1,145,1,223,0,0,368,280368,129.48
04/2026,2,NORDESTE,NE,23,CEARA,CEARÁ,CE,231300,SOLONOPOLE,SOLONÓPOLE,3,2025,DOU,18785,9,0,0,0,0,0,0,0,0,0,0,0,31500,167.68
04/2026,2,NORDESTE,NE,23,CEARA,CEARÁ,CE,231310,TABULEIRO DO NORTE,TABULEIRO DO NORTE,2,2025,DOU,32122,13,0,0,0,0,0,0,0,0,0,0,0,45500,141.64
04/2026,2,NORDESTE,NE,23,CEARA,CEARÁ,CE,231320,TAMBORIL,TAMBORIL,3,2025,DOU,25287,13,0,0,0,0,0,0,0,0,0,0,0,45500,179.93
04/2026,2,NORDESTE,NE,23,CEARA,CEARÁ,CE,231325,TARRAFAS,TARRAFAS,3,2025,DOU,7574,4,0,0,0,0,0,0,0,0,0,0,0,14000,184.84
04/2026,2,NORDESTE,NE,23,CEARA,CEARÁ,CE,231330,TAUA,TAUÁ,2,2025,DOU,64655,28,0,0,0,0,0,0,0,0,0,0,0,98000,151.57
04/2026,2,NORDESTE,NE,23,CEARA,CEARÁ,CE,231335,TEJUCUOCA,TEJUÇUOCA,3,2025,DOU,17646,9,0,1,0,0,0,0,0,0,0,0,0,33250,188.42
04/2026,2,NORDESTE,NE,23,CEARA,CEARÁ,CE,231340,TIANGUA,TIANGUÁ,1,2025,DOU,86968,26,2,0,0,0,0,0,0,0,0,0,0,96250,110.67
04/2026,2,NORDESTE,NE,23,CEARA,CEARÁ,CE,231350,TRAIRI,TRAIRI,3,2025,DOU,62004,25,2,2,0,0,0,0,0,0,0,0,0,96250,155.23
04/2026,2,NORDESTE,NE,23,CEARA,CEARÁ,CE,231355,TURURU,TURURU,3,2025,DOU,15524,8,0,0,0,0,0,0,0,0,0,0,0,28000,180.36
04/2026,2,NORDESTE,NE,23,CEARA,CEARÁ,CE,231360,UBAJARA,UBAJARA,3,2025,DOU,34424,18,0,0,0,0,0,0,0,0,0,0,0,63000,183.01
04/2026,2,NORDESTE,NE,23,CEARA,CEARÁ,CE,231370,UMARI,UMARI,3,2025,DOU,6963,4,0,0,0,0,0,0,0,0,0,0,0,14000,201.06
04/2026,2,NORDESTE,NE,23,CEARA,CEARÁ,CE,231375,UMIRIM,UMIRIM,3,2025,DOU,17751,9,0,0,0,0,0,0,0,0,0,0,0,31500,177.45
04/2026,2,NORDESTE,NE,23,CEARA,CEARÁ,CE,231380,URUBURETAMA,URUBURETAMA,2,2025,DOU,21331,11,0,0,0,0,0,0,0,0,0,0,0,38500,180.48
04/2026,2,NORDESTE,NE,23,CEARA,CEARÁ,CE,231390,URUOCA,URUOCA,3,2025,DOU,14308,7,0,0,0,0,0,0,0,0,0,0,0,24500,171.23
04/2026,2,NORDESTE,NE,23,CEARA,CEARÁ,CE,231395,VARJOTA,VARJOTA,2,2025,DOU,18708,9,0,0,0,0,0,0,0,0,0,0,0,31500,168.37
04/2026,2,NORDESTE,NE,23,CEARA,CEARÁ,CE,231400,VARZEA ALEGRE,VÁRZEA ALEGRE,2,2025,DOU,40878,15,0,0,0,0,0,0,0,0,0,0,0,52500,128.43
04/2026,2,NORDESTE,NE,23,CEARA,CEARÁ,CE,231410,VICOSA DO CEARA,VIÇOSA DO CEARÁ,3,2025,DOU,62972,19,0,0,0,0,0,0,0,0,0,0,0,66500,105.6
04/2026,5,CENTRO-OESTE,CO,53,DISTRITO FEDERAL,DISTRITO FEDERAL,DF,530010,BRASILIA,BRASÍLIA,1,2025,DOU,2996899,647,0,0,0,0,6,4633,7,13817,6,7691,26141,2290641,76.43
04/2026,3,SUDESTE,SE,32,ESPIRITO SANTO,ESPÍRITO SANTO,ES,320010,AFONSO CLAUDIO,AFONSO CLÁUDIO,3,2025,DOU,32456,12,0,2,0,0,0,0,0,0,0,0,0,45500,140.18
04/2026,3,SUDESTE,SE,32,ESPIRITO SANTO,ESPÍRITO SANTO,ES,320016,AGUA DOCE DO NORTE,ÁGUA DOCE DO NORTE,3,2025,DOU,12585,6,0,0,0,0,0,0,0,0,0,0,0,21000,166.86
04/2026,3,SUDESTE,SE,32,ESPIRITO SANTO,ESPÍRITO SANTO,ES,320013,AGUIA BRANCA,ÁGUIA BRANCA,3,2025,DOU,10143,5,0,0,0,0,0,0,0,0,0,0,0,17500,172.53
04/2026,3,SUDESTE,SE,32,ESPIRITO SANTO,ESPÍRITO SANTO,ES,320020,ALEGRE,ALEGRE,2,2025,DOU,30702,10,0,0,0,0,0,0,0,0,0,0,0,35000,113.99
04/2026,3,SUDESTE,SE,32,ESPIRITO SANTO,ESPÍRITO SANTO,ES,320030,ALFREDO CHAVES,ALFREDO CHAVES,3,2025,DOU,14376,7,0,0,0,0,0,0,0,0,0,0,0,24500,170.42
04/2026,3,SUDESTE,SE,32,ESPIRITO SANTO,ESPÍRITO SANTO,ES,320035,ALTO RIO NOVO,ALTO RIO NOVO,3,2025,DOU,7760,4,0,0,0,0,0,0,0,0,0,0,0,14000,180.41
04/2026,3,SUDESTE,SE,32,ESPIRITO SANTO,ESPÍRITO SANTO,ES,320040,ANCHIETA,ANCHIETA,3,2025,DOU,33017,13,0,0,0,0,0,0,0,0,0,0,0,45500,137.8
04/2026,3,SUDESTE,SE,32,ESPIRITO SANTO,ESPÍRITO SANTO,ES,320050,APIACA,APIACÁ,3,2025,DOU,7462,3,2,0,0,0,0,0,0,0,0,0,0,15750,211.06
04/2026,3,SUDESTE,SE,32,ESPIRITO SANTO,ESPÍRITO SANTO,ES,320060,ARACRUZ,ARACRUZ,1,2025,DOU,103363,34,0,0,0,0,0,0,1,167,0,0,167,119167,115.28
04/2026,3,SUDESTE,SE,32,ESPIRITO SANTO,ESPÍRITO SANTO,ES,320070,ATILIO VIVACQUA,ATILIO VIVACQUA,3,2025,DOU,11046,6,0,0,0,0,0,0,0,0,0,0,0,21000,190.11
04/2026,3,SUDESTE,SE,32,ESPIRITO SANTO,ESPÍRITO SANTO,ES,320080,BAIXO GUANDU,BAIXO GUANDU,2,2025,DOU,32829,12,0,0,0,0,0,0,0,0,0,0,0,42000,127.93
04/2026,3,SUDESTE,SE,32,ESPIRITO SANTO,ESPÍRITO SANTO,ES,320090,BARRA DE SAO FRANCISCO,BARRA DE SÃO FRANCISCO,3,2025,DOU,45415,14,0,1,0,0,0,0,1,0,0,0,0,50750,111.74
04/2026,3,SUDESTE,SE,32,ESPIRITO SANTO,ESPÍRITO SANTO,ES,320100,BOA ESPERANCA,BOA ESPERANÇA,3,2025,DOU,14054,6,0,0,0,0,0,0,0,0,0,0,0,21000,149.42
04/2026,3,SUDESTE,SE,32,ESPIRITO SANTO,ESPÍRITO SANTO,ES,320110,BOM JESUS DO NORTE,BOM JESUS DO NORTE,1,2025,DOU,10820,4,2,0,0,0,0,0,0,0,0,0,0,19250,177.91
04/2026,3,SUDESTE,SE,32,ESPIRITO SANTO,ESPÍRITO SANTO,ES,320115,BREJETUBA,BREJETUBA,3,2025,DOU,13718,6,0,0,0,0,0,0,0,0,0,0,0,21000,153.08
04/2026,3,SUDESTE,SE,32,ESPIRITO SANTO,ESPÍRITO SANTO,ES,320120,CACHOEIRO DE ITAPEMIRIM,CACHOEIRO DE ITAPEMIRIM,1,2025,DOU,198342,61,0,0,0,0,1,156,3,76,1,572,804,214304,108.04
04/2026,3,SUDESTE,SE,32,ESPIRITO SANTO,ESPÍRITO SANTO,ES,320130,CARIACICA,CARIACICA,1,2025,DOU,376200,60,4,21,0,0,1,737,3,484,0,0,1221,258471,68.7
04/2026,3,SUDESTE,SE,32,ESPIRITO SANTO,ESPÍRITO SANTO,ES,320140,CASTELO,CASTELO,2,2025,DOU,39575,13,1,0,0,0,0,0,0,0,0,0,0,48125,121.6
04/2026,3,SUDESTE,SE,32,ESPIRITO SANTO,ESPÍRITO SANTO,ES,320150,COLATINA,COLATINA,1,2025,DOU,129301,52,0,0,0,0,0,0,5,292,1,832,1124,183124,141.62
04/2026,3,SUDESTE,SE,32,ESPIRITO SANTO,ESPÍRITO SANTO,ES,320160,CONCEICAO DA BARRA,CONCEIÇÃO DA BARRA,2,2025,DOU,28923,9,0,2,0,0,0,0,0,0,0,0,0,35000,121.01
04/2026,3,SUDESTE,SE,32,ESPIRITO SANTO,ESPÍRITO SANTO,ES,320170,CONCEICAO DO CASTELO,CONCEIÇÃO DO CASTELO,3,2025,DOU,12472,5,0,0,0,0,0,0,0,0,0,0,0,17500,140.31
04/2026,3,SUDESTE,SE,32,ESPIRITO SANTO,ESPÍRITO SANTO,ES,320180,DIVINO DE SAO LOURENCO,DIVINO DE SÃO LOURENÇO,3,2025,DOU,5397,2,0,0,0,0,0,0,0,0,0,0,0,7000,129.7
04/2026,3,SUDESTE,SE,32,ESPIRITO SANTO,ESPÍRITO SANTO,ES,320190,DOMINGOS MARTINS,DOMINGOS MARTINS,3,2025,DOU,38236,13,0,0,0,0,0,0,0,0,0,0,0,45500,118.99
04/2026,3,SUDESTE,SE,32,ESPIRITO SANTO,ESPÍRITO SANTO,ES,320200,DORES DO RIO PRETO,DORES DO RIO PRETO,3,2025,DOU,6902,3,0,0,0,0,0,0,0,0,0,0,0,10500,152.12
04/2026,3,SUDESTE,SE,32,ESPIRITO SANTO,ESPÍRITO SANTO,ES,320210,ECOPORANGA,ECOPORANGA,3,2025,DOU,22611,10,0,0,0,0,0,0,0,0,0,0,0,35000,154.79
04/2026,3,SUDESTE,SE,32,ESPIRITO SANTO,ESPÍRITO SANTO,ES,320220,FUNDAO,FUNDÃO,1,2025,DOU,18898,7,3,0,0,0,0,0,0,0,0,0,0,32375,171.31
04/2026,3,SUDESTE,SE,32,ESPIRITO SANTO,ESPÍRITO SANTO,ES,320225,GOVERNADOR LINDENBERG,GOVERNADOR LINDENBERG,3,2025,DOU,11484,5,0,0,0,0,0,0,0,0,0,0,0,17500,152.38
04/2026,3,SUDESTE,SE,32,ESPIRITO SANTO,ESPÍRITO SANTO,ES,320230,GUACUI,GUAÇUÍ,2,2025,DOU,31418,11,0,0,0,0,0,0,0,0,0,0,0,38500,122.54
04/2026,3,SUDESTE,SE,32,ESPIRITO SANTO,ESPÍRITO SANTO,ES,320240,GUARAPARI,GUARAPARI,1,2025,DOU,136311,25,1,1,0,0,0,0,1,0,0,0,0,91875,67.4
04/2026,3,SUDESTE,SE,32,ESPIRITO SANTO,ESPÍRITO SANTO,ES,320245,IBATIBA,IBATIBA,2,2025,DOU,27543,7,0,0,0,0,0,0,0,0,0,0,0,24500,88.95
04/2026,3,SUDESTE,SE,32,ESPIRITO SANTO,ESPÍRITO SANTO,ES,320250,IBIRACU,IBIRAÇU,2,2025,DOU,12304,4,0,0,0,0,0,0,0,0,0,0,0,14000,113.78
04/2026,3,SUDESTE,SE,32,ESPIRITO SANTO,ESPÍRITO SANTO,ES,320255,IBITIRAMA,IBITIRAMA,3,2025,DOU,10015,4,0,0,0,0,0,0,0,0,0,0,0,14000,139.79
04/2026,3,SUDESTE,SE,32,ESPIRITO SANTO,ESPÍRITO SANTO,ES,320260,ICONHA,ICONHA,3,2025,DOU,12790,6,0,0,0,0,0,0,0,0,0,0,0,21000,164.19
04/2026,3,SUDESTE,SE,32,ESPIRITO SANTO,ESPÍRITO SANTO,ES,320265,IRUPI,IRUPI,3,2025,DOU,14647,5,0,1,0,0,0,0,0,0,0,0,0,19250,131.42
04/2026,3,SUDESTE,SE,32,ESPIRITO SANTO,ESPÍRITO SANTO,ES,320270,ITAGUACU,ITAGUAÇU,3,2025,DOU,14042,6,0,0,0,0,0,0,0,0,0,0,0,21000,149.55
04/2026,3,SUDESTE,SE,32,ESPIRITO SANTO,ESPÍRITO SANTO,ES,320280,ITAPEMIRIM,ITAPEMIRIM,2,2025,DOU,44020,13,2,0,0,0,0,0,0,0,0,0,0,50750,115.28
04/2026,3,SUDESTE,SE,32,ESPIRITO SANTO,ESPÍRITO SANTO,ES,320290,ITARANA,ITARANA,3,2025,DOU,10975,5,0,0,0,0,0,0,0,0,0,0,0,17500,159.45
04/2026,3,SUDESTE,SE,32,ESPIRITO SANTO,ESPÍRITO SANTO,ES,320300,IUNA,IÚNA,2,2025,DOU,30556,11,1,0,0,0,0,0,0,0,0,0,0,41125,134.58
04/2026,3,SUDESTE,SE,32,ESPIRITO SANTO,ESPÍRITO SANTO,ES,320305,JAGUARE,JAGUARÉ,2,2025,DOU,31551,11,2,1,0,0,0,0,0,0,0,0,0,45500,144.21
04/2026,3,SUDESTE,SE,32,ESPIRITO SANTO,ESPÍRITO SANTO,ES,320310,JERONIMO MONTEIRO,JERÔNIMO MONTEIRO,3,2025,DOU,12108,4,0,0,0,0,0,0,0,0,0,0,0,14000,115.62
04/2026,3,SUDESTE,SE,32,ESPIRITO SANTO,ESPÍRITO SANTO,ES,320313,JOAO NEIVA,JOÃO NEIVA,2,2025,DOU,14295,6,0,0,0,0,0,0,0,0,0,0,0,21000,146.9
04/2026,3,SUDESTE,SE,32,ESPIRITO SANTO,ESPÍRITO SANTO,ES,320316,LARANJA DA TERRA,LARANJA DA TERRA,3,2025,DOU,11597,4,2,0,0,0,0,0,0,0,0,0,0,19250,165.99
04/2026,3,SUDESTE,SE,32,ESPIRITO SANTO,ESPÍRITO SANTO,ES,320320,LINHARES,LINHARES,1,2025,DOU,183797,47,0,0,0,0,1,94,4,251,0,0,345,164845,89.68
04/2026,3,SUDESTE,SE,32,ESPIRITO SANTO,ESPÍRITO SANTO,ES,320330,MANTENOPOLIS,MANTENÓPOLIS,3,2025,DOU,13131,5,0,0,0,0,0,0,0,0,0,0,0,17500,133.27
04/2026,3,SUDESTE,SE,32,ESPIRITO SANTO,ESPÍRITO SANTO,ES,320332,MARATAIZES,MARATAÍZES,2,2025,DOU,45953,18,0,0,0,0,0,0,1,0,0,0,0,63000,137.09
04/2026,3,SUDESTE,SE,32,ESPIRITO SANTO,ESPÍRITO SANTO,ES,320334,MARECHAL FLORIANO,MARECHAL FLORIANO,3,2025,DOU,18964,7,0,0,0,0,0,0,0,0,0,0,0,24500,129.19
04/2026,3,SUDESTE,SE,32,ESPIRITO SANTO,ESPÍRITO SANTO,ES,320335,MARILANDIA,MARILÂNDIA,3,2025,DOU,13087,6,0,0,0,0,0,0,0,0,0,0,0,21000,160.46
04/2026,3,SUDESTE,SE,32,ESPIRITO SANTO,ESPÍRITO SANTO,ES,320340,MIMOSO DO SUL,MIMOSO DO SUL,3,2025,DOU,25088,13,0,0,0,0,0,0,0,0,0,0,0,45500,181.36
04/2026,3,SUDESTE,SE,32,ESPIRITO SANTO,ESPÍRITO SANTO,ES,320350,MONTANHA,MONTANHA,2,2025,DOU,19830,8,2,0,0,0,0,0,0,0,0,0,0,33250,167.67
04/2026,3,SUDESTE,SE,32,ESPIRITO SANTO,ESPÍRITO SANTO,ES,320360,MUCURICI,MUCURICI,3,2025,DOU,5653,3,0,0,0,0,0,0,0,0,0,0,0,10500,185.74
04/2026,3,SUDESTE,SE,32,ESPIRITO SANTO,ESPÍRITO SANTO,ES,320370,MUNIZ FREIRE,MUNIZ FREIRE,3,2025,DOU,18809,9,0,0,0,0,0,0,0,0,0,0,0,31500,167.47
04/2026,3,SUDESTE,SE,32,ESPIRITO SANTO,ESPÍRITO SANTO,ES,320380,MUQUI,MUQUI,3,2025,DOU,14185,7,0,0,0,0,0,0,0,0,0,0,0,24500,172.71
04/2026,3,SUDESTE,SE,32,ESPIRITO SANTO,ESPÍRITO SANTO,ES,320390,NOVA VENECIA,NOVA VENÉCIA,1,2025,DOU,52324,15,0,0,0,0,0,0,0,0,0,0,0,52500,100.33
04/2026,3,SUDESTE,SE,32,ESPIRITO SANTO,ESPÍRITO SANTO,ES,320400,PANCAS,PANCAS,3,2025,DOU,19120,9,0,0,0,0,0,0,0,0,0,0,0,31500,164.74
04/2026,3,SUDESTE,SE,32,ESPIRITO SANTO,ESPÍRITO SANTO,ES,320405,PEDRO CANARIO,PEDRO CANÁRIO,2,2025,DOU,21923,9,0,1,0,0,0,0,0,0,0,0,0,33250,151.66
04/2026,3,SUDESTE,SE,32,ESPIRITO SANTO,ESPÍRITO SANTO,ES,320410,PINHEIROS,PINHEIROS,2,2025,DOU,24843,9,0,0,0,0,0,0,0,0,0,0,0,31500,126.79
04/2026,3,SUDESTE,SE,32,ESPIRITO SANTO,ESPÍRITO SANTO,ES,320420,PIUMA,PIÚMA,1,2025,DOU,23912,9,1,0,0,0,0,0,0,0,0,0,0,34125,142.71
04/2026,3,SUDESTE,SE,32,ESPIRITO SANTO,ESPÍRITO SANTO,ES,320425,PONTO BELO,PONTO BELO,3,2025,DOU,6671,3,1,0,0,0,0,0,0,0,0,0,0,13125,196.74
04/2026,3,SUDESTE,SE,32,ESPIRITO SANTO,ESPÍRITO SANTO,ES,320430,PRESIDENTE KENNEDY,PRESIDENTE KENNEDY,3,2025,DOU,14852,6,0,0,0,0,0,0,0,0,0,0,0,21000,141.39
04/2026,3,SUDESTE,SE,32,ESPIRITO SANTO,ESPÍRITO SANTO,ES,320435,RIO BANANAL,RIO BANANAL,3,2025,DOU,20350,7,0,0,0,0,0,0,0,0,0,0,0,24500,120.39
04/2026,3,SUDESTE,SE,32,ESPIRITO SANTO,ESPÍRITO SANTO,ES,320440,RIO NOVO DO SUL,RIO NOVO DO SUL,3,2025,DOU,11471,6,0,0,0,0,0,0,0,0,0,0,0,21000,183.07
04/2026,3,SUDESTE,SE,32,ESPIRITO SANTO,ESPÍRITO SANTO,ES,320450,SANTA LEOPOLDINA,SANTA LEOPOLDINA,3,2025,DOU,13813,5,0,0,0,0,0,0,0,0,0,0,0,17500,126.69
04/2026,3,SUDESTE,SE,32,ESPIRITO SANTO,ESPÍRITO SANTO,ES,320455,SANTA MARIA DE JETIBA,SANTA MARIA DE JETIBÁ,3,2025,DOU,45575,19,0,0,0,0,0,0,0,0,0,0,0,66500,145.91
04/2026,3,SUDESTE,SE,32,ESPIRITO SANTO,ESPÍRITO SANTO,ES,320460,SANTA TERESA,SANTA TERESA,3,2025,DOU,23872,9,0,0,0,0,0,0,0,0,0,0,0,31500,131.95
04/2026,3,SUDESTE,SE,32,ESPIRITO SANTO,ESPÍRITO SANTO,ES,320465,SAO DOMINGOS DO NORTE,SÃO DOMINGOS DO NORTE,3,2025,DOU,9051,3,0,0,0,0,0,0,1,102,0,0,102,10602,117.13
04/2026,3,SUDESTE,SE,32,ESPIRITO SANTO,ESPÍRITO SANTO,ES,320470,SAO GABRIEL DA PALHA,SÃO GABRIEL DA PALHA,2,2025,DOU,34272,10,1,0,0,0,0,0,0,0,0,0,0,37625,109.78
04/2026,3,SUDESTE,SE,32,ESPIRITO SANTO,ESPÍRITO SANTO,ES,320480,SAO JOSE DO CALCADO,SÃO JOSÉ DO CALÇADO,3,2025,DOU,11411,4,0,0,0,0,0,0,0,0,0,0,0,14000,122.68
04/2026,3,SUDESTE,SE,32,ESPIRITO SANTO,ESPÍRITO SANTO,ES,320490,SAO MATEUS,SÃO MATEUS,1,2025,DOU,134423,37,2,0,0,0,1,104,3,318,1,846,1268,136018,101.18
04/2026,3,SUDESTE,SE,32,ESPIRITO SANTO,ESPÍRITO SANTO,ES,320495,SAO ROQUE DO CANAA,SÃO ROQUE DO CANAÃ,3,2025,DOU,11256,4,0,0,0,0,0,0,0,0,0,0,0,14000,124.37
04/2026,3,SUDESTE,SE,32,ESPIRITO SANTO,ESPÍRITO SANTO,ES,320500,SERRA,SERRA,1,2025,DOU,579720,98,21,0,0,0,3,438,2,702,0,0,1140,399265,68.87
04/2026,3,SUDESTE,SE,32,ESPIRITO SANTO,ESPÍRITO SANTO,ES,320501,SOORETAMA,SOORETAMA,2,2025,DOU,28668,7,0,0,0,0,0,0,0,0,0,0,0,24500,85.46
04/2026,3,SUDESTE,SE,32,ESPIRITO SANTO,ESPÍRITO SANTO,ES,320503,VARGEM ALTA,VARGEM ALTA,3,2025,DOU,20390,9,0,0,0,0,0,0,0,0,0,0,0,31500,154.48
04/2026,3,SUDESTE,SE,32,ESPIRITO SANTO,ESPÍRITO SANTO,ES,320506,VENDA NOVA DO IMIGRANTE,VENDA NOVA DO IMIGRANTE,3,2025,DOU,25395,10,0,0,0,0,0,0,0,0,0,0,0,35000,137.82
04/2026,3,SUDESTE,SE,32,ESPIRITO SANTO,ESPÍRITO SANTO,ES,320510,VIANA,VIANA,1,2025,DOU,79043,28,0,0,0,0,0,0,8,2731,1,257,2988,100988,127.76
04/2026,3,SUDESTE,SE,32,ESPIRITO SANTO,ESPÍRITO SANTO,ES,320515,VILA PAVAO,VILA PAVÃO,3,2025,DOU,9319,3,0,1,0,0,0,0,0,0,0,0,0,12250,131.45
04/2026,3,SUDESTE,SE,32,ESPIRITO SANTO,ESPÍRITO SANTO,ES,320517,VILA VALERIO,VILA VALÉRIO,3,2025,DOU,14267,6,0,0,0,0,0,0,0,0,0,0,0,21000,147.19
04/2026,3,SUDESTE,SE,32,ESPIRITO SANTO,ESPÍRITO SANTO,ES,320520,VILA VELHA,VILA VELHA,1,2025,DOU,506779,105,10,2,0,0,2,658,9,2130,3,3666,6454,403704,79.66
04/2026,3,SUDESTE,SE,32,ESPIRITO SANTO,ESPÍRITO SANTO,ES,320530,VITORIA,VITÓRIA,1,2025,DOU,343378,85,15,3,0,0,2,887,0,0,0,0,887,343012,99.89
04/2026,5,CENTRO-OESTE,CO,52,GOIAS,GOIÁS,GO,520005,ABADIA DE GOIAS,ABADIA DE GOIÁS,1,2025,DOU,22052,5,0,0,0,0,0,0,0,0,0,0,0,17500,79.35
04/2026,5,CENTRO-OESTE,CO,52,GOIAS,GOIÁS,GO,520010,ABADIANIA,ABADIÂNIA,3,2025,DOU,17738,6,0,0,0,0,0,0,0,0,0,0,0,21000,118.38
04/2026,5,CENTRO-OESTE,CO,52,GOIAS,GOIÁS,GO,520013,ACREUNA,ACREÚNA,1,2025,DOU,22079,8,0,0,0,0,0,0,1,475,0,0,475,28475,128.96
04/2026,5,CENTRO-OESTE,CO,52,GOIAS,GOIÁS,GO,520015,ADELANDIA,ADELÂNDIA,3,2025,DOU,2282,1,0,0,0,0,0,0,0,0,0,0,0,3500,153.37
04/2026,5,CENTRO-OESTE,CO,52,GOIAS,GOIÁS,GO,520017,AGUA FRIA DE GOIAS,ÁGUA FRIA DE GOIÁS,3,2025,DOU,4979,3,0,0,0,0,0,0,0,0,0,0,0,10500,210.88
04/2026,5,CENTRO-OESTE,CO,52,GOIAS,GOIÁS,GO,520020,AGUA LIMPA,ÁGUA LIMPA,3,2025,DOU,1843,1,0,0,0,0,0,0,0,0,0,0,0,3500,189.9
04/2026,5,CENTRO-OESTE,CO,52,GOIAS,GOIÁS,GO,520025,AGUAS LINDAS DE GOIAS,ÁGUAS LINDAS DE GOIÁS,1,2025,DOU,245352,40,0,1,0,0,0,0,2,1733,0,0,1733,143483,58.48
04/2026,5,CENTRO-OESTE,CO,52,GOIAS,GOIÁS,GO,520030,ALEXANIA,ALEXÂNIA,2,2025,DOU,28244,10,2,0,0,0,0,0,1,309,0,0,309,40559,143.6
04/2026,5,CENTRO-OESTE,CO,52,GOIAS,GOIÁS,GO,520050,ALOANDIA,ALOÂNDIA,3,2025,DOU,1977,1,0,0,0,0,0,0,0,0,0,0,0,3500,177.03
04/2026,5,CENTRO-OESTE,CO,52,GOIAS,GOIÁS,GO,520055,ALTO HORIZONTE,ALTO HORIZONTE,3,2025,DOU,6487,3,0,0,0,0,0,0,0,0,0,0,0,10500,161.86
04/2026,5,CENTRO-OESTE,CO,52,GOIAS,GOIÁS,GO,520060,ALTO PARAISO DE GOIAS,ALTO PARAÍSO DE GOIÁS,3,2025,DOU,11182,4,0,0,0,0,0,0,0,0,0,0,0,14000,125.2
04/2026,5,CENTRO-OESTE,CO,52,GOIAS,GOIÁS,GO,520080,ALVORADA DO NORTE,ALVORADA DO NORTE,1,2025,DOU,8619,4,0,0,0,0,0,0,0,0,0,0,0,14000,162.43
04/2026,5,CENTRO-OESTE,CO,52,GOIAS,GOIÁS,GO,520082,AMARALINA,AMARALINA,3,2025,DOU,3267,2,0,0,0,0,0,0,0,0,0,0,0,7000,214.26
04/2026,5,CENTRO-OESTE,CO,52,GOIAS,GOIÁS,GO,520085,AMERICANO DO BRASIL,AMERICANO DO BRASIL,2,2025,DOU,5260,2,0,0,0,0,0,0,0,0,0,0,0,7000,133.07
04/2026,5,CENTRO-OESTE,CO,52,GOIAS,GOIÁS,GO,520090,AMORINOPOLIS,AMORINÓPOLIS,3,2025,DOU,2906,1,0,0,0,0,0,0,0,0,0,0,0,3500,120.44
04/2026,5,CENTRO-OESTE,CO,52,GOIAS,GOIÁS,GO,520110,ANAPOLIS,ANÁPOLIS,1,2025,DOU,420300,105,0,0,0,0,2,544,0,0,2,1516,2060,369560,87.92
04/2026,5,CENTRO-OESTE,CO,52,GOIAS,GOIÁS,GO,520120,ANHANGUERA,ANHANGUERA,3,2025,DOU,913,1,0,0,0,0,0,0,0,0,0,0,0,3500,383.35
04/2026,5,CENTRO-OESTE,CO,52,GOIAS,GOIÁS,GO,520130,ANICUNS,ANICUNS,2,2025,DOU,18306,8,0,0,0,0,0,0,0,0,0,0,0,28000,152.95
04/2026,5,CENTRO-OESTE,CO,52,GOIAS,GOIÁS,GO,520140,APARECIDA DE GOIANIA,APARECIDA DE GOIÂNIA,1,2025,DOU,556021,95,12,0,0,0,2,2501,6,5543,0,0,8044,372044,66.91
04/2026,5,CENTRO-OESTE,CO,52,GOIAS,GOIÁS,GO,520145,APARECIDA DO RIO DOCE,APARECIDA DO RIO DOCE,3,2025,DOU,3045,1,0,0,0,0,0,0,0,0,0,0,0,3500,114.94
04/2026,5,CENTRO-OESTE,CO,52,GOIAS,GOIÁS,GO,520150,APORE,APORÉ,3,2025,DOU,4488,1,1,0,0,0,0,0,0,0,0,0,0,6125,136.47
04/2026,5,CENTRO-OESTE,CO,52,GOIAS,GOIÁS,GO,520160,ARACU,ARAÇU,3,2025,DOU,3840,2,0,0,0,0,0,0,0,0,0,0,0,7000,182.29
04/2026,5,CENTRO-OESTE,CO,52,GOIAS,GOIÁS,GO,520170,ARAGARCAS,ARAGARÇAS,1,2025,DOU,18601,7,1,0,0,0,0,0,1,167,0,0,167,27292,146.72
04/2026,5,CENTRO-OESTE,CO,52,GOIAS,GOIÁS,GO,520180,ARAGOIANIA,ARAGOIÂNIA,1,2025,DOU,12806,4,0,0,0,0,0,0,0,0,0,0,0,14000,109.32
04/2026,5,CENTRO-OESTE,CO,52,GOIAS,GOIÁS,GO,520215,ARAGUAPAZ,ARAGUAPAZ,3,2025,DOU,7152,3,0,0,0,0,0,0,0,0,0,0,0,10500,146.81
04/2026,5,CENTRO-OESTE,CO,52,GOIAS,GOIÁS,GO,520235,ARENOPOLIS,ARENÓPOLIS,3,2025,DOU,2904,2,0,0,0,0,0,0,0,0,0,0,0,7000,241.04
04/2026,5,CENTRO-OESTE,CO,52,GOIAS,GOIÁS,GO,520250,ARUANA,ARUANÃ,3,2025,DOU,8570,3,0,0,0,0,0,0,0,0,0,0,0,10500,122.52
04/2026,5,CENTRO-OESTE,CO,52,GOIAS,GOIÁS,GO,520260,AURILANDIA,AURILÂNDIA,3,2025,DOU,3237,2,0,0,0,0,0,0,0,0,0,0,0,7000,216.24
04/2026,5,CENTRO-OESTE,CO,52,GOIAS,GOIÁS,GO,520280,AVELINOPOLIS,AVELINÓPOLIS,3,2025,DOU,2993,1,0,0,0,0,0,0,0,0,0,0,0,3500,116.93
04/2026,5,CENTRO-OESTE,CO,52,GOIAS,GOIÁS,GO,520310,BALIZA,BALIZA,3,2025,DOU,3306,3,0,0,0,0,0,0,0,0,0,0,0,10500,317.6
04/2026,5,CENTRO-OESTE,CO,52,GOIAS,GOIÁS,GO,520320,BARRO ALTO,BARRO ALTO,3,2025,DOU,10853,3,0,0,0,0,0,0,0,0,0,0,0,10500,96.74
04/2026,5,CENTRO-OESTE,CO,52,GOIAS,GOIÁS,GO,520330,BELA VISTA DE GOIAS,BELA VISTA DE GOIÁS,2,2025,DOU,37305,11,0,0,0,0,0,0,1,291,0,0,291,38791,103.98
04/2026,5,CENTRO-OESTE,CO,52,GOIAS,GOIÁS,GO,520340,BOM JARDIM DE GOIAS,BOM JARDIM DE GOIÁS,3,2025,DOU,7775,4,0,0,0,0,0,0,0,0,0,0,0,14000,180.06
04/2026,5,CENTRO-OESTE,CO,52,GOIAS,GOIÁS,GO,520350,BOM JESUS DE GOIAS,BOM JESUS DE GOIÁS,1,2025,DOU,24925,6,3,0,0,0,0,0,0,0,0,0,0,28875,115.84
04/2026,5,CENTRO-OESTE,CO,52,GOIAS,GOIÁS,GO,520355,BONFINOPOLIS,BONFINÓPOLIS,1,2025,DOU,11025,5,0,0,0,0,0,0,0,0,0,0,0,17500,158.73
04/2026,5,CENTRO-OESTE,CO,52,GOIAS,GOIÁS,GO,520357,BONOPOLIS,BONÓPOLIS,3,2025,DOU,3289,2,0,0,0,0,0,0,0,0,0,0,0,7000,212.83
04/2026,5,CENTRO-OESTE,CO,52,GOIAS,GOIÁS,GO,520360,BRAZABRANTES,BRAZABRANTES,1,2025,DOU,4201,2,0,0,0,0,0,0,0,0,0,0,0,7000,166.62
04/2026,5,CENTRO-OESTE,CO,52,GOIAS,GOIÁS,GO,520380,BRITANIA,BRITÂNIA,3,2025,DOU,5798,3,0,0,0,0,0,0,0,0,0,0,0,10500,181.09
04/2026,5,CENTRO-OESTE,CO,52,GOIAS,GOIÁS,GO,520390,BURITI ALEGRE,BURITI ALEGRE,2,2025,DOU,10930,4,0,0,0,0,0,0,0,0,0,0,0,14000,128.08
04/2026,5,CENTRO-OESTE,CO,52,GOIAS,GOIÁS,GO,520393,BURITI DE GOIAS,BURITI DE GOIÁS,3,2025,DOU,2800,1,0,0,0,0,0,0,0,0,0,0,0,3500,125.0
04/2026,5,CENTRO-OESTE,CO,52,GOIAS,GOIÁS,GO,520396,BURITINOPOLIS,BURITINÓPOLIS,3,2025,DOU,3140,2,0,0,0,0,0,0,0,0,0,0,0,7000,222.92
04/2026,5,CENTRO-OESTE,CO,52,GOIAS,GOIÁS,GO,520400,CABECEIRAS,CABECEIRAS,3,2025,DOU,7689,3,0,0,0,0,0,0,0,0,0,0,0,10500,136.55
04/2026,5,CENTRO-OESTE,CO,52,GOIAS,GOIÁS,GO,520410,CACHOEIRA ALTA,CACHOEIRA ALTA,2,2025,DOU,11854,5,0,0,0,0,0,0,0,0,0,0,0,17500,147.62
04/2026,5,CENTRO-OESTE,CO,52,GOIAS,GOIÁS,GO,520420,CACHOEIRA DE GOIAS,CACHOEIRA DE GOIÁS,3,2025,DOU,1417,1,0,0,0,0,0,0,0,0,0,0,0,3500,247.0
04/2026,5,CENTRO-OESTE,CO,52,GOIAS,GOIÁS,GO,520425,CACHOEIRA DOURADA,CACHOEIRA DOURADA,3,2025,DOU,7762,4,0,0,0,0,0,0,0,0,0,0,0,14000,180.36
04/2026,5,CENTRO-OESTE,CO,52,GOIAS,GOIÁS,GO,520430,CACU,CAÇU,1,2025,DOU,14034,6,0,0,0,0,0,0,0,0,0,0,0,21000,149.63
04/2026,5,CENTRO-OESTE,CO,52,GOIAS,GOIÁS,GO,520440,CAIAPONIA,CAIAPÔNIA,2,2025,DOU,16628,5,0,0,0,0,0,0,1,7,0,0,7,17507,105.28
04/2026,5,CENTRO-OESTE,CO,52,GOIAS,GOIÁS,GO,520450,CALDAS NOVAS,CALDAS NOVAS,1,2025,DOU,106820,17,1,0,0,0,0,0,0,0,1,682,682,62807,58.79
04/2026,5,CENTRO-OESTE,CO,52,GOIAS,GOIÁS,GO,520455,CALDAZINHA,CALDAZINHA,1,2025,DOU,4819,2,0,0,0,0,0,0,0,0,0,0,0,7000,145.25
04/2026,5,CENTRO-OESTE,CO,52,GOIAS,GOIÁS,GO,520460,CAMPESTRE DE GOIAS,CAMPESTRE DE GOIÁS,3,2025,DOU,3879,2,0,0,0,0,0,0,0,0,0,0,0,7000,180.45
04/2026,5,CENTRO-OESTE,CO,52,GOIAS,GOIÁS,GO,520465,CAMPINACU,CAMPINAÇU,3,2025,DOU,3760,2,0,0,0,0,0,0,0,0,0,0,0,7000,186.17
04/2026,5,CENTRO-OESTE,CO,52,GOIAS,GOIÁS,GO,520470,CAMPINORTE,CAMPINORTE,3,2025,DOU,12983,6,0,0,0,0,0,0,0,0,0,0,0,21000,161.74
04/2026,5,CENTRO-OESTE,CO,52,GOIAS,GOIÁS,GO,520480,CAMPO ALEGRE DE GOIAS,CAMPO ALEGRE DE GOIÁS,3,2025,DOU,7807,4,0,0,0,0,0,0,0,0,0,0,0,14000,179.32
04/2026,5,CENTRO-OESTE,CO,52,GOIAS,GOIÁS,GO,520485,CAMPO LIMPO DE GOIAS,CAMPO LIMPO DE GOIÁS,2,2025,DOU,8579,2,4,0,0,0,0,0,0,0,0,0,0,17500,203.98
04/2026,5,CENTRO-OESTE,CO,52,GOIAS,GOIÁS,GO,520490,CAMPOS BELOS,CAMPOS BELOS,1,2025,DOU,18227,6,0,0,0,0,0,0,1,14,0,0,14,21014,115.29
04/2026,5,CENTRO-OESTE,CO,52,GOIAS,GOIÁS,GO,520495,CAMPOS VERDES,CAMPOS VERDES,2,2025,DOU,3822,3,0,0,0,0,0,0,0,0,0,0,0,10500,274.72
04/2026,5,CENTRO-OESTE,CO,52,GOIAS,GOIÁS,GO,520500,CARMO DO RIO VERDE,CARMO DO RIO VERDE,2,2025,DOU,9988,4,0,0,0,0,0,0,0,0,0,0,0,14000,140.16
04/2026,5,CENTRO-OESTE,CO,52,GOIAS,GOIÁS,GO,520505,CASTELANDIA,CASTELÂNDIA,3,2025,DOU,2871,1,0,0,0,0,0,0,0,0,0,0,0,3500,121.9
04/2026,5,CENTRO-OESTE,CO,52,GOIAS,GOIÁS,GO,520510,CATALAO,CATALÃO,1,2025,DOU,122760,11,3,0,0,0,1,119,1,102,0,0,221,46596,37.95
04/2026,5,CENTRO-OESTE,CO,52,GOIAS,GOIÁS,GO,520520,CATURAI,CATURAÍ,3,2025,DOU,5352,3,0,0,0,0,0,0,0,0,0,0,0,10500,196.18
04/2026,5,CENTRO-OESTE,CO,52,GOIAS,GOIÁS,GO,520530,CAVALCANTE,CAVALCANTE,3,2025,DOU,9730,4,0,0,0,0,0,0,0,0,0,0,0,14000,143.88
04/2026,5,CENTRO-OESTE,CO,52,GOIAS,GOIÁS,GO,520540,CERES,CERES,1,2025,DOU,22570,10,0,0,0,0,0,0,0,0,0,0,0,35000,155.07
04/2026,5,CENTRO-OESTE,CO,52,GOIAS,GOIÁS,GO,520545,CEZARINA,CEZARINA,3,2025,DOU,8301,4,0,0,0,0,0,0,0,0,0,0,0,14000,168.65
04/2026,5,CENTRO-OESTE,CO,52,GOIAS,GOIÁS,GO,520547,CHAPADAO DO CEU,CHAPADÃO DO CÉU,4,2025,DOU,14321,4,0,0,0,0,0,0,0,0,0,0,0,14000,97.75
04/2026,5,CENTRO-OESTE,CO,52,GOIAS,GOIÁS,GO,520549,CIDADE OCIDENTAL,CIDADE OCIDENTAL,1,2025,DOU,101570,28,1,0,0,0,0,0,1,368,0,0,368,100993,99.43
04/2026,5,CENTRO-OESTE,CO,52,GOIAS,GOIÁS,GO,520551,COCALZINHO DE GOIAS,COCALZINHO DE GOIÁS,2,2025,DOU,27196,7,1,0,0,0,0,0,0,0,0,0,0,27125,99.73
04/2026,5,CENTRO-OESTE,CO,52,GOIAS,GOIÁS,GO,520552,COLINAS DO SUL,COLINAS DO SUL,3,2025,DOU,4188,2,0,0,0,0,0,0,0,0,0,0,0,7000,167.14
04/2026,5,CENTRO-OESTE,CO,52,GOIAS,GOIÁS,GO,520570,CORREGO DO OURO,CÓRREGO DO OURO,3,2025,DOU,2441,1,0,0,0,0,0,0,0,0,0,0,0,3500,143.38
04/2026,5,CENTRO-OESTE,CO,52,GOIAS,GOIÁS,GO,520580,CORUMBA DE GOIAS,CORUMBÁ DE GOIÁS,3,2025,DOU,10724,4,0,0,0,0,0,0,0,0,0,0,0,14000,130.54
04/2026,5,CENTRO-OESTE,CO,52,GOIAS,GOIÁS,GO,520590,CORUMBAIBA,CORUMBAÍBA,3,2025,DOU,9484,2,0,0,0,0,0,0,0,0,0,0,0,7000,73.8
04/2026,5,CENTRO-OESTE,CO,52,GOIAS,GOIÁS,GO,520620,CRISTALINA,CRISTALINA,1,2025,DOU,66827,19,1,0,0,0,0,0,1,252,0,0,252,69377,103.81
04/2026,5,CENTRO-OESTE,CO,52,GOIAS,GOIÁS,GO,520630,CRISTIANOPOLIS,CRISTIANÓPOLIS,3,2025,DOU,3670,1,0,0,0,0,0,0,0,0,0,0,0,3500,95.36
04/2026,5,CENTRO-OESTE,CO,52,GOIAS,GOIÁS,GO,520640,CRIXAS,CRIXÁS,2,2025,DOU,17532,9,0,0,0,0,0,0,0,0,0,0,0,31500,179.67
04/2026,5,CENTRO-OESTE,CO,52,GOIAS,GOIÁS,GO,520650,CROMINIA,CROMÍNIA,3,2025,DOU,3999,2,0,0,0,0,0,0,0,0,0,0,0,7000,175.04
04/2026,5,CENTRO-OESTE,CO,52,GOIAS,GOIÁS,GO,520660,CUMARI,CUMARI,3,2025,DOU,2951,1,0,0,0,0,0,0,0,0,0,0,0,3500,118.6
04/2026,5,CENTRO-OESTE,CO,52,GOIAS,GOIÁS,GO,520670,DAMIANOPOLIS,DAMIANÓPOLIS,3,2025,DOU,3917,2,0,0,0,0,0,0,0,0,0,0,0,7000,178.7
04/2026,5,CENTRO-OESTE,CO,52,GOIAS,GOIÁS,GO,520680,DAMOLANDIA,DAMOLÂNDIA,3,2025,DOU,2753,1,0,0,0,0,0,0,0,0,0,0,0,3500,127.13
04/2026,5,CENTRO-OESTE,CO,52,GOIAS,GOIÁS,GO,520690,DAVINOPOLIS,DAVINÓPOLIS,3,2025,DOU,1889,1,0,0,0,0,0,0,0,0,0,0,0,3500,185.28
04/2026,5,CENTRO-OESTE,CO,52,GOIAS,GOIÁS,GO,520710,DIORAMA,DIORAMA,3,2025,DOU,1991,1,0,0,0,0,0,0,0,0,0,0,0,3500,175.79
04/2026,5,CENTRO-OESTE,CO,52,GOIAS,GOIÁS,GO,520830,DIVINOPOLIS DE GOIAS,DIVINÓPOLIS DE GOIÁS,3,2025,DOU,4405,3,0,0,0,0,0,0,0,0,0,0,0,10500,238.36
04/2026,5,CENTRO-OESTE,CO,52,GOIAS,GOIÁS,GO,520725,DOVERLANDIA,DOVERLÂNDIA,3,2025,DOU,6823,3,0,0,0,0,0,0,0,0,0,0,0,10500,153.89
04/2026,5,CENTRO-OESTE,CO,52,GOIAS,GOIÁS,GO,520735,EDEALINA,EDEALINA,3,2025,DOU,4104,2,0,0,0,0,0,0,0,0,0,0,0,7000,170.56
04/2026,5,CENTRO-OESTE,CO,52,GOIAS,GOIÁS,GO,520740,EDEIA,EDÉIA,2,2025,DOU,11982,5,1,0,0,0,0,0,0,0,0,0,0,20125,167.96
04/2026,5,CENTRO-OESTE,CO,52,GOIAS,GOIÁS,GO,520750,ESTRELA DO NORTE,ESTRELA DO NORTE,3,2025,DOU,3214,2,0,0,0,0,0,0,0,0,0,0,0,7000,217.79
04/2026,5,CENTRO-OESTE,CO,52,GOIAS,GOIÁS,GO,520753,FAINA,FAINA,3,2025,DOU,7167,3,0,0,0,0,0,0,0,0,0,0,0,10500,146.5
04/2026,5,CENTRO-OESTE,CO,52,GOIAS,GOIÁS,GO,520760,FAZENDA NOVA,FAZENDA NOVA,3,2025,DOU,5842,2,1,0,0,0,0,0,0,0,0,0,0,9625,164.75
04/2026,5,CENTRO-OESTE,CO,52,GOIAS,GOIÁS,GO,520780,FIRMINOPOLIS,FIRMINÓPOLIS,3,2025,DOU,10274,6,0,0,0,0,0,0,0,0,0,0,0,21000,204.39
04/2026,5,CENTRO-OESTE,CO,52,GOIAS,GOIÁS,GO,520790,FLORES DE GOIAS,FLORES DE GOIÁS,3,2025,DOU,14273,7,0,0,0,0,0,0,0,0,0,0,0,24500,171.65
04/2026,5,CENTRO-OESTE,CO,52,GOIAS,GOIÁS,GO,520800,FORMOSA,FORMOSA,1,2025,DOU,121559,25,0,0,0,0,0,0,3,734,0,0,734,88234,72.58
04/2026,5,CENTRO-OESTE,CO,52,GOIAS,GOIÁS,GO,520810,FORMOSO,FORMOSO,3,2025,DOU,4662,2,0,0,0,0,0,0,0,0,0,0,0,7000,150.15
04/2026,5,CENTRO-OESTE,CO,52,GOIAS,GOIÁS,GO,520815,GAMELEIRA DE GOIAS,GAMELEIRA DE GOIÁS,3,2025,DOU,3563,2,0,0,0,0,0,0,0,0,0,0,0,7000,196.46
04/2026,5,CENTRO-OESTE,CO,52,GOIAS,GOIÁS,GO,520840,GOIANAPOLIS,GOIANÁPOLIS,2,2025,DOU,14758,6,0,0,0,0,0,0,0,0,0,0,0,21000,142.29
04/2026,5,CENTRO-OESTE,CO,52,GOIAS,GOIÁS,GO,520850,GOIANDIRA,GOIANDIRA,1,2025,DOU,4962,2,1,0,0,0,0,0,0,0,0,0,0,9625,193.97
04/2026,5,CENTRO-OESTE,CO,52,GOIAS,GOIÁS,GO,520860,GOIANESIA,GOIANÉSIA,1,2025,DOU,78009,22,0,0,0,0,0,0,1,383,0,0,383,77383,99.19
04/2026,5,CENTRO-OESTE,CO,52,GOIAS,GOIÁS,GO,520870,GOIANIA,GOIÂNIA,1,2025,DOU,1503256,188,4,65,0,0,1,148,0,0,0,0,148,782398,52.04
04/2026,5,CENTRO-OESTE,CO,52,GOIAS,GOIÁS,GO,520880,GOIANIRA,GOIANIRA,1,2025,DOU,81495,23,0,0,0,0,1,9,0,0,0,0,9,80509,98.79
04/2026,5,CENTRO-OESTE,CO,52,GOIAS,GOIÁS,GO,520890,GOIAS,GOIÁS,2,2025,DOU,24172,11,0,0,0,0,0,0,0,0,0,0,0,38500,159.27
04/2026,5,CENTRO-OESTE,CO,52,GOIAS,GOIÁS,GO,520910,GOIATUBA,GOIATUBA,1,2025,DOU,36984,13,2,0,0,0,0,0,0,0,0,0,0,50750,137.22
04/2026,5,CENTRO-OESTE,CO,52,GOIAS,GOIÁS,GO,520915,GOUVELANDIA,GOUVELÂNDIA,2,2025,DOU,4313,2,0,0,0,0,0,0,0,0,0,0,0,7000,162.3
04/2026,5,CENTRO-OESTE,CO,52,GOIAS,GOIÁS,GO,520920,GUAPO,GUAPÓ,1,2025,DOU,20985,7,0,0,0,0,0,0,0,0,0,0,0,24500,116.75
04/2026,5,CENTRO-OESTE,CO,52,GOIAS,GOIÁS,GO,520929,GUARAITA,GUARAÍTA,3,2025,DOU,2170,1,0,0,0,0,0,0,0,0,0,0,0,3500,161.29
04/2026,5,CENTRO-OESTE,CO,52,GOIAS,GOIÁS,GO,520940,GUARANI DE GOIAS,GUARANI DE GOIÁS,3,2025,DOU,4091,2,0,0,0,0,0,0,0,0,0,0,0,7000,171.1
04/2026,5,CENTRO-OESTE,CO,52,GOIAS,GOIÁS,GO,520945,GUARINOS,GUARINOS,3,2025,DOU,2154,1,0,0,0,0,0,0,0,0,0,0,0,3500,162.48
04/2026,5,CENTRO-OESTE,CO,52,GOIAS,GOIÁS,GO,520960,HEITORAI,HEITORAÍ,3,2025,DOU,3342,2,0,0,0,0,0,0,0,0,0,0,0,7000,209.45
04/2026,5,CENTRO-OESTE,CO,52,GOIAS,GOIÁS,GO,520970,HIDROLANDIA,HIDROLÂNDIA,1,2025,DOU,30587,11,0,0,0,0,0,0,0,0,0,0,0,38500,125.87
04/2026,5,CENTRO-OESTE,CO,52,GOIAS,GOIÁS,GO,520980,HIDROLINA,HIDROLINA,3,2025,DOU,3477,2,0,0,0,0,0,0,0,0,0,0,0,7000,201.32
04/2026,5,CENTRO-OESTE,CO,52,GOIAS,GOIÁS,GO,520990,IACIARA,IACIARA,3,2025,DOU,10289,7,0,0,0,0,0,0,0,0,0,0,0,24500,238.11
04/2026,5,CENTRO-OESTE,CO,52,GOIAS,GOIÁS,GO,520993,INACIOLANDIA,INACIOLÂNDIA,2,2025,DOU,6076,2,0,0,0,0,0,0,0,0,0,0,0,7000,115.2
04/2026,5,CENTRO-OESTE,CO,52,GOIAS,GOIÁS,GO,520995,INDIARA,INDIARA,1,2025,DOU,17985,5,0,1,0,0,0,0,1,136,0,0,136,19386,107.78
04/2026,5,CENTRO-OESTE,CO,52,GOIAS,GOIÁS,GO,521000,INHUMAS,INHUMAS,1,2025,DOU,53884,19,0,1,0,0,0,0,1,55,0,0,55,68305,126.76
04/2026,5,CENTRO-OESTE,CO,52,GOIAS,GOIÁS,GO,521010,IPAMERI,IPAMERI,1,2025,DOU,26223,8,0,0,0,0,0,0,1,51,0,0,51,28051,106.97
04/2026,5,CENTRO-OESTE,CO,52,GOIAS,GOIÁS,GO,521015,IPIRANGA DE GOIAS,IPIRANGA DE GOIÁS,3,2025,DOU,2968,1,0,0,0,0,0,0,0,0,0,0,0,3500,117.92
04/2026,5,CENTRO-OESTE,CO,52,GOIAS,GOIÁS,GO,521020,IPORA,IPORÁ,1,2025,DOU,37283,8,0,0,0,0,0,0,1,391,0,0,391,28391,76.14
04/2026,5,CENTRO-OESTE,CO,52,GOIAS,GOIÁS,GO,521030,ISRAELANDIA,ISRAELÂNDIA,3,2025,DOU,2515,1,0,0,0,0,0,0,0,0,0,0,0,3500,139.16
04/2026,5,CENTRO-OESTE,CO,52,GOIAS,GOIÁS,GO,521040,ITABERAI,ITABERAÍ,1,2025,DOU,47603,17,0,0,0,0,0,0,1,226,0,0,226,59726,125.46
04/2026,5,CENTRO-OESTE,CO,52,GOIAS,GOIÁS,GO,521056,ITAGUARI,ITAGUARI,2,2025,DOU,5120,2,0,0,0,0,0,0,0,0,0,0,0,7000,136.71
04/2026,5,CENTRO-OESTE,CO,52,GOIAS,GOIÁS,GO,521060,ITAGUARU,ITAGUARU,2,2025,DOU,4837,3,0,0,0,0,0,0,0,0,0,0,0,10500,217.07
04/2026,5,CENTRO-OESTE,CO,52,GOIAS,GOIÁS,GO,521080,ITAJA,ITAJÁ,3,2025,DOU,4276,2,0,0,0,0,0,0,0,0,0,0,0,7000,163.7
04/2026,5,CENTRO-OESTE,CO,52,GOIAS,GOIÁS,GO,521090,ITAPACI,ITAPACI,1,2025,DOU,21891,6,1,0,0,0,0,0,0,0,0,0,0,23625,107.92
04/2026,5,CENTRO-OESTE,CO,52,GOIAS,GOIÁS,GO,521100,ITAPIRAPUA,ITAPIRAPUÃ,3,2025,DOU,8133,3,0,0,0,0,0,0,0,0,0,0,0,10500,129.1
04/2026,5,CENTRO-OESTE,CO,52,GOIAS,GOIÁS,GO,521120,ITAPURANGA,ITAPURANGA,1,2025,DOU,26553,9,0,0,0,0,0,0,0,0,0,0,0,31500,118.63
04/2026,5,CENTRO-OESTE,CO,52,GOIAS,GOIÁS,GO,521130,ITARUMA,ITARUMÃ,3,2025,DOU,6124,2,0,0,0,0,0,0,0,0,0,0,0,7000,114.3
04/2026,5,CENTRO-OESTE,CO,52,GOIAS,GOIÁS,GO,521140,ITAUCU,ITAUÇU,3,2025,DOU,7636,4,0,0,0,0,0,0,1,264,0,0,264,14264,186.79
04/2026,5,CENTRO-OESTE,CO,52,GOIAS,GOIÁS,GO,521150,ITUMBIARA,ITUMBIARA,1,2025,DOU,113322,22,0,1,0,0,0,0,2,1423,0,0,1423,80173,70.74
04/2026,5,CENTRO-OESTE,CO,52,GOIAS,GOIÁS,GO,521160,IVOLANDIA,IVOLÂNDIA,3,2025,DOU,2731,1,0,0,0,0,0,0,0,0,0,0,0,3500,128.15
04/2026,5,CENTRO-OESTE,CO,52,GOIAS,GOIÁS,GO,521170,JANDAIA,JANDAIA,3,2025,DOU,6365,3,0,0,0,0,0,0,0,0,0,0,0,10500,164.96
04/2026,5,CENTRO-OESTE,CO,52,GOIAS,GOIÁS,GO,521180,JARAGUA,JARAGUÁ,1,2025,DOU,46633,12,0,1,0,0,0,0,2,238,0,0,238,43988,94.32
04/2026,5,CENTRO-OESTE,CO,52,GOIAS,GOIÁS,GO,521190,JATAI,JATAÍ,1,2025,DOU,111634,25,0,0,0,0,0,0,1,392,0,0,392,87892,78.73
04/2026,5,CENTRO-OESTE,CO,52,GOIAS,GOIÁS,GO,521200,JAUPACI,JAUPACI,3,2025,DOU,2939,1,0,0,0,0,0,0,0,0,0,0,0,3500,119.08
04/2026,5,CENTRO-OESTE,CO,52,GOIAS,GOIÁS,GO,521205,JESUPOLIS,JESÚPOLIS,3,2025,DOU,2112,1,0,0,0,0,0,0,0,0,0,0,0,3500,165.71
04/2026,5,CENTRO-OESTE,CO,52,GOIAS,GOIÁS,GO,521210,JOVIANIA,JOVIÂNIA,3,2025,DOU,7247,3,0,0,0,0,0,0,0,0,0,0,0,10500,144.88
04/2026,5,CENTRO-OESTE,CO,52,GOIAS,GOIÁS,GO,521220,JUSSARA,JUSSARA,2,2025,DOU,19926,7,0,0,0,0,0,0,0,0,0,0,0,24500,122.95
04/2026,5,CENTRO-OESTE,CO,52,GOIAS,GOIÁS,GO,521225,LAGOA SANTA,LAGOA SANTA,3,2025,DOU,1435,1,0,0,0,0,0,0,0,0,0,0,0,3500,243.9
04/2026,5,CENTRO-OESTE,CO,52,GOIAS,GOIÁS,GO,521230,LEOPOLDO DE BULHOES,LEOPOLDO DE BULHÕES,3,2025,DOU,9123,4,0,0,0,0,0,0,0,0,0,0,0,14000,153.45
04/2026,5,CENTRO-OESTE,CO,52,GOIAS,GOIÁS,GO,521250,LUZIANIA,LUZIÂNIA,1,2025,DOU,221262,30,4,3,0,0,0,0,3,1513,0,0,1513,122263,55.25
04/2026,5,CENTRO-OESTE,CO,52,GOIAS,GOIÁS,GO,521260,MAIRIPOTABA,MAIRIPOTABA,3,2025,DOU,2631,1,0,0,0,0,0,0,0,0,0,0,0,3500,133.02
04/2026,5,CENTRO-OESTE,CO,52,GOIAS,GOIÁS,GO,521270,MAMBAI,MAMBAÍ,3,2025,DOU,8493,4,0,0,0,0,0,0,0,0,0,0,0,14000,164.84
04/2026,5,CENTRO-OESTE,CO,52,GOIAS,GOIÁS,GO,521280,MARA ROSA,MARA ROSA,3,2025,DOU,10806,4,0,0,0,0,0,0,0,0,0,0,0,14000,129.55
04/2026,5,CENTRO-OESTE,CO,52,GOIAS,GOIÁS,GO,521290,MARZAGAO,MARZAGÃO,3,2025,DOU,2942,1,0,0,0,0,0,0,0,0,0,0,0,3500,118.96
04/2026,5,CENTRO-OESTE,CO,52,GOIAS,GOIÁS,GO,521295,MATRINCHA,MATRINCHÃ,3,2025,DOU,4004,2,0,0,0,0,0,0,0,0,0,0,0,7000,174.82
04/2026,5,CENTRO-OESTE,CO,52,GOIAS,GOIÁS,GO,521300,MAURILANDIA,MAURILÂNDIA,1,2025,DOU,10145,4,0,0,0,0,0,0,0,0,0,0,0,14000,137.99
04/2026,5,CENTRO-OESTE,CO,52,GOIAS,GOIÁS,GO,521305,MIMOSO DE GOIAS,MIMOSO DE GOIÁS,3,2025,DOU,2626,1,0,0,0,0,0,0,0,0,0,0,0,3500,133.28
04/2026,5,CENTRO-OESTE,CO,52,GOIAS,GOIÁS,GO,521308,MINACU,MINAÇU,1,2025,DOU,26616,7,0,1,0,0,0,0,0,0,0,0,0,26250,98.62
04/2026,5,CENTRO-OESTE,CO,52,GOIAS,GOIÁS,GO,521310,MINEIROS,MINEIROS,1,2025,DOU,74999,20,0,0,0,0,0,0,0,0,0,0,0,70000,93.33
04/2026,5,CENTRO-OESTE,CO,52,GOIAS,GOIÁS,GO,521340,MOIPORA,MOIPORÁ,3,2025,DOU,1687,1,0,0,0,0,0,0,0,0,0,0,0,3500,207.46
04/2026,5,CENTRO-OESTE,CO,52,GOIAS,GOIÁS,GO,521350,MONTE ALEGRE DE GOIAS,MONTE ALEGRE DE GOIÁS,3,2025,DOU,6534,3,0,0,0,0,0,0,0,0,0,0,0,10500,160.69
04/2026,5,CENTRO-OESTE,CO,52,GOIAS,GOIÁS,GO,521370,MONTES CLAROS DE GOIAS,MONTES CLAROS DE GOIÁS,3,2025,DOU,9024,3,0,0,0,0,0,0,0,0,0,0,0,10500,116.35
04/2026,5,CENTRO-OESTE,CO,52,GOIAS,GOIÁS,GO,521375,MONTIVIDIU,MONTIVIDIU,2,2025,DOU,13094,6,0,0,0,0,0,0,0,0,0,0,0,21000,160.37
04/2026,5,CENTRO-OESTE,CO,52,GOIAS,GOIÁS,GO,521377,MONTIVIDIU DO NORTE,MONTIVIDIU DO NORTE,3,2025,DOU,3743,2,0,0,0,0,0,0,0,0,0,0,0,7000,187.01
04/2026,5,CENTRO-OESTE,CO,52,GOIAS,GOIÁS,GO,521380,MORRINHOS,MORRINHOS,1,2025,DOU,54326,14,0,0,0,0,0,0,1,335,0,0,335,49335,90.81
04/2026,5,CENTRO-OESTE,CO,52,GOIAS,GOIÁS,GO,521385,MORRO AGUDO DE GOIAS,MORRO AGUDO DE GOIÁS,3,2025,DOU,2505,1,0,0,0,0,0,0,0,0,0,0,0,3500,139.72
04/2026,5,CENTRO-OESTE,CO,52,GOIAS,GOIÁS,GO,521390,MOSSAMEDES,MOSSÂMEDES,3,2025,DOU,4626,2,0,0,0,0,0,0,0,0,0,0,0,7000,151.31
04/2026,5,CENTRO-OESTE,CO,52,GOIAS,GOIÁS,GO,521400,MOZARLANDIA,MOZARLÂNDIA,1,2025,DOU,15199,6,0,0,0,0,0,0,1,145,0,0,145,21145,139.12
04/2026,5,CENTRO-OESTE,CO,52,GOIAS,GOIÁS,GO,521405,MUNDO NOVO,MUNDO NOVO,3,2025,DOU,6202,3,0,0,0,0,0,0,0,0,0,0,0,10500,169.3
04/2026,5,CENTRO-OESTE,CO,52,GOIAS,GOIÁS,GO,521410,MUTUNOPOLIS,MUTUNÓPOLIS,3,2025,DOU,3540,2,0,0,0,0,0,0,0,0,0,0,0,7000,197.74
04/2026,5,CENTRO-OESTE,CO,52,GOIAS,GOIÁS,GO,521440,NAZARIO,NAZÁRIO,3,2025,DOU,8349,5,0,0,0,0,0,0,0,0,0,0,0,17500,209.6
04/2026,5,CENTRO-OESTE,CO,52,GOIAS,GOIÁS,GO,521450,NEROPOLIS,NERÓPOLIS,1,2025,DOU,34273,13,0,0,0,0,0,0,0,0,0,0,0,45500,132.75
04/2026,5,CENTRO-OESTE,CO,52,GOIAS,GOIÁS,GO,521460,NIQUELANDIA,NIQUELÂNDIA,1,2025,DOU,33890,12,0,0,0,0,0,0,1,134,0,0,134,42134,124.32
04/2026,5,CENTRO-OESTE,CO,52,GOIAS,GOIÁS,GO,521470,NOVA AMERICA,NOVA AMÉRICA,3,2025,DOU,2380,1,0,0,0,0,0,0,0,0,0,0,0,3500,147.05
04/2026,5,CENTRO-OESTE,CO,52,GOIAS,GOIÁS,GO,521480,NOVA AURORA,NOVA AURORA,3,2025,DOU,2132,1,0,0,0,0,0,0,0,0,0,0,0,3500,164.16
04/2026,5,CENTRO-OESTE,CO,52,GOIAS,GOIÁS,GO,521483,NOVA CRIXAS,NOVA CRIXÁS,3,2025,DOU,13153,4,0,0,0,0,0,0,1,33,0,0,33,14033,106.69
04/2026,5,CENTRO-OESTE,CO,52,GOIAS,GOIÁS,GO,521486,NOVA GLORIA,NOVA GLÓRIA,3,2025,DOU,8356,2,0,0,0,0,0,0,0,0,0,0,0,7000,83.77
04/2026,5,CENTRO-OESTE,CO,52,GOIAS,GOIÁS,GO,521487,NOVA IGUACU DE GOIAS,NOVA IGUAÇU DE GOIÁS,3,2025,DOU,3084,1,0,0,0,0,0,0,0,0,0,0,0,3500,113.48
04/2026,5,CENTRO-OESTE,CO,52,GOIAS,GOIÁS,GO,521490,NOVA ROMA,NOVA ROMA,3,2025,DOU,3022,3,0,0,0,0,0,0,0,0,0,0,0,10500,347.45
04/2026,5,CENTRO-OESTE,CO,52,GOIAS,GOIÁS,GO,521500,NOVA VENEZA,NOVA VENEZA,1,2025,DOU,9883,4,0,0,0,0,0,0,0,0,0,0,0,14000,141.65
04/2026,5,CENTRO-OESTE,CO,52,GOIAS,GOIÁS,GO,521520,NOVO BRASIL,NOVO BRASIL,3,2025,DOU,3567,2,0,0,0,0,0,0,0,0,0,0,0,7000,196.24
04/2026,5,CENTRO-OESTE,CO,52,GOIAS,GOIÁS,GO,521523,NOVO GAMA,NOVO GAMA,1,2025,DOU,107663,34,19,0,0,0,1,152,0,0,1,483,635,169510,157.44
04/2026,5,CENTRO-OESTE,CO,52,GOIAS,GOIÁS,GO,521525,NOVO PLANALTO,NOVO PLANALTO,3,2025,DOU,3703,2,0,0,0,0,0,0,0,0,0,0,0,7000,189.03
04/2026,5,CENTRO-OESTE,CO,52,GOIAS,GOIÁS,GO,521530,ORIZONA,ORIZONA,3,2025,DOU,17035,7,0,0,0,0,0,0,1,268,0,0,268,24768,145.39
04/2026,5,CENTRO-OESTE,CO,52,GOIAS,GOIÁS,GO,521540,OURO VERDE DE GOIAS,OURO VERDE DE GOIÁS,3,2025,DOU,4109,2,0,0,0,0,0,0,0,0,0,0,0,7000,170.35
04/2026,5,CENTRO-OESTE,CO,52,GOIAS,GOIÁS,GO,521550,OUVIDOR,OUVIDOR,1,2025,DOU,7665,2,0,0,0,0,0,0,0,0,0,0,0,7000,91.32
04/2026,5,CENTRO-OESTE,CO,52,GOIAS,GOIÁS,GO,521560,PADRE BERNARDO,PADRE BERNARDO,1,2025,DOU,37207,12,2,0,0,0,0,0,1,175,0,0,175,47425,127.46
04/2026,5,CENTRO-OESTE,CO,52,GOIAS,GOIÁS,GO,521565,PALESTINA DE GOIAS,PALESTINA DE GOIÁS,3,2025,DOU,3113,1,0,0,0,0,0,0,0,0,0,0,0,3500,112.43
04/2026,5,CENTRO-OESTE,CO,52,GOIAS,GOIÁS,GO,521570,PALMEIRAS DE GOIAS,PALMEIRAS DE GOIÁS,1,2025,DOU,34375,9,0,0,0,0,0,0,1,120,0,0,120,31620,91.98
04/2026,5,CENTRO-OESTE,CO,52,GOIAS,GOIÁS,GO,521580,PALMELO,PALMELO,3,2025,DOU,2266,1,0,0,0,0,0,0,0,0,0,0,0,3500,154.45
04/2026,5,CENTRO-OESTE,CO,52,GOIAS,GOIÁS,GO,521590,PALMINOPOLIS,PALMINÓPOLIS,3,2025,DOU,3959,2,0,0,0,0,0,0,0,0,0,0,0,7000,176.81
04/2026,5,CENTRO-OESTE,CO,52,GOIAS,GOIÁS,GO,521600,PANAMA,PANAMÁ,3,2025,DOU,2432,1,0,0,0,0,0,0,0,0,0,0,0,3500,143.91
04/2026,5,CENTRO-OESTE,CO,52,GOIAS,GOIÁS,GO,521630,PARANAIGUARA,PARANAIGUARA,2,2025,DOU,7356,3,0,0,0,0,0,0,0,0,0,0,0,10500,142.74
04/2026,5,CENTRO-OESTE,CO,52,GOIAS,GOIÁS,GO,521640,PARAUNA,PARAÚNA,3,2025,DOU,10727,5,0,0,0,0,0,0,0,0,0,0,0,17500,163.13
04/2026,5,CENTRO-OESTE,CO,52,GOIAS,GOIÁS,GO,521645,PEROLANDIA,PEROLÂNDIA,3,2025,DOU,2999,1,0,0,0,0,0,0,0,0,0,0,0,3500,116.7
04/2026,5,CENTRO-OESTE,CO,52,GOIAS,GOIÁS,GO,521680,PETROLINA DE GOIAS,PETROLINA DE GOIÁS,3,2025,DOU,9519,5,0,0,0,0,0,0,0,0,0,0,0,17500,183.84
04/2026,5,CENTRO-OESTE,CO,52,GOIAS,GOIÁS,GO,521690,PILAR DE GOIAS,PILAR DE GOIÁS,3,2025,DOU,2254,1,0,0,0,0,0,0,0,0,0,0,0,3500,155.27
04/2026,5,CENTRO-OESTE,CO,52,GOIAS,GOIÁS,GO,521710,PIRACANJUBA,PIRACANJUBA,2,2025,DOU,25373,7,0,0,0,0,0,0,0,0,0,0,0,24500,96.55
04/2026,5,CENTRO-OESTE,CO,52,GOIAS,GOIÁS,GO,521720,PIRANHAS,PIRANHAS,3,2025,DOU,11940,4,0,0,0,0,0,0,0,0,0,0,0,14000,117.25
04/2026,5,CENTRO-OESTE,CO,52,GOIAS,GOIÁS,GO,521730,PIRENOPOLIS,PIRENÓPOLIS,2,2025,DOU,28028,8,0,0,0,0,0,0,0,0,0,0,0,28000,99.9
04/2026,5,CENTRO-OESTE,CO,52,GOIAS,GOIÁS,GO,521740,PIRES DO RIO,PIRES DO RIO,1,2025,DOU,33736,7,0,0,0,0,0,0,1,192,0,0,192,24692,73.19
04/2026,5,CENTRO-OESTE,CO,52,GOIAS,GOIÁS,GO,521760,PLANALTINA,PLANALTINA,1,2025,DOU,112304,25,0,0,0,0,0,0,1,718,0,0,718,88218,78.55
04/2026,5,CENTRO-OESTE,CO,52,GOIAS,GOIÁS,GO,521770,PONTALINA,PONTALINA,1,2025,DOU,18763,6,2,0,0,0,0,0,1,149,0,0,149,26399,140.69
04/2026,5,CENTRO-OESTE,CO,52,GOIAS,GOIÁS,GO,521800,PORANGATU,PORANGATU,1,2025,DOU,45512,11,0,0,0,0,0,0,1,243,0,0,243,38743,85.12
04/2026,5,CENTRO-OESTE,CO,52,GOIAS,GOIÁS,GO,521805,PORTEIRAO,PORTEIRÃO,3,2025,DOU,4276,1,0,0,0,0,0,0,0,0,0,0,0,3500,81.85
04/2026,5,CENTRO-OESTE,CO,52,GOIAS,GOIÁS,GO,521810,PORTELANDIA,PORTELÂNDIA,3,2025,DOU,3191,1,0,0,0,0,0,0,0,0,0,0,0,3500,109.68
04/2026,5,CENTRO-OESTE,CO,52,GOIAS,GOIÁS,GO,521830,POSSE,POSSE,2,2025,DOU,36291,11,4,0,0,0,0,0,1,289,0,0,289,49289,135.81
04/2026,5,CENTRO-OESTE,CO,52,GOIAS,GOIÁS,GO,521839,PROFESSOR JAMIL,PROFESSOR JAMIL,3,2025,DOU,3750,2,0,0,0,0,0,0,0,0,0,0,0,7000,186.66
04/2026,5,CENTRO-OESTE,CO,52,GOIAS,GOIÁS,GO,521850,QUIRINOPOLIS,QUIRINÓPOLIS,1,2025,DOU,50329,13,0,1,0,0,0,0,1,534,0,0,534,47784,94.94
04/2026,5,CENTRO-OESTE,CO,52,GOIAS,GOIÁS,GO,521860,RIALMA,RIALMA,1,2025,DOU,12665,5,0,0,0,0,0,0,0,0,0,0,0,17500,138.17
04/2026,5,CENTRO-OESTE,CO,52,GOIAS,GOIÁS,GO,521870,RIANAPOLIS,RIANÁPOLIS,2,2025,DOU,3893,2,0,0,0,0,0,0,0,0,0,0,0,7000,179.8
04/2026,5,CENTRO-OESTE,CO,52,GOIAS,GOIÁS,GO,521878,RIO QUENTE,RIO QUENTE,3,2025,DOU,4033,2,0,0,0,0,0,0,0,0,0,0,0,7000,173.56
04/2026,5,CENTRO-OESTE,CO,52,GOIAS,GOIÁS,GO,521880,RIO VERDE,RIO VERDE,1,2025,DOU,241494,46,26,0,0,0,1,427,3,2900,0,0,3327,232577,96.3
04/2026,5,CENTRO-OESTE,CO,52,GOIAS,GOIÁS,GO,521890,RUBIATABA,RUBIATABA,1,2025,DOU,20186,9,0,0,0,0,0,0,0,0,0,0,0,31500,156.04
04/2026,5,CENTRO-OESTE,CO,52,GOIAS,GOIÁS,GO,521900,SANCLERLANDIA,SANCLERLÂNDIA,2,2025,DOU,8085,4,0,0,0,0,0,0,0,0,0,0,0,14000,173.16
04/2026,5,CENTRO-OESTE,CO,52,GOIAS,GOIÁS,GO,521910,SANTA BARBARA DE GOIAS,SANTA BÁRBARA DE GOIÁS,2,2025,DOU,6306,2,0,0,0,0,0,0,0,0,0,0,0,7000,111.0
04/2026,5,CENTRO-OESTE,CO,52,GOIAS,GOIÁS,GO,521920,SANTA CRUZ DE GOIAS,SANTA CRUZ DE GOIÁS,3,2025,DOU,3004,1,0,0,0,0,0,0,0,0,0,0,0,3500,116.51
04/2026,5,CENTRO-OESTE,CO,52,GOIAS,GOIÁS,GO,521925,SANTA FE DE GOIAS,SANTA FÉ DE GOIÁS,3,2025,DOU,5047,2,0,0,0,0,0,0,0,0,0,0,0,7000,138.69
04/2026,5,CENTRO-OESTE,CO,52,GOIAS,GOIÁS,GO,521930,SANTA HELENA DE GOIAS,SANTA HELENA DE GOIÁS,1,2025,DOU,39601,15,1,0,0,0,0,0,1,342,0,0,342,55467,140.06
04/2026,5,CENTRO-OESTE,CO,52,GOIAS,GOIÁS,GO,521935,SANTA ISABEL,SANTA ISABEL,3,2025,DOU,3543,2,0,0,0,0,0,0,0,0,0,0,0,7000,197.57
04/2026,5,CENTRO-OESTE,CO,52,GOIAS,GOIÁS,GO,521940,SANTA RITA DO ARAGUAIA,SANTA RITA DO ARAGUAIA,1,2025,DOU,5765,2,0,0,0,0,0,0,0,0,0,0,0,7000,121.42
04/2026,5,CENTRO-OESTE,CO,52,GOIAS,GOIÁS,GO,521945,SANTA RITA DO NOVO DESTINO,SANTA RITA DO NOVO DESTINO,3,2025,DOU,2611,2,0,0,0,0,0,0,0,0,0,0,0,7000,268.09
04/2026,5,CENTRO-OESTE,CO,52,GOIAS,GOIÁS,GO,521950,SANTA ROSA DE GOIAS,SANTA ROSA DE GOIÁS,3,2025,DOU,2828,1,0,0,0,0,0,0,0,0,0,0,0,3500,123.76
04/2026,5,CENTRO-OESTE,CO,52,GOIAS,GOIÁS,GO,521960,SANTA TEREZA DE GOIAS,SANTA TEREZA DE GOIÁS,3,2025,DOU,3172,2,0,0,0,0,0,0,0,0,0,0,0,7000,220.68
04/2026,5,CENTRO-OESTE,CO,52,GOIAS,GOIÁS,GO,521970,SANTA TEREZINHA DE GOIAS,SANTA TEREZINHA DE GOIÁS,3,2025,DOU,10837,4,0,0,0,0,0,0,0,0,0,0,0,14000,129.18
04/2026,5,CENTRO-OESTE,CO,52,GOIAS,GOIÁS,GO,521971,SANTO ANTONIO DA BARRA,SANTO ANTÔNIO DA BARRA,3,2025,DOU,4279,2,0,0,0,0,0,0,0,0,0,0,0,7000,163.58
04/2026,5,CENTRO-OESTE,CO,52,GOIAS,GOIÁS,GO,521973,SANTO ANTONIO DE GOIAS,SANTO ANTÔNIO DE GOIÁS,1,2025,DOU,8066,3,0,0,0,0,0,0,0,0,0,0,0,10500,130.17
04/2026,5,CENTRO-OESTE,CO,52,GOIAS,GOIÁS,GO,521975,SANTO ANTONIO DO DESCOBERTO,SANTO ANTÔNIO DO DESCOBERTO,1,2025,DOU,75221,18,0,0,0,0,0,0,1,605,0,0,605,63605,84.55
04/2026,5,CENTRO-OESTE,CO,52,GOIAS,GOIÁS,GO,521980,SAO DOMINGOS,SÃO DOMINGOS,3,2025,DOU,9457,5,0,0,0,0,0,0,0,0,0,0,0,17500,185.04
04/2026,5,CENTRO-OESTE,CO,52,GOIAS,GOIÁS,GO,521990,SAO FRANCISCO DE GOIAS,SÃO FRANCISCO DE GOIÁS,3,2025,DOU,6507,3,0,0,0,0,0,0,0,0,0,0,0,10500,161.36
04/2026,5,CENTRO-OESTE,CO,52,GOIAS,GOIÁS,GO,522000,SAO JOAO D'ALIANCA,SÃO JOÃO D'ALIANÇA,3,2025,DOU,15026,4,0,0,0,0,0,0,0,0,0,0,0,14000,93.17
04/2026,5,CENTRO-OESTE,CO,52,GOIAS,GOIÁS,GO,522005,SAO JOAO DA PARAUNA,SÃO JOÃO DA PARAÚNA,3,2025,DOU,1812,1,0,0,0,0,0,0,0,0,0,0,0,3500,193.15
04/2026,5,CENTRO-OESTE,CO,52,GOIAS,GOIÁS,GO,522010,SAO LUIS DE MONTES BELOS,SÃO LUÍS DE MONTES BELOS,1,2025,DOU,35288,11,1,0,0,0,0,0,0,0,0,0,0,41125,116.54
04/2026,5,CENTRO-OESTE,CO,52,GOIAS,GOIÁS,GO,522015,SAO LUIZ DO NORTE,SÃO LUÍZ DO NORTE,3,2025,DOU,4939,3,0,0,0,0,0,0,0,0,0,0,0,10500,212.59
04/2026,5,CENTRO-OESTE,CO,52,GOIAS,GOIÁS,GO,522020,SAO MIGUEL DO ARAGUAIA,SÃO MIGUEL DO ARAGUAIA,4,2025,DOU,22040,7,0,0,0,0,0,0,0,0,0,0,0,24500,111.16
04/2026,5,CENTRO-OESTE,CO,52,GOIAS,GOIÁS,GO,522026,SAO MIGUEL DO PASSA QUATRO,SÃO MIGUEL DO PASSA QUATRO,3,2025,DOU,4671,2,0,0,0,0,0,0,0,0,0,0,0,7000,149.86
04/2026,5,CENTRO-OESTE,CO,52,GOIAS,GOIÁS,GO,522028,SAO PATRICIO,SÃO PATRÍCIO,3,2025,DOU,2200,1,0,0,0,0,0,0,0,0,0,0,0,3500,159.09
04/2026,5,CENTRO-OESTE,CO,52,GOIAS,GOIÁS,GO,522040,SAO SIMAO,SÃO SIMÃO,1,2025,DOU,17181,5,0,0,0,0,0,0,0,0,0,0,0,17500,101.85
04/2026,5,CENTRO-OESTE,CO,52,GOIAS,GOIÁS,GO,522045,SENADOR CANEDO,SENADOR CANEDO,1,2025,DOU,175042,41,0,0,0,0,0,0,1,548,0,0,548,144048,82.29
04/2026,5,CENTRO-OESTE,CO,52,GOIAS,GOIÁS,GO,522050,SERRANOPOLIS,SERRANÓPOLIS,2,2025,DOU,8237,2,0,0,0,0,0,0,0,0,0,0,0,7000,84.98
04/2026,5,CENTRO-OESTE,CO,52,GOIAS,GOIÁS,GO,522060,SILVANIA,SILVÂNIA,2,2025,DOU,23150,10,0,0,0,0,0,0,1,317,0,0,317,35317,152.55
04/2026,5,CENTRO-OESTE,CO,52,GOIAS,GOIÁS,GO,522068,SIMOLANDIA,SIMOLÂNDIA,1,2025,DOU,5634,2,0,0,0,0,0,0,0,0,0,0,0,7000,124.24
04/2026,5,CENTRO-OESTE,CO,52,GOIAS,GOIÁS,GO,522070,SITIO D'ABADIA,SÍTIO D'ABADIA,3,2025,DOU,2978,2,0,0,0,0,0,0,0,0,0,0,0,7000,235.05
04/2026,5,CENTRO-OESTE,CO,52,GOIAS,GOIÁS,GO,522100,TAQUARAL DE GOIAS,TAQUARAL DE GOIÁS,3,2025,DOU,4180,2,0,0,0,0,0,0,0,0,0,0,0,7000,167.46
04/2026,5,CENTRO-OESTE,CO,52,GOIAS,GOIÁS,GO,522108,TERESINA DE GOIAS,TERESINA DE GOIÁS,3,2025,DOU,2660,2,0,0,0,0,0,0,0,0,0,0,0,7000,263.15
04/2026,5,CENTRO-OESTE,CO,52,GOIAS,GOIÁS,GO,522119,TEREZOPOLIS DE GOIAS,TEREZÓPOLIS DE GOIÁS,2,2025,DOU,8340,3,2,0,0,0,0,0,0,0,0,0,0,15750,188.84
04/2026,5,CENTRO-OESTE,CO,52,GOIAS,GOIÁS,GO,522130,TRES RANCHOS,TRÊS RANCHOS,1,2025,DOU,2976,1,0,0,0,0,0,0,0,0,0,0,0,3500,117.6
04/2026,5,CENTRO-OESTE,CO,52,GOIAS,GOIÁS,GO,522140,TRINDADE,TRINDADE,1,2025,DOU,153560,33,0,0,0,0,1,235,1,763,0,0,998,116498,75.86
04/2026,5,CENTRO-OESTE,CO,52,GOIAS,GOIÁS,GO,522145,TROMBAS,TROMBAS,3,2025,DOU,3080,2,0,0,0,0,0,0,0,0,0,0,0,7000,227.27
04/2026,5,CENTRO-OESTE,CO,52,GOIAS,GOIÁS,GO,522150,TURVANIA,TURVÂNIA,3,2025,DOU,4449,2,0,0,0,0,0,0,0,0,0,0,0,7000,157.33
04/2026,5,CENTRO-OESTE,CO,52,GOIAS,GOIÁS,GO,522155,TURVELANDIA,TURVELÂNDIA,3,2025,DOU,5171,2,0,0,0,0,0,0,0,0,0,0,0,7000,135.37
04/2026,5,CENTRO-OESTE,CO,52,GOIAS,GOIÁS,GO,522157,UIRAPURU,UIRAPURU,3,2025,DOU,2798,1,0,0,0,0,0,0,0,0,0,0,0,3500,125.08
04/2026,5,CENTRO-OESTE,CO,52,GOIAS,GOIÁS,GO,522160,URUACU,URUAÇU,1,2025,DOU,44533,11,0,0,0,0,0,0,1,278,0,0,278,38778,87.07
04/2026,5,CENTRO-OESTE,CO,52,GOIAS,GOIÁS,GO,522170,URUANA,URUANA,3,2025,DOU,13857,7,0,0,0,0,0,0,0,0,0,0,0,24500,176.8
04/2026,5,CENTRO-OESTE,CO,52,GOIAS,GOIÁS,GO,522180,URUTAI,URUTAÍ,3,2025,DOU,3700,1,0,0,0,0,0,0,0,0,0,0,0,3500,94.59
04/2026,5,CENTRO-OESTE,CO,52,GOIAS,GOIÁS,GO,522185,VALPARAISO DE GOIAS,VALPARAÍSO DE GOIÁS,1,2025,DOU,218416,44,3,0,0,0,0,0,1,521,0,0,521,162396,74.35
04/2026,5,CENTRO-OESTE,CO,52,GOIAS,GOIÁS,GO,522190,VARJAO,VARJÃO,3,2025,DOU,3770,2,0,0,0,0,0,0,0,0,0,0,0,7000,185.67
04/2026,5,CENTRO-OESTE,CO,52,GOIAS,GOIÁS,GO,522200,VIANOPOLIS,VIANÓPOLIS,3,2025,DOU,15644,5,0,0,0,0,0,0,0,0,0,0,0,17500,111.86
04/2026,5,CENTRO-OESTE,CO,52,GOIAS,GOIÁS,GO,522205,VICENTINOPOLIS,VICENTINÓPOLIS,2,2025,DOU,9175,4,0,0,0,0,0,0,0,0,0,0,0,14000,152.58
04/2026,5,CENTRO-OESTE,CO,52,GOIAS,GOIÁS,GO,522220,VILA BOA,VILA BOA,3,2025,DOU,4145,3,0,0,0,0,0,0,0,0,0,0,0,10500,253.31
04/2026,5,CENTRO-OESTE,CO,52,GOIAS,GOIÁS,GO,522230,VILA PROPICIO,VILA PROPÍCIO,3,2025,DOU,6028,2,1,0,0,0,0,0,0,0,0,0,0,9625,159.67
04/2026,2,NORDESTE,NE,21,MARANHAO,MARANHÃO,MA,210005,ACAILANDIA,AÇAILÂNDIA,1,2025,DOU,110611,39,0,0,0,0,1,179,1,424,0,0,603,137103,123.95
04/2026,2,NORDESTE,NE,21,MARANHAO,MARANHÃO,MA,210010,AFONSO CUNHA,AFONSO CUNHA,3,2025,DOU,6303,3,0,0,0,0,0,0,0,0,0,0,0,10500,166.58
04/2026,2,NORDESTE,NE,21,MARANHAO,MARANHÃO,MA,210015,AGUA DOCE DO MARANHAO,ÁGUA DOCE DO MARANHÃO,3,2025,DOU,12461,6,0,0,0,0,0,0,0,0,0,0,0,21000,168.52
04/2026,2,NORDESTE,NE,21,MARANHAO,MARANHÃO,MA,210020,ALCANTARA,ALCÂNTARA,3,2025,DOU,18721,10,0,0,1,1683,0,0,0,0,0,0,1683,36683,195.94
04/2026,2,NORDESTE,NE,21,MARANHAO,MARANHÃO,MA,210030,ALDEIAS ALTAS,ALDEIAS ALTAS,2,2025,DOU,23776,12,0,2,0,0,0,0,0,0,0,0,0,45500,191.36
04/2026,2,NORDESTE,NE,21,MARANHAO,MARANHÃO,MA,210040,ALTAMIRA DO MARANHAO,ALTAMIRA DO MARANHÃO,3,2025,DOU,6549,5,0,0,0,0,0,0,0,0,0,0,0,17500,267.21
04/2026,2,NORDESTE,NE,21,MARANHAO,MARANHÃO,MA,210043,ALTO ALEGRE DO MARANHAO,ALTO ALEGRE DO MARANHÃO,1,2025,DOU,24528,13,0,0,0,0,0,0,0,0,0,0,0,45500,185.5
04/2026,2,NORDESTE,NE,21,MARANHAO,MARANHÃO,MA,210047,ALTO ALEGRE DO PINDARE,ALTO ALEGRE DO PINDARÉ,3,2025,DOU,26321,16,0,0,0,0,0,0,0,0,0,0,0,56000,212.75
04/2026,2,NORDESTE,NE,21,MARANHAO,MARANHÃO,MA,210050,ALTO PARNAIBA,ALTO PARNAÍBA,5,2025,DOU,11392,5,0,0,0,0,0,0,0,0,0,0,0,17500,153.61
04/2026,2,NORDESTE,NE,21,MARANHAO,MARANHÃO,MA,210055,AMAPA DO MARANHAO,AMAPÁ DO MARANHÃO,3,2025,DOU,7380,4,0,0,0,0,0,0,0,0,0,0,0,14000,189.7
04/2026,2,NORDESTE,NE,21,MARANHAO,MARANHÃO,MA,210060,AMARANTE DO MARANHAO,AMARANTE DO MARANHÃO,3,2025,DOU,38335,21,0,0,0,0,0,0,0,0,0,0,0,73500,191.73
04/2026,2,NORDESTE,NE,21,MARANHAO,MARANHÃO,MA,210070,ANAJATUBA,ANAJATUBA,3,2025,DOU,26250,14,0,0,0,0,0,0,0,0,0,0,0,49000,186.66
04/2026,2,NORDESTE,NE,21,MARANHAO,MARANHÃO,MA,210080,ANAPURUS,ANAPURUS,3,2025,DOU,14113,8,0,0,0,0,0,0,0,0,0,0,0,28000,198.39
04/2026,2,NORDESTE,NE,21,MARANHAO,MARANHÃO,MA,210083,APICUM-ACU,APICUM-AÇU,5,2025,DOU,18033,7,0,0,0,0,0,0,0,0,0,0,0,24500,135.86
04/2026,2,NORDESTE,NE,21,MARANHAO,MARANHÃO,MA,210087,ARAGUANA,ARAGUANÃ,3,2025,DOU,11297,8,0,0,0,0,0,0,0,0,0,0,0,28000,247.85
04/2026,2,NORDESTE,NE,21,MARANHAO,MARANHÃO,MA,210090,ARAIOSES,ARAIOSES,3,2025,DOU,40231,17,0,0,0,0,0,0,0,0,0,0,0,59500,147.89
04/2026,2,NORDESTE,NE,21,MARANHAO,MARANHÃO,MA,210095,ARAME,ARAME,5,2025,DOU,26089,12,0,1,0,0,0,0,0,0,0,0,0,43750,167.69
04/2026,2,NORDESTE,NE,21,MARANHAO,MARANHÃO,MA,210100,ARARI,ARARI,2,2025,DOU,30555,15,0,0,0,0,0,0,0,0,0,0,0,52500,171.82
04/2026,2,NORDESTE,NE,21,MARANHAO,MARANHÃO,MA,210110,AXIXA,AXIXÁ,3,2025,DOU,12091,6,0,0,0,0,0,0,0,0,0,0,0,21000,173.68
04/2026,2,NORDESTE,NE,21,MARANHAO,MARANHÃO,MA,210120,BACABAL,BACABAL,1,2025,DOU,107755,53,0,0,0,0,1,120,0,0,1,696,816,186316,172.9
04/2026,2,NORDESTE,NE,21,MARANHAO,MARANHÃO,MA,210125,BACABEIRA,BACABEIRA,3,2025,DOU,17459,9,0,0,0,0,0,0,0,0,0,0,0,31500,180.42
04/2026,2,NORDESTE,NE,21,MARANHAO,MARANHÃO,MA,210130,BACURI,BACURI,5,2025,DOU,16591,8,0,0,0,0,0,0,0,0,0,0,0,28000,168.76
04/2026,2,NORDESTE,NE,21,MARANHAO,MARANHÃO,MA,210135,BACURITUBA,BACURITUBA,3,2025,DOU,5375,3,0,0,0,0,0,0,0,0,0,0,0,10500,195.34
04/2026,2,NORDESTE,NE,21,MARANHAO,MARANHÃO,MA,210140,BALSAS,BALSAS,1,2025,DOU,105974,31,0,0,0,0,0,0,1,0,0,0,0,108500,102.38
04/2026,2,NORDESTE,NE,21,MARANHAO,MARANHÃO,MA,210150,BARAO DE GRAJAU,BARÃO DE GRAJAÚ,1,2025,DOU,19493,9,0,0,0,0,0,0,0,0,0,0,0,31500,161.59
04/2026,2,NORDESTE,NE,21,MARANHAO,MARANHÃO,MA,210160,BARRA DO CORDA,BARRA DO CORDA,1,2025,DOU,87757,27,0,0,0,0,1,124,0,0,0,0,124,94624,107.82
04/2026,2,NORDESTE,NE,21,MARANHAO,MARANHÃO,MA,210170,BARREIRINHAS,BARREIRINHAS,5,2025,DOU,68234,32,0,0,0,0,1,0,0,0,0,0,0,112000,164.14
04/2026,2,NORDESTE,NE,21,MARANHAO,MARANHÃO,MA,210177,BELA VISTA DO MARANHAO,BELA VISTA DO MARANHÃO,3,2025,DOU,12104,6,0,0,0,0,0,0,0,0,0,0,0,21000,173.49
04/2026,2,NORDESTE,NE,21,MARANHAO,MARANHÃO,MA,210173,BELAGUA,BELÁGUA,3,2025,DOU,8751,3,0,0,0,0,0,0,0,0,0,0,0,10500,119.98
04/2026,2,NORDESTE,NE,21,MARANHAO,MARANHÃO,MA,210180,BENEDITO LEITE,BENEDITO LEITE,4,2025,DOU,5599,3,0,0,0,0,0,0,0,0,0,0,0,10500,187.53
04/2026,2,NORDESTE,NE,21,MARANHAO,MARANHÃO,MA,210190,BEQUIMAO,BEQUIMÃO,3,2025,DOU,19968,10,0,0,0,0,0,0,0,0,0,0,0,35000,175.28
04/2026,2,NORDESTE,NE,21,MARANHAO,MARANHÃO,MA,210193,BERNARDO DO MEARIM,BERNARDO DO MEARIM,3,2025,DOU,5989,3,0,0,0,0,0,0,0,0,0,0,0,10500,175.32
04/2026,2,NORDESTE,NE,21,MARANHAO,MARANHÃO,MA,210197,BOA VISTA DO GURUPI,BOA VISTA DO GURUPI,3,2025,DOU,7781,4,0,0,0,0,0,0,0,0,0,0,0,14000,179.92
04/2026,2,NORDESTE,NE,21,MARANHAO,MARANHÃO,MA,210200,BOM JARDIM,BOM JARDIM,3,2025,DOU,33936,20,0,0,0,0,0,0,0,0,0,0,0,70000,206.27
04/2026,2,NORDESTE,NE,21,MARANHAO,MARANHÃO,MA,210203,BOM JESUS DAS SELVAS,BOM JESUS DAS SELVAS,2,2025,DOU,29606,13,0,0,0,0,0,0,0,0,0,0,0,45500,153.68
04/2026,2,NORDESTE,NE,21,MARANHAO,MARANHÃO,MA,210207,BOM LUGAR,BOM LUGAR,3,2025,DOU,12371,7,0,0,0,0,0,0,0,0,0,0,0,24500,198.04
04/2026,2,NORDESTE,NE,21,MARANHAO,MARANHÃO,MA,210210,BREJO,BREJO,3,2025,DOU,35354,17,1,0,0,0,0,0,1,86,0,0,86,62211,175.96
04/2026,2,NORDESTE,NE,21,MARANHAO,MARANHÃO,MA,210215,BREJO DE AREIA,BREJO DE AREIA,3,2025,DOU,9363,5,0,0,0,0,0,0,0,0,0,0,0,17500,186.9
04/2026,2,NORDESTE,NE,21,MARANHAO,MARANHÃO,MA,210220,BURITI,BURITI,3,2025,DOU,30866,13,1,0,0,0,0,0,0,0,0,0,0,48125,155.91
04/2026,2,NORDESTE,NE,21,MARANHAO,MARANHÃO,MA,210230,BURITI BRAVO,BURITI BRAVO,1,2025,DOU,22938,12,0,0,0,0,0,0,0,0,0,0,0,42000,183.1
04/2026,2,NORDESTE,NE,21,MARANHAO,MARANHÃO,MA,210232,BURITICUPU,BURITICUPU,1,2025,DOU,56733,28,0,0,0,0,0,0,0,0,0,0,0,98000,172.73
04/2026,2,NORDESTE,NE,21,MARANHAO,MARANHÃO,MA,210235,BURITIRANA,BURITIRANA,3,2025,DOU,13125,8,0,0,0,0,0,0,0,0,0,0,0,28000,213.33
04/2026,2,NORDESTE,NE,21,MARANHAO,MARANHÃO,MA,210237,CACHOEIRA GRANDE,CACHOEIRA GRANDE,3,2025,DOU,10032,4,0,2,0,0,0,0,0,0,0,0,0,17500,174.44
04/2026,2,NORDESTE,NE,21,MARANHAO,MARANHÃO,MA,210240,CAJAPIO,CAJAPIÓ,3,2025,DOU,10336,6,0,0,0,0,0,0,0,0,0,0,0,21000,203.17
04/2026,2,NORDESTE,NE,21,MARANHAO,MARANHÃO,MA,210250,CAJARI,CAJARI,3,2025,DOU,16680,8,0,0,0,0,0,0,0,0,0,0,0,28000,167.86
04/2026,2,NORDESTE,NE,21,MARANHAO,MARANHÃO,MA,210255,CAMPESTRE DO MARANHAO,CAMPESTRE DO MARANHÃO,1,2025,DOU,12536,7,0,0,0,0,0,0,0,0,0,0,0,24500,195.43
04/2026,2,NORDESTE,NE,21,MARANHAO,MARANHÃO,MA,210260,CANDIDO MENDES,CÂNDIDO MENDES,3,2025,DOU,20440,9,2,0,0,0,0,0,0,0,0,0,0,36750,179.79
04/2026,2,NORDESTE,NE,21,MARANHAO,MARANHÃO,MA,210270,CANTANHEDE,CANTANHEDE,2,2025,DOU,25059,10,0,0,0,0,0,0,0,0,0,0,0,35000,139.67
04/2026,2,NORDESTE,NE,21,MARANHAO,MARANHÃO,MA,210275,CAPINZAL DO NORTE,CAPINZAL DO NORTE,3,2025,DOU,11681,5,0,0,0,0,0,0,0,0,0,0,0,17500,149.81
04/2026,2,NORDESTE,NE,21,MARANHAO,MARANHÃO,MA,210280,CAROLINA,CAROLINA,2,2025,DOU,24619,11,0,0,0,0,0,0,0,0,0,0,0,38500,156.38
04/2026,2,NORDESTE,NE,21,MARANHAO,MARANHÃO,MA,210290,CARUTAPERA,CARUTAPERA,1,2025,DOU,24906,10,0,0,0,0,0,0,0,0,0,0,0,35000,140.52
04/2026,2,NORDESTE,NE,21,MARANHAO,MARANHÃO,MA,210300,CAXIAS,CAXIAS,1,2025,DOU,163546,56,1,0,0,0,1,199,1,269,0,0,468,199093,121.73
04/2026,2,NORDESTE,NE,21,MARANHAO,MARANHÃO,MA,210310,CEDRAL,CEDRAL,3,2025,DOU,10446,5,0,0,0,0,0,0,0,0,0,0,0,17500,167.52
04/2026,2,NORDESTE,NE,21,MARANHAO,MARANHÃO,MA,210312,CENTRAL DO MARANHAO,CENTRAL DO MARANHÃO,3,2025,DOU,7220,4,0,0,0,0,0,0,0,0,0,0,0,14000,193.9
04/2026,2,NORDESTE,NE,21,MARANHAO,MARANHÃO,MA,210315,CENTRO DO GUILHERME,CENTRO DO GUILHERME,3,2025,DOU,12693,7,0,0,0,0,0,0,0,0,0,0,0,24500,193.01
04/2026,2,NORDESTE,NE,21,MARANHAO,MARANHÃO,MA,210317,CENTRO NOVO DO MARANHAO,CENTRO NOVO DO MARANHÃO,3,2025,DOU,16477,11,0,0,0,0,0,0,0,0,0,0,0,38500,233.65
04/2026,2,NORDESTE,NE,21,MARANHAO,MARANHÃO,MA,210320,CHAPADINHA,CHAPADINHA,1,2025,DOU,84395,28,0,0,0,0,0,0,0,0,0,0,0,98000,116.12
04/2026,2,NORDESTE,NE,21,MARANHAO,MARANHÃO,MA,210325,CIDELANDIA,CIDELÂNDIA,3,2025,DOU,13141,7,0,0,0,0,0,0,0,0,0,0,0,24500,186.43
04/2026,2,NORDESTE,NE,21,MARANHAO,MARANHÃO,MA,210330,CODO,CODÓ,1,2025,DOU,118283,40,0,0,0,0,1,57,1,559,0,0,616,140616,118.88
04/2026,2,NORDESTE,NE,21,MARANHAO,MARANHÃO,MA,210340,COELHO NETO,COELHO NETO,1,2025,DOU,42841,18,0,0,0,0,0,0,0,0,0,0,0,63000,147.05
04/2026,2,NORDESTE,NE,21,MARANHAO,MARANHÃO,MA,210350,COLINAS,COLINAS,2,2025,DOU,41788,21,0,0,0,0,0,0,0,0,1,160,160,73660,176.27
04/2026,2,NORDESTE,NE,21,MARANHAO,MARANHÃO,MA,210355,CONCEICAO DO LAGO-ACU,CONCEIÇÃO DO LAGO-AÇU,3,2025,DOU,15278,7,0,0,1,897,1,54,0,0,0,0,951,25451,166.58
04/2026,2,NORDESTE,NE,21,MARANHAO,MARANHÃO,MA,210360,COROATA,COROATÁ,1,2025,DOU,61337,17,0,0,0,0,0,0,1,450,0,0,450,59950,97.73
04/2026,2,NORDESTE,NE,21,MARANHAO,MARANHÃO,MA,210370,CURURUPU,CURURUPU,2,2025,DOU,32602,15,1,0,1,618,0,0,0,0,0,0,618,55743,170.98
04/2026,2,NORDESTE,NE,21,MARANHAO,MARANHÃO,MA,210375,DAVINOPOLIS,DAVINÓPOLIS,1,2025,DOU,14828,6,0,0,0,0,0,0,1,451,0,0,451,21451,144.66
04/2026,2,NORDESTE,NE,21,MARANHAO,MARANHÃO,MA,210380,DOM PEDRO,DOM PEDRO,2,2025,DOU,23594,10,0,0,0,0,0,0,0,0,0,0,0,35000,148.34
04/2026,2,NORDESTE,NE,21,MARANHAO,MARANHÃO,MA,210390,DUQUE BACELAR,DUQUE BACELAR,3,2025,DOU,10443,6,0,0,0,0,0,0,0,0,0,0,0,21000,201.09
04/2026,2,NORDESTE,NE,21,MARANHAO,MARANHÃO,MA,210400,ESPERANTINOPOLIS,ESPERANTINÓPOLIS,3,2025,DOU,18734,10,0,0,0,0,0,0,0,0,0,0,0,35000,186.82
04/2026,2,NORDESTE,NE,21,MARANHAO,MARANHÃO,MA,210405,ESTREITO,ESTREITO,1,2025,DOU,34321,17,1,0,0,0,0,0,0,0,0,0,0,62125,181.01
04/2026,2,NORDESTE,NE,21,MARANHAO,MARANHÃO,MA,210407,FEIRA NOVA DO MARANHAO,FEIRA NOVA DO MARANHÃO,5,2025,DOU,8237,4,0,0,0,0,0,0,0,0,0,0,0,14000,169.96
04/2026,2,NORDESTE,NE,21,MARANHAO,MARANHÃO,MA,210408,FERNANDO FALCAO,FERNANDO FALCÃO,5,2025,DOU,11219,6,0,0,0,0,0,0,0,0,0,0,0,21000,187.18
04/2026,2,NORDESTE,NE,21,MARANHAO,MARANHÃO,MA,210409,FORMOSA DA SERRA NEGRA,FORMOSA DA SERRA NEGRA,5,2025,DOU,18150,10,0,0,0,0,0,0,0,0,0,0,0,35000,192.83
04/2026,2,NORDESTE,NE,21,MARANHAO,MARANHÃO,MA,210410,FORTALEZA DOS NOGUEIRAS,FORTALEZA DOS NOGUEIRAS,3,2025,DOU,12963,6,0,0,0,0,0,0,0,0,0,0,0,21000,161.99
04/2026,2,NORDESTE,NE,21,MARANHAO,MARANHÃO,MA,210420,FORTUNA,FORTUNA,3,2025,DOU,17347,9,0,0,0,0,0,0,0,0,0,0,0,31500,181.58
04/2026,2,NORDESTE,NE,21,MARANHAO,MARANHÃO,MA,210430,GODOFREDO VIANA,GODOFREDO VIANA,3,2025,DOU,10424,5,0,0,0,0,0,0,0,0,0,0,0,17500,167.88
04/2026,2,NORDESTE,NE,21,MARANHAO,MARANHÃO,MA,210440,GONCALVES DIAS,GONÇALVES DIAS,3,2025,DOU,17580,8,0,0,0,0,0,0,0,0,0,0,0,28000,159.27
04/2026,2,NORDESTE,NE,21,MARANHAO,MARANHÃO,MA,210450,GOVERNADOR ARCHER,GOVERNADOR ARCHER,3,2025,DOU,10476,5,0,0,0,0,0,0,0,0,0,0,0,17500,167.04
04/2026,2,NORDESTE,NE,21,MARANHAO,MARANHÃO,MA,210455,GOVERNADOR EDISON LOBAO,GOVERNADOR EDISON LOBÃO,2,2025,DOU,18963,9,0,0,0,0,0,0,0,0,0,0,0,31500,166.11
04/2026,2,NORDESTE,NE,21,MARANHAO,MARANHÃO,MA,210460,GOVERNADOR EUGENIO BARROS,GOVERNADOR EUGÊNIO BARROS,3,2025,DOU,14264,8,0,0,0,0,0,0,0,0,0,0,0,28000,196.29
04/2026,2,NORDESTE,NE,21,MARANHAO,MARANHÃO,MA,210462,GOVERNADOR LUIZ ROCHA,GOVERNADOR LUIZ ROCHA,3,2025,DOU,7216,4,0,0,0,0,0,0,0,0,0,0,0,14000,194.01
04/2026,2,NORDESTE,NE,21,MARANHAO,MARANHÃO,MA,210465,GOVERNADOR NEWTON BELLO,GOVERNADOR NEWTON BELLO,3,2025,DOU,10993,6,0,0,0,0,0,0,0,0,0,0,0,21000,191.03
04/2026,2,NORDESTE,NE,21,MARANHAO,MARANHÃO,MA,210467,GOVERNADOR NUNES FREIRE,GOVERNADOR NUNES FREIRE,2,2025,DOU,23526,12,0,0,0,0,0,0,0,0,1,622,622,42622,181.16
04/2026,2,NORDESTE,NE,21,MARANHAO,MARANHÃO,MA,210470,GRACA ARANHA,GRAÇA ARANHA,3,2025,DOU,6160,3,0,0,0,0,0,0,0,0,0,0,0,10500,170.45
04/2026,2,NORDESTE,NE,21,MARANHAO,MARANHÃO,MA,210480,GRAJAU,GRAJAÚ,1,2025,DOU,76837,19,0,0,0,0,0,0,0,0,0,0,0,66500,86.54
04/2026,2,NORDESTE,NE,21,MARANHAO,MARANHÃO,MA,210490,GUIMARAES,GUIMARÃES,3,2025,DOU,10439,6,0,0,0,0,0,0,0,0,0,0,0,21000,201.16
04/2026,2,NORDESTE,NE,21,MARANHAO,MARANHÃO,MA,210500,HUMBERTO DE CAMPOS,HUMBERTO DE CAMPOS,5,2025,DOU,26550,15,0,0,0,0,0,0,0,0,0,0,0,52500,197.74
04/2026,2,NORDESTE,NE,21,MARANHAO,MARANHÃO,MA,210510,ICATU,ICATU,3,2025,DOU,25332,14,0,0,0,0,0,0,0,0,0,0,0,49000,193.43
04/2026,2,NORDESTE,NE,21,MARANHAO,MARANHÃO,MA,210515,IGARAPE DO MEIO,IGARAPÉ DO MEIO,3,2025,DOU,14383,6,0,0,0,0,0,0,0,0,0,0,0,21000,146.0
04/2026,2,NORDESTE,NE,21,MARANHAO,MARANHÃO,MA,210520,IGARAPE GRANDE,IGARAPÉ GRANDE,3,2025,DOU,10461,6,0,0,0,0,0,0,0,0,0,0,0,21000,200.74
04/2026,2,NORDESTE,NE,21,MARANHAO,MARANHÃO,MA,210530,IMPERATRIZ,IMPERATRIZ,1,2025,DOU,285806,74,0,0,0,0,1,328,1,865,1,797,1990,260990,91.31
04/2026,2,NORDESTE,NE,21,MARANHAO,MARANHÃO,MA,210535,ITAIPAVA DO GRAJAU,ITAIPAVA DO GRAJAÚ,5,2025,DOU,14142,7,2,0,0,0,0,0,0,0,0,0,0,29750,210.36
04/2026,2,NORDESTE,NE,21,MARANHAO,MARANHÃO,MA,210540,ITAPECURU MIRIM,ITAPECURU MIRIM,1,2025,DOU,62264,28,0,0,0,0,0,0,1,94,0,0,94,98094,157.54
04/2026,2,NORDESTE,NE,21,MARANHAO,MARANHÃO,MA,210542,ITINGA DO MARANHAO,ITINGA DO MARANHÃO,2,2025,DOU,22896,12,0,0,0,0,0,0,0,0,0,0,0,42000,183.43
04/2026,2,NORDESTE,NE,21,MARANHAO,MARANHÃO,MA,210545,JATOBA,JATOBÁ,3,2025,DOU,7593,5,0,0,0,0,0,0,0,0,0,0,0,17500,230.47
04/2026,2,NORDESTE,NE,21,MARANHAO,MARANHÃO,MA,210547,JENIPAPO DOS VIEIRAS,JENIPAPO DOS VIEIRAS,5,2025,DOU,17529,8,1,0,0,0,0,0,0,0,0,0,0,30625,174.71
04/2026,2,NORDESTE,NE,21,MARANHAO,MARANHÃO,MA,210550,JOAO LISBOA,JOÃO LISBOA,2,2025,DOU,25311,12,0,0,0,0,0,0,0,0,0,0,0,42000,165.93
04/2026,2,NORDESTE,NE,21,MARANHAO,MARANHÃO,MA,210560,JOSELANDIA,JOSELÂNDIA,3,2025,DOU,15227,8,0,0,0,0,0,0,0,0,0,0,0,28000,183.88
04/2026,2,NORDESTE,NE,21,MARANHAO,MARANHÃO,MA,210565,JUNCO DO MARANHAO,JUNCO DO MARANHÃO,3,2025,DOU,5282,3,0,0,0,0,0,0,0,0,0,0,0,10500,198.78
04/2026,2,NORDESTE,NE,21,MARANHAO,MARANHÃO,MA,210570,LAGO DA PEDRA,LAGO DA PEDRA,1,2025,DOU,45865,25,0,0,0,0,0,0,0,0,0,0,0,87500,190.77
04/2026,2,NORDESTE,NE,21,MARANHAO,MARANHÃO,MA,210580,LAGO DO JUNCO,LAGO DO JUNCO,3,2025,DOU,9687,5,0,0,0,0,0,0,0,0,0,0,0,17500,180.65
04/2026,2,NORDESTE,NE,21,MARANHAO,MARANHÃO,MA,210594,LAGO DOS RODRIGUES,LAGO DOS RODRIGUES,3,2025,DOU,8962,4,0,0,0,0,0,0,0,0,0,0,0,14000,156.21
04/2026,2,NORDESTE,NE,21,MARANHAO,MARANHÃO,MA,210590,LAGO VERDE,LAGO VERDE,3,2025,DOU,15069,8,0,0,0,0,0,0,0,0,0,0,0,28000,185.81
04/2026,2,NORDESTE,NE,21,MARANHAO,MARANHÃO,MA,210592,LAGOA DO MATO,LAGOA DO MATO,3,2025,DOU,10806,6,0,0,0,0,0,0,0,0,0,0,0,21000,194.33
04/2026,2,NORDESTE,NE,21,MARANHAO,MARANHÃO,MA,210596,LAGOA GRANDE DO MARANHAO,LAGOA GRANDE DO MARANHÃO,5,2025,DOU,11731,6,0,0,0,0,0,0,0,0,0,0,0,21000,179.01
04/2026,2,NORDESTE,NE,21,MARANHAO,MARANHÃO,MA,210598,LAJEADO NOVO,LAJEADO NOVO,3,2025,DOU,7232,4,0,0,0,0,0,0,0,0,0,0,0,14000,193.58
04/2026,2,NORDESTE,NE,21,MARANHAO,MARANHÃO,MA,210600,LIMA CAMPOS,LIMA CAMPOS,3,2025,DOU,11559,6,0,0,0,0,0,0,0,0,0,0,0,21000,181.67
04/2026,2,NORDESTE,NE,21,MARANHAO,MARANHÃO,MA,210610,LORETO,LORETO,5,2025,DOU,11884,6,0,0,0,0,0,0,0,0,0,0,0,21000,176.7
04/2026,2,NORDESTE,NE,21,MARANHAO,MARANHÃO,MA,210620,LUIS DOMINGUES,LUÍS DOMINGUES,2,2025,DOU,7366,3,0,0,1,2707,0,0,0,0,0,0,2707,13207,179.29
04/2026,2,NORDESTE,NE,21,MARANHAO,MARANHÃO,MA,210630,MAGALHAES DE ALMEIDA,MAGALHÃES DE ALMEIDA,3,2025,DOU,13933,7,0,0,0,0,0,0,0,0,0,0,0,24500,175.84
04/2026,2,NORDESTE,NE,21,MARANHAO,MARANHÃO,MA,210632,MARACACUME,MARACAÇUMÉ,1,2025,DOU,21730,11,0,0,0,0,0,0,0,0,0,0,0,38500,177.17
04/2026,2,NORDESTE,NE,21,MARANHAO,MARANHÃO,MA,210635,MARAJA DO SENA,MARAJÁ DO SENA,3,2025,DOU,7153,4,0,0,0,0,0,0,0,0,0,0,0,14000,195.72
04/2026,2,NORDESTE,NE,21,MARANHAO,MARANHÃO,MA,210637,MARANHAOZINHO,MARANHÃOZINHO,3,2025,DOU,14092,8,0,0,0,0,0,0,0,0,0,0,0,28000,198.69
04/2026,2,NORDESTE,NE,21,MARANHAO,MARANHÃO,MA,210640,MATA ROMA,MATA ROMA,3,2025,DOU,17581,9,0,0,0,0,0,0,0,0,0,0,0,31500,179.17
04/2026,2,NORDESTE,NE,21,MARANHAO,MARANHÃO,MA,210650,MATINHA,MATINHA,3,2025,DOU,22540,12,0,0,0,0,0,0,0,0,0,0,0,42000,186.33
04/2026,2,NORDESTE,NE,21,MARANHAO,MARANHÃO,MA,210660,MATOES,MATÕES,3,2025,DOU,33327,17,0,0,0,0,0,0,0,0,0,0,0,59500,178.53
04/2026,2,NORDESTE,NE,21,MARANHAO,MARANHÃO,MA,210663,MATOES DO NORTE,MATÕES DO NORTE,3,2025,DOU,18021,7,0,0,0,0,0,0,0,0,0,0,0,24500,135.95
04/2026,2,NORDESTE,NE,21,MARANHAO,MARANHÃO,MA,210667,MILAGRES DO MARANHAO,MILAGRES DO MARANHÃO,3,2025,DOU,9065,4,0,0,0,0,0,0,0,0,0,0,0,14000,154.44
04/2026,2,NORDESTE,NE,21,MARANHAO,MARANHÃO,MA,210670,MIRADOR,MIRADOR,5,2025,DOU,21536,12,0,0,0,0,0,0,0,0,0,0,0,42000,195.02
04/2026,2,NORDESTE,NE,21,MARANHAO,MARANHÃO,MA,210675,MIRANDA DO NORTE,MIRANDA DO NORTE,1,2025,DOU,24373,12,0,0,1,229,0,0,0,0,0,0,229,42229,173.26
04/2026,2,NORDESTE,NE,21,MARANHAO,MARANHÃO,MA,210680,MIRINZAL,MIRINZAL,3,2025,DOU,14298,8,0,0,0,0,0,0,0,0,0,0,0,28000,195.83
04/2026,2,NORDESTE,NE,21,MARANHAO,MARANHÃO,MA,210690,MONCAO,MONÇÃO,3,2025,DOU,28563,13,0,1,0,0,0,0,0,0,0,0,0,47250,165.42
04/2026,2,NORDESTE,NE,21,MARANHAO,MARANHÃO,MA,210700,MONTES ALTOS,MONTES ALTOS,3,2025,DOU,9306,5,0,0,0,0,0,0,0,0,0,0,0,17500,188.05
04/2026,2,NORDESTE,NE,21,MARANHAO,MARANHÃO,MA,210710,MORROS,MORROS,3,2025,DOU,19015,9,0,0,0,0,0,0,0,0,0,0,0,31500,165.65
04/2026,2,NORDESTE,NE,21,MARANHAO,MARANHÃO,MA,210720,NINA RODRIGUES,NINA RODRIGUES,3,2025,DOU,14589,7,0,0,0,0,0,0,0,0,0,0,0,24500,167.93
04/2026,2,NORDESTE,NE,21,MARANHAO,MARANHÃO,MA,210725,NOVA COLINAS,NOVA COLINAS,3,2025,DOU,5148,3,0,0,0,0,0,0,0,0,0,0,0,10500,203.96
04/2026,2,NORDESTE,NE,21,MARANHAO,MARANHÃO,MA,210730,NOVA IORQUE,NOVA IORQUE,5,2025,DOU,4409,2,0,0,0,0,0,0,0,0,0,0,0,7000,158.76
04/2026,2,NORDESTE,NE,21,MARANHAO,MARANHÃO,MA,210735,NOVA OLINDA DO MARANHAO,NOVA OLINDA DO MARANHÃO,2,2025,DOU,14379,11,0,0,0,0,0,0,0,0,0,0,0,38500,267.75
04/2026,2,NORDESTE,NE,21,MARANHAO,MARANHÃO,MA,210740,OLHO D'AGUA DAS CUNHAS,OLHO D'ÁGUA DAS CUNHÃS,3,2025,DOU,18288,10,0,0,0,0,0,0,0,0,0,0,0,35000,191.38
04/2026,2,NORDESTE,NE,21,MARANHAO,MARANHÃO,MA,210745,OLINDA NOVA DO MARANHAO,OLINDA NOVA DO MARANHÃO,3,2025,DOU,13921,7,0,0,0,0,0,0,0,0,0,0,0,24500,175.99
04/2026,2,NORDESTE,NE,21,MARANHAO,MARANHÃO,MA,210750,PACO DO LUMIAR,PAÇO DO LUMIAR,1,2025,DOU,153158,24,0,0,0,0,1,55,0,0,1,163,218,84218,54.98
04/2026,2,NORDESTE,NE,21,MARANHAO,MARANHÃO,MA,210760,PALMEIRANDIA,PALMEIRÂNDIA,3,2025,DOU,21657,10,0,0,0,0,0,0,0,0,0,0,0,35000,161.61
04/2026,2,NORDESTE,NE,21,MARANHAO,MARANHÃO,MA,210770,PARAIBANO,PARAIBANO,1,2025,DOU,18589,8,0,1,0,0,0,0,0,0,0,0,0,29750,160.04
04/2026,2,NORDESTE,NE,21,MARANHAO,MARANHÃO,MA,210780,PARNARAMA,PARNARAMA,3,2025,DOU,32232,14,0,0,0,0,0,0,0,0,0,0,0,49000,152.02
04/2026,2,NORDESTE,NE,21,MARANHAO,MARANHÃO,MA,210790,PASSAGEM FRANCA,PASSAGEM FRANCA,3,2025,DOU,17591,9,0,0,0,0,0,0,0,0,0,0,0,31500,179.06
04/2026,2,NORDESTE,NE,21,MARANHAO,MARANHÃO,MA,210800,PASTOS BONS,PASTOS BONS,4,2025,DOU,19266,10,0,0,0,0,0,0,0,0,0,0,0,35000,181.66
04/2026,2,NORDESTE,NE,21,MARANHAO,MARANHÃO,MA,210805,PAULINO NEVES,PAULINO NEVES,5,2025,DOU,17578,8,0,0,0,0,0,0,0,0,0,0,0,28000,159.29
04/2026,2,NORDESTE,NE,21,MARANHAO,MARANHÃO,MA,210810,PAULO RAMOS,PAULO RAMOS,3,2025,DOU,20798,11,0,0,0,0,0,0,0,0,0,0,0,38500,185.11
04/2026,2,NORDESTE,NE,21,MARANHAO,MARANHÃO,MA,210820,PEDREIRAS,PEDREIRAS,1,2025,DOU,38252,20,0,0,0,0,0,0,1,656,1,72,728,70728,184.9
04/2026,2,NORDESTE,NE,21,MARANHAO,MARANHÃO,MA,210825,PEDRO DO ROSARIO,PEDRO DO ROSÁRIO,3,2025,DOU,24955,11,0,0,0,0,0,0,0,0,0,0,0,38500,154.27
04/2026,2,NORDESTE,NE,21,MARANHAO,MARANHÃO,MA,210830,PENALVA,PENALVA,4,2025,DOU,33496,18,2,0,0,0,0,0,0,0,0,0,0,68250,203.75
04/2026,2,NORDESTE,NE,21,MARANHAO,MARANHÃO,MA,210840,PERI MIRIM,PERI MIRIM,3,2025,DOU,11229,7,0,0,0,0,0,0,0,0,0,0,0,24500,218.18
04/2026,2,NORDESTE,NE,21,MARANHAO,MARANHÃO,MA,210845,PERITORO,PERITORÓ,3,2025,DOU,20903,11,0,0,0,0,0,0,0,0,0,0,0,38500,184.18
04/2026,2,NORDESTE,NE,21,MARANHAO,MARANHÃO,MA,210850,PINDARE-MIRIM,PINDARÉ-MIRIM,2,2025,DOU,32542,17,0,0,0,0,0,0,0,0,0,0,0,59500,182.84
04/2026,2,NORDESTE,NE,21,MARANHAO,MARANHÃO,MA,210860,PINHEIRO,PINHEIRO,1,2025,DOU,88091,28,0,0,0,0,0,0,1,1060,0,0,1060,99060,112.45
04/2026,2,NORDESTE,NE,21,MARANHAO,MARANHÃO,MA,210870,PIO XII,PIO XII,2,2025,DOU,22374,9,0,2,0,0,0,0,0,0,0,0,0,35000,156.43
04/2026,2,NORDESTE,NE,21,MARANHAO,MARANHÃO,MA,210880,PIRAPEMAS,PIRAPEMAS,2,2025,DOU,18132,8,0,0,0,0,0,0,0,0,0,0,0,28000,154.42
04/2026,2,NORDESTE,NE,21,MARANHAO,MARANHÃO,MA,210890,POCAO DE PEDRAS,POÇÃO DE PEDRAS,3,2025,DOU,17394,9,0,0,0,0,0,0,0,0,0,0,0,31500,181.09
04/2026,2,NORDESTE,NE,21,MARANHAO,MARANHÃO,MA,210900,PORTO FRANCO,PORTO FRANCO,1,2025,DOU,24571,10,0,0,0,0,0,0,0,0,0,0,0,35000,142.44
04/2026,2,NORDESTE,NE,21,MARANHAO,MARANHÃO,MA,210905,PORTO RICO DO MARANHAO,PORTO RICO DO MARANHÃO,3,2025,DOU,6092,3,0,0,0,0,0,0,0,0,0,0,0,10500,172.35
04/2026,2,NORDESTE,NE,21,MARANHAO,MARANHÃO,MA,210910,PRESIDENTE DUTRA,PRESIDENTE DUTRA,1,2025,DOU,46606,24,0,0,0,0,1,66,0,0,0,0,66,84066,180.37
04/2026,2,NORDESTE,NE,21,MARANHAO,MARANHÃO,MA,210920,PRESIDENTE JUSCELINO,PRESIDENTE JUSCELINO,3,2025,DOU,11616,6,0,0,0,0,0,0,0,0,0,0,0,21000,180.78
04/2026,2,NORDESTE,NE,21,MARANHAO,MARANHÃO,MA,210923,PRESIDENTE MEDICI,PRESIDENTE MÉDICI,3,2025,DOU,4717,4,0,0,0,0,0,0,0,0,0,0,0,14000,296.79
04/2026,2,NORDESTE,NE,21,MARANHAO,MARANHÃO,MA,210927,PRESIDENTE SARNEY,PRESIDENTE SARNEY,3,2025,DOU,17925,10,0,0,0,0,0,0,0,0,0,0,0,35000,195.25
04/2026,2,NORDESTE,NE,21,MARANHAO,MARANHÃO,MA,210930,PRESIDENTE VARGAS,PRESIDENTE VARGAS,3,2025,DOU,10791,6,0,0,0,0,0,0,0,0,0,0,0,21000,194.6
04/2026,2,NORDESTE,NE,21,MARANHAO,MARANHÃO,MA,210940,PRIMEIRA CRUZ,PRIMEIRA CRUZ,5,2025,DOU,13920,7,0,0,0,0,0,0,0,0,0,0,0,24500,176.0
04/2026,2,NORDESTE,NE,21,MARANHAO,MARANHÃO,MA,210945,RAPOSA,RAPOSA,1,2025,DOU,32156,11,0,0,0,0,1,26,0,0,0,0,26,38526,119.8
04/2026,2,NORDESTE,NE,21,MARANHAO,MARANHÃO,MA,210950,RIACHAO,RIACHÃO,3,2025,DOU,22740,11,0,0,0,0,0,0,0,0,0,0,0,38500,169.3
04/2026,2,NORDESTE,NE,21,MARANHAO,MARANHÃO,MA,210955,RIBAMAR FIQUENE,RIBAMAR FIQUENE,3,2025,DOU,7601,4,0,0,0,0,0,0,0,0,0,0,0,14000,184.18
04/2026,2,NORDESTE,NE,21,MARANHAO,MARANHÃO,MA,210960,ROSARIO,ROSÁRIO,1,2025,DOU,39761,21,0,0,0,0,0,0,1,429,0,0,429,73929,185.93
04/2026,2,NORDESTE,NE,21,MARANHAO,MARANHÃO,MA,210970,SAMBAIBA,SAMBAÍBA,5,2025,DOU,6234,3,0,0,0,0,0,0,0,0,0,0,0,10500,168.43
04/2026,2,NORDESTE,NE,21,MARANHAO,MARANHÃO,MA,210975,SANTA FILOMENA DO MARANHAO,SANTA FILOMENA DO MARANHÃO,3,2025,DOU,6833,3,2,0,0,0,0,0,0,0,0,0,0,15750,230.49
04/2026,2,NORDESTE,NE,21,MARANHAO,MARANHÃO,MA,210980,SANTA HELENA,SANTA HELENA,1,2025,DOU,43200,13,0,0,3,3946,0,0,0,0,0,0,3946,49446,114.45
04/2026,2,NORDESTE,NE,21,MARANHAO,MARANHÃO,MA,210990,SANTA INES,SANTA INÊS,1,2025,DOU,88249,45,0,0,0,0,0,0,1,512,0,0,512,158012,179.05
04/2026,2,NORDESTE,NE,21,MARANHAO,MARANHÃO,MA,211000,SANTA LUZIA,SANTA LUZIA,2,2025,DOU,58839,34,0,0,0,0,0,0,0,0,0,0,0,119000,202.24
04/2026,2,NORDESTE,NE,21,MARANHAO,MARANHÃO,MA,211003,SANTA LUZIA DO PARUA,SANTA LUZIA DO PARUÁ,2,2025,DOU,24890,11,0,0,0,0,0,0,0,0,0,0,0,38500,154.68
04/2026,2,NORDESTE,NE,21,MARANHAO,MARANHÃO,MA,211010,SANTA QUITERIA DO MARANHAO,SANTA QUITÉRIA DO MARANHÃO,3,2025,DOU,24495,13,0,0,0,0,0,0,0,0,0,0,0,45500,185.75
04/2026,2,NORDESTE,NE,21,MARANHAO,MARANHÃO,MA,211020,SANTA RITA,SANTA RITA,3,2025,DOU,38542,19,0,0,0,0,0,0,0,0,0,0,0,66500,172.53
04/2026,2,NORDESTE,NE,21,MARANHAO,MARANHÃO,MA,211023,SANTANA DO MARANHAO,SANTANA DO MARANHÃO,3,2025,DOU,10759,6,1,0,0,0,0,0,0,0,0,0,0,23625,219.58
04/2026,2,NORDESTE,NE,21,MARANHAO,MARANHÃO,MA,211027,SANTO AMARO DO MARANHAO,SANTO AMARO DO MARANHÃO,5,2025,DOU,14287,8,0,0,0,0,0,0,0,0,0,0,0,28000,195.98
04/2026,2,NORDESTE,NE,21,MARANHAO,MARANHÃO,MA,211030,SANTO ANTONIO DOS LOPES,SANTO ANTÔNIO DOS LOPES,3,2025,DOU,14628,7,0,0,0,0,0,0,0,0,0,0,0,24500,167.48
04/2026,2,NORDESTE,NE,21,MARANHAO,MARANHÃO,MA,211040,SAO BENEDITO DO RIO PRETO,SÃO BENEDITO DO RIO PRETO,3,2025,DOU,18810,9,0,0,0,0,0,0,0,0,0,0,0,31500,167.46
04/2026,2,NORDESTE,NE,21,MARANHAO,MARANHÃO,MA,211050,SAO BENTO,SÃO BENTO,2,2025,DOU,48166,19,0,0,0,0,0,0,0,0,0,0,0,66500,138.06
04/2026,2,NORDESTE,NE,21,MARANHAO,MARANHÃO,MA,211060,SAO BERNARDO,SÃO BERNARDO,3,2025,DOU,27910,13,0,1,0,0,0,0,0,0,0,0,0,47250,169.29
04/2026,2,NORDESTE,NE,21,MARANHAO,MARANHÃO,MA,211065,SAO DOMINGOS DO AZEITAO,SÃO DOMINGOS DO AZEITÃO,5,2025,DOU,8236,4,0,0,0,0,0,0,0,0,0,0,0,14000,169.98
04/2026,2,NORDESTE,NE,21,MARANHAO,MARANHÃO,MA,211070,SAO DOMINGOS DO MARANHAO,SÃO DOMINGOS DO MARANHÃO,2,2025,DOU,35247,16,2,0,0,0,0,0,0,0,0,0,0,61250,173.77
04/2026,2,NORDESTE,NE,21,MARANHAO,MARANHÃO,MA,211080,SAO FELIX DE BALSAS,SÃO FÉLIX DE BALSAS,5,2025,DOU,4491,2,0,0,0,0,0,0,0,0,0,0,0,7000,155.86
04/2026,2,NORDESTE,NE,21,MARANHAO,MARANHÃO,MA,211085,SAO FRANCISCO DO BREJAO,SÃO FRANCISCO DO BREJÃO,3,2025,DOU,9202,3,0,0,0,0,0,0,0,0,0,0,0,10500,114.1
04/2026,2,NORDESTE,NE,21,MARANHAO,MARANHÃO,MA,211090,SAO FRANCISCO DO MARANHAO,SÃO FRANCISCO DO MARANHÃO,3,2025,DOU,12360,6,0,0,0,0,0,0,0,0,0,0,0,21000,169.9
04/2026,2,NORDESTE,NE,21,MARANHAO,MARANHÃO,MA,211100,SAO JOAO BATISTA,SÃO JOÃO BATISTA,3,2025,DOU,18889,10,0,0,0,0,0,0,0,0,0,0,0,35000,185.29
04/2026,2,NORDESTE,NE,21,MARANHAO,MARANHÃO,MA,211102,SAO JOAO DO CARU,SÃO JOÃO DO CARÚ,5,2025,DOU,12360,8,0,0,0,0,0,0,0,0,0,0,0,28000,226.53
04/2026,2,NORDESTE,NE,21,MARANHAO,MARANHÃO,MA,211105,SAO JOAO DO PARAISO,SÃO JOÃO DO PARAÍSO,3,2025,DOU,10091,6,0,0,0,0,0,0,0,0,0,0,0,21000,208.1
04/2026,2,NORDESTE,NE,21,MARANHAO,MARANHÃO,MA,211107,SAO JOAO DO SOTER,SÃO JOÃO DO SOTER,3,2025,DOU,17253,9,0,0,0,0,0,0,0,0,0,0,0,31500,182.57
04/2026,2,NORDESTE,NE,21,MARANHAO,MARANHÃO,MA,211110,SAO JOAO DOS PATOS,SÃO JOÃO DOS PATOS,1,2025,DOU,25910,10,0,0,0,0,0,0,1,394,0,0,394,35394,136.6
04/2026,2,NORDESTE,NE,21,MARANHAO,MARANHÃO,MA,211120,SAO JOSE DE RIBAMAR,SÃO JOSÉ DE RIBAMAR,1,2025,DOU,259164,58,1,0,0,0,0,0,0,0,0,0,0,205625,79.34
04/2026,2,NORDESTE,NE,21,MARANHAO,MARANHÃO,MA,211125,SAO JOSE DOS BASILIOS,SÃO JOSÉ DOS BASÍLIOS,3,2025,DOU,7094,3,2,0,0,0,0,0,0,0,0,0,0,15750,222.01
04/2026,2,NORDESTE,NE,21,MARANHAO,MARANHÃO,MA,211130,SAO LUIS,SÃO LUÍS,1,2025,DOU,1089215,186,0,0,1,2258,2,925,6,6617,0,0,9800,660800,60.66
04/2026,2,NORDESTE,NE,21,MARANHAO,MARANHÃO,MA,211140,SAO LUIS GONZAGA DO MARANHAO,SÃO LUÍS GONZAGA DO MARANHÃO,3,2025,DOU,18123,9,0,0,0,0,0,0,0,0,0,0,0,31500,173.81
04/2026,2,NORDESTE,NE,21,MARANHAO,MARANHÃO,MA,211150,SAO MATEUS DO MARANHAO,SÃO MATEUS DO MARANHÃO,1,2025,DOU,40177,17,0,0,0,0,0,0,0,0,0,0,0,59500,148.09
04/2026,2,NORDESTE,NE,21,MARANHAO,MARANHÃO,MA,211153,SAO PEDRO DA AGUA BRANCA,SÃO PEDRO DA ÁGUA BRANCA,2,2025,DOU,14786,5,0,0,0,0,0,0,0,0,0,0,0,17500,118.35
04/2026,2,NORDESTE,NE,21,MARANHAO,MARANHÃO,MA,211157,SAO PEDRO DOS CRENTES,SÃO PEDRO DOS CRENTES,5,2025,DOU,5993,2,1,0,0,0,0,0,0,0,0,0,0,9625,160.6
04/2026,2,NORDESTE,NE,21,MARANHAO,MARANHÃO,MA,211160,SAO RAIMUNDO DAS MANGABEIRAS,SÃO RAIMUNDO DAS MANGABEIRAS,2,2025,DOU,19158,10,0,0,0,0,0,0,0,0,0,0,0,35000,182.69
04/2026,2,NORDESTE,NE,21,MARANHAO,MARANHÃO,MA,211163,SAO RAIMUNDO DO DOCA BEZERRA,SÃO RAIMUNDO DO DOCA BEZERRA,3,2025,DOU,5761,3,0,0,0,0,0,0,0,0,0,0,0,10500,182.26
04/2026,2,NORDESTE,NE,21,MARANHAO,MARANHÃO,MA,211167,SAO ROBERTO,SÃO ROBERTO,3,2025,DOU,4577,3,0,0,0,0,0,0,0,0,0,0,0,10500,229.4
04/2026,2,NORDESTE,NE,21,MARANHAO,MARANHÃO,MA,211170,SAO VICENTE FERRER,SÃO VICENTE FERRER,3,2025,DOU,19865,11,0,0,0,0,0,0,0,0,0,0,0,38500,193.8
04/2026,2,NORDESTE,NE,21,MARANHAO,MARANHÃO,MA,211172,SATUBINHA,SATUBINHA,3,2025,DOU,8821,5,1,0,0,0,0,0,0,0,0,0,0,20125,228.14
04/2026,2,NORDESTE,NE,21,MARANHAO,MARANHÃO,MA,211174,SENADOR ALEXANDRE COSTA,SENADOR ALEXANDRE COSTA,3,2025,DOU,10447,6,0,0,0,0,0,0,0,0,0,0,0,21000,201.01
04/2026,2,NORDESTE,NE,21,MARANHAO,MARANHÃO,MA,211176,SENADOR LA ROCQUE,SENADOR LA ROCQUE,3,2025,DOU,15044,8,0,0,0,0,0,0,0,0,0,0,0,28000,186.12
04/2026,2,NORDESTE,NE,21,MARANHAO,MARANHÃO,MA,211178,SERRANO DO MARANHAO,SERRANO DO MARANHÃO,5,2025,DOU,10475,5,0,0,0,0,0,0,0,0,0,0,0,17500,167.06
04/2026,2,NORDESTE,NE,21,MARANHAO,MARANHÃO,MA,211180,SITIO NOVO,SÍTIO NOVO,3,2025,DOU,17464,9,0,0,0,0,0,0,0,0,0,0,0,31500,180.37
04/2026,2,NORDESTE,NE,21,MARANHAO,MARANHÃO,MA,211190,SUCUPIRA DO NORTE,SUCUPIRA DO NORTE,5,2025,DOU,10471,5,0,0,0,0,0,0,0,0,0,0,0,17500,167.12
04/2026,2,NORDESTE,NE,21,MARANHAO,MARANHÃO,MA,211195,SUCUPIRA DO RIACHAO,SUCUPIRA DO RIACHÃO,3,2025,DOU,5081,2,0,0,0,0,0,0,0,0,0,0,0,7000,137.76
04/2026,2,NORDESTE,NE,21,MARANHAO,MARANHÃO,MA,211200,TASSO FRAGOSO,TASSO FRAGOSO,5,2025,DOU,9130,4,0,0,0,0,0,0,0,0,0,0,0,14000,153.34
04/2026,2,NORDESTE,NE,21,MARANHAO,MARANHÃO,MA,211210,TIMBIRAS,TIMBIRAS,2,2025,DOU,27328,12,0,0,0,0,0,0,0,0,0,0,0,42000,153.68
04/2026,2,NORDESTE,NE,21,MARANHAO,MARANHÃO,MA,211220,TIMON,TIMON,1,2025,DOU,182711,57,0,0,0,0,1,265,4,1192,0,0,1457,200957,109.98
04/2026,2,NORDESTE,NE,21,MARANHAO,MARANHÃO,MA,211223,TRIZIDELA DO VALE,TRIZIDELA DO VALE,1,2025,DOU,23097,11,0,0,0,0,0,0,0,0,0,0,0,38500,166.68
04/2026,2,NORDESTE,NE,21,MARANHAO,MARANHÃO,MA,211227,TUFILANDIA,TUFILÂNDIA,3,2025,DOU,5633,3,0,0,0,0,0,0,0,0,0,0,0,10500,186.4
04/2026,2,NORDESTE,NE,21,MARANHAO,MARANHÃO,MA,211230,TUNTUM,TUNTUM,3,2025,DOU,37364,18,6,0,0,0,0,0,0,0,0,0,0,78750,210.76
04/2026,2,NORDESTE,NE,21,MARANHAO,MARANHÃO,MA,211240,TURIACU,TURIAÇU,3,2025,DOU,38993,9,0,0,0,0,0,0,0,0,0,0,0,31500,80.78
04/2026,2,NORDESTE,NE,21,MARANHAO,MARANHÃO,MA,211245,TURILANDIA,TURILÂNDIA,1,2025,DOU,33219,13,0,0,0,0,0,0,0,0,0,0,0,45500,136.96
04/2026,2,NORDESTE,NE,21,MARANHAO,MARANHÃO,MA,211250,TUTOIA,TUTÓIA,3,2025,DOU,55076,28,1,0,0,0,0,0,0,0,0,0,0,100625,182.7
04/2026,2,NORDESTE,NE,21,MARANHAO,MARANHÃO,MA,211260,URBANO SANTOS,URBANO SANTOS,2,2025,DOU,34143,13,0,0,0,0,0,0,0,0,0,0,0,45500,133.26
04/2026,2,NORDESTE,NE,21,MARANHAO,MARANHÃO,MA,211270,VARGEM GRANDE,VARGEM GRANDE,2,2025,DOU,44444,17,0,0,0,0,0,0,1,19,0,0,19,59519,133.91
04/2026,2,NORDESTE,NE,21,MARANHAO,MARANHÃO,MA,211280,VIANA,VIANA,2,2025,DOU,53176,21,0,0,0,0,0,0,0,0,0,0,0,73500,138.22
04/2026,2,NORDESTE,NE,21,MARANHAO,MARANHÃO,MA,211285,VILA NOVA DOS MARTIRIOS,VILA NOVA DOS MARTÍRIOS,3,2025,DOU,10561,4,1,0,0,0,0,0,0,0,0,0,0,16625,157.41
04/2026,2,NORDESTE,NE,21,MARANHAO,MARANHÃO,MA,211290,VITORIA DO MEARIM,VITÓRIA DO MEARIM,2,2025,DOU,31859,15,0,0,1,1386,0,0,0,0,0,0,1386,53886,169.13
04/2026,2,NORDESTE,NE,21,MARANHAO,MARANHÃO,MA,211300,VITORINO FREIRE,VITORINO FREIRE,3,2025,DOU,31920,16,0,0,0,0,0,0,0,0,0,0,0,56000,175.43
04/2026,2,NORDESTE,NE,21,MARANHAO,MARANHÃO,MA,211400,ZE DOCA,ZÉ DOCA,1,2025,DOU,41815,25,0,0,0,0,0,0,1,365,0,0,365,87865,210.12
04/2026,3,SUDESTE,SE,31,MINAS GERAIS,MINAS GERAIS,MG,310010,ABADIA DOS DOURADOS,ABADIA DOS DOURADOS,3,2025,DOU,6345,2,0,0,0,0,0,0,0,0,0,0,0,7000,110.32
04/2026,3,SUDESTE,SE,31,MINAS GERAIS,MINAS GERAIS,MG,310020,ABAETE,ABAETÉ,1,2025,DOU,23173,6,0,0,0,0,0,0,0,0,0,0,0,21000,90.62
04/2026,3,SUDESTE,SE,31,MINAS GERAIS,MINAS GERAIS,MG,310030,ABRE CAMPO,ABRE CAMPO,3,2025,DOU,14354,6,0,0,0,0,0,0,1,419,0,0,419,21419,149.21
04/2026,3,SUDESTE,SE,31,MINAS GERAIS,MINAS GERAIS,MG,310040,ACAIACA,ACAIACA,3,2025,DOU,3998,2,0,0,0,0,0,0,0,0,0,0,0,7000,175.08
04/2026,3,SUDESTE,SE,31,MINAS GERAIS,MINAS GERAIS,MG,310050,ACUCENA,AÇUCENA,3,2025,DOU,8926,5,0,0,0,0,0,0,0,0,0,0,0,17500,196.05
04/2026,3,SUDESTE,SE,31,MINAS GERAIS,MINAS GERAIS,MG,310060,AGUA BOA,ÁGUA BOA,3,2025,DOU,12391,7,0,0,0,0,0,0,0,0,0,0,0,24500,197.72
04/2026,3,SUDESTE,SE,31,MINAS GERAIS,MINAS GERAIS,MG,310070,AGUA COMPRIDA,ÁGUA COMPRIDA,3,2025,DOU,2171,1,0,0,0,0,0,0,0,0,0,0,0,3500,161.21
04/2026,3,SUDESTE,SE,31,MINAS GERAIS,MINAS GERAIS,MG,310080,AGUANIL,AGUANIL,3,2025,DOU,4509,2,0,0,0,0,0,0,0,0,0,0,0,7000,155.24
04/2026,3,SUDESTE,SE,31,MINAS GERAIS,MINAS GERAIS,MG,310090,AGUAS FORMOSAS,ÁGUAS FORMOSAS,2,2025,DOU,18850,8,0,0,0,0,1,0,1,207,0,0,207,28207,149.63
04/2026,3,SUDESTE,SE,31,MINAS GERAIS,MINAS GERAIS,MG,310100,AGUAS VERMELHAS,ÁGUAS VERMELHAS,3,2025,DOU,14567,7,0,0,0,0,0,0,0,0,0,0,0,24500,168.18
04/2026,3,SUDESTE,SE,31,MINAS GERAIS,MINAS GERAIS,MG,310110,AIMORES,AIMORÉS,2,2025,DOU,26212,9,0,0,0,0,0,0,1,250,0,0,250,31750,121.12
04/2026,3,SUDESTE,SE,31,MINAS GERAIS,MINAS GERAIS,MG,310120,AIURUOCA,AIURUOCA,3,2025,DOU,6389,3,0,0,0,0,0,0,0,0,0,0,0,10500,164.34
04/2026,3,SUDESTE,SE,31,MINAS GERAIS,MINAS GERAIS,MG,310130,ALAGOA,ALAGOA,3,2025,DOU,2820,1,0,0,0,0,0,0,0,0,0,0,0,3500,124.11
04/2026,3,SUDESTE,SE,31,MINAS GERAIS,MINAS GERAIS,MG,310140,ALBERTINA,ALBERTINA,3,2025,DOU,3027,2,0,0,0,0,0,0,0,0,0,0,0,7000,231.25
04/2026,3,SUDESTE,SE,31,MINAS GERAIS,MINAS GERAIS,MG,310150,ALEM PARAIBA,ALÉM PARAÍBA,1,2025,DOU,31159,12,0,0,0,0,0,0,0,0,0,0,0,42000,134.79
04/2026,3,SUDESTE,SE,31,MINAS GERAIS,MINAS GERAIS,MG,310160,ALFENAS,ALFENAS,1,2025,DOU,82303,21,2,0,0,0,0,0,1,326,0,0,326,79076,96.07
04/2026,3,SUDESTE,SE,31,MINAS GERAIS,MINAS GERAIS,MG,310163,ALFREDO VASCONCELOS,ALFREDO VASCONCELOS,1,2025,DOU,7236,4,0,0,0,0,0,0,0,0,0,0,0,14000,193.47
04/2026,3,SUDESTE,SE,31,MINAS GERAIS,MINAS GERAIS,MG,310170,ALMENARA,ALMENARA,1,2025,DOU,42019,15,0,0,0,0,0,0,1,192,0,0,192,52692,125.4
04/2026,3,SUDESTE,SE,31,MINAS GERAIS,MINAS GERAIS,MG,310180,ALPERCATA,ALPERCATA,3,2025,DOU,7019,3,0,0,0,0,0,0,0,0,0,0,0,10500,149.59
04/2026,3,SUDESTE,SE,31,MINAS GERAIS,MINAS GERAIS,MG,310190,ALPINOPOLIS,ALPINÓPOLIS,1,2025,DOU,18673,6,0,0,0,0,0,0,0,0,0,0,0,21000,112.46
04/2026,3,SUDESTE,SE,31,MINAS GERAIS,MINAS GERAIS,MG,310200,ALTEROSA,ALTEROSA,3,2025,DOU,14272,5,0,4,0,0,0,0,0,0,0,0,0,24500,171.66
04/2026,3,SUDESTE,SE,31,MINAS GERAIS,MINAS GERAIS,MG,310205,ALTO CAPARAO,ALTO CAPARAÓ,3,2025,DOU,6014,2,0,0,0,0,0,0,0,0,0,0,0,7000,116.39
04/2026,3,SUDESTE,SE,31,MINAS GERAIS,MINAS GERAIS,MG,315350,ALTO JEQUITIBA,ALTO JEQUITIBÁ,3,2025,DOU,8606,4,0,0,0,0,0,0,0,0,0,0,0,14000,162.67
04/2026,3,SUDESTE,SE,31,MINAS GERAIS,MINAS GERAIS,MG,310210,ALTO RIO DOCE,ALTO RIO DOCE,3,2025,DOU,10931,5,0,0,0,0,0,0,0,0,0,0,0,17500,160.09
04/2026,3,SUDESTE,SE,31,MINAS GERAIS,MINAS GERAIS,MG,310220,ALVARENGA,ALVARENGA,3,2025,DOU,3983,2,0,0,0,0,0,0,0,0,0,0,0,7000,175.74
04/2026,3,SUDESTE,SE,31,MINAS GERAIS,MINAS GERAIS,MG,310230,ALVINOPOLIS,ALVINÓPOLIS,3,2025,DOU,15358,7,0,0,0,0,0,0,0,0,0,0,0,24500,159.52
04/2026,3,SUDESTE,SE,31,MINAS GERAIS,MINAS GERAIS,MG,310240,ALVORADA DE MINAS,ALVORADA DE MINAS,3,2025,DOU,4359,2,0,0,0,0,0,0,0,0,0,0,0,7000,160.58
04/2026,3,SUDESTE,SE,31,MINAS GERAIS,MINAS GERAIS,MG,310250,AMPARO DO SERRA,AMPARO DO SERRA,3,2025,DOU,4574,2,0,0,0,0,0,0,0,0,0,0,0,7000,153.03
04/2026,3,SUDESTE,SE,31,MINAS GERAIS,MINAS GERAIS,MG,310260,ANDRADAS,ANDRADAS,1,2025,DOU,42501,7,1,1,0,0,0,0,0,0,0,0,0,28875,67.93
04/2026,3,SUDESTE,SE,31,MINAS GERAIS,MINAS GERAIS,MG,310280,ANDRELANDIA,ANDRELÂNDIA,2,2025,DOU,12163,4,0,0,0,0,0,0,0,0,0,0,0,14000,115.1
04/2026,3,SUDESTE,SE,31,MINAS GERAIS,MINAS GERAIS,MG,310285,ANGELANDIA,ANGELÂNDIA,3,2025,DOU,7849,4,0,0,0,0,0,0,0,0,0,0,0,14000,178.36
04/2026,3,SUDESTE,SE,31,MINAS GERAIS,MINAS GERAIS,MG,310290,ANTONIO CARLOS,ANTÔNIO CARLOS,1,2025,DOU,11350,5,2,0,0,0,0,0,0,0,0,0,0,22750,200.44
04/2026,3,SUDESTE,SE,31,MINAS GERAIS,MINAS GERAIS,MG,310300,ANTONIO DIAS,ANTÔNIO DIAS,3,2025,DOU,9375,5,0,0,0,0,0,0,0,0,0,0,0,17500,186.66
04/2026,3,SUDESTE,SE,31,MINAS GERAIS,MINAS GERAIS,MG,310310,ANTONIO PRADO DE MINAS,ANTÔNIO PRADO DE MINAS,3,2025,DOU,1552,1,0,0,0,0,0,0,0,0,0,0,0,3500,225.51
04/2026,3,SUDESTE,SE,31,MINAS GERAIS,MINAS GERAIS,MG,310320,ARACAI,ARAÇAÍ,3,2025,DOU,2222,1,0,0,0,0,0,0,0,0,0,0,0,3500,157.51
04/2026,3,SUDESTE,SE,31,MINAS GERAIS,MINAS GERAIS,MG,310330,ARACITABA,ARACITABA,3,2025,DOU,2095,1,0,0,0,0,0,0,0,0,0,0,0,3500,167.06
04/2026,3,SUDESTE,SE,31,MINAS GERAIS,MINAS GERAIS,MG,310340,ARACUAI,ARAÇUAÍ,2,2025,DOU,35185,14,2,0,0,0,0,0,1,347,0,0,347,54597,155.17
04/2026,3,SUDESTE,SE,31,MINAS GERAIS,MINAS GERAIS,MG,310350,ARAGUARI,ARAGUARI,1,2025,DOU,123432,29,1,4,0,0,0,0,1,290,0,0,290,111415,90.26
04/2026,3,SUDESTE,SE,31,MINAS GERAIS,MINAS GERAIS,MG,310360,ARANTINA,ARANTINA,3,2025,DOU,2998,1,0,0,0,0,0,0,0,0,0,0,0,3500,116.74
04/2026,3,SUDESTE,SE,31,MINAS GERAIS,MINAS GERAIS,MG,310370,ARAPONGA,ARAPONGA,3,2025,DOU,8218,4,0,0,0,0,0,0,0,0,0,0,0,14000,170.35
04/2026,3,SUDESTE,SE,31,MINAS GERAIS,MINAS GERAIS,MG,310375,ARAPORA,ARAPORÃ,1,2025,DOU,9069,3,0,0,0,0,0,0,0,0,0,0,0,10500,115.77
04/2026,3,SUDESTE,SE,31,MINAS GERAIS,MINAS GERAIS,MG,310380,ARAPUA,ARAPUÁ,3,2025,DOU,2668,1,0,0,0,0,0,0,0,0,0,0,0,3500,131.18
04/2026,3,SUDESTE,SE,31,MINAS GERAIS,MINAS GERAIS,MG,310390,ARAUJOS,ARAÚJOS,2,2025,DOU,9634,3,1,0,0,0,0,0,0,0,0,0,0,13125,136.23
04/2026,3,SUDESTE,SE,31,MINAS GERAIS,MINAS GERAIS,MG,310400,ARAXA,ARAXÁ,1,2025,DOU,118786,24,1,0,0,0,0,0,0,0,0,0,0,86625,72.92
04/2026,3,SUDESTE,SE,31,MINAS GERAIS,MINAS GERAIS,MG,310410,ARCEBURGO,ARCEBURGO,2,2025,DOU,9335,4,0,0,0,0,0,0,0,0,0,0,0,14000,149.97
04/2026,3,SUDESTE,SE,31,MINAS GERAIS,MINAS GERAIS,MG,310420,ARCOS,ARCOS,1,2025,DOU,43653,12,0,0,0,0,0,0,1,0,0,0,0,42000,96.21
04/2026,3,SUDESTE,SE,31,MINAS GERAIS,MINAS GERAIS,MG,310430,AREADO,AREADO,1,2025,DOU,14229,4,0,2,0,0,0,0,0,0,0,0,0,17500,122.98
04/2026,3,SUDESTE,SE,31,MINAS GERAIS,MINAS GERAIS,MG,310440,ARGIRITA,ARGIRITA,3,2025,DOU,2715,1,0,0,0,0,0,0,0,0,0,0,0,3500,128.91
04/2026,3,SUDESTE,SE,31,MINAS GERAIS,MINAS GERAIS,MG,310445,ARICANDUVA,ARICANDUVA,3,2025,DOU,4820,3,0,0,0,0,0,0,0,0,0,0,0,10500,217.84
04/2026,3,SUDESTE,SE,31,MINAS GERAIS,MINAS GERAIS,MG,310450,ARINOS,ARINOS,3,2025,DOU,17586,9,0,0,0,0,0,0,0,0,0,0,0,31500,179.11
04/2026,3,SUDESTE,SE,31,MINAS GERAIS,MINAS GERAIS,MG,310460,ASTOLFO DUTRA,ASTOLFO DUTRA,3,2025,DOU,14633,7,0,0,0,0,0,0,0,0,0,0,0,24500,167.42
04/2026,3,SUDESTE,SE,31,MINAS GERAIS,MINAS GERAIS,MG,310470,ATALEIA,ATALÉIA,3,2025,DOU,13936,6,1,0,0,0,0,0,0,0,0,0,0,23625,169.52
04/2026,3,SUDESTE,SE,31,MINAS GERAIS,MINAS GERAIS,MG,310480,AUGUSTO DE LIMA,AUGUSTO DE LIMA,3,2025,DOU,4572,2,0,0,0,0,0,0,0,0,0,0,0,7000,153.1
04/2026,3,SUDESTE,SE,31,MINAS GERAIS,MINAS GERAIS,MG,310490,BAEPENDI,BAEPENDI,1,2025,DOU,18782,8,0,0,0,0,0,0,0,0,0,0,0,28000,149.07
04/2026,3,SUDESTE,SE,31,MINAS GERAIS,MINAS GERAIS,MG,310500,BALDIM,BALDIM,3,2025,DOU,7595,4,0,0,0,0,0,0,0,0,0,0,0,14000,184.33
04/2026,3,SUDESTE,SE,31,MINAS GERAIS,MINAS GERAIS,MG,310510,BAMBUI,BAMBUÍ,1,2025,DOU,24203,7,0,0,0,0,0,0,0,0,0,0,0,24500,101.22
04/2026,3,SUDESTE,SE,31,MINAS GERAIS,MINAS GERAIS,MG,310520,BANDEIRA,BANDEIRA,3,2025,DOU,4811,2,0,0,0,0,0,0,0,0,0,0,0,7000,145.49
04/2026,3,SUDESTE,SE,31,MINAS GERAIS,MINAS GERAIS,MG,310530,BANDEIRA DO SUL,BANDEIRA DO SUL,2,2025,DOU,6183,2,0,0,0,0,0,0,0,0,0,0,0,7000,113.21
04/2026,3,SUDESTE,SE,31,MINAS GERAIS,MINAS GERAIS,MG,310540,BARAO DE COCAIS,BARÃO DE COCAIS,1,2025,DOU,32264,10,0,0,0,0,0,0,0,0,0,0,0,35000,108.48
04/2026,3,SUDESTE,SE,31,MINAS GERAIS,MINAS GERAIS,MG,310550,BARAO DE MONTE ALTO,BARÃO DE MONTE ALTO,3,2025,DOU,4952,3,0,0,0,0,0,0,0,0,0,0,0,10500,212.03
04/2026,3,SUDESTE,SE,31,MINAS GERAIS,MINAS GERAIS,MG,310560,BARBACENA,BARBACENA,1,2025,DOU,129695,26,0,0,0,0,1,199,2,0,0,0,199,91199,70.31
04/2026,3,SUDESTE,SE,31,MINAS GERAIS,MINAS GERAIS,MG,310570,BARRA LONGA,BARRA LONGA,3,2025,DOU,5717,3,0,0,0,0,0,0,0,0,0,0,0,10500,183.66
04/2026,3,SUDESTE,SE,31,MINAS GERAIS,MINAS GERAIS,MG,310590,BARROSO,BARROSO,1,2025,DOU,20604,8,0,0,0,0,0,0,0,0,0,0,0,28000,135.89
04/2026,3,SUDESTE,SE,31,MINAS GERAIS,MINAS GERAIS,MG,310600,BELA VISTA DE MINAS,BELA VISTA DE MINAS,1,2025,DOU,10427,5,0,0,0,0,0,0,0,0,0,0,0,17500,167.83
04/2026,3,SUDESTE,SE,31,MINAS GERAIS,MINAS GERAIS,MG,310610,BELMIRO BRAGA,BELMIRO BRAGA,3,2025,DOU,3292,2,1,0,0,0,0,0,0,0,0,0,0,9625,292.37
04/2026,3,SUDESTE,SE,31,MINAS GERAIS,MINAS GERAIS,MG,310620,BELO HORIZONTE,BELO HORIZONTE,1,2025,DOU,2415872,635,0,0,0,0,10,1457,3,246,1,562,2265,2224765,92.08
04/2026,3,SUDESTE,SE,31,MINAS GERAIS,MINAS GERAIS,MG,310630,BELO ORIENTE,BELO ORIENTE,1,2025,DOU,24546,12,0,0,0,0,0,0,0,0,0,0,0,42000,171.1
04/2026,3,SUDESTE,SE,31,MINAS GERAIS,MINAS GERAIS,MG,310640,BELO VALE,BELO VALE,3,2025,DOU,9012,4,0,0,0,0,0,0,0,0,0,0,0,14000,155.34
04/2026,3,SUDESTE,SE,31,MINAS GERAIS,MINAS GERAIS,MG,310650,BERILO,BERILO,5,2025,DOU,9638,5,1,0,0,0,0,0,0,0,0,0,0,20125,208.8
04/2026,3,SUDESTE,SE,31,MINAS GERAIS,MINAS GERAIS,MG,310665,BERIZAL,BERIZAL,3,2025,DOU,4270,2,0,0,0,0,0,0,0,0,0,0,0,7000,163.93
04/2026,3,SUDESTE,SE,31,MINAS GERAIS,MINAS GERAIS,MG,310660,BERTOPOLIS,BERTÓPOLIS,3,2025,DOU,4546,2,0,0,0,0,0,0,0,0,0,0,0,7000,153.98
04/2026,3,SUDESTE,SE,31,MINAS GERAIS,MINAS GERAIS,MG,310670,BETIM,BETIM,1,2025,DOU,431433,114,0,0,0,0,1,210,1,367,1,220,797,399797,92.66
04/2026,3,SUDESTE,SE,31,MINAS GERAIS,MINAS GERAIS,MG,310680,BIAS FORTES,BIAS FORTES,3,2025,DOU,3367,2,0,0,0,0,0,0,0,0,0,0,0,7000,207.9
04/2026,3,SUDESTE,SE,31,MINAS GERAIS,MINAS GERAIS,MG,310690,BICAS,BICAS,1,2025,DOU,14358,5,0,0,0,0,0,0,0,0,0,0,0,17500,121.88
04/2026,3,SUDESTE,SE,31,MINAS GERAIS,MINAS GERAIS,MG,310700,BIQUINHAS,BIQUINHAS,3,2025,DOU,2397,1,0,0,0,0,0,0,0,0,0,0,0,3500,146.01
04/2026,3,SUDESTE,SE,31,MINAS GERAIS,MINAS GERAIS,MG,310710,BOA ESPERANCA,BOA ESPERANÇA,1,2025,DOU,41443,13,4,0,0,0,2,75,1,19,0,0,94,56094,135.35
04/2026,3,SUDESTE,SE,31,MINAS GERAIS,MINAS GERAIS,MG,310720,BOCAINA DE MINAS,BOCAINA DE MINAS,3,2025,DOU,5530,2,0,0,0,0,0,0,0,0,0,0,0,7000,126.58
04/2026,3,SUDESTE,SE,31,MINAS GERAIS,MINAS GERAIS,MG,310730,BOCAIUVA,BOCAIÚVA,1,2025,DOU,49797,18,0,0,0,0,0,0,1,0,0,0,0,63000,126.51
04/2026,3,SUDESTE,SE,31,MINAS GERAIS,MINAS GERAIS,MG,310740,BOM DESPACHO,BOM DESPACHO,1,2025,DOU,54377,17,0,0,0,0,0,0,0,0,0,0,0,59500,109.42
04/2026,3,SUDESTE,SE,31,MINAS GERAIS,MINAS GERAIS,MG,310750,BOM JARDIM DE MINAS,BOM JARDIM DE MINAS,2,2025,DOU,6988,3,0,0,0,0,0,0,0,0,0,0,0,10500,150.25
04/2026,3,SUDESTE,SE,31,MINAS GERAIS,MINAS GERAIS,MG,310760,BOM JESUS DA PENHA,BOM JESUS DA PENHA,3,2025,DOU,4677,2,0,0,0,0,0,0,0,0,0,0,0,7000,149.66
04/2026,3,SUDESTE,SE,31,MINAS GERAIS,MINAS GERAIS,MG,310770,BOM JESUS DO AMPARO,BOM JESUS DO AMPARO,3,2025,DOU,5786,2,0,0,0,0,0,0,0,0,0,0,0,7000,120.98
04/2026,3,SUDESTE,SE,31,MINAS GERAIS,MINAS GERAIS,MG,310780,BOM JESUS DO GALHO,BOM JESUS DO GALHO,3,2025,DOU,14719,7,0,0,0,0,0,0,0,0,0,0,0,24500,166.45
04/2026,3,SUDESTE,SE,31,MINAS GERAIS,MINAS GERAIS,MG,310790,BOM REPOUSO,BOM REPOUSO,3,2025,DOU,13312,5,0,0,0,0,0,0,0,0,0,0,0,17500,131.46
04/2026,3,SUDESTE,SE,31,MINAS GERAIS,MINAS GERAIS,MG,310800,BOM SUCESSO,BOM SUCESSO,1,2025,DOU,17515,7,0,0,0,0,0,0,0,0,0,0,0,24500,139.88
04/2026,3,SUDESTE,SE,31,MINAS GERAIS,MINAS GERAIS,MG,310810,BONFIM,BONFIM,3,2025,DOU,7710,3,0,0,0,0,0,0,0,0,0,0,0,10500,136.18
04/2026,3,SUDESTE,SE,31,MINAS GERAIS,MINAS GERAIS,MG,310820,BONFINOPOLIS DE MINAS,BONFINÓPOLIS DE MINAS,3,2025,DOU,5600,3,0,0,0,0,0,0,0,0,0,0,0,10500,187.5
04/2026,3,SUDESTE,SE,31,MINAS GERAIS,MINAS GERAIS,MG,310825,BONITO DE MINAS,BONITO DE MINAS,5,2025,DOU,10525,5,0,0,0,0,0,0,0,0,0,0,0,17500,166.27
04/2026,3,SUDESTE,SE,31,MINAS GERAIS,MINAS GERAIS,MG,310830,BORDA DA MATA,BORDA DA MATA,2,2025,DOU,17837,7,0,0,0,0,0,0,0,0,0,0,0,24500,137.35
04/2026,3,SUDESTE,SE,31,MINAS GERAIS,MINAS GERAIS,MG,310840,BOTELHOS,BOTELHOS,3,2025,DOU,15141,6,0,0,0,0,0,0,0,0,0,0,0,21000,138.69
04/2026,3,SUDESTE,SE,31,MINAS GERAIS,MINAS GERAIS,MG,310850,BOTUMIRIM,BOTUMIRIM,3,2025,DOU,5806,3,0,0,0,0,0,0,0,0,0,0,0,10500,180.84
04/2026,3,SUDESTE,SE,31,MINAS GERAIS,MINAS GERAIS,MG,310870,BRAS PIRES,BRÁS PIRES,3,2025,DOU,4296,2,0,0,0,0,0,0,0,0,0,0,0,7000,162.94
04/2026,3,SUDESTE,SE,31,MINAS GERAIS,MINAS GERAIS,MG,310855,BRASILANDIA DE MINAS,BRASILÂNDIA DE MINAS,1,2025,DOU,15485,7,0,0,0,0,0,0,0,0,0,0,0,24500,158.21
04/2026,3,SUDESTE,SE,31,MINAS GERAIS,MINAS GERAIS,MG,310860,BRASILIA DE MINAS,BRASÍLIA DE MINAS,2,2025,DOU,33262,16,0,0,0,0,0,0,0,0,0,0,0,56000,168.36
04/2026,3,SUDESTE,SE,31,MINAS GERAIS,MINAS GERAIS,MG,310880,BRAUNAS,BRAÚNAS,3,2025,DOU,4445,2,0,0,0,0,0,0,0,0,0,0,0,7000,157.48
04/2026,3,SUDESTE,SE,31,MINAS GERAIS,MINAS GERAIS,MG,310890,BRAZOPOLIS,BRAZÓPOLIS,3,2025,DOU,14491,6,0,0,0,0,0,0,0,0,0,0,0,21000,144.91
04/2026,3,SUDESTE,SE,31,MINAS GERAIS,MINAS GERAIS,MG,310900,BRUMADINHO,BRUMADINHO,1,2025,DOU,41090,16,6,0,0,0,0,0,0,0,0,0,0,71750,174.61
04/2026,3,SUDESTE,SE,31,MINAS GERAIS,MINAS GERAIS,MG,310910,BUENO BRANDAO,BUENO BRANDÃO,3,2025,DOU,11168,4,0,0,0,0,0,0,0,0,0,0,0,14000,125.35
04/2026,3,SUDESTE,SE,31,MINAS GERAIS,MINAS GERAIS,MG,310920,BUENOPOLIS,BUENÓPOLIS,3,2025,DOU,9171,4,0,0,0,0,0,0,0,0,0,0,0,14000,152.65
04/2026,3,SUDESTE,SE,31,MINAS GERAIS,MINAS GERAIS,MG,310925,BUGRE,BUGRE,1,2025,DOU,4159,2,0,0,0,0,0,0,0,0,0,0,0,7000,168.3
04/2026,3,SUDESTE,SE,31,MINAS GERAIS,MINAS GERAIS,MG,310930,BURITIS,BURITIS,2,2025,DOU,24779,10,0,0,0,0,0,0,0,0,0,0,0,35000,141.24
04/2026,3,SUDESTE,SE,31,MINAS GERAIS,MINAS GERAIS,MG,310940,BURITIZEIRO,BURITIZEIRO,1,2025,DOU,23908,10,1,0,0,0,0,0,0,0,0,0,0,37625,157.37
04/2026,3,SUDESTE,SE,31,MINAS GERAIS,MINAS GERAIS,MG,310945,CABECEIRA GRANDE,CABECEIRA GRANDE,3,2025,DOU,6811,3,0,0,0,0,0,0,0,0,0,0,0,10500,154.16
04/2026,3,SUDESTE,SE,31,MINAS GERAIS,MINAS GERAIS,MG,310950,CABO VERDE,CABO VERDE,3,2025,DOU,11269,3,0,2,0,0,0,0,0,0,0,0,0,14000,124.23
04/2026,3,SUDESTE,SE,31,MINAS GERAIS,MINAS GERAIS,MG,310960,CACHOEIRA DA PRATA,CACHOEIRA DA PRATA,3,2025,DOU,3785,1,0,0,0,0,0,0,0,0,0,0,0,3500,92.47
04/2026,3,SUDESTE,SE,31,MINAS GERAIS,MINAS GERAIS,MG,310970,CACHOEIRA DE MINAS,CACHOEIRA DE MINAS,3,2025,DOU,12302,6,0,0,0,0,0,0,0,0,0,0,0,21000,170.7
04/2026,3,SUDESTE,SE,31,MINAS GERAIS,MINAS GERAIS,MG,310270,CACHOEIRA DE PAJEU,CACHOEIRA DE PAJEÚ,3,2025,DOU,9347,5,1,0,0,0,0,0,0,0,0,0,0,20125,215.3
04/2026,3,SUDESTE,SE,31,MINAS GERAIS,MINAS GERAIS,MG,310980,CACHOEIRA DOURADA,CACHOEIRA DOURADA,3,2025,DOU,2337,1,0,0,0,0,0,0,0,0,0,0,0,3500,149.76
04/2026,3,SUDESTE,SE,31,MINAS GERAIS,MINAS GERAIS,MG,310990,CAETANOPOLIS,CAETANÓPOLIS,1,2025,DOU,11906,3,0,1,0,0,0,0,0,0,0,0,0,12250,102.88
04/2026,3,SUDESTE,SE,31,MINAS GERAIS,MINAS GERAIS,MG,311000,CAETE,CAETÉ,1,2025,DOU,39775,10,1,0,0,0,0,0,1,79,0,0,79,37704,94.79
04/2026,3,SUDESTE,SE,31,MINAS GERAIS,MINAS GERAIS,MG,311010,CAIANA,CAIANA,3,2025,DOU,5484,3,0,0,0,0,0,0,0,0,0,0,0,10500,191.46
04/2026,3,SUDESTE,SE,31,MINAS GERAIS,MINAS GERAIS,MG,311020,CAJURI,CAJURI,3,2025,DOU,4191,2,0,0,0,0,0,0,0,0,0,0,0,7000,167.02
04/2026,3,SUDESTE,SE,31,MINAS GERAIS,MINAS GERAIS,MG,311030,CALDAS,CALDAS,3,2025,DOU,14628,6,0,2,0,0,0,0,0,0,0,0,0,24500,167.48
04/2026,3,SUDESTE,SE,31,MINAS GERAIS,MINAS GERAIS,MG,311040,CAMACHO,CAMACHO,3,2025,DOU,2851,2,0,0,0,0,0,0,0,0,0,0,0,7000,245.52
04/2026,3,SUDESTE,SE,31,MINAS GERAIS,MINAS GERAIS,MG,311050,CAMANDUCAIA,CAMANDUCAIA,2,2025,DOU,27860,7,0,0,0,0,0,0,0,0,0,0,0,24500,87.93
04/2026,3,SUDESTE,SE,31,MINAS GERAIS,MINAS GERAIS,MG,311060,CAMBUI,CAMBUÍ,2,2025,DOU,31066,11,0,2,0,0,0,0,0,0,0,0,0,42000,135.19
04/2026,3,SUDESTE,SE,31,MINAS GERAIS,MINAS GERAIS,MG,311070,CAMBUQUIRA,CAMBUQUIRA,3,2025,DOU,12551,5,1,0,0,0,0,0,0,0,0,0,0,20125,160.34
04/2026,3,SUDESTE,SE,31,MINAS GERAIS,MINAS GERAIS,MG,311080,CAMPANARIO,CAMPANÁRIO,3,2025,DOU,2884,2,0,0,0,0,0,0,0,0,0,0,0,7000,242.71
04/2026,3,SUDESTE,SE,31,MINAS GERAIS,MINAS GERAIS,MG,311090,CAMPANHA,CAMPANHA,2,2025,DOU,16372,6,1,0,0,0,0,0,0,0,0,0,0,23625,144.3
04/2026,3,SUDESTE,SE,31,MINAS GERAIS,MINAS GERAIS,MG,311100,CAMPESTRE,CAMPESTRE,2,2025,DOU,21155,8,2,0,0,0,0,0,0,0,0,0,0,33250,157.17
04/2026,3,SUDESTE,SE,31,MINAS GERAIS,MINAS GERAIS,MG,311110,CAMPINA VERDE,CAMPINA VERDE,2,2025,DOU,18188,6,0,0,0,0,0,0,0,0,0,0,0,21000,115.46
04/2026,3,SUDESTE,SE,31,MINAS GERAIS,MINAS GERAIS,MG,311115,CAMPO AZUL,CAMPO AZUL,3,2025,DOU,3806,2,0,0,0,0,0,0,0,0,0,0,0,7000,183.92
04/2026,3,SUDESTE,SE,31,MINAS GERAIS,MINAS GERAIS,MG,311120,CAMPO BELO,CAMPO BELO,1,2025,DOU,54027,16,0,0,0,0,0,0,0,0,1,228,228,56228,104.07
04/2026,3,SUDESTE,SE,31,MINAS GERAIS,MINAS GERAIS,MG,311130,CAMPO DO MEIO,CAMPO DO MEIO,2,2025,DOU,11625,5,0,0,0,0,0,0,0,0,0,0,0,17500,150.53
04/2026,3,SUDESTE,SE,31,MINAS GERAIS,MINAS GERAIS,MG,311140,CAMPO FLORIDO,CAMPO FLORIDO,3,2025,DOU,8931,3,0,0,0,0,0,0,0,0,0,0,0,10500,117.56
04/2026,3,SUDESTE,SE,31,MINAS GERAIS,MINAS GERAIS,MG,311150,CAMPOS ALTOS,CAMPOS ALTOS,1,2025,DOU,13076,4,0,0,0,0,0,0,0,0,0,0,0,14000,107.06
04/2026,3,SUDESTE,SE,31,MINAS GERAIS,MINAS GERAIS,MG,311160,CAMPOS GERAIS,CAMPOS GERAIS,2,2025,DOU,26749,9,3,0,0,0,0,0,0,0,0,0,0,39375,147.2
04/2026,3,SUDESTE,SE,31,MINAS GERAIS,MINAS GERAIS,MG,311190,CANA VERDE,CANA VERDE,3,2025,DOU,5342,3,0,0,0,0,0,0,0,0,0,0,0,10500,196.55
04/2026,3,SUDESTE,SE,31,MINAS GERAIS,MINAS GERAIS,MG,311170,CANAA,CANAÃ,3,2025,DOU,4839,2,0,0,0,0,0,0,0,0,0,0,0,7000,144.65
04/2026,3,SUDESTE,SE,31,MINAS GERAIS,MINAS GERAIS,MG,311180,CANAPOLIS,CANÁPOLIS,1,2025,DOU,10716,4,0,0,0,0,0,0,0,0,0,0,0,14000,130.64
04/2026,3,SUDESTE,SE,31,MINAS GERAIS,MINAS GERAIS,MG,311200,CANDEIAS,CANDEIAS,3,2025,DOU,14211,6,0,0,0,0,0,0,0,0,0,0,0,21000,147.77
04/2026,3,SUDESTE,SE,31,MINAS GERAIS,MINAS GERAIS,MG,311205,CANTAGALO,CANTAGALO,3,2025,DOU,4029,2,0,0,0,0,0,0,0,0,0,0,0,7000,173.74
04/2026,3,SUDESTE,SE,31,MINAS GERAIS,MINAS GERAIS,MG,311210,CAPARAO,CAPARAÓ,3,2025,DOU,5138,2,0,0,0,0,0,0,0,0,0,0,0,7000,136.23
04/2026,3,SUDESTE,SE,31,MINAS GERAIS,MINAS GERAIS,MG,311220,CAPELA NOVA,CAPELA NOVA,3,2025,DOU,4397,2,0,0,0,0,0,0,0,0,0,0,0,7000,159.19
04/2026,3,SUDESTE,SE,31,MINAS GERAIS,MINAS GERAIS,MG,311230,CAPELINHA,CAPELINHA,2,2025,DOU,41858,19,1,0,0,0,0,0,1,52,0,0,52,69177,165.26
04/2026,3,SUDESTE,SE,31,MINAS GERAIS,MINAS GERAIS,MG,311240,CAPETINGA,CAPETINGA,3,2025,DOU,6627,3,0,0,0,0,0,0,0,0,0,0,0,10500,158.44
04/2026,3,SUDESTE,SE,31,MINAS GERAIS,MINAS GERAIS,MG,311250,CAPIM BRANCO,CAPIM BRANCO,1,2025,DOU,11210,4,0,0,0,0,0,0,0,0,0,0,0,14000,124.88
04/2026,3,SUDESTE,SE,31,MINAS GERAIS,MINAS GERAIS,MG,311260,CAPINOPOLIS,CAPINÓPOLIS,1,2025,DOU,14872,5,0,0,0,0,0,0,0,0,0,0,0,17500,117.67
04/2026,3,SUDESTE,SE,31,MINAS GERAIS,MINAS GERAIS,MG,311265,CAPITAO ANDRADE,CAPITÃO ANDRADE,3,2025,DOU,4634,3,0,0,0,0,0,0,0,0,0,0,0,10500,226.58
04/2026,3,SUDESTE,SE,31,MINAS GERAIS,MINAS GERAIS,MG,311270,CAPITAO ENEAS,CAPITÃO ENÉAS,3,2025,DOU,14403,7,0,0,0,0,0,0,0,0,0,0,0,24500,170.1
04/2026,3,SUDESTE,SE,31,MINAS GERAIS,MINAS GERAIS,MG,311280,CAPITOLIO,CAPITÓLIO,3,2025,DOU,10991,3,0,0,0,0,0,0,0,0,0,0,0,10500,95.53
04/2026,3,SUDESTE,SE,31,MINAS GERAIS,MINAS GERAIS,MG,311290,CAPUTIRA,CAPUTIRA,3,2025,DOU,9128,5,0,0,0,0,0,0,0,0,0,0,0,17500,191.71
04/2026,3,SUDESTE,SE,31,MINAS GERAIS,MINAS GERAIS,MG,311300,CARAI,CARAÍ,3,2025,DOU,19511,8,0,0,0,0,0,0,0,0,0,0,0,28000,143.5
04/2026,3,SUDESTE,SE,31,MINAS GERAIS,MINAS GERAIS,MG,311310,CARANAIBA,CARANAÍBA,3,2025,DOU,2942,2,0,0,0,0,0,0,0,0,0,0,0,7000,237.93
04/2026,3,SUDESTE,SE,31,MINAS GERAIS,MINAS GERAIS,MG,311320,CARANDAI,CARANDAÍ,2,2025,DOU,24403,11,0,0,0,0,0,0,0,0,0,0,0,38500,157.76
04/2026,3,SUDESTE,SE,31,MINAS GERAIS,MINAS GERAIS,MG,311330,CARANGOLA,CARANGOLA,2,2025,DOU,32134,10,0,0,0,0,0,0,1,263,0,0,263,35263,109.73
04/2026,3,SUDESTE,SE,31,MINAS GERAIS,MINAS GERAIS,MG,311340,CARATINGA,CARATINGA,1,2025,DOU,90890,25,0,0,0,0,0,0,1,490,0,0,490,87990,96.8
04/2026,3,SUDESTE,SE,31,MINAS GERAIS,MINAS GERAIS,MG,311350,CARBONITA,CARBONITA,3,2025,DOU,8603,4,0,0,0,0,0,0,0,0,0,0,0,14000,162.73
04/2026,3,SUDESTE,SE,31,MINAS GERAIS,MINAS GERAIS,MG,311360,CAREACU,CAREAÇU,3,2025,DOU,7062,3,0,0,0,0,0,0,0,0,0,0,0,10500,148.68
04/2026,3,SUDESTE,SE,31,MINAS GERAIS,MINAS GERAIS,MG,311370,CARLOS CHAGAS,CARLOS CHAGAS,2,2025,DOU,18783,7,0,0,0,0,0,0,0,0,0,0,0,24500,130.43
04/2026,3,SUDESTE,SE,31,MINAS GERAIS,MINAS GERAIS,MG,311380,CARMESIA,CARMÉSIA,3,2025,DOU,2693,1,0,0,0,0,0,0,0,0,0,0,0,3500,129.96
04/2026,3,SUDESTE,SE,31,MINAS GERAIS,MINAS GERAIS,MG,311390,CARMO DA CACHOEIRA,CARMO DA CACHOEIRA,3,2025,DOU,11767,4,0,0,0,0,0,0,0,0,0,0,0,14000,118.97
04/2026,3,SUDESTE,SE,31,MINAS GERAIS,MINAS GERAIS,MG,311400,CARMO DA MATA,CARMO DA MATA,3,2025,DOU,11291,5,0,0,0,0,0,0,0,0,0,0,0,17500,154.99
04/2026,3,SUDESTE,SE,31,MINAS GERAIS,MINAS GERAIS,MG,311410,CARMO DE MINAS,CARMO DE MINAS,3,2025,DOU,14125,5,0,0,0,0,0,0,0,0,0,0,0,17500,123.89
04/2026,3,SUDESTE,SE,31,MINAS GERAIS,MINAS GERAIS,MG,311420,CARMO DO CAJURU,CARMO DO CAJURU,2,2025,DOU,24581,10,0,0,0,0,0,0,0,0,0,0,0,35000,142.38
04/2026,3,SUDESTE,SE,31,MINAS GERAIS,MINAS GERAIS,MG,311430,CARMO DO PARANAIBA,CARMO DO PARANAÍBA,1,2025,DOU,29885,12,0,0,0,0,0,0,1,0,0,0,0,42000,140.53
04/2026,3,SUDESTE,SE,31,MINAS GERAIS,MINAS GERAIS,MG,311440,CARMO DO RIO CLARO,CARMO DO RIO CLARO,2,2025,DOU,21506,10,1,0,0,0,0,0,0,0,0,0,0,37625,174.95
04/2026,3,SUDESTE,SE,31,MINAS GERAIS,MINAS GERAIS,MG,311450,CARMOPOLIS DE MINAS,CARMÓPOLIS DE MINAS,2,2025,DOU,18561,7,0,0,0,0,0,0,0,0,0,0,0,24500,131.99
04/2026,3,SUDESTE,SE,31,MINAS GERAIS,MINAS GERAIS,MG,311455,CARNEIRINHO,CARNEIRINHO,5,2025,DOU,9633,4,0,0,0,0,0,0,0,0,0,0,0,14000,145.33
04/2026,3,SUDESTE,SE,31,MINAS GERAIS,MINAS GERAIS,MG,311460,CARRANCAS,CARRANCAS,3,2025,DOU,4161,2,0,0,0,0,0,0,0,0,0,0,0,7000,168.22
04/2026,3,SUDESTE,SE,31,MINAS GERAIS,MINAS GERAIS,MG,311470,CARVALHOPOLIS,CARVALHÓPOLIS,3,2025,DOU,3419,1,0,0,0,0,0,0,0,0,0,0,0,3500,102.36
04/2026,3,SUDESTE,SE,31,MINAS GERAIS,MINAS GERAIS,MG,311480,CARVALHOS,CARVALHOS,3,2025,DOU,4503,2,0,0,0,0,0,0,0,0,0,0,0,7000,155.45
04/2026,3,SUDESTE,SE,31,MINAS GERAIS,MINAS GERAIS,MG,311490,CASA GRANDE,CASA GRANDE,3,2025,DOU,2260,1,0,0,0,0,0,0,0,0,0,0,0,3500,154.86
04/2026,3,SUDESTE,SE,31,MINAS GERAIS,MINAS GERAIS,MG,311500,CASCALHO RICO,CASCALHO RICO,3,2025,DOU,2751,1,0,0,0,0,0,0,0,0,0,0,0,3500,127.22
04/2026,3,SUDESTE,SE,31,MINAS GERAIS,MINAS GERAIS,MG,311510,CASSIA,CÁSSIA,1,2025,DOU,17491,5,1,0,0,0,0,0,0,0,0,0,0,20125,115.05
04/2026,3,SUDESTE,SE,31,MINAS GERAIS,MINAS GERAIS,MG,311530,CATAGUASES,CATAGUASES,1,2025,DOU,67732,19,0,0,0,0,0,0,1,0,0,0,0,66500,98.18
04/2026,3,SUDESTE,SE,31,MINAS GERAIS,MINAS GERAIS,MG,311535,CATAS ALTAS,CATAS ALTAS,3,2025,DOU,5706,2,0,0,0,0,0,0,0,0,0,0,0,7000,122.67
04/2026,3,SUDESTE,SE,31,MINAS GERAIS,MINAS GERAIS,MG,311540,CATAS ALTAS DA NORUEGA,CATAS ALTAS DA NORUEGA,3,2025,DOU,3124,2,0,0,0,0,0,0,0,0,0,0,0,7000,224.07
04/2026,3,SUDESTE,SE,31,MINAS GERAIS,MINAS GERAIS,MG,311545,CATUJI,CATUJI,3,2025,DOU,7248,3,0,0,0,0,0,0,0,0,0,0,0,10500,144.86
04/2026,3,SUDESTE,SE,31,MINAS GERAIS,MINAS GERAIS,MG,311547,CATUTI,CATUTI,3,2025,DOU,4788,3,0,0,0,0,0,0,0,0,0,0,0,10500,219.29
04/2026,3,SUDESTE,SE,31,MINAS GERAIS,MINAS GERAIS,MG,311550,CAXAMBU,CAXAMBU,1,2025,DOU,21412,6,0,0,0,0,0,0,0,0,0,0,0,21000,98.07
04/2026,3,SUDESTE,SE,31,MINAS GERAIS,MINAS GERAIS,MG,311560,CEDRO DO ABAETE,CEDRO DO ABAETÉ,3,2025,DOU,1084,1,0,0,0,0,0,0,0,0,0,0,0,3500,322.87
04/2026,3,SUDESTE,SE,31,MINAS GERAIS,MINAS GERAIS,MG,311570,CENTRAL DE MINAS,CENTRAL DE MINAS,3,2025,DOU,6213,3,0,0,0,0,0,0,0,0,0,0,0,10500,169.0
04/2026,3,SUDESTE,SE,31,MINAS GERAIS,MINAS GERAIS,MG,311580,CENTRALINA,CENTRALINA,2,2025,DOU,10447,4,0,0,0,0,0,0,0,0,0,0,0,14000,134.0
04/2026,3,SUDESTE,SE,31,MINAS GERAIS,MINAS GERAIS,MG,311590,CHACARA,CHÁCARA,1,2025,DOU,3194,2,0,0,0,0,0,0,0,0,0,0,0,7000,219.16
04/2026,3,SUDESTE,SE,31,MINAS GERAIS,MINAS GERAIS,MG,311600,CHALE,CHALÉ,3,2025,DOU,6289,3,0,0,0,0,0,0,0,0,0,0,0,10500,166.95
04/2026,3,SUDESTE,SE,31,MINAS GERAIS,MINAS GERAIS,MG,311610,CHAPADA DO NORTE,CHAPADA DO NORTE,3,2025,DOU,9763,8,0,0,0,0,0,0,0,0,0,0,0,28000,286.79
04/2026,3,SUDESTE,SE,31,MINAS GERAIS,MINAS GERAIS,MG,311615,CHAPADA GAUCHA,CHAPADA GAÚCHA,3,2025,DOU,12904,5,1,0,0,0,0,0,0,0,0,0,0,20125,155.95
04/2026,3,SUDESTE,SE,31,MINAS GERAIS,MINAS GERAIS,MG,311620,CHIADOR,CHIADOR,1,2025,DOU,2868,1,0,0,0,0,0,0,0,0,0,0,0,3500,122.03
04/2026,3,SUDESTE,SE,31,MINAS GERAIS,MINAS GERAIS,MG,311630,CIPOTANEA,CIPOTÂNEA,3,2025,DOU,5549,3,0,0,0,0,0,0,0,0,0,0,0,10500,189.22
04/2026,3,SUDESTE,SE,31,MINAS GERAIS,MINAS GERAIS,MG,311640,CLARAVAL,CLARAVAL,1,2025,DOU,4786,2,0,0,0,0,0,0,0,0,0,0,0,7000,146.25
04/2026,3,SUDESTE,SE,31,MINAS GERAIS,MINAS GERAIS,MG,311650,CLARO DOS POCOES,CLARO DOS POÇÕES,3,2025,DOU,7230,4,0,0,0,0,0,0,0,0,0,0,0,14000,193.63
04/2026,3,SUDESTE,SE,31,MINAS GERAIS,MINAS GERAIS,MG,311660,CLAUDIO,CLÁUDIO,1,2025,DOU,31936,9,0,0,0,0,0,0,0,0,0,0,0,31500,98.63
04/2026,3,SUDESTE,SE,31,MINAS GERAIS,MINAS GERAIS,MG,311670,COIMBRA,COIMBRA,3,2025,DOU,7293,3,0,0,0,0,0,0,0,0,0,0,0,10500,143.97
04/2026,3,SUDESTE,SE,31,MINAS GERAIS,MINAS GERAIS,MG,311680,COLUNA,COLUNA,3,2025,DOU,8206,4,0,0,0,0,0,0,0,0,0,0,0,14000,170.6
04/2026,3,SUDESTE,SE,31,MINAS GERAIS,MINAS GERAIS,MG,311690,COMENDADOR GOMES,COMENDADOR GOMES,3,2025,DOU,2804,1,0,0,0,0,0,0,0,0,0,0,0,3500,124.82
04/2026,3,SUDESTE,SE,31,MINAS GERAIS,MINAS GERAIS,MG,311700,COMERCINHO,COMERCINHO,5,2025,DOU,6540,4,0,0,0,0,0,0,0,0,0,0,0,14000,214.06
04/2026,3,SUDESTE,SE,31,MINAS GERAIS,MINAS GERAIS,MG,311710,CONCEICAO DA APARECIDA,CONCEIÇÃO DA APARECIDA,3,2025,DOU,10705,4,0,0,0,0,0,0,0,0,0,0,0,14000,130.78
04/2026,3,SUDESTE,SE,31,MINAS GERAIS,MINAS GERAIS,MG,311520,CONCEICAO DA BARRA DE MINAS,CONCEIÇÃO DA BARRA DE MINAS,3,2025,DOU,3576,2,0,0,0,0,0,0,0,0,0,0,0,7000,195.74
04/2026,3,SUDESTE,SE,31,MINAS GERAIS,MINAS GERAIS,MG,311730,CONCEICAO DAS ALAGOAS,CONCEIÇÃO DAS ALAGOAS,1,2025,DOU,30278,10,0,0,0,0,0,0,0,0,0,0,0,35000,115.59
04/2026,3,SUDESTE,SE,31,MINAS GERAIS,MINAS GERAIS,MG,311720,CONCEICAO DAS PEDRAS,CONCEIÇÃO DAS PEDRAS,3,2025,DOU,2840,1,0,0,0,0,0,0,0,0,0,0,0,3500,123.23
04/2026,3,SUDESTE,SE,31,MINAS GERAIS,MINAS GERAIS,MG,311740,CONCEICAO DE IPANEMA,CONCEIÇÃO DE IPANEMA,3,2025,DOU,4503,2,0,0,0,0,0,0,0,0,0,0,0,7000,155.45
04/2026,3,SUDESTE,SE,31,MINAS GERAIS,MINAS GERAIS,MG,311750,CONCEICAO DO MATO DENTRO,CONCEIÇÃO DO MATO DENTRO,3,2025,DOU,24559,12,0,0,0,0,0,0,0,0,0,0,0,42000,171.01
04/2026,3,SUDESTE,SE,31,MINAS GERAIS,MINAS GERAIS,MG,311760,CONCEICAO DO PARA,CONCEIÇÃO DO PARÁ,3,2025,DOU,5584,2,0,0,0,0,0,0,0,0,0,0,0,7000,125.35
04/2026,3,SUDESTE,SE,31,MINAS GERAIS,MINAS GERAIS,MG,311770,CONCEICAO DO RIO VERDE,CONCEIÇÃO DO RIO VERDE,1,2025,DOU,12765,5,0,0,0,0,0,0,0,0,0,0,0,17500,137.09
04/2026,3,SUDESTE,SE,31,MINAS GERAIS,MINAS GERAIS,MG,311780,CONCEICAO DOS OUROS,CONCEIÇÃO DOS OUROS,2,2025,DOU,11218,6,0,0,0,0,0,0,0,0,0,0,0,21000,187.19
04/2026,3,SUDESTE,SE,31,MINAS GERAIS,MINAS GERAIS,MG,311783,CONEGO MARINHO,CÔNEGO MARINHO,5,2025,DOU,7433,4,0,0,0,0,0,0,0,0,0,0,0,14000,188.34
04/2026,3,SUDESTE,SE,31,MINAS GERAIS,MINAS GERAIS,MG,311787,CONFINS,CONFINS,1,2025,DOU,7758,3,0,0,0,0,0,0,0,0,0,0,0,10500,135.34
04/2026,3,SUDESTE,SE,31,MINAS GERAIS,MINAS GERAIS,MG,311790,CONGONHAL,CONGONHAL,2,2025,DOU,11444,5,0,0,0,0,0,0,0,0,0,0,0,17500,152.91
04/2026,3,SUDESTE,SE,31,MINAS GERAIS,MINAS GERAIS,MG,311800,CONGONHAS,CONGONHAS,1,2025,DOU,55272,20,0,0,0,0,0,0,1,86,0,0,86,70086,126.8
04/2026,3,SUDESTE,SE,31,MINAS GERAIS,MINAS GERAIS,MG,311810,CONGONHAS DO NORTE,CONGONHAS DO NORTE,3,2025,DOU,4924,3,0,0,0,0,0,0,0,0,0,0,0,10500,213.24
04/2026,3,SUDESTE,SE,31,MINAS GERAIS,MINAS GERAIS,MG,311820,CONQUISTA,CONQUISTA,3,2025,DOU,6878,3,0,0,0,0,0,0,0,0,0,0,0,10500,152.66
04/2026,3,SUDESTE,SE,31,MINAS GERAIS,MINAS GERAIS,MG,311830,CONSELHEIRO LAFAIETE,CONSELHEIRO LAFAIETE,1,2025,DOU,138946,33,1,3,0,0,0,0,0,0,0,0,0,123375,88.79
04/2026,3,SUDESTE,SE,31,MINAS GERAIS,MINAS GERAIS,MG,311840,CONSELHEIRO PENA,CONSELHEIRO PENA,2,2025,DOU,21052,11,0,0,0,0,0,0,0,0,1,84,84,38584,183.27
04/2026,3,SUDESTE,SE,31,MINAS GERAIS,MINAS GERAIS,MG,311850,CONSOLACAO,CONSOLAÇÃO,3,2025,DOU,1569,1,0,0,0,0,0,0,0,0,0,0,0,3500,223.07
04/2026,3,SUDESTE,SE,31,MINAS GERAIS,MINAS GERAIS,MG,311860,CONTAGEM,CONTAGEM,1,2025,DOU,651718,146,1,1,0,0,1,505,2,15,2,204,724,516099,79.19
04/2026,3,SUDESTE,SE,31,MINAS GERAIS,MINAS GERAIS,MG,311870,COQUEIRAL,COQUEIRAL,3,2025,DOU,9188,4,1,0,0,0,0,0,0,0,0,0,0,16625,180.94
04/2026,3,SUDESTE,SE,31,MINAS GERAIS,MINAS GERAIS,MG,311880,CORACAO DE JESUS,CORAÇÃO DE JESUS,3,2025,DOU,26138,13,0,0,0,0,0,0,0,0,0,0,0,45500,174.07
04/2026,3,SUDESTE,SE,31,MINAS GERAIS,MINAS GERAIS,MG,311890,CORDISBURGO,CORDISBURGO,3,2025,DOU,7535,3,0,0,0,0,0,0,0,0,0,0,0,10500,139.34
04/2026,3,SUDESTE,SE,31,MINAS GERAIS,MINAS GERAIS,MG,311900,CORDISLANDIA,CORDISLÂNDIA,3,2025,DOU,3236,2,0,0,0,0,0,0,0,0,0,0,0,7000,216.31
04/2026,3,SUDESTE,SE,31,MINAS GERAIS,MINAS GERAIS,MG,311910,CORINTO,CORINTO,1,2025,DOU,23988,8,0,0,0,0,0,0,1,94,0,0,94,28094,117.11
04/2026,3,SUDESTE,SE,31,MINAS GERAIS,MINAS GERAIS,MG,311920,COROACI,COROACI,3,2025,DOU,11240,5,0,0,0,0,0,0,0,0,0,0,0,17500,155.69
04/2026,3,SUDESTE,SE,31,MINAS GERAIS,MINAS GERAIS,MG,311930,COROMANDEL,COROMANDEL,2,2025,DOU,30114,9,0,0,0,0,0,0,0,0,0,0,0,31500,104.6
04/2026,3,SUDESTE,SE,31,MINAS GERAIS,MINAS GERAIS,MG,311940,CORONEL FABRICIANO,CORONEL FABRICIANO,1,2025,DOU,108708,26,3,0,0,0,0,0,0,0,0,0,0,98875,90.95
04/2026,3,SUDESTE,SE,31,MINAS GERAIS,MINAS GERAIS,MG,311950,CORONEL MURTA,CORONEL MURTA,5,2025,DOU,8237,4,0,0,0,0,0,0,0,0,0,0,0,14000,169.96
04/2026,3,SUDESTE,SE,31,MINAS GERAIS,MINAS GERAIS,MG,311960,CORONEL PACHECO,CORONEL PACHECO,3,2025,DOU,2789,1,0,0,0,0,0,0,0,0,0,0,0,3500,125.49
04/2026,3,SUDESTE,SE,31,MINAS GERAIS,MINAS GERAIS,MG,311970,CORONEL XAVIER CHAVES,CORONEL XAVIER CHAVES,1,2025,DOU,3599,1,0,2,0,0,0,0,0,0,0,0,0,7000,194.49
04/2026,3,SUDESTE,SE,31,MINAS GERAIS,MINAS GERAIS,MG,311980,CORREGO DANTA,CÓRREGO DANTA,3,2025,DOU,2956,2,1,0,0,0,0,0,0,0,0,0,0,9625,325.6
04/2026,3,SUDESTE,SE,31,MINAS GERAIS,MINAS GERAIS,MG,311990,CORREGO DO BOM JESUS,CÓRREGO DO BOM JESUS,2,2025,DOU,4462,2,0,0,0,0,0,0,0,0,0,0,0,7000,156.88
04/2026,3,SUDESTE,SE,31,MINAS GERAIS,MINAS GERAIS,MG,311995,CORREGO FUNDO,CÓRREGO FUNDO,3,2025,DOU,6333,2,0,0,0,0,0,0,0,0,0,0,0,7000,110.53
04/2026,3,SUDESTE,SE,31,MINAS GERAIS,MINAS GERAIS,MG,312000,CORREGO NOVO,CÓRREGO NOVO,3,2025,DOU,2900,2,0,0,0,0,0,0,0,0,0,0,0,7000,241.37
04/2026,3,SUDESTE,SE,31,MINAS GERAIS,MINAS GERAIS,MG,312010,COUTO DE MAGALHAES DE MINAS,COUTO DE MAGALHÃES DE MINAS,3,2025,DOU,4351,2,0,0,0,0,0,0,0,0,0,0,0,7000,160.88
04/2026,3,SUDESTE,SE,31,MINAS GERAIS,MINAS GERAIS,MG,312015,CRISOLITA,CRISÓLITA,3,2025,DOU,5256,3,0,0,0,0,0,0,0,0,0,0,0,10500,199.77
04/2026,3,SUDESTE,SE,31,MINAS GERAIS,MINAS GERAIS,MG,312020,CRISTAIS,CRISTAIS,2,2025,DOU,12634,6,0,0,0,0,0,0,0,0,0,0,0,21000,166.21
04/2026,3,SUDESTE,SE,31,MINAS GERAIS,MINAS GERAIS,MG,312030,CRISTALIA,CRISTÁLIA,3,2025,DOU,5133,3,0,0,0,0,0,0,0,0,0,0,0,10500,204.55
04/2026,3,SUDESTE,SE,31,MINAS GERAIS,MINAS GERAIS,MG,312040,CRISTIANO OTONI,CRISTIANO OTONI,3,2025,DOU,4719,2,0,0,0,0,0,0,0,0,0,0,0,7000,148.33
04/2026,3,SUDESTE,SE,31,MINAS GERAIS,MINAS GERAIS,MG,312050,CRISTINA,CRISTINA,3,2025,DOU,10643,4,0,0,0,0,0,0,0,0,0,0,0,14000,131.54
04/2026,3,SUDESTE,SE,31,MINAS GERAIS,MINAS GERAIS,MG,312060,CRUCILANDIA,CRUCILÂNDIA,3,2025,DOU,5674,2,2,0,0,0,0,0,0,0,0,0,0,12250,215.89
04/2026,3,SUDESTE,SE,31,MINAS GERAIS,MINAS GERAIS,MG,312070,CRUZEIRO DA FORTALEZA,CRUZEIRO DA FORTALEZA,3,2025,DOU,3616,2,0,0,0,0,0,0,0,0,0,0,0,7000,193.58
04/2026,3,SUDESTE,SE,31,MINAS GERAIS,MINAS GERAIS,MG,312080,CRUZILIA,CRUZÍLIA,1,2025,DOU,15831,7,0,0,0,0,0,0,0,0,0,0,0,24500,154.75
04/2026,3,SUDESTE,SE,31,MINAS GERAIS,MINAS GERAIS,MG,312083,CUPARAQUE,CUPARAQUE,3,2025,DOU,3958,3,0,0,0,0,0,0,0,0,0,0,0,10500,265.28
04/2026,3,SUDESTE,SE,31,MINAS GERAIS,MINAS GERAIS,MG,312087,CURRAL DE DENTRO,CURRAL DE DENTRO,3,2025,DOU,7662,4,0,0,0,0,0,0,0,0,0,0,0,14000,182.71
04/2026,3,SUDESTE,SE,31,MINAS GERAIS,MINAS GERAIS,MG,312090,CURVELO,CURVELO,1,2025,DOU,84297,24,1,0,0,0,0,0,1,333,0,0,333,86958,103.15
04/2026,3,SUDESTE,SE,31,MINAS GERAIS,MINAS GERAIS,MG,312100,DATAS,DATAS,3,2025,DOU,5635,4,0,0,0,0,0,0,0,0,0,0,0,14000,248.44
04/2026,3,SUDESTE,SE,31,MINAS GERAIS,MINAS GERAIS,MG,312110,DELFIM MOREIRA,DELFIM MOREIRA,3,2025,DOU,8133,4,0,0,0,0,0,0,0,0,0,0,0,14000,172.13
04/2026,3,SUDESTE,SE,31,MINAS GERAIS,MINAS GERAIS,MG,312120,DELFINOPOLIS,DELFINÓPOLIS,3,2025,DOU,8851,4,0,0,0,0,0,0,0,0,0,0,0,14000,158.17
04/2026,3,SUDESTE,SE,31,MINAS GERAIS,MINAS GERAIS,MG,312125,DELTA,DELTA,2,2025,DOU,11143,3,0,0,0,0,0,0,0,0,0,0,0,10500,94.22
04/2026,3,SUDESTE,SE,31,MINAS GERAIS,MINAS GERAIS,MG,312130,DESCOBERTO,DESCOBERTO,2,2025,DOU,5070,2,0,0,0,0,0,0,0,0,0,0,0,7000,138.06
04/2026,3,SUDESTE,SE,31,MINAS GERAIS,MINAS GERAIS,MG,312140,DESTERRO DE ENTRE RIOS,DESTERRO DE ENTRE RIOS,3,2025,DOU,7941,4,0,0,0,0,0,0,0,0,0,0,0,14000,176.3
04/2026,3,SUDESTE,SE,31,MINAS GERAIS,MINAS GERAIS,MG,312150,DESTERRO DO MELO,DESTERRO DO MELO,3,2025,DOU,3060,1,0,0,0,0,0,0,0,0,0,0,0,3500,114.37
04/2026,3,SUDESTE,SE,31,MINAS GERAIS,MINAS GERAIS,MG,312160,DIAMANTINA,DIAMANTINA,1,2025,DOU,49493,16,0,0,0,0,0,0,1,273,0,0,273,56273,113.69
04/2026,3,SUDESTE,SE,31,MINAS GERAIS,MINAS GERAIS,MG,312170,DIOGO DE VASCONCELOS,DIOGO DE VASCONCELOS,3,2025,DOU,3581,2,0,0,0,0,0,0,0,0,0,0,0,7000,195.47
04/2026,3,SUDESTE,SE,31,MINAS GERAIS,MINAS GERAIS,MG,312180,DIONISIO,DIONÍSIO,3,2025,DOU,6689,4,0,0,0,0,0,0,0,0,0,0,0,14000,209.29
04/2026,3,SUDESTE,SE,31,MINAS GERAIS,MINAS GERAIS,MG,312190,DIVINESIA,DIVINÉSIA,3,2025,DOU,4481,2,0,0,0,0,0,0,0,0,0,0,0,7000,156.21
04/2026,3,SUDESTE,SE,31,MINAS GERAIS,MINAS GERAIS,MG,312200,DIVINO,DIVINO,3,2025,DOU,21428,7,0,4,0,0,0,0,0,0,0,0,0,31500,147.0
04/2026,3,SUDESTE,SE,31,MINAS GERAIS,MINAS GERAIS,MG,312210,DIVINO DAS LARANJEIRAS,DIVINO DAS LARANJEIRAS,3,2025,DOU,4147,2,0,0,0,0,0,0,0,0,0,0,0,7000,168.79
04/2026,3,SUDESTE,SE,31,MINAS GERAIS,MINAS GERAIS,MG,312220,DIVINOLANDIA DE MINAS,DIVINOLÂNDIA DE MINAS,3,2025,DOU,6583,4,0,0,0,0,0,0,0,0,0,0,0,14000,212.66
04/2026,3,SUDESTE,SE,31,MINAS GERAIS,MINAS GERAIS,MG,312230,DIVINOPOLIS,DIVINÓPOLIS,1,2025,DOU,243583,66,1,4,0,0,1,162,2,741,0,0,903,241528,99.15
04/2026,3,SUDESTE,SE,31,MINAS GERAIS,MINAS GERAIS,MG,312235,DIVISA ALEGRE,DIVISA ALEGRE,2,2025,DOU,6541,3,0,0,0,0,0,0,0,0,0,0,0,10500,160.52
04/2026,3,SUDESTE,SE,31,MINAS GERAIS,MINAS GERAIS,MG,312240,DIVISA NOVA,DIVISA NOVA,2,2025,DOU,6002,2,0,0,0,0,0,0,0,0,0,0,0,7000,116.62
04/2026,3,SUDESTE,SE,31,MINAS GERAIS,MINAS GERAIS,MG,312245,DIVISOPOLIS,DIVISÓPOLIS,3,2025,DOU,10659,4,1,0,0,0,0,0,0,0,0,0,0,16625,155.97
04/2026,3,SUDESTE,SE,31,MINAS GERAIS,MINAS GERAIS,MG,312247,DOM BOSCO,DOM BOSCO,3,2025,DOU,3763,2,0,0,0,0,0,0,0,0,0,0,0,7000,186.02
04/2026,3,SUDESTE,SE,31,MINAS GERAIS,MINAS GERAIS,MG,312250,DOM CAVATI,DOM CAVATI,2,2025,DOU,4967,3,0,0,0,0,0,0,0,0,0,0,0,10500,211.39
04/2026,3,SUDESTE,SE,31,MINAS GERAIS,MINAS GERAIS,MG,312260,DOM JOAQUIM,DOM JOAQUIM,3,2025,DOU,5074,2,0,0,0,0,0,0,0,0,0,0,0,7000,137.95
04/2026,3,SUDESTE,SE,31,MINAS GERAIS,MINAS GERAIS,MG,312270,DOM SILVERIO,DOM SILVÉRIO,3,2025,DOU,5355,2,0,0,0,0,0,0,0,0,0,0,0,7000,130.71
04/2026,3,SUDESTE,SE,31,MINAS GERAIS,MINAS GERAIS,MG,312280,DOM VICOSO,DOM VIÇOSO,3,2025,DOU,3184,1,0,0,0,0,0,0,0,0,0,0,0,3500,109.92
04/2026,3,SUDESTE,SE,31,MINAS GERAIS,MINAS GERAIS,MG,312290,DONA EUSEBIA,DONA EUSÉBIA,2,2025,DOU,6250,3,0,0,0,0,0,0,0,0,0,0,0,10500,168.0
04/2026,3,SUDESTE,SE,31,MINAS GERAIS,MINAS GERAIS,MG,312300,DORES DE CAMPOS,DORES DE CAMPOS,2,2025,DOU,10359,2,0,0,0,0,0,0,0,0,0,0,0,7000,67.57
04/2026,3,SUDESTE,SE,31,MINAS GERAIS,MINAS GERAIS,MG,312310,DORES DE GUANHAES,DORES DE GUANHÃES,3,2025,DOU,5114,3,0,0,0,0,0,0,0,0,0,0,0,10500,205.31
04/2026,3,SUDESTE,SE,31,MINAS GERAIS,MINAS GERAIS,MG,312320,DORES DO INDAIA,DORES DO INDAIÁ,1,2025,DOU,12730,4,0,0,0,0,0,0,0,0,0,0,0,14000,109.97
04/2026,3,SUDESTE,SE,31,MINAS GERAIS,MINAS GERAIS,MG,312330,DORES DO TURVO,DORES DO TURVO,3,2025,DOU,5192,2,0,0,0,0,0,0,0,0,0,0,0,7000,134.82
04/2026,3,SUDESTE,SE,31,MINAS GERAIS,MINAS GERAIS,MG,312340,DORESOPOLIS,DORESÓPOLIS,3,2025,DOU,1498,1,0,0,0,0,0,0,0,0,0,0,0,3500,233.64
04/2026,3,SUDESTE,SE,31,MINAS GERAIS,MINAS GERAIS,MG,312350,DOURADOQUARA,DOURADOQUARA,3,2025,DOU,1869,1,0,0,0,0,0,0,0,0,0,0,0,3500,187.26
04/2026,3,SUDESTE,SE,31,MINAS GERAIS,MINAS GERAIS,MG,312352,DURANDE,DURANDÉ,3,2025,DOU,8065,3,0,0,0,0,0,0,0,0,0,0,0,10500,130.19
04/2026,3,SUDESTE,SE,31,MINAS GERAIS,MINAS GERAIS,MG,312360,ELOI MENDES,ELÓI MENDES,1,2025,DOU,27429,8,0,0,0,0,0,0,0,0,0,0,0,28000,102.08
04/2026,3,SUDESTE,SE,31,MINAS GERAIS,MINAS GERAIS,MG,312370,ENGENHEIRO CALDAS,ENGENHEIRO CALDAS,3,2025,DOU,14501,4,1,0,0,0,0,0,0,0,0,0,0,16625,114.64
04/2026,3,SUDESTE,SE,31,MINAS GERAIS,MINAS GERAIS,MG,312380,ENGENHEIRO NAVARRO,ENGENHEIRO NAVARRO,3,2025,DOU,6373,4,0,0,0,0,0,0,0,0,0,0,0,14000,219.67
04/2026,3,SUDESTE,SE,31,MINAS GERAIS,MINAS GERAIS,MG,312385,ENTRE FOLHAS,ENTRE FOLHAS,3,2025,DOU,5295,3,0,0,0,0,0,0,0,0,0,0,0,10500,198.3
04/2026,3,SUDESTE,SE,31,MINAS GERAIS,MINAS GERAIS,MG,312390,ENTRE RIOS DE MINAS,ENTRE RIOS DE MINAS,3,2025,DOU,15157,6,0,0,0,0,0,0,0,0,0,0,0,21000,138.54
04/2026,3,SUDESTE,SE,31,MINAS GERAIS,MINAS GERAIS,MG,312400,ERVALIA,ERVÁLIA,3,2025,DOU,21091,10,0,0,0,0,0,0,1,266,0,0,266,35266,167.2
04/2026,3,SUDESTE,SE,31,MINAS GERAIS,MINAS GERAIS,MG,312410,ESMERALDAS,ESMERALDAS,1,2025,DOU,93103,20,0,0,0,0,0,0,0,0,0,0,0,70000,75.18
04/2026,3,SUDESTE,SE,31,MINAS GERAIS,MINAS GERAIS,MG,312420,ESPERA FELIZ,ESPERA FELIZ,2,2025,DOU,24844,8,0,0,0,0,0,0,0,0,0,0,0,28000,112.7
04/2026,3,SUDESTE,SE,31,MINAS GERAIS,MINAS GERAIS,MG,312430,ESPINOSA,ESPINOSA,2,2025,DOU,31375,12,0,0,0,0,0,0,0,0,0,0,0,42000,133.86
04/2026,3,SUDESTE,SE,31,MINAS GERAIS,MINAS GERAIS,MG,312440,ESPIRITO SANTO DO DOURADO,ESPÍRITO SANTO DO DOURADO,3,2025,DOU,7132,2,0,0,0,0,0,0,0,0,0,0,0,7000,98.14
04/2026,3,SUDESTE,SE,31,MINAS GERAIS,MINAS GERAIS,MG,312450,ESTIVA,ESTIVA,3,2025,DOU,11880,6,0,0,0,0,0,0,0,0,0,0,0,21000,176.76
04/2026,3,SUDESTE,SE,31,MINAS GERAIS,MINAS GERAIS,MG,312460,ESTRELA DALVA,ESTRELA DALVA,3,2025,DOU,2189,1,0,0,0,0,0,0,0,0,0,0,0,3500,159.89
04/2026,3,SUDESTE,SE,31,MINAS GERAIS,MINAS GERAIS,MG,312470,ESTRELA DO INDAIA,ESTRELA DO INDAIÁ,3,2025,DOU,2711,1,0,0,0,0,0,0,0,0,0,0,0,3500,129.1
04/2026,3,SUDESTE,SE,31,MINAS GERAIS,MINAS GERAIS,MG,312480,ESTRELA DO SUL,ESTRELA DO SUL,3,2025,DOU,6897,4,0,0,0,0,0,0,0,0,0,0,0,14000,202.98
04/2026,3,SUDESTE,SE,31,MINAS GERAIS,MINAS GERAIS,MG,312490,EUGENOPOLIS,EUGENÓPOLIS,3,2025,DOU,11096,6,0,0,0,0,0,0,1,261,0,0,261,21261,191.6
04/2026,3,SUDESTE,SE,31,MINAS GERAIS,MINAS GERAIS,MG,312500,EWBANK DA CAMARA,EWBANK DA CÂMARA,1,2025,DOU,3986,2,0,0,0,0,0,0,0,0,0,0,0,7000,175.61
04/2026,3,SUDESTE,SE,31,MINAS GERAIS,MINAS GERAIS,MG,312510,EXTREMA,EXTREMA,2,2025,DOU,59336,25,0,0,0,0,0,0,1,299,0,0,299,87799,147.96
04/2026,3,SUDESTE,SE,31,MINAS GERAIS,MINAS GERAIS,MG,312520,FAMA,FAMA,3,2025,DOU,2676,1,0,0,0,0,0,0,0,0,0,0,0,3500,130.79
04/2026,3,SUDESTE,SE,31,MINAS GERAIS,MINAS GERAIS,MG,312530,FARIA LEMOS,FARIA LEMOS,3,2025,DOU,3230,2,0,0,0,0,0,0,0,0,0,0,0,7000,216.71
04/2026,3,SUDESTE,SE,31,MINAS GERAIS,MINAS GERAIS,MG,312540,FELICIO DOS SANTOS,FELÍCIO DOS SANTOS,3,2025,DOU,5251,3,0,0,0,0,0,0,0,0,0,0,0,10500,199.96
04/2026,3,SUDESTE,SE,31,MINAS GERAIS,MINAS GERAIS,MG,312560,FELISBURGO,FELISBURGO,4,2025,DOU,6575,3,0,0,0,0,0,0,0,0,0,0,0,10500,159.69
04/2026,3,SUDESTE,SE,31,MINAS GERAIS,MINAS GERAIS,MG,312570,FELIXLANDIA,FELIXLÂNDIA,3,2025,DOU,14280,7,2,0,0,0,0,0,0,0,0,0,0,29750,208.33
04/2026,3,SUDESTE,SE,31,MINAS GERAIS,MINAS GERAIS,MG,312580,FERNANDES TOURINHO,FERNANDES TOURINHO,3,2025,DOU,2814,2,0,0,0,0,0,0,0,0,0,0,0,7000,248.75
04/2026,3,SUDESTE,SE,31,MINAS GERAIS,MINAS GERAIS,MG,312590,FERROS,FERROS,3,2025,DOU,9603,4,0,0,0,0,0,0,0,0,0,0,0,14000,145.78
04/2026,3,SUDESTE,SE,31,MINAS GERAIS,MINAS GERAIS,MG,312595,FERVEDOURO,FERVEDOURO,3,2025,DOU,10705,4,0,0,0,0,0,0,0,0,0,0,0,14000,130.78
04/2026,3,SUDESTE,SE,31,MINAS GERAIS,MINAS GERAIS,MG,312600,FLORESTAL,FLORESTAL,3,2025,DOU,8469,2,0,0,0,0,0,0,0,0,0,0,0,7000,82.65
04/2026,3,SUDESTE,SE,31,MINAS GERAIS,MINAS GERAIS,MG,312610,FORMIGA,FORMIGA,1,2025,DOU,70897,19,1,0,0,0,0,0,1,1058,0,0,1058,70183,98.99
04/2026,3,SUDESTE,SE,31,MINAS GERAIS,MINAS GERAIS,MG,312620,FORMOSO,FORMOSO,3,2025,DOU,8095,5,0,0,0,0,0,0,0,0,0,0,0,17500,216.18
04/2026,3,SUDESTE,SE,31,MINAS GERAIS,MINAS GERAIS,MG,312630,FORTALEZA DE MINAS,FORTALEZA DE MINAS,1,2025,DOU,3453,1,0,0,0,0,0,0,0,0,0,0,0,3500,101.36
04/2026,3,SUDESTE,SE,31,MINAS GERAIS,MINAS GERAIS,MG,312640,FORTUNA DE MINAS,FORTUNA DE MINAS,3,2025,DOU,3230,1,0,0,0,0,0,0,0,0,0,0,0,3500,108.35
04/2026,3,SUDESTE,SE,31,MINAS GERAIS,MINAS GERAIS,MG,312650,FRANCISCO BADARO,FRANCISCO BADARÓ,5,2025,DOU,7053,5,0,0,0,0,0,0,0,0,0,0,0,17500,248.12
04/2026,3,SUDESTE,SE,31,MINAS GERAIS,MINAS GERAIS,MG,312660,FRANCISCO DUMONT,FRANCISCO DUMONT,3,2025,DOU,4547,3,0,0,0,0,0,0,0,0,0,0,0,10500,230.92
04/2026,3,SUDESTE,SE,31,MINAS GERAIS,MINAS GERAIS,MG,312670,FRANCISCO SA,FRANCISCO SÁ,2,2025,DOU,23753,10,0,0,0,0,0,0,2,346,0,0,346,35346,148.8
04/2026,3,SUDESTE,SE,31,MINAS GERAIS,MINAS GERAIS,MG,312675,FRANCISCOPOLIS,FRANCISCÓPOLIS,3,2025,DOU,5023,2,0,0,0,0,0,0,0,0,0,0,0,7000,139.35
04/2026,3,SUDESTE,SE,31,MINAS GERAIS,MINAS GERAIS,MG,312680,FREI GASPAR,FREI GASPAR,3,2025,DOU,5731,3,0,0,0,0,0,0,0,0,0,0,0,10500,183.21
04/2026,3,SUDESTE,SE,31,MINAS GERAIS,MINAS GERAIS,MG,312690,FREI INOCENCIO,FREI INOCÊNCIO,2,2025,DOU,8301,5,0,0,0,0,0,0,0,0,0,0,0,17500,210.81
04/2026,3,SUDESTE,SE,31,MINAS GERAIS,MINAS GERAIS,MG,312695,FREI LAGONEGRO,FREI LAGONEGRO,3,2025,DOU,3481,2,0,0,0,0,0,0,0,0,0,0,0,7000,201.09
04/2026,3,SUDESTE,SE,31,MINAS GERAIS,MINAS GERAIS,MG,312700,FRONTEIRA,FRONTEIRA,1,2025,DOU,14946,5,0,0,0,0,0,0,0,0,0,0,0,17500,117.08
04/2026,3,SUDESTE,SE,31,MINAS GERAIS,MINAS GERAIS,MG,312705,FRONTEIRA DOS VALES,FRONTEIRA DOS VALES,3,2025,DOU,4389,2,0,0,0,0,0,0,0,0,0,0,0,7000,159.48
04/2026,3,SUDESTE,SE,31,MINAS GERAIS,MINAS GERAIS,MG,312707,FRUTA DE LEITE,FRUTA DE LEITE,3,2025,DOU,4538,3,0,0,0,0,0,0,0,0,0,0,0,10500,231.37
04/2026,3,SUDESTE,SE,31,MINAS GERAIS,MINAS GERAIS,MG,312710,FRUTAL,FRUTAL,1,2025,DOU,61275,10,0,0,0,0,0,0,3,938,0,0,938,35938,58.65
04/2026,3,SUDESTE,SE,31,MINAS GERAIS,MINAS GERAIS,MG,312720,FUNILANDIA,FUNILÂNDIA,3,2025,DOU,4934,2,0,0,0,0,0,0,0,0,0,0,0,7000,141.87
04/2026,3,SUDESTE,SE,31,MINAS GERAIS,MINAS GERAIS,MG,312730,GALILEIA,GALILÉIA,3,2025,DOU,6244,3,0,0,0,0,0,0,0,0,0,0,0,10500,168.16
04/2026,3,SUDESTE,SE,31,MINAS GERAIS,MINAS GERAIS,MG,312733,GAMELEIRAS,GAMELEIRAS,5,2025,DOU,4847,3,0,0,0,0,0,0,0,0,0,0,0,10500,216.62
04/2026,3,SUDESTE,SE,31,MINAS GERAIS,MINAS GERAIS,MG,312735,GLAUCILANDIA,GLAUCILÂNDIA,3,2025,DOU,2991,2,0,0,0,0,0,0,0,0,0,0,0,7000,234.03
04/2026,3,SUDESTE,SE,31,MINAS GERAIS,MINAS GERAIS,MG,312737,GOIABEIRA,GOIABEIRA,3,2025,DOU,2859,2,0,0,0,0,0,0,0,0,0,0,0,7000,244.84
04/2026,3,SUDESTE,SE,31,MINAS GERAIS,MINAS GERAIS,MG,312738,GOIANA,GOIANÁ,3,2025,DOU,4214,2,0,0,0,0,0,0,0,0,0,0,0,7000,166.11
04/2026,3,SUDESTE,SE,31,MINAS GERAIS,MINAS GERAIS,MG,312740,GONCALVES,GONÇALVES,3,2025,DOU,4922,2,0,0,0,0,0,0,0,0,0,0,0,7000,142.21
04/2026,3,SUDESTE,SE,31,MINAS GERAIS,MINAS GERAIS,MG,312750,GONZAGA,GONZAGA,3,2025,DOU,5235,3,0,0,0,0,0,0,0,0,0,0,0,10500,200.57
04/2026,3,SUDESTE,SE,31,MINAS GERAIS,MINAS GERAIS,MG,312760,GOUVEIA,GOUVEIA,3,2025,DOU,11536,6,0,0,0,0,0,0,0,0,0,0,0,21000,182.03
04/2026,3,SUDESTE,SE,31,MINAS GERAIS,MINAS GERAIS,MG,312770,GOVERNADOR VALADARES,GOVERNADOR VALADARES,1,2025,DOU,266561,61,9,1,0,0,1,779,0,0,0,0,779,239654,89.9
04/2026,3,SUDESTE,SE,31,MINAS GERAIS,MINAS GERAIS,MG,312780,GRAO MOGOL,GRÃO MOGOL,3,2025,DOU,14037,6,0,0,0,0,0,0,0,0,0,0,0,21000,149.6
04/2026,3,SUDESTE,SE,31,MINAS GERAIS,MINAS GERAIS,MG,312790,GRUPIARA,GRUPIARA,3,2025,DOU,1428,1,0,0,0,0,0,0,0,0,0,0,0,3500,245.09
04/2026,3,SUDESTE,SE,31,MINAS GERAIS,MINAS GERAIS,MG,312800,GUANHAES,GUANHÃES,2,2025,DOU,33517,14,0,0,0,0,0,0,1,310,0,0,310,49310,147.11
04/2026,3,SUDESTE,SE,31,MINAS GERAIS,MINAS GERAIS,MG,312810,GUAPE,GUAPÉ,3,2025,DOU,14076,5,0,0,0,0,0,0,0,0,0,0,0,17500,124.32
04/2026,3,SUDESTE,SE,31,MINAS GERAIS,MINAS GERAIS,MG,312820,GUARACIABA,GUARACIABA,3,2025,DOU,9901,4,0,0,0,0,0,0,0,0,0,0,0,14000,141.39
04/2026,3,SUDESTE,SE,31,MINAS GERAIS,MINAS GERAIS,MG,312825,GUARACIAMA,GUARACIAMA,3,2025,DOU,5224,3,0,0,0,0,0,0,0,0,0,0,0,10500,200.99
04/2026,3,SUDESTE,SE,31,MINAS GERAIS,MINAS GERAIS,MG,312830,GUARANESIA,GUARANÉSIA,1,2025,DOU,19646,7,0,0,0,0,0,0,0,0,0,0,0,24500,124.7
04/2026,3,SUDESTE,SE,31,MINAS GERAIS,MINAS GERAIS,MG,312840,GUARANI,GUARANI,3,2025,DOU,7731,3,2,0,0,0,0,0,0,0,0,0,0,15750,203.72
04/2026,3,SUDESTE,SE,31,MINAS GERAIS,MINAS GERAIS,MG,312850,GUARARA,GUARARÁ,1,2025,DOU,3091,2,0,0,0,0,0,0,0,0,0,0,0,7000,226.46
04/2026,3,SUDESTE,SE,31,MINAS GERAIS,MINAS GERAIS,MG,312860,GUARDA-MOR,GUARDA-MOR,3,2025,DOU,6687,3,0,0,0,0,0,0,0,0,0,0,0,10500,157.02
04/2026,3,SUDESTE,SE,31,MINAS GERAIS,MINAS GERAIS,MG,312870,GUAXUPE,GUAXUPÉ,1,2025,DOU,52744,13,2,0,0,0,0,0,0,0,0,0,0,50750,96.21
04/2026,3,SUDESTE,SE,31,MINAS GERAIS,MINAS GERAIS,MG,312880,GUIDOVAL,GUIDOVAL,3,2025,DOU,7285,3,0,0,0,0,0,0,0,0,0,0,0,10500,144.13
04/2026,3,SUDESTE,SE,31,MINAS GERAIS,MINAS GERAIS,MG,312890,GUIMARANIA,GUIMARÂNIA,2,2025,DOU,8880,3,0,0,0,0,0,0,0,0,0,0,0,10500,118.24
04/2026,3,SUDESTE,SE,31,MINAS GERAIS,MINAS GERAIS,MG,312900,GUIRICEMA,GUIRICEMA,3,2025,DOU,7803,3,0,0,0,0,0,0,0,0,0,0,0,10500,134.56
04/2026,3,SUDESTE,SE,31,MINAS GERAIS,MINAS GERAIS,MG,312910,GURINHATA,GURINHATÃ,3,2025,DOU,5154,3,0,0,0,0,0,0,0,0,0,0,0,10500,203.72
04/2026,3,SUDESTE,SE,31,MINAS GERAIS,MINAS GERAIS,MG,312920,HELIODORA,HELIODORA,3,2025,DOU,6278,3,0,0,0,0,0,0,0,0,0,0,0,10500,167.25
04/2026,3,SUDESTE,SE,31,MINAS GERAIS,MINAS GERAIS,MG,312930,IAPU,IAPU,3,2025,DOU,12583,6,0,0,0,0,0,0,0,0,0,0,0,21000,166.89
04/2026,3,SUDESTE,SE,31,MINAS GERAIS,MINAS GERAIS,MG,312940,IBERTIOGA,IBERTIOGA,3,2025,DOU,5346,3,0,0,0,0,0,0,0,0,0,0,0,10500,196.4
04/2026,3,SUDESTE,SE,31,MINAS GERAIS,MINAS GERAIS,MG,312950,IBIA,IBIÁ,1,2025,DOU,22554,7,1,0,0,0,0,0,0,0,0,0,0,27125,120.26
04/2026,3,SUDESTE,SE,31,MINAS GERAIS,MINAS GERAIS,MG,312960,IBIAI,IBIAÍ,3,2025,DOU,6172,4,0,0,0,0,0,0,0,0,0,0,0,14000,226.83
04/2026,3,SUDESTE,SE,31,MINAS GERAIS,MINAS GERAIS,MG,312965,IBIRACATU,IBIRACATU,3,2025,DOU,5113,3,0,0,0,0,0,0,0,0,0,0,0,10500,205.35
04/2026,3,SUDESTE,SE,31,MINAS GERAIS,MINAS GERAIS,MG,312970,IBIRACI,IBIRACI,3,2025,DOU,10996,5,0,0,0,0,0,0,0,0,0,0,0,17500,159.14
04/2026,3,SUDESTE,SE,31,MINAS GERAIS,MINAS GERAIS,MG,312980,IBIRITE,IBIRITÉ,1,2025,DOU,179582,50,0,0,0,0,1,92,0,0,0,0,92,175092,97.49
04/2026,3,SUDESTE,SE,31,MINAS GERAIS,MINAS GERAIS,MG,312990,IBITIURA DE MINAS,IBITIÚRA DE MINAS,3,2025,DOU,3440,1,0,0,0,0,0,0,0,0,0,0,0,3500,101.74
04/2026,3,SUDESTE,SE,31,MINAS GERAIS,MINAS GERAIS,MG,313000,IBITURUNA,IBITURUNA,3,2025,DOU,2733,1,0,0,0,0,0,0,0,0,0,0,0,3500,128.06
04/2026,3,SUDESTE,SE,31,MINAS GERAIS,MINAS GERAIS,MG,313005,ICARAI DE MINAS,ICARAÍ DE MINAS,3,2025,DOU,10914,6,0,0,0,0,0,0,0,0,0,0,0,21000,192.41
04/2026,3,SUDESTE,SE,31,MINAS GERAIS,MINAS GERAIS,MG,313010,IGARAPE,IGARAPÉ,1,2025,DOU,49120,14,1,0,0,0,0,0,0,0,0,0,0,51625,105.09
04/2026,3,SUDESTE,SE,31,MINAS GERAIS,MINAS GERAIS,MG,313020,IGARATINGA,IGARATINGA,3,2025,DOU,11345,6,0,0,0,0,0,0,0,0,0,0,0,21000,185.1
04/2026,3,SUDESTE,SE,31,MINAS GERAIS,MINAS GERAIS,MG,313030,IGUATAMA,IGUATAMA,3,2025,DOU,6782,4,0,0,0,0,0,0,0,0,0,0,0,14000,206.42
04/2026,3,SUDESTE,SE,31,MINAS GERAIS,MINAS GERAIS,MG,313040,IJACI,IJACI,1,2025,DOU,7358,3,0,0,0,0,0,0,0,0,0,0,0,10500,142.7
04/2026,3,SUDESTE,SE,31,MINAS GERAIS,MINAS GERAIS,MG,313050,ILICINEA,ILICÍNEA,2,2025,DOU,13248,5,1,0,0,0,0,0,0,0,0,0,0,20125,151.9
04/2026,3,SUDESTE,SE,31,MINAS GERAIS,MINAS GERAIS,MG,313055,IMBE DE MINAS,IMBÉ DE MINAS,3,2025,DOU,7244,3,0,0,0,0,0,0,0,0,0,0,0,10500,144.94
04/2026,3,SUDESTE,SE,31,MINAS GERAIS,MINAS GERAIS,MG,313060,INCONFIDENTES,INCONFIDENTES,3,2025,DOU,7537,3,0,0,0,0,0,0,0,0,0,0,0,10500,139.31
04/2026,3,SUDESTE,SE,31,MINAS GERAIS,MINAS GERAIS,MG,313065,INDAIABIRA,INDAIABIRA,5,2025,DOU,6328,4,0,0,0,0,0,0,0,0,0,0,0,14000,221.23
04/2026,3,SUDESTE,SE,31,MINAS GERAIS,MINAS GERAIS,MG,313070,INDIANOPOLIS,INDIANÓPOLIS,3,2025,DOU,6311,3,0,0,0,0,0,0,0,0,0,0,0,10500,166.37
04/2026,3,SUDESTE,SE,31,MINAS GERAIS,MINAS GERAIS,MG,313080,INGAI,INGAÍ,3,2025,DOU,2632,1,0,0,0,0,0,0,0,0,0,0,0,3500,132.97
04/2026,3,SUDESTE,SE,31,MINAS GERAIS,MINAS GERAIS,MG,313090,INHAPIM,INHAPIM,3,2025,DOU,22925,10,0,0,0,0,0,0,1,118,0,0,118,35118,153.18
04/2026,3,SUDESTE,SE,31,MINAS GERAIS,MINAS GERAIS,MG,313100,INHAUMA,INHAÚMA,1,2025,DOU,6465,3,0,0,0,0,0,0,0,0,0,0,0,10500,162.41
04/2026,3,SUDESTE,SE,31,MINAS GERAIS,MINAS GERAIS,MG,313110,INIMUTABA,INIMUTABA,1,2025,DOU,7615,4,0,0,0,0,0,0,0,0,0,0,0,14000,183.84
04/2026,3,SUDESTE,SE,31,MINAS GERAIS,MINAS GERAIS,MG,313115,IPABA,IPABA,1,2025,DOU,17587,8,0,0,0,0,0,0,0,0,1,511,511,28511,162.11
04/2026,3,SUDESTE,SE,31,MINAS GERAIS,MINAS GERAIS,MG,313120,IPANEMA,IPANEMA,1,2025,DOU,20181,6,1,0,0,0,0,0,0,0,0,0,0,23625,117.06
04/2026,3,SUDESTE,SE,31,MINAS GERAIS,MINAS GERAIS,MG,313130,IPATINGA,IPATINGA,1,2025,DOU,235311,60,2,0,0,0,1,329,0,0,1,474,803,216053,91.81
04/2026,3,SUDESTE,SE,31,MINAS GERAIS,MINAS GERAIS,MG,313140,IPIACU,IPIAÇU,2,2025,DOU,3807,2,0,0,0,0,0,0,0,0,0,0,0,7000,183.87
04/2026,3,SUDESTE,SE,31,MINAS GERAIS,MINAS GERAIS,MG,313150,IPUIUNA,IPUIÚNA,3,2025,DOU,9283,4,0,0,0,0,0,0,0,0,0,0,0,14000,150.81
04/2026,3,SUDESTE,SE,31,MINAS GERAIS,MINAS GERAIS,MG,313160,IRAI DE MINAS,IRAÍ DE MINAS,2,2025,DOU,7467,2,0,0,0,0,0,0,0,0,0,0,0,7000,93.74
04/2026,3,SUDESTE,SE,31,MINAS GERAIS,MINAS GERAIS,MG,313170,ITABIRA,ITABIRA,1,2025,DOU,118053,34,0,0,0,0,0,0,0,0,0,0,0,119000,100.8
04/2026,3,SUDESTE,SE,31,MINAS GERAIS,MINAS GERAIS,MG,313180,ITABIRINHA,ITABIRINHA,3,2025,DOU,10548,5,0,0,0,0,0,0,0,0,0,0,0,17500,165.9
04/2026,3,SUDESTE,SE,31,MINAS GERAIS,MINAS GERAIS,MG,313190,ITABIRITO,ITABIRITO,1,2025,DOU,56369,17,0,0,0,0,0,0,0,0,0,0,0,59500,105.55
04/2026,3,SUDESTE,SE,31,MINAS GERAIS,MINAS GERAIS,MG,313200,ITACAMBIRA,ITACAMBIRA,3,2025,DOU,4227,3,0,0,0,0,0,0,0,0,0,0,0,10500,248.4
04/2026,3,SUDESTE,SE,31,MINAS GERAIS,MINAS GERAIS,MG,313210,ITACARAMBI,ITACARAMBI,1,2025,DOU,17502,7,0,0,0,0,0,0,0,0,0,0,0,24500,139.98
04/2026,3,SUDESTE,SE,31,MINAS GERAIS,MINAS GERAIS,MG,313220,ITAGUARA,ITAGUARA,3,2025,DOU,14415,5,0,0,0,0,0,0,0,0,0,0,0,17500,121.4
04/2026,3,SUDESTE,SE,31,MINAS GERAIS,MINAS GERAIS,MG,313230,ITAIPE,ITAIPÉ,3,2025,DOU,10482,6,0,0,0,0,0,0,0,0,0,0,0,21000,200.34
04/2026,3,SUDESTE,SE,31,MINAS GERAIS,MINAS GERAIS,MG,313240,ITAJUBA,ITAJUBÁ,1,2025,DOU,96855,25,2,4,0,0,0,0,0,0,1,1171,1171,100921,104.19
04/2026,3,SUDESTE,SE,31,MINAS GERAIS,MINAS GERAIS,MG,313250,ITAMARANDIBA,ITAMARANDIBA,2,2025,DOU,34210,13,0,0,0,0,0,0,0,0,0,0,0,45500,133.0
04/2026,3,SUDESTE,SE,31,MINAS GERAIS,MINAS GERAIS,MG,313260,ITAMARATI DE MINAS,ITAMARATI DE MINAS,3,2025,DOU,3710,2,0,0,0,0,0,0,0,0,0,0,0,7000,188.67
04/2026,3,SUDESTE,SE,31,MINAS GERAIS,MINAS GERAIS,MG,313270,ITAMBACURI,ITAMBACURI,2,2025,DOU,21210,11,1,1,0,0,0,0,1,189,0,0,189,43064,203.03
04/2026,3,SUDESTE,SE,31,MINAS GERAIS,MINAS GERAIS,MG,313280,ITAMBE DO MATO DENTRO,ITAMBÉ DO MATO DENTRO,3,2025,DOU,2168,1,0,0,0,0,0,0,0,0,0,0,0,3500,161.43
04/2026,3,SUDESTE,SE,31,MINAS GERAIS,MINAS GERAIS,MG,313290,ITAMOGI,ITAMOGI,3,2025,DOU,11092,4,0,0,0,0,0,0,0,0,0,0,0,14000,126.21
04/2026,3,SUDESTE,SE,31,MINAS GERAIS,MINAS GERAIS,MG,313300,ITAMONTE,ITAMONTE,3,2025,DOU,15245,6,0,0,0,0,0,0,0,0,0,0,0,21000,137.75
04/2026,3,SUDESTE,SE,31,MINAS GERAIS,MINAS GERAIS,MG,313310,ITANHANDU,ITANHANDU,1,2025,DOU,15751,5,0,0,0,0,0,0,0,0,0,0,0,17500,111.1
04/2026,3,SUDESTE,SE,31,MINAS GERAIS,MINAS GERAIS,MG,313320,ITANHOMI,ITANHOMI,3,2025,DOU,11264,5,0,0,0,0,0,0,0,0,0,0,0,17500,155.36
04/2026,3,SUDESTE,SE,31,MINAS GERAIS,MINAS GERAIS,MG,313330,ITAOBIM,ITAOBIM,2,2025,DOU,19263,9,0,1,0,0,0,0,1,121,0,0,121,33371,173.23
04/2026,3,SUDESTE,SE,31,MINAS GERAIS,MINAS GERAIS,MG,313340,ITAPAGIPE,ITAPAGIPE,3,2025,DOU,14014,5,0,0,0,0,0,0,0,0,0,0,0,17500,124.87
04/2026,3,SUDESTE,SE,31,MINAS GERAIS,MINAS GERAIS,MG,313350,ITAPECERICA,ITAPECERICA,2,2025,DOU,21456,8,0,0,0,0,0,0,0,0,0,0,0,28000,130.49
04/2026,3,SUDESTE,SE,31,MINAS GERAIS,MINAS GERAIS,MG,313360,ITAPEVA,ITAPEVA,3,2025,DOU,13561,4,2,0,0,0,0,0,0,0,0,0,0,19250,141.95
04/2026,3,SUDESTE,SE,31,MINAS GERAIS,MINAS GERAIS,MG,313370,ITATIAIUCU,ITATIAIUÇU,3,2025,DOU,13779,5,0,0,0,0,0,0,0,0,0,0,0,17500,127.0
04/2026,3,SUDESTE,SE,31,MINAS GERAIS,MINAS GERAIS,MG,313375,ITAU DE MINAS,ITAÚ DE MINAS,1,2025,DOU,14634,5,0,0,0,0,0,0,0,0,0,0,0,17500,119.58
04/2026,3,SUDESTE,SE,31,MINAS GERAIS,MINAS GERAIS,MG,313380,ITAUNA,ITAÚNA,1,2025,DOU,103272,23,1,0,0,0,0,0,0,0,0,0,0,83125,80.49
04/2026,3,SUDESTE,SE,31,MINAS GERAIS,MINAS GERAIS,MG,313390,ITAVERAVA,ITAVERAVA,3,2025,DOU,5747,3,0,0,0,0,0,0,0,0,0,0,0,10500,182.7
04/2026,3,SUDESTE,SE,31,MINAS GERAIS,MINAS GERAIS,MG,313400,ITINGA,ITINGA,3,2025,DOU,13954,5,1,0,0,0,0,0,0,0,0,0,0,20125,144.22
04/2026,3,SUDESTE,SE,31,MINAS GERAIS,MINAS GERAIS,MG,313410,ITUETA,ITUETA,3,2025,DOU,6234,3,0,0,0,0,0,0,0,0,0,0,0,10500,168.43
04/2026,3,SUDESTE,SE,31,MINAS GERAIS,MINAS GERAIS,MG,313420,ITUIUTABA,ITUIUTABA,1,2025,DOU,106775,15,3,0,0,0,0,0,0,0,0,0,0,60375,56.54
04/2026,3,SUDESTE,SE,31,MINAS GERAIS,MINAS GERAIS,MG,313430,ITUMIRIM,ITUMIRIM,1,2025,DOU,6876,2,1,0,0,0,0,0,0,0,0,0,0,9625,139.97
04/2026,3,SUDESTE,SE,31,MINAS GERAIS,MINAS GERAIS,MG,313440,ITURAMA,ITURAMA,1,2025,DOU,40259,9,1,0,0,0,0,0,1,0,0,0,0,34125,84.76
04/2026,3,SUDESTE,SE,31,MINAS GERAIS,MINAS GERAIS,MG,313450,ITUTINGA,ITUTINGA,3,2025,DOU,4366,2,0,0,0,0,0,0,0,0,0,0,0,7000,160.32
04/2026,3,SUDESTE,SE,31,MINAS GERAIS,MINAS GERAIS,MG,313460,JABOTICATUBAS,JABOTICATUBAS,3,2025,DOU,21407,6,0,0,0,0,0,0,0,0,0,0,0,21000,98.09
04/2026,3,SUDESTE,SE,31,MINAS GERAIS,MINAS GERAIS,MG,313470,JACINTO,JACINTO,3,2025,DOU,11115,6,0,0,0,0,0,0,0,0,0,0,0,21000,188.93
04/2026,3,SUDESTE,SE,31,MINAS GERAIS,MINAS GERAIS,MG,313480,JACUI,JACUÍ,3,2025,DOU,7668,2,1,0,0,0,0,0,0,0,0,0,0,9625,125.52
04/2026,3,SUDESTE,SE,31,MINAS GERAIS,MINAS GERAIS,MG,313490,JACUTINGA,JACUTINGA,2,2025,DOU,26888,6,0,0,0,0,0,0,0,0,0,0,0,21000,78.1
04/2026,3,SUDESTE,SE,31,MINAS GERAIS,MINAS GERAIS,MG,313500,JAGUARACU,JAGUARAÇU,1,2025,DOU,3181,2,0,0,0,0,0,0,0,0,0,0,0,7000,220.05
04/2026,3,SUDESTE,SE,31,MINAS GERAIS,MINAS GERAIS,MG,313505,JAIBA,JAÍBA,3,2025,DOU,39639,18,0,0,0,0,0,0,0,0,0,0,0,63000,158.93
04/2026,3,SUDESTE,SE,31,MINAS GERAIS,MINAS GERAIS,MG,313507,JAMPRUCA,JAMPRUCA,3,2025,DOU,4266,2,0,0,0,0,0,0,0,0,0,0,0,7000,164.08
04/2026,3,SUDESTE,SE,31,MINAS GERAIS,MINAS GERAIS,MG,313510,JANAUBA,JANAÚBA,1,2025,DOU,73555,27,0,0,0,0,1,57,1,282,0,0,339,94839,128.93
04/2026,3,SUDESTE,SE,31,MINAS GERAIS,MINAS GERAIS,MG,313520,JANUARIA,JANUÁRIA,1,2025,DOU,67123,24,1,0,0,0,0,0,0,0,1,293,293,86918,129.49
04/2026,3,SUDESTE,SE,31,MINAS GERAIS,MINAS GERAIS,MG,313530,JAPARAIBA,JAPARAÍBA,3,2025,DOU,4706,2,0,0,0,0,0,0,0,0,0,0,0,7000,148.74
04/2026,3,SUDESTE,SE,31,MINAS GERAIS,MINAS GERAIS,MG,313535,JAPONVAR,JAPONVAR,3,2025,DOU,8385,4,0,0,0,0,0,0,0,0,0,0,0,14000,166.96
04/2026,3,SUDESTE,SE,31,MINAS GERAIS,MINAS GERAIS,MG,313540,JECEABA,JECEABA,1,2025,DOU,6476,2,0,0,0,0,0,0,0,0,0,0,0,7000,108.09
04/2026,3,SUDESTE,SE,31,MINAS GERAIS,MINAS GERAIS,MG,313545,JENIPAPO DE MINAS,JENIPAPO DE MINAS,3,2025,DOU,6072,4,1,0,0,0,0,0,0,0,0,0,0,16625,273.79
04/2026,3,SUDESTE,SE,31,MINAS GERAIS,MINAS GERAIS,MG,313550,JEQUERI,JEQUERI,3,2025,DOU,12636,5,0,0,0,0,0,0,0,0,0,0,0,17500,138.49
04/2026,3,SUDESTE,SE,31,MINAS GERAIS,MINAS GERAIS,MG,313560,JEQUITAI,JEQUITAÍ,3,2025,DOU,6379,3,0,0,0,0,0,0,0,0,0,0,0,10500,164.6
04/2026,3,SUDESTE,SE,31,MINAS GERAIS,MINAS GERAIS,MG,313570,JEQUITIBA,JEQUITIBÁ,3,2025,DOU,6142,3,0,0,0,0,0,0,0,0,0,0,0,10500,170.95
04/2026,3,SUDESTE,SE,31,MINAS GERAIS,MINAS GERAIS,MG,313580,JEQUITINHONHA,JEQUITINHONHA,4,2025,DOU,24516,10,0,2,0,0,0,0,1,228,0,0,228,38728,157.97
04/2026,3,SUDESTE,SE,31,MINAS GERAIS,MINAS GERAIS,MG,313590,JESUANIA,JESUÂNIA,3,2025,DOU,5320,2,0,0,0,0,0,0,0,0,0,0,0,7000,131.57
04/2026,3,SUDESTE,SE,31,MINAS GERAIS,MINAS GERAIS,MG,313600,JOAIMA,JOAÍMA,3,2025,DOU,14035,7,0,1,0,0,0,0,0,0,0,0,0,26250,187.03
04/2026,3,SUDESTE,SE,31,MINAS GERAIS,MINAS GERAIS,MG,313610,JOANESIA,JOANÉSIA,3,2025,DOU,4246,3,0,0,0,0,0,0,0,0,0,0,0,10500,247.29
04/2026,3,SUDESTE,SE,31,MINAS GERAIS,MINAS GERAIS,MG,313620,JOAO MONLEVADE,JOÃO MONLEVADE,1,2025,DOU,83791,17,2,0,0,0,0,0,0,0,0,0,0,64750,77.27
04/2026,3,SUDESTE,SE,31,MINAS GERAIS,MINAS GERAIS,MG,313630,JOAO PINHEIRO,JOÃO PINHEIRO,1,2025,DOU,48725,14,0,0,0,0,0,0,1,428,0,0,428,49428,101.44
04/2026,3,SUDESTE,SE,31,MINAS GERAIS,MINAS GERAIS,MG,313640,JOAQUIM FELICIO,JOAQUIM FELÍCIO,3,2025,DOU,3868,2,0,0,0,0,0,0,0,0,0,0,0,7000,180.97
04/2026,3,SUDESTE,SE,31,MINAS GERAIS,MINAS GERAIS,MG,313650,JORDANIA,JORDÂNIA,3,2025,DOU,10541,5,0,0,0,0,0,0,0,0,0,0,0,17500,166.01
04/2026,3,SUDESTE,SE,31,MINAS GERAIS,MINAS GERAIS,MG,313652,JOSE GONCALVES DE MINAS,JOSÉ GONÇALVES DE MINAS,5,2025,DOU,3963,2,0,0,0,0,0,0,0,0,0,0,0,7000,176.63
04/2026,3,SUDESTE,SE,31,MINAS GERAIS,MINAS GERAIS,MG,313655,JOSE RAYDAN,JOSÉ RAYDAN,3,2025,DOU,4349,3,0,0,0,0,0,0,0,0,0,0,0,10500,241.43
04/2026,3,SUDESTE,SE,31,MINAS GERAIS,MINAS GERAIS,MG,313657,JOSENOPOLIS,JOSENÓPOLIS,5,2025,DOU,3557,2,0,0,0,0,0,0,0,0,0,0,0,7000,196.79
04/2026,3,SUDESTE,SE,31,MINAS GERAIS,MINAS GERAIS,MG,313665,JUATUBA,JUATUBA,1,2025,DOU,33249,13,0,0,0,0,0,0,1,0,0,0,0,45500,136.84
04/2026,3,SUDESTE,SE,31,MINAS GERAIS,MINAS GERAIS,MG,313670,JUIZ DE FORA,JUIZ DE FORA,1,2025,DOU,567730,236,0,4,0,0,1,943,2,0,0,0,943,833943,146.89
04/2026,3,SUDESTE,SE,31,MINAS GERAIS,MINAS GERAIS,MG,313680,JURAMENTO,JURAMENTO,3,2025,DOU,3798,2,0,0,0,0,0,0,0,0,0,0,0,7000,184.3
04/2026,3,SUDESTE,SE,31,MINAS GERAIS,MINAS GERAIS,MG,313690,JURUAIA,JURUAIA,3,2025,DOU,11652,5,0,1,0,0,0,0,0,0,0,0,0,19250,165.2
04/2026,3,SUDESTE,SE,31,MINAS GERAIS,MINAS GERAIS,MG,313695,JUVENILIA,JUVENÍLIA,5,2025,DOU,5937,3,0,0,0,0,0,0,0,0,0,0,0,10500,176.85
04/2026,3,SUDESTE,SE,31,MINAS GERAIS,MINAS GERAIS,MG,313700,LADAINHA,LADAINHA,3,2025,DOU,14263,7,0,0,0,0,0,0,0,0,0,0,0,24500,171.77
04/2026,3,SUDESTE,SE,31,MINAS GERAIS,MINAS GERAIS,MG,313710,LAGAMAR,LAGAMAR,3,2025,DOU,6622,4,0,0,0,0,0,0,0,0,0,0,0,14000,211.41
04/2026,3,SUDESTE,SE,31,MINAS GERAIS,MINAS GERAIS,MG,313720,LAGOA DA PRATA,LAGOA DA PRATA,1,2025,DOU,53927,10,1,0,0,0,0,0,1,188,0,0,188,37813,70.11
04/2026,3,SUDESTE,SE,31,MINAS GERAIS,MINAS GERAIS,MG,313730,LAGOA DOS PATOS,LAGOA DOS PATOS,3,2025,DOU,3237,2,0,0,0,0,0,0,0,0,0,0,0,7000,216.24
04/2026,3,SUDESTE,SE,31,MINAS GERAIS,MINAS GERAIS,MG,313740,LAGOA DOURADA,LAGOA DOURADA,3,2025,DOU,13152,5,0,0,0,0,0,0,0,0,0,0,0,17500,133.05
04/2026,3,SUDESTE,SE,31,MINAS GERAIS,MINAS GERAIS,MG,313750,LAGOA FORMOSA,LAGOA FORMOSA,2,2025,DOU,19614,9,0,0,0,0,0,0,0,0,0,0,0,31500,160.59
04/2026,3,SUDESTE,SE,31,MINAS GERAIS,MINAS GERAIS,MG,313753,LAGOA GRANDE,LAGOA GRANDE,2,2025,DOU,9235,5,0,0,0,0,0,0,0,0,0,0,0,17500,189.49
04/2026,3,SUDESTE,SE,31,MINAS GERAIS,MINAS GERAIS,MG,313760,LAGOA SANTA,LAGOA SANTA,1,2025,DOU,81299,25,0,0,0,0,0,0,1,403,0,0,403,87903,108.12
04/2026,3,SUDESTE,SE,31,MINAS GERAIS,MINAS GERAIS,MG,313770,LAJINHA,LAJINHA,3,2025,DOU,21502,8,0,1,0,0,0,0,0,0,0,0,0,29750,138.35
04/2026,3,SUDESTE,SE,31,MINAS GERAIS,MINAS GERAIS,MG,313780,LAMBARI,LAMBARI,2,2025,DOU,21010,7,0,0,0,0,0,0,0,0,0,0,0,24500,116.61
04/2026,3,SUDESTE,SE,31,MINAS GERAIS,MINAS GERAIS,MG,313790,LAMIM,LAMIM,3,2025,DOU,3213,2,0,0,0,0,0,0,0,0,0,0,0,7000,217.86
04/2026,3,SUDESTE,SE,31,MINAS GERAIS,MINAS GERAIS,MG,313800,LARANJAL,LARANJAL,3,2025,DOU,6018,3,0,0,0,0,0,0,0,0,0,0,0,10500,174.47
04/2026,3,SUDESTE,SE,31,MINAS GERAIS,MINAS GERAIS,MG,313810,LASSANCE,LASSANCE,3,2025,DOU,7398,4,0,0,0,0,0,0,0,0,0,0,0,14000,189.24
04/2026,3,SUDESTE,SE,31,MINAS GERAIS,MINAS GERAIS,MG,313820,LAVRAS,LAVRAS,1,2025,DOU,110682,19,2,1,0,0,0,0,0,0,0,0,0,73500,66.4
04/2026,3,SUDESTE,SE,31,MINAS GERAIS,MINAS GERAIS,MG,313830,LEANDRO FERREIRA,LEANDRO FERREIRA,3,2025,DOU,3272,1,0,1,0,0,0,0,0,0,0,0,0,5250,160.45
04/2026,3,SUDESTE,SE,31,MINAS GERAIS,MINAS GERAIS,MG,313835,LEME DO PRADO,LEME DO PRADO,3,2025,DOU,4364,2,0,0,0,0,0,0,0,0,0,0,0,7000,160.4
04/2026,3,SUDESTE,SE,31,MINAS GERAIS,MINAS GERAIS,MG,313840,LEOPOLDINA,LEOPOLDINA,1,2025,DOU,52739,16,0,0,0,0,0,0,1,142,0,0,142,56142,106.45
04/2026,3,SUDESTE,SE,31,MINAS GERAIS,MINAS GERAIS,MG,313850,LIBERDADE,LIBERDADE,3,2025,DOU,4744,2,0,0,0,0,0,0,0,0,0,0,0,7000,147.55
04/2026,3,SUDESTE,SE,31,MINAS GERAIS,MINAS GERAIS,MG,313860,LIMA DUARTE,LIMA DUARTE,3,2025,DOU,17782,7,0,0,0,0,0,0,0,0,0,0,0,24500,137.77
04/2026,3,SUDESTE,SE,31,MINAS GERAIS,MINAS GERAIS,MG,313862,LIMEIRA DO OESTE,LIMEIRA DO OESTE,5,2025,DOU,9191,3,1,0,0,0,0,0,0,0,0,0,0,13125,142.8
04/2026,3,SUDESTE,SE,31,MINAS GERAIS,MINAS GERAIS,MG,313865,LONTRA,LONTRA,3,2025,DOU,8963,4,0,0,0,0,0,0,0,0,0,0,0,14000,156.19
04/2026,3,SUDESTE,SE,31,MINAS GERAIS,MINAS GERAIS,MG,313867,LUISBURGO,LUISBURGO,3,2025,DOU,7239,3,0,0,0,0,0,0,0,0,0,0,0,10500,145.04
04/2026,3,SUDESTE,SE,31,MINAS GERAIS,MINAS GERAIS,MG,313868,LUISLANDIA,LUISLÂNDIA,3,2025,DOU,6323,3,0,0,0,0,0,0,0,0,0,0,0,10500,166.06
04/2026,3,SUDESTE,SE,31,MINAS GERAIS,MINAS GERAIS,MG,313870,LUMINARIAS,LUMINÁRIAS,3,2025,DOU,5744,3,0,0,0,0,0,0,0,0,0,0,0,10500,182.79
04/2026,3,SUDESTE,SE,31,MINAS GERAIS,MINAS GERAIS,MG,313880,LUZ,LUZ,1,2025,DOU,18336,5,5,0,0,0,0,0,0,0,0,0,0,30625,167.02
04/2026,3,SUDESTE,SE,31,MINAS GERAIS,MINAS GERAIS,MG,313890,MACHACALIS,MACHACALIS,2,2025,DOU,6556,4,0,0,0,0,0,0,0,0,0,0,0,14000,213.54
04/2026,3,SUDESTE,SE,31,MINAS GERAIS,MINAS GERAIS,MG,313900,MACHADO,MACHADO,1,2025,DOU,38809,10,0,2,0,0,0,0,0,0,0,0,0,38500,99.2
04/2026,3,SUDESTE,SE,31,MINAS GERAIS,MINAS GERAIS,MG,313910,MADRE DE DEUS DE MINAS,MADRE DE DEUS DE MINAS,3,2025,DOU,5360,2,0,0,0,0,0,0,0,0,0,0,0,7000,130.59
04/2026,3,SUDESTE,SE,31,MINAS GERAIS,MINAS GERAIS,MG,313920,MALACACHETA,MALACACHETA,2,2025,DOU,17691,7,0,0,0,0,0,0,0,0,0,0,0,24500,138.48
04/2026,3,SUDESTE,SE,31,MINAS GERAIS,MINAS GERAIS,MG,313925,MAMONAS,MAMONAS,3,2025,DOU,6082,3,0,0,0,0,0,0,0,0,0,0,0,10500,172.64
04/2026,3,SUDESTE,SE,31,MINAS GERAIS,MINAS GERAIS,MG,313930,MANGA,MANGA,4,2025,DOU,19148,8,0,0,0,0,0,0,0,0,0,0,0,28000,146.22
04/2026,3,SUDESTE,SE,31,MINAS GERAIS,MINAS GERAIS,MG,313940,MANHUACU,MANHUAÇU,1,2025,DOU,97328,23,1,0,0,0,0,0,1,513,0,0,513,83638,85.93
04/2026,3,SUDESTE,SE,31,MINAS GERAIS,MINAS GERAIS,MG,313950,MANHUMIRIM,MANHUMIRIM,1,2025,DOU,20939,7,0,0,0,0,0,0,1,410,0,0,410,24910,118.96
04/2026,3,SUDESTE,SE,31,MINAS GERAIS,MINAS GERAIS,MG,313960,MANTENA,MANTENA,2,2025,DOU,27350,12,0,0,0,0,0,0,0,0,0,0,0,42000,153.56
04/2026,3,SUDESTE,SE,31,MINAS GERAIS,MINAS GERAIS,MG,313980,MAR DE ESPANHA,MAR DE ESPANHA,1,2025,DOU,13180,6,0,0,0,0,0,0,0,0,0,0,0,21000,159.33
04/2026,3,SUDESTE,SE,31,MINAS GERAIS,MINAS GERAIS,MG,313970,MARAVILHAS,MARAVILHAS,3,2025,DOU,7532,3,0,0,0,0,0,0,0,0,0,0,0,10500,139.4
04/2026,3,SUDESTE,SE,31,MINAS GERAIS,MINAS GERAIS,MG,313990,MARIA DA FE,MARIA DA FÉ,3,2025,DOU,14567,7,0,0,0,0,0,0,0,0,0,0,0,24500,168.18
04/2026,3,SUDESTE,SE,31,MINAS GERAIS,MINAS GERAIS,MG,314000,MARIANA,MARIANA,1,2025,DOU,64506,16,0,0,0,0,0,0,1,0,0,0,0,56000,86.81
04/2026,3,SUDESTE,SE,31,MINAS GERAIS,MINAS GERAIS,MG,314010,MARILAC,MARILAC,3,2025,DOU,4323,2,0,0,0,0,0,0,0,0,0,0,0,7000,161.92
04/2026,3,SUDESTE,SE,31,MINAS GERAIS,MINAS GERAIS,MG,314015,MARIO CAMPOS,MÁRIO CAMPOS,1,2025,DOU,16705,5,0,0,0,0,0,0,0,0,0,0,0,17500,104.75
04/2026,3,SUDESTE,SE,31,MINAS GERAIS,MINAS GERAIS,MG,314020,MARIPA DE MINAS,MARIPÁ DE MINAS,3,2025,DOU,3567,1,0,0,0,0,0,0,0,0,0,0,0,3500,98.12
04/2026,3,SUDESTE,SE,31,MINAS GERAIS,MINAS GERAIS,MG,314030,MARLIERIA,MARLIÉRIA,1,2025,DOU,4796,2,0,0,0,0,0,0,0,0,0,0,0,7000,145.95
04/2026,3,SUDESTE,SE,31,MINAS GERAIS,MINAS GERAIS,MG,314040,MARMELOPOLIS,MARMELÓPOLIS,3,2025,DOU,3314,1,0,0,0,0,0,0,0,0,0,0,0,3500,105.61
04/2026,3,SUDESTE,SE,31,MINAS GERAIS,MINAS GERAIS,MG,314050,MARTINHO CAMPOS,MARTINHO CAMPOS,3,2025,DOU,14546,5,0,0,0,0,0,0,0,0,0,0,0,17500,120.3
04/2026,3,SUDESTE,SE,31,MINAS GERAIS,MINAS GERAIS,MG,314053,MARTINS SOARES,MARTINS SOARES,3,2025,DOU,8797,4,0,0,0,0,0,0,0,0,0,0,0,14000,159.14
04/2026,3,SUDESTE,SE,31,MINAS GERAIS,MINAS GERAIS,MG,314055,MATA VERDE,MATA VERDE,2,2025,DOU,9532,3,0,0,0,0,0,0,0,0,0,0,0,10500,110.15
04/2026,3,SUDESTE,SE,31,MINAS GERAIS,MINAS GERAIS,MG,314060,MATERLANDIA,MATERLÂNDIA,3,2025,DOU,3949,2,0,0,0,0,0,0,0,0,0,0,0,7000,177.26
04/2026,3,SUDESTE,SE,31,MINAS GERAIS,MINAS GERAIS,MG,314070,MATEUS LEME,MATEUS LEME,2,2025,DOU,40814,13,2,0,0,0,0,0,0,0,0,0,0,50750,124.34
04/2026,3,SUDESTE,SE,31,MINAS GERAIS,MINAS GERAIS,MG,317150,MATHIAS LOBATO,MATHIAS LOBATO,3,2025,DOU,3053,2,0,0,0,0,0,0,0,0,0,0,0,7000,229.28
04/2026,3,SUDESTE,SE,31,MINAS GERAIS,MINAS GERAIS,MG,314080,MATIAS BARBOSA,MATIAS BARBOSA,1,2025,DOU,14547,5,0,0,0,0,0,0,0,0,0,0,0,17500,120.29
04/2026,3,SUDESTE,SE,31,MINAS GERAIS,MINAS GERAIS,MG,314085,MATIAS CARDOSO,MATIAS CARDOSO,3,2025,DOU,8922,5,0,0,0,0,0,0,0,0,0,0,0,17500,196.14
04/2026,3,SUDESTE,SE,31,MINAS GERAIS,MINAS GERAIS,MG,314090,MATIPO,MATIPÓ,2,2025,DOU,19115,8,0,0,0,0,0,0,0,0,0,0,0,28000,146.48
04/2026,3,SUDESTE,SE,31,MINAS GERAIS,MINAS GERAIS,MG,314100,MATO VERDE,MATO VERDE,3,2025,DOU,12210,6,0,0,0,0,0,0,0,0,0,0,0,21000,171.99
04/2026,3,SUDESTE,SE,31,MINAS GERAIS,MINAS GERAIS,MG,314110,MATOZINHOS,MATOZINHOS,1,2025,DOU,39529,10,1,0,0,0,0,0,0,0,0,0,0,37625,95.18
04/2026,3,SUDESTE,SE,31,MINAS GERAIS,MINAS GERAIS,MG,314120,MATUTINA,MATUTINA,3,2025,DOU,3912,2,0,0,0,0,0,0,0,0,0,0,0,7000,178.93
04/2026,3,SUDESTE,SE,31,MINAS GERAIS,MINAS GERAIS,MG,314130,MEDEIROS,MEDEIROS,3,2025,DOU,4068,2,0,0,0,0,0,0,0,0,0,0,0,7000,172.07
04/2026,3,SUDESTE,SE,31,MINAS GERAIS,MINAS GERAIS,MG,314140,MEDINA,MEDINA,2,2025,DOU,20455,7,1,0,0,0,0,0,0,0,0,0,0,27125,132.6
04/2026,3,SUDESTE,SE,31,MINAS GERAIS,MINAS GERAIS,MG,314150,MENDES PIMENTEL,MENDES PIMENTEL,3,2025,DOU,5614,3,0,0,0,0,0,0,0,0,0,0,0,10500,187.03
04/2026,3,SUDESTE,SE,31,MINAS GERAIS,MINAS GERAIS,MG,314160,MERCES,MERCÊS,3,2025,DOU,10615,4,0,0,0,0,0,0,0,0,0,0,0,14000,131.88
04/2026,3,SUDESTE,SE,31,MINAS GERAIS,MINAS GERAIS,MG,314170,MESQUITA,MESQUITA,3,2025,DOU,4984,3,0,0,0,0,0,0,0,0,0,0,0,10500,210.67
04/2026,3,SUDESTE,SE,31,MINAS GERAIS,MINAS GERAIS,MG,314180,MINAS NOVAS,MINAS NOVAS,3,2025,DOU,23843,11,0,0,0,0,0,0,0,0,0,0,0,38500,161.47
04/2026,3,SUDESTE,SE,31,MINAS GERAIS,MINAS GERAIS,MG,314190,MINDURI,MINDURI,3,2025,DOU,3811,1,0,0,0,0,0,0,0,0,0,0,0,3500,91.83
04/2026,3,SUDESTE,SE,31,MINAS GERAIS,MINAS GERAIS,MG,314200,MIRABELA,MIRABELA,3,2025,DOU,14071,7,0,0,0,0,0,0,0,0,0,0,0,24500,174.11
04/2026,3,SUDESTE,SE,31,MINAS GERAIS,MINAS GERAIS,MG,314210,MIRADOURO,MIRADOURO,3,2025,DOU,8961,5,0,0,0,0,0,0,0,0,0,0,0,17500,195.29
04/2026,3,SUDESTE,SE,31,MINAS GERAIS,MINAS GERAIS,MG,314220,MIRAI,MIRAÍ,3,2025,DOU,13921,5,0,0,0,0,0,0,0,0,0,0,0,17500,125.7
04/2026,3,SUDESTE,SE,31,MINAS GERAIS,MINAS GERAIS,MG,314225,MIRAVANIA,MIRAVÂNIA,5,2025,DOU,3982,2,0,0,0,0,0,0,0,0,0,0,0,7000,175.79
04/2026,3,SUDESTE,SE,31,MINAS GERAIS,MINAS GERAIS,MG,314230,MOEDA,MOEDA,3,2025,DOU,5314,2,0,0,0,0,0,0,0,0,0,0,0,7000,131.72
04/2026,3,SUDESTE,SE,31,MINAS GERAIS,MINAS GERAIS,MG,314240,MOEMA,MOEMA,2,2025,DOU,7812,4,0,0,0,0,0,0,0,0,0,0,0,14000,179.21
04/2026,3,SUDESTE,SE,31,MINAS GERAIS,MINAS GERAIS,MG,314250,MONJOLOS,MONJOLOS,3,2025,DOU,2187,1,0,0,0,0,0,0,0,0,0,0,0,3500,160.03
04/2026,3,SUDESTE,SE,31,MINAS GERAIS,MINAS GERAIS,MG,314260,MONSENHOR PAULO,MONSENHOR PAULO,3,2025,DOU,8565,3,0,0,0,0,0,0,0,0,0,0,0,10500,122.59
04/2026,3,SUDESTE,SE,31,MINAS GERAIS,MINAS GERAIS,MG,314270,MONTALVANIA,MONTALVÂNIA,5,2025,DOU,14068,8,0,0,0,0,0,0,0,0,0,0,0,28000,199.03
04/2026,3,SUDESTE,SE,31,MINAS GERAIS,MINAS GERAIS,MG,314280,MONTE ALEGRE DE MINAS,MONTE ALEGRE DE MINAS,2,2025,DOU,20708,6,0,0,0,0,0,0,0,0,0,0,0,21000,101.41
04/2026,3,SUDESTE,SE,31,MINAS GERAIS,MINAS GERAIS,MG,314290,MONTE AZUL,MONTE AZUL,2,2025,DOU,20497,11,0,0,0,0,0,0,1,75,0,0,75,38575,188.19
04/2026,3,SUDESTE,SE,31,MINAS GERAIS,MINAS GERAIS,MG,314300,MONTE BELO,MONTE BELO,3,2025,DOU,13347,4,1,1,0,0,0,0,0,0,0,0,0,18375,137.67
04/2026,3,SUDESTE,SE,31,MINAS GERAIS,MINAS GERAIS,MG,314310,MONTE CARMELO,MONTE CARMELO,1,2025,DOU,49500,15,0,0,0,0,0,0,1,538,0,0,538,53038,107.14
04/2026,3,SUDESTE,SE,31,MINAS GERAIS,MINAS GERAIS,MG,314315,MONTE FORMOSO,MONTE FORMOSO,3,2025,DOU,4437,2,0,0,0,0,0,0,0,0,0,0,0,7000,157.76
04/2026,3,SUDESTE,SE,31,MINAS GERAIS,MINAS GERAIS,MG,314320,MONTE SANTO DE MINAS,MONTE SANTO DE MINAS,2,2025,DOU,21294,8,0,0,0,0,0,0,1,118,0,0,118,28118,132.04
04/2026,3,SUDESTE,SE,31,MINAS GERAIS,MINAS GERAIS,MG,314340,MONTE SIAO,MONTE SIÃO,2,2025,DOU,25107,9,0,0,0,0,0,0,0,0,0,0,0,31500,125.46
04/2026,3,SUDESTE,SE,31,MINAS GERAIS,MINAS GERAIS,MG,314330,MONTES CLAROS,MONTES CLAROS,1,2025,DOU,437601,170,0,0,0,0,2,802,4,530,1,1015,2347,597347,136.5
04/2026,3,SUDESTE,SE,31,MINAS GERAIS,MINAS GERAIS,MG,314345,MONTEZUMA,MONTEZUMA,3,2025,DOU,6951,4,0,0,0,0,0,0,0,0,0,0,0,14000,201.4
04/2026,3,SUDESTE,SE,31,MINAS GERAIS,MINAS GERAIS,MG,314350,MORADA NOVA DE MINAS,MORADA NOVA DE MINAS,3,2025,DOU,9414,4,0,0,0,0,0,0,0,0,0,0,0,14000,148.71
04/2026,3,SUDESTE,SE,31,MINAS GERAIS,MINAS GERAIS,MG,314360,MORRO DA GARCA,MORRO DA GARÇA,3,2025,DOU,2426,1,0,0,0,0,0,0,0,0,0,0,0,3500,144.27
04/2026,3,SUDESTE,SE,31,MINAS GERAIS,MINAS GERAIS,MG,314370,MORRO DO PILAR,MORRO DO PILAR,3,2025,DOU,3161,2,0,0,0,0,0,0,0,0,0,0,0,7000,221.44
04/2026,3,SUDESTE,SE,31,MINAS GERAIS,MINAS GERAIS,MG,314380,MUNHOZ,MUNHOZ,3,2025,DOU,7930,3,0,0,0,0,0,0,0,0,0,0,0,10500,132.4
04/2026,3,SUDESTE,SE,31,MINAS GERAIS,MINAS GERAIS,MG,314390,MURIAE,MURIAÉ,1,2025,DOU,108447,35,0,0,0,0,1,148,1,477,1,1121,1746,124246,114.56
04/2026,3,SUDESTE,SE,31,MINAS GERAIS,MINAS GERAIS,MG,314400,MUTUM,MUTUM,3,2025,DOU,28749,10,0,0,0,0,0,0,0,0,0,0,0,35000,121.74
04/2026,3,SUDESTE,SE,31,MINAS GERAIS,MINAS GERAIS,MG,314410,MUZAMBINHO,MUZAMBINHO,1,2025,DOU,22620,8,0,0,0,0,0,0,0,0,0,0,0,28000,123.78
04/2026,3,SUDESTE,SE,31,MINAS GERAIS,MINAS GERAIS,MG,314420,NACIP RAYDAN,NACIP RAYDAN,3,2025,DOU,2400,2,0,0,0,0,0,0,0,0,0,0,0,7000,291.66
04/2026,3,SUDESTE,SE,31,MINAS GERAIS,MINAS GERAIS,MG,314430,NANUQUE,NANUQUE,1,2025,DOU,35263,11,0,2,0,0,0,0,1,209,0,0,209,42209,119.69
04/2026,3,SUDESTE,SE,31,MINAS GERAIS,MINAS GERAIS,MG,314435,NAQUE,NAQUE,1,2025,DOU,6443,3,0,0,0,0,0,0,0,0,0,0,0,10500,162.96
04/2026,3,SUDESTE,SE,31,MINAS GERAIS,MINAS GERAIS,MG,314437,NATALANDIA,NATALÂNDIA,3,2025,DOU,3642,2,0,0,0,0,0,0,0,0,0,0,0,7000,192.2
04/2026,3,SUDESTE,SE,31,MINAS GERAIS,MINAS GERAIS,MG,314440,NATERCIA,NATÉRCIA,3,2025,DOU,4805,2,0,0,0,0,0,0,0,0,0,0,0,7000,145.68
04/2026,3,SUDESTE,SE,31,MINAS GERAIS,MINAS GERAIS,MG,314450,NAZARENO,NAZARENO,2,2025,DOU,8407,4,0,0,0,0,0,0,0,0,0,0,0,14000,166.52
04/2026,3,SUDESTE,SE,31,MINAS GERAIS,MINAS GERAIS,MG,314460,NEPOMUCENO,NEPOMUCENO,2,2025,DOU,25757,7,1,0,0,0,0,0,0,0,0,0,0,27125,105.31
04/2026,3,SUDESTE,SE,31,MINAS GERAIS,MINAS GERAIS,MG,314465,NINHEIRA,NINHEIRA,3,2025,DOU,10965,5,0,0,0,0,0,0,0,0,0,0,0,17500,159.59
04/2026,3,SUDESTE,SE,31,MINAS GERAIS,MINAS GERAIS,MG,314467,NOVA BELEM,NOVA BELÉM,3,2025,DOU,3126,2,0,0,0,0,0,0,0,0,0,0,0,7000,223.92
04/2026,3,SUDESTE,SE,31,MINAS GERAIS,MINAS GERAIS,MG,314470,NOVA ERA,NOVA ERA,2,2025,DOU,17813,6,1,0,0,0,0,0,0,0,0,0,0,23625,132.62
04/2026,3,SUDESTE,SE,31,MINAS GERAIS,MINAS GERAIS,MG,314480,NOVA LIMA,NOVA LIMA,1,2025,DOU,120959,30,1,1,0,0,0,0,1,517,0,0,517,109892,90.85
04/2026,3,SUDESTE,SE,31,MINAS GERAIS,MINAS GERAIS,MG,314490,NOVA MODICA,NOVA MÓDICA,3,2025,DOU,3726,2,0,0,0,0,0,0,0,0,0,0,0,7000,187.86
04/2026,3,SUDESTE,SE,31,MINAS GERAIS,MINAS GERAIS,MG,314500,NOVA PONTE,NOVA PONTE,3,2025,DOU,15220,4,1,0,0,0,0,0,0,0,0,0,0,16625,109.23
04/2026,3,SUDESTE,SE,31,MINAS GERAIS,MINAS GERAIS,MG,314505,NOVA PORTEIRINHA,NOVA PORTEIRINHA,1,2025,DOU,6746,4,0,0,0,0,0,0,0,0,0,0,0,14000,207.53
04/2026,3,SUDESTE,SE,31,MINAS GERAIS,MINAS GERAIS,MG,314510,NOVA RESENDE,NOVA RESENDE,3,2025,DOU,16919,6,0,0,0,0,0,0,0,0,0,0,0,21000,124.12
04/2026,3,SUDESTE,SE,31,MINAS GERAIS,MINAS GERAIS,MG,314520,NOVA SERRANA,NOVA SERRANA,1,2025,DOU,114791,28,0,3,0,0,0,0,1,378,0,0,378,103628,90.27
04/2026,3,SUDESTE,SE,31,MINAS GERAIS,MINAS GERAIS,MG,313660,NOVA UNIAO,NOVA UNIÃO,3,2025,DOU,6107,3,0,0,0,0,0,0,0,0,0,0,0,10500,171.93
04/2026,3,SUDESTE,SE,31,MINAS GERAIS,MINAS GERAIS,MG,314530,NOVO CRUZEIRO,NOVO CRUZEIRO,3,2025,DOU,27268,10,0,0,0,0,0,0,1,326,0,0,326,35326,129.55
04/2026,3,SUDESTE,SE,31,MINAS GERAIS,MINAS GERAIS,MG,314535,NOVO ORIENTE DE MINAS,NOVO ORIENTE DE MINAS,3,2025,DOU,10503,4,0,0,0,0,0,0,0,0,0,0,0,14000,133.29
04/2026,3,SUDESTE,SE,31,MINAS GERAIS,MINAS GERAIS,MG,314537,NOVORIZONTE,NOVORIZONTE,5,2025,DOU,4612,3,0,0,0,0,0,0,0,0,0,0,0,10500,227.66
04/2026,3,SUDESTE,SE,31,MINAS GERAIS,MINAS GERAIS,MG,314540,OLARIA,OLARIA,3,2025,DOU,1986,1,0,0,0,0,0,0,0,0,0,0,0,3500,176.23
04/2026,3,SUDESTE,SE,31,MINAS GERAIS,MINAS GERAIS,MG,314545,OLHOS-D'AGUA,OLHOS-D'ÁGUA,3,2025,DOU,5530,3,0,0,0,0,0,0,0,0,0,0,0,10500,189.87
04/2026,3,SUDESTE,SE,31,MINAS GERAIS,MINAS GERAIS,MG,314550,OLIMPIO NORONHA,OLÍMPIO NORONHA,3,2025,DOU,2618,1,0,0,0,0,0,0,0,0,0,0,0,3500,133.68
04/2026,3,SUDESTE,SE,31,MINAS GERAIS,MINAS GERAIS,MG,314560,OLIVEIRA,OLIVEIRA,1,2025,DOU,40576,12,0,0,0,0,0,0,1,354,0,0,354,42354,104.38
04/2026,3,SUDESTE,SE,31,MINAS GERAIS,MINAS GERAIS,MG,314570,OLIVEIRA FORTES,OLIVEIRA FORTES,3,2025,DOU,2058,1,0,0,0,0,0,0,0,0,0,0,0,3500,170.06
04/2026,3,SUDESTE,SE,31,MINAS GERAIS,MINAS GERAIS,MG,314580,ONCA DE PITANGUI,ONÇA DE PITANGUI,3,2025,DOU,3024,1,0,0,0,0,0,0,0,0,0,0,0,3500,115.74
04/2026,3,SUDESTE,SE,31,MINAS GERAIS,MINAS GERAIS,MG,314585,ORATORIOS,ORATÓRIOS,3,2025,DOU,5102,2,0,0,0,0,0,0,0,0,0,0,0,7000,137.2
04/2026,3,SUDESTE,SE,31,MINAS GERAIS,MINAS GERAIS,MG,314587,ORIZANIA,ORIZÂNIA,3,2025,DOU,8828,3,0,0,0,0,0,0,0,0,0,0,0,10500,118.93
04/2026,3,SUDESTE,SE,31,MINAS GERAIS,MINAS GERAIS,MG,314590,OURO BRANCO,OURO BRANCO,1,2025,DOU,40638,16,0,0,0,0,0,0,0,0,0,0,0,56000,137.8
04/2026,3,SUDESTE,SE,31,MINAS GERAIS,MINAS GERAIS,MG,314600,OURO FINO,OURO FINO,2,2025,DOU,33285,7,0,0,0,0,0,0,0,0,0,0,0,24500,73.6
04/2026,3,SUDESTE,SE,31,MINAS GERAIS,MINAS GERAIS,MG,314610,OURO PRETO,OURO PRETO,1,2025,DOU,77914,29,0,0,0,0,0,0,0,0,0,0,0,101500,130.27
04/2026,3,SUDESTE,SE,31,MINAS GERAIS,MINAS GERAIS,MG,314620,OURO VERDE DE MINAS,OURO VERDE DE MINAS,3,2025,DOU,5847,3,0,0,0,0,0,0,0,0,0,0,0,10500,179.57
04/2026,3,SUDESTE,SE,31,MINAS GERAIS,MINAS GERAIS,MG,314625,PADRE CARVALHO,PADRE CARVALHO,3,2025,DOU,5045,3,0,0,0,0,0,0,0,0,0,0,0,10500,208.12
04/2026,3,SUDESTE,SE,31,MINAS GERAIS,MINAS GERAIS,MG,314630,PADRE PARAISO,PADRE PARAÍSO,2,2025,DOU,17463,7,0,0,0,0,0,0,0,0,0,0,0,24500,140.29
04/2026,3,SUDESTE,SE,31,MINAS GERAIS,MINAS GERAIS,MG,314655,PAI PEDRO,PAI PEDRO,3,2025,DOU,5616,3,0,0,0,0,0,0,0,0,0,0,0,10500,186.96
04/2026,3,SUDESTE,SE,31,MINAS GERAIS,MINAS GERAIS,MG,314640,PAINEIRAS,PAINEIRAS,3,2025,DOU,4253,2,0,0,0,0,0,0,0,0,0,0,0,7000,164.58
04/2026,3,SUDESTE,SE,31,MINAS GERAIS,MINAS GERAIS,MG,314650,PAINS,PAINS,3,2025,DOU,8353,3,0,0,0,0,0,0,0,0,0,0,0,10500,125.7
04/2026,3,SUDESTE,SE,31,MINAS GERAIS,MINAS GERAIS,MG,314660,PAIVA,PAIVA,3,2025,DOU,1495,1,0,0,0,0,0,0,0,0,0,0,0,3500,234.11
04/2026,3,SUDESTE,SE,31,MINAS GERAIS,MINAS GERAIS,MG,314670,PALMA,PALMA,3,2025,DOU,5699,3,0,0,0,0,0,0,0,0,0,0,0,10500,184.24
04/2026,3,SUDESTE,SE,31,MINAS GERAIS,MINAS GERAIS,MG,314675,PALMOPOLIS,PALMÓPOLIS,5,2025,DOU,6342,3,0,0,0,0,0,0,0,0,0,0,0,10500,165.56
04/2026,3,SUDESTE,SE,31,MINAS GERAIS,MINAS GERAIS,MG,314690,PAPAGAIOS,PAPAGAIOS,1,2025,DOU,14202,5,0,0,0,0,0,0,0,0,0,0,0,17500,123.22
04/2026,3,SUDESTE,SE,31,MINAS GERAIS,MINAS GERAIS,MG,314710,PARA DE MINAS,PARÁ DE MINAS,1,2025,DOU,102844,30,5,2,0,0,0,0,1,1365,0,0,1365,122990,119.58
04/2026,3,SUDESTE,SE,31,MINAS GERAIS,MINAS GERAIS,MG,314700,PARACATU,PARACATU,1,2025,DOU,99005,25,2,0,0,0,0,0,2,582,0,0,582,93332,94.26
04/2026,3,SUDESTE,SE,31,MINAS GERAIS,MINAS GERAIS,MG,314720,PARAGUACU,PARAGUAÇU,1,2025,DOU,22452,8,0,0,0,0,0,0,0,0,0,0,0,28000,124.71
04/2026,3,SUDESTE,SE,31,MINAS GERAIS,MINAS GERAIS,MG,314730,PARAISOPOLIS,PARAISÓPOLIS,1,2025,DOU,21076,7,0,0,0,0,0,0,0,0,0,0,0,24500,116.24
04/2026,3,SUDESTE,SE,31,MINAS GERAIS,MINAS GERAIS,MG,314740,PARAOPEBA,PARAOPEBA,1,2025,DOU,24899,5,0,2,0,0,0,0,0,0,0,0,0,21000,84.34
04/2026,3,SUDESTE,SE,31,MINAS GERAIS,MINAS GERAIS,MG,314760,PASSA QUATRO,PASSA QUATRO,3,2025,DOU,15847,7,0,0,0,0,0,0,0,0,0,0,0,24500,154.6
04/2026,3,SUDESTE,SE,31,MINAS GERAIS,MINAS GERAIS,MG,314770,PASSA TEMPO,PASSA TEMPO,3,2025,DOU,8716,4,0,0,0,0,0,0,0,0,0,0,0,14000,160.62
04/2026,3,SUDESTE,SE,31,MINAS GERAIS,MINAS GERAIS,MG,314780,PASSA VINTE,PASSA VINTE,3,2025,DOU,2311,1,0,0,0,0,0,0,0,0,0,0,0,3500,151.44
04/2026,3,SUDESTE,SE,31,MINAS GERAIS,MINAS GERAIS,MG,314750,PASSABEM,PASSABÉM,3,2025,DOU,1609,1,0,0,0,0,0,0,0,0,0,0,0,3500,217.52
04/2026,3,SUDESTE,SE,31,MINAS GERAIS,MINAS GERAIS,MG,314790,PASSOS,PASSOS,1,2025,DOU,116951,24,0,0,0,0,1,193,1,612,0,0,805,84805,72.51
04/2026,3,SUDESTE,SE,31,MINAS GERAIS,MINAS GERAIS,MG,314795,PATIS,PATIS,3,2025,DOU,4825,3,0,0,0,0,0,0,0,0,0,0,0,10500,217.61
04/2026,3,SUDESTE,SE,31,MINAS GERAIS,MINAS GERAIS,MG,314800,PATOS DE MINAS,PATOS DE MINAS,1,2025,DOU,169173,43,0,0,0,0,1,297,1,73,0,0,370,150870,89.18
04/2026,3,SUDESTE,SE,31,MINAS GERAIS,MINAS GERAIS,MG,314810,PATROCINIO,PATROCÍNIO,1,2025,DOU,94357,24,0,0,0,0,0,0,0,0,1,188,188,84188,89.22
04/2026,3,SUDESTE,SE,31,MINAS GERAIS,MINAS GERAIS,MG,314820,PATROCINIO DO MURIAE,PATROCÍNIO DO MURIAÉ,3,2025,DOU,5754,3,0,0,0,0,0,0,0,0,0,0,0,10500,182.48
04/2026,3,SUDESTE,SE,31,MINAS GERAIS,MINAS GERAIS,MG,314830,PAULA CANDIDO,PAULA CÂNDIDO,3,2025,DOU,8757,5,0,0,0,0,0,0,0,0,0,0,0,17500,199.84
04/2026,3,SUDESTE,SE,31,MINAS GERAIS,MINAS GERAIS,MG,314840,PAULISTAS,PAULISTAS,3,2025,DOU,4402,2,0,0,0,0,0,0,0,0,0,0,0,7000,159.01
04/2026,3,SUDESTE,SE,31,MINAS GERAIS,MINAS GERAIS,MG,314850,PAVAO,PAVÃO,3,2025,DOU,8143,4,0,0,0,0,0,0,0,0,0,0,0,14000,171.92
04/2026,3,SUDESTE,SE,31,MINAS GERAIS,MINAS GERAIS,MG,314860,PECANHA,PEÇANHA,3,2025,DOU,17863,6,0,1,0,0,0,0,0,0,0,0,0,22750,127.35
04/2026,3,SUDESTE,SE,31,MINAS GERAIS,MINAS GERAIS,MG,314870,PEDRA AZUL,PEDRA AZUL,1,2025,DOU,25045,9,0,0,0,0,0,0,2,73,0,0,73,31573,126.06
04/2026,3,SUDESTE,SE,31,MINAS GERAIS,MINAS GERAIS,MG,314875,PEDRA BONITA,PEDRA BONITA,3,2025,DOU,7599,4,0,0,0,0,0,0,0,0,0,0,0,14000,184.23
04/2026,3,SUDESTE,SE,31,MINAS GERAIS,MINAS GERAIS,MG,314880,PEDRA DO ANTA,PEDRA DO ANTA,3,2025,DOU,3366,2,0,0,0,0,0,0,0,0,0,0,0,7000,207.96
04/2026,3,SUDESTE,SE,31,MINAS GERAIS,MINAS GERAIS,MG,314890,PEDRA DO INDAIA,PEDRA DO INDAIÁ,3,2025,DOU,4247,2,0,0,0,0,0,0,0,0,0,0,0,7000,164.82
04/2026,3,SUDESTE,SE,31,MINAS GERAIS,MINAS GERAIS,MG,314900,PEDRA DOURADA,PEDRA DOURADA,3,2025,DOU,2916,1,0,0,0,0,0,0,0,0,0,0,0,3500,120.02
04/2026,3,SUDESTE,SE,31,MINAS GERAIS,MINAS GERAIS,MG,314910,PEDRALVA,PEDRALVA,3,2025,DOU,10891,6,0,0,0,0,0,0,0,0,0,0,0,21000,192.81
04/2026,3,SUDESTE,SE,31,MINAS GERAIS,MINAS GERAIS,MG,314915,PEDRAS DE MARIA DA CRUZ,PEDRAS DE MARIA DA CRUZ,3,2025,DOU,10601,5,0,0,0,0,0,0,0,0,0,0,0,17500,165.07
04/2026,3,SUDESTE,SE,31,MINAS GERAIS,MINAS GERAIS,MG,314920,PEDRINOPOLIS,PEDRINÓPOLIS,3,2025,DOU,3398,1,0,0,0,0,0,0,0,0,0,0,0,3500,103.0
04/2026,3,SUDESTE,SE,31,MINAS GERAIS,MINAS GERAIS,MG,314930,PEDRO LEOPOLDO,PEDRO LEOPOLDO,1,2025,DOU,65174,16,0,3,0,0,0,0,0,0,0,0,0,61250,93.97
04/2026,3,SUDESTE,SE,31,MINAS GERAIS,MINAS GERAIS,MG,314940,PEDRO TEIXEIRA,PEDRO TEIXEIRA,3,2025,DOU,1857,1,0,0,0,0,0,0,0,0,0,0,0,3500,188.47
04/2026,3,SUDESTE,SE,31,MINAS GERAIS,MINAS GERAIS,MG,314950,PEQUERI,PEQUERI,3,2025,DOU,3461,1,2,0,0,0,0,0,0,0,0,0,0,8750,252.81
04/2026,3,SUDESTE,SE,31,MINAS GERAIS,MINAS GERAIS,MG,314960,PEQUI,PEQUI,3,2025,DOU,4265,2,0,0,0,0,0,0,0,0,0,0,0,7000,164.12
04/2026,3,SUDESTE,SE,31,MINAS GERAIS,MINAS GERAIS,MG,314970,PERDIGAO,PERDIGÃO,3,2025,DOU,13118,6,0,0,0,0,0,0,0,0,0,0,0,21000,160.08
04/2026,3,SUDESTE,SE,31,MINAS GERAIS,MINAS GERAIS,MG,314980,PERDIZES,PERDIZES,3,2025,DOU,17992,6,0,0,0,0,0,0,1,90,0,0,90,21090,117.21
04/2026,3,SUDESTE,SE,31,MINAS GERAIS,MINAS GERAIS,MG,314990,PERDOES,PERDÕES,1,2025,DOU,22075,9,0,0,0,0,0,0,0,0,0,0,0,31500,142.69
04/2026,3,SUDESTE,SE,31,MINAS GERAIS,MINAS GERAIS,MG,314995,PERIQUITO,PERIQUITO,3,2025,DOU,6624,3,0,0,0,0,0,0,0,0,0,0,0,10500,158.51
04/2026,3,SUDESTE,SE,31,MINAS GERAIS,MINAS GERAIS,MG,315000,PESCADOR,PESCADOR,2,2025,DOU,3559,2,0,0,0,0,0,0,0,0,0,0,0,7000,196.68
04/2026,3,SUDESTE,SE,31,MINAS GERAIS,MINAS GERAIS,MG,315010,PIAU,PIAU,3,2025,DOU,2854,1,0,0,0,0,0,0,0,0,0,0,0,3500,122.63
04/2026,3,SUDESTE,SE,31,MINAS GERAIS,MINAS GERAIS,MG,315015,PIEDADE DE CARATINGA,PIEDADE DE CARATINGA,3,2025,DOU,8966,4,0,0,0,0,0,0,0,0,0,0,0,14000,156.14
04/2026,3,SUDESTE,SE,31,MINAS GERAIS,MINAS GERAIS,MG,315020,PIEDADE DE PONTE NOVA,PIEDADE DE PONTE NOVA,2,2025,DOU,4054,2,0,0,0,0,0,0,0,0,0,0,0,7000,172.66
04/2026,3,SUDESTE,SE,31,MINAS GERAIS,MINAS GERAIS,MG,315030,PIEDADE DO RIO GRANDE,PIEDADE DO RIO GRANDE,3,2025,DOU,4694,2,0,0,0,0,0,0,0,0,0,0,0,7000,149.12
04/2026,3,SUDESTE,SE,31,MINAS GERAIS,MINAS GERAIS,MG,315040,PIEDADE DOS GERAIS,PIEDADE DOS GERAIS,3,2025,DOU,5199,3,0,0,0,0,0,0,0,0,0,0,0,10500,201.96
04/2026,3,SUDESTE,SE,31,MINAS GERAIS,MINAS GERAIS,MG,315050,PIMENTA,PIMENTA,3,2025,DOU,8817,3,0,0,0,0,0,0,0,0,0,0,0,10500,119.08
04/2026,3,SUDESTE,SE,31,MINAS GERAIS,MINAS GERAIS,MG,315053,PINGO-D'AGUA,PINGO-D'ÁGUA,2,2025,DOU,4864,3,0,0,0,0,0,0,0,0,0,0,0,10500,215.87
04/2026,3,SUDESTE,SE,31,MINAS GERAIS,MINAS GERAIS,MG,315057,PINTOPOLIS,PINTÓPOLIS,3,2025,DOU,7228,4,0,0,0,0,0,0,0,0,0,0,0,14000,193.69
04/2026,3,SUDESTE,SE,31,MINAS GERAIS,MINAS GERAIS,MG,315060,PIRACEMA,PIRACEMA,3,2025,DOU,6905,3,0,0,0,0,0,0,0,0,0,0,0,10500,152.06
04/2026,3,SUDESTE,SE,31,MINAS GERAIS,MINAS GERAIS,MG,315070,PIRAJUBA,PIRAJUBA,2,2025,DOU,5814,2,1,0,0,0,0,0,0,0,0,0,0,9625,165.54
04/2026,3,SUDESTE,SE,31,MINAS GERAIS,MINAS GERAIS,MG,315080,PIRANGA,PIRANGA,3,2025,DOU,17358,8,0,0,0,0,0,0,0,0,0,0,0,28000,161.3
04/2026,3,SUDESTE,SE,31,MINAS GERAIS,MINAS GERAIS,MG,315090,PIRANGUCU,PIRANGUÇU,1,2025,DOU,6320,2,0,0,0,0,0,0,0,0,0,0,0,7000,110.75
04/2026,3,SUDESTE,SE,31,MINAS GERAIS,MINAS GERAIS,MG,315100,PIRANGUINHO,PIRANGUINHO,1,2025,DOU,9518,4,0,0,0,0,0,0,0,0,0,0,0,14000,147.08
04/2026,3,SUDESTE,SE,31,MINAS GERAIS,MINAS GERAIS,MG,315110,PIRAPETINGA,PIRAPETINGA,2,2025,DOU,11454,4,0,0,0,0,0,0,0,0,0,0,0,14000,122.22
04/2026,3,SUDESTE,SE,31,MINAS GERAIS,MINAS GERAIS,MG,315120,PIRAPORA,PIRAPORA,1,2025,DOU,57713,19,0,0,0,0,0,0,2,214,0,0,214,66714,115.59
04/2026,3,SUDESTE,SE,31,MINAS GERAIS,MINAS GERAIS,MG,315130,PIRAUBA,PIRAÚBA,2,2025,DOU,12006,5,0,0,0,0,0,0,0,0,0,0,0,17500,145.76
04/2026,3,SUDESTE,SE,31,MINAS GERAIS,MINAS GERAIS,MG,315140,PITANGUI,PITANGUI,1,2025,DOU,27834,8,0,2,0,0,0,0,0,0,0,0,0,31500,113.17
04/2026,3,SUDESTE,SE,31,MINAS GERAIS,MINAS GERAIS,MG,315150,PIUMHI,PIUMHI,1,2025,DOU,38007,14,0,1,0,0,0,0,1,156,0,0,156,50906,133.93
04/2026,3,SUDESTE,SE,31,MINAS GERAIS,MINAS GERAIS,MG,315160,PLANURA,PLANURA,1,2025,DOU,11533,3,0,0,0,0,0,0,0,0,0,0,0,10500,91.04
04/2026,3,SUDESTE,SE,31,MINAS GERAIS,MINAS GERAIS,MG,315170,POCO FUNDO,POÇO FUNDO,3,2025,DOU,16824,6,0,1,0,0,0,0,0,0,0,0,0,22750,135.22
04/2026,3,SUDESTE,SE,31,MINAS GERAIS,MINAS GERAIS,MG,315180,POCOS DE CALDAS,POÇOS DE CALDAS,1,2025,DOU,172339,37,4,0,0,0,1,221,1,490,0,0,711,140711,81.64
04/2026,3,SUDESTE,SE,31,MINAS GERAIS,MINAS GERAIS,MG,315190,POCRANE,POCRANE,3,2025,DOU,8438,4,0,0,0,0,0,0,0,0,0,0,0,14000,165.91
04/2026,3,SUDESTE,SE,31,MINAS GERAIS,MINAS GERAIS,MG,315200,POMPEU,POMPÉU,1,2025,DOU,32441,9,0,0,0,0,0,0,0,0,0,0,0,31500,97.09
04/2026,3,SUDESTE,SE,31,MINAS GERAIS,MINAS GERAIS,MG,315210,PONTE NOVA,PONTE NOVA,1,2025,DOU,59638,20,1,0,0,0,0,0,0,0,0,0,0,72625,121.77
04/2026,3,SUDESTE,SE,31,MINAS GERAIS,MINAS GERAIS,MG,315213,PONTO CHIQUE,PONTO CHIQUE,3,2025,DOU,3797,2,0,0,0,0,0,0,0,0,0,0,0,7000,184.35
04/2026,3,SUDESTE,SE,31,MINAS GERAIS,MINAS GERAIS,MG,315217,PONTO DOS VOLANTES,PONTO DOS VOLANTES,3,2025,DOU,11059,6,0,0,0,0,0,0,0,0,0,0,0,21000,189.89
04/2026,3,SUDESTE,SE,31,MINAS GERAIS,MINAS GERAIS,MG,315220,PORTEIRINHA,PORTEIRINHA,3,2025,DOU,38692,18,0,0,0,0,0,0,1,182,0,0,182,63182,163.29
04/2026,3,SUDESTE,SE,31,MINAS GERAIS,MINAS GERAIS,MG,315230,PORTO FIRME,PORTO FIRME,3,2025,DOU,10840,6,0,0,0,0,0,0,0,0,0,0,0,21000,193.72
04/2026,3,SUDESTE,SE,31,MINAS GERAIS,MINAS GERAIS,MG,315240,POTE,POTÉ,3,2025,DOU,13649,6,0,0,0,0,0,0,0,0,0,0,0,21000,153.85
04/2026,3,SUDESTE,SE,31,MINAS GERAIS,MINAS GERAIS,MG,315250,POUSO ALEGRE,POUSO ALEGRE,1,2025,DOU,162133,32,0,7,0,0,1,279,0,0,0,0,279,124529,76.8
04/2026,3,SUDESTE,SE,31,MINAS GERAIS,MINAS GERAIS,MG,315260,POUSO ALTO,POUSO ALTO,3,2025,DOU,6779,2,0,0,0,0,0,0,0,0,0,0,0,7000,103.26
04/2026,3,SUDESTE,SE,31,MINAS GERAIS,MINAS GERAIS,MG,315270,PRADOS,PRADOS,3,2025,DOU,9369,5,0,0,0,0,0,0,0,0,0,0,0,17500,186.78
04/2026,3,SUDESTE,SE,31,MINAS GERAIS,MINAS GERAIS,MG,315280,PRATA,PRATA,2,2025,DOU,29745,9,0,0,0,0,0,0,0,0,0,0,0,31500,105.9
04/2026,3,SUDESTE,SE,31,MINAS GERAIS,MINAS GERAIS,MG,315290,PRATAPOLIS,PRATÁPOLIS,2,2025,DOU,8534,4,0,0,0,0,0,0,0,0,0,0,0,14000,164.04
04/2026,3,SUDESTE,SE,31,MINAS GERAIS,MINAS GERAIS,MG,315300,PRATINHA,PRATINHA,3,2025,DOU,3691,1,1,0,0,0,0,0,0,0,0,0,0,6125,165.94
04/2026,3,SUDESTE,SE,31,MINAS GERAIS,MINAS GERAIS,MG,315310,PRESIDENTE BERNARDES,PRESIDENTE BERNARDES,3,2025,DOU,4847,3,0,0,0,0,0,0,0,0,0,0,0,10500,216.62
04/2026,3,SUDESTE,SE,31,MINAS GERAIS,MINAS GERAIS,MG,315320,PRESIDENTE JUSCELINO,PRESIDENTE JUSCELINO,3,2025,DOU,3471,2,0,0,0,0,0,0,0,0,0,0,0,7000,201.67
04/2026,3,SUDESTE,SE,31,MINAS GERAIS,MINAS GERAIS,MG,315330,PRESIDENTE KUBITSCHEK,PRESIDENTE KUBITSCHEK,3,2025,DOU,3162,2,0,0,0,0,0,0,0,0,0,0,0,7000,221.37
04/2026,3,SUDESTE,SE,31,MINAS GERAIS,MINAS GERAIS,MG,315340,PRESIDENTE OLEGARIO,PRESIDENTE OLEGÁRIO,2,2025,DOU,19192,7,0,0,0,0,0,0,0,0,0,0,0,24500,127.65
04/2026,3,SUDESTE,SE,31,MINAS GERAIS,MINAS GERAIS,MG,315360,PRUDENTE DE MORAIS,PRUDENTE DE MORAIS,1,2025,DOU,12052,4,0,0,0,0,0,0,0,0,0,0,0,14000,116.16
04/2026,3,SUDESTE,SE,31,MINAS GERAIS,MINAS GERAIS,MG,315370,QUARTEL GERAL,QUARTEL GERAL,3,2025,DOU,3232,1,0,0,0,0,0,0,0,0,0,0,0,3500,108.29
04/2026,3,SUDESTE,SE,31,MINAS GERAIS,MINAS GERAIS,MG,315380,QUELUZITO,QUELUZITO,1,2025,DOU,1796,1,0,0,0,0,0,0,0,0,0,0,0,3500,194.87
04/2026,3,SUDESTE,SE,31,MINAS GERAIS,MINAS GERAIS,MG,315390,RAPOSOS,RAPOSOS,1,2025,DOU,16796,4,0,0,0,0,0,0,0,0,0,0,0,14000,83.35
04/2026,3,SUDESTE,SE,31,MINAS GERAIS,MINAS GERAIS,MG,315400,RAUL SOARES,RAUL SOARES,3,2025,DOU,23874,9,0,0,0,0,0,0,0,0,0,0,0,31500,131.94
04/2026,3,SUDESTE,SE,31,MINAS GERAIS,MINAS GERAIS,MG,315410,RECREIO,RECREIO,3,2025,DOU,11383,4,0,0,0,0,0,0,0,0,0,0,0,14000,122.99
04/2026,3,SUDESTE,SE,31,MINAS GERAIS,MINAS GERAIS,MG,315415,REDUTO,REDUTO,3,2025,DOU,8246,4,0,0,0,0,0,0,0,0,0,0,0,14000,169.77
04/2026,3,SUDESTE,SE,31,MINAS GERAIS,MINAS GERAIS,MG,315420,RESENDE COSTA,RESENDE COSTA,2,2025,DOU,11544,4,0,0,0,0,0,0,0,0,0,0,0,14000,121.27
04/2026,3,SUDESTE,SE,31,MINAS GERAIS,MINAS GERAIS,MG,315430,RESPLENDOR,RESPLENDOR,2,2025,DOU,17629,5,0,0,0,0,0,0,0,0,0,0,0,17500,99.26
04/2026,3,SUDESTE,SE,31,MINAS GERAIS,MINAS GERAIS,MG,315440,RESSAQUINHA,RESSAQUINHA,3,2025,DOU,4640,2,0,0,0,0,0,0,0,0,0,0,0,7000,150.86
04/2026,3,SUDESTE,SE,31,MINAS GERAIS,MINAS GERAIS,MG,315445,RIACHINHO,RIACHINHO,3,2025,DOU,6830,4,0,0,0,0,0,0,0,0,0,0,0,14000,204.97
04/2026,3,SUDESTE,SE,31,MINAS GERAIS,MINAS GERAIS,MG,315450,RIACHO DOS MACHADOS,RIACHO DOS MACHADOS,3,2025,DOU,8858,5,0,0,0,0,0,0,0,0,0,0,0,17500,197.56
04/2026,3,SUDESTE,SE,31,MINAS GERAIS,MINAS GERAIS,MG,315460,RIBEIRAO DAS NEVES,RIBEIRÃO DAS NEVES,1,2025,DOU,346971,56,0,0,0,0,0,0,4,0,6,1512,1512,197512,56.92
04/2026,3,SUDESTE,SE,31,MINAS GERAIS,MINAS GERAIS,MG,315470,RIBEIRAO VERMELHO,RIBEIRÃO VERMELHO,1,2025,DOU,4217,2,0,0,0,0,0,0,0,0,0,0,0,7000,165.99
04/2026,3,SUDESTE,SE,31,MINAS GERAIS,MINAS GERAIS,MG,315480,RIO ACIMA,RIO ACIMA,1,2025,DOU,10698,3,0,0,0,0,0,0,0,0,0,0,0,10500,98.14
04/2026,3,SUDESTE,SE,31,MINAS GERAIS,MINAS GERAIS,MG,315490,RIO CASCA,RIO CASCA,3,2025,DOU,12851,7,0,0,0,0,0,0,0,0,0,0,0,24500,190.64
04/2026,3,SUDESTE,SE,31,MINAS GERAIS,MINAS GERAIS,MG,315510,RIO DO PRADO,RIO DO PRADO,5,2025,DOU,4649,3,0,0,0,0,0,0,0,0,0,0,0,10500,225.85
04/2026,3,SUDESTE,SE,31,MINAS GERAIS,MINAS GERAIS,MG,315500,RIO DOCE,RIO DOCE,3,2025,DOU,2545,1,0,0,0,0,0,0,0,0,0,0,0,3500,137.52
04/2026,3,SUDESTE,SE,31,MINAS GERAIS,MINAS GERAIS,MG,315520,RIO ESPERA,RIO ESPERA,3,2025,DOU,5447,3,0,0,0,0,0,0,0,0,0,0,0,10500,192.76
04/2026,3,SUDESTE,SE,31,MINAS GERAIS,MINAS GERAIS,MG,315530,RIO MANSO,RIO MANSO,3,2025,DOU,5746,3,0,0,0,0,0,0,0,0,0,0,0,10500,182.73
04/2026,3,SUDESTE,SE,31,MINAS GERAIS,MINAS GERAIS,MG,315540,RIO NOVO,RIO NOVO,2,2025,DOU,8683,3,0,0,0,0,0,0,0,0,0,0,0,10500,120.92
04/2026,3,SUDESTE,SE,31,MINAS GERAIS,MINAS GERAIS,MG,315550,RIO PARANAIBA,RIO PARANAÍBA,3,2025,DOU,15297,5,0,0,0,0,0,0,0,0,0,0,0,17500,114.4
04/2026,3,SUDESTE,SE,31,MINAS GERAIS,MINAS GERAIS,MG,315560,RIO PARDO DE MINAS,RIO PARDO DE MINAS,5,2025,DOU,29103,13,0,0,0,0,0,0,0,0,0,0,0,45500,156.34
04/2026,3,SUDESTE,SE,31,MINAS GERAIS,MINAS GERAIS,MG,315570,RIO PIRACICABA,RIO PIRACICABA,3,2025,DOU,15036,6,0,0,0,0,0,0,0,0,0,0,0,21000,139.66
04/2026,3,SUDESTE,SE,31,MINAS GERAIS,MINAS GERAIS,MG,315580,RIO POMBA,RIO POMBA,1,2025,DOU,17885,6,0,0,0,0,0,0,0,0,0,0,0,21000,117.41
04/2026,3,SUDESTE,SE,31,MINAS GERAIS,MINAS GERAIS,MG,315590,RIO PRETO,RIO PRETO,3,2025,DOU,5235,3,0,0,0,0,0,0,0,0,0,0,0,10500,200.57
04/2026,3,SUDESTE,SE,31,MINAS GERAIS,MINAS GERAIS,MG,315600,RIO VERMELHO,RIO VERMELHO,3,2025,DOU,12770,6,0,0,0,0,0,0,0,0,0,0,0,21000,164.44
04/2026,3,SUDESTE,SE,31,MINAS GERAIS,MINAS GERAIS,MG,315610,RITAPOLIS,RITÁPOLIS,3,2025,DOU,5122,2,0,0,0,0,0,0,0,0,0,0,0,7000,136.66
04/2026,3,SUDESTE,SE,31,MINAS GERAIS,MINAS GERAIS,MG,315620,ROCHEDO DE MINAS,ROCHEDO DE MINAS,3,2025,DOU,2374,1,0,0,0,0,0,0,0,0,0,0,0,3500,147.43
04/2026,3,SUDESTE,SE,31,MINAS GERAIS,MINAS GERAIS,MG,315630,RODEIRO,RODEIRO,1,2025,DOU,9168,3,0,0,0,0,0,0,0,0,0,0,0,10500,114.52
04/2026,3,SUDESTE,SE,31,MINAS GERAIS,MINAS GERAIS,MG,315640,ROMARIA,ROMARIA,3,2025,DOU,3430,1,0,0,0,0,0,0,0,0,0,0,0,3500,102.04
04/2026,3,SUDESTE,SE,31,MINAS GERAIS,MINAS GERAIS,MG,315645,ROSARIO DA LIMEIRA,ROSÁRIO DA LIMEIRA,3,2025,DOU,4926,2,0,0,0,0,0,0,0,0,0,0,0,7000,142.1
04/2026,3,SUDESTE,SE,31,MINAS GERAIS,MINAS GERAIS,MG,315650,RUBELITA,RUBELITA,5,2025,DOU,5460,4,0,0,0,0,0,0,0,0,0,0,0,14000,256.41
04/2026,3,SUDESTE,SE,31,MINAS GERAIS,MINAS GERAIS,MG,315660,RUBIM,RUBIM,5,2025,DOU,10602,4,0,0,0,0,0,0,0,0,0,0,0,14000,132.05
04/2026,3,SUDESTE,SE,31,MINAS GERAIS,MINAS GERAIS,MG,315670,SABARA,SABARÁ,1,2025,DOU,134576,34,1,2,0,0,0,0,0,0,0,0,0,125125,92.97
04/2026,3,SUDESTE,SE,31,MINAS GERAIS,MINAS GERAIS,MG,315680,SABINOPOLIS,SABINÓPOLIS,3,2025,DOU,14309,6,0,0,0,0,0,0,0,0,0,0,0,21000,146.76
04/2026,3,SUDESTE,SE,31,MINAS GERAIS,MINAS GERAIS,MG,315690,SACRAMENTO,SACRAMENTO,1,2025,DOU,28076,10,2,0,0,0,0,0,1,360,0,0,360,40610,144.64
04/2026,3,SUDESTE,SE,31,MINAS GERAIS,MINAS GERAIS,MG,315700,SALINAS,SALINAS,1,2025,DOU,41736,17,0,0,0,0,0,0,1,217,0,0,217,59717,143.08
04/2026,3,SUDESTE,SE,31,MINAS GERAIS,MINAS GERAIS,MG,315710,SALTO DA DIVISA,SALTO DA DIVISA,2,2025,DOU,6126,3,0,0,0,0,0,0,0,0,0,0,0,10500,171.4
04/2026,3,SUDESTE,SE,31,MINAS GERAIS,MINAS GERAIS,MG,315720,SANTA BARBARA,SANTA BÁRBARA,1,2025,DOU,31916,11,0,0,0,0,0,0,0,0,0,0,0,38500,120.62
04/2026,3,SUDESTE,SE,31,MINAS GERAIS,MINAS GERAIS,MG,315725,SANTA BARBARA DO LESTE,SANTA BÁRBARA DO LESTE,3,2025,DOU,8785,4,0,0,0,0,0,0,0,0,0,0,0,14000,159.36
04/2026,3,SUDESTE,SE,31,MINAS GERAIS,MINAS GERAIS,MG,315727,SANTA BARBARA DO MONTE VERDE,SANTA BÁRBARA DO MONTE VERDE,3,2025,DOU,3218,1,0,0,0,0,0,0,0,0,0,0,0,3500,108.76
04/2026,3,SUDESTE,SE,31,MINAS GERAIS,MINAS GERAIS,MG,315730,SANTA BARBARA DO TUGURIO,SANTA BÁRBARA DO TUGÚRIO,3,2025,DOU,4245,2,0,0,0,0,0,0,0,0,0,0,0,7000,164.89
04/2026,3,SUDESTE,SE,31,MINAS GERAIS,MINAS GERAIS,MG,315733,SANTA CRUZ DE MINAS,SANTA CRUZ DE MINAS,1,2025,DOU,8339,3,0,0,0,0,0,0,0,0,0,0,0,10500,125.91
04/2026,3,SUDESTE,SE,31,MINAS GERAIS,MINAS GERAIS,MG,315737,SANTA CRUZ DE SALINAS,SANTA CRUZ DE SALINAS,3,2025,DOU,3919,2,0,0,0,0,0,0,0,0,0,0,0,7000,178.61
04/2026,3,SUDESTE,SE,31,MINAS GERAIS,MINAS GERAIS,MG,315740,SANTA CRUZ DO ESCALVADO,SANTA CRUZ DO ESCALVADO,3,2025,DOU,4728,2,0,0,0,0,0,0,0,0,0,0,0,7000,148.05
04/2026,3,SUDESTE,SE,31,MINAS GERAIS,MINAS GERAIS,MG,315750,SANTA EFIGENIA DE MINAS,SANTA EFIGÊNIA DE MINAS,3,2025,DOU,4038,2,0,0,0,0,0,0,0,0,0,0,0,7000,173.35
04/2026,3,SUDESTE,SE,31,MINAS GERAIS,MINAS GERAIS,MG,315760,SANTA FE DE MINAS,SANTA FÉ DE MINAS,3,2025,DOU,3528,2,0,0,0,0,0,0,0,0,0,0,0,7000,198.41
04/2026,3,SUDESTE,SE,31,MINAS GERAIS,MINAS GERAIS,MG,315765,SANTA HELENA DE MINAS,SANTA HELENA DE MINAS,3,2025,DOU,6056,3,0,0,0,0,0,0,0,0,0,0,0,10500,173.38
04/2026,3,SUDESTE,SE,31,MINAS GERAIS,MINAS GERAIS,MG,315770,SANTA JULIANA,SANTA JULIANA,2,2025,DOU,16820,3,0,0,0,0,0,0,0,0,0,0,0,10500,62.42
04/2026,3,SUDESTE,SE,31,MINAS GERAIS,MINAS GERAIS,MG,315780,SANTA LUZIA,SANTA LUZIA,1,2025,DOU,230382,57,0,0,0,0,0,0,1,33,0,0,33,199533,86.6
04/2026,3,SUDESTE,SE,31,MINAS GERAIS,MINAS GERAIS,MG,315790,SANTA MARGARIDA,SANTA MARGARIDA,3,2025,DOU,16989,6,0,0,0,0,0,0,0,0,0,0,0,21000,123.6
04/2026,3,SUDESTE,SE,31,MINAS GERAIS,MINAS GERAIS,MG,315800,SANTA MARIA DE ITABIRA,SANTA MARIA DE ITABIRA,3,2025,DOU,10718,4,0,0,0,0,0,0,0,0,0,0,0,14000,130.62
04/2026,3,SUDESTE,SE,31,MINAS GERAIS,MINAS GERAIS,MG,315810,SANTA MARIA DO SALTO,SANTA MARIA DO SALTO,3,2025,DOU,4777,2,0,0,0,0,0,0,0,0,0,0,0,7000,146.53
04/2026,3,SUDESTE,SE,31,MINAS GERAIS,MINAS GERAIS,MG,315820,SANTA MARIA DO SUACUI,SANTA MARIA DO SUAÇUÍ,3,2025,DOU,12817,7,0,0,0,0,0,0,1,127,0,0,127,24627,192.14
04/2026,3,SUDESTE,SE,31,MINAS GERAIS,MINAS GERAIS,MG,315920,SANTA RITA DE CALDAS,SANTA RITA DE CALDAS,3,2025,DOU,8561,4,0,0,0,0,0,0,0,0,0,0,0,14000,163.53
04/2026,3,SUDESTE,SE,31,MINAS GERAIS,MINAS GERAIS,MG,315940,SANTA RITA DE IBITIPOCA,SANTA RITA DE IBITIPOCA,3,2025,DOU,3331,2,0,0,0,0,0,0,0,0,0,0,0,7000,210.14
04/2026,3,SUDESTE,SE,31,MINAS GERAIS,MINAS GERAIS,MG,315930,SANTA RITA DE JACUTINGA,SANTA RITA DE JACUTINGA,3,2025,DOU,4826,2,0,0,0,0,0,0,0,0,0,0,0,7000,145.04
04/2026,3,SUDESTE,SE,31,MINAS GERAIS,MINAS GERAIS,MG,315935,SANTA RITA DE MINAS,SANTA RITA DE MINAS,2,2025,DOU,6969,3,0,0,0,0,0,0,0,0,0,0,0,10500,150.66
04/2026,3,SUDESTE,SE,31,MINAS GERAIS,MINAS GERAIS,MG,315950,SANTA RITA DO ITUETO,SANTA RITA DO ITUETO,3,2025,DOU,5984,3,0,0,0,0,0,0,0,0,0,0,0,10500,175.46
04/2026,3,SUDESTE,SE,31,MINAS GERAIS,MINAS GERAIS,MG,315960,SANTA RITA DO SAPUCAI,SANTA RITA DO SAPUCAÍ,1,2025,DOU,42517,12,0,1,0,0,0,0,0,0,0,0,0,43750,102.9
04/2026,3,SUDESTE,SE,31,MINAS GERAIS,MINAS GERAIS,MG,315970,SANTA ROSA DA SERRA,SANTA ROSA DA SERRA,3,2025,DOU,3487,1,0,0,0,0,0,0,0,0,0,0,0,3500,100.37
04/2026,3,SUDESTE,SE,31,MINAS GERAIS,MINAS GERAIS,MG,315980,SANTA VITORIA,SANTA VITÓRIA,2,2025,DOU,21914,7,0,0,0,0,0,0,0,0,0,0,0,24500,111.8
04/2026,3,SUDESTE,SE,31,MINAS GERAIS,MINAS GERAIS,MG,315830,SANTANA DA VARGEM,SANTANA DA VARGEM,3,2025,DOU,6756,3,0,0,0,0,0,0,0,0,0,0,0,10500,155.41
04/2026,3,SUDESTE,SE,31,MINAS GERAIS,MINAS GERAIS,MG,315840,SANTANA DE CATAGUASES,SANTANA DE CATAGUASES,3,2025,DOU,3548,2,0,0,0,0,0,0,0,0,0,0,0,7000,197.29
04/2026,3,SUDESTE,SE,31,MINAS GERAIS,MINAS GERAIS,MG,315850,SANTANA DE PIRAPAMA,SANTANA DE PIRAPAMA,3,2025,DOU,7030,4,0,0,0,0,0,0,0,0,0,0,0,14000,199.14
04/2026,3,SUDESTE,SE,31,MINAS GERAIS,MINAS GERAIS,MG,315860,SANTANA DO DESERTO,SANTANA DO DESERTO,1,2025,DOU,3815,2,0,0,0,0,0,0,0,0,0,0,0,7000,183.48
04/2026,3,SUDESTE,SE,31,MINAS GERAIS,MINAS GERAIS,MG,315870,SANTANA DO GARAMBEU,SANTANA DO GARAMBÉU,3,2025,DOU,2171,1,0,0,0,0,0,0,0,0,0,0,0,3500,161.21
04/2026,3,SUDESTE,SE,31,MINAS GERAIS,MINAS GERAIS,MG,315880,SANTANA DO JACARE,SANTANA DO JACARÉ,2,2025,DOU,4246,2,0,0,0,0,0,0,0,0,0,0,0,7000,164.86
04/2026,3,SUDESTE,SE,31,MINAS GERAIS,MINAS GERAIS,MG,315890,SANTANA DO MANHUACU,SANTANA DO MANHUAÇU,3,2025,DOU,9264,3,0,0,0,0,0,0,0,0,0,0,0,10500,113.34
04/2026,3,SUDESTE,SE,31,MINAS GERAIS,MINAS GERAIS,MG,315895,SANTANA DO PARAISO,SANTANA DO PARAÍSO,1,2025,DOU,49025,11,0,0,0,0,0,0,0,0,0,0,0,38500,78.53
04/2026,3,SUDESTE,SE,31,MINAS GERAIS,MINAS GERAIS,MG,315900,SANTANA DO RIACHO,SANTANA DO RIACHO,3,2025,DOU,5654,2,0,0,0,0,0,0,0,0,0,0,0,7000,123.8
04/2026,3,SUDESTE,SE,31,MINAS GERAIS,MINAS GERAIS,MG,315910,SANTANA DOS MONTES,SANTANA DOS MONTES,3,2025,DOU,3490,2,0,0,0,0,0,0,0,0,0,0,0,7000,200.57
04/2026,3,SUDESTE,SE,31,MINAS GERAIS,MINAS GERAIS,MG,315990,SANTO ANTONIO DO AMPARO,SANTO ANTÔNIO DO AMPARO,1,2025,DOU,17657,6,0,0,0,0,0,0,0,0,0,0,0,21000,118.93
04/2026,3,SUDESTE,SE,31,MINAS GERAIS,MINAS GERAIS,MG,316000,SANTO ANTONIO DO AVENTUREIRO,SANTO ANTÔNIO DO AVENTUREIRO,3,2025,DOU,3896,2,0,0,0,0,0,0,0,0,0,0,0,7000,179.67
04/2026,3,SUDESTE,SE,31,MINAS GERAIS,MINAS GERAIS,MG,316010,SANTO ANTONIO DO GRAMA,SANTO ANTÔNIO DO GRAMA,2,2025,DOU,4352,2,0,0,0,0,0,0,0,0,0,0,0,7000,160.84
04/2026,3,SUDESTE,SE,31,MINAS GERAIS,MINAS GERAIS,MG,316020,SANTO ANTONIO DO ITAMBE,SANTO ANTÔNIO DO ITAMBÉ,3,2025,DOU,3969,2,0,0,0,0,0,0,0,0,0,0,0,7000,176.36
04/2026,3,SUDESTE,SE,31,MINAS GERAIS,MINAS GERAIS,MG,316030,SANTO ANTONIO DO JACINTO,SANTO ANTÔNIO DO JACINTO,3,2025,DOU,10324,5,1,1,0,0,0,0,0,0,0,0,0,21875,211.88
04/2026,3,SUDESTE,SE,31,MINAS GERAIS,MINAS GERAIS,MG,316040,SANTO ANTONIO DO MONTE,SANTO ANTÔNIO DO MONTE,1,2025,DOU,28456,12,0,0,0,0,0,0,0,0,0,0,0,42000,147.59
04/2026,3,SUDESTE,SE,31,MINAS GERAIS,MINAS GERAIS,MG,316045,SANTO ANTONIO DO RETIRO,SANTO ANTÔNIO DO RETIRO,3,2025,DOU,6729,4,0,0,0,0,0,0,0,0,0,0,0,14000,208.05
04/2026,3,SUDESTE,SE,31,MINAS GERAIS,MINAS GERAIS,MG,316050,SANTO ANTONIO DO RIO ABAIXO,SANTO ANTÔNIO DO RIO ABAIXO,3,2025,DOU,1856,1,0,0,0,0,0,0,0,0,0,0,0,3500,188.57
04/2026,3,SUDESTE,SE,31,MINAS GERAIS,MINAS GERAIS,MG,316060,SANTO HIPOLITO,SANTO HIPÓLITO,3,2025,DOU,2692,2,0,0,0,0,0,0,0,0,0,0,0,7000,260.02
04/2026,3,SUDESTE,SE,31,MINAS GERAIS,MINAS GERAIS,MG,316070,SANTOS DUMONT,SANTOS DUMONT,1,2025,DOU,43218,13,1,0,0,0,0,0,0,0,0,0,0,48125,111.35
04/2026,3,SUDESTE,SE,31,MINAS GERAIS,MINAS GERAIS,MG,316080,SAO BENTO ABADE,SÃO BENTO ABADE,2,2025,DOU,4846,3,0,0,0,0,0,0,0,0,0,0,0,10500,216.67
04/2026,3,SUDESTE,SE,31,MINAS GERAIS,MINAS GERAIS,MG,316090,SAO BRAS DO SUACUI,SÃO BRÁS DO SUAÇUÍ,1,2025,DOU,4161,2,0,0,0,0,0,0,0,0,0,0,0,7000,168.22
04/2026,3,SUDESTE,SE,31,MINAS GERAIS,MINAS GERAIS,MG,316095,SAO DOMINGOS DAS DORES,SÃO DOMINGOS DAS DORES,3,2025,DOU,5793,2,1,0,0,0,0,0,0,0,0,0,0,9625,166.14
04/2026,3,SUDESTE,SE,31,MINAS GERAIS,MINAS GERAIS,MG,316100,SAO DOMINGOS DO PRATA,SÃO DOMINGOS DO PRATA,3,2025,DOU,17783,7,0,0,0,0,0,0,0,0,0,0,0,24500,137.77
04/2026,3,SUDESTE,SE,31,MINAS GERAIS,MINAS GERAIS,MG,316105,SAO FELIX DE MINAS,SÃO FÉLIX DE MINAS,3,2025,DOU,3244,2,0,0,0,0,0,0,0,0,0,0,0,7000,215.78
04/2026,3,SUDESTE,SE,31,MINAS GERAIS,MINAS GERAIS,MG,316110,SAO FRANCISCO,SÃO FRANCISCO,1,2025,DOU,54223,20,1,0,0,0,0,0,0,0,1,72,72,72697,134.07
04/2026,3,SUDESTE,SE,31,MINAS GERAIS,MINAS GERAIS,MG,316120,SAO FRANCISCO DE PAULA,SÃO FRANCISCO DE PAULA,3,2025,DOU,6281,3,0,0,0,0,0,0,0,0,0,0,0,10500,167.17
04/2026,3,SUDESTE,SE,31,MINAS GERAIS,MINAS GERAIS,MG,316130,SAO FRANCISCO DE SALES,SÃO FRANCISCO DE SALES,2,2025,DOU,5858,1,1,1,0,0,0,0,0,0,0,0,0,7875,134.43
04/2026,3,SUDESTE,SE,31,MINAS GERAIS,MINAS GERAIS,MG,316140,SAO FRANCISCO DO GLORIA,SÃO FRANCISCO DO GLÓRIA,3,2025,DOU,4848,3,0,0,0,0,0,0,0,0,0,0,0,10500,216.58
04/2026,3,SUDESTE,SE,31,MINAS GERAIS,MINAS GERAIS,MG,316150,SAO GERALDO,SÃO GERALDO,3,2025,DOU,10524,4,0,2,0,0,0,0,0,0,0,0,0,17500,166.28
04/2026,3,SUDESTE,SE,31,MINAS GERAIS,MINAS GERAIS,MG,316160,SAO GERALDO DA PIEDADE,SÃO GERALDO DA PIEDADE,3,2025,DOU,3200,2,0,0,0,0,0,0,0,0,0,0,0,7000,218.75
04/2026,3,SUDESTE,SE,31,MINAS GERAIS,MINAS GERAIS,MG,316165,SAO GERALDO DO BAIXIO,SÃO GERALDO DO BAIXIO,3,2025,DOU,3158,2,0,0,0,0,0,0,0,0,0,0,0,7000,221.65
04/2026,3,SUDESTE,SE,31,MINAS GERAIS,MINAS GERAIS,MG,316170,SAO GONCALO DO ABAETE,SÃO GONÇALO DO ABAETÉ,3,2025,DOU,7515,3,0,0,0,0,0,0,0,0,0,0,0,10500,139.72
04/2026,3,SUDESTE,SE,31,MINAS GERAIS,MINAS GERAIS,MG,316180,SAO GONCALO DO PARA,SÃO GONÇALO DO PARÁ,2,2025,DOU,12275,5,0,0,0,0,0,0,0,0,0,0,0,17500,142.56
04/2026,3,SUDESTE,SE,31,MINAS GERAIS,MINAS GERAIS,MG,316190,SAO GONCALO DO RIO ABAIXO,SÃO GONÇALO DO RIO ABAIXO,3,2025,DOU,12475,5,0,0,0,0,0,0,0,0,0,0,0,17500,140.28
04/2026,3,SUDESTE,SE,31,MINAS GERAIS,MINAS GERAIS,MG,312550,SAO GONCALO DO RIO PRETO,SÃO GONÇALO DO RIO PRETO,3,2025,DOU,3099,2,0,0,0,0,0,0,0,0,0,0,0,7000,225.87
04/2026,3,SUDESTE,SE,31,MINAS GERAIS,MINAS GERAIS,MG,316200,SAO GONCALO DO SAPUCAI,SÃO GONÇALO DO SAPUCAÍ,1,2025,DOU,24497,10,0,0,0,0,0,0,0,0,0,0,0,35000,142.87
04/2026,3,SUDESTE,SE,31,MINAS GERAIS,MINAS GERAIS,MG,316210,SAO GOTARDO,SÃO GOTARDO,1,2025,DOU,43851,14,0,0,0,0,0,0,0,0,0,0,0,49000,111.74
04/2026,3,SUDESTE,SE,31,MINAS GERAIS,MINAS GERAIS,MG,316220,SAO JOAO BATISTA DO GLORIA,SÃO JOÃO BATISTA DO GLÓRIA,2,2025,DOU,7959,3,0,0,0,0,0,0,0,0,0,0,0,10500,131.92
04/2026,3,SUDESTE,SE,31,MINAS GERAIS,MINAS GERAIS,MG,316225,SAO JOAO DA LAGOA,SÃO JOÃO DA LAGOA,3,2025,DOU,4962,2,0,0,0,0,0,0,0,0,0,0,0,7000,141.07
04/2026,3,SUDESTE,SE,31,MINAS GERAIS,MINAS GERAIS,MG,316230,SAO JOAO DA MATA,SÃO JOÃO DA MATA,3,2025,DOU,3012,1,0,0,0,0,0,0,0,0,0,0,0,3500,116.2
04/2026,3,SUDESTE,SE,31,MINAS GERAIS,MINAS GERAIS,MG,316240,SAO JOAO DA PONTE,SÃO JOÃO DA PONTE,3,2025,DOU,24197,13,0,0,0,0,0,0,0,0,0,0,0,45500,188.03
04/2026,3,SUDESTE,SE,31,MINAS GERAIS,MINAS GERAIS,MG,316245,SAO JOAO DAS MISSOES,SÃO JOÃO DAS MISSÕES,5,2025,DOU,13547,7,0,0,0,0,0,0,0,0,0,0,0,24500,180.85
04/2026,3,SUDESTE,SE,31,MINAS GERAIS,MINAS GERAIS,MG,316250,SAO JOAO DEL REI,SÃO JOÃO DEL REI,1,2025,DOU,94468,32,0,0,0,0,0,0,0,0,0,0,0,112000,118.55
04/2026,3,SUDESTE,SE,31,MINAS GERAIS,MINAS GERAIS,MG,316255,SAO JOAO DO MANHUACU,SÃO JOÃO DO MANHUAÇU,3,2025,DOU,11676,5,0,0,0,0,0,0,0,0,0,0,0,17500,149.88
04/2026,3,SUDESTE,SE,31,MINAS GERAIS,MINAS GERAIS,MG,316257,SAO JOAO DO MANTENINHA,SÃO JOÃO DO MANTENINHA,3,2025,DOU,5479,3,0,0,0,0,0,0,0,0,0,0,0,10500,191.64
04/2026,3,SUDESTE,SE,31,MINAS GERAIS,MINAS GERAIS,MG,316260,SAO JOAO DO ORIENTE,SÃO JOÃO DO ORIENTE,3,2025,DOU,7099,4,0,0,0,0,0,0,0,0,0,0,0,14000,197.21
04/2026,3,SUDESTE,SE,31,MINAS GERAIS,MINAS GERAIS,MG,316265,SAO JOAO DO PACUI,SÃO JOÃO DO PACUÍ,3,2025,DOU,4050,2,0,0,0,0,0,0,0,0,0,0,0,7000,172.83
04/2026,3,SUDESTE,SE,31,MINAS GERAIS,MINAS GERAIS,MG,316270,SAO JOAO DO PARAISO,SÃO JOÃO DO PARAÍSO,3,2025,DOU,24706,10,0,0,0,0,0,0,0,0,0,0,0,35000,141.66
04/2026,3,SUDESTE,SE,31,MINAS GERAIS,MINAS GERAIS,MG,316280,SAO JOAO EVANGELISTA,SÃO JOÃO EVANGELISTA,3,2025,DOU,15613,6,0,0,0,0,0,0,1,241,0,0,241,21241,136.04
04/2026,3,SUDESTE,SE,31,MINAS GERAIS,MINAS GERAIS,MG,316290,SAO JOAO NEPOMUCENO,SÃO JOÃO NEPOMUCENO,1,2025,DOU,26529,6,2,0,0,0,0,0,0,0,0,0,0,26250,98.94
04/2026,3,SUDESTE,SE,31,MINAS GERAIS,MINAS GERAIS,MG,316292,SAO JOAQUIM DE BICAS,SÃO JOAQUIM DE BICAS,1,2025,DOU,37017,11,0,0,0,0,0,0,0,0,3,1127,1127,39627,107.05
04/2026,3,SUDESTE,SE,31,MINAS GERAIS,MINAS GERAIS,MG,316294,SAO JOSE DA BARRA,SÃO JOSÉ DA BARRA,3,2025,DOU,8145,3,0,0,0,0,0,0,0,0,0,0,0,10500,128.91
04/2026,3,SUDESTE,SE,31,MINAS GERAIS,MINAS GERAIS,MG,316295,SAO JOSE DA LAPA,SÃO JOSÉ DA LAPA,1,2025,DOU,28087,9,0,0,0,0,0,0,0,0,0,0,0,31500,112.15
04/2026,3,SUDESTE,SE,31,MINAS GERAIS,MINAS GERAIS,MG,316300,SAO JOSE DA SAFIRA,SÃO JOSÉ DA SAFIRA,3,2025,DOU,3849,2,0,0,0,0,0,0,0,0,0,0,0,7000,181.86
04/2026,3,SUDESTE,SE,31,MINAS GERAIS,MINAS GERAIS,MG,316310,SAO JOSE DA VARGINHA,SÃO JOSÉ DA VARGINHA,3,2025,DOU,4698,2,0,0,0,0,0,0,0,0,0,0,0,7000,148.99
04/2026,3,SUDESTE,SE,31,MINAS GERAIS,MINAS GERAIS,MG,316320,SAO JOSE DO ALEGRE,SÃO JOSÉ DO ALEGRE,1,2025,DOU,4252,2,0,0,0,0,0,0,0,0,0,0,0,7000,164.62
04/2026,3,SUDESTE,SE,31,MINAS GERAIS,MINAS GERAIS,MG,316330,SAO JOSE DO DIVINO,SÃO JOSÉ DO DIVINO,3,2025,DOU,3482,2,0,0,0,0,0,0,0,0,0,0,0,7000,201.03
04/2026,3,SUDESTE,SE,31,MINAS GERAIS,MINAS GERAIS,MG,316340,SAO JOSE DO GOIABAL,SÃO JOSÉ DO GOIABAL,3,2025,DOU,5482,2,0,0,0,0,0,0,0,0,0,0,0,7000,127.69
04/2026,3,SUDESTE,SE,31,MINAS GERAIS,MINAS GERAIS,MG,316350,SAO JOSE DO JACURI,SÃO JOSÉ DO JACURI,3,2025,DOU,6282,3,0,0,0,0,0,0,0,0,0,0,0,10500,167.14
04/2026,3,SUDESTE,SE,31,MINAS GERAIS,MINAS GERAIS,MG,316360,SAO JOSE DO MANTIMENTO,SÃO JOSÉ DO MANTIMENTO,3,2025,DOU,2844,1,0,0,0,0,0,0,0,0,0,0,0,3500,123.06
04/2026,3,SUDESTE,SE,31,MINAS GERAIS,MINAS GERAIS,MG,316370,SAO LOURENCO,SÃO LOURENÇO,1,2025,DOU,46868,11,0,0,0,0,1,45,1,554,0,0,599,39099,83.42
04/2026,3,SUDESTE,SE,31,MINAS GERAIS,MINAS GERAIS,MG,316380,SAO MIGUEL DO ANTA,SÃO MIGUEL DO ANTA,3,2025,DOU,6410,3,0,0,0,0,0,0,0,0,0,0,0,10500,163.8
04/2026,3,SUDESTE,SE,31,MINAS GERAIS,MINAS GERAIS,MG,316390,SAO PEDRO DA UNIAO,SÃO PEDRO DA UNIÃO,3,2025,DOU,4973,2,0,0,0,0,0,0,0,0,0,0,0,7000,140.76
04/2026,3,SUDESTE,SE,31,MINAS GERAIS,MINAS GERAIS,MG,316410,SAO PEDRO DO SUACUI,SÃO PEDRO DO SUAÇUÍ,3,2025,DOU,5143,3,0,0,0,0,0,0,0,0,0,0,0,10500,204.16
04/2026,3,SUDESTE,SE,31,MINAS GERAIS,MINAS GERAIS,MG,316400,SAO PEDRO DOS FERROS,SÃO PEDRO DOS FERROS,3,2025,DOU,7132,3,0,0,0,0,0,0,0,0,0,0,0,10500,147.22
04/2026,3,SUDESTE,SE,31,MINAS GERAIS,MINAS GERAIS,MG,316420,SAO ROMAO,SÃO ROMÃO,3,2025,DOU,10562,5,0,0,0,0,0,0,0,0,0,0,0,17500,165.68
04/2026,3,SUDESTE,SE,31,MINAS GERAIS,MINAS GERAIS,MG,316430,SAO ROQUE DE MINAS,SÃO ROQUE DE MINAS,3,2025,DOU,7370,3,0,0,0,0,0,0,0,0,0,0,0,10500,142.46
04/2026,3,SUDESTE,SE,31,MINAS GERAIS,MINAS GERAIS,MG,316440,SAO SEBASTIAO DA BELA VISTA,SÃO SEBASTIÃO DA BELA VISTA,3,2025,DOU,6778,3,0,0,0,0,0,0,0,0,0,0,0,10500,154.91
04/2026,3,SUDESTE,SE,31,MINAS GERAIS,MINAS GERAIS,MG,316443,SAO SEBASTIAO DA VARGEM ALEGRE,SÃO SEBASTIÃO DA VARGEM ALEGRE,3,2025,DOU,3239,2,0,0,0,0,0,0,0,0,0,0,0,7000,216.11
04/2026,3,SUDESTE,SE,31,MINAS GERAIS,MINAS GERAIS,MG,316447,SAO SEBASTIAO DO ANTA,SÃO SEBASTIÃO DO ANTA,3,2025,DOU,6415,3,0,0,0,0,0,0,0,0,0,0,0,10500,163.67
04/2026,3,SUDESTE,SE,31,MINAS GERAIS,MINAS GERAIS,MG,316450,SAO SEBASTIAO DO MARANHAO,SÃO SEBASTIÃO DO MARANHÃO,3,2025,DOU,10218,5,0,0,0,0,0,0,0,0,0,0,0,17500,171.26
04/2026,3,SUDESTE,SE,31,MINAS GERAIS,MINAS GERAIS,MG,316460,SAO SEBASTIAO DO OESTE,SÃO SEBASTIÃO DO OESTE,3,2025,DOU,9527,3,0,0,0,0,0,0,0,0,0,0,0,10500,110.21
04/2026,3,SUDESTE,SE,31,MINAS GERAIS,MINAS GERAIS,MG,316470,SAO SEBASTIAO DO PARAISO,SÃO SEBASTIÃO DO PARAÍSO,1,2025,DOU,75179,21,3,0,0,0,0,0,0,0,1,312,312,81687,108.65
04/2026,3,SUDESTE,SE,31,MINAS GERAIS,MINAS GERAIS,MG,316480,SAO SEBASTIAO DO RIO PRETO,SÃO SEBASTIÃO DO RIO PRETO,3,2025,DOU,1229,1,0,0,0,0,0,0,0,0,0,0,0,3500,284.78
04/2026,3,SUDESTE,SE,31,MINAS GERAIS,MINAS GERAIS,MG,316490,SAO SEBASTIAO DO RIO VERDE,SÃO SEBASTIÃO DO RIO VERDE,3,2025,DOU,2385,1,0,0,0,0,0,0,0,0,0,0,0,3500,146.75
04/2026,3,SUDESTE,SE,31,MINAS GERAIS,MINAS GERAIS,MG,316520,SAO THOME DAS LETRAS,SÃO THOMÉ DAS LETRAS,3,2025,DOU,7107,3,0,0,0,0,0,0,0,0,0,0,0,10500,147.74
04/2026,3,SUDESTE,SE,31,MINAS GERAIS,MINAS GERAIS,MG,316500,SAO TIAGO,SÃO TIAGO,3,2025,DOU,11559,4,0,0,0,0,0,0,0,0,0,0,0,14000,121.11
04/2026,3,SUDESTE,SE,31,MINAS GERAIS,MINAS GERAIS,MG,316510,SAO TOMAS DE AQUINO,SÃO TOMÁS DE AQUINO,3,2025,DOU,6837,3,0,0,0,0,0,0,0,0,0,0,0,10500,153.57
04/2026,3,SUDESTE,SE,31,MINAS GERAIS,MINAS GERAIS,MG,316530,SAO VICENTE DE MINAS,SÃO VICENTE DE MINAS,2,2025,DOU,6928,4,0,0,0,0,0,0,0,0,0,0,0,14000,202.07
04/2026,3,SUDESTE,SE,31,MINAS GERAIS,MINAS GERAIS,MG,316540,SAPUCAI-MIRIM,SAPUCAÍ-MIRIM,3,2025,DOU,6469,2,0,0,0,0,0,0,0,0,0,0,0,7000,108.2
04/2026,3,SUDESTE,SE,31,MINAS GERAIS,MINAS GERAIS,MG,316550,SARDOA,SARDOÁ,3,2025,DOU,5140,2,0,0,0,0,0,0,0,0,0,0,0,7000,136.18
04/2026,3,SUDESTE,SE,31,MINAS GERAIS,MINAS GERAIS,MG,316553,SARZEDO,SARZEDO,1,2025,DOU,39974,11,0,0,0,0,0,0,0,0,0,0,0,38500,96.31
04/2026,3,SUDESTE,SE,31,MINAS GERAIS,MINAS GERAIS,MG,316556,SEM-PEIXE,SEM-PEIXE,3,2025,DOU,2420,1,0,0,0,0,0,0,0,0,0,0,0,3500,144.62
04/2026,3,SUDESTE,SE,31,MINAS GERAIS,MINAS GERAIS,MG,316557,SENADOR AMARAL,SENADOR AMARAL,3,2025,DOU,6517,3,0,0,0,0,0,0,0,0,0,0,0,10500,161.11
04/2026,3,SUDESTE,SE,31,MINAS GERAIS,MINAS GERAIS,MG,316560,SENADOR CORTES,SENADOR CORTES,3,2025,DOU,2335,1,0,0,0,0,0,0,0,0,0,0,0,3500,149.89
04/2026,3,SUDESTE,SE,31,MINAS GERAIS,MINAS GERAIS,MG,316570,SENADOR FIRMINO,SENADOR FIRMINO,3,2025,DOU,7977,4,0,0,0,0,0,0,0,0,0,0,0,14000,175.5
04/2026,3,SUDESTE,SE,31,MINAS GERAIS,MINAS GERAIS,MG,316580,SENADOR JOSE BENTO,SENADOR JOSÉ BENTO,3,2025,DOU,2149,1,0,0,0,0,0,0,0,0,0,0,0,3500,162.86
04/2026,3,SUDESTE,SE,31,MINAS GERAIS,MINAS GERAIS,MG,316590,SENADOR MODESTINO GONCALVES,SENADOR MODESTINO GONÇALVES,3,2025,DOU,4006,2,0,0,0,0,0,0,0,0,0,0,0,7000,174.73
04/2026,3,SUDESTE,SE,31,MINAS GERAIS,MINAS GERAIS,MG,316600,SENHORA DE OLIVEIRA,SENHORA DE OLIVEIRA,3,2025,DOU,5577,3,0,0,0,0,0,0,0,0,0,0,0,10500,188.27
04/2026,3,SUDESTE,SE,31,MINAS GERAIS,MINAS GERAIS,MG,316610,SENHORA DO PORTO,SENHORA DO PORTO,3,2025,DOU,3066,2,0,0,0,0,0,0,0,0,0,0,0,7000,228.31
04/2026,3,SUDESTE,SE,31,MINAS GERAIS,MINAS GERAIS,MG,316620,SENHORA DOS REMEDIOS,SENHORA DOS REMÉDIOS,3,2025,DOU,10657,4,0,0,0,0,0,0,0,0,0,0,0,14000,131.36
04/2026,3,SUDESTE,SE,31,MINAS GERAIS,MINAS GERAIS,MG,316630,SERICITA,SERICITA,3,2025,DOU,7552,4,0,0,0,0,0,0,0,0,0,0,0,14000,185.38
04/2026,3,SUDESTE,SE,31,MINAS GERAIS,MINAS GERAIS,MG,316640,SERITINGA,SERITINGA,3,2025,DOU,1866,1,1,0,0,0,0,0,0,0,0,0,0,6125,328.24
04/2026,3,SUDESTE,SE,31,MINAS GERAIS,MINAS GERAIS,MG,316650,SERRA AZUL DE MINAS,SERRA AZUL DE MINAS,3,2025,DOU,3808,2,0,0,0,0,0,0,0,0,0,0,0,7000,183.82
04/2026,3,SUDESTE,SE,31,MINAS GERAIS,MINAS GERAIS,MG,316660,SERRA DA SAUDADE,SERRA DA SAUDADE,3,2025,DOU,856,1,0,0,0,0,0,0,0,0,0,0,0,3500,408.87
04/2026,3,SUDESTE,SE,31,MINAS GERAIS,MINAS GERAIS,MG,316680,SERRA DO SALITRE,SERRA DO SALITRE,3,2025,DOU,12286,5,0,0,0,0,0,0,0,0,0,0,0,17500,142.43
04/2026,3,SUDESTE,SE,31,MINAS GERAIS,MINAS GERAIS,MG,316670,SERRA DOS AIMORES,SERRA DOS AIMORÉS,2,2025,DOU,6859,4,0,0,0,0,0,0,0,0,0,0,0,14000,204.11
04/2026,3,SUDESTE,SE,31,MINAS GERAIS,MINAS GERAIS,MG,316690,SERRANIA,SERRANIA,2,2025,DOU,7811,3,0,0,0,0,0,0,0,0,0,0,0,10500,134.42
04/2026,3,SUDESTE,SE,31,MINAS GERAIS,MINAS GERAIS,MG,316695,SERRANOPOLIS DE MINAS,SERRANÓPOLIS DE MINAS,3,2025,DOU,4497,2,0,0,0,0,0,0,0,0,0,0,0,7000,155.65
04/2026,3,SUDESTE,SE,31,MINAS GERAIS,MINAS GERAIS,MG,316700,SERRANOS,SERRANOS,3,2025,DOU,2036,1,0,0,0,0,0,0,0,0,0,0,0,3500,171.9
04/2026,3,SUDESTE,SE,31,MINAS GERAIS,MINAS GERAIS,MG,316710,SERRO,SERRO,3,2025,DOU,22624,9,0,0,0,0,0,0,1,388,0,0,388,31888,140.94
04/2026,3,SUDESTE,SE,31,MINAS GERAIS,MINAS GERAIS,MG,316720,SETE LAGOAS,SETE LAGOAS,1,2025,DOU,238909,61,5,0,0,0,1,110,2,1317,0,0,1427,228052,95.45
04/2026,3,SUDESTE,SE,31,MINAS GERAIS,MINAS GERAIS,MG,316555,SETUBINHA,SETUBINHA,3,2025,DOU,9985,5,0,0,0,0,0,0,0,0,0,0,0,17500,175.26
04/2026,3,SUDESTE,SE,31,MINAS GERAIS,MINAS GERAIS,MG,316730,SILVEIRANIA,SILVEIRÂNIA,3,2025,DOU,2399,1,0,0,0,0,0,0,0,0,0,0,0,3500,145.89
04/2026,3,SUDESTE,SE,31,MINAS GERAIS,MINAS GERAIS,MG,316740,SILVIANOPOLIS,SILVIANÓPOLIS,3,2025,DOU,6348,3,0,0,0,0,0,0,0,0,0,0,0,10500,165.4
04/2026,3,SUDESTE,SE,31,MINAS GERAIS,MINAS GERAIS,MG,316750,SIMAO PEREIRA,SIMÃO PEREIRA,1,2025,DOU,3084,1,0,0,0,0,0,0,0,0,0,0,0,3500,113.48
04/2026,3,SUDESTE,SE,31,MINAS GERAIS,MINAS GERAIS,MG,316760,SIMONESIA,SIMONÉSIA,3,2025,DOU,20431,10,0,0,0,0,0,0,0,0,0,0,0,35000,171.3
04/2026,3,SUDESTE,SE,31,MINAS GERAIS,MINAS GERAIS,MG,316770,SOBRALIA,SOBRÁLIA,3,2025,DOU,5140,3,0,0,0,0,0,0,0,0,0,0,0,10500,204.28
04/2026,3,SUDESTE,SE,31,MINAS GERAIS,MINAS GERAIS,MG,316780,SOLEDADE DE MINAS,SOLEDADE DE MINAS,3,2025,DOU,5733,2,0,0,0,0,0,0,0,0,0,0,0,7000,122.1
04/2026,3,SUDESTE,SE,31,MINAS GERAIS,MINAS GERAIS,MG,316790,TABULEIRO,TABULEIRO,3,2025,DOU,4097,2,0,0,0,0,0,0,0,0,0,0,0,7000,170.85
04/2026,3,SUDESTE,SE,31,MINAS GERAIS,MINAS GERAIS,MG,316800,TAIOBEIRAS,TAIOBEIRAS,1,2025,DOU,34537,15,1,3,0,0,0,0,2,301,0,0,301,60676,175.68
04/2026,3,SUDESTE,SE,31,MINAS GERAIS,MINAS GERAIS,MG,316805,TAPARUBA,TAPARUBA,3,2025,DOU,3508,2,0,0,0,0,0,0,0,0,0,0,0,7000,199.54
04/2026,3,SUDESTE,SE,31,MINAS GERAIS,MINAS GERAIS,MG,316810,TAPIRA,TAPIRA,3,2025,DOU,4215,2,0,0,0,0,0,0,0,0,0,0,0,7000,166.07
04/2026,3,SUDESTE,SE,31,MINAS GERAIS,MINAS GERAIS,MG,316820,TAPIRAI,TAPIRAÍ,3,2025,DOU,1698,1,0,0,0,0,0,0,0,0,0,0,0,3500,206.12
04/2026,3,SUDESTE,SE,31,MINAS GERAIS,MINAS GERAIS,MG,316830,TAQUARACU DE MINAS,TAQUARAÇU DE MINAS,3,2025,DOU,4394,2,0,0,0,0,0,0,0,0,0,0,0,7000,159.3
04/2026,3,SUDESTE,SE,31,MINAS GERAIS,MINAS GERAIS,MG,316840,TARUMIRIM,TARUMIRIM,3,2025,DOU,15104,7,0,0,0,0,0,0,1,0,0,0,0,24500,162.2
04/2026,3,SUDESTE,SE,31,MINAS GERAIS,MINAS GERAIS,MG,316850,TEIXEIRAS,TEIXEIRAS,3,2025,DOU,12691,5,0,0,0,0,0,0,0,0,0,0,0,17500,137.89
04/2026,3,SUDESTE,SE,31,MINAS GERAIS,MINAS GERAIS,MG,316860,TEOFILO OTONI,TEÓFILO OTONI,1,2025,DOU,142851,41,14,4,0,0,2,806,2,368,1,465,1639,188889,132.22
04/2026,3,SUDESTE,SE,31,MINAS GERAIS,MINAS GERAIS,MG,316870,TIMOTEO,TIMÓTEO,1,2025,DOU,84172,20,2,0,0,0,0,0,2,36,0,0,36,75286,89.44
04/2026,3,SUDESTE,SE,31,MINAS GERAIS,MINAS GERAIS,MG,316880,TIRADENTES,TIRADENTES,1,2025,DOU,8056,3,0,0,0,0,0,0,0,0,0,0,0,10500,130.33
04/2026,3,SUDESTE,SE,31,MINAS GERAIS,MINAS GERAIS,MG,316890,TIROS,TIROS,3,2025,DOU,8231,3,0,0,0,0,0,0,0,0,0,0,0,10500,127.56
04/2026,3,SUDESTE,SE,31,MINAS GERAIS,MINAS GERAIS,MG,316900,TOCANTINS,TOCANTINS,1,2025,DOU,16603,6,0,0,0,0,0,0,0,0,0,0,0,21000,126.48
04/2026,3,SUDESTE,SE,31,MINAS GERAIS,MINAS GERAIS,MG,316905,TOCOS DO MOJI,TOCOS DO MOJI,3,2025,DOU,3894,3,0,0,0,0,0,0,0,0,0,0,0,10500,269.64
04/2026,3,SUDESTE,SE,31,MINAS GERAIS,MINAS GERAIS,MG,316910,TOLEDO,TOLEDO,3,2025,DOU,7625,3,0,0,0,0,0,0,0,0,0,0,0,10500,137.7
04/2026,3,SUDESTE,SE,31,MINAS GERAIS,MINAS GERAIS,MG,316920,TOMBOS,TOMBOS,3,2025,DOU,8653,4,0,0,0,0,0,0,0,0,0,0,0,14000,161.79
04/2026,3,SUDESTE,SE,31,MINAS GERAIS,MINAS GERAIS,MG,316930,TRES CORACOES,TRÊS CORAÇÕES,1,2025,DOU,78291,18,1,0,0,0,0,0,0,0,0,0,0,65625,83.82
04/2026,3,SUDESTE,SE,31,MINAS GERAIS,MINAS GERAIS,MG,316935,TRES MARIAS,TRÊS MARIAS,1,2025,DOU,29985,11,0,0,0,0,0,0,1,76,0,0,76,38576,128.65
04/2026,3,SUDESTE,SE,31,MINAS GERAIS,MINAS GERAIS,MG,316940,TRES PONTAS,TRÊS PONTAS,1,2025,DOU,57209,8,5,0,0,0,0,0,0,0,0,0,0,41125,71.88
04/2026,3,SUDESTE,SE,31,MINAS GERAIS,MINAS GERAIS,MG,316950,TUMIRITINGA,TUMIRITINGA,3,2025,DOU,5955,3,0,0,0,0,0,0,0,0,0,0,0,10500,176.32
04/2026,3,SUDESTE,SE,31,MINAS GERAIS,MINAS GERAIS,MG,316960,TUPACIGUARA,TUPACIGUARA,1,2025,DOU,26583,8,0,0,0,0,0,0,0,0,0,0,0,28000,105.33
04/2026,3,SUDESTE,SE,31,MINAS GERAIS,MINAS GERAIS,MG,316970,TURMALINA,TURMALINA,2,2025,DOU,20769,9,0,0,0,0,0,0,0,0,0,0,0,31500,151.66
04/2026,3,SUDESTE,SE,31,MINAS GERAIS,MINAS GERAIS,MG,316980,TURVOLANDIA,TURVOLÂNDIA,3,2025,DOU,5097,3,0,0,0,0,0,0,0,0,0,0,0,10500,206.0
04/2026,3,SUDESTE,SE,31,MINAS GERAIS,MINAS GERAIS,MG,316990,UBA,UBÁ,1,2025,DOU,107423,29,1,0,0,0,1,144,1,622,0,0,766,104891,97.64
04/2026,3,SUDESTE,SE,31,MINAS GERAIS,MINAS GERAIS,MG,317000,UBAI,UBAÍ,3,2025,DOU,11985,6,0,0,0,0,0,0,0,0,0,0,0,21000,175.21
04/2026,3,SUDESTE,SE,31,MINAS GERAIS,MINAS GERAIS,MG,317005,UBAPORANGA,UBAPORANGA,3,2025,DOU,13485,5,0,1,0,0,0,0,0,0,0,0,0,19250,142.75
04/2026,3,SUDESTE,SE,31,MINAS GERAIS,MINAS GERAIS,MG,317010,UBERABA,UBERABA,1,2025,DOU,356781,56,0,2,0,0,1,426,0,0,1,1227,1653,201153,56.37
04/2026,3,SUDESTE,SE,31,MINAS GERAIS,MINAS GERAIS,MG,317020,UBERLANDIA,UBERLÂNDIA,1,2025,DOU,761835,90,13,58,0,0,1,1043,2,0,0,0,1043,451668,59.28
04/2026,3,SUDESTE,SE,31,MINAS GERAIS,MINAS GERAIS,MG,317030,UMBURATIBA,UMBURATIBA,3,2025,DOU,2742,1,0,0,0,0,0,0,0,0,0,0,0,3500,127.64
04/2026,3,SUDESTE,SE,31,MINAS GERAIS,MINAS GERAIS,MG,317040,UNAI,UNAÍ,1,2025,DOU,91320,22,0,0,0,0,0,0,1,629,0,0,629,77629,85.0
04/2026,3,SUDESTE,SE,31,MINAS GERAIS,MINAS GERAIS,MG,317043,UNIAO DE MINAS,UNIÃO DE MINAS,3,2025,DOU,3818,1,1,0,0,0,0,0,0,0,0,0,0,6125,160.42
04/2026,3,SUDESTE,SE,31,MINAS GERAIS,MINAS GERAIS,MG,317047,URUANA DE MINAS,URUANA DE MINAS,3,2025,DOU,3365,2,0,0,0,0,0,0,0,0,0,0,0,7000,208.02
04/2026,3,SUDESTE,SE,31,MINAS GERAIS,MINAS GERAIS,MG,317050,URUCANIA,URUCÂNIA,3,2025,DOU,10899,4,0,0,0,0,0,0,0,0,0,0,0,14000,128.45
04/2026,3,SUDESTE,SE,31,MINAS GERAIS,MINAS GERAIS,MG,317052,URUCUIA,URUCUIA,3,2025,DOU,18515,5,0,0,0,0,0,0,0,0,0,0,0,17500,94.51
04/2026,3,SUDESTE,SE,31,MINAS GERAIS,MINAS GERAIS,MG,317057,VARGEM ALEGRE,VARGEM ALEGRE,2,2025,DOU,5800,3,0,0,0,0,0,0,0,0,0,0,0,10500,181.03
04/2026,3,SUDESTE,SE,31,MINAS GERAIS,MINAS GERAIS,MG,317060,VARGEM BONITA,VARGEM BONITA,3,2025,DOU,2207,1,0,0,0,0,0,0,0,0,0,0,0,3500,158.58
04/2026,3,SUDESTE,SE,31,MINAS GERAIS,MINAS GERAIS,MG,317065,VARGEM GRANDE DO RIO PARDO,VARGEM GRANDE DO RIO PARDO,5,2025,DOU,4724,3,0,0,0,0,0,0,0,0,0,0,0,10500,222.26
04/2026,3,SUDESTE,SE,31,MINAS GERAIS,MINAS GERAIS,MG,317070,VARGINHA,VARGINHA,1,2025,DOU,143676,28,1,4,0,0,0,0,0,0,0,0,0,107625,74.9
04/2026,3,SUDESTE,SE,31,MINAS GERAIS,MINAS GERAIS,MG,317075,VARJAO DE MINAS,VARJÃO DE MINAS,2,2025,DOU,7305,3,0,0,0,0,0,0,0,0,0,0,0,10500,143.73
04/2026,3,SUDESTE,SE,31,MINAS GERAIS,MINAS GERAIS,MG,317080,VARZEA DA PALMA,VÁRZEA DA PALMA,1,2025,DOU,34555,12,0,0,0,0,0,0,0,0,1,30,30,42030,121.63
04/2026,3,SUDESTE,SE,31,MINAS GERAIS,MINAS GERAIS,MG,317090,VARZELANDIA,VARZELÂNDIA,3,2025,DOU,19210,10,0,0,0,0,0,0,0,0,0,0,0,35000,182.19
04/2026,3,SUDESTE,SE,31,MINAS GERAIS,MINAS GERAIS,MG,317100,VAZANTE,VAZANTE,1,2025,DOU,20459,8,0,0,0,0,0,0,0,0,0,0,0,28000,136.85
04/2026,3,SUDESTE,SE,31,MINAS GERAIS,MINAS GERAIS,MG,317103,VERDELANDIA,VERDELÂNDIA,3,2025,DOU,7737,5,0,0,0,0,0,0,0,0,0,0,0,17500,226.18
04/2026,3,SUDESTE,SE,31,MINAS GERAIS,MINAS GERAIS,MG,317107,VEREDINHA,VEREDINHA,3,2025,DOU,5240,3,0,0,0,0,0,0,0,0,0,0,0,10500,200.38
04/2026,3,SUDESTE,SE,31,MINAS GERAIS,MINAS GERAIS,MG,317110,VERISSIMO,VERÍSSIMO,3,2025,DOU,3478,1,0,0,0,0,0,0,0,0,0,0,0,3500,100.63
04/2026,3,SUDESTE,SE,31,MINAS GERAIS,MINAS GERAIS,MG,317115,VERMELHO NOVO,VERMELHO NOVO,3,2025,DOU,5048,2,0,0,0,0,0,0,0,0,0,0,0,7000,138.66
04/2026,3,SUDESTE,SE,31,MINAS GERAIS,MINAS GERAIS,MG,317120,VESPASIANO,VESPASIANO,1,2025,DOU,138583,30,2,1,0,0,0,0,0,0,0,0,0,112000,80.81
04/2026,3,SUDESTE,SE,31,MINAS GERAIS,MINAS GERAIS,MG,317130,VICOSA,VIÇOSA,1,2025,DOU,79517,21,0,0,0,0,1,0,1,234,0,0,234,73734,92.72
04/2026,3,SUDESTE,SE,31,MINAS GERAIS,MINAS GERAIS,MG,317140,VIEIRAS,VIEIRAS,3,2025,DOU,3781,2,0,0,0,0,0,0,0,0,0,0,0,7000,185.13
04/2026,3,SUDESTE,SE,31,MINAS GERAIS,MINAS GERAIS,MG,317160,VIRGEM DA LAPA,VIRGEM DA LAPA,5,2025,DOU,11774,6,0,0,0,0,0,0,0,0,0,0,0,21000,178.35
04/2026,3,SUDESTE,SE,31,MINAS GERAIS,MINAS GERAIS,MG,317170,VIRGINIA,VIRGÍNIA,3,2025,DOU,9164,3,0,0,0,0,0,0,0,0,0,0,0,10500,114.57
04/2026,3,SUDESTE,SE,31,MINAS GERAIS,MINAS GERAIS,MG,317180,VIRGINOPOLIS,VIRGINÓPOLIS,3,2025,DOU,10511,5,0,0,0,0,0,0,0,0,0,0,0,17500,166.49
04/2026,3,SUDESTE,SE,31,MINAS GERAIS,MINAS GERAIS,MG,317190,VIRGOLANDIA,VIRGOLÂNDIA,3,2025,DOU,4471,3,0,0,0,0,0,0,0,0,0,0,0,10500,234.84
04/2026,3,SUDESTE,SE,31,MINAS GERAIS,MINAS GERAIS,MG,317200,VISCONDE DO RIO BRANCO,VISCONDE DO RIO BRANCO,1,2025,DOU,40711,12,0,0,0,0,0,0,1,77,0,0,77,42077,103.35
04/2026,3,SUDESTE,SE,31,MINAS GERAIS,MINAS GERAIS,MG,317210,VOLTA GRANDE,VOLTA GRANDE,3,2025,DOU,4441,3,0,0,0,0,0,0,0,0,0,0,0,10500,236.43
04/2026,3,SUDESTE,SE,31,MINAS GERAIS,MINAS GERAIS,MG,317220,WENCESLAU BRAZ,WENCESLAU BRAZ,1,2025,DOU,2377,1,0,0,0,0,0,0,0,0,0,0,0,3500,147.24
04/2026,5,CENTRO-OESTE,CO,50,MATO GROSSO DO SUL,MATO GROSSO DO SUL,MS,500020,AGUA CLARA,ÁGUA CLARA,3,2025,DOU,17901,4,0,0,0,0,0,0,1,64,0,0,64,14064,78.56
04/2026,5,CENTRO-OESTE,CO,50,MATO GROSSO DO SUL,MATO GROSSO DO SUL,MS,500025,ALCINOPOLIS,ALCINÓPOLIS,5,2025,DOU,4649,1,2,0,0,0,0,0,0,0,0,0,0,8750,188.21
04/2026,5,CENTRO-OESTE,CO,50,MATO GROSSO DO SUL,MATO GROSSO DO SUL,MS,500060,AMAMBAI,AMAMBAI,2,2025,DOU,41751,9,1,0,0,0,0,0,1,460,0,0,460,34585,82.83
04/2026,5,CENTRO-OESTE,CO,50,MATO GROSSO DO SUL,MATO GROSSO DO SUL,MS,500070,ANASTACIO,ANASTÁCIO,1,2025,DOU,24781,9,0,0,0,0,0,0,0,0,0,0,0,31500,127.11
04/2026,5,CENTRO-OESTE,CO,50,MATO GROSSO DO SUL,MATO GROSSO DO SUL,MS,500080,ANAURILANDIA,ANAURILÂNDIA,3,2025,DOU,7688,3,0,0,0,0,0,0,0,0,0,0,0,10500,136.57
04/2026,5,CENTRO-OESTE,CO,50,MATO GROSSO DO SUL,MATO GROSSO DO SUL,MS,500085,ANGELICA,ANGÉLICA,3,2025,DOU,11308,4,0,0,0,0,0,0,0,0,0,0,0,14000,123.8
04/2026,5,CENTRO-OESTE,CO,50,MATO GROSSO DO SUL,MATO GROSSO DO SUL,MS,500090,ANTONIO JOAO,ANTÔNIO JOÃO,3,2025,DOU,9717,3,0,0,0,0,0,0,0,0,0,0,0,10500,108.05
04/2026,5,CENTRO-OESTE,CO,50,MATO GROSSO DO SUL,MATO GROSSO DO SUL,MS,500100,APARECIDA DO TABOADO,APARECIDA DO TABOADO,1,2025,DOU,29826,7,0,0,0,0,0,0,0,0,0,0,0,24500,82.14
04/2026,5,CENTRO-OESTE,CO,50,MATO GROSSO DO SUL,MATO GROSSO DO SUL,MS,500110,AQUIDAUANA,AQUIDAUANA,1,2025,DOU,48689,17,0,0,0,0,0,0,1,533,0,0,533,60033,123.29
04/2026,5,CENTRO-OESTE,CO,50,MATO GROSSO DO SUL,MATO GROSSO DO SUL,MS,500124,ARAL MOREIRA,ARAL MOREIRA,3,2025,DOU,11125,4,0,0,0,0,0,0,0,0,0,0,0,14000,125.84
04/2026,5,CENTRO-OESTE,CO,50,MATO GROSSO DO SUL,MATO GROSSO DO SUL,MS,500150,BANDEIRANTES,BANDEIRANTES,3,2025,DOU,8342,2,1,0,0,0,0,0,0,0,0,0,0,9625,115.38
04/2026,5,CENTRO-OESTE,CO,50,MATO GROSSO DO SUL,MATO GROSSO DO SUL,MS,500190,BATAGUASSU,BATAGUASSU,1,2025,DOU,24222,7,0,0,0,0,0,0,0,0,1,415,415,24915,102.86
04/2026,5,CENTRO-OESTE,CO,50,MATO GROSSO DO SUL,MATO GROSSO DO SUL,MS,500200,BATAYPORA,BATAYPORÃ,2,2025,DOU,10947,5,0,0,0,0,0,0,0,0,0,0,0,17500,159.86
04/2026,5,CENTRO-OESTE,CO,50,MATO GROSSO DO SUL,MATO GROSSO DO SUL,MS,500210,BELA VISTA,BELA VISTA,4,2025,DOU,21881,7,1,1,0,0,0,0,1,5,0,0,5,28880,131.98
04/2026,5,CENTRO-OESTE,CO,50,MATO GROSSO DO SUL,MATO GROSSO DO SUL,MS,500215,BODOQUENA,BODOQUENA,5,2025,DOU,8887,3,0,0,0,0,0,0,0,0,0,0,0,10500,118.15
04/2026,5,CENTRO-OESTE,CO,50,MATO GROSSO DO SUL,MATO GROSSO DO SUL,MS,500220,BONITO,BONITO,1,2025,DOU,25034,5,0,0,0,0,0,0,1,42,0,0,42,17542,70.07
04/2026,5,CENTRO-OESTE,CO,50,MATO GROSSO DO SUL,MATO GROSSO DO SUL,MS,500230,BRASILANDIA,BRASILÂNDIA,3,2025,DOU,11833,4,0,0,0,0,0,0,0,0,0,0,0,14000,118.31
04/2026,5,CENTRO-OESTE,CO,50,MATO GROSSO DO SUL,MATO GROSSO DO SUL,MS,500240,CAARAPO,CAARAPÓ,2,2025,DOU,32748,8,0,2,0,0,0,0,0,0,0,0,0,31500,96.18
04/2026,5,CENTRO-OESTE,CO,50,MATO GROSSO DO SUL,MATO GROSSO DO SUL,MS,500260,CAMAPUA,CAMAPUÃ,3,2025,DOU,13928,6,0,0,0,0,0,0,0,0,0,0,0,21000,150.77
04/2026,5,CENTRO-OESTE,CO,50,MATO GROSSO DO SUL,MATO GROSSO DO SUL,MS,500270,CAMPO GRANDE,CAMPO GRANDE,1,2025,DOU,962883,226,0,2,0,0,2,797,6,3537,2,3882,8216,802716,83.36
04/2026,5,CENTRO-OESTE,CO,50,MATO GROSSO DO SUL,MATO GROSSO DO SUL,MS,500280,CARACOL,CARACOL,5,2025,DOU,5096,3,0,0,0,0,0,0,0,0,0,0,0,10500,206.04
04/2026,5,CENTRO-OESTE,CO,50,MATO GROSSO DO SUL,MATO GROSSO DO SUL,MS,500290,CASSILANDIA,CASSILÂNDIA,1,2025,DOU,21565,7,1,0,0,0,0,0,0,0,1,220,220,27345,126.8
04/2026,5,CENTRO-OESTE,CO,50,MATO GROSSO DO SUL,MATO GROSSO DO SUL,MS,500295,CHAPADAO DO SUL,CHAPADÃO DO SUL,1,2025,DOU,34606,9,1,0,0,0,0,0,0,0,0,0,0,34125,98.61
04/2026,5,CENTRO-OESTE,CO,50,MATO GROSSO DO SUL,MATO GROSSO DO SUL,MS,500310,CORGUINHO,CORGUINHO,3,2025,DOU,4892,3,0,0,0,0,0,0,0,0,0,0,0,10500,214.63
04/2026,5,CENTRO-OESTE,CO,50,MATO GROSSO DO SUL,MATO GROSSO DO SUL,MS,500315,CORONEL SAPUCAIA,CORONEL SAPUCAIA,3,2025,DOU,14685,4,0,0,0,0,0,0,0,0,0,0,0,14000,95.33
04/2026,5,CENTRO-OESTE,CO,50,MATO GROSSO DO SUL,MATO GROSSO DO SUL,MS,500320,CORUMBA,CORUMBÁ,1,2025,DOU,98751,27,0,0,1,252,1,182,1,0,0,0,434,94934,96.13
04/2026,5,CENTRO-OESTE,CO,50,MATO GROSSO DO SUL,MATO GROSSO DO SUL,MS,500325,COSTA RICA,COSTA RICA,1,2025,DOU,28740,7,0,0,0,0,0,0,0,0,0,0,0,24500,85.24
04/2026,5,CENTRO-OESTE,CO,50,MATO GROSSO DO SUL,MATO GROSSO DO SUL,MS,500330,COXIM,COXIM,1,2025,DOU,33440,9,0,0,0,0,0,0,1,546,0,0,546,32046,95.83
04/2026,5,CENTRO-OESTE,CO,50,MATO GROSSO DO SUL,MATO GROSSO DO SUL,MS,500345,DEODAPOLIS,DEODÁPOLIS,3,2025,DOU,14317,7,0,0,0,0,0,0,0,0,0,0,0,24500,171.12
04/2026,5,CENTRO-OESTE,CO,50,MATO GROSSO DO SUL,MATO GROSSO DO SUL,MS,500348,DOIS IRMAOS DO BURITI,DOIS IRMÃOS DO BURITI,3,2025,DOU,11521,4,0,0,0,0,0,0,1,1225,0,0,1225,15225,132.14
04/2026,5,CENTRO-OESTE,CO,50,MATO GROSSO DO SUL,MATO GROSSO DO SUL,MS,500350,DOURADINA,DOURADINA,3,2025,DOU,5768,2,0,0,0,0,0,0,0,0,0,0,0,7000,121.35
04/2026,5,CENTRO-OESTE,CO,50,MATO GROSSO DO SUL,MATO GROSSO DO SUL,MS,500370,DOURADOS,DOURADOS,1,2025,DOU,264017,57,3,0,0,0,0,0,1,952,2,3805,4757,212132,80.34
04/2026,5,CENTRO-OESTE,CO,50,MATO GROSSO DO SUL,MATO GROSSO DO SUL,MS,500375,ELDORADO,ELDORADO,3,2025,DOU,11622,4,0,0,0,0,0,0,1,3,0,0,3,14003,120.48
04/2026,5,CENTRO-OESTE,CO,50,MATO GROSSO DO SUL,MATO GROSSO DO SUL,MS,500380,FATIMA DO SUL,FÁTIMA DO SUL,1,2025,DOU,21504,7,0,0,0,0,0,0,0,0,0,0,0,24500,113.93
04/2026,5,CENTRO-OESTE,CO,50,MATO GROSSO DO SUL,MATO GROSSO DO SUL,MS,500390,FIGUEIRAO,FIGUEIRÃO,5,2025,DOU,3751,1,0,0,0,0,0,0,0,0,0,0,0,3500,93.3
04/2026,5,CENTRO-OESTE,CO,50,MATO GROSSO DO SUL,MATO GROSSO DO SUL,MS,500400,GLORIA DE DOURADOS,GLÓRIA DE DOURADOS,3,2025,DOU,10817,4,1,0,0,0,0,0,1,9,0,0,9,16634,153.77
04/2026,5,CENTRO-OESTE,CO,50,MATO GROSSO DO SUL,MATO GROSSO DO SUL,MS,500410,GUIA LOPES DA LAGUNA,GUIA LOPES DA LAGUNA,1,2025,DOU,10116,3,0,0,0,0,0,0,0,0,0,0,0,10500,103.79
04/2026,5,CENTRO-OESTE,CO,50,MATO GROSSO DO SUL,MATO GROSSO DO SUL,MS,500430,IGUATEMI,IGUATEMI,5,2025,DOU,13960,4,0,1,0,0,0,0,0,0,0,0,0,15750,112.82
04/2026,5,CENTRO-OESTE,CO,50,MATO GROSSO DO SUL,MATO GROSSO DO SUL,MS,500440,INOCENCIA,INOCÊNCIA,5,2025,DOU,8764,4,0,0,0,0,0,0,1,46,0,0,46,14046,160.26
04/2026,5,CENTRO-OESTE,CO,50,MATO GROSSO DO SUL,MATO GROSSO DO SUL,MS,500450,ITAPORA,ITAPORÃ,2,2025,DOU,25263,7,0,0,0,0,0,0,0,0,0,0,0,24500,96.97
04/2026,5,CENTRO-OESTE,CO,50,MATO GROSSO DO SUL,MATO GROSSO DO SUL,MS,500460,ITAQUIRAI,ITAQUIRAÍ,3,2025,DOU,20060,8,0,0,0,0,0,0,1,46,0,0,46,28046,139.81
04/2026,5,CENTRO-OESTE,CO,50,MATO GROSSO DO SUL,MATO GROSSO DO SUL,MS,500470,IVINHEMA,IVINHEMA,2,2025,DOU,30001,9,1,0,0,0,0,0,0,0,1,133,133,34258,114.18
04/2026,5,CENTRO-OESTE,CO,50,MATO GROSSO DO SUL,MATO GROSSO DO SUL,MS,500480,JAPORA,JAPORÃ,3,2025,DOU,8441,3,1,0,0,0,0,0,0,0,0,0,0,13125,155.49
04/2026,5,CENTRO-OESTE,CO,50,MATO GROSSO DO SUL,MATO GROSSO DO SUL,MS,500490,JARAGUARI,JARAGUARI,3,2025,DOU,7480,3,0,0,0,0,0,0,0,0,0,0,0,10500,140.37
04/2026,5,CENTRO-OESTE,CO,50,MATO GROSSO DO SUL,MATO GROSSO DO SUL,MS,500500,JARDIM,JARDIM,1,2025,DOU,24504,8,0,0,0,0,0,0,2,851,0,0,851,28851,117.73
04/2026,5,CENTRO-OESTE,CO,50,MATO GROSSO DO SUL,MATO GROSSO DO SUL,MS,500510,JATEI,JATEÍ,3,2025,DOU,3596,2,0,0,0,0,0,0,1,21,0,0,21,7021,195.24
04/2026,5,CENTRO-OESTE,CO,50,MATO GROSSO DO SUL,MATO GROSSO DO SUL,MS,500515,JUTI,JUTI,3,2025,DOU,7067,2,0,0,0,0,0,0,0,0,0,0,0,7000,99.05
04/2026,5,CENTRO-OESTE,CO,50,MATO GROSSO DO SUL,MATO GROSSO DO SUL,MS,500520,LADARIO,LADÁRIO,1,2025,DOU,22425,7,0,0,0,0,0,0,0,0,0,0,0,24500,109.25
04/2026,5,CENTRO-OESTE,CO,50,MATO GROSSO DO SUL,MATO GROSSO DO SUL,MS,500525,LAGUNA CARAPA,LAGUNA CARAPÃ,3,2025,DOU,7037,3,0,0,0,0,0,0,0,0,0,0,0,10500,149.21
04/2026,5,CENTRO-OESTE,CO,50,MATO GROSSO DO SUL,MATO GROSSO DO SUL,MS,500540,MARACAJU,MARACAJU,1,2025,DOU,48073,11,0,0,0,0,0,0,0,0,0,0,0,38500,80.08
04/2026,5,CENTRO-OESTE,CO,50,MATO GROSSO DO SUL,MATO GROSSO DO SUL,MS,500560,MIRANDA,MIRANDA,4,2025,DOU,26512,7,0,2,0,0,0,0,0,0,0,0,0,28000,105.61
04/2026,5,CENTRO-OESTE,CO,50,MATO GROSSO DO SUL,MATO GROSSO DO SUL,MS,500568,MUNDO NOVO,MUNDO NOVO,1,2025,DOU,20087,6,0,0,0,0,0,0,0,0,0,0,0,21000,104.54
04/2026,5,CENTRO-OESTE,CO,50,MATO GROSSO DO SUL,MATO GROSSO DO SUL,MS,500570,NAVIRAI,NAVIRAÍ,1,2025,DOU,53014,11,2,2,0,0,0,0,1,1548,0,0,1548,48798,92.04
04/2026,5,CENTRO-OESTE,CO,50,MATO GROSSO DO SUL,MATO GROSSO DO SUL,MS,500580,NIOAQUE,NIOAQUE,3,2025,DOU,13354,5,0,0,0,0,0,0,0,0,0,0,0,17500,131.04
04/2026,5,CENTRO-OESTE,CO,50,MATO GROSSO DO SUL,MATO GROSSO DO SUL,MS,500600,NOVA ALVORADA DO SUL,NOVA ALVORADA DO SUL,2,2025,DOU,23409,7,1,0,0,0,0,0,1,0,0,0,0,27125,115.87
04/2026,5,CENTRO-OESTE,CO,50,MATO GROSSO DO SUL,MATO GROSSO DO SUL,MS,500620,NOVA ANDRADINA,NOVA ANDRADINA,1,2025,DOU,50848,14,2,0,0,0,0,0,1,370,0,0,370,54620,107.41
04/2026,5,CENTRO-OESTE,CO,50,MATO GROSSO DO SUL,MATO GROSSO DO SUL,MS,500625,NOVO HORIZONTE DO SUL,NOVO HORIZONTE DO SUL,3,2025,DOU,4801,2,0,0,0,0,0,0,0,0,0,0,0,7000,145.8
04/2026,5,CENTRO-OESTE,CO,50,MATO GROSSO DO SUL,MATO GROSSO DO SUL,MS,500627,PARAISO DAS AGUAS,PARAÍSO DAS ÁGUAS,3,2025,DOU,5842,1,2,0,0,0,0,0,0,0,0,0,0,8750,149.77
04/2026,5,CENTRO-OESTE,CO,50,MATO GROSSO DO SUL,MATO GROSSO DO SUL,MS,500630,PARANAIBA,PARANAÍBA,1,2025,DOU,42638,12,0,0,0,0,0,0,1,478,0,0,478,42478,99.62
04/2026,5,CENTRO-OESTE,CO,50,MATO GROSSO DO SUL,MATO GROSSO DO SUL,MS,500635,PARANHOS,PARANHOS,5,2025,DOU,13368,3,0,0,0,0,0,0,0,0,0,0,0,10500,78.54
04/2026,5,CENTRO-OESTE,CO,50,MATO GROSSO DO SUL,MATO GROSSO DO SUL,MS,500640,PEDRO GOMES,PEDRO GOMES,5,2025,DOU,6910,2,0,0,0,0,0,0,0,0,0,0,0,7000,101.3
04/2026,5,CENTRO-OESTE,CO,50,MATO GROSSO DO SUL,MATO GROSSO DO SUL,MS,500660,PONTA PORA,PONTA PORÃ,1,2025,DOU,98598,21,1,0,0,0,1,153,2,1145,0,0,1298,77423,78.52
04/2026,5,CENTRO-OESTE,CO,50,MATO GROSSO DO SUL,MATO GROSSO DO SUL,MS,500690,PORTO MURTINHO,PORTO MURTINHO,5,2025,DOU,12721,6,0,0,0,0,0,0,0,0,0,0,0,21000,165.08
04/2026,5,CENTRO-OESTE,CO,50,MATO GROSSO DO SUL,MATO GROSSO DO SUL,MS,500710,RIBAS DO RIO PARDO,RIBAS DO RIO PARDO,2,2025,DOU,24152,6,1,0,0,0,0,0,0,0,0,0,0,23625,97.81
04/2026,5,CENTRO-OESTE,CO,50,MATO GROSSO DO SUL,MATO GROSSO DO SUL,MS,500720,RIO BRILHANTE,RIO BRILHANTE,2,2025,DOU,40419,10,2,0,0,0,0,0,2,882,0,0,882,41132,101.76
04/2026,5,CENTRO-OESTE,CO,50,MATO GROSSO DO SUL,MATO GROSSO DO SUL,MS,500730,RIO NEGRO,RIO NEGRO,3,2025,DOU,4921,2,0,0,0,0,0,0,1,142,0,0,142,7142,145.13
04/2026,5,CENTRO-OESTE,CO,50,MATO GROSSO DO SUL,MATO GROSSO DO SUL,MS,500740,RIO VERDE DE MATO GROSSO,RIO VERDE DE MATO GROSSO,1,2025,DOU,20454,8,0,0,0,0,0,0,1,0,0,0,0,28000,136.89
04/2026,5,CENTRO-OESTE,CO,50,MATO GROSSO DO SUL,MATO GROSSO DO SUL,MS,500750,ROCHEDO,ROCHEDO,3,2025,DOU,5451,2,0,0,0,0,0,0,0,0,0,0,0,7000,128.41
04/2026,5,CENTRO-OESTE,CO,50,MATO GROSSO DO SUL,MATO GROSSO DO SUL,MS,500755,SANTA RITA DO PARDO,SANTA RITA DO PARDO,3,2025,DOU,7165,2,0,1,0,0,0,0,0,0,0,0,0,8750,122.12
04/2026,5,CENTRO-OESTE,CO,50,MATO GROSSO DO SUL,MATO GROSSO DO SUL,MS,500769,SAO GABRIEL DO OESTE,SÃO GABRIEL DO OESTE,1,2025,DOU,32207,10,0,0,0,0,0,0,0,0,0,0,0,35000,108.67
04/2026,5,CENTRO-OESTE,CO,50,MATO GROSSO DO SUL,MATO GROSSO DO SUL,MS,500780,SELVIRIA,SELVÍRIA,3,2025,DOU,8716,3,0,0,0,0,0,0,0,0,0,0,0,10500,120.46
04/2026,5,CENTRO-OESTE,CO,50,MATO GROSSO DO SUL,MATO GROSSO DO SUL,MS,500770,SETE QUEDAS,SETE QUEDAS,5,2025,DOU,11322,3,0,0,0,0,0,0,1,0,0,0,0,10500,92.73
04/2026,5,CENTRO-OESTE,CO,50,MATO GROSSO DO SUL,MATO GROSSO DO SUL,MS,500790,SIDROLANDIA,SIDROLÂNDIA,1,2025,DOU,49735,13,0,0,0,0,0,0,0,0,0,0,0,45500,91.48
04/2026,5,CENTRO-OESTE,CO,50,MATO GROSSO DO SUL,MATO GROSSO DO SUL,MS,500793,SONORA,SONORA,1,2025,DOU,14813,5,0,1,0,0,0,0,0,0,0,0,0,19250,129.95
04/2026,5,CENTRO-OESTE,CO,50,MATO GROSSO DO SUL,MATO GROSSO DO SUL,MS,500795,TACURU,TACURU,5,2025,DOU,11205,3,0,0,0,0,0,0,0,0,0,0,0,10500,93.7
04/2026,5,CENTRO-OESTE,CO,50,MATO GROSSO DO SUL,MATO GROSSO DO SUL,MS,500797,TAQUARUSSU,TAQUARUSSU,3,2025,DOU,3740,2,0,0,0,0,0,0,0,0,0,0,0,7000,187.16
04/2026,5,CENTRO-OESTE,CO,50,MATO GROSSO DO SUL,MATO GROSSO DO SUL,MS,500800,TERENOS,TERENOS,3,2025,DOU,18182,7,0,0,0,0,0,0,0,0,0,0,0,24500,134.74
04/2026,5,CENTRO-OESTE,CO,50,MATO GROSSO DO SUL,MATO GROSSO DO SUL,MS,500830,TRES LAGOAS,TRÊS LAGOAS,1,2025,DOU,143523,40,0,3,0,0,1,352,2,575,0,0,927,146177,101.84
04/2026,5,CENTRO-OESTE,CO,50,MATO GROSSO DO SUL,MATO GROSSO DO SUL,MS,500840,VICENTINA,VICENTINA,3,2025,DOU,6505,2,0,0,0,0,0,0,0,0,0,0,0,7000,107.6
04/2026,5,CENTRO-OESTE,CO,51,MATO GROSSO,MATO GROSSO,MT,510010,ACORIZAL,ACORIZAL,3,2025,DOU,4948,2,1,0,0,0,0,0,0,0,0,0,0,9625,194.52
04/2026,5,CENTRO-OESTE,CO,51,MATO GROSSO,MATO GROSSO,MT,510020,AGUA BOA,ÁGUA BOA,1,2025,DOU,32099,13,0,0,0,0,0,0,0,0,0,0,0,45500,141.74
04/2026,5,CENTRO-OESTE,CO,51,MATO GROSSO,MATO GROSSO,MT,510025,ALTA FLORESTA,ALTA FLORESTA,1,2025,DOU,62158,17,0,0,0,0,0,0,1,278,0,0,278,59778,96.17
04/2026,5,CENTRO-OESTE,CO,51,MATO GROSSO,MATO GROSSO,MT,510030,ALTO ARAGUAIA,ALTO ARAGUAIA,1,2025,DOU,17751,7,1,0,0,0,0,0,0,0,0,0,0,27125,152.8
04/2026,5,CENTRO-OESTE,CO,51,MATO GROSSO,MATO GROSSO,MT,510035,ALTO BOA VISTA,ALTO BOA VISTA,5,2025,DOU,5920,3,0,0,0,0,0,0,0,0,0,0,0,10500,177.36
04/2026,5,CENTRO-OESTE,CO,51,MATO GROSSO,MATO GROSSO,MT,510040,ALTO GARCAS,ALTO GARÇAS,4,2025,DOU,13956,4,0,0,0,0,0,0,0,0,0,0,0,14000,100.31
04/2026,5,CENTRO-OESTE,CO,51,MATO GROSSO,MATO GROSSO,MT,510050,ALTO PARAGUAI,ALTO PARAGUAI,5,2025,DOU,7525,4,0,2,0,0,0,0,0,0,0,0,0,17500,232.55
04/2026,5,CENTRO-OESTE,CO,51,MATO GROSSO,MATO GROSSO,MT,510060,ALTO TAQUARI,ALTO TAQUARI,4,2025,DOU,11877,3,0,0,0,0,0,0,0,0,0,0,0,10500,88.4
04/2026,5,CENTRO-OESTE,CO,51,MATO GROSSO,MATO GROSSO,MT,510080,APIACAS,APIACÁS,5,2025,DOU,8693,3,0,0,0,0,0,0,0,0,0,0,0,10500,120.78
04/2026,5,CENTRO-OESTE,CO,51,MATO GROSSO,MATO GROSSO,MT,510100,ARAGUAIANA,ARAGUAIANA,3,2025,DOU,4005,1,0,0,0,0,0,0,0,0,0,0,0,3500,87.39
04/2026,5,CENTRO-OESTE,CO,51,MATO GROSSO,MATO GROSSO,MT,510120,ARAGUAINHA,ARAGUAINHA,5,2025,DOU,997,1,0,0,0,0,0,0,0,0,0,0,0,3500,351.05
04/2026,5,CENTRO-OESTE,CO,51,MATO GROSSO,MATO GROSSO,MT,510125,ARAPUTANGA,ARAPUTANGA,1,2025,DOU,14805,5,0,0,0,0,0,0,0,0,0,0,0,17500,118.2
04/2026,5,CENTRO-OESTE,CO,51,MATO GROSSO,MATO GROSSO,MT,510130,ARENAPOLIS,ARENÁPOLIS,1,2025,DOU,10769,4,0,0,0,0,0,0,1,0,0,0,0,14000,130.0
04/2026,5,CENTRO-OESTE,CO,51,MATO GROSSO,MATO GROSSO,MT,510140,ARIPUANA,ARIPUANÃ,4,2025,DOU,26558,6,0,0,0,0,0,0,0,0,0,0,0,21000,79.07
04/2026,5,CENTRO-OESTE,CO,51,MATO GROSSO,MATO GROSSO,MT,510160,BARAO DE MELGACO,BARÃO DE MELGAÇO,3,2025,DOU,7137,3,0,0,0,0,0,0,0,0,0,0,0,10500,147.12
04/2026,5,CENTRO-OESTE,CO,51,MATO GROSSO,MATO GROSSO,MT,510170,BARRA DO BUGRES,BARRA DO BUGRES,1,2025,DOU,29406,8,1,0,0,0,0,0,0,0,0,0,0,30625,104.14
04/2026,5,CENTRO-OESTE,CO,51,MATO GROSSO,MATO GROSSO,MT,510180,BARRA DO GARCAS,BARRA DO GARÇAS,1,2025,DOU,73878,20,0,0,0,0,0,0,1,867,0,0,867,70867,95.92
04/2026,5,CENTRO-OESTE,CO,51,MATO GROSSO,MATO GROSSO,MT,510183,BOA ESPERANCA DO NORTE,BOA ESPERANÇA DO NORTE,,2025,DOU,5877,2,2,0,0,0,0,0,0,0,0,0,0,12250,208.43
04/2026,5,CENTRO-OESTE,CO,51,MATO GROSSO,MATO GROSSO,MT,510185,BOM JESUS DO ARAGUAIA,BOM JESUS DO ARAGUAIA,5,2025,DOU,7912,3,0,0,0,0,0,0,0,0,0,0,0,10500,132.7
04/2026,5,CENTRO-OESTE,CO,51,MATO GROSSO,MATO GROSSO,MT,510190,BRASNORTE,BRASNORTE,5,2025,DOU,17645,5,0,0,0,0,0,0,0,0,0,0,0,17500,99.17
04/2026,5,CENTRO-OESTE,CO,51,MATO GROSSO,MATO GROSSO,MT,510250,CACERES,CÁCERES,1,2025,DOU,91767,18,11,0,0,0,0,0,0,0,0,0,0,91875,100.11
04/2026,5,CENTRO-OESTE,CO,51,MATO GROSSO,MATO GROSSO,MT,510260,CAMPINAPOLIS,CAMPINÁPOLIS,5,2025,DOU,15808,3,0,0,0,0,0,0,0,0,0,0,0,10500,66.42
04/2026,5,CENTRO-OESTE,CO,51,MATO GROSSO,MATO GROSSO,MT,510263,CAMPO NOVO DO PARECIS,CAMPO NOVO DO PARECIS,1,2025,DOU,51722,12,1,1,0,0,0,0,0,0,0,0,0,46375,89.66
04/2026,5,CENTRO-OESTE,CO,51,MATO GROSSO,MATO GROSSO,MT,510267,CAMPO VERDE,CAMPO VERDE,2,2025,DOU,49053,14,0,2,0,0,0,0,0,0,0,0,0,52500,107.02
04/2026,5,CENTRO-OESTE,CO,51,MATO GROSSO,MATO GROSSO,MT,510268,CAMPOS DE JULIO,CAMPOS DE JÚLIO,5,2025,DOU,9946,3,0,0,0,0,0,0,0,0,0,0,0,10500,105.57
04/2026,5,CENTRO-OESTE,CO,51,MATO GROSSO,MATO GROSSO,MT,510269,CANABRAVA DO NORTE,CANABRAVA DO NORTE,5,2025,DOU,4451,2,0,0,0,0,0,0,0,0,0,0,0,7000,157.26
04/2026,5,CENTRO-OESTE,CO,51,MATO GROSSO,MATO GROSSO,MT,510270,CANARANA,CANARANA,4,2025,DOU,28324,8,0,0,0,0,0,0,0,0,0,0,0,28000,98.85
04/2026,5,CENTRO-OESTE,CO,51,MATO GROSSO,MATO GROSSO,MT,510279,CARLINDA,CARLINDA,5,2025,DOU,10260,5,0,0,0,0,0,0,0,0,0,0,0,17500,170.56
04/2026,5,CENTRO-OESTE,CO,51,MATO GROSSO,MATO GROSSO,MT,510285,CASTANHEIRA,CASTANHEIRA,5,2025,DOU,7392,3,0,0,0,0,0,0,0,0,0,0,0,10500,142.04
04/2026,5,CENTRO-OESTE,CO,51,MATO GROSSO,MATO GROSSO,MT,510300,CHAPADA DOS GUIMARAES,CHAPADA DOS GUIMARÃES,3,2025,DOU,19458,9,0,0,0,0,0,0,0,0,0,0,0,31500,161.88
04/2026,5,CENTRO-OESTE,CO,51,MATO GROSSO,MATO GROSSO,MT,510305,CLAUDIA,CLÁUDIA,2,2025,DOU,9301,4,0,0,0,0,0,0,0,0,0,0,0,14000,150.52
04/2026,5,CENTRO-OESTE,CO,51,MATO GROSSO,MATO GROSSO,MT,510310,COCALINHO,COCALINHO,3,2025,DOU,6495,3,0,0,0,0,0,0,0,0,0,0,0,10500,161.66
04/2026,5,CENTRO-OESTE,CO,51,MATO GROSSO,MATO GROSSO,MT,510320,COLIDER,COLÍDER,1,2025,DOU,32054,8,0,0,0,0,0,0,0,0,0,0,0,28000,87.35
04/2026,5,CENTRO-OESTE,CO,51,MATO GROSSO,MATO GROSSO,MT,510325,COLNIZA,COLNIZA,5,2025,DOU,26026,7,0,0,0,0,0,0,0,0,0,0,0,24500,94.13
04/2026,5,CENTRO-OESTE,CO,51,MATO GROSSO,MATO GROSSO,MT,510330,COMODORO,COMODORO,2,2025,DOU,18469,6,0,0,0,0,0,0,0,0,0,0,0,21000,113.7
04/2026,5,CENTRO-OESTE,CO,51,MATO GROSSO,MATO GROSSO,MT,510335,CONFRESA,CONFRESA,4,2025,DOU,38460,9,0,2,0,0,0,0,0,0,0,0,0,35000,91.0
04/2026,5,CENTRO-OESTE,CO,51,MATO GROSSO,MATO GROSSO,MT,510336,CONQUISTA D'OESTE,CONQUISTA D'OESTE,5,2025,DOU,3908,2,0,0,0,0,0,0,0,0,0,0,0,7000,179.11
04/2026,5,CENTRO-OESTE,CO,51,MATO GROSSO,MATO GROSSO,MT,510337,COTRIGUACU,COTRIGUAÇU,5,2025,DOU,10030,5,1,0,0,0,0,0,0,0,0,0,0,20125,200.64
04/2026,5,CENTRO-OESTE,CO,51,MATO GROSSO,MATO GROSSO,MT,510340,CUIABA,CUIABÁ,1,2025,DOU,691875,143,0,0,0,0,2,1066,2,2206,1,1913,5185,505685,73.08
04/2026,5,CENTRO-OESTE,CO,51,MATO GROSSO,MATO GROSSO,MT,510343,CURVELANDIA,CURVELÂNDIA,3,2025,DOU,4970,2,0,0,0,0,0,0,0,0,0,0,0,7000,140.84
04/2026,5,CENTRO-OESTE,CO,51,MATO GROSSO,MATO GROSSO,MT,510345,DENISE,DENISE,4,2025,DOU,6675,3,0,0,0,0,0,0,0,0,0,0,0,10500,157.3
04/2026,5,CENTRO-OESTE,CO,51,MATO GROSSO,MATO GROSSO,MT,510350,DIAMANTINO,DIAMANTINO,4,2025,DOU,22623,10,1,0,0,0,0,0,0,0,0,0,0,37625,166.31
04/2026,5,CENTRO-OESTE,CO,51,MATO GROSSO,MATO GROSSO,MT,510360,DOM AQUINO,DOM AQUINO,3,2025,DOU,7890,4,0,0,0,0,0,0,0,0,0,0,0,14000,177.43
04/2026,5,CENTRO-OESTE,CO,51,MATO GROSSO,MATO GROSSO,MT,510370,FELIZ NATAL,FELIZ NATAL,3,2025,DOU,10523,3,0,0,0,0,0,0,0,0,0,0,0,10500,99.78
04/2026,5,CENTRO-OESTE,CO,51,MATO GROSSO,MATO GROSSO,MT,510380,FIGUEIROPOLIS D'OESTE,FIGUEIRÓPOLIS D'OESTE,5,2025,DOU,3056,1,0,0,0,0,0,0,0,0,0,0,0,3500,114.52
04/2026,5,CENTRO-OESTE,CO,51,MATO GROSSO,MATO GROSSO,MT,510385,GAUCHA DO NORTE,GAÚCHA DO NORTE,5,2025,DOU,9397,2,0,0,0,0,0,0,0,0,0,0,0,7000,74.49
04/2026,5,CENTRO-OESTE,CO,51,MATO GROSSO,MATO GROSSO,MT,510390,GENERAL CARNEIRO,GENERAL CARNEIRO,3,2025,DOU,6319,2,0,0,0,0,0,0,0,0,0,0,0,7000,110.77
04/2026,5,CENTRO-OESTE,CO,51,MATO GROSSO,MATO GROSSO,MT,510395,GLORIA D'OESTE,GLÓRIA D'OESTE,3,2025,DOU,2878,2,0,0,0,0,0,0,0,0,0,0,0,7000,243.22
04/2026,5,CENTRO-OESTE,CO,51,MATO GROSSO,MATO GROSSO,MT,510410,GUARANTA DO NORTE,GUARANTÃ DO NORTE,4,2025,DOU,31209,9,0,0,0,0,0,0,0,0,0,0,0,31500,100.93
04/2026,5,CENTRO-OESTE,CO,51,MATO GROSSO,MATO GROSSO,MT,510420,GUIRATINGA,GUIRATINGA,2,2025,DOU,10252,5,0,0,0,0,0,0,0,0,0,0,0,17500,170.69
04/2026,5,CENTRO-OESTE,CO,51,MATO GROSSO,MATO GROSSO,MT,510450,INDIAVAI,INDIAVAÍ,5,2025,DOU,2172,1,0,0,0,0,0,0,0,0,0,0,0,3500,161.14
04/2026,5,CENTRO-OESTE,CO,51,MATO GROSSO,MATO GROSSO,MT,510452,IPIRANGA DO NORTE,IPIRANGA DO NORTE,5,2025,DOU,8658,3,0,0,0,0,0,0,0,0,0,0,0,10500,121.27
04/2026,5,CENTRO-OESTE,CO,51,MATO GROSSO,MATO GROSSO,MT,510454,ITANHANGA,ITANHANGÁ,5,2025,DOU,8257,3,0,0,0,0,0,0,0,0,0,0,0,10500,127.16
04/2026,5,CENTRO-OESTE,CO,51,MATO GROSSO,MATO GROSSO,MT,510455,ITAUBA,ITAÚBA,2,2025,DOU,5201,1,0,0,0,0,0,0,0,0,0,0,0,3500,67.29
04/2026,5,CENTRO-OESTE,CO,51,MATO GROSSO,MATO GROSSO,MT,510460,ITIQUIRA,ITIQUIRA,5,2025,DOU,12587,5,0,0,0,0,0,0,0,0,0,0,0,17500,139.03
04/2026,5,CENTRO-OESTE,CO,51,MATO GROSSO,MATO GROSSO,MT,510480,JACIARA,JACIARA,1,2025,DOU,29803,8,1,0,0,0,0,0,0,0,0,0,0,30625,102.75
04/2026,5,CENTRO-OESTE,CO,51,MATO GROSSO,MATO GROSSO,MT,510490,JANGADA,JANGADA,3,2025,DOU,7413,4,0,0,0,0,0,0,0,0,0,0,0,14000,188.85
04/2026,5,CENTRO-OESTE,CO,51,MATO GROSSO,MATO GROSSO,MT,510500,JAURU,JAURU,5,2025,DOU,7881,3,1,0,0,0,0,0,0,0,0,0,0,13125,166.53
04/2026,5,CENTRO-OESTE,CO,51,MATO GROSSO,MATO GROSSO,MT,510510,JUARA,JUARA,4,2025,DOU,36089,9,0,0,0,0,0,0,0,0,0,0,0,31500,87.28
04/2026,5,CENTRO-OESTE,CO,51,MATO GROSSO,MATO GROSSO,MT,510515,JUINA,JUÍNA,1,2025,DOU,48396,12,0,0,0,0,0,0,1,243,0,0,243,42243,87.28
04/2026,5,CENTRO-OESTE,CO,51,MATO GROSSO,MATO GROSSO,MT,510517,JURUENA,JURUENA,5,2025,DOU,10057,3,0,0,0,0,0,0,0,0,0,0,0,10500,104.4
04/2026,5,CENTRO-OESTE,CO,51,MATO GROSSO,MATO GROSSO,MT,510520,JUSCIMEIRA,JUSCIMEIRA,3,2025,DOU,11622,5,0,0,0,0,0,0,0,0,0,0,0,17500,150.57
04/2026,5,CENTRO-OESTE,CO,51,MATO GROSSO,MATO GROSSO,MT,510523,LAMBARI D'OESTE,LAMBARI D'OESTE,3,2025,DOU,4662,2,0,0,0,0,0,0,0,0,0,0,0,7000,150.15
04/2026,5,CENTRO-OESTE,CO,51,MATO GROSSO,MATO GROSSO,MT,510525,LUCAS DO RIO VERDE,LUCAS DO RIO VERDE,1,2025,DOU,95792,25,0,2,0,0,0,0,0,0,0,0,0,91000,94.99
04/2026,5,CENTRO-OESTE,CO,51,MATO GROSSO,MATO GROSSO,MT,510530,LUCIARA,LUCIARA,5,2025,DOU,2616,1,0,0,0,0,0,0,0,0,0,0,0,3500,133.79
04/2026,5,CENTRO-OESTE,CO,51,MATO GROSSO,MATO GROSSO,MT,510558,MARCELANDIA,MARCELÂNDIA,5,2025,DOU,11355,4,0,0,0,0,0,0,0,0,0,0,0,14000,123.29
04/2026,5,CENTRO-OESTE,CO,51,MATO GROSSO,MATO GROSSO,MT,510560,MATUPA,MATUPÁ,5,2025,DOU,21959,7,0,0,0,0,0,0,0,0,0,0,0,24500,111.57
04/2026,5,CENTRO-OESTE,CO,51,MATO GROSSO,MATO GROSSO,MT,510562,MIRASSOL D'OESTE,MIRASSOL D'OESTE,1,2025,DOU,27637,7,0,0,0,0,0,0,0,0,0,0,0,24500,88.64
04/2026,5,CENTRO-OESTE,CO,51,MATO GROSSO,MATO GROSSO,MT,510590,NOBRES,NOBRES,3,2025,DOU,15796,6,0,0,0,0,0,0,0,0,0,0,0,21000,132.94
04/2026,5,CENTRO-OESTE,CO,51,MATO GROSSO,MATO GROSSO,MT,510600,NORTELANDIA,NORTELÂNDIA,1,2025,DOU,5890,3,0,0,0,0,0,0,0,0,0,0,0,10500,178.26
04/2026,5,CENTRO-OESTE,CO,51,MATO GROSSO,MATO GROSSO,MT,510610,NOSSA SENHORA DO LIVRAMENTO,NOSSA SENHORA DO LIVRAMENTO,3,2025,DOU,11658,4,1,0,0,0,0,0,0,0,0,0,0,16625,142.6
04/2026,5,CENTRO-OESTE,CO,51,MATO GROSSO,MATO GROSSO,MT,510615,NOVA BANDEIRANTES,NOVA BANDEIRANTES,5,2025,DOU,14340,6,0,0,0,0,0,0,0,0,0,0,0,21000,146.44
04/2026,5,CENTRO-OESTE,CO,51,MATO GROSSO,MATO GROSSO,MT,510620,NOVA BRASILANDIA,NOVA BRASILÂNDIA,5,2025,DOU,3791,2,0,0,0,0,0,0,0,0,0,0,0,7000,184.64
04/2026,5,CENTRO-OESTE,CO,51,MATO GROSSO,MATO GROSSO,MT,510621,NOVA CANAA DO NORTE,NOVA CANAÃ DO NORTE,5,2025,DOU,11734,5,0,0,0,0,0,0,0,0,0,0,0,17500,149.13
04/2026,5,CENTRO-OESTE,CO,51,MATO GROSSO,MATO GROSSO,MT,510880,NOVA GUARITA,NOVA GUARITA,5,2025,DOU,4546,2,0,0,0,0,0,0,0,0,0,0,0,7000,153.98
04/2026,5,CENTRO-OESTE,CO,51,MATO GROSSO,MATO GROSSO,MT,510618,NOVA LACERDA,NOVA LACERDA,5,2025,DOU,7072,3,0,0,0,0,0,0,0,0,0,0,0,10500,148.47
04/2026,5,CENTRO-OESTE,CO,51,MATO GROSSO,MATO GROSSO,MT,510885,NOVA MARILANDIA,NOVA MARILÂNDIA,5,2025,DOU,3731,1,0,0,0,0,0,0,0,0,0,0,0,3500,93.8
04/2026,5,CENTRO-OESTE,CO,51,MATO GROSSO,MATO GROSSO,MT,510890,NOVA MARINGA,NOVA MARINGÁ,5,2025,DOU,5705,3,0,0,0,0,0,0,0,0,0,0,0,10500,184.04
04/2026,5,CENTRO-OESTE,CO,51,MATO GROSSO,MATO GROSSO,MT,510895,NOVA MONTE VERDE,NOVA MONTE VERDE,5,2025,DOU,8470,3,0,0,0,0,0,0,0,0,0,0,0,10500,123.96
04/2026,5,CENTRO-OESTE,CO,51,MATO GROSSO,MATO GROSSO,MT,510622,NOVA MUTUM,NOVA MUTUM,1,2025,DOU,63455,15,1,0,0,0,0,0,0,0,0,0,0,55125,86.87
04/2026,5,CENTRO-OESTE,CO,51,MATO GROSSO,MATO GROSSO,MT,510617,NOVA NAZARE,NOVA NAZARÉ,5,2025,DOU,4575,2,0,0,0,0,0,0,0,0,0,0,0,7000,153.0
04/2026,5,CENTRO-OESTE,CO,51,MATO GROSSO,MATO GROSSO,MT,510623,NOVA OLIMPIA,NOVA OLÍMPIA,1,2025,DOU,16204,5,0,0,0,0,0,0,0,0,0,0,0,17500,107.99
04/2026,5,CENTRO-OESTE,CO,51,MATO GROSSO,MATO GROSSO,MT,510619,NOVA SANTA HELENA,NOVA SANTA HELENA,5,2025,DOU,4502,2,0,0,0,0,0,0,0,0,0,0,0,7000,155.48
04/2026,5,CENTRO-OESTE,CO,51,MATO GROSSO,MATO GROSSO,MT,510624,NOVA UBIRATA,NOVA UBIRATÃ,5,2025,DOU,9760,4,1,0,0,0,0,0,0,0,0,0,0,16625,170.33
04/2026,5,CENTRO-OESTE,CO,51,MATO GROSSO,MATO GROSSO,MT,510625,NOVA XAVANTINA,NOVA XAVANTINA,1,2025,DOU,25915,7,0,0,0,0,0,0,0,0,0,0,0,24500,94.53
04/2026,5,CENTRO-OESTE,CO,51,MATO GROSSO,MATO GROSSO,MT,510627,NOVO HORIZONTE DO NORTE,NOVO HORIZONTE DO NORTE,5,2025,DOU,3267,2,0,0,0,0,0,0,0,0,0,0,0,7000,214.26
04/2026,5,CENTRO-OESTE,CO,51,MATO GROSSO,MATO GROSSO,MT,510626,NOVO MUNDO,NOVO MUNDO,5,2025,DOU,6368,4,0,0,0,0,0,0,0,0,0,0,0,14000,219.84
04/2026,5,CENTRO-OESTE,CO,51,MATO GROSSO,MATO GROSSO,MT,510631,NOVO SANTO ANTONIO,NOVO SANTO ANTÔNIO,5,2025,DOU,2041,1,0,0,0,0,0,0,0,0,0,0,0,3500,171.48
04/2026,5,CENTRO-OESTE,CO,51,MATO GROSSO,MATO GROSSO,MT,510628,NOVO SAO JOAQUIM,NOVO SÃO JOAQUIM,5,2025,DOU,7239,3,0,0,0,0,0,0,0,0,0,0,0,10500,145.04
04/2026,5,CENTRO-OESTE,CO,51,MATO GROSSO,MATO GROSSO,MT,510629,PARANAITA,PARANAÍTA,5,2025,DOU,12079,5,0,0,1,29,0,0,0,0,0,0,29,17529,145.11
04/2026,5,CENTRO-OESTE,CO,51,MATO GROSSO,MATO GROSSO,MT,510630,PARANATINGA,PARANATINGA,4,2025,DOU,28870,7,0,0,0,0,0,0,0,0,0,0,0,24500,84.86
04/2026,5,CENTRO-OESTE,CO,51,MATO GROSSO,MATO GROSSO,MT,510637,PEDRA PRETA,PEDRA PRETA,2,2025,DOU,18946,6,0,0,0,0,0,0,0,0,0,0,0,21000,110.84
04/2026,5,CENTRO-OESTE,CO,51,MATO GROSSO,MATO GROSSO,MT,510642,PEIXOTO DE AZEVEDO,PEIXOTO DE AZEVEDO,4,2025,DOU,33754,8,0,0,0,0,0,0,1,522,0,0,522,28522,84.49
04/2026,5,CENTRO-OESTE,CO,51,MATO GROSSO,MATO GROSSO,MT,510645,PLANALTO DA SERRA,PLANALTO DA SERRA,5,2025,DOU,3328,1,0,0,0,0,0,0,0,0,0,0,0,3500,105.16
04/2026,5,CENTRO-OESTE,CO,51,MATO GROSSO,MATO GROSSO,MT,510650,POCONE,POCONÉ,2,2025,DOU,31203,9,0,0,0,0,0,0,0,0,0,0,0,31500,100.95
04/2026,5,CENTRO-OESTE,CO,51,MATO GROSSO,MATO GROSSO,MT,510665,PONTAL DO ARAGUAIA,PONTAL DO ARAGUAIA,1,2025,DOU,7441,3,1,0,0,0,0,0,0,0,0,0,0,13125,176.38
04/2026,5,CENTRO-OESTE,CO,51,MATO GROSSO,MATO GROSSO,MT,510670,PONTE BRANCA,PONTE BRANCA,5,2025,DOU,2098,1,0,0,0,0,0,0,0,0,0,0,0,3500,166.82
04/2026,5,CENTRO-OESTE,CO,51,MATO GROSSO,MATO GROSSO,MT,510675,PONTES E LACERDA,PONTES E LACERDA,1,2025,DOU,55762,12,0,1,0,0,0,0,1,41,0,0,41,43791,78.53
04/2026,5,CENTRO-OESTE,CO,51,MATO GROSSO,MATO GROSSO,MT,510677,PORTO ALEGRE DO NORTE,PORTO ALEGRE DO NORTE,5,2025,DOU,12649,5,0,0,0,0,0,0,0,0,0,0,0,17500,138.35
04/2026,5,CENTRO-OESTE,CO,51,MATO GROSSO,MATO GROSSO,MT,510680,PORTO DOS GAUCHOS,PORTO DOS GAÚCHOS,5,2025,DOU,5705,3,0,0,0,0,0,0,0,0,0,0,0,10500,184.04
04/2026,5,CENTRO-OESTE,CO,51,MATO GROSSO,MATO GROSSO,MT,510682,PORTO ESPERIDIAO,PORTO ESPERIDIÃO,3,2025,DOU,10088,5,0,0,0,0,0,0,0,0,0,0,0,17500,173.47
04/2026,5,CENTRO-OESTE,CO,51,MATO GROSSO,MATO GROSSO,MT,510685,PORTO ESTRELA,PORTO ESTRELA,3,2025,DOU,3141,2,0,0,0,0,0,0,0,0,0,0,0,7000,222.85
04/2026,5,CENTRO-OESTE,CO,51,MATO GROSSO,MATO GROSSO,MT,510700,POXOREO,POXORÉO,3,2025,DOU,25103,6,0,0,0,0,0,0,0,0,0,0,0,21000,83.65
04/2026,5,CENTRO-OESTE,CO,51,MATO GROSSO,MATO GROSSO,MT,510704,PRIMAVERA DO LESTE,PRIMAVERA DO LESTE,1,2025,DOU,96006,17,0,0,0,0,1,91,0,0,0,0,91,59591,62.07
04/2026,5,CENTRO-OESTE,CO,51,MATO GROSSO,MATO GROSSO,MT,510706,QUERENCIA,QUERÊNCIA,5,2025,DOU,31100,7,1,0,0,0,0,0,0,0,0,0,0,27125,87.21
04/2026,5,CENTRO-OESTE,CO,51,MATO GROSSO,MATO GROSSO,MT,510715,RESERVA DO CABACAL,RESERVA DO CABAÇAL,5,2025,DOU,2020,1,0,0,0,0,0,0,0,0,0,0,0,3500,173.26
04/2026,5,CENTRO-OESTE,CO,51,MATO GROSSO,MATO GROSSO,MT,510718,RIBEIRAO CASCALHEIRA,RIBEIRÃO CASCALHEIRA,5,2025,DOU,10541,5,0,0,0,0,0,0,0,0,0,0,0,17500,166.01
04/2026,5,CENTRO-OESTE,CO,51,MATO GROSSO,MATO GROSSO,MT,510719,RIBEIRAOZINHO,RIBEIRÃOZINHO,3,2025,DOU,2733,1,0,0,0,0,0,0,0,0,0,0,0,3500,128.06
04/2026,5,CENTRO-OESTE,CO,51,MATO GROSSO,MATO GROSSO,MT,510720,RIO BRANCO,RIO BRANCO,3,2025,DOU,4440,2,0,0,0,0,0,0,0,0,0,0,0,7000,157.65
04/2026,5,CENTRO-OESTE,CO,51,MATO GROSSO,MATO GROSSO,MT,510757,RONDOLANDIA,RONDOLÂNDIA,3,2025,DOU,3518,2,0,0,0,0,0,0,0,0,0,0,0,7000,198.97
04/2026,5,CENTRO-OESTE,CO,51,MATO GROSSO,MATO GROSSO,MT,510760,RONDONOPOLIS,RONDONÓPOLIS,1,2025,DOU,263708,63,2,0,0,0,0,0,2,7,1,1548,1555,227305,86.19
04/2026,5,CENTRO-OESTE,CO,51,MATO GROSSO,MATO GROSSO,MT,510770,ROSARIO OESTE,ROSÁRIO OESTE,3,2025,DOU,15041,6,0,0,0,0,0,0,0,0,0,0,0,21000,139.61
04/2026,5,CENTRO-OESTE,CO,51,MATO GROSSO,MATO GROSSO,MT,510775,SALTO DO CEU,SALTO DO CÉU,3,2025,DOU,3657,2,0,0,0,0,0,0,0,0,0,0,0,7000,191.41
04/2026,5,CENTRO-OESTE,CO,51,MATO GROSSO,MATO GROSSO,MT,510724,SANTA CARMEM,SANTA CARMEM,3,2025,DOU,5795,2,1,0,0,0,0,0,0,0,0,0,0,9625,166.09
04/2026,5,CENTRO-OESTE,CO,51,MATO GROSSO,MATO GROSSO,MT,510774,SANTA CRUZ DO XINGU,SANTA CRUZ DO XINGU,5,2025,DOU,2904,1,0,0,0,0,0,0,0,0,0,0,0,3500,120.52
04/2026,5,CENTRO-OESTE,CO,51,MATO GROSSO,MATO GROSSO,MT,510776,SANTA RITA DO TRIVELATO,SANTA RITA DO TRIVELATO,5,2025,DOU,3536,2,0,0,0,0,0,0,0,0,0,0,0,7000,197.96
04/2026,5,CENTRO-OESTE,CO,51,MATO GROSSO,MATO GROSSO,MT,510777,SANTA TEREZINHA,SANTA TEREZINHA,5,2025,DOU,7737,3,0,0,0,0,0,0,0,0,0,0,0,10500,135.71
04/2026,5,CENTRO-OESTE,CO,51,MATO GROSSO,MATO GROSSO,MT,510726,SANTO AFONSO,SANTO AFONSO,5,2025,DOU,2416,1,0,0,0,0,0,0,0,0,0,0,0,3500,144.86
04/2026,5,CENTRO-OESTE,CO,51,MATO GROSSO,MATO GROSSO,MT,510779,SANTO ANTONIO DO LESTE,SANTO ANTÔNIO DO LESTE,5,2025,DOU,4244,1,1,0,0,0,0,0,0,0,0,0,0,6125,144.32
04/2026,5,CENTRO-OESTE,CO,51,MATO GROSSO,MATO GROSSO,MT,510780,SANTO ANTONIO DO LEVERGER,SANTO ANTÔNIO DO LEVERGER,3,2025,DOU,16839,6,1,0,0,0,0,0,0,0,0,0,0,23625,140.29
04/2026,5,CENTRO-OESTE,CO,51,MATO GROSSO,MATO GROSSO,MT,510785,SAO FELIX DO ARAGUAIA,SÃO FÉLIX DO ARAGUAIA,5,2025,DOU,14604,4,0,0,0,0,0,0,0,0,0,0,0,14000,95.86
04/2026,5,CENTRO-OESTE,CO,51,MATO GROSSO,MATO GROSSO,MT,510729,SAO JOSE DO POVO,SÃO JOSÉ DO POVO,3,2025,DOU,2716,2,0,0,0,0,0,0,0,0,0,0,0,7000,257.73
04/2026,5,CENTRO-OESTE,CO,51,MATO GROSSO,MATO GROSSO,MT,510730,SAO JOSE DO RIO CLARO,SÃO JOSÉ DO RIO CLARO,1,2025,DOU,14455,6,0,0,0,0,0,0,0,0,0,0,0,21000,145.27
04/2026,5,CENTRO-OESTE,CO,51,MATO GROSSO,MATO GROSSO,MT,510735,SAO JOSE DO XINGU,SÃO JOSÉ DO XINGU,5,2025,DOU,6234,2,0,0,0,0,0,0,0,0,0,0,0,7000,112.28
04/2026,5,CENTRO-OESTE,CO,51,MATO GROSSO,MATO GROSSO,MT,510710,SAO JOSE DOS QUATRO MARCOS,SÃO JOSÉ DOS QUATRO MARCOS,2,2025,DOU,17721,5,0,0,0,0,0,0,0,0,0,0,0,17500,98.75
04/2026,5,CENTRO-OESTE,CO,51,MATO GROSSO,MATO GROSSO,MT,510740,SAO PEDRO DA CIPA,SÃO PEDRO DA CIPA,3,2025,DOU,4250,2,0,0,0,0,0,0,0,0,0,0,0,7000,164.7
04/2026,5,CENTRO-OESTE,CO,51,MATO GROSSO,MATO GROSSO,MT,510787,SAPEZAL,SAPEZAL,1,2025,DOU,32514,7,0,0,0,0,0,0,0,0,0,0,0,24500,75.35
04/2026,5,CENTRO-OESTE,CO,51,MATO GROSSO,MATO GROSSO,MT,510788,SERRA NOVA DOURADA,SERRA NOVA DOURADA,5,2025,DOU,1941,1,0,0,0,0,0,0,0,0,0,0,0,3500,180.31
04/2026,5,CENTRO-OESTE,CO,51,MATO GROSSO,MATO GROSSO,MT,510790,SINOP,SINOP,1,2025,DOU,223780,37,3,0,0,0,0,0,1,51,0,0,51,137426,61.41
04/2026,5,CENTRO-OESTE,CO,51,MATO GROSSO,MATO GROSSO,MT,510792,SORRISO,SORRISO,1,2025,DOU,124665,27,2,1,0,0,0,0,1,0,0,0,0,101500,81.41
04/2026,5,CENTRO-OESTE,CO,51,MATO GROSSO,MATO GROSSO,MT,510794,TABAPORA,TABAPORÃ,5,2025,DOU,9895,4,0,0,0,0,0,0,0,0,0,0,0,14000,141.48
04/2026,5,CENTRO-OESTE,CO,51,MATO GROSSO,MATO GROSSO,MT,510795,TANGARA DA SERRA,TANGARÁ DA SERRA,1,2025,DOU,114603,23,0,0,0,0,0,0,0,0,0,0,0,80500,70.24
04/2026,5,CENTRO-OESTE,CO,51,MATO GROSSO,MATO GROSSO,MT,510800,TAPURAH,TAPURAH,5,2025,DOU,15638,4,0,2,0,0,0,0,0,0,0,0,0,17500,111.9
04/2026,5,CENTRO-OESTE,CO,51,MATO GROSSO,MATO GROSSO,MT,510805,TERRA NOVA DO NORTE,TERRA NOVA DO NORTE,5,2025,DOU,10591,4,0,0,0,0,0,0,0,0,0,0,0,14000,132.18
04/2026,5,CENTRO-OESTE,CO,51,MATO GROSSO,MATO GROSSO,MT,510810,TESOURO,TESOURO,5,2025,DOU,2935,2,0,0,0,0,0,0,0,0,0,0,0,7000,238.5
04/2026,5,CENTRO-OESTE,CO,51,MATO GROSSO,MATO GROSSO,MT,510820,TORIXOREU,TORIXORÉU,3,2025,DOU,4238,2,0,0,0,0,0,0,0,0,0,0,0,7000,165.17
04/2026,5,CENTRO-OESTE,CO,51,MATO GROSSO,MATO GROSSO,MT,510830,UNIAO DO SUL,UNIÃO DO SUL,5,2025,DOU,3904,2,0,0,0,0,0,0,0,0,0,0,0,7000,179.3
04/2026,5,CENTRO-OESTE,CO,51,MATO GROSSO,MATO GROSSO,MT,510835,VALE DE SAO DOMINGOS,VALE DE SÃO DOMINGOS,5,2025,DOU,2892,2,0,0,0,0,0,0,0,0,0,0,0,7000,242.04
04/2026,5,CENTRO-OESTE,CO,51,MATO GROSSO,MATO GROSSO,MT,510840,VARZEA GRANDE,VÁRZEA GRANDE,1,2025,DOU,318922,71,0,0,0,0,1,175,4,2104,0,0,2279,250779,78.63
04/2026,5,CENTRO-OESTE,CO,51,MATO GROSSO,MATO GROSSO,MT,510850,VERA,VERA,3,2025,DOU,10758,3,0,0,0,0,0,0,0,0,0,0,0,10500,97.6
04/2026,5,CENTRO-OESTE,CO,51,MATO GROSSO,MATO GROSSO,MT,510550,VILA BELA DA SANTISSIMA TRINDADE,VILA BELA DA SANTÍSSIMA TRINDADE,5,2025,DOU,17592,5,0,0,0,0,0,0,0,0,0,0,0,17500,99.47
04/2026,5,CENTRO-OESTE,CO,51,MATO GROSSO,MATO GROSSO,MT,510860,VILA RICA,VILA RICA,4,2025,DOU,19686,7,0,0,0,0,0,0,0,0,0,0,0,24500,124.45
04/2026,1,NORTE,N,15,PARA,PARÁ,PA,150010,ABAETETUBA,ABAETETUBA,1,2025,DOU,172344,33,6,0,9,28602,0,0,1,161,0,0,28763,160013,92.84
04/2026,1,NORTE,N,15,PARA,PARÁ,PA,150013,ABEL FIGUEIREDO,ABEL FIGUEIREDO,2,2025,DOU,6275,3,0,0,0,0,0,0,0,0,0,0,0,10500,167.33
04/2026,1,NORTE,N,15,PARA,PARÁ,PA,150020,ACARA,ACARÁ,3,2025,DOU,63110,15,0,0,0,0,0,0,0,0,0,0,0,52500,83.18
04/2026,1,NORTE,N,15,PARA,PARÁ,PA,150030,AFUA,AFUÁ,5,2025,DOU,40473,9,0,0,3,12759,0,0,0,0,0,0,12759,44259,109.35
04/2026,1,NORTE,N,15,PARA,PARÁ,PA,150034,AGUA AZUL DO NORTE,ÁGUA AZUL DO NORTE,5,2025,DOU,17596,13,0,2,0,0,0,0,0,0,0,0,0,49000,278.47
04/2026,1,NORTE,N,15,PARA,PARÁ,PA,150040,ALENQUER,ALENQUER,1,2025,DOU,75882,12,0,0,0,0,0,0,0,0,0,0,0,42000,55.34
04/2026,1,NORTE,N,15,PARA,PARÁ,PA,150050,ALMEIRIM,ALMEIRIM,4,2025,DOU,36442,9,0,0,1,3220,0,0,0,0,0,0,3220,34720,95.27
04/2026,1,NORTE,N,15,PARA,PARÁ,PA,150060,ALTAMIRA,ALTAMIRA,1,2025,DOU,138749,30,0,0,0,0,0,0,0,0,0,0,0,105000,75.67
04/2026,1,NORTE,N,15,PARA,PARÁ,PA,150070,ANAJAS,ANAJÁS,5,2025,DOU,30247,5,0,0,2,10629,0,0,0,0,0,0,10629,28129,92.99
04/2026,1,NORTE,N,15,PARA,PARÁ,PA,150080,ANANINDEUA,ANANINDEUA,1,2025,DOU,509227,131,0,0,1,1670,1,142,0,0,0,0,1812,460312,90.39
04/2026,1,NORTE,N,15,PARA,PARÁ,PA,150085,ANAPU,ANAPU,5,2025,DOU,35638,11,0,0,0,0,0,0,0,0,0,0,0,38500,108.03
04/2026,1,NORTE,N,15,PARA,PARÁ,PA,150090,AUGUSTO CORREA,AUGUSTO CORRÊA,3,2025,DOU,47912,19,0,0,4,9664,0,0,0,0,0,0,9664,76164,158.96
04/2026,1,NORTE,N,15,PARA,PARÁ,PA,150095,AURORA DO PARA,AURORA DO PARÁ,3,2025,DOU,24193,10,0,0,0,0,0,0,0,0,0,0,0,35000,144.66
04/2026,1,NORTE,N,15,PARA,PARÁ,PA,150100,AVEIRO,AVEIRO,5,2025,DOU,19380,7,0,0,0,0,0,0,0,0,0,0,0,24500,126.41
04/2026,1,NORTE,N,15,PARA,PARÁ,PA,150110,BAGRE,BAGRE,5,2025,DOU,35147,6,0,0,4,7941,0,0,0,0,0,0,7941,28941,82.34
04/2026,1,NORTE,N,15,PARA,PARÁ,PA,150120,BAIAO,BAIÃO,3,2025,DOU,56850,14,0,0,2,4897,0,0,0,0,0,0,4897,53897,94.8
04/2026,1,NORTE,N,15,PARA,PARÁ,PA,150125,BANNACH,BANNACH,3,2025,DOU,4290,2,0,0,0,0,0,0,0,0,0,0,0,7000,163.17
04/2026,1,NORTE,N,15,PARA,PARÁ,PA,150130,BARCARENA,BARCARENA,1,2025,DOU,139076,35,0,0,4,11009,0,0,0,0,0,0,11009,133509,95.99
04/2026,1,NORTE,N,15,PARA,PARÁ,PA,150140,BELEM,BELÉM,1,2025,DOU,1397315,306,8,10,4,11149,3,2059,0,0,0,0,13208,1122708,80.34
04/2026,1,NORTE,N,15,PARA,PARÁ,PA,150145,BELTERRA,BELTERRA,3,2025,DOU,19075,8,0,0,1,2121,0,0,0,0,0,0,2121,30121,157.9
04/2026,1,NORTE,N,15,PARA,PARÁ,PA,150150,BENEVIDES,BENEVIDES,1,2025,DOU,68962,24,2,1,1,1314,0,0,0,0,0,0,1314,92314,133.86
04/2026,1,NORTE,N,15,PARA,PARÁ,PA,150157,BOM JESUS DO TOCANTINS,BOM JESUS DO TOCANTINS,3,2025,DOU,19129,9,0,0,0,0,0,0,0,0,0,0,0,31500,164.67
04/2026,1,NORTE,N,15,PARA,PARÁ,PA,150160,BONITO,BONITO,3,2025,DOU,12961,8,0,0,0,0,0,0,0,0,0,0,0,28000,216.03
04/2026,1,NORTE,N,15,PARA,PARÁ,PA,150170,BRAGANCA,BRAGANÇA,1,2025,DOU,132489,57,0,2,8,19172,1,202,1,660,0,0,20034,223034,168.34
04/2026,1,NORTE,N,15,PARA,PARÁ,PA,150172,BRASIL NOVO,BRASIL NOVO,3,2025,DOU,27130,7,0,0,0,0,0,0,0,0,0,0,0,24500,90.3
04/2026,1,NORTE,N,15,PARA,PARÁ,PA,150175,BREJO GRANDE DO ARAGUAIA,BREJO GRANDE DO ARAGUAIA,3,2025,DOU,6966,4,0,0,0,0,0,0,0,0,0,0,0,14000,200.97
04/2026,1,NORTE,N,15,PARA,PARÁ,PA,150178,BREU BRANCO,BREU BRANCO,1,2025,DOU,47066,17,0,2,1,2361,0,0,0,0,0,0,2361,65361,138.87
04/2026,1,NORTE,N,15,PARA,PARÁ,PA,150180,BREVES,BREVES,1,2025,DOU,116058,18,0,5,11,29087,0,0,1,305,0,0,29392,101142,87.14
04/2026,1,NORTE,N,15,PARA,PARÁ,PA,150190,BUJARU,BUJARU,3,2025,DOU,25065,9,0,0,0,0,0,0,0,0,0,0,0,31500,125.67
04/2026,1,NORTE,N,15,PARA,PARÁ,PA,150200,CACHOEIRA DO ARARI,CACHOEIRA DO ARARI,5,2025,DOU,25467,7,0,0,1,1674,0,0,0,0,0,0,1674,26174,102.77
04/2026,1,NORTE,N,15,PARA,PARÁ,PA,150195,CACHOEIRA DO PIRIA,CACHOEIRA DO PIRIÁ,3,2025,DOU,19223,11,0,0,0,0,0,0,0,0,0,0,0,38500,200.28
04/2026,1,NORTE,N,15,PARA,PARÁ,PA,150210,CAMETA,CAMETÁ,1,2025,DOU,144859,32,0,0,11,37661,0,0,0,0,0,0,37661,149661,103.31
04/2026,1,NORTE,N,15,PARA,PARÁ,PA,150215,CANAA DOS CARAJAS,CANAÃ DOS CARAJÁS,4,2025,DOU,89524,18,1,0,0,0,0,0,0,0,0,0,0,65625,73.3
04/2026,1,NORTE,N,15,PARA,PARÁ,PA,150220,CAPANEMA,CAPANEMA,1,2025,DOU,75309,23,0,0,0,0,1,52,0,0,0,0,52,80552,106.96
04/2026,1,NORTE,N,15,PARA,PARÁ,PA,150230,CAPITAO POCO,CAPITÃO POÇO,3,2025,DOU,60318,17,0,0,0,0,0,0,0,0,0,0,0,59500,98.64
04/2026,1,NORTE,N,15,PARA,PARÁ,PA,150240,CASTANHAL,CASTANHAL,1,2025,DOU,209126,58,8,0,0,0,0,0,0,0,0,0,0,224000,107.11
04/2026,1,NORTE,N,15,PARA,PARÁ,PA,150250,CHAVES,CHAVES,5,2025,DOU,21501,1,0,0,6,12557,0,0,0,0,0,0,12557,16057,74.68
04/2026,1,NORTE,N,15,PARA,PARÁ,PA,150260,COLARES,COLARES,3,2025,DOU,13625,5,0,0,0,0,0,0,0,0,0,0,0,17500,128.44
04/2026,1,NORTE,N,15,PARA,PARÁ,PA,150270,CONCEICAO DO ARAGUAIA,CONCEIÇÃO DO ARAGUAIA,1,2025,DOU,47144,12,2,0,0,0,0,0,0,0,0,0,0,47250,100.22
04/2026,1,NORTE,N,15,PARA,PARÁ,PA,150275,CONCORDIA DO PARA,CONCÓRDIA DO PARÁ,2,2025,DOU,28270,9,0,0,0,0,0,0,0,0,0,0,0,31500,111.42
04/2026,1,NORTE,N,15,PARA,PARÁ,PA,150276,CUMARU DO NORTE,CUMARU DO NORTE,3,2025,DOU,15150,5,0,0,0,0,0,0,0,0,0,0,0,17500,115.51
04/2026,1,NORTE,N,15,PARA,PARÁ,PA,150277,CURIONOPOLIS,CURIONÓPOLIS,1,2025,DOU,20975,9,0,0,0,0,0,0,0,0,0,0,0,31500,150.17
04/2026,1,NORTE,N,15,PARA,PARÁ,PA,150280,CURRALINHO,CURRALINHO,5,2025,DOU,36814,6,0,0,3,8836,0,0,0,0,0,0,8836,29836,81.04
04/2026,1,NORTE,N,15,PARA,PARÁ,PA,150285,CURUA,CURUÁ,5,2025,DOU,14954,5,0,0,1,2221,0,0,0,0,0,0,2221,19721,131.87
04/2026,1,NORTE,N,15,PARA,PARÁ,PA,150290,CURUCA,CURUÇÁ,3,2025,DOU,44880,13,0,0,1,1783,0,0,0,0,0,0,1783,47283,105.35
04/2026,1,NORTE,N,15,PARA,PARÁ,PA,150293,DOM ELISEU,DOM ELISEU,1,2025,DOU,62823,13,0,0,0,0,0,0,0,0,0,0,0,45500,72.42
04/2026,1,NORTE,N,15,PARA,PARÁ,PA,150295,ELDORADO DOS CARAJAS,ELDORADO DOS CARAJÁS,2,2025,DOU,29287,8,0,0,0,0,0,0,0,0,0,0,0,28000,95.6
04/2026,1,NORTE,N,15,PARA,PARÁ,PA,150300,FARO,FARO,5,2025,DOU,9167,2,0,0,2,2630,0,0,0,0,0,0,2630,9630,105.05
04/2026,1,NORTE,N,15,PARA,PARÁ,PA,150304,FLORESTA DO ARAGUAIA,FLORESTA DO ARAGUAIA,3,2025,DOU,18595,9,0,0,0,0,0,0,0,0,0,0,0,31500,169.4
04/2026,1,NORTE,N,15,PARA,PARÁ,PA,150307,GARRAFAO DO NORTE,GARRAFÃO DO NORTE,3,2025,DOU,25558,12,0,0,0,0,0,0,0,0,0,0,0,42000,164.33
04/2026,1,NORTE,N,15,PARA,PARÁ,PA,150309,GOIANESIA DO PARA,GOIANÉSIA DO PARÁ,2,2025,DOU,26703,11,0,0,0,0,0,0,0,0,0,0,0,38500,144.17
04/2026,1,NORTE,N,15,PARA,PARÁ,PA,150310,GURUPA,GURUPÁ,5,2025,DOU,34137,4,0,0,3,11345,0,0,0,0,0,0,11345,25345,74.24
04/2026,1,NORTE,N,15,PARA,PARÁ,PA,150320,IGARAPE-ACU,IGARAPÉ-AÇU,2,2025,DOU,37925,17,0,0,0,0,0,0,0,0,0,0,0,59500,156.88
04/2026,1,NORTE,N,15,PARA,PARÁ,PA,150330,IGARAPE-MIRI,IGARAPÉ-MIRI,2,2025,DOU,69446,17,0,0,3,12500,0,0,0,0,0,0,12500,72000,103.67
04/2026,1,NORTE,N,15,PARA,PARÁ,PA,150340,INHANGAPI,INHANGAPI,3,2025,DOU,10784,6,0,0,0,0,0,0,0,0,0,0,0,21000,194.73
04/2026,1,NORTE,N,15,PARA,PARÁ,PA,150345,IPIXUNA DO PARA,IPIXUNA DO PARÁ,3,2025,DOU,29264,18,0,0,0,0,0,0,0,0,0,0,0,63000,215.28
04/2026,1,NORTE,N,15,PARA,PARÁ,PA,150350,IRITUIA,IRITUIA,3,2025,DOU,32740,16,0,0,0,0,0,0,0,0,0,0,0,56000,171.04
04/2026,1,NORTE,N,15,PARA,PARÁ,PA,150360,ITAITUBA,ITAITUBA,1,2025,DOU,135369,29,0,0,1,2516,0,0,1,734,0,0,3250,104750,77.38
04/2026,1,NORTE,N,15,PARA,PARÁ,PA,150370,ITUPIRANGA,ITUPIRANGA,1,2025,DOU,52201,16,0,0,0,0,0,0,0,0,0,0,0,56000,107.27
04/2026,1,NORTE,N,15,PARA,PARÁ,PA,150375,JACAREACANGA,JACAREACANGA,5,2025,DOU,26579,5,0,0,0,0,0,0,0,0,0,0,0,17500,65.84
04/2026,1,NORTE,N,15,PARA,PARÁ,PA,150380,JACUNDA,JACUNDÁ,1,2025,DOU,37726,14,0,0,0,0,0,0,0,0,0,0,0,49000,129.88
04/2026,1,NORTE,N,15,PARA,PARÁ,PA,150390,JURUTI,JURUTI,4,2025,DOU,54255,16,0,0,3,11453,0,0,0,0,0,0,11453,67453,124.32
04/2026,1,NORTE,N,15,PARA,PARÁ,PA,150400,LIMOEIRO DO AJURU,LIMOEIRO DO AJURU,3,2025,DOU,32088,9,0,0,1,4426,0,0,0,0,0,0,4426,35926,111.96
04/2026,1,NORTE,N,15,PARA,PARÁ,PA,150405,MAE DO RIO,MÃE DO RIO,1,2025,DOU,37473,12,0,0,0,0,0,0,0,0,0,0,0,42000,112.08
04/2026,1,NORTE,N,15,PARA,PARÁ,PA,150410,MAGALHAES BARATA,MAGALHÃES BARATA,3,2025,DOU,8439,3,0,0,1,2131,0,0,0,0,0,0,2131,12631,149.67
04/2026,1,NORTE,N,15,PARA,PARÁ,PA,150420,MARABA,MARABÁ,1,2025,DOU,290975,44,0,2,0,0,0,0,2,1209,0,0,1209,158709,54.54
04/2026,1,NORTE,N,15,PARA,PARÁ,PA,150430,MARACANA,MARACANÃ,3,2025,DOU,27129,9,0,0,4,6084,0,0,0,0,0,0,6084,37584,138.53
04/2026,1,NORTE,N,15,PARA,PARÁ,PA,150440,MARAPANIM,MARAPANIM,3,2025,DOU,28159,9,0,0,0,0,0,0,0,0,0,0,0,31500,111.86
04/2026,1,NORTE,N,15,PARA,PARÁ,PA,150442,MARITUBA,MARITUBA,1,2025,DOU,119437,39,1,0,0,0,1,332,3,2614,0,0,2946,142071,118.95
04/2026,1,NORTE,N,15,PARA,PARÁ,PA,150445,MEDICILANDIA,MEDICILÂNDIA,3,2025,DOU,28677,7,0,1,0,0,0,0,0,0,0,0,0,26250,91.53
04/2026,1,NORTE,N,15,PARA,PARÁ,PA,150450,MELGACO,MELGAÇO,5,2025,DOU,30080,9,0,0,2,4184,0,0,0,0,0,0,4184,35684,118.63
04/2026,1,NORTE,N,15,PARA,PARÁ,PA,150460,MOCAJUBA,MOCAJUBA,2,2025,DOU,28903,8,0,0,2,8031,0,0,1,52,0,0,8083,36083,124.84
04/2026,1,NORTE,N,15,PARA,PARÁ,PA,150470,MOJU,MOJU,3,2025,DOU,91760,14,3,0,1,3844,0,0,0,0,0,0,3844,60719,66.17
04/2026,1,NORTE,N,15,PARA,PARÁ,PA,150475,MOJUI DOS CAMPOS,MOJUÍ DOS CAMPOS,3,2025,DOU,25818,7,0,2,1,3187,0,0,0,0,0,0,3187,31187,120.79
04/2026,1,NORTE,N,15,PARA,PARÁ,PA,150480,MONTE ALEGRE,MONTE ALEGRE,1,2025,DOU,64002,14,0,0,0,0,0,0,0,0,0,0,0,49000,76.56
04/2026,1,NORTE,N,15,PARA,PARÁ,PA,150490,MUANA,MUANÁ,5,2025,DOU,49648,6,0,0,6,21255,0,0,0,0,0,0,21255,42255,85.1
04/2026,1,NORTE,N,15,PARA,PARÁ,PA,150495,NOVA ESPERANCA DO PIRIA,NOVA ESPERANÇA DO PIRIÁ,3,2025,DOU,21304,11,0,0,0,0,0,0,0,0,0,0,0,38500,180.71
04/2026,1,NORTE,N,15,PARA,PARÁ,PA,150497,NOVA IPIXUNA,NOVA IPIXUNA,3,2025,DOU,14400,6,0,0,0,0,0,0,0,0,0,0,0,21000,145.83
04/2026,1,NORTE,N,15,PARA,PARÁ,PA,150500,NOVA TIMBOTEUA,NOVA TIMBOTEUA,3,2025,DOU,13175,7,0,0,0,0,0,0,0,0,0,0,0,24500,185.95
04/2026,1,NORTE,N,15,PARA,PARÁ,PA,150503,NOVO PROGRESSO,NOVO PROGRESSO,4,2025,DOU,37054,11,0,0,0,0,0,0,0,0,0,0,0,38500,103.9
04/2026,1,NORTE,N,15,PARA,PARÁ,PA,150506,NOVO REPARTIMENTO,NOVO REPARTIMENTO,2,2025,DOU,63796,14,0,0,0,0,0,0,0,0,0,0,0,49000,76.8
04/2026,1,NORTE,N,15,PARA,PARÁ,PA,150510,OBIDOS,ÓBIDOS,1,2025,DOU,55527,15,0,0,1,3415,0,0,0,0,0,0,3415,55915,100.69
04/2026,1,NORTE,N,15,PARA,PARÁ,PA,150520,OEIRAS DO PARA,OEIRAS DO PARÁ,3,2025,DOU,36734,8,0,0,3,9455,0,0,0,0,0,0,9455,37455,101.96
04/2026,1,NORTE,N,15,PARA,PARÁ,PA,150530,ORIXIMINA,ORIXIMINÁ,1,2025,DOU,72889,17,0,0,0,0,0,0,0,0,0,0,0,59500,81.63
04/2026,1,NORTE,N,15,PARA,PARÁ,PA,150540,OUREM,OURÉM,3,2025,DOU,18783,8,0,0,0,0,0,0,0,0,0,0,0,28000,149.07
04/2026,1,NORTE,N,15,PARA,PARÁ,PA,150543,OURILANDIA DO NORTE,OURILÂNDIA DO NORTE,1,2025,DOU,35252,12,0,0,0,0,0,0,0,0,0,0,0,42000,119.14
04/2026,1,NORTE,N,15,PARA,PARÁ,PA,150548,PACAJA,PACAJÁ,5,2025,DOU,43741,14,0,0,0,0,0,0,0,0,0,0,0,49000,112.02
04/2026,1,NORTE,N,15,PARA,PARÁ,PA,150549,PALESTINA DO PARA,PALESTINA DO PARÁ,3,2025,DOU,7063,3,0,0,0,0,0,0,0,0,0,0,0,10500,148.66
04/2026,1,NORTE,N,15,PARA,PARÁ,PA,150550,PARAGOMINAS,PARAGOMINAS,1,2025,DOU,113498,42,1,1,0,0,1,19,1,786,0,0,805,152180,134.08
04/2026,1,NORTE,N,15,PARA,PARÁ,PA,150553,PARAUAPEBAS,PARAUAPEBAS,1,2025,DOU,305771,61,0,3,0,0,0,0,1,753,0,0,753,219503,71.78
04/2026,1,NORTE,N,15,PARA,PARÁ,PA,150555,PAU D'ARCO,PAU D'ARCO,3,2025,DOU,7354,4,0,0,0,0,0,0,0,0,0,0,0,14000,190.37
04/2026,1,NORTE,N,15,PARA,PARÁ,PA,150560,PEIXE-BOI,PEIXE-BOI,3,2025,DOU,8686,4,0,0,0,0,0,0,0,0,0,0,0,14000,161.17
04/2026,1,NORTE,N,15,PARA,PARÁ,PA,150563,PICARRA,PIÇARRA,3,2025,DOU,13366,6,0,0,0,0,0,0,0,0,0,0,0,21000,157.11
04/2026,1,NORTE,N,15,PARA,PARÁ,PA,150565,PLACAS,PLACAS,5,2025,DOU,18510,9,0,0,0,0,0,0,0,0,0,0,0,31500,170.17
04/2026,1,NORTE,N,15,PARA,PARÁ,PA,150570,PONTA DE PEDRAS,PONTA DE PEDRAS,3,2025,DOU,25736,1,0,0,8,22050,0,0,0,0,0,0,22050,25550,99.27
04/2026,1,NORTE,N,15,PARA,PARÁ,PA,150580,PORTEL,PORTEL,4,2025,DOU,67580,17,0,0,7,16600,0,0,0,0,0,0,16600,76100,112.6
04/2026,1,NORTE,N,15,PARA,PARÁ,PA,150590,PORTO DE MOZ,PORTO DE MOZ,5,2025,DOU,44121,5,0,0,3,14194,0,0,0,0,0,0,14194,31694,71.83
04/2026,1,NORTE,N,15,PARA,PARÁ,PA,150600,PRAINHA,PRAINHA,5,2025,DOU,38733,10,0,0,0,0,0,0,0,0,0,0,0,35000,90.36
04/2026,1,NORTE,N,15,PARA,PARÁ,PA,150610,PRIMAVERA,PRIMAVERA,3,2025,DOU,11379,5,0,0,0,0,0,0,0,0,0,0,0,17500,153.79
04/2026,1,NORTE,N,15,PARA,PARÁ,PA,150611,QUATIPURU,QUATIPURU,2,2025,DOU,11838,6,0,0,0,0,0,0,0,0,0,0,0,21000,177.39
04/2026,1,NORTE,N,15,PARA,PARÁ,PA,150613,REDENCAO,REDENÇÃO,1,2025,DOU,92694,23,1,1,0,0,0,0,0,0,0,0,0,84875,91.56
04/2026,1,NORTE,N,15,PARA,PARÁ,PA,150616,RIO MARIA,RIO MARIA,1,2025,DOU,19190,7,0,0,0,0,0,0,0,0,0,0,0,24500,127.67
04/2026,1,NORTE,N,15,PARA,PARÁ,PA,150618,RONDON DO PARA,RONDON DO PARÁ,1,2025,DOU,57031,12,0,0,0,0,0,0,0,0,0,0,0,42000,73.64
04/2026,1,NORTE,N,15,PARA,PARÁ,PA,150619,RUROPOLIS,RURÓPOLIS,5,2025,DOU,37198,13,0,0,1,201,0,0,0,0,0,0,201,45701,122.85
04/2026,1,NORTE,N,15,PARA,PARÁ,PA,150620,SALINOPOLIS,SALINÓPOLIS,1,2025,DOU,48663,21,0,0,0,0,0,0,0,0,0,0,0,73500,151.03
04/2026,1,NORTE,N,15,PARA,PARÁ,PA,150630,SALVATERRA,SALVATERRA,5,2025,DOU,25687,5,0,0,1,3476,0,0,0,0,0,0,3476,20976,81.65
04/2026,1,NORTE,N,15,PARA,PARÁ,PA,150635,SANTA BARBARA DO PARA,SANTA BÁRBARA DO PARÁ,3,2025,DOU,22530,10,0,2,0,0,0,0,0,0,0,0,0,38500,170.88
04/2026,1,NORTE,N,15,PARA,PARÁ,PA,150640,SANTA CRUZ DO ARARI,SANTA CRUZ DO ARARI,4,2025,DOU,7626,1,0,0,4,5680,0,0,0,0,0,0,5680,9180,120.37
04/2026,1,NORTE,N,15,PARA,PARÁ,PA,150650,SANTA IZABEL DO PARA,SANTA IZABEL DO PARÁ,1,2025,DOU,79195,19,1,0,1,1994,0,0,3,626,0,0,2620,71745,90.59
04/2026,1,NORTE,N,15,PARA,PARÁ,PA,150655,SANTA LUZIA DO PARA,SANTA LUZIA DO PARÁ,3,2025,DOU,21295,10,0,0,0,0,0,0,0,0,0,0,0,35000,164.35
04/2026,1,NORTE,N,15,PARA,PARÁ,PA,150658,SANTA MARIA DAS BARREIRAS,SANTA MARIA DAS BARREIRAS,5,2025,DOU,17065,8,0,0,0,0,0,0,0,0,0,0,0,28000,164.07
04/2026,1,NORTE,N,15,PARA,PARÁ,PA,150660,SANTA MARIA DO PARA,SANTA MARIA DO PARÁ,2,2025,DOU,25815,11,0,1,0,0,0,0,0,0,0,0,0,40250,155.91
04/2026,1,NORTE,N,15,PARA,PARÁ,PA,150670,SANTANA DO ARAGUAIA,SANTANA DO ARAGUAIA,1,2025,DOU,30455,13,0,0,0,0,0,0,0,0,0,0,0,45500,149.4
04/2026,1,NORTE,N,15,PARA,PARÁ,PA,150680,SANTAREM,SANTARÉM,1,2025,DOU,360871,90,0,0,5,15448,2,349,0,0,1,1698,17495,332495,92.13
04/2026,1,NORTE,N,15,PARA,PARÁ,PA,150690,SANTAREM NOVO,SANTARÉM NOVO,3,2025,DOU,6355,3,0,0,0,0,0,0,0,0,0,0,0,10500,165.22
04/2026,1,NORTE,N,15,PARA,PARÁ,PA,150700,SANTO ANTONIO DO TAUA,SANTO ANTÔNIO DO TAUÁ,3,2025,DOU,29234,13,0,0,1,512,0,0,0,0,0,0,512,46012,157.39
04/2026,1,NORTE,N,15,PARA,PARÁ,PA,150710,SAO CAETANO DE ODIVELAS,SÃO CAETANO DE ODIVELAS,3,2025,DOU,17258,8,0,0,0,0,0,0,0,0,0,0,0,28000,162.24
04/2026,1,NORTE,N,15,PARA,PARÁ,PA,150715,SAO DOMINGOS DO ARAGUAIA,SÃO DOMINGOS DO ARAGUAIA,2,2025,DOU,21555,8,0,0,0,0,0,0,0,0,0,0,0,28000,129.9
04/2026,1,NORTE,N,15,PARA,PARÁ,PA,150720,SAO DOMINGOS DO CAPIM,SÃO DOMINGOS DO CAPIM,3,2025,DOU,32554,10,0,0,5,11137,0,0,0,0,0,0,11137,46137,141.72
04/2026,1,NORTE,N,15,PARA,PARÁ,PA,150730,SAO FELIX DO XINGU,SÃO FÉLIX DO XINGU,1,2025,DOU,64651,18,0,1,1,3748,0,0,0,0,0,0,3748,68498,105.95
04/2026,1,NORTE,N,15,PARA,PARÁ,PA,150740,SAO FRANCISCO DO PARA,SÃO FRANCISCO DO PARÁ,3,2025,DOU,15429,8,0,0,0,0,0,0,0,0,0,0,0,28000,181.47
04/2026,1,NORTE,N,15,PARA,PARÁ,PA,150745,SAO GERALDO DO ARAGUAIA,SÃO GERALDO DO ARAGUAIA,2,2025,DOU,24929,10,0,0,0,0,0,0,0,0,0,0,0,35000,140.39
04/2026,1,NORTE,N,15,PARA,PARÁ,PA,150746,SAO JOAO DA PONTA,SÃO JOÃO DA PONTA,3,2025,DOU,4470,3,0,0,0,0,0,0,0,0,0,0,0,10500,234.89
04/2026,1,NORTE,N,15,PARA,PARÁ,PA,150747,SAO JOAO DE PIRABAS,SÃO JOÃO DE PIRABAS,2,2025,DOU,21477,12,0,0,0,0,0,0,0,0,0,0,0,42000,195.55
04/2026,1,NORTE,N,15,PARA,PARÁ,PA,150750,SAO JOAO DO ARAGUAIA,SÃO JOÃO DO ARAGUAIA,3,2025,DOU,14293,7,0,0,0,0,0,0,0,0,0,0,0,24500,171.41
04/2026,1,NORTE,N,15,PARA,PARÁ,PA,150760,SAO MIGUEL DO GUAMA,SÃO MIGUEL DO GUAMÁ,1,2025,DOU,55970,13,1,5,0,0,0,0,0,0,0,0,0,56875,101.61
04/2026,1,NORTE,N,15,PARA,PARÁ,PA,150770,SAO SEBASTIAO DA BOA VISTA,SÃO SEBASTIÃO DA BOA VISTA,5,2025,DOU,27651,4,0,0,5,17817,0,0,0,0,0,0,17817,31817,115.06
04/2026,1,NORTE,N,15,PARA,PARÁ,PA,150775,SAPUCAIA,SAPUCAIA,5,2025,DOU,6212,2,1,0,0,0,0,0,0,0,0,0,0,9625,154.94
04/2026,1,NORTE,N,15,PARA,PARÁ,PA,150780,SENADOR JOSE PORFIRIO,SENADOR JOSÉ PORFÍRIO,5,2025,DOU,24989,4,0,0,2,6889,0,0,0,0,0,0,6889,20889,83.59
04/2026,1,NORTE,N,15,PARA,PARÁ,PA,150790,SOURE,SOURE,1,2025,DOU,25315,6,0,0,0,0,0,0,0,0,0,0,0,21000,82.95
04/2026,1,NORTE,N,15,PARA,PARÁ,PA,150795,TAILANDIA,TAILÂNDIA,1,2025,DOU,75290,15,0,0,0,0,0,0,0,0,0,0,0,52500,69.73
04/2026,1,NORTE,N,15,PARA,PARÁ,PA,150796,TERRA ALTA,TERRA ALTA,3,2025,DOU,10837,6,0,0,0,0,0,0,0,0,0,0,0,21000,193.78
04/2026,1,NORTE,N,15,PARA,PARÁ,PA,150797,TERRA SANTA,TERRA SANTA,1,2025,DOU,19792,5,0,0,1,1566,0,0,0,0,0,0,1566,19066,96.33
04/2026,1,NORTE,N,15,PARA,PARÁ,PA,150800,TOME-ACU,TOMÉ-AÇU,1,2025,DOU,73058,19,0,0,0,0,0,0,1,275,0,0,275,66775,91.39
04/2026,1,NORTE,N,15,PARA,PARÁ,PA,150803,TRACUATEUA,TRACUATEUA,3,2025,DOU,30494,16,0,0,0,0,0,0,0,0,0,0,0,56000,183.64
04/2026,1,NORTE,N,15,PARA,PARÁ,PA,150805,TRAIRAO,TRAIRÃO,5,2025,DOU,15550,7,0,0,0,0,0,0,0,0,0,0,0,24500,157.55
04/2026,1,NORTE,N,15,PARA,PARÁ,PA,150808,TUCUMA,TUCUMÃ,1,2025,DOU,42883,11,1,0,0,0,0,0,0,0,0,0,0,41125,95.9
04/2026,1,NORTE,N,15,PARA,PARÁ,PA,150810,TUCURUI,TUCURUÍ,1,2025,DOU,96119,25,1,0,0,0,0,0,0,0,0,0,0,90125,93.76
04/2026,1,NORTE,N,15,PARA,PARÁ,PA,150812,ULIANOPOLIS,ULIANÓPOLIS,1,2025,DOU,39360,12,0,0,0,0,0,0,0,0,0,0,0,42000,106.7
04/2026,1,NORTE,N,15,PARA,PARÁ,PA,150815,URUARA,URUARÁ,4,2025,DOU,45962,11,0,0,0,0,0,0,0,0,0,0,0,38500,83.76
04/2026,1,NORTE,N,15,PARA,PARÁ,PA,150820,VIGIA,VIGIA,1,2025,DOU,54062,13,0,1,0,0,0,0,0,0,0,0,0,47250,87.39
04/2026,1,NORTE,N,15,PARA,PARÁ,PA,150830,VISEU,VISEU,3,2025,DOU,62189,31,0,0,0,0,0,0,0,0,0,0,0,108500,174.46
04/2026,1,NORTE,N,15,PARA,PARÁ,PA,150835,VITORIA DO XINGU,VITÓRIA DO XINGU,3,2025,DOU,16552,7,0,0,0,0,0,0,1,702,0,0,702,25202,152.25
04/2026,1,NORTE,N,15,PARA,PARÁ,PA,150840,XINGUARA,XINGUARA,1,2025,DOU,57768,20,2,0,0,0,0,0,0,0,0,0,0,75250,130.26
04/2026,2,NORDESTE,NE,25,PARAIBA,PARAÍBA,PB,250010,AGUA BRANCA,ÁGUA BRANCA,3,2025,DOU,9580,5,0,0,0,0,0,0,0,0,0,0,0,17500,182.67
04/2026,2,NORDESTE,NE,25,PARAIBA,PARAÍBA,PB,250020,AGUIAR,AGUIAR,3,2025,DOU,5026,3,0,0,0,0,0,0,0,0,0,0,0,10500,208.91
04/2026,2,NORDESTE,NE,25,PARAIBA,PARAÍBA,PB,250030,ALAGOA GRANDE,ALAGOA GRANDE,2,2025,DOU,26655,14,0,0,0,0,0,0,0,0,0,0,0,49000,183.83
04/2026,2,NORDESTE,NE,25,PARAIBA,PARAÍBA,PB,250040,ALAGOA NOVA,ALAGOA NOVA,3,2025,DOU,21823,9,0,0,0,0,0,0,0,0,0,0,0,31500,144.34
04/2026,2,NORDESTE,NE,25,PARAIBA,PARAÍBA,PB,250050,ALAGOINHA,ALAGOINHA,3,2025,DOU,14140,7,0,0,0,0,0,0,0,0,0,0,0,24500,173.26
04/2026,2,NORDESTE,NE,25,PARAIBA,PARAÍBA,PB,250053,ALCANTIL,ALCANTIL,3,2025,DOU,5806,3,0,0,0,0,0,0,0,0,0,0,0,10500,180.84
04/2026,2,NORDESTE,NE,25,PARAIBA,PARAÍBA,PB,250057,ALGODAO DE JANDAIRA,ALGODÃO DE JANDAÍRA,3,2025,DOU,3143,1,0,0,0,0,0,0,0,0,0,0,0,3500,111.35
04/2026,2,NORDESTE,NE,25,PARAIBA,PARAÍBA,PB,250060,ALHANDRA,ALHANDRA,1,2025,DOU,23065,9,1,0,0,0,0,0,0,0,0,0,0,34125,147.95
04/2026,2,NORDESTE,NE,25,PARAIBA,PARAÍBA,PB,250073,AMPARO,AMPARO,3,2025,DOU,2328,1,0,0,0,0,0,0,0,0,0,0,0,3500,150.34
04/2026,2,NORDESTE,NE,25,PARAIBA,PARAÍBA,PB,250077,APARECIDA,APARECIDA,3,2025,DOU,8257,4,0,0,0,0,0,0,0,0,0,0,0,14000,169.55
04/2026,2,NORDESTE,NE,25,PARAIBA,PARAÍBA,PB,250080,ARACAGI,ARAÇAGI,3,2025,DOU,16991,9,0,0,0,0,0,0,0,0,0,0,0,31500,185.39
04/2026,2,NORDESTE,NE,25,PARAIBA,PARAÍBA,PB,250090,ARARA,ARARA,3,2025,DOU,12482,6,0,0,0,0,0,0,0,0,0,0,0,21000,168.24
04/2026,2,NORDESTE,NE,25,PARAIBA,PARAÍBA,PB,250100,ARARUNA,ARARUNA,3,2025,DOU,17360,8,0,0,0,0,0,0,0,0,0,0,0,28000,161.29
04/2026,2,NORDESTE,NE,25,PARAIBA,PARAÍBA,PB,250110,AREIA,AREIA,2,2025,DOU,23031,11,0,0,0,0,0,0,0,0,0,0,0,38500,167.16
04/2026,2,NORDESTE,NE,25,PARAIBA,PARAÍBA,PB,250115,AREIA DE BARAUNAS,AREIA DE BARAÚNAS,3,2025,DOU,2027,1,0,0,0,0,0,0,0,0,0,0,0,3500,172.66
04/2026,2,NORDESTE,NE,25,PARAIBA,PARAÍBA,PB,250120,AREIAL,AREIAL,3,2025,DOU,7434,4,0,0,0,0,0,0,0,0,0,0,0,14000,188.32
04/2026,2,NORDESTE,NE,25,PARAIBA,PARAÍBA,PB,250130,AROEIRAS,AROEIRAS,3,2025,DOU,19142,10,0,0,0,0,0,0,0,0,0,0,0,35000,182.84
04/2026,2,NORDESTE,NE,25,PARAIBA,PARAÍBA,PB,250135,ASSUNCAO,ASSUNÇÃO,3,2025,DOU,4383,2,0,0,0,0,0,0,0,0,0,0,0,7000,159.7
04/2026,2,NORDESTE,NE,25,PARAIBA,PARAÍBA,PB,250140,BAIA DA TRAICAO,BAÍA DA TRAIÇÃO,3,2025,DOU,9741,5,0,0,0,0,0,0,0,0,0,0,0,17500,179.65
04/2026,2,NORDESTE,NE,25,PARAIBA,PARAÍBA,PB,250150,BANANEIRAS,BANANEIRAS,1,2025,DOU,24134,11,0,0,0,0,0,0,0,0,0,0,0,38500,159.52
04/2026,2,NORDESTE,NE,25,PARAIBA,PARAÍBA,PB,250153,BARAUNA,BARAÚNA,3,2025,DOU,5010,2,0,0,0,0,0,0,0,0,0,0,0,7000,139.72
04/2026,2,NORDESTE,NE,25,PARAIBA,PARAÍBA,PB,250160,BARRA DE SANTA ROSA,BARRA DE SANTA ROSA,3,2025,DOU,13024,8,0,0,0,0,0,0,0,0,0,0,0,28000,214.98
04/2026,2,NORDESTE,NE,25,PARAIBA,PARAÍBA,PB,250157,BARRA DE SANTANA,BARRA DE SANTANA,3,2025,DOU,8247,4,0,0,0,0,0,0,0,0,0,0,0,14000,169.75
04/2026,2,NORDESTE,NE,25,PARAIBA,PARAÍBA,PB,250170,BARRA DE SAO MIGUEL,BARRA DE SÃO MIGUEL,3,2025,DOU,6123,3,0,0,0,0,0,0,0,0,0,0,0,10500,171.48
04/2026,2,NORDESTE,NE,25,PARAIBA,PARAÍBA,PB,250180,BAYEUX,BAYEUX,1,2025,DOU,83862,30,0,0,0,0,1,0,0,0,0,0,0,105000,125.2
04/2026,2,NORDESTE,NE,25,PARAIBA,PARAÍBA,PB,250190,BELEM,BELÉM,3,2025,DOU,16710,8,0,0,0,0,0,0,0,0,0,0,0,28000,167.56
04/2026,2,NORDESTE,NE,25,PARAIBA,PARAÍBA,PB,250200,BELEM DO BREJO DO CRUZ,BELÉM DO BREJO DO CRUZ,3,2025,DOU,6272,4,0,0,0,0,0,0,0,0,0,0,0,14000,223.21
04/2026,2,NORDESTE,NE,25,PARAIBA,PARAÍBA,PB,250205,BERNARDINO BATISTA,BERNARDINO BATISTA,3,2025,DOU,3677,2,0,0,0,0,0,0,0,0,0,0,0,7000,190.37
04/2026,2,NORDESTE,NE,25,PARAIBA,PARAÍBA,PB,250210,BOA VENTURA,BOA VENTURA,3,2025,DOU,5246,3,0,0,0,0,0,0,0,0,0,0,0,10500,200.15
04/2026,2,NORDESTE,NE,25,PARAIBA,PARAÍBA,PB,250215,BOA VISTA,BOA VISTA,3,2025,DOU,6592,4,0,0,0,0,0,0,0,0,0,0,0,14000,212.37
04/2026,2,NORDESTE,NE,25,PARAIBA,PARAÍBA,PB,250220,BOM JESUS,BOM JESUS,3,2025,DOU,2328,1,0,0,0,0,0,0,0,0,0,0,0,3500,150.34
04/2026,2,NORDESTE,NE,25,PARAIBA,PARAÍBA,PB,250230,BOM SUCESSO,BOM SUCESSO,3,2025,DOU,4720,2,0,0,0,0,0,0,0,0,0,0,0,7000,148.3
04/2026,2,NORDESTE,NE,25,PARAIBA,PARAÍBA,PB,250240,BONITO DE SANTA FE,BONITO DE SANTA FÉ,3,2025,DOU,10433,5,0,0,0,0,0,0,0,0,0,0,0,17500,167.73
04/2026,2,NORDESTE,NE,25,PARAIBA,PARAÍBA,PB,250250,BOQUEIRAO,BOQUEIRÃO,2,2025,DOU,18216,9,0,0,0,0,0,0,0,0,0,0,0,31500,172.92
04/2026,2,NORDESTE,NE,25,PARAIBA,PARAÍBA,PB,250270,BORBOREMA,BORBOREMA,3,2025,DOU,4185,3,0,0,0,0,0,0,0,0,0,0,0,10500,250.89
04/2026,2,NORDESTE,NE,25,PARAIBA,PARAÍBA,PB,250280,BREJO DO CRUZ,BREJO DO CRUZ,3,2025,DOU,14095,6,0,0,0,0,0,0,0,0,0,0,0,21000,148.98
04/2026,2,NORDESTE,NE,25,PARAIBA,PARAÍBA,PB,250290,BREJO DOS SANTOS,BREJO DOS SANTOS,3,2025,DOU,5816,3,0,0,0,0,0,0,0,0,0,0,0,10500,180.53
04/2026,2,NORDESTE,NE,25,PARAIBA,PARAÍBA,PB,250300,CAAPORA,CAAPORÃ,1,2025,DOU,21942,9,0,0,0,0,0,0,0,0,0,0,0,31500,143.56
04/2026,2,NORDESTE,NE,25,PARAIBA,PARAÍBA,PB,250310,CABACEIRAS,CABACEIRAS,3,2025,DOU,5537,3,0,0,0,0,0,0,0,0,0,0,0,10500,189.63
04/2026,2,NORDESTE,NE,25,PARAIBA,PARAÍBA,PB,250320,CABEDELO,CABEDELO,1,2025,DOU,70734,23,0,0,0,0,1,15,0,0,0,0,15,80515,113.82
04/2026,2,NORDESTE,NE,25,PARAIBA,PARAÍBA,PB,250330,CACHOEIRA DOS INDIOS,CACHOEIRA DOS ÍNDIOS,3,2025,DOU,9335,5,0,0,0,0,0,0,0,0,0,0,0,17500,187.46
04/2026,2,NORDESTE,NE,25,PARAIBA,PARAÍBA,PB,250340,CACIMBA DE AREIA,CACIMBA DE AREIA,3,2025,DOU,3344,2,0,0,0,0,0,0,0,0,0,0,0,7000,209.33
04/2026,2,NORDESTE,NE,25,PARAIBA,PARAÍBA,PB,250350,CACIMBA DE DENTRO,CACIMBA DE DENTRO,3,2025,DOU,16332,7,0,0,0,0,0,0,0,0,0,0,0,24500,150.01
04/2026,2,NORDESTE,NE,25,PARAIBA,PARAÍBA,PB,250355,CACIMBAS,CACIMBAS,3,2025,DOU,7513,4,0,0,0,0,0,0,0,0,0,0,0,14000,186.34
04/2026,2,NORDESTE,NE,25,PARAIBA,PARAÍBA,PB,250360,CAICARA,CAIÇARA,3,2025,DOU,6684,3,0,0,0,0,0,0,0,0,0,0,0,10500,157.09
04/2026,2,NORDESTE,NE,25,PARAIBA,PARAÍBA,PB,250370,CAJAZEIRAS,CAJAZEIRAS,1,2025,DOU,66585,31,3,0,0,0,1,144,0,0,0,0,144,116519,174.99
04/2026,2,NORDESTE,NE,25,PARAIBA,PARAÍBA,PB,250375,CAJAZEIRINHAS,CAJAZEIRINHAS,3,2025,DOU,2760,2,0,0,0,0,0,0,0,0,0,0,0,7000,253.62
04/2026,2,NORDESTE,NE,25,PARAIBA,PARAÍBA,PB,250380,CALDAS BRANDAO,CALDAS BRANDÃO,3,2025,DOU,5942,3,0,0,0,0,0,0,0,0,0,0,0,10500,176.7
04/2026,2,NORDESTE,NE,25,PARAIBA,PARAÍBA,PB,250390,CAMALAU,CAMALAÚ,3,2025,DOU,6327,2,0,0,0,0,0,0,0,0,0,0,0,7000,110.63
04/2026,2,NORDESTE,NE,25,PARAIBA,PARAÍBA,PB,250400,CAMPINA GRANDE,CAMPINA GRANDE,1,2025,DOU,443911,152,9,0,0,0,2,551,0,0,2,2060,2611,558236,125.75
04/2026,2,NORDESTE,NE,25,PARAIBA,PARAÍBA,PB,250403,CAPIM,CAPIM,3,2025,DOU,7446,3,0,0,0,0,0,0,0,0,0,0,0,10500,141.01
04/2026,2,NORDESTE,NE,25,PARAIBA,PARAÍBA,PB,250407,CARAUBAS,CARAÚBAS,3,2025,DOU,4067,2,0,0,0,0,0,0,0,0,0,0,0,7000,172.11
04/2026,2,NORDESTE,NE,25,PARAIBA,PARAÍBA,PB,250410,CARRAPATEIRA,CARRAPATEIRA,3,2025,DOU,2365,1,0,0,0,0,0,0,0,0,0,0,0,3500,147.99
04/2026,2,NORDESTE,NE,25,PARAIBA,PARAÍBA,PB,250415,CASSERENGUE,CASSERENGUE,3,2025,DOU,7052,4,0,0,0,0,0,0,0,0,0,0,0,14000,198.52
04/2026,2,NORDESTE,NE,25,PARAIBA,PARAÍBA,PB,250420,CATINGUEIRA,CATINGUEIRA,3,2025,DOU,4556,2,0,0,0,0,0,0,0,0,0,0,0,7000,153.64
04/2026,2,NORDESTE,NE,25,PARAIBA,PARAÍBA,PB,250430,CATOLE DO ROCHA,CATOLÉ DO ROCHA,2,2025,DOU,32288,12,0,0,0,0,0,0,0,0,0,0,0,42000,130.07
04/2026,2,NORDESTE,NE,25,PARAIBA,PARAÍBA,PB,250435,CATURITE,CATURITÉ,3,2025,DOU,5544,3,0,0,0,0,0,0,0,0,0,0,0,10500,189.39
04/2026,2,NORDESTE,NE,25,PARAIBA,PARAÍBA,PB,250440,CONCEICAO,CONCEIÇÃO,2,2025,DOU,18731,10,0,0,0,0,0,0,0,0,0,0,0,35000,186.85
04/2026,2,NORDESTE,NE,25,PARAIBA,PARAÍBA,PB,250450,CONDADO,CONDADO,3,2025,DOU,6629,3,0,0,0,0,0,0,0,0,0,0,0,10500,158.39
04/2026,2,NORDESTE,NE,25,PARAIBA,PARAÍBA,PB,250460,CONDE,CONDE,1,2025,DOU,30007,11,0,0,0,0,0,0,0,0,0,0,0,38500,128.3
04/2026,2,NORDESTE,NE,25,PARAIBA,PARAÍBA,PB,250470,CONGO,CONGO,3,2025,DOU,5124,2,0,0,0,0,0,0,0,0,0,0,0,7000,136.61
04/2026,2,NORDESTE,NE,25,PARAIBA,PARAÍBA,PB,250480,COREMAS,COREMAS,2,2025,DOU,14987,8,0,0,0,0,0,0,1,0,0,0,0,28000,186.82
04/2026,2,NORDESTE,NE,25,PARAIBA,PARAÍBA,PB,250485,COXIXOLA,COXIXOLA,3,2025,DOU,1888,1,0,0,0,0,0,0,0,0,0,0,0,3500,185.38
04/2026,2,NORDESTE,NE,25,PARAIBA,PARAÍBA,PB,250490,CRUZ DO ESPIRITO SANTO,CRUZ DO ESPÍRITO SANTO,3,2025,DOU,17821,9,0,0,0,0,0,0,0,0,0,0,0,31500,176.75
04/2026,2,NORDESTE,NE,25,PARAIBA,PARAÍBA,PB,250500,CUBATI,CUBATI,3,2025,DOU,7842,4,0,0,0,0,0,0,1,0,0,0,0,14000,178.52
04/2026,2,NORDESTE,NE,25,PARAIBA,PARAÍBA,PB,250510,CUITE,CUITÉ,1,2025,DOU,20208,10,0,0,0,0,0,0,0,0,0,0,0,35000,173.19
04/2026,2,NORDESTE,NE,25,PARAIBA,PARAÍBA,PB,250523,CUITE DE MAMANGUAPE,CUITÉ DE MAMANGUAPE,3,2025,DOU,6441,3,0,0,0,0,0,0,0,0,0,0,0,10500,163.01
04/2026,2,NORDESTE,NE,25,PARAIBA,PARAÍBA,PB,250520,CUITEGI,CUITEGI,2,2025,DOU,6890,3,0,0,0,0,0,0,0,0,0,0,0,10500,152.39
04/2026,2,NORDESTE,NE,25,PARAIBA,PARAÍBA,PB,250527,CURRAL DE CIMA,CURRAL DE CIMA,3,2025,DOU,5415,3,0,0,0,0,0,0,0,0,0,0,0,10500,193.9
04/2026,2,NORDESTE,NE,25,PARAIBA,PARAÍBA,PB,250530,CURRAL VELHO,CURRAL VELHO,3,2025,DOU,2316,1,0,0,0,0,0,0,0,0,0,0,0,3500,151.12
04/2026,2,NORDESTE,NE,25,PARAIBA,PARAÍBA,PB,250535,DAMIAO,DAMIÃO,3,2025,DOU,5141,3,0,0,0,0,0,0,0,0,0,0,0,10500,204.24
04/2026,2,NORDESTE,NE,25,PARAIBA,PARAÍBA,PB,250540,DESTERRO,DESTERRO,3,2025,DOU,8314,4,0,0,0,0,0,0,0,0,0,0,0,14000,168.39
04/2026,2,NORDESTE,NE,25,PARAIBA,PARAÍBA,PB,250560,DIAMANTE,DIAMANTE,3,2025,DOU,6416,3,0,0,0,0,0,0,0,0,0,0,0,10500,163.65
04/2026,2,NORDESTE,NE,25,PARAIBA,PARAÍBA,PB,250570,DONA INES,DONA INÊS,3,2025,DOU,10638,5,0,0,0,0,0,0,0,0,0,0,0,17500,164.5
04/2026,2,NORDESTE,NE,25,PARAIBA,PARAÍBA,PB,250580,DUAS ESTRADAS,DUAS ESTRADAS,3,2025,DOU,3360,2,0,0,0,0,0,0,0,0,0,0,0,7000,208.33
04/2026,2,NORDESTE,NE,25,PARAIBA,PARAÍBA,PB,250590,EMAS,EMAS,3,2025,DOU,3036,2,0,0,0,0,0,0,0,0,0,0,0,7000,230.56
04/2026,2,NORDESTE,NE,25,PARAIBA,PARAÍBA,PB,250600,ESPERANCA,ESPERANÇA,2,2025,DOU,32599,14,0,0,0,0,0,0,1,111,0,0,111,49111,150.65
04/2026,2,NORDESTE,NE,25,PARAIBA,PARAÍBA,PB,250610,FAGUNDES,FAGUNDES,3,2025,DOU,11307,6,0,0,0,0,0,0,0,0,0,0,0,21000,185.72
04/2026,2,NORDESTE,NE,25,PARAIBA,PARAÍBA,PB,250620,FREI MARTINHO,FREI MARTINHO,3,2025,DOU,2911,1,0,0,0,0,0,0,0,0,0,0,0,3500,120.23
04/2026,2,NORDESTE,NE,25,PARAIBA,PARAÍBA,PB,250625,GADO BRAVO,GADO BRAVO,3,2025,DOU,8398,4,0,0,0,0,0,0,0,0,0,0,0,14000,166.7
04/2026,2,NORDESTE,NE,25,PARAIBA,PARAÍBA,PB,250630,GUARABIRA,GUARABIRA,1,2025,DOU,60057,20,0,0,0,0,0,0,0,0,0,0,0,70000,116.55
04/2026,2,NORDESTE,NE,25,PARAIBA,PARAÍBA,PB,250640,GURINHEM,GURINHÉM,3,2025,DOU,14141,7,0,0,0,0,0,0,0,0,0,0,0,24500,173.25
04/2026,2,NORDESTE,NE,25,PARAIBA,PARAÍBA,PB,250650,GURJAO,GURJÃO,3,2025,DOU,3352,2,0,0,0,0,0,0,0,0,0,0,0,7000,208.83
04/2026,2,NORDESTE,NE,25,PARAIBA,PARAÍBA,PB,250660,IBIARA,IBIARA,3,2025,DOU,5713,3,0,0,0,0,0,0,0,0,0,0,0,10500,183.79
04/2026,2,NORDESTE,NE,25,PARAIBA,PARAÍBA,PB,250260,IGARACY,IGARACY,3,2025,DOU,5719,3,0,0,0,0,1,0,0,0,0,0,0,10500,183.59
04/2026,2,NORDESTE,NE,25,PARAIBA,PARAÍBA,PB,250670,IMACULADA,IMACULADA,3,2025,DOU,10497,6,0,0,0,0,0,0,0,0,0,0,0,21000,200.05
04/2026,2,NORDESTE,NE,25,PARAIBA,PARAÍBA,PB,250680,INGA,INGÁ,2,2025,DOU,18234,9,0,0,0,0,0,0,1,46,0,0,46,31546,173.0
04/2026,2,NORDESTE,NE,25,PARAIBA,PARAÍBA,PB,250690,ITABAIANA,ITABAIANA,1,2025,DOU,23558,10,0,0,0,0,0,0,1,117,0,0,117,35117,149.06
04/2026,2,NORDESTE,NE,25,PARAIBA,PARAÍBA,PB,250700,ITAPORANGA,ITAPORANGA,1,2025,DOU,24766,10,0,0,0,0,0,0,0,0,0,0,0,35000,141.32
04/2026,2,NORDESTE,NE,25,PARAIBA,PARAÍBA,PB,250710,ITAPOROROCA,ITAPOROROCA,2,2025,DOU,19165,8,0,0,0,0,0,0,0,0,0,0,0,28000,146.09
04/2026,2,NORDESTE,NE,25,PARAIBA,PARAÍBA,PB,250720,ITATUBA,ITATUBA,3,2025,DOU,10840,6,0,0,0,0,0,0,0,0,0,0,0,21000,193.72
04/2026,2,NORDESTE,NE,25,PARAIBA,PARAÍBA,PB,250730,JACARAU,JACARAÚ,3,2025,DOU,14969,7,0,0,0,0,0,0,1,2,0,0,2,24502,163.68
04/2026,2,NORDESTE,NE,25,PARAIBA,PARAÍBA,PB,250740,JERICO,JERICÓ,3,2025,DOU,7728,3,0,0,0,0,0,0,0,0,0,0,0,10500,135.86
04/2026,2,NORDESTE,NE,25,PARAIBA,PARAÍBA,PB,250750,JOAO PESSOA,JOÃO PESSOA,1,2025,DOU,897633,218,0,0,0,0,6,1087,5,2308,1,1854,5249,768249,85.58
04/2026,2,NORDESTE,NE,25,PARAIBA,PARAÍBA,PB,251365,JOCA CLAUDINO,JOCA CLAUDINO,3,2025,DOU,2607,1,0,0,0,0,0,0,0,0,0,0,0,3500,134.25
04/2026,2,NORDESTE,NE,25,PARAIBA,PARAÍBA,PB,250760,JUAREZ TAVORA,JUAREZ TÁVORA,2,2025,DOU,8088,4,0,0,0,0,0,0,0,0,0,0,0,14000,173.09
04/2026,2,NORDESTE,NE,25,PARAIBA,PARAÍBA,PB,250770,JUAZEIRINHO,JUAZEIRINHO,3,2025,DOU,17520,9,0,0,0,0,0,0,0,0,0,0,0,31500,179.79
04/2026,2,NORDESTE,NE,25,PARAIBA,PARAÍBA,PB,250780,JUNCO DO SERIDO,JUNCO DO SERIDÓ,3,2025,DOU,7019,3,0,0,0,0,0,0,0,0,0,0,0,10500,149.59
04/2026,2,NORDESTE,NE,25,PARAIBA,PARAÍBA,PB,250790,JURIPIRANGA,JURIPIRANGA,1,2025,DOU,10255,5,0,0,0,0,0,0,0,0,0,0,0,17500,170.64
04/2026,2,NORDESTE,NE,25,PARAIBA,PARAÍBA,PB,250800,JURU,JURU,3,2025,DOU,9380,5,0,0,0,0,0,0,0,0,0,0,0,17500,186.56
04/2026,2,NORDESTE,NE,25,PARAIBA,PARAÍBA,PB,250810,LAGOA,LAGOA,3,2025,DOU,4489,2,0,0,0,0,0,0,0,0,0,0,0,7000,155.93
04/2026,2,NORDESTE,NE,25,PARAIBA,PARAÍBA,PB,250820,LAGOA DE DENTRO,LAGOA DE DENTRO,3,2025,DOU,8123,4,0,0,0,0,0,0,0,0,0,0,0,14000,172.35
04/2026,2,NORDESTE,NE,25,PARAIBA,PARAÍBA,PB,250830,LAGOA SECA,LAGOA SECA,1,2025,DOU,29209,13,0,0,0,0,0,0,0,0,0,0,0,45500,155.77
04/2026,2,NORDESTE,NE,25,PARAIBA,PARAÍBA,PB,250840,LASTRO,LASTRO,3,2025,DOU,3316,1,0,0,0,0,0,0,0,0,0,0,0,3500,105.54
04/2026,2,NORDESTE,NE,25,PARAIBA,PARAÍBA,PB,250850,LIVRAMENTO,LIVRAMENTO,3,2025,DOU,7041,3,0,0,0,0,0,0,0,0,0,0,0,10500,149.12
04/2026,2,NORDESTE,NE,25,PARAIBA,PARAÍBA,PB,250855,LOGRADOURO,LOGRADOURO,3,2025,DOU,5107,2,0,0,0,0,0,0,0,0,0,0,0,7000,137.06
04/2026,2,NORDESTE,NE,25,PARAIBA,PARAÍBA,PB,250860,LUCENA,LUCENA,1,2025,DOU,13088,6,0,0,0,0,0,0,0,0,0,0,0,21000,160.45
04/2026,2,NORDESTE,NE,25,PARAIBA,PARAÍBA,PB,250870,MAE D'AGUA,MÃE D'ÁGUA,3,2025,DOU,3599,2,0,0,0,0,0,0,0,0,0,0,0,7000,194.49
04/2026,2,NORDESTE,NE,25,PARAIBA,PARAÍBA,PB,250880,MALTA,MALTA,2,2025,DOU,6288,3,0,0,0,0,0,0,0,0,0,0,0,10500,166.98
04/2026,2,NORDESTE,NE,25,PARAIBA,PARAÍBA,PB,250890,MAMANGUAPE,MAMANGUAPE,1,2025,DOU,46966,19,0,0,0,0,0,0,0,0,0,0,0,66500,141.59
04/2026,2,NORDESTE,NE,25,PARAIBA,PARAÍBA,PB,250900,MANAIRA,MANAÍRA,3,2025,DOU,10699,5,0,0,0,0,0,0,0,0,0,0,0,17500,163.56
04/2026,2,NORDESTE,NE,25,PARAIBA,PARAÍBA,PB,250905,MARCACAO,MARCAÇÃO,3,2025,DOU,9537,4,0,0,0,0,0,0,0,0,0,0,0,14000,146.79
04/2026,2,NORDESTE,NE,25,PARAIBA,PARAÍBA,PB,250910,MARI,MARI,1,2025,DOU,22170,11,0,0,0,0,0,0,0,0,0,0,0,38500,173.65
04/2026,2,NORDESTE,NE,25,PARAIBA,PARAÍBA,PB,250915,MARIZOPOLIS,MARIZÓPOLIS,2,2025,DOU,7001,3,0,0,0,0,0,0,0,0,0,0,0,10500,149.97
04/2026,2,NORDESTE,NE,25,PARAIBA,PARAÍBA,PB,250920,MASSARANDUBA,MASSARANDUBA,1,2025,DOU,14756,7,0,0,0,0,0,0,0,0,0,0,0,24500,166.03
04/2026,2,NORDESTE,NE,25,PARAIBA,PARAÍBA,PB,250930,MATARACA,MATARACA,2,2025,DOU,8650,4,0,0,0,0,0,0,0,0,0,0,0,14000,161.84
04/2026,2,NORDESTE,NE,25,PARAIBA,PARAÍBA,PB,250933,MATINHAS,MATINHAS,3,2025,DOU,4759,2,0,0,0,0,0,0,0,0,0,0,0,7000,147.08
04/2026,2,NORDESTE,NE,25,PARAIBA,PARAÍBA,PB,250937,MATO GROSSO,MATO GROSSO,3,2025,DOU,2584,1,0,0,0,0,0,0,0,0,0,0,0,3500,135.44
04/2026,2,NORDESTE,NE,25,PARAIBA,PARAÍBA,PB,250939,MATUREIA,MATURÉIA,3,2025,DOU,6717,3,0,0,0,0,0,0,0,0,0,0,0,10500,156.31
04/2026,2,NORDESTE,NE,25,PARAIBA,PARAÍBA,PB,250940,MOGEIRO,MOGEIRO,3,2025,DOU,14435,7,0,0,0,0,0,0,0,0,0,0,0,24500,169.72
04/2026,2,NORDESTE,NE,25,PARAIBA,PARAÍBA,PB,250950,MONTADAS,MONTADAS,3,2025,DOU,6144,3,0,0,0,0,0,0,0,0,0,0,0,10500,170.89
04/2026,2,NORDESTE,NE,25,PARAIBA,PARAÍBA,PB,250960,MONTE HOREBE,MONTE HOREBE,3,2025,DOU,4429,2,0,0,0,0,0,0,0,0,0,0,0,7000,158.04
04/2026,2,NORDESTE,NE,25,PARAIBA,PARAÍBA,PB,250970,MONTEIRO,MONTEIRO,2,2025,DOU,33886,14,0,0,0,0,0,0,1,105,0,0,105,49105,144.91
04/2026,2,NORDESTE,NE,25,PARAIBA,PARAÍBA,PB,250980,MULUNGU,MULUNGU,3,2025,DOU,8909,5,0,0,0,0,0,0,0,0,0,0,0,17500,196.43
04/2026,2,NORDESTE,NE,25,PARAIBA,PARAÍBA,PB,250990,NATUBA,NATUBA,3,2025,DOU,8935,5,0,0,0,0,0,0,0,0,0,0,0,17500,195.85
04/2026,2,NORDESTE,NE,25,PARAIBA,PARAÍBA,PB,251000,NAZAREZINHO,NAZAREZINHO,3,2025,DOU,7394,4,0,0,0,0,0,0,0,0,0,0,0,14000,189.34
04/2026,2,NORDESTE,NE,25,PARAIBA,PARAÍBA,PB,251010,NOVA FLORESTA,NOVA FLORESTA,1,2025,DOU,9840,5,0,0,0,0,0,0,0,0,0,0,0,17500,177.84
04/2026,2,NORDESTE,NE,25,PARAIBA,PARAÍBA,PB,251020,NOVA OLINDA,NOVA OLINDA,3,2025,DOU,5897,3,0,0,0,0,0,0,0,0,0,0,0,10500,178.05
04/2026,2,NORDESTE,NE,25,PARAIBA,PARAÍBA,PB,251030,NOVA PALMEIRA,NOVA PALMEIRA,3,2025,DOU,4359,2,0,0,0,0,0,0,0,0,0,0,0,7000,160.58
04/2026,2,NORDESTE,NE,25,PARAIBA,PARAÍBA,PB,251040,OLHO D'AGUA,OLHO D'ÁGUA,3,2025,DOU,6059,3,0,0,0,0,0,0,0,0,0,0,0,10500,173.29
04/2026,2,NORDESTE,NE,25,PARAIBA,PARAÍBA,PB,251050,OLIVEDOS,OLIVEDOS,3,2025,DOU,3675,2,0,0,0,0,0,0,0,0,0,0,0,7000,190.47
04/2026,2,NORDESTE,NE,25,PARAIBA,PARAÍBA,PB,251060,OURO VELHO,OURO VELHO,3,2025,DOU,3000,2,0,0,0,0,0,0,0,0,0,0,0,7000,233.33
04/2026,2,NORDESTE,NE,25,PARAIBA,PARAÍBA,PB,251065,PARARI,PARARI,3,2025,DOU,1745,1,0,0,0,0,0,0,0,0,0,0,0,3500,200.57
04/2026,2,NORDESTE,NE,25,PARAIBA,PARAÍBA,PB,251070,PASSAGEM,PASSAGEM,3,2025,DOU,2580,2,0,0,0,0,0,0,0,0,0,0,0,7000,271.31
04/2026,2,NORDESTE,NE,25,PARAIBA,PARAÍBA,PB,251080,PATOS,PATOS,1,2025,DOU,108104,42,0,0,0,0,0,0,0,0,0,0,0,147000,135.98
04/2026,2,NORDESTE,NE,25,PARAIBA,PARAÍBA,PB,251090,PAULISTA,PAULISTA,3,2025,DOU,12172,6,0,0,0,0,0,0,0,0,0,0,0,21000,172.52
04/2026,2,NORDESTE,NE,25,PARAIBA,PARAÍBA,PB,251100,PEDRA BRANCA,PEDRA BRANCA,3,2025,DOU,3851,2,0,0,0,0,0,0,0,0,0,0,0,7000,181.77
04/2026,2,NORDESTE,NE,25,PARAIBA,PARAÍBA,PB,251110,PEDRA LAVRADA,PEDRA LAVRADA,3,2025,DOU,6980,3,0,0,0,0,0,0,0,0,0,0,0,10500,150.42
04/2026,2,NORDESTE,NE,25,PARAIBA,PARAÍBA,PB,251120,PEDRAS DE FOGO,PEDRAS DE FOGO,1,2025,DOU,31356,13,0,0,0,0,0,0,0,0,0,0,0,45500,145.1
04/2026,2,NORDESTE,NE,25,PARAIBA,PARAÍBA,PB,251272,PEDRO REGIS,PEDRO RÉGIS,3,2025,DOU,5932,3,0,0,0,0,0,0,0,0,0,0,0,10500,177.0
04/2026,2,NORDESTE,NE,25,PARAIBA,PARAÍBA,PB,251130,PIANCO,PIANCÓ,2,2025,DOU,17088,9,0,0,0,0,0,0,0,0,0,0,0,31500,184.33
04/2026,2,NORDESTE,NE,25,PARAIBA,PARAÍBA,PB,251140,PICUI,PICUÍ,2,2025,DOU,18862,10,0,0,0,0,0,0,0,0,0,0,0,35000,185.55
04/2026,2,NORDESTE,NE,25,PARAIBA,PARAÍBA,PB,251150,PILAR,PILAR,3,2025,DOU,12889,6,0,0,0,0,0,0,0,0,0,0,0,21000,162.92
04/2026,2,NORDESTE,NE,25,PARAIBA,PARAÍBA,PB,251160,PILOES,PILÕES,3,2025,DOU,6974,3,0,0,0,0,0,0,0,0,0,0,0,10500,150.55
04/2026,2,NORDESTE,NE,25,PARAIBA,PARAÍBA,PB,251170,PILOEZINHOS,PILÕEZINHOS,1,2025,DOU,5539,3,0,0,0,0,0,0,0,0,0,0,0,10500,189.56
04/2026,2,NORDESTE,NE,25,PARAIBA,PARAÍBA,PB,251180,PIRPIRITUBA,PIRPIRITUBA,2,2025,DOU,9411,4,0,0,0,0,0,0,0,0,0,0,0,14000,148.76
04/2026,2,NORDESTE,NE,25,PARAIBA,PARAÍBA,PB,251190,PITIMBU,PITIMBU,3,2025,DOU,17166,9,0,0,0,0,0,0,0,0,0,0,0,31500,183.5
04/2026,2,NORDESTE,NE,25,PARAIBA,PARAÍBA,PB,251200,POCINHOS,POCINHOS,3,2025,DOU,18038,9,0,0,0,0,0,0,0,0,0,0,0,31500,174.63
04/2026,2,NORDESTE,NE,25,PARAIBA,PARAÍBA,PB,251203,POCO DANTAS,POÇO DANTAS,3,2025,DOU,3934,2,0,0,0,0,0,0,0,0,0,0,0,7000,177.93
04/2026,2,NORDESTE,NE,25,PARAIBA,PARAÍBA,PB,251207,POCO DE JOSE DE MOURA,POÇO DE JOSÉ DE MOURA,3,2025,DOU,4126,2,0,0,0,0,0,0,0,0,0,0,0,7000,169.65
04/2026,2,NORDESTE,NE,25,PARAIBA,PARAÍBA,PB,251210,POMBAL,POMBAL,1,2025,DOU,33866,15,0,0,0,0,0,0,1,101,0,0,101,52601,155.32
04/2026,2,NORDESTE,NE,25,PARAIBA,PARAÍBA,PB,251220,PRATA,PRATA,3,2025,DOU,4032,2,0,0,0,0,0,0,0,0,0,0,0,7000,173.61
04/2026,2,NORDESTE,NE,25,PARAIBA,PARAÍBA,PB,251230,PRINCESA ISABEL,PRINCESA ISABEL,2,2025,DOU,21674,12,0,0,0,0,0,0,0,0,0,0,0,42000,193.78
04/2026,2,NORDESTE,NE,25,PARAIBA,PARAÍBA,PB,251240,PUXINANA,PUXINANÃ,1,2025,DOU,14942,7,0,0,0,0,0,0,0,0,0,0,0,24500,163.96
04/2026,2,NORDESTE,NE,25,PARAIBA,PARAÍBA,PB,251250,QUEIMADAS,QUEIMADAS,1,2025,DOU,50698,18,0,0,0,0,0,0,0,0,0,0,0,63000,124.26
04/2026,2,NORDESTE,NE,25,PARAIBA,PARAÍBA,PB,251260,QUIXABA,QUIXABÁ,1,2025,DOU,1803,1,1,0,0,0,0,0,0,0,0,0,0,6125,339.71
04/2026,2,NORDESTE,NE,25,PARAIBA,PARAÍBA,PB,251270,REMIGIO,REMÍGIO,1,2025,DOU,18399,9,0,0,0,0,0,0,0,0,0,0,0,31500,171.2
04/2026,2,NORDESTE,NE,25,PARAIBA,PARAÍBA,PB,251274,RIACHAO,RIACHÃO,3,2025,DOU,2945,2,0,0,0,0,0,0,0,0,0,0,0,7000,237.69
04/2026,2,NORDESTE,NE,25,PARAIBA,PARAÍBA,PB,251275,RIACHAO DO BACAMARTE,RIACHÃO DO BACAMARTE,3,2025,DOU,4911,2,0,0,0,0,0,0,0,0,0,0,0,7000,142.53
04/2026,2,NORDESTE,NE,25,PARAIBA,PARAÍBA,PB,251276,RIACHAO DO POCO,RIACHÃO DO POÇO,3,2025,DOU,4989,2,0,0,0,0,0,0,0,0,0,0,0,7000,140.3
04/2026,2,NORDESTE,NE,25,PARAIBA,PARAÍBA,PB,251278,RIACHO DE SANTO ANTONIO,RIACHO DE SANTO ANTÔNIO,3,2025,DOU,2063,1,0,0,0,0,0,0,0,0,0,0,0,3500,169.65
04/2026,2,NORDESTE,NE,25,PARAIBA,PARAÍBA,PB,251280,RIACHO DOS CAVALOS,RIACHO DOS CAVALOS,3,2025,DOU,8788,4,0,0,0,0,0,0,0,0,0,0,0,14000,159.3
04/2026,2,NORDESTE,NE,25,PARAIBA,PARAÍBA,PB,251290,RIO TINTO,RIO TINTO,1,2025,DOU,25500,9,0,0,0,0,0,0,0,0,0,0,0,31500,123.52
04/2026,2,NORDESTE,NE,25,PARAIBA,PARAÍBA,PB,251300,SALGADINHO,SALGADINHO,3,2025,DOU,3435,2,0,0,0,0,0,0,0,0,0,0,0,7000,203.78
04/2026,2,NORDESTE,NE,25,PARAIBA,PARAÍBA,PB,251310,SALGADO DE SAO FELIX,SALGADO DE SÃO FÉLIX,3,2025,DOU,11741,6,0,0,0,0,0,0,0,0,0,0,0,21000,178.86
04/2026,2,NORDESTE,NE,25,PARAIBA,PARAÍBA,PB,251315,SANTA CECILIA,SANTA CECÍLIA,3,2025,DOU,8113,3,0,0,0,0,0,0,0,0,0,0,0,10500,129.42
04/2026,2,NORDESTE,NE,25,PARAIBA,PARAÍBA,PB,251320,SANTA CRUZ,SANTA CRUZ,3,2025,DOU,6013,3,0,0,0,0,0,0,0,0,0,0,0,10500,174.62
04/2026,2,NORDESTE,NE,25,PARAIBA,PARAÍBA,PB,251330,SANTA HELENA,SANTA HELENA,3,2025,DOU,6023,3,0,0,0,0,0,0,0,0,0,0,0,10500,174.33
04/2026,2,NORDESTE,NE,25,PARAIBA,PARAÍBA,PB,251335,SANTA INES,SANTA INÊS,3,2025,DOU,3256,2,0,0,0,0,0,0,0,0,0,0,0,7000,214.98
04/2026,2,NORDESTE,NE,25,PARAIBA,PARAÍBA,PB,251340,SANTA LUZIA,SANTA LUZIA,1,2025,DOU,15418,6,0,0,0,0,0,0,0,0,0,0,0,21000,136.2
04/2026,2,NORDESTE,NE,25,PARAIBA,PARAÍBA,PB,251370,SANTA RITA,SANTA RITA,1,2025,DOU,160852,42,0,1,0,0,1,110,1,314,0,0,424,149174,92.73
04/2026,2,NORDESTE,NE,25,PARAIBA,PARAÍBA,PB,251380,SANTA TERESINHA,SANTA TERESINHA,3,2025,DOU,4492,2,0,0,0,0,0,0,0,0,0,0,0,7000,155.83
04/2026,2,NORDESTE,NE,25,PARAIBA,PARAÍBA,PB,251350,SANTANA DE MANGUEIRA,SANTANA DE MANGUEIRA,3,2025,DOU,5090,3,0,0,0,0,0,0,0,0,0,0,0,10500,206.28
04/2026,2,NORDESTE,NE,25,PARAIBA,PARAÍBA,PB,251360,SANTANA DOS GARROTES,SANTANA DOS GARROTES,3,2025,DOU,6618,4,0,0,0,0,0,0,0,0,0,0,0,14000,211.54
04/2026,2,NORDESTE,NE,25,PARAIBA,PARAÍBA,PB,251385,SANTO ANDRE,SANTO ANDRÉ,3,2025,DOU,2708,1,0,0,0,0,0,0,0,0,0,0,0,3500,129.24
04/2026,2,NORDESTE,NE,25,PARAIBA,PARAÍBA,PB,251392,SAO BENTINHO,SÃO BENTINHO,3,2025,DOU,4490,2,0,0,0,0,0,0,0,0,0,0,0,7000,155.9
04/2026,2,NORDESTE,NE,25,PARAIBA,PARAÍBA,PB,251390,SAO BENTO,SÃO BENTO,1,2025,DOU,33845,15,3,0,0,0,0,0,0,0,0,0,0,60375,178.38
04/2026,2,NORDESTE,NE,25,PARAIBA,PARAÍBA,PB,251396,SAO DOMINGOS,SÃO DOMINGOS,3,2025,DOU,2624,2,0,0,0,0,0,0,0,0,0,0,0,7000,266.76
04/2026,2,NORDESTE,NE,25,PARAIBA,PARAÍBA,PB,251394,SAO DOMINGOS DO CARIRI,SÃO DOMINGOS DO CARIRI,3,2025,DOU,2688,1,0,0,0,0,0,0,0,0,0,0,0,3500,130.2
04/2026,2,NORDESTE,NE,25,PARAIBA,PARAÍBA,PB,251398,SAO FRANCISCO,SÃO FRANCISCO,3,2025,DOU,3176,2,0,0,0,0,0,0,0,0,0,0,0,7000,220.4
04/2026,2,NORDESTE,NE,25,PARAIBA,PARAÍBA,PB,251400,SAO JOAO DO CARIRI,SÃO JOÃO DO CARIRI,3,2025,DOU,4345,2,0,0,0,0,0,0,0,0,0,0,0,7000,161.1
04/2026,2,NORDESTE,NE,25,PARAIBA,PARAÍBA,PB,250070,SAO JOAO DO RIO DO PEIXE,SÃO JOÃO DO RIO DO PEIXE,3,2025,DOU,18500,9,0,0,0,0,0,0,0,0,0,0,0,31500,170.27
04/2026,2,NORDESTE,NE,25,PARAIBA,PARAÍBA,PB,251410,SAO JOAO DO TIGRE,SÃO JOÃO DO TIGRE,3,2025,DOU,4359,2,0,0,0,0,0,0,0,0,0,0,0,7000,160.58
04/2026,2,NORDESTE,NE,25,PARAIBA,PARAÍBA,PB,251420,SAO JOSE DA LAGOA TAPADA,SÃO JOSÉ DA LAGOA TAPADA,3,2025,DOU,7251,4,0,0,0,0,0,0,0,0,0,0,0,14000,193.07
04/2026,2,NORDESTE,NE,25,PARAIBA,PARAÍBA,PB,251430,SAO JOSE DE CAIANA,SÃO JOSÉ DE CAIANA,3,2025,DOU,4966,2,0,0,0,0,0,0,0,0,0,0,0,7000,140.95
04/2026,2,NORDESTE,NE,25,PARAIBA,PARAÍBA,PB,251440,SAO JOSE DE ESPINHARAS,SÃO JOSÉ DE ESPINHARAS,3,2025,DOU,4056,2,0,0,0,0,0,0,0,0,0,0,0,7000,172.58
04/2026,2,NORDESTE,NE,25,PARAIBA,PARAÍBA,PB,251450,SAO JOSE DE PIRANHAS,SÃO JOSÉ DE PIRANHAS,3,2025,DOU,19561,10,0,0,0,0,0,0,0,0,0,0,0,35000,178.92
04/2026,2,NORDESTE,NE,25,PARAIBA,PARAÍBA,PB,251455,SAO JOSE DE PRINCESA,SÃO JOSÉ DE PRINCESA,3,2025,DOU,3323,2,0,0,0,0,0,0,0,0,0,0,0,7000,210.65
04/2026,2,NORDESTE,NE,25,PARAIBA,PARAÍBA,PB,251460,SAO JOSE DO BONFIM,SÃO JOSÉ DO BONFIM,3,2025,DOU,3337,2,0,0,0,0,0,0,0,0,0,0,0,7000,209.76
04/2026,2,NORDESTE,NE,25,PARAIBA,PARAÍBA,PB,251465,SAO JOSE DO BREJO DO CRUZ,SÃO JOSÉ DO BREJO DO CRUZ,3,2025,DOU,1750,1,0,0,0,0,0,0,0,0,0,0,0,3500,200.0
04/2026,2,NORDESTE,NE,25,PARAIBA,PARAÍBA,PB,251470,SAO JOSE DO SABUGI,SÃO JOSÉ DO SABUGI,3,2025,DOU,4283,2,0,0,0,0,0,0,0,0,0,0,0,7000,163.43
04/2026,2,NORDESTE,NE,25,PARAIBA,PARAÍBA,PB,251480,SAO JOSE DOS CORDEIROS,SÃO JOSÉ DOS CORDEIROS,3,2025,DOU,3462,2,0,0,0,0,0,0,0,0,0,0,0,7000,202.19
04/2026,2,NORDESTE,NE,25,PARAIBA,PARAÍBA,PB,251445,SAO JOSE DOS RAMOS,SÃO JOSÉ DOS RAMOS,3,2025,DOU,6137,3,0,0,0,0,0,0,0,0,0,0,0,10500,171.09
04/2026,2,NORDESTE,NE,25,PARAIBA,PARAÍBA,PB,251490,SAO MAMEDE,SÃO MAMEDE,2,2025,DOU,7629,4,0,0,0,0,0,0,0,0,0,0,0,14000,183.51
04/2026,2,NORDESTE,NE,25,PARAIBA,PARAÍBA,PB,251500,SAO MIGUEL DE TAIPU,SÃO MIGUEL DE TAIPU,3,2025,DOU,7307,4,0,0,0,0,0,0,0,0,0,0,0,14000,191.59
04/2026,2,NORDESTE,NE,25,PARAIBA,PARAÍBA,PB,251510,SAO SEBASTIAO DE LAGOA DE ROCA,SÃO SEBASTIÃO DE LAGOA DE ROÇA,3,2025,DOU,11387,6,0,0,0,0,0,0,0,0,0,0,0,21000,184.42
04/2026,2,NORDESTE,NE,25,PARAIBA,PARAÍBA,PB,251520,SAO SEBASTIAO DO UMBUZEIRO,SÃO SEBASTIÃO DO UMBUZEIRO,3,2025,DOU,3382,2,0,0,0,0,0,0,0,0,0,0,0,7000,206.97
04/2026,2,NORDESTE,NE,25,PARAIBA,PARAÍBA,PB,251540,SAO VICENTE DO SERIDO,SÃO VICENTE DO SERIDÓ,3,2025,DOU,10652,5,0,0,0,0,0,0,0,0,0,0,0,17500,164.28
04/2026,2,NORDESTE,NE,25,PARAIBA,PARAÍBA,PB,251530,SAPE,SAPÉ,1,2025,DOU,53457,19,0,0,0,0,0,0,0,0,0,0,0,66500,124.39
04/2026,2,NORDESTE,NE,25,PARAIBA,PARAÍBA,PB,251550,SERRA BRANCA,SERRA BRANCA,3,2025,DOU,14131,6,0,0,0,0,0,0,0,0,0,0,0,21000,148.6
04/2026,2,NORDESTE,NE,25,PARAIBA,PARAÍBA,PB,251560,SERRA DA RAIZ,SERRA DA RAIZ,3,2025,DOU,3156,2,0,0,0,0,0,0,0,0,0,0,0,7000,221.79
04/2026,2,NORDESTE,NE,25,PARAIBA,PARAÍBA,PB,251570,SERRA GRANDE,SERRA GRANDE,3,2025,DOU,3056,2,0,0,0,0,0,0,0,0,0,0,0,7000,229.05
04/2026,2,NORDESTE,NE,25,PARAIBA,PARAÍBA,PB,251580,SERRA REDONDA,SERRA REDONDA,3,2025,DOU,6975,4,0,0,0,0,0,0,0,0,0,0,0,14000,200.71
04/2026,2,NORDESTE,NE,25,PARAIBA,PARAÍBA,PB,251590,SERRARIA,SERRARIA,3,2025,DOU,4754,3,0,0,0,0,0,0,0,0,0,0,0,10500,220.86
04/2026,2,NORDESTE,NE,25,PARAIBA,PARAÍBA,PB,251593,SERTAOZINHO,SERTÃOZINHO,3,2025,DOU,5332,2,0,0,0,0,0,0,0,0,0,0,0,7000,131.28
04/2026,2,NORDESTE,NE,25,PARAIBA,PARAÍBA,PB,251597,SOBRADO,SOBRADO,3,2025,DOU,8646,4,0,0,0,0,0,0,0,0,0,0,0,14000,161.92
04/2026,2,NORDESTE,NE,25,PARAIBA,PARAÍBA,PB,251600,SOLANEA,SOLÂNEA,1,2025,DOU,27748,11,0,0,0,0,0,0,0,0,0,0,0,38500,138.74
04/2026,2,NORDESTE,NE,25,PARAIBA,PARAÍBA,PB,251610,SOLEDADE,SOLEDADE,3,2025,DOU,14409,7,0,0,0,0,0,0,0,0,0,0,0,24500,170.03
04/2026,2,NORDESTE,NE,25,PARAIBA,PARAÍBA,PB,251615,SOSSEGO,SOSSÊGO,3,2025,DOU,3476,2,0,0,0,0,0,0,0,0,0,0,0,7000,201.38
04/2026,2,NORDESTE,NE,25,PARAIBA,PARAÍBA,PB,251620,SOUSA,SOUSA,1,2025,DOU,70066,35,0,0,0,0,0,0,2,0,0,0,0,122500,174.83
04/2026,2,NORDESTE,NE,25,PARAIBA,PARAÍBA,PB,251630,SUME,SUMÉ,2,2025,DOU,17852,8,0,0,0,0,0,0,0,0,0,0,0,28000,156.84
04/2026,2,NORDESTE,NE,25,PARAIBA,PARAÍBA,PB,251640,TACIMA,TACIMA,3,2025,DOU,7794,6,0,0,0,0,0,0,0,0,0,0,0,21000,269.43
04/2026,2,NORDESTE,NE,25,PARAIBA,PARAÍBA,PB,251650,TAPEROA,TAPEROÁ,3,2025,DOU,14358,7,0,0,0,0,0,0,0,0,0,0,0,24500,170.63
04/2026,2,NORDESTE,NE,25,PARAIBA,PARAÍBA,PB,251660,TAVARES,TAVARES,3,2025,DOU,14473,7,0,0,0,0,0,0,0,0,0,0,0,24500,169.28
04/2026,2,NORDESTE,NE,25,PARAIBA,PARAÍBA,PB,251670,TEIXEIRA,TEIXEIRA,3,2025,DOU,15129,8,0,0,0,0,1,23,0,0,0,0,23,28023,185.22
04/2026,2,NORDESTE,NE,25,PARAIBA,PARAÍBA,PB,251675,TENORIO,TENÓRIO,3,2025,DOU,3082,2,0,0,0,0,0,0,0,0,0,0,0,7000,227.12
04/2026,2,NORDESTE,NE,25,PARAIBA,PARAÍBA,PB,251680,TRIUNFO,TRIUNFO,3,2025,DOU,10315,5,0,0,0,0,0,0,0,0,0,0,0,17500,169.65
04/2026,2,NORDESTE,NE,25,PARAIBA,PARAÍBA,PB,251690,UIRAUNA,UIRAÚNA,2,2025,DOU,15431,8,0,0,0,0,0,0,0,0,0,0,0,28000,181.45
04/2026,2,NORDESTE,NE,25,PARAIBA,PARAÍBA,PB,251700,UMBUZEIRO,UMBUZEIRO,3,2025,DOU,9274,5,0,0,0,0,0,0,0,0,0,0,0,17500,188.69
04/2026,2,NORDESTE,NE,25,PARAIBA,PARAÍBA,PB,251710,VARZEA,VÁRZEA,3,2025,DOU,2777,1,0,0,0,0,0,0,0,0,0,0,0,3500,126.03
04/2026,2,NORDESTE,NE,25,PARAIBA,PARAÍBA,PB,251720,VIEIROPOLIS,VIEIRÓPOLIS,3,2025,DOU,4967,3,0,0,0,0,0,0,0,0,0,0,0,10500,211.39
04/2026,2,NORDESTE,NE,25,PARAIBA,PARAÍBA,PB,250550,VISTA SERRANA,VISTA SERRANA,3,2025,DOU,3772,2,0,0,0,0,0,0,0,0,0,0,0,7000,185.57
04/2026,2,NORDESTE,NE,25,PARAIBA,PARAÍBA,PB,251740,ZABELE,ZABELÊ,3,2025,DOU,2323,1,0,0,0,0,0,0,0,0,0,0,0,3500,150.66
04/2026,2,NORDESTE,NE,26,PERNAMBUCO,PERNAMBUCO,PE,260005,ABREU E LIMA,ABREU E LIMA,1,2025,DOU,104248,32,1,0,0,0,0,0,0,0,3,6316,6316,120941,116.01
04/2026,2,NORDESTE,NE,26,PERNAMBUCO,PERNAMBUCO,PE,260010,AFOGADOS DA INGAZEIRA,AFOGADOS DA INGAZEIRA,1,2025,DOU,42672,15,0,0,0,0,0,0,0,0,0,0,0,52500,123.03
04/2026,2,NORDESTE,NE,26,PERNAMBUCO,PERNAMBUCO,PE,260020,AFRANIO,AFRÂNIO,3,2025,DOU,19409,10,0,0,0,0,0,0,0,0,0,0,0,35000,180.32
04/2026,2,NORDESTE,NE,26,PERNAMBUCO,PERNAMBUCO,PE,260030,AGRESTINA,AGRESTINA,2,2025,DOU,24680,12,0,0,0,0,0,0,0,0,0,0,0,42000,170.17
04/2026,2,NORDESTE,NE,26,PERNAMBUCO,PERNAMBUCO,PE,260040,AGUA PRETA,ÁGUA PRETA,2,2025,DOU,26981,14,0,0,0,0,0,0,0,0,0,0,0,49000,181.6
04/2026,2,NORDESTE,NE,26,PERNAMBUCO,PERNAMBUCO,PE,260050,AGUAS BELAS,ÁGUAS BELAS,2,2025,DOU,43822,20,0,0,0,0,0,0,0,0,0,0,0,70000,159.73
04/2026,2,NORDESTE,NE,26,PERNAMBUCO,PERNAMBUCO,PE,260060,ALAGOINHA,ALAGOINHA,3,2025,DOU,14460,7,0,0,0,0,0,0,0,0,0,0,0,24500,169.43
04/2026,2,NORDESTE,NE,26,PERNAMBUCO,PERNAMBUCO,PE,260070,ALIANCA,ALIANÇA,2,2025,DOU,37349,14,1,1,0,0,0,0,0,0,0,0,0,53375,142.9
04/2026,2,NORDESTE,NE,26,PERNAMBUCO,PERNAMBUCO,PE,260080,ALTINHO,ALTINHO,2,2025,DOU,21134,11,0,0,0,0,0,0,0,0,0,0,0,38500,182.17
04/2026,2,NORDESTE,NE,26,PERNAMBUCO,PERNAMBUCO,PE,260090,AMARAJI,AMARAJI,1,2025,DOU,18335,9,1,0,0,0,0,0,0,0,0,0,0,34125,186.11
04/2026,2,NORDESTE,NE,26,PERNAMBUCO,PERNAMBUCO,PE,260100,ANGELIM,ANGELIM,3,2025,DOU,10591,6,0,0,0,0,0,0,0,0,0,0,0,21000,198.28
04/2026,2,NORDESTE,NE,26,PERNAMBUCO,PERNAMBUCO,PE,260105,ARACOIABA,ARAÇOIABA,1,2025,DOU,19996,8,0,0,0,0,0,0,0,0,0,0,0,28000,140.02
04/2026,2,NORDESTE,NE,26,PERNAMBUCO,PERNAMBUCO,PE,260110,ARARIPINA,ARARIPINA,2,2025,DOU,90504,32,0,0,0,0,0,0,0,0,0,0,0,112000,123.75
04/2026,2,NORDESTE,NE,26,PERNAMBUCO,PERNAMBUCO,PE,260120,ARCOVERDE,ARCOVERDE,1,2025,DOU,82487,27,0,0,0,0,0,0,0,0,1,2065,2065,96565,117.06
04/2026,2,NORDESTE,NE,26,PERNAMBUCO,PERNAMBUCO,PE,260130,BARRA DE GUABIRABA,BARRA DE GUABIRABA,1,2025,DOU,12601,7,0,0,0,0,0,0,0,0,0,0,0,24500,194.42
04/2026,2,NORDESTE,NE,26,PERNAMBUCO,PERNAMBUCO,PE,260140,BARREIROS,BARREIROS,1,2025,DOU,42083,14,0,0,0,0,0,0,0,0,0,0,0,49000,116.43
04/2026,2,NORDESTE,NE,26,PERNAMBUCO,PERNAMBUCO,PE,260150,BELEM DE MARIA,BELÉM DE MARIA,2,2025,DOU,10798,6,0,0,0,0,0,0,0,0,0,0,0,21000,194.48
04/2026,2,NORDESTE,NE,26,PERNAMBUCO,PERNAMBUCO,PE,260160,BELEM DO SAO FRANCISCO,BELÉM DO SÃO FRANCISCO,2,2025,DOU,18648,10,0,0,0,0,0,0,0,0,0,0,0,35000,187.68
04/2026,2,NORDESTE,NE,26,PERNAMBUCO,PERNAMBUCO,PE,260170,BELO JARDIM,BELO JARDIM,1,2025,DOU,84033,25,2,2,0,0,0,0,0,0,0,0,0,96250,114.53
04/2026,2,NORDESTE,NE,26,PERNAMBUCO,PERNAMBUCO,PE,260180,BETANIA,BETÂNIA,3,2025,DOU,11961,6,0,0,0,0,0,0,0,0,0,0,0,21000,175.57
04/2026,2,NORDESTE,NE,26,PERNAMBUCO,PERNAMBUCO,PE,260190,BEZERROS,BEZERROS,1,2025,DOU,65007,24,0,12,0,0,0,0,1,33,0,0,33,105033,161.57
04/2026,2,NORDESTE,NE,26,PERNAMBUCO,PERNAMBUCO,PE,260200,BODOCO,BODOCÓ,3,2025,DOU,36145,13,0,4,0,0,0,0,0,0,0,0,0,52500,145.24
04/2026,2,NORDESTE,NE,26,PERNAMBUCO,PERNAMBUCO,PE,260210,BOM CONSELHO,BOM CONSELHO,1,2025,DOU,46202,16,0,0,0,0,0,0,0,0,0,0,0,56000,121.2
04/2026,2,NORDESTE,NE,26,PERNAMBUCO,PERNAMBUCO,PE,260220,BOM JARDIM,BOM JARDIM,3,2025,DOU,39289,14,0,0,0,0,0,0,0,0,0,0,0,49000,124.71
04/2026,2,NORDESTE,NE,26,PERNAMBUCO,PERNAMBUCO,PE,260230,BONITO,BONITO,2,2025,DOU,39212,11,0,0,0,0,0,0,0,0,0,0,0,38500,98.18
04/2026,2,NORDESTE,NE,26,PERNAMBUCO,PERNAMBUCO,PE,260240,BREJAO,BREJÃO,3,2025,DOU,9417,4,0,0,0,0,0,0,0,0,0,0,0,14000,148.66
04/2026,2,NORDESTE,NE,26,PERNAMBUCO,PERNAMBUCO,PE,260250,BREJINHO,BREJINHO,3,2025,DOU,8033,4,0,0,0,0,0,0,0,0,0,0,0,14000,174.28
04/2026,2,NORDESTE,NE,26,PERNAMBUCO,PERNAMBUCO,PE,260260,BREJO DA MADRE DE DEUS,BREJO DA MADRE DE DEUS,1,2025,DOU,51308,14,0,0,0,0,0,0,0,0,0,0,0,49000,95.5
04/2026,2,NORDESTE,NE,26,PERNAMBUCO,PERNAMBUCO,PE,260270,BUENOS AIRES,BUENOS AIRES,3,2025,DOU,13276,6,0,0,0,0,0,0,0,0,0,0,0,21000,158.18
04/2026,2,NORDESTE,NE,26,PERNAMBUCO,PERNAMBUCO,PE,260280,BUIQUE,BUÍQUE,3,2025,DOU,53489,26,0,0,0,0,0,0,1,483,0,0,483,91483,171.03
04/2026,2,NORDESTE,NE,26,PERNAMBUCO,PERNAMBUCO,PE,260290,CABO DE SANTO AGOSTINHO,CABO DE SANTO AGOSTINHO,1,2025,DOU,218049,47,9,0,0,0,0,0,0,0,0,0,0,188125,86.27
04/2026,2,NORDESTE,NE,26,PERNAMBUCO,PERNAMBUCO,PE,260300,CABROBO,CABROBÓ,2,2025,DOU,31762,17,0,0,0,0,0,0,0,0,0,0,0,59500,187.33
04/2026,2,NORDESTE,NE,26,PERNAMBUCO,PERNAMBUCO,PE,260310,CACHOEIRINHA,CACHOEIRINHA,1,2025,DOU,20673,7,0,0,0,0,0,0,0,0,0,0,0,24500,118.51
04/2026,2,NORDESTE,NE,26,PERNAMBUCO,PERNAMBUCO,PE,260320,CAETES,CAETÉS,3,2025,DOU,30571,14,0,0,0,0,0,0,0,0,0,0,0,49000,160.28
04/2026,2,NORDESTE,NE,26,PERNAMBUCO,PERNAMBUCO,PE,260330,CALCADO,CALÇADO,3,2025,DOU,11453,5,0,0,0,0,0,0,0,0,0,0,0,17500,152.79
04/2026,2,NORDESTE,NE,26,PERNAMBUCO,PERNAMBUCO,PE,260340,CALUMBI,CALUMBI,3,2025,DOU,5354,3,0,0,0,0,0,0,0,0,0,0,0,10500,196.11
04/2026,2,NORDESTE,NE,26,PERNAMBUCO,PERNAMBUCO,PE,260345,CAMARAGIBE,CAMARAGIBE,1,2025,DOU,156112,45,0,0,0,0,1,188,0,0,0,0,188,157688,101.0
04/2026,2,NORDESTE,NE,26,PERNAMBUCO,PERNAMBUCO,PE,260350,CAMOCIM DE SAO FELIX,CAMOCIM DE SÃO FÉLIX,1,2025,DOU,18018,8,2,0,0,0,0,0,0,0,0,0,0,33250,184.53
04/2026,2,NORDESTE,NE,26,PERNAMBUCO,PERNAMBUCO,PE,260360,CAMUTANGA,CAMUTANGA,1,2025,DOU,7962,4,0,0,0,0,0,0,0,0,0,0,0,14000,175.83
04/2026,2,NORDESTE,NE,26,PERNAMBUCO,PERNAMBUCO,PE,260370,CANHOTINHO,CANHOTINHO,3,2025,DOU,25103,11,0,0,0,0,0,0,0,0,1,1212,1212,39712,158.19
04/2026,2,NORDESTE,NE,26,PERNAMBUCO,PERNAMBUCO,PE,260380,CAPOEIRAS,CAPOEIRAS,3,2025,DOU,18854,9,0,0,0,0,0,0,0,0,0,0,0,31500,167.07
04/2026,2,NORDESTE,NE,26,PERNAMBUCO,PERNAMBUCO,PE,260390,CARNAIBA,CARNAÍBA,3,2025,DOU,19533,10,0,0,0,0,0,0,0,0,0,0,0,35000,179.18
04/2026,2,NORDESTE,NE,26,PERNAMBUCO,PERNAMBUCO,PE,260392,CARNAUBEIRA DA PENHA,CARNAUBEIRA DA PENHA,3,2025,DOU,12712,2,0,0,0,0,0,0,0,0,0,0,0,7000,55.06
04/2026,2,NORDESTE,NE,26,PERNAMBUCO,PERNAMBUCO,PE,260400,CARPINA,CARPINA,1,2025,DOU,83482,22,0,0,0,0,0,0,0,0,0,0,0,77000,92.23
04/2026,2,NORDESTE,NE,26,PERNAMBUCO,PERNAMBUCO,PE,260410,CARUARU,CARUARU,1,2025,DOU,405408,89,0,1,0,0,0,0,0,0,1,2960,2960,316210,77.99
04/2026,2,NORDESTE,NE,26,PERNAMBUCO,PERNAMBUCO,PE,260415,CASINHAS,CASINHAS,3,2025,DOU,13468,7,0,0,0,0,0,0,0,0,0,0,0,24500,181.91
04/2026,2,NORDESTE,NE,26,PERNAMBUCO,PERNAMBUCO,PE,260420,CATENDE,CATENDE,1,2025,DOU,33086,13,0,0,0,0,0,0,0,0,0,0,0,45500,137.52
04/2026,2,NORDESTE,NE,26,PERNAMBUCO,PERNAMBUCO,PE,260430,CEDRO,CEDRO,3,2025,DOU,10843,5,0,0,0,0,0,0,0,0,0,0,0,17500,161.39
04/2026,2,NORDESTE,NE,26,PERNAMBUCO,PERNAMBUCO,PE,260440,CHA DE ALEGRIA,CHÃ DE ALEGRIA,2,2025,DOU,13496,7,0,0,0,0,0,0,0,0,0,0,0,24500,181.53
04/2026,2,NORDESTE,NE,26,PERNAMBUCO,PERNAMBUCO,PE,260450,CHA GRANDE,CHÃ GRANDE,2,2025,DOU,21258,8,0,0,0,0,0,0,0,0,0,0,0,28000,131.71
04/2026,2,NORDESTE,NE,26,PERNAMBUCO,PERNAMBUCO,PE,260460,CONDADO,CONDADO,1,2025,DOU,25416,8,0,2,0,0,0,0,0,0,0,0,0,31500,123.93
04/2026,2,NORDESTE,NE,26,PERNAMBUCO,PERNAMBUCO,PE,260470,CORRENTES,CORRENTES,3,2025,DOU,17670,9,0,0,0,0,0,0,0,0,0,0,0,31500,178.26
04/2026,2,NORDESTE,NE,26,PERNAMBUCO,PERNAMBUCO,PE,260480,CORTES,CORTÊS,3,2025,DOU,10426,6,0,0,0,0,0,0,0,0,0,0,0,21000,201.41
04/2026,2,NORDESTE,NE,26,PERNAMBUCO,PERNAMBUCO,PE,260490,CUMARU,CUMARU,3,2025,DOU,16215,6,0,0,0,0,0,0,0,0,0,0,0,21000,129.5
04/2026,2,NORDESTE,NE,26,PERNAMBUCO,PERNAMBUCO,PE,260500,CUPIRA,CUPIRA,1,2025,DOU,24343,10,0,0,0,0,0,0,0,0,0,0,0,35000,143.77
04/2026,2,NORDESTE,NE,26,PERNAMBUCO,PERNAMBUCO,PE,260510,CUSTODIA,CUSTÓDIA,2,2025,DOU,39609,17,0,0,0,0,0,0,0,0,0,0,0,59500,150.21
04/2026,2,NORDESTE,NE,26,PERNAMBUCO,PERNAMBUCO,PE,260515,DORMENTES,DORMENTES,3,2025,DOU,17850,9,0,0,0,0,0,0,0,0,0,0,0,31500,176.47
04/2026,2,NORDESTE,NE,26,PERNAMBUCO,PERNAMBUCO,PE,260520,ESCADA,ESCADA,1,2025,DOU,62174,21,0,0,0,0,0,0,0,0,0,0,0,73500,118.21
04/2026,2,NORDESTE,NE,26,PERNAMBUCO,PERNAMBUCO,PE,260530,EXU,EXU,3,2025,DOU,33486,12,0,0,0,0,0,0,0,0,0,0,0,42000,125.42
04/2026,2,NORDESTE,NE,26,PERNAMBUCO,PERNAMBUCO,PE,260540,FEIRA NOVA,FEIRA NOVA,1,2025,DOU,22222,11,0,0,0,0,0,0,0,0,0,0,0,38500,173.25
04/2026,2,NORDESTE,NE,26,PERNAMBUCO,PERNAMBUCO,PE,260545,FERNANDO DE NORONHA,FERNANDO DE NORONHA,5,2025,DOU,3341,2,0,0,0,0,0,0,0,0,0,0,0,7000,209.51
04/2026,2,NORDESTE,NE,26,PERNAMBUCO,PERNAMBUCO,PE,260550,FERREIROS,FERREIROS,2,2025,DOU,15955,5,1,0,0,0,0,0,0,0,0,0,0,20125,126.13
04/2026,2,NORDESTE,NE,26,PERNAMBUCO,PERNAMBUCO,PE,260560,FLORES,FLORES,3,2025,DOU,20776,9,0,0,0,0,0,0,0,0,0,0,0,31500,151.61
04/2026,2,NORDESTE,NE,26,PERNAMBUCO,PERNAMBUCO,PE,260570,FLORESTA,FLORESTA,2,2025,DOU,31702,10,2,0,0,0,0,0,0,0,0,0,0,40250,126.96
04/2026,2,NORDESTE,NE,26,PERNAMBUCO,PERNAMBUCO,PE,260580,FREI MIGUELINHO,FREI MIGUELINHO,3,2025,DOU,14055,5,0,1,0,0,0,0,0,0,0,0,0,19250,136.96
04/2026,2,NORDESTE,NE,26,PERNAMBUCO,PERNAMBUCO,PE,260590,GAMELEIRA,GAMELEIRA,2,2025,DOU,17583,8,0,0,0,0,0,0,0,0,0,0,0,28000,159.24
04/2026,2,NORDESTE,NE,26,PERNAMBUCO,PERNAMBUCO,PE,260600,GARANHUNS,GARANHUNS,1,2025,DOU,151803,41,0,0,0,0,1,212,1,51,0,0,263,143763,94.7
04/2026,2,NORDESTE,NE,26,PERNAMBUCO,PERNAMBUCO,PE,260610,GLORIA DO GOITA,GLÓRIA DO GOITÁ,2,2025,DOU,30420,10,0,1,0,0,1,15,1,2,0,0,17,36767,120.86
04/2026,2,NORDESTE,NE,26,PERNAMBUCO,PERNAMBUCO,PE,260620,GOIANA,GOIANA,1,2025,DOU,85497,39,1,0,0,0,0,0,0,0,0,0,0,139125,162.72
04/2026,2,NORDESTE,NE,26,PERNAMBUCO,PERNAMBUCO,PE,260630,GRANITO,GRANITO,3,2025,DOU,7217,4,0,0,0,0,0,0,0,0,0,0,0,14000,193.98
04/2026,2,NORDESTE,NE,26,PERNAMBUCO,PERNAMBUCO,PE,260640,GRAVATA,GRAVATÁ,1,2025,DOU,92429,23,2,0,0,0,0,0,0,0,0,0,0,85750,92.77
04/2026,2,NORDESTE,NE,26,PERNAMBUCO,PERNAMBUCO,PE,260650,IATI,IATI,3,2025,DOU,17570,8,0,0,0,0,0,0,0,0,0,0,0,28000,159.36
04/2026,2,NORDESTE,NE,26,PERNAMBUCO,PERNAMBUCO,PE,260660,IBIMIRIM,IBIMIRIM,2,2025,DOU,28825,12,0,0,0,0,0,0,0,0,0,0,0,42000,145.7
04/2026,2,NORDESTE,NE,26,PERNAMBUCO,PERNAMBUCO,PE,260670,IBIRAJUBA,IBIRAJUBA,3,2025,DOU,7334,4,0,0,0,0,0,0,0,0,0,0,0,14000,190.89
04/2026,2,NORDESTE,NE,26,PERNAMBUCO,PERNAMBUCO,PE,260680,IGARASSU,IGARASSU,1,2025,DOU,123017,29,5,0,0,0,1,28,0,0,2,5705,5733,120358,97.83
04/2026,2,NORDESTE,NE,26,PERNAMBUCO,PERNAMBUCO,PE,260690,IGUARACY,IGUARACY,3,2025,DOU,11347,5,0,0,0,0,0,0,0,0,0,0,0,17500,154.22
04/2026,2,NORDESTE,NE,26,PERNAMBUCO,PERNAMBUCO,PE,260760,ILHA DE ITAMARACA,ILHA DE ITAMARACÁ,1,2025,DOU,25658,10,0,0,0,0,0,0,0,0,2,3305,3305,38305,149.29
04/2026,2,NORDESTE,NE,26,PERNAMBUCO,PERNAMBUCO,PE,260700,INAJA,INAJÁ,3,2025,DOU,27758,7,0,0,0,0,0,0,0,0,0,0,0,24500,88.26
04/2026,2,NORDESTE,NE,26,PERNAMBUCO,PERNAMBUCO,PE,260710,INGAZEIRA,INGAZEIRA,3,2025,DOU,4975,2,0,0,0,0,0,0,0,0,0,0,0,7000,140.7
04/2026,2,NORDESTE,NE,26,PERNAMBUCO,PERNAMBUCO,PE,260720,IPOJUCA,IPOJUCA,1,2025,DOU,106539,28,0,0,0,0,0,0,0,0,0,0,0,98000,91.98
04/2026,2,NORDESTE,NE,26,PERNAMBUCO,PERNAMBUCO,PE,260730,IPUBI,IPUBI,2,2025,DOU,30720,13,0,3,0,0,0,0,0,0,0,0,0,50750,165.2
04/2026,2,NORDESTE,NE,26,PERNAMBUCO,PERNAMBUCO,PE,260740,ITACURUBA,ITACURUBA,4,2025,DOU,4491,3,0,0,0,0,0,0,0,0,0,0,0,10500,233.8
04/2026,2,NORDESTE,NE,26,PERNAMBUCO,PERNAMBUCO,PE,260750,ITAIBA,ITAÍBA,3,2025,DOU,33995,10,0,0,0,0,0,0,0,0,0,0,0,35000,102.95
04/2026,2,NORDESTE,NE,26,PERNAMBUCO,PERNAMBUCO,PE,260765,ITAMBE,ITAMBÉ,1,2025,DOU,36652,13,0,0,0,0,0,0,0,0,0,0,0,45500,124.14
04/2026,2,NORDESTE,NE,26,PERNAMBUCO,PERNAMBUCO,PE,260770,ITAPETIM,ITAPETIM,3,2025,DOU,14236,7,0,0,0,0,0,0,0,0,0,0,0,24500,172.09
04/2026,2,NORDESTE,NE,26,PERNAMBUCO,PERNAMBUCO,PE,260775,ITAPISSUMA,ITAPISSUMA,1,2025,DOU,29669,10,1,0,1,75,0,0,0,0,0,0,75,37700,127.06
04/2026,2,NORDESTE,NE,26,PERNAMBUCO,PERNAMBUCO,PE,260780,ITAQUITINGA,ITAQUITINGA,1,2025,DOU,17142,7,1,0,0,0,0,0,1,943,1,1796,2739,29864,174.21
04/2026,2,NORDESTE,NE,26,PERNAMBUCO,PERNAMBUCO,PE,260790,JABOATAO DOS GUARARAPES,JABOATÃO DOS GUARARAPES,1,2025,DOU,684293,113,0,0,0,0,0,0,0,0,0,0,0,395500,57.79
04/2026,2,NORDESTE,NE,26,PERNAMBUCO,PERNAMBUCO,PE,260795,JAQUEIRA,JAQUEIRA,3,2025,DOU,10440,6,0,0,0,0,0,0,0,0,0,0,0,21000,201.14
04/2026,2,NORDESTE,NE,26,PERNAMBUCO,PERNAMBUCO,PE,260800,JATAUBA,JATAÚBA,3,2025,DOU,16328,10,0,0,0,0,0,0,0,0,0,0,0,35000,214.35
04/2026,2,NORDESTE,NE,26,PERNAMBUCO,PERNAMBUCO,PE,260805,JATOBA,JATOBÁ,3,2025,DOU,14477,6,0,0,0,0,0,0,0,0,0,0,0,21000,145.05
04/2026,2,NORDESTE,NE,26,PERNAMBUCO,PERNAMBUCO,PE,260810,JOAO ALFREDO,JOÃO ALFREDO,2,2025,DOU,28842,13,0,0,0,0,0,0,0,0,0,0,0,45500,157.75
04/2026,2,NORDESTE,NE,26,PERNAMBUCO,PERNAMBUCO,PE,260820,JOAQUIM NABUCO,JOAQUIM NABUCO,1,2025,DOU,13416,6,0,0,0,0,0,0,0,0,0,0,0,21000,156.52
04/2026,2,NORDESTE,NE,26,PERNAMBUCO,PERNAMBUCO,PE,260825,JUCATI,JUCATI,3,2025,DOU,12023,6,0,0,0,0,0,0,0,0,0,0,0,21000,174.66
04/2026,2,NORDESTE,NE,26,PERNAMBUCO,PERNAMBUCO,PE,260830,JUPI,JUPI,3,2025,DOU,16022,8,0,0,0,0,0,0,0,0,0,0,0,28000,174.75
04/2026,2,NORDESTE,NE,26,PERNAMBUCO,PERNAMBUCO,PE,260840,JUREMA,JUREMA,3,2025,DOU,14002,7,0,0,0,0,0,0,0,0,0,0,0,24500,174.97
04/2026,2,NORDESTE,NE,26,PERNAMBUCO,PERNAMBUCO,PE,260850,LAGOA DE ITAENGA,LAGOA DE ITAENGA,1,2025,DOU,19863,9,0,0,0,0,0,0,0,0,0,0,0,31500,158.58
04/2026,2,NORDESTE,NE,26,PERNAMBUCO,PERNAMBUCO,PE,260845,LAGOA DO CARRO,LAGOA DO CARRO,2,2025,DOU,18804,8,2,0,0,0,0,0,0,0,0,0,0,33250,176.82
04/2026,2,NORDESTE,NE,26,PERNAMBUCO,PERNAMBUCO,PE,260860,LAGOA DO OURO,LAGOA DO OURO,3,2025,DOU,12367,7,0,0,0,0,0,0,0,0,0,0,0,24500,198.1
04/2026,2,NORDESTE,NE,26,PERNAMBUCO,PERNAMBUCO,PE,260870,LAGOA DOS GATOS,LAGOA DOS GATOS,3,2025,DOU,14333,7,0,0,0,0,0,0,0,0,0,0,0,24500,170.93
04/2026,2,NORDESTE,NE,26,PERNAMBUCO,PERNAMBUCO,PE,260875,LAGOA GRANDE,LAGOA GRANDE,2,2025,DOU,24951,10,0,0,0,0,0,0,0,0,0,0,0,35000,140.27
04/2026,2,NORDESTE,NE,26,PERNAMBUCO,PERNAMBUCO,PE,260880,LAJEDO,LAJEDO,1,2025,DOU,41960,13,0,0,0,0,0,0,0,0,0,0,0,45500,108.43
04/2026,2,NORDESTE,NE,26,PERNAMBUCO,PERNAMBUCO,PE,260890,LIMOEIRO,LIMOEIRO,1,2025,DOU,59236,23,0,0,0,0,0,0,0,0,1,2687,2687,83187,140.43
04/2026,2,NORDESTE,NE,26,PERNAMBUCO,PERNAMBUCO,PE,260900,MACAPARANA,MACAPARANA,2,2025,DOU,24642,11,0,0,0,0,0,0,0,0,0,0,0,38500,156.23
04/2026,2,NORDESTE,NE,26,PERNAMBUCO,PERNAMBUCO,PE,260910,MACHADOS,MACHADOS,3,2025,DOU,11387,7,0,2,0,0,0,0,0,0,0,0,0,28000,245.89
04/2026,2,NORDESTE,NE,26,PERNAMBUCO,PERNAMBUCO,PE,260915,MANARI,MANARI,3,2025,DOU,27046,7,0,0,0,0,0,0,0,0,0,0,0,24500,90.58
04/2026,2,NORDESTE,NE,26,PERNAMBUCO,PERNAMBUCO,PE,260920,MARAIAL,MARAIAL,3,2025,DOU,9322,3,0,0,0,0,0,0,0,0,0,0,0,10500,112.63
04/2026,2,NORDESTE,NE,26,PERNAMBUCO,PERNAMBUCO,PE,260930,MIRANDIBA,MIRANDIBA,3,2025,DOU,14605,6,0,0,0,0,0,0,0,0,0,0,0,21000,143.78
04/2026,2,NORDESTE,NE,26,PERNAMBUCO,PERNAMBUCO,PE,261430,MOREILANDIA,MOREILÂNDIA,3,2025,DOU,10839,6,0,0,0,0,0,0,0,0,0,0,0,21000,193.74
04/2026,2,NORDESTE,NE,26,PERNAMBUCO,PERNAMBUCO,PE,260940,MORENO,MORENO,1,2025,DOU,57654,17,1,0,0,0,0,0,0,0,0,0,0,62125,107.75
04/2026,2,NORDESTE,NE,26,PERNAMBUCO,PERNAMBUCO,PE,260950,NAZARE DA MATA,NAZARÉ DA MATA,1,2025,DOU,32187,11,1,1,0,0,0,0,0,0,0,0,0,42875,133.2
04/2026,2,NORDESTE,NE,26,PERNAMBUCO,PERNAMBUCO,PE,260960,OLINDA,OLINDA,1,2025,DOU,364717,58,1,3,0,0,1,311,0,0,0,0,311,211186,57.9
04/2026,2,NORDESTE,NE,26,PERNAMBUCO,PERNAMBUCO,PE,260970,OROBO,OROBÓ,3,2025,DOU,22412,10,0,0,0,0,0,0,0,0,0,0,0,35000,156.16
04/2026,2,NORDESTE,NE,26,PERNAMBUCO,PERNAMBUCO,PE,260980,OROCO,OROCÓ,3,2025,DOU,14129,7,0,0,0,0,0,0,0,0,0,0,0,24500,173.4
04/2026,2,NORDESTE,NE,26,PERNAMBUCO,PERNAMBUCO,PE,260990,OURICURI,OURICURI,2,2025,DOU,68489,26,0,0,0,0,0,0,0,0,0,0,0,91000,132.86
04/2026,2,NORDESTE,NE,26,PERNAMBUCO,PERNAMBUCO,PE,261000,PALMARES,PALMARES,1,2025,DOU,56475,26,1,0,0,0,0,0,0,0,1,632,632,94257,166.9
04/2026,2,NORDESTE,NE,26,PERNAMBUCO,PERNAMBUCO,PE,261010,PALMEIRINA,PALMEIRINA,3,2025,DOU,7104,4,0,0,0,0,0,0,0,0,0,0,0,14000,197.07
04/2026,2,NORDESTE,NE,26,PERNAMBUCO,PERNAMBUCO,PE,261020,PANELAS,PANELAS,3,2025,DOU,23337,13,0,0,0,0,0,0,0,0,0,0,0,45500,194.96
04/2026,2,NORDESTE,NE,26,PERNAMBUCO,PERNAMBUCO,PE,261030,PARANATAMA,PARANATAMA,3,2025,DOU,12778,6,0,0,0,0,0,0,0,0,0,0,0,21000,164.34
04/2026,2,NORDESTE,NE,26,PERNAMBUCO,PERNAMBUCO,PE,261040,PARNAMIRIM,PARNAMIRIM,3,2025,DOU,18960,11,0,0,0,0,0,0,0,0,0,0,0,38500,203.05
04/2026,2,NORDESTE,NE,26,PERNAMBUCO,PERNAMBUCO,PE,261050,PASSIRA,PASSIRA,3,2025,DOU,29744,14,0,0,0,0,0,0,0,0,0,0,0,49000,164.73
04/2026,2,NORDESTE,NE,26,PERNAMBUCO,PERNAMBUCO,PE,261060,PAUDALHO,PAUDALHO,1,2025,DOU,59924,24,1,1,0,0,0,0,0,0,0,0,0,88375,147.47
04/2026,2,NORDESTE,NE,26,PERNAMBUCO,PERNAMBUCO,PE,261070,PAULISTA,PAULISTA,1,2025,DOU,365144,47,6,1,0,0,1,257,0,0,0,0,257,182257,49.91
04/2026,2,NORDESTE,NE,26,PERNAMBUCO,PERNAMBUCO,PE,261080,PEDRA,PEDRA,3,2025,DOU,23671,10,0,0,0,0,0,0,0,0,0,0,0,35000,147.86
04/2026,2,NORDESTE,NE,26,PERNAMBUCO,PERNAMBUCO,PE,261090,PESQUEIRA,PESQUEIRA,1,2025,DOU,65481,21,1,0,0,0,0,0,0,0,1,1622,1622,77747,118.73
04/2026,2,NORDESTE,NE,26,PERNAMBUCO,PERNAMBUCO,PE,261100,PETROLANDIA,PETROLÂNDIA,2,2025,DOU,36104,15,0,0,0,0,0,0,1,6,0,0,6,52506,145.42
04/2026,2,NORDESTE,NE,26,PERNAMBUCO,PERNAMBUCO,PE,261110,PETROLINA,PETROLINA,1,2025,DOU,418444,102,0,0,0,0,2,513,0,0,1,1610,2123,359123,85.82
04/2026,2,NORDESTE,NE,26,PERNAMBUCO,PERNAMBUCO,PE,261120,POCAO,POÇÃO,3,2025,DOU,10792,5,0,0,0,0,0,0,0,0,0,0,0,17500,162.15
04/2026,2,NORDESTE,NE,26,PERNAMBUCO,PERNAMBUCO,PE,261130,POMBOS,POMBOS,2,2025,DOU,26942,12,0,0,0,0,0,0,0,0,0,0,0,42000,155.89
04/2026,2,NORDESTE,NE,26,PERNAMBUCO,PERNAMBUCO,PE,261140,PRIMAVERA,PRIMAVERA,3,2025,DOU,14380,5,0,0,0,0,0,0,0,0,0,0,0,17500,121.69
04/2026,2,NORDESTE,NE,26,PERNAMBUCO,PERNAMBUCO,PE,261150,QUIPAPA,QUIPAPÁ,3,2025,DOU,17731,10,0,0,0,0,0,0,0,0,0,0,0,35000,197.39
04/2026,2,NORDESTE,NE,26,PERNAMBUCO,PERNAMBUCO,PE,261153,QUIXABA,QUIXABA,3,2025,DOU,6753,3,0,0,0,0,0,0,0,0,0,0,0,10500,155.48
04/2026,2,NORDESTE,NE,26,PERNAMBUCO,PERNAMBUCO,PE,261160,RECIFE,RECIFE,1,2025,DOU,1588376,404,0,2,0,0,6,1847,2,367,4,2576,4790,1422290,89.54
04/2026,2,NORDESTE,NE,26,PERNAMBUCO,PERNAMBUCO,PE,261170,RIACHO DAS ALMAS,RIACHO DAS ALMAS,3,2025,DOU,21490,8,0,0,0,0,0,0,0,0,0,0,0,28000,130.29
04/2026,2,NORDESTE,NE,26,PERNAMBUCO,PERNAMBUCO,PE,261180,RIBEIRAO,RIBEIRÃO,1,2025,DOU,33843,12,0,0,0,0,0,0,0,0,0,0,0,42000,124.1
04/2026,2,NORDESTE,NE,26,PERNAMBUCO,PERNAMBUCO,PE,261190,RIO FORMOSO,RIO FORMOSO,2,2025,DOU,20388,10,0,0,0,0,0,0,0,0,0,0,0,35000,171.66
04/2026,2,NORDESTE,NE,26,PERNAMBUCO,PERNAMBUCO,PE,261200,SAIRE,SAIRÉ,3,2025,DOU,11213,6,0,0,0,0,0,0,0,0,0,0,0,21000,187.28
04/2026,2,NORDESTE,NE,26,PERNAMBUCO,PERNAMBUCO,PE,261210,SALGADINHO,SALGADINHO,3,2025,DOU,5478,6,0,0,0,0,0,0,0,0,0,0,0,21000,383.35
04/2026,2,NORDESTE,NE,26,PERNAMBUCO,PERNAMBUCO,PE,261220,SALGUEIRO,SALGUEIRO,1,2025,DOU,65946,25,0,0,0,0,1,31,0,0,1,1237,1268,88768,134.6
04/2026,2,NORDESTE,NE,26,PERNAMBUCO,PERNAMBUCO,PE,261230,SALOA,SALOÁ,3,2025,DOU,14125,8,0,0,0,0,0,0,0,0,0,0,0,28000,198.23
04/2026,2,NORDESTE,NE,26,PERNAMBUCO,PERNAMBUCO,PE,261240,SANHARO,SANHARÓ,3,2025,DOU,18812,9,1,0,0,0,0,0,0,0,0,0,0,34125,181.4
04/2026,2,NORDESTE,NE,26,PERNAMBUCO,PERNAMBUCO,PE,261245,SANTA CRUZ,SANTA CRUZ,3,2025,DOU,14342,6,0,0,0,0,0,0,0,0,0,0,0,21000,146.42
04/2026,2,NORDESTE,NE,26,PERNAMBUCO,PERNAMBUCO,PE,261247,SANTA CRUZ DA BAIXA VERDE,SANTA CRUZ DA BAIXA VERDE,3,2025,DOU,11934,6,0,0,0,0,0,0,0,0,0,0,0,21000,175.96
04/2026,2,NORDESTE,NE,26,PERNAMBUCO,PERNAMBUCO,PE,261250,SANTA CRUZ DO CAPIBARIBE,SANTA CRUZ DO CAPIBARIBE,1,2025,DOU,104854,28,0,0,0,0,0,0,0,0,1,1358,1358,99358,94.75
04/2026,2,NORDESTE,NE,26,PERNAMBUCO,PERNAMBUCO,PE,261255,SANTA FILOMENA,SANTA FILOMENA,3,2025,DOU,12360,5,1,0,0,0,0,0,0,0,0,0,0,20125,162.82
04/2026,2,NORDESTE,NE,26,PERNAMBUCO,PERNAMBUCO,PE,261260,SANTA MARIA DA BOA VISTA,SANTA MARIA DA BOA VISTA,3,2025,DOU,42782,16,0,0,0,0,0,0,0,0,0,0,0,56000,130.89
04/2026,2,NORDESTE,NE,26,PERNAMBUCO,PERNAMBUCO,PE,261270,SANTA MARIA DO CAMBUCA,SANTA MARIA DO CAMBUCÁ,3,2025,DOU,14586,7,0,0,0,0,0,0,0,0,0,0,0,24500,167.96
04/2026,2,NORDESTE,NE,26,PERNAMBUCO,PERNAMBUCO,PE,261280,SANTA TEREZINHA,SANTA TEREZINHA,3,2025,DOU,10487,6,0,0,0,0,0,0,0,0,0,0,0,21000,200.24
04/2026,2,NORDESTE,NE,26,PERNAMBUCO,PERNAMBUCO,PE,261290,SAO BENEDITO DO SUL,SÃO BENEDITO DO SUL,3,2025,DOU,13456,4,0,0,0,0,0,0,0,0,0,0,0,14000,104.04
04/2026,2,NORDESTE,NE,26,PERNAMBUCO,PERNAMBUCO,PE,261300,SAO BENTO DO UNA,SÃO BENTO DO UNA,2,2025,DOU,51165,14,0,0,0,0,0,0,0,0,0,0,0,49000,95.76
04/2026,2,NORDESTE,NE,26,PERNAMBUCO,PERNAMBUCO,PE,261310,SAO CAITANO,SÃO CAITANO,2,2025,DOU,39243,13,0,0,0,0,0,0,0,0,0,0,0,45500,115.94
04/2026,2,NORDESTE,NE,26,PERNAMBUCO,PERNAMBUCO,PE,261320,SAO JOAO,SÃO JOÃO,3,2025,DOU,24895,11,0,0,0,0,0,0,0,0,0,0,0,38500,154.64
04/2026,2,NORDESTE,NE,26,PERNAMBUCO,PERNAMBUCO,PE,261330,SAO JOAQUIM DO MONTE,SÃO JOAQUIM DO MONTE,2,2025,DOU,20438,10,0,0,0,0,0,0,0,0,0,0,0,35000,171.24
04/2026,2,NORDESTE,NE,26,PERNAMBUCO,PERNAMBUCO,PE,261340,SAO JOSE DA COROA GRANDE,SÃO JOSÉ DA COROA GRANDE,1,2025,DOU,19511,9,0,0,0,0,0,0,0,0,0,0,0,31500,161.44
04/2026,2,NORDESTE,NE,26,PERNAMBUCO,PERNAMBUCO,PE,261350,SAO JOSE DO BELMONTE,SÃO JOSÉ DO BELMONTE,3,2025,DOU,36890,12,0,0,0,0,0,0,0,0,0,0,0,42000,113.85
04/2026,2,NORDESTE,NE,26,PERNAMBUCO,PERNAMBUCO,PE,261360,SAO JOSE DO EGITO,SÃO JOSÉ DO EGITO,2,2025,DOU,32508,15,0,0,0,0,0,0,1,0,0,0,0,52500,161.49
04/2026,2,NORDESTE,NE,26,PERNAMBUCO,PERNAMBUCO,PE,261370,SAO LOURENCO DA MATA,SÃO LOURENÇO DA MATA,1,2025,DOU,118258,34,0,0,0,0,2,86,0,0,0,0,86,119086,100.7
04/2026,2,NORDESTE,NE,26,PERNAMBUCO,PERNAMBUCO,PE,261380,SAO VICENTE FERRER,SÃO VICENTE FERRER,2,2025,DOU,17177,7,2,0,0,0,0,0,0,0,0,0,0,29750,173.19
04/2026,2,NORDESTE,NE,26,PERNAMBUCO,PERNAMBUCO,PE,261390,SERRA TALHADA,SERRA TALHADA,1,2025,DOU,98816,24,0,3,0,0,0,0,0,0,0,0,0,89250,90.31
04/2026,2,NORDESTE,NE,26,PERNAMBUCO,PERNAMBUCO,PE,261400,SERRITA,SERRITA,3,2025,DOU,18764,10,0,0,0,0,0,0,0,0,0,0,0,35000,186.52
04/2026,2,NORDESTE,NE,26,PERNAMBUCO,PERNAMBUCO,PE,261410,SERTANIA,SERTÂNIA,2,2025,DOU,34271,16,0,0,0,0,0,0,0,0,0,0,0,56000,163.4
04/2026,2,NORDESTE,NE,26,PERNAMBUCO,PERNAMBUCO,PE,261420,SIRINHAEM,SIRINHAÉM,2,2025,DOU,39171,14,1,0,0,0,0,0,0,0,0,0,0,51625,131.79
04/2026,2,NORDESTE,NE,26,PERNAMBUCO,PERNAMBUCO,PE,261440,SOLIDAO,SOLIDÃO,3,2025,DOU,5386,3,0,0,0,0,0,0,0,0,0,0,0,10500,194.94
04/2026,2,NORDESTE,NE,26,PERNAMBUCO,PERNAMBUCO,PE,261450,SURUBIM,SURUBIM,1,2025,DOU,67821,25,0,0,0,0,0,0,0,0,0,0,0,87500,129.01
04/2026,2,NORDESTE,NE,26,PERNAMBUCO,PERNAMBUCO,PE,261460,TABIRA,TABIRA,2,2025,DOU,29180,14,0,0,0,0,0,0,0,0,0,0,0,49000,167.92
04/2026,2,NORDESTE,NE,26,PERNAMBUCO,PERNAMBUCO,PE,261470,TACAIMBO,TACAIMBÓ,3,2025,DOU,14330,6,0,0,0,0,0,0,0,0,1,650,650,21650,151.08
04/2026,2,NORDESTE,NE,26,PERNAMBUCO,PERNAMBUCO,PE,261480,TACARATU,TACARATU,3,2025,DOU,24898,8,0,0,0,0,0,0,0,0,0,0,0,28000,112.45
04/2026,2,NORDESTE,NE,26,PERNAMBUCO,PERNAMBUCO,PE,261485,TAMANDARE,TAMANDARÉ,2,2025,DOU,24670,9,1,0,0,0,0,0,0,0,0,0,0,34125,138.32
04/2026,2,NORDESTE,NE,26,PERNAMBUCO,PERNAMBUCO,PE,261500,TAQUARITINGA DO NORTE,TAQUARITINGA DO NORTE,2,2025,DOU,25511,9,0,0,0,0,0,0,0,0,0,0,0,31500,123.47
04/2026,2,NORDESTE,NE,26,PERNAMBUCO,PERNAMBUCO,PE,261510,TEREZINHA,TEREZINHA,3,2025,DOU,6853,4,0,0,0,0,0,0,0,0,0,0,0,14000,204.29
04/2026,2,NORDESTE,NE,26,PERNAMBUCO,PERNAMBUCO,PE,261520,TERRA NOVA,TERRA NOVA,3,2025,DOU,9231,4,0,0,0,0,0,0,0,0,0,0,0,14000,151.66
04/2026,2,NORDESTE,NE,26,PERNAMBUCO,PERNAMBUCO,PE,261530,TIMBAUBA,TIMBAÚBA,1,2025,DOU,47312,20,0,0,0,0,0,0,0,0,0,0,0,70000,147.95
04/2026,2,NORDESTE,NE,26,PERNAMBUCO,PERNAMBUCO,PE,261540,TORITAMA,TORITAMA,1,2025,DOU,43921,10,0,0,0,0,0,0,0,0,0,0,0,35000,79.68
04/2026,2,NORDESTE,NE,26,PERNAMBUCO,PERNAMBUCO,PE,261550,TRACUNHAEM,TRACUNHAÉM,1,2025,DOU,14439,6,1,1,0,0,0,0,0,0,0,0,0,25375,175.73
04/2026,2,NORDESTE,NE,26,PERNAMBUCO,PERNAMBUCO,PE,261560,TRINDADE,TRINDADE,1,2025,DOU,32257,10,0,1,0,0,0,0,0,0,0,0,0,36750,113.92
04/2026,2,NORDESTE,NE,26,PERNAMBUCO,PERNAMBUCO,PE,261570,TRIUNFO,TRIUNFO,3,2025,DOU,15141,7,0,0,0,0,0,0,0,0,0,0,0,24500,161.81
04/2026,2,NORDESTE,NE,26,PERNAMBUCO,PERNAMBUCO,PE,261580,TUPANATINGA,TUPANATINGA,3,2025,DOU,28141,12,0,0,0,0,0,0,0,0,0,0,0,42000,149.24
04/2026,2,NORDESTE,NE,26,PERNAMBUCO,PERNAMBUCO,PE,261590,TUPARETAMA,TUPARETAMA,3,2025,DOU,8261,4,0,0,0,0,0,0,0,0,0,0,0,14000,169.47
04/2026,2,NORDESTE,NE,26,PERNAMBUCO,PERNAMBUCO,PE,261600,VENTUROSA,VENTUROSA,3,2025,DOU,17563,9,0,0,0,0,0,0,0,0,0,0,0,31500,179.35
04/2026,2,NORDESTE,NE,26,PERNAMBUCO,PERNAMBUCO,PE,261610,VERDEJANTE,VERDEJANTE,3,2025,DOU,9483,5,0,0,0,0,0,0,0,0,0,0,0,17500,184.54
04/2026,2,NORDESTE,NE,26,PERNAMBUCO,PERNAMBUCO,PE,261618,VERTENTE DO LERIO,VERTENTE DO LÉRIO,3,2025,DOU,7776,4,0,0,0,0,0,0,0,0,0,0,0,14000,180.04
04/2026,2,NORDESTE,NE,26,PERNAMBUCO,PERNAMBUCO,PE,261620,VERTENTES,VERTENTES,3,2025,DOU,23127,9,0,0,0,0,0,0,0,0,0,0,0,31500,136.2
04/2026,2,NORDESTE,NE,26,PERNAMBUCO,PERNAMBUCO,PE,261630,VICENCIA,VICÊNCIA,2,2025,DOU,27151,12,0,0,0,0,0,0,0,0,0,0,0,42000,154.69
04/2026,2,NORDESTE,NE,26,PERNAMBUCO,PERNAMBUCO,PE,261640,VITORIA DE SANTO ANTAO,VITÓRIA DE SANTO ANTÃO,1,2025,DOU,144243,51,8,0,0,0,1,122,1,1251,0,0,1373,200873,139.26
04/2026,2,NORDESTE,NE,26,PERNAMBUCO,PERNAMBUCO,PE,261650,XEXEU,XEXÉU,3,2025,DOU,11699,7,0,0,0,0,0,0,0,0,0,0,0,24500,209.41
04/2026,2,NORDESTE,NE,22,PIAUI,PIAUÍ,PI,220005,ACAUA,ACAUÃ,3,2025,DOU,6323,4,0,0,0,0,0,0,0,0,0,0,0,14000,221.41
04/2026,2,NORDESTE,NE,22,PIAUI,PIAUÍ,PI,220010,AGRICOLANDIA,AGRICOLÂNDIA,3,2025,DOU,5016,3,0,0,0,0,0,0,0,0,0,0,0,10500,209.33
04/2026,2,NORDESTE,NE,22,PIAUI,PIAUÍ,PI,220020,AGUA BRANCA,ÁGUA BRANCA,1,2025,DOU,18095,8,0,0,0,0,0,0,0,0,0,0,0,28000,154.73
04/2026,2,NORDESTE,NE,22,PIAUI,PIAUÍ,PI,220025,ALAGOINHA DO PIAUI,ALAGOINHA DO PIAUÍ,3,2025,DOU,6876,4,0,0,0,0,0,0,0,0,0,0,0,14000,203.6
04/2026,2,NORDESTE,NE,22,PIAUI,PIAUÍ,PI,220027,ALEGRETE DO PIAUI,ALEGRETE DO PIAUÍ,3,2025,DOU,4707,3,0,0,0,0,0,0,0,0,0,0,0,10500,223.07
04/2026,2,NORDESTE,NE,22,PIAUI,PIAUÍ,PI,220030,ALTO LONGA,ALTO LONGÁ,3,2025,DOU,13729,7,0,0,0,0,0,0,0,0,0,0,0,24500,178.45
04/2026,2,NORDESTE,NE,22,PIAUI,PIAUÍ,PI,220040,ALTOS,ALTOS,1,2025,DOU,50094,20,0,0,0,0,0,0,2,2660,1,2165,4825,74825,149.36
04/2026,2,NORDESTE,NE,22,PIAUI,PIAUÍ,PI,220045,ALVORADA DO GURGUEIA,ALVORADA DO GURGUÉIA,5,2025,DOU,5474,3,0,0,0,0,0,0,0,0,0,0,0,10500,191.81
04/2026,2,NORDESTE,NE,22,PIAUI,PIAUÍ,PI,220050,AMARANTE,AMARANTE,3,2025,DOU,17594,9,0,0,0,0,0,0,0,0,0,0,0,31500,179.03
04/2026,2,NORDESTE,NE,22,PIAUI,PIAUÍ,PI,220060,ANGICAL DO PIAUI,ANGICAL DO PIAUÍ,3,2025,DOU,6991,3,0,0,0,0,0,0,0,0,0,0,0,10500,150.19
04/2026,2,NORDESTE,NE,22,PIAUI,PIAUÍ,PI,220070,ANISIO DE ABREU,ANÍSIO DE ABREU,3,2025,DOU,9649,5,0,0,0,0,0,0,0,0,0,0,0,17500,181.36
04/2026,2,NORDESTE,NE,22,PIAUI,PIAUÍ,PI,220080,ANTONIO ALMEIDA,ANTÔNIO ALMEIDA,5,2025,DOU,3234,2,0,0,0,0,0,0,0,0,0,0,0,7000,216.45
04/2026,2,NORDESTE,NE,22,PIAUI,PIAUÍ,PI,220090,AROAZES,AROAZES,3,2025,DOU,5413,3,0,0,0,0,0,0,0,0,0,0,0,10500,193.97
04/2026,2,NORDESTE,NE,22,PIAUI,PIAUÍ,PI,220095,AROEIRAS DO ITAIM,AROEIRAS DO ITAIM,3,2025,DOU,2777,1,0,0,0,0,0,0,0,0,0,0,0,3500,126.03
04/2026,2,NORDESTE,NE,22,PIAUI,PIAUÍ,PI,220100,ARRAIAL,ARRAIAL,3,2025,DOU,4517,2,0,0,0,0,0,0,0,0,0,0,0,7000,154.97
04/2026,2,NORDESTE,NE,22,PIAUI,PIAUÍ,PI,220105,ASSUNCAO DO PIAUI,ASSUNÇÃO DO PIAUÍ,3,2025,DOU,7596,4,0,0,0,0,0,0,0,0,0,0,0,14000,184.3
04/2026,2,NORDESTE,NE,22,PIAUI,PIAUÍ,PI,220110,AVELINO LOPES,AVELINO LOPES,5,2025,DOU,11118,6,0,0,0,0,0,0,0,0,0,0,0,21000,188.88
04/2026,2,NORDESTE,NE,22,PIAUI,PIAUÍ,PI,220115,BAIXA GRANDE DO RIBEIRO,BAIXA GRANDE DO RIBEIRO,5,2025,DOU,13983,6,0,0,0,0,0,0,0,0,0,0,0,21000,150.18
04/2026,2,NORDESTE,NE,22,PIAUI,PIAUÍ,PI,220117,BARRA D'ALCANTARA,BARRA D'ALCÂNTARA,5,2025,DOU,4099,2,0,0,0,0,0,0,0,0,0,0,0,7000,170.77
04/2026,2,NORDESTE,NE,22,PIAUI,PIAUÍ,PI,220120,BARRAS,BARRAS,3,2025,DOU,49703,22,0,0,0,0,0,0,0,0,0,0,0,77000,154.92
04/2026,2,NORDESTE,NE,22,PIAUI,PIAUÍ,PI,220130,BARREIRAS DO PIAUI,BARREIRAS DO PIAUÍ,5,2025,DOU,3336,2,0,0,0,0,0,0,0,0,0,0,0,7000,209.83
04/2026,2,NORDESTE,NE,22,PIAUI,PIAUÍ,PI,220140,BARRO DURO,BARRO DURO,3,2025,DOU,6731,4,0,0,0,0,0,0,0,0,0,0,0,14000,207.99
04/2026,2,NORDESTE,NE,22,PIAUI,PIAUÍ,PI,220150,BATALHA,BATALHA,3,2025,DOU,27129,13,0,0,0,0,0,0,0,0,0,0,0,45500,167.71
04/2026,2,NORDESTE,NE,22,PIAUI,PIAUÍ,PI,220155,BELA VISTA DO PIAUI,BELA VISTA DO PIAUÍ,5,2025,DOU,4225,2,0,0,0,0,0,0,0,0,0,0,0,7000,165.68
04/2026,2,NORDESTE,NE,22,PIAUI,PIAUÍ,PI,220157,BELEM DO PIAUI,BELÉM DO PIAUÍ,3,2025,DOU,3515,2,0,0,0,0,0,0,0,0,0,0,0,7000,199.14
04/2026,2,NORDESTE,NE,22,PIAUI,PIAUÍ,PI,220160,BENEDITINOS,BENEDITINOS,3,2025,DOU,10093,5,0,0,0,0,0,0,0,0,0,0,0,17500,173.38
04/2026,2,NORDESTE,NE,22,PIAUI,PIAUÍ,PI,220170,BERTOLINIA,BERTOLÍNIA,5,2025,DOU,5715,3,0,0,0,0,0,0,0,0,0,0,0,10500,183.72
04/2026,2,NORDESTE,NE,22,PIAUI,PIAUÍ,PI,220173,BETANIA DO PIAUI,BETÂNIA DO PIAUÍ,3,2025,DOU,6596,3,0,0,0,0,0,0,0,0,0,0,0,10500,159.18
04/2026,2,NORDESTE,NE,22,PIAUI,PIAUÍ,PI,220177,BOA HORA,BOA HORA,3,2025,DOU,7140,3,0,0,0,0,0,0,0,0,0,0,0,10500,147.05
04/2026,2,NORDESTE,NE,22,PIAUI,PIAUÍ,PI,220180,BOCAINA,BOCAINA,3,2025,DOU,4118,2,0,0,0,0,0,0,0,0,0,0,0,7000,169.98
04/2026,2,NORDESTE,NE,22,PIAUI,PIAUÍ,PI,220190,BOM JESUS,BOM JESUS,1,2025,DOU,30658,13,0,0,0,0,0,0,1,87,0,0,87,45587,148.69
04/2026,2,NORDESTE,NE,22,PIAUI,PIAUÍ,PI,220191,BOM PRINCIPIO DO PIAUI,BOM PRINCÍPIO DO PIAUÍ,3,2025,DOU,5805,3,0,0,0,0,0,0,0,0,0,0,0,10500,180.87
04/2026,2,NORDESTE,NE,22,PIAUI,PIAUÍ,PI,220192,BONFIM DO PIAUI,BONFIM DO PIAUÍ,3,2025,DOU,6117,3,0,0,0,0,0,0,0,0,0,0,0,10500,171.65
04/2026,2,NORDESTE,NE,22,PIAUI,PIAUÍ,PI,220194,BOQUEIRAO DO PIAUI,BOQUEIRÃO DO PIAUÍ,3,2025,DOU,6751,3,0,0,0,0,0,0,0,0,0,0,0,10500,155.53
04/2026,2,NORDESTE,NE,22,PIAUI,PIAUÍ,PI,220196,BRASILEIRA,BRASILEIRA,3,2025,DOU,8684,4,0,0,0,0,0,0,0,0,0,0,0,14000,161.21
04/2026,2,NORDESTE,NE,22,PIAUI,PIAUÍ,PI,220198,BREJO DO PIAUI,BREJO DO PIAUÍ,3,2025,DOU,3964,2,0,0,0,0,0,0,0,0,0,0,0,7000,176.58
04/2026,2,NORDESTE,NE,22,PIAUI,PIAUÍ,PI,220200,BURITI DOS LOPES,BURITI DOS LOPES,3,2025,DOU,20130,10,0,0,0,0,0,0,0,0,0,0,0,35000,173.86
04/2026,2,NORDESTE,NE,22,PIAUI,PIAUÍ,PI,220202,BURITI DOS MONTES,BURITI DOS MONTES,3,2025,DOU,7517,4,0,0,0,0,0,0,0,0,0,0,0,14000,186.24
04/2026,2,NORDESTE,NE,22,PIAUI,PIAUÍ,PI,220205,CABECEIRAS DO PIAUI,CABECEIRAS DO PIAUÍ,3,2025,DOU,10466,5,0,0,0,0,0,0,0,0,0,0,0,17500,167.2
04/2026,2,NORDESTE,NE,22,PIAUI,PIAUÍ,PI,220207,CAJAZEIRAS DO PIAUI,CAJAZEIRAS DO PIAUÍ,3,2025,DOU,3135,2,0,0,0,0,0,0,0,0,0,0,0,7000,223.28
04/2026,2,NORDESTE,NE,22,PIAUI,PIAUÍ,PI,220208,CAJUEIRO DA PRAIA,CAJUEIRO DA PRAIA,3,2025,DOU,8246,4,0,0,0,0,0,0,0,0,0,0,0,14000,169.77
04/2026,2,NORDESTE,NE,22,PIAUI,PIAUÍ,PI,220209,CALDEIRAO GRANDE DO PIAUI,CALDEIRÃO GRANDE DO PIAUÍ,3,2025,DOU,5602,3,0,0,0,0,0,0,0,0,0,0,0,10500,187.43
04/2026,2,NORDESTE,NE,22,PIAUI,PIAUÍ,PI,220210,CAMPINAS DO PIAUI,CAMPINAS DO PIAUÍ,3,2025,DOU,4964,3,0,0,0,0,0,0,0,0,0,0,0,10500,211.52
04/2026,2,NORDESTE,NE,22,PIAUI,PIAUÍ,PI,220211,CAMPO ALEGRE DO FIDALGO,CAMPO ALEGRE DO FIDALGO,5,2025,DOU,4698,3,0,0,0,0,0,0,0,0,0,0,0,10500,223.49
04/2026,2,NORDESTE,NE,22,PIAUI,PIAUÍ,PI,220213,CAMPO GRANDE DO PIAUI,CAMPO GRANDE DO PIAUÍ,3,2025,DOU,6211,3,0,0,0,0,0,0,0,0,0,0,0,10500,169.05
04/2026,2,NORDESTE,NE,22,PIAUI,PIAUÍ,PI,220217,CAMPO LARGO DO PIAUI,CAMPO LARGO DO PIAUÍ,3,2025,DOU,7669,4,0,0,0,0,0,0,0,0,0,0,0,14000,182.55
04/2026,2,NORDESTE,NE,22,PIAUI,PIAUÍ,PI,220220,CAMPO MAIOR,CAMPO MAIOR,1,2025,DOU,47119,21,0,0,0,0,0,0,2,428,0,0,428,73928,156.89
04/2026,2,NORDESTE,NE,22,PIAUI,PIAUÍ,PI,220225,CANAVIEIRA,CANAVIEIRA,5,2025,DOU,3404,2,0,0,0,0,0,0,0,0,0,0,0,7000,205.64
04/2026,2,NORDESTE,NE,22,PIAUI,PIAUÍ,PI,220230,CANTO DO BURITI,CANTO DO BURITI,2,2025,DOU,19639,11,0,0,0,0,0,0,0,0,0,0,0,38500,196.03
04/2026,2,NORDESTE,NE,22,PIAUI,PIAUÍ,PI,220240,CAPITAO DE CAMPOS,CAPITÃO DE CAMPOS,3,2025,DOU,11362,6,0,0,0,0,0,0,0,0,0,0,0,21000,184.82
04/2026,2,NORDESTE,NE,22,PIAUI,PIAUÍ,PI,220245,CAPITAO GERVASIO OLIVEIRA,CAPITÃO GERVÁSIO OLIVEIRA,5,2025,DOU,4071,2,0,0,0,0,0,0,0,0,0,0,0,7000,171.94
04/2026,2,NORDESTE,NE,22,PIAUI,PIAUÍ,PI,220250,CARACOL,CARACOL,3,2025,DOU,10546,5,0,0,0,0,0,0,0,0,0,0,0,17500,165.93
04/2026,2,NORDESTE,NE,22,PIAUI,PIAUÍ,PI,220253,CARAUBAS DO PIAUI,CARAÚBAS DO PIAUÍ,3,2025,DOU,5581,3,0,0,0,0,0,0,0,0,0,0,0,10500,188.13
04/2026,2,NORDESTE,NE,22,PIAUI,PIAUÍ,PI,220255,CARIDADE DO PIAUI,CARIDADE DO PIAUÍ,3,2025,DOU,5176,3,0,0,0,0,0,0,0,0,0,0,0,10500,202.85
04/2026,2,NORDESTE,NE,22,PIAUI,PIAUÍ,PI,220260,CASTELO DO PIAUI,CASTELO DO PIAUÍ,2,2025,DOU,19669,9,0,0,0,0,0,0,0,0,0,0,0,31500,160.15
04/2026,2,NORDESTE,NE,22,PIAUI,PIAUÍ,PI,220265,CAXINGO,CAXINGÓ,3,2025,DOU,5682,3,0,0,0,0,0,0,0,0,0,0,0,10500,184.79
04/2026,2,NORDESTE,NE,22,PIAUI,PIAUÍ,PI,220270,COCAL,COCAL,3,2025,DOU,29302,14,0,0,0,0,0,0,0,0,0,0,0,49000,167.22
04/2026,2,NORDESTE,NE,22,PIAUI,PIAUÍ,PI,220271,COCAL DE TELHA,COCAL DE TELHA,3,2025,DOU,5046,2,0,0,0,0,0,0,0,0,0,0,0,7000,138.72
04/2026,2,NORDESTE,NE,22,PIAUI,PIAUÍ,PI,220272,COCAL DOS ALVES,COCAL DOS ALVES,3,2025,DOU,6596,3,0,0,0,0,0,0,0,0,0,0,0,10500,159.18
04/2026,2,NORDESTE,NE,22,PIAUI,PIAUÍ,PI,220273,COIVARAS,COIVARAS,3,2025,DOU,4249,2,0,0,0,0,0,0,0,0,0,0,0,7000,164.74
04/2026,2,NORDESTE,NE,22,PIAUI,PIAUÍ,PI,220275,COLONIA DO GURGUEIA,COLÔNIA DO GURGUÉIA,5,2025,DOU,6294,3,0,0,0,0,0,0,0,0,0,0,0,10500,166.82
04/2026,2,NORDESTE,NE,22,PIAUI,PIAUÍ,PI,220277,COLONIA DO PIAUI,COLÔNIA DO PIAUÍ,3,2025,DOU,7067,4,0,0,0,0,0,0,0,0,0,0,0,14000,198.1
04/2026,2,NORDESTE,NE,22,PIAUI,PIAUÍ,PI,220280,CONCEICAO DO CANINDE,CONCEIÇÃO DO CANINDÉ,3,2025,DOU,5078,2,0,0,0,0,0,0,0,0,0,0,0,7000,137.84
04/2026,2,NORDESTE,NE,22,PIAUI,PIAUÍ,PI,220285,CORONEL JOSE DIAS,CORONEL JOSÉ DIAS,3,2025,DOU,4291,2,0,0,0,0,0,0,0,0,0,0,0,7000,163.13
04/2026,2,NORDESTE,NE,22,PIAUI,PIAUÍ,PI,220290,CORRENTE,CORRENTE,4,2025,DOU,28381,13,0,0,0,0,0,0,0,0,0,0,0,45500,160.31
04/2026,2,NORDESTE,NE,22,PIAUI,PIAUÍ,PI,220300,CRISTALANDIA DO PIAUI,CRISTALÂNDIA DO PIAUÍ,5,2025,DOU,7431,4,0,0,0,0,0,0,0,0,0,0,0,14000,188.39
04/2026,2,NORDESTE,NE,22,PIAUI,PIAUÍ,PI,220310,CRISTINO CASTRO,CRISTINO CASTRO,5,2025,DOU,10801,5,0,0,0,0,0,0,0,0,0,0,0,17500,162.02
04/2026,2,NORDESTE,NE,22,PIAUI,PIAUÍ,PI,220320,CURIMATA,CURIMATÁ,5,2025,DOU,11581,6,0,0,0,0,0,0,0,0,0,0,0,21000,181.33
04/2026,2,NORDESTE,NE,22,PIAUI,PIAUÍ,PI,220323,CURRAIS,CURRAIS,5,2025,DOU,4977,2,0,0,0,0,0,0,0,0,0,0,0,7000,140.64
04/2026,2,NORDESTE,NE,22,PIAUI,PIAUÍ,PI,220327,CURRAL NOVO DO PIAUI,CURRAL NOVO DO PIAUÍ,3,2025,DOU,5191,3,0,0,0,0,0,0,0,0,0,0,0,10500,202.27
04/2026,2,NORDESTE,NE,22,PIAUI,PIAUÍ,PI,220325,CURRALINHOS,CURRALINHOS,3,2025,DOU,4555,2,0,0,0,0,0,0,0,0,0,0,0,7000,153.67
04/2026,2,NORDESTE,NE,22,PIAUI,PIAUÍ,PI,220330,DEMERVAL LOBAO,DEMERVAL LOBÃO,3,2025,DOU,17139,7,0,0,0,0,0,0,0,0,0,0,0,24500,142.94
04/2026,2,NORDESTE,NE,22,PIAUI,PIAUÍ,PI,220335,DIRCEU ARCOVERDE,DIRCEU ARCOVERDE,3,2025,DOU,7259,4,0,0,0,0,0,0,0,0,0,0,0,14000,192.86
04/2026,2,NORDESTE,NE,22,PIAUI,PIAUÍ,PI,220340,DOM EXPEDITO LOPES,DOM EXPEDITO LOPES,3,2025,DOU,6410,3,0,0,0,0,0,0,0,0,0,0,0,10500,163.8
04/2026,2,NORDESTE,NE,22,PIAUI,PIAUÍ,PI,220345,DOM INOCENCIO,DOM INOCÊNCIO,3,2025,DOU,9332,5,0,0,0,0,0,0,0,0,0,0,0,17500,187.52
04/2026,2,NORDESTE,NE,22,PIAUI,PIAUÍ,PI,220342,DOMINGOS MOURAO,DOMINGOS MOURÃO,3,2025,DOU,4129,2,0,0,0,0,0,0,0,0,0,0,0,7000,169.53
04/2026,2,NORDESTE,NE,22,PIAUI,PIAUÍ,PI,220350,ELESBAO VELOSO,ELESBÃO VELOSO,3,2025,DOU,13743,7,0,0,0,0,0,0,0,0,0,0,0,24500,178.27
04/2026,2,NORDESTE,NE,22,PIAUI,PIAUÍ,PI,220360,ELISEU MARTINS,ELISEU MARTINS,5,2025,DOU,4421,2,0,0,0,0,0,0,0,0,0,0,0,7000,158.33
04/2026,2,NORDESTE,NE,22,PIAUI,PIAUÍ,PI,220370,ESPERANTINA,ESPERANTINA,2,2025,DOU,42710,19,0,0,0,0,0,0,0,0,0,0,0,66500,155.7
04/2026,2,NORDESTE,NE,22,PIAUI,PIAUÍ,PI,220375,FARTURA DO PIAUI,FARTURA DO PIAUÍ,3,2025,DOU,5426,3,0,0,0,0,0,0,0,0,0,0,0,10500,193.51
04/2026,2,NORDESTE,NE,22,PIAUI,PIAUÍ,PI,220380,FLORES DO PIAUI,FLORES DO PIAUÍ,5,2025,DOU,4512,2,0,0,0,0,0,0,0,0,0,0,0,7000,155.14
04/2026,2,NORDESTE,NE,22,PIAUI,PIAUÍ,PI,220385,FLORESTA DO PIAUI,FLORESTA DO PIAUÍ,3,2025,DOU,2354,1,0,0,0,0,0,0,0,0,0,0,0,3500,148.68
04/2026,2,NORDESTE,NE,22,PIAUI,PIAUÍ,PI,220390,FLORIANO,FLORIANO,1,2025,DOU,64393,26,0,0,0,0,0,0,0,0,0,0,0,91000,141.31
04/2026,2,NORDESTE,NE,22,PIAUI,PIAUÍ,PI,220400,FRANCINOPOLIS,FRANCINÓPOLIS,5,2025,DOU,4481,3,0,0,0,0,0,0,0,0,0,0,0,10500,234.32
04/2026,2,NORDESTE,NE,22,PIAUI,PIAUÍ,PI,220410,FRANCISCO AYRES,FRANCISCO AYRES,3,2025,DOU,4548,2,0,0,0,0,0,0,0,0,0,0,0,7000,153.91
04/2026,2,NORDESTE,NE,22,PIAUI,PIAUÍ,PI,220415,FRANCISCO MACEDO,FRANCISCO MACEDO,3,2025,DOU,2985,2,0,0,0,0,0,0,0,0,0,0,0,7000,234.5
04/2026,2,NORDESTE,NE,22,PIAUI,PIAUÍ,PI,220420,FRANCISCO SANTOS,FRANCISCO SANTOS,3,2025,DOU,8349,5,0,0,0,0,0,0,0,0,0,0,0,17500,209.6
04/2026,2,NORDESTE,NE,22,PIAUI,PIAUÍ,PI,220430,FRONTEIRAS,FRONTEIRAS,3,2025,DOU,10344,6,0,0,0,0,0,0,0,0,0,0,0,21000,203.01
04/2026,2,NORDESTE,NE,22,PIAUI,PIAUÍ,PI,220435,GEMINIANO,GEMINIANO,3,2025,DOU,5604,3,0,0,0,0,0,0,0,0,0,0,0,10500,187.36
04/2026,2,NORDESTE,NE,22,PIAUI,PIAUÍ,PI,220440,GILBUES,GILBUÉS,5,2025,DOU,11193,5,0,0,0,0,0,0,0,0,0,0,0,17500,156.34
04/2026,2,NORDESTE,NE,22,PIAUI,PIAUÍ,PI,220450,GUADALUPE,GUADALUPE,2,2025,DOU,10480,5,0,0,0,0,0,0,0,0,0,0,0,17500,166.98
04/2026,2,NORDESTE,NE,22,PIAUI,PIAUÍ,PI,220455,GUARIBAS,GUARIBAS,5,2025,DOU,4344,2,0,0,0,0,0,0,0,0,0,0,0,7000,161.14
04/2026,2,NORDESTE,NE,22,PIAUI,PIAUÍ,PI,220460,HUGO NAPOLEAO,HUGO NAPOLEÃO,2,2025,DOU,3550,2,0,0,0,0,0,0,0,0,0,0,0,7000,197.18
04/2026,2,NORDESTE,NE,22,PIAUI,PIAUÍ,PI,220465,ILHA GRANDE,ILHA GRANDE,3,2025,DOU,9522,5,0,0,0,0,0,0,0,0,0,0,0,17500,183.78
04/2026,2,NORDESTE,NE,22,PIAUI,PIAUÍ,PI,220470,INHUMA,INHUMA,3,2025,DOU,15268,8,0,0,0,0,0,0,0,0,0,0,0,28000,183.39
04/2026,2,NORDESTE,NE,22,PIAUI,PIAUÍ,PI,220480,IPIRANGA DO PIAUI,IPIRANGA DO PIAUÍ,3,2025,DOU,9627,5,0,0,0,0,0,0,0,0,0,0,0,17500,181.78
04/2026,2,NORDESTE,NE,22,PIAUI,PIAUÍ,PI,220490,ISAIAS COELHO,ISAÍAS COELHO,3,2025,DOU,7867,4,0,0,0,0,0,0,0,0,0,0,0,14000,177.95
04/2026,2,NORDESTE,NE,22,PIAUI,PIAUÍ,PI,220500,ITAINOPOLIS,ITAINÓPOLIS,3,2025,DOU,10969,6,0,0,0,0,0,0,0,0,0,0,0,21000,191.44
04/2026,2,NORDESTE,NE,22,PIAUI,PIAUÍ,PI,220510,ITAUEIRA,ITAUEIRA,3,2025,DOU,10477,6,0,0,0,0,0,0,0,0,0,0,0,21000,200.43
04/2026,2,NORDESTE,NE,22,PIAUI,PIAUÍ,PI,220515,JACOBINA DO PIAUI,JACOBINA DO PIAUÍ,3,2025,DOU,5711,3,0,0,0,0,0,0,0,0,0,0,0,10500,183.85
04/2026,2,NORDESTE,NE,22,PIAUI,PIAUÍ,PI,220520,JAICOS,JAICÓS,3,2025,DOU,17789,10,0,0,0,0,0,0,0,0,0,0,0,35000,196.75
04/2026,2,NORDESTE,NE,22,PIAUI,PIAUÍ,PI,220525,JARDIM DO MULATO,JARDIM DO MULATO,3,2025,DOU,4235,2,0,0,0,0,0,0,0,0,0,0,0,7000,165.28
04/2026,2,NORDESTE,NE,22,PIAUI,PIAUÍ,PI,220527,JATOBA DO PIAUI,JATOBÁ DO PIAUÍ,3,2025,DOU,4560,2,0,0,0,0,0,0,0,0,0,0,0,7000,153.5
04/2026,2,NORDESTE,NE,22,PIAUI,PIAUÍ,PI,220530,JERUMENHA,JERUMENHA,3,2025,DOU,4606,2,0,0,0,0,0,0,0,0,0,0,0,7000,151.97
04/2026,2,NORDESTE,NE,22,PIAUI,PIAUÍ,PI,220535,JOAO COSTA,JOÃO COSTA,3,2025,DOU,3033,2,0,0,0,0,0,0,0,0,0,0,0,7000,230.79
04/2026,2,NORDESTE,NE,22,PIAUI,PIAUÍ,PI,220540,JOAQUIM PIRES,JOAQUIM PIRES,3,2025,DOU,14265,7,0,0,0,0,0,0,0,0,0,0,0,24500,171.74
04/2026,2,NORDESTE,NE,22,PIAUI,PIAUÍ,PI,220545,JOCA MARQUES,JOCA MARQUES,5,2025,DOU,5552,3,0,0,0,0,0,0,0,0,0,0,0,10500,189.12
04/2026,2,NORDESTE,NE,22,PIAUI,PIAUÍ,PI,220550,JOSE DE FREITAS,JOSÉ DE FREITAS,2,2025,DOU,44689,20,0,0,0,0,0,0,0,0,0,0,0,70000,156.63
04/2026,2,NORDESTE,NE,22,PIAUI,PIAUÍ,PI,220551,JUAZEIRO DO PIAUI,JUAZEIRO DO PIAUÍ,3,2025,DOU,5308,3,0,0,0,0,0,0,0,0,0,0,0,10500,197.81
04/2026,2,NORDESTE,NE,22,PIAUI,PIAUÍ,PI,220552,JULIO BORGES,JÚLIO BORGES,5,2025,DOU,5501,3,0,0,0,0,0,0,0,0,0,0,0,10500,190.87
04/2026,2,NORDESTE,NE,22,PIAUI,PIAUÍ,PI,220553,JUREMA,JUREMA,3,2025,DOU,4501,2,0,0,0,0,0,0,0,0,0,0,0,7000,155.52
04/2026,2,NORDESTE,NE,22,PIAUI,PIAUÍ,PI,220555,LAGOA ALEGRE,LAGOA ALEGRE,3,2025,DOU,8464,4,0,0,0,0,0,0,0,0,0,0,0,14000,165.4
04/2026,2,NORDESTE,NE,22,PIAUI,PIAUÍ,PI,220557,LAGOA DE SAO FRANCISCO,LAGOA DE SÃO FRANCISCO,3,2025,DOU,6446,3,0,0,0,0,0,0,0,0,0,0,0,10500,162.89
04/2026,2,NORDESTE,NE,22,PIAUI,PIAUÍ,PI,220556,LAGOA DO BARRO DO PIAUI,LAGOA DO BARRO DO PIAUÍ,3,2025,DOU,5171,2,0,0,0,0,0,0,0,0,0,0,0,7000,135.37
04/2026,2,NORDESTE,NE,22,PIAUI,PIAUÍ,PI,220558,LAGOA DO PIAUI,LAGOA DO PIAUÍ,3,2025,DOU,5017,2,0,0,0,0,0,0,0,0,0,0,0,7000,139.52
04/2026,2,NORDESTE,NE,22,PIAUI,PIAUÍ,PI,220559,LAGOA DO SITIO,LAGOA DO SÍTIO,3,2025,DOU,4559,3,0,0,0,0,0,0,0,0,0,0,0,10500,230.31
04/2026,2,NORDESTE,NE,22,PIAUI,PIAUÍ,PI,220554,LAGOINHA DO PIAUI,LAGOINHA DO PIAUÍ,3,2025,DOU,3044,1,0,0,0,0,0,0,0,0,0,0,0,3500,114.98
04/2026,2,NORDESTE,NE,22,PIAUI,PIAUÍ,PI,220560,LANDRI SALES,LANDRI SALES,5,2025,DOU,5309,3,0,0,0,0,0,0,0,0,0,0,0,10500,197.77
04/2026,2,NORDESTE,NE,22,PIAUI,PIAUÍ,PI,220570,LUIS CORREIA,LUÍS CORREIA,3,2025,DOU,31901,15,0,0,0,0,0,0,0,0,0,0,0,52500,164.57
04/2026,2,NORDESTE,NE,22,PIAUI,PIAUÍ,PI,220580,LUZILANDIA,LUZILÂNDIA,2,2025,DOU,26143,13,0,0,0,0,0,0,0,0,0,0,0,45500,174.04
04/2026,2,NORDESTE,NE,22,PIAUI,PIAUÍ,PI,220585,MADEIRO,MADEIRO,5,2025,DOU,8231,4,0,0,0,0,0,0,0,0,0,0,0,14000,170.08
04/2026,2,NORDESTE,NE,22,PIAUI,PIAUÍ,PI,220590,MANOEL EMIDIO,MANOEL EMÍDIO,5,2025,DOU,5315,3,0,0,0,0,0,0,0,0,0,0,0,10500,197.55
04/2026,2,NORDESTE,NE,22,PIAUI,PIAUÍ,PI,220595,MARCOLANDIA,MARCOLÂNDIA,2,2025,DOU,8822,4,0,0,0,0,0,0,0,0,0,0,0,14000,158.69
04/2026,2,NORDESTE,NE,22,PIAUI,PIAUÍ,PI,220600,MARCOS PARENTE,MARCOS PARENTE,2,2025,DOU,4863,2,0,0,0,0,0,0,0,0,0,0,0,7000,143.94
04/2026,2,NORDESTE,NE,22,PIAUI,PIAUÍ,PI,220605,MASSAPE DO PIAUI,MASSAPÊ DO PIAUÍ,3,2025,DOU,5165,3,0,0,0,0,0,0,0,0,0,0,0,10500,203.29
04/2026,2,NORDESTE,NE,22,PIAUI,PIAUÍ,PI,220610,MATIAS OLIMPIO,MATIAS OLÍMPIO,3,2025,DOU,10886,5,0,0,0,0,0,0,0,0,0,0,0,17500,160.75
04/2026,2,NORDESTE,NE,22,PIAUI,PIAUÍ,PI,220620,MIGUEL ALVES,MIGUEL ALVES,3,2025,DOU,33074,17,0,0,0,0,0,0,0,0,0,0,0,59500,179.89
04/2026,2,NORDESTE,NE,22,PIAUI,PIAUÍ,PI,220630,MIGUEL LEAO,MIGUEL LEÃO,3,2025,DOU,1355,1,0,0,0,0,0,0,0,0,0,0,0,3500,258.3
04/2026,2,NORDESTE,NE,22,PIAUI,PIAUÍ,PI,220635,MILTON BRANDAO,MILTON BRANDÃO,3,2025,DOU,6681,3,0,0,0,0,0,0,0,0,0,0,0,10500,157.16
04/2026,2,NORDESTE,NE,22,PIAUI,PIAUÍ,PI,220640,MONSENHOR GIL,MONSENHOR GIL,3,2025,DOU,10513,5,0,0,0,0,0,0,0,0,0,0,0,17500,166.46
04/2026,2,NORDESTE,NE,22,PIAUI,PIAUÍ,PI,220650,MONSENHOR HIPOLITO,MONSENHOR HIPÓLITO,3,2025,DOU,7762,4,0,0,0,0,0,0,0,0,0,0,0,14000,180.36
04/2026,2,NORDESTE,NE,22,PIAUI,PIAUÍ,PI,220660,MONTE ALEGRE DO PIAUI,MONTE ALEGRE DO PIAUÍ,5,2025,DOU,10928,5,0,0,0,0,0,0,0,0,0,0,0,17500,160.13
04/2026,2,NORDESTE,NE,22,PIAUI,PIAUÍ,PI,220665,MORRO CABECA NO TEMPO,MORRO CABEÇA NO TEMPO,5,2025,DOU,4456,2,0,0,0,0,0,0,0,0,0,0,0,7000,157.09
04/2026,2,NORDESTE,NE,22,PIAUI,PIAUÍ,PI,220667,MORRO DO CHAPEU DO PIAUI,MORRO DO CHAPÉU DO PIAUÍ,5,2025,DOU,6548,3,0,0,0,0,0,0,0,0,0,0,0,10500,160.35
04/2026,2,NORDESTE,NE,22,PIAUI,PIAUÍ,PI,220669,MURICI DOS PORTELAS,MURICI DOS PORTELAS,3,2025,DOU,10210,5,0,0,0,0,0,0,0,0,0,0,0,17500,171.4
04/2026,2,NORDESTE,NE,22,PIAUI,PIAUÍ,PI,220670,NAZARE DO PIAUI,NAZARÉ DO PIAUÍ,3,2025,DOU,6697,4,0,0,0,0,0,0,0,0,0,0,0,14000,209.04
04/2026,2,NORDESTE,NE,22,PIAUI,PIAUÍ,PI,220672,NAZARIA,NAZÁRIA,3,2025,DOU,10821,5,0,0,0,0,0,0,0,0,0,0,0,17500,161.72
04/2026,2,NORDESTE,NE,22,PIAUI,PIAUÍ,PI,220675,NOSSA SENHORA DE NAZARE,NOSSA SENHORA DE NAZARÉ,3,2025,DOU,5442,2,0,0,0,0,0,0,0,0,0,0,0,7000,128.62
04/2026,2,NORDESTE,NE,22,PIAUI,PIAUÍ,PI,220680,NOSSA SENHORA DOS REMEDIOS,NOSSA SENHORA DOS REMÉDIOS,3,2025,DOU,8751,4,0,0,0,0,0,0,0,0,0,0,0,14000,159.98
04/2026,2,NORDESTE,NE,22,PIAUI,PIAUÍ,PI,220795,NOVA SANTA RITA,NOVA SANTA RITA,3,2025,DOU,4142,2,0,0,0,0,0,0,0,0,0,0,0,7000,169.0
04/2026,2,NORDESTE,NE,22,PIAUI,PIAUÍ,PI,220690,NOVO ORIENTE DO PIAUI,NOVO ORIENTE DO PIAUÍ,3,2025,DOU,6158,3,0,0,0,0,0,0,0,0,0,0,0,10500,170.5
04/2026,2,NORDESTE,NE,22,PIAUI,PIAUÍ,PI,220695,NOVO SANTO ANTONIO,NOVO SANTO ANTÔNIO,3,2025,DOU,2888,2,0,0,0,0,0,0,0,0,0,0,0,7000,242.38
04/2026,2,NORDESTE,NE,22,PIAUI,PIAUÍ,PI,220700,OEIRAS,OEIRAS,2,2025,DOU,39687,18,0,0,0,0,0,0,0,0,0,0,0,63000,158.74
04/2026,2,NORDESTE,NE,22,PIAUI,PIAUÍ,PI,220710,OLHO D'AGUA DO PIAUI,OLHO D'ÁGUA DO PIAUÍ,3,2025,DOU,2730,1,0,0,0,0,0,0,0,0,0,0,0,3500,128.2
04/2026,2,NORDESTE,NE,22,PIAUI,PIAUÍ,PI,220720,PADRE MARCOS,PADRE MARCOS,3,2025,DOU,6468,3,0,0,0,0,0,0,0,0,0,0,0,10500,162.33
04/2026,2,NORDESTE,NE,22,PIAUI,PIAUÍ,PI,220730,PAES LANDIM,PAES LANDIM,5,2025,DOU,4176,2,0,0,0,0,0,0,0,0,0,0,0,7000,167.62
04/2026,2,NORDESTE,NE,22,PIAUI,PIAUÍ,PI,220735,PAJEU DO PIAUI,PAJEÚ DO PIAUÍ,5,2025,DOU,3032,2,0,0,0,0,0,0,0,0,0,0,0,7000,230.87
04/2026,2,NORDESTE,NE,22,PIAUI,PIAUÍ,PI,220740,PALMEIRA DO PIAUI,PALMEIRA DO PIAUÍ,5,2025,DOU,5047,3,0,0,0,0,0,0,0,0,0,0,0,10500,208.04
04/2026,2,NORDESTE,NE,22,PIAUI,PIAUÍ,PI,220750,PALMEIRAIS,PALMEIRAIS,3,2025,DOU,13458,7,0,0,0,0,0,0,0,0,0,0,0,24500,182.04
04/2026,2,NORDESTE,NE,22,PIAUI,PIAUÍ,PI,220755,PAQUETA,PAQUETÁ,3,2025,DOU,3873,2,0,0,0,0,0,0,0,0,0,0,0,7000,180.73
04/2026,2,NORDESTE,NE,22,PIAUI,PIAUÍ,PI,220760,PARNAGUA,PARNAGUÁ,5,2025,DOU,10282,5,0,0,0,0,0,0,0,0,0,0,0,17500,170.2
04/2026,2,NORDESTE,NE,22,PIAUI,PIAUÍ,PI,220770,PARNAIBA,PARNAÍBA,1,2025,DOU,170491,44,0,0,0,0,0,0,0,0,0,0,0,154000,90.32
04/2026,2,NORDESTE,NE,22,PIAUI,PIAUÍ,PI,220775,PASSAGEM FRANCA DO PIAUI,PASSAGEM FRANCA DO PIAUÍ,3,2025,DOU,4222,2,0,0,0,0,0,0,0,0,0,0,0,7000,165.79
04/2026,2,NORDESTE,NE,22,PIAUI,PIAUÍ,PI,220777,PATOS DO PIAUI,PATOS DO PIAUÍ,3,2025,DOU,5427,3,0,0,0,0,0,0,0,0,0,0,0,10500,193.47
04/2026,2,NORDESTE,NE,22,PIAUI,PIAUÍ,PI,220779,PAU D'ARCO DO PIAUI,PAU D'ARCO DO PIAUÍ,3,2025,DOU,3979,2,0,0,0,0,0,0,0,0,0,0,0,7000,175.92
04/2026,2,NORDESTE,NE,22,PIAUI,PIAUÍ,PI,220780,PAULISTANA,PAULISTANA,2,2025,DOU,21633,10,0,0,0,0,0,0,0,0,0,0,0,35000,161.78
04/2026,2,NORDESTE,NE,22,PIAUI,PIAUÍ,PI,220785,PAVUSSU,PAVUSSU,5,2025,DOU,3697,2,0,0,0,0,0,0,0,0,0,0,0,7000,189.34
04/2026,2,NORDESTE,NE,22,PIAUI,PIAUÍ,PI,220790,PEDRO II,PEDRO II,2,2025,DOU,39072,15,0,0,0,0,0,0,0,0,0,0,0,52500,134.36
04/2026,2,NORDESTE,NE,22,PIAUI,PIAUÍ,PI,220793,PEDRO LAURENTINO,PEDRO LAURENTINO,5,2025,DOU,2517,1,0,0,0,0,0,0,0,0,0,0,0,3500,139.05
04/2026,2,NORDESTE,NE,22,PIAUI,PIAUÍ,PI,220800,PICOS,PICOS,1,2025,DOU,86701,36,0,0,0,0,0,0,1,220,0,0,220,126220,145.58
04/2026,2,NORDESTE,NE,22,PIAUI,PIAUÍ,PI,220810,PIMENTEIRAS,PIMENTEIRAS,5,2025,DOU,11487,6,0,0,0,0,0,0,0,0,0,0,0,21000,182.81
04/2026,2,NORDESTE,NE,22,PIAUI,PIAUÍ,PI,220820,PIO IX,PIO IX,3,2025,DOU,17948,9,0,0,0,0,0,0,0,0,0,0,0,31500,175.5
04/2026,2,NORDESTE,NE,22,PIAUI,PIAUÍ,PI,220830,PIRACURUCA,PIRACURUCA,2,2025,DOU,29721,15,0,0,0,0,0,0,0,0,0,0,0,52500,176.64
04/2026,2,NORDESTE,NE,22,PIAUI,PIAUÍ,PI,220840,PIRIPIRI,PIRIPIRI,1,2025,DOU,67887,27,4,0,0,0,1,112,0,0,0,0,112,105112,154.83
04/2026,2,NORDESTE,NE,22,PIAUI,PIAUÍ,PI,220850,PORTO,PORTO,3,2025,DOU,12323,6,0,0,0,0,0,0,0,0,0,0,0,21000,170.41
04/2026,2,NORDESTE,NE,22,PIAUI,PIAUÍ,PI,220855,PORTO ALEGRE DO PIAUI,PORTO ALEGRE DO PIAUÍ,5,2025,DOU,2382,1,0,0,0,0,0,0,0,0,0,0,0,3500,146.93
04/2026,2,NORDESTE,NE,22,PIAUI,PIAUÍ,PI,220860,PRATA DO PIAUI,PRATA DO PIAUÍ,3,2025,DOU,3096,2,0,0,0,0,0,0,0,0,0,0,0,7000,226.09
04/2026,2,NORDESTE,NE,22,PIAUI,PIAUÍ,PI,220865,QUEIMADA NOVA,QUEIMADA NOVA,3,2025,DOU,8948,4,0,0,0,0,0,0,0,0,0,0,0,14000,156.45
04/2026,2,NORDESTE,NE,22,PIAUI,PIAUÍ,PI,220870,REDENCAO DO GURGUEIA,REDENÇÃO DO GURGUÉIA,5,2025,DOU,8565,4,0,0,0,0,0,0,0,0,0,0,0,14000,163.45
04/2026,2,NORDESTE,NE,22,PIAUI,PIAUÍ,PI,220880,REGENERACAO,REGENERAÇÃO,1,2025,DOU,17400,8,0,0,0,0,1,14,0,0,0,0,14,28014,161.0
04/2026,2,NORDESTE,NE,22,PIAUI,PIAUÍ,PI,220885,RIACHO FRIO,RIACHO FRIO,5,2025,DOU,4238,2,0,0,0,0,0,0,0,0,0,0,0,7000,165.17
04/2026,2,NORDESTE,NE,22,PIAUI,PIAUÍ,PI,220887,RIBEIRA DO PIAUI,RIBEIRA DO PIAUÍ,5,2025,DOU,4105,2,0,0,0,0,0,0,0,0,0,0,0,7000,170.52
04/2026,2,NORDESTE,NE,22,PIAUI,PIAUÍ,PI,220890,RIBEIRO GONCALVES,RIBEIRO GONÇALVES,5,2025,DOU,6182,4,0,0,0,0,0,0,0,0,0,0,0,14000,226.46
04/2026,2,NORDESTE,NE,22,PIAUI,PIAUÍ,PI,220900,RIO GRANDE DO PIAUI,RIO GRANDE DO PIAUÍ,5,2025,DOU,5845,3,0,0,0,0,0,0,0,0,0,0,0,10500,179.64
04/2026,2,NORDESTE,NE,22,PIAUI,PIAUÍ,PI,220910,SANTA CRUZ DO PIAUI,SANTA CRUZ DO PIAUÍ,3,2025,DOU,5872,3,0,0,0,0,0,0,0,0,0,0,0,10500,178.81
04/2026,2,NORDESTE,NE,22,PIAUI,PIAUÍ,PI,220915,SANTA CRUZ DOS MILAGRES,SANTA CRUZ DOS MILAGRES,3,2025,DOU,3448,2,0,0,0,0,0,0,0,0,0,0,0,7000,203.01
04/2026,2,NORDESTE,NE,22,PIAUI,PIAUÍ,PI,220920,SANTA FILOMENA,SANTA FILOMENA,5,2025,DOU,6210,3,0,0,0,0,0,0,0,0,0,0,0,10500,169.08
04/2026,2,NORDESTE,NE,22,PIAUI,PIAUÍ,PI,220930,SANTA LUZ,SANTA LUZ,5,2025,DOU,5418,3,0,0,0,0,0,0,0,0,0,0,0,10500,193.79
04/2026,2,NORDESTE,NE,22,PIAUI,PIAUÍ,PI,220937,SANTA ROSA DO PIAUI,SANTA ROSA DO PIAUÍ,3,2025,DOU,4666,3,0,0,0,0,0,0,0,0,0,0,0,10500,225.03
04/2026,2,NORDESTE,NE,22,PIAUI,PIAUÍ,PI,220935,SANTANA DO PIAUI,SANTANA DO PIAUÍ,3,2025,DOU,4159,2,0,0,0,0,0,0,0,0,0,0,0,7000,168.3
04/2026,2,NORDESTE,NE,22,PIAUI,PIAUÍ,PI,220940,SANTO ANTONIO DE LISBOA,SANTO ANTÔNIO DE LISBOA,3,2025,DOU,5930,3,0,0,0,0,0,0,0,0,0,0,0,10500,177.06
04/2026,2,NORDESTE,NE,22,PIAUI,PIAUÍ,PI,220945,SANTO ANTONIO DOS MILAGRES,SANTO ANTÔNIO DOS MILAGRES,3,2025,DOU,2169,1,0,0,0,0,0,0,0,0,0,0,0,3500,161.36
04/2026,2,NORDESTE,NE,22,PIAUI,PIAUÍ,PI,220950,SANTO INACIO DO PIAUI,SANTO INÁCIO DO PIAUÍ,3,2025,DOU,3682,2,0,0,0,0,0,0,0,0,0,0,0,7000,190.11
04/2026,2,NORDESTE,NE,22,PIAUI,PIAUÍ,PI,220955,SAO BRAZ DO PIAUI,SÃO BRAZ DO PIAUÍ,3,2025,DOU,4454,2,0,0,0,0,1,9,0,0,0,0,9,7009,157.36
04/2026,2,NORDESTE,NE,22,PIAUI,PIAUÍ,PI,220960,SAO FELIX DO PIAUI,SÃO FÉLIX DO PIAUÍ,3,2025,DOU,2879,1,0,0,0,0,0,0,0,0,0,0,0,3500,121.56
04/2026,2,NORDESTE,NE,22,PIAUI,PIAUÍ,PI,220965,SAO FRANCISCO DE ASSIS DO PIAUI,SÃO FRANCISCO DE ASSIS DO PIAUÍ,5,2025,DOU,5713,3,0,0,0,0,0,0,0,0,0,0,0,10500,183.79
04/2026,2,NORDESTE,NE,22,PIAUI,PIAUÍ,PI,220970,SAO FRANCISCO DO PIAUI,SÃO FRANCISCO DO PIAUÍ,3,2025,DOU,5358,3,0,0,0,0,0,0,0,0,0,0,0,10500,195.96
04/2026,2,NORDESTE,NE,22,PIAUI,PIAUÍ,PI,220975,SAO GONCALO DO GURGUEIA,SÃO GONÇALO DO GURGUÉIA,5,2025,DOU,3026,2,0,0,0,0,0,0,0,0,0,0,0,7000,231.32
04/2026,2,NORDESTE,NE,22,PIAUI,PIAUÍ,PI,220980,SAO GONCALO DO PIAUI,SÃO GONÇALO DO PIAUÍ,3,2025,DOU,4985,3,0,0,0,0,0,0,0,0,0,0,0,10500,210.63
04/2026,2,NORDESTE,NE,22,PIAUI,PIAUÍ,PI,220985,SAO JOAO DA CANABRAVA,SÃO JOÃO DA CANABRAVA,3,2025,DOU,4359,2,0,0,0,0,0,0,0,0,0,0,0,7000,160.58
04/2026,2,NORDESTE,NE,22,PIAUI,PIAUÍ,PI,220987,SAO JOAO DA FRONTEIRA,SÃO JOÃO DA FRONTEIRA,3,2025,DOU,5608,3,0,0,0,0,0,0,0,0,0,0,0,10500,187.23
04/2026,2,NORDESTE,NE,22,PIAUI,PIAUÍ,PI,220990,SAO JOAO DA SERRA,SÃO JOÃO DA SERRA,3,2025,DOU,6232,3,0,0,0,0,0,0,0,0,0,0,0,10500,168.48
04/2026,2,NORDESTE,NE,22,PIAUI,PIAUÍ,PI,220995,SAO JOAO DA VARJOTA,SÃO JOÃO DA VARJOTA,3,2025,DOU,4430,2,0,0,0,0,0,0,0,0,0,0,0,7000,158.01
04/2026,2,NORDESTE,NE,22,PIAUI,PIAUÍ,PI,220997,SAO JOAO DO ARRAIAL,SÃO JOÃO DO ARRAIAL,3,2025,DOU,8494,4,0,0,0,0,0,0,0,0,0,0,0,14000,164.82
04/2026,2,NORDESTE,NE,22,PIAUI,PIAUÍ,PI,221000,SAO JOAO DO PIAUI,SÃO JOÃO DO PIAUÍ,2,2025,DOU,22137,10,0,0,0,0,0,0,0,0,0,0,0,35000,158.1
04/2026,2,NORDESTE,NE,22,PIAUI,PIAUÍ,PI,221005,SAO JOSE DO DIVINO,SÃO JOSÉ DO DIVINO,3,2025,DOU,5317,3,0,0,0,0,0,0,0,0,0,0,0,10500,197.47
04/2026,2,NORDESTE,NE,22,PIAUI,PIAUÍ,PI,221010,SAO JOSE DO PEIXE,SÃO JOSÉ DO PEIXE,5,2025,DOU,3300,2,0,0,0,0,0,0,0,0,0,0,0,7000,212.12
04/2026,2,NORDESTE,NE,22,PIAUI,PIAUÍ,PI,221020,SAO JOSE DO PIAUI,SÃO JOSÉ DO PIAUÍ,3,2025,DOU,6733,3,0,0,0,0,0,0,0,0,0,0,0,10500,155.94
04/2026,2,NORDESTE,NE,22,PIAUI,PIAUÍ,PI,221030,SAO JULIAO,SÃO JULIÃO,3,2025,DOU,6131,3,0,0,0,0,0,0,0,0,0,0,0,10500,171.26
04/2026,2,NORDESTE,NE,22,PIAUI,PIAUÍ,PI,221035,SAO LOURENCO DO PIAUI,SÃO LOURENÇO DO PIAUÍ,3,2025,DOU,4497,2,0,0,0,0,0,0,0,0,0,0,0,7000,155.65
04/2026,2,NORDESTE,NE,22,PIAUI,PIAUÍ,PI,221037,SAO LUIS DO PIAUI,SÃO LUIS DO PIAUÍ,3,2025,DOU,2277,1,0,0,0,0,0,0,0,0,0,0,0,3500,153.71
04/2026,2,NORDESTE,NE,22,PIAUI,PIAUÍ,PI,221038,SAO MIGUEL DA BAIXA GRANDE,SÃO MIGUEL DA BAIXA GRANDE,3,2025,DOU,2299,1,0,0,0,0,0,0,0,0,0,0,0,3500,152.24
04/2026,2,NORDESTE,NE,22,PIAUI,PIAUÍ,PI,221039,SAO MIGUEL DO FIDALGO,SÃO MIGUEL DO FIDALGO,5,2025,DOU,2864,2,0,0,0,0,0,0,0,0,0,0,0,7000,244.41
04/2026,2,NORDESTE,NE,22,PIAUI,PIAUÍ,PI,221040,SAO MIGUEL DO TAPUIO,SÃO MIGUEL DO TAPUIO,3,2025,DOU,17911,9,0,0,0,0,0,0,0,0,0,0,0,31500,175.86
04/2026,2,NORDESTE,NE,22,PIAUI,PIAUÍ,PI,221050,SAO PEDRO DO PIAUI,SÃO PEDRO DO PIAUÍ,3,2025,DOU,14055,7,0,0,0,0,0,0,0,0,0,0,0,24500,174.31
04/2026,2,NORDESTE,NE,22,PIAUI,PIAUÍ,PI,221060,SAO RAIMUNDO NONATO,SÃO RAIMUNDO NONATO,2,2025,DOU,41139,20,0,0,0,0,0,0,1,279,0,0,279,70279,170.83
04/2026,2,NORDESTE,NE,22,PIAUI,PIAUÍ,PI,221062,SEBASTIAO BARROS,SEBASTIÃO BARROS,5,2025,DOU,3210,2,0,0,0,0,0,0,0,0,0,0,0,7000,218.06
04/2026,2,NORDESTE,NE,22,PIAUI,PIAUÍ,PI,221063,SEBASTIAO LEAL,SEBASTIÃO LEAL,5,2025,DOU,4590,3,0,0,0,0,0,0,0,0,0,0,0,10500,228.75
04/2026,2,NORDESTE,NE,22,PIAUI,PIAUÍ,PI,221065,SIGEFREDO PACHECO,SIGEFREDO PACHECO,3,2025,DOU,9623,5,0,0,0,0,0,0,0,0,0,0,0,17500,181.85
04/2026,2,NORDESTE,NE,22,PIAUI,PIAUÍ,PI,221070,SIMOES,SIMÕES,3,2025,DOU,14664,7,0,0,0,0,0,0,0,0,0,0,0,24500,167.07
04/2026,2,NORDESTE,NE,22,PIAUI,PIAUÍ,PI,221080,SIMPLICIO MENDES,SIMPLÍCIO MENDES,3,2025,DOU,14437,6,0,0,0,0,0,0,0,0,0,0,0,21000,145.45
04/2026,2,NORDESTE,NE,22,PIAUI,PIAUÍ,PI,221090,SOCORRO DO PIAUI,SOCORRO DO PIAUÍ,5,2025,DOU,4165,2,0,0,0,0,0,0,0,0,0,0,0,7000,168.06
04/2026,2,NORDESTE,NE,22,PIAUI,PIAUÍ,PI,221093,SUSSUAPARA,SUSSUAPARA,3,2025,DOU,6346,3,0,0,0,0,0,0,0,0,0,0,0,10500,165.45
04/2026,2,NORDESTE,NE,22,PIAUI,PIAUÍ,PI,221095,TAMBORIL DO PIAUI,TAMBORIL DO PIAUÍ,3,2025,DOU,3040,1,0,0,0,0,0,0,0,0,0,0,0,3500,115.13
04/2026,2,NORDESTE,NE,22,PIAUI,PIAUÍ,PI,221097,TANQUE DO PIAUI,TANQUE DO PIAUÍ,3,2025,DOU,2319,1,0,0,0,0,0,0,0,0,0,0,0,3500,150.92
04/2026,2,NORDESTE,NE,22,PIAUI,PIAUÍ,PI,221100,TERESINA,TERESINA,1,2025,DOU,905692,264,0,0,0,0,2,864,0,0,0,0,864,924864,102.11
04/2026,2,NORDESTE,NE,22,PIAUI,PIAUÍ,PI,221110,UNIAO,UNIÃO,3,2025,DOU,47896,19,0,0,0,0,0,0,0,0,0,0,0,66500,138.84
04/2026,2,NORDESTE,NE,22,PIAUI,PIAUÍ,PI,221120,URUCUI,URUÇUÍ,4,2025,DOU,26779,10,3,0,0,0,0,0,0,0,0,0,0,42875,160.1
04/2026,2,NORDESTE,NE,22,PIAUI,PIAUÍ,PI,221130,VALENCA DO PIAUI,VALENÇA DO PIAUÍ,1,2025,DOU,23025,10,0,0,0,0,0,0,0,0,0,0,0,35000,152.0
04/2026,2,NORDESTE,NE,22,PIAUI,PIAUÍ,PI,221135,VARZEA BRANCA,VÁRZEA BRANCA,3,2025,DOU,5181,2,0,0,0,0,0,0,0,0,0,0,0,7000,135.1
04/2026,2,NORDESTE,NE,22,PIAUI,PIAUÍ,PI,221140,VARZEA GRANDE,VÁRZEA GRANDE,3,2025,DOU,4520,2,0,0,0,0,0,0,0,0,0,0,0,7000,154.86
04/2026,2,NORDESTE,NE,22,PIAUI,PIAUÍ,PI,221150,VERA MENDES,VERA MENDES,3,2025,DOU,3282,2,0,0,0,0,0,0,0,0,0,0,0,7000,213.28
04/2026,2,NORDESTE,NE,22,PIAUI,PIAUÍ,PI,221160,VILA NOVA DO PIAUI,VILA NOVA DO PIAUÍ,3,2025,DOU,2972,1,0,0,0,0,0,0,0,0,0,0,0,3500,117.76
04/2026,2,NORDESTE,NE,22,PIAUI,PIAUÍ,PI,221170,WALL FERRAZ,WALL FERRAZ,3,2025,DOU,4195,2,0,0,0,0,0,0,0,0,0,0,0,7000,166.86
04/2026,4,SUL,S,41,PARANA,PARANÁ,PR,410010,ABATIA,ABATIÁ,3,2025,DOU,7233,2,0,1,0,0,0,0,0,0,0,0,0,8750,120.97
04/2026,4,SUL,S,41,PARANA,PARANÁ,PR,410020,ADRIANOPOLIS,ADRIANÓPOLIS,3,2025,DOU,6319,3,0,0,0,0,0,0,0,0,0,0,0,10500,166.16
04/2026,4,SUL,S,41,PARANA,PARANÁ,PR,410030,AGUDOS DO SUL,AGUDOS DO SUL,3,2025,DOU,10770,4,1,0,0,0,0,0,0,0,0,0,0,16625,154.36
04/2026,4,SUL,S,41,PARANA,PARANÁ,PR,410040,ALMIRANTE TAMANDARE,ALMIRANTE TAMANDARÉ,1,2025,DOU,125861,13,4,0,0,0,1,124,0,0,0,0,124,56124,44.59
04/2026,4,SUL,S,41,PARANA,PARANÁ,PR,410045,ALTAMIRA DO PARANA,ALTAMIRA DO PARANÁ,3,2025,DOU,3496,2,0,0,0,0,0,0,0,0,0,0,0,7000,200.22
04/2026,4,SUL,S,41,PARANA,PARANÁ,PR,412862,ALTO PARAISO,ALTO PARAÍSO,3,2025,DOU,3067,1,0,0,0,0,0,0,0,0,0,0,0,3500,114.11
04/2026,4,SUL,S,41,PARANA,PARANÁ,PR,410060,ALTO PARANA,ALTO PARANÁ,3,2025,DOU,14183,4,0,0,0,0,0,0,0,0,0,0,0,14000,98.7
04/2026,4,SUL,S,41,PARANA,PARANÁ,PR,410070,ALTO PIQUIRI,ALTO PIQUIRI,3,2025,DOU,9771,3,0,1,0,0,0,0,0,0,0,0,0,12250,125.37
04/2026,4,SUL,S,41,PARANA,PARANÁ,PR,410050,ALTONIA,ALTÔNIA,2,2025,DOU,18634,8,0,0,0,0,0,0,0,0,0,0,0,28000,150.26
04/2026,4,SUL,S,41,PARANA,PARANÁ,PR,410080,ALVORADA DO SUL,ALVORADA DO SUL,3,2025,DOU,10481,5,0,0,0,0,0,0,0,0,0,0,0,17500,166.96
04/2026,4,SUL,S,41,PARANA,PARANÁ,PR,410090,AMAPORA,AMAPORÃ,3,2025,DOU,4688,2,0,0,0,0,0,0,0,0,0,0,0,7000,149.31
04/2026,4,SUL,S,41,PARANA,PARANÁ,PR,410100,AMPERE,AMPÉRE,1,2025,DOU,20337,6,0,0,0,0,0,0,0,0,0,0,0,21000,103.26
04/2026,4,SUL,S,41,PARANA,PARANÁ,PR,410105,ANAHY,ANAHY,3,2025,DOU,2971,1,0,0,0,0,0,0,0,0,0,0,0,3500,117.8
04/2026,4,SUL,S,41,PARANA,PARANÁ,PR,410110,ANDIRA,ANDIRÁ,1,2025,DOU,19989,7,0,0,0,0,0,0,0,0,0,0,0,24500,122.56
04/2026,4,SUL,S,41,PARANA,PARANÁ,PR,410115,ANGULO,ÂNGULO,3,2025,DOU,3357,1,0,0,0,0,0,0,0,0,0,0,0,3500,104.25
04/2026,4,SUL,S,41,PARANA,PARANÁ,PR,410120,ANTONINA,ANTONINA,2,2025,DOU,18140,9,0,0,0,0,0,0,0,0,0,0,0,31500,173.64
04/2026,4,SUL,S,41,PARANA,PARANÁ,PR,410130,ANTONIO OLINTO,ANTÔNIO OLINTO,3,2025,DOU,7048,3,1,0,0,0,0,0,0,0,0,0,0,13125,186.22
04/2026,4,SUL,S,41,PARANA,PARANÁ,PR,410140,APUCARANA,APUCARANA,1,2025,DOU,134910,44,0,0,0,0,0,0,0,0,0,0,0,154000,114.15
04/2026,4,SUL,S,41,PARANA,PARANÁ,PR,410150,ARAPONGAS,ARAPONGAS,1,2025,DOU,124838,32,0,0,0,0,0,0,0,0,0,0,0,112000,89.71
04/2026,4,SUL,S,41,PARANA,PARANÁ,PR,410160,ARAPOTI,ARAPOTI,1,2025,DOU,26325,7,1,1,0,0,0,0,0,0,0,0,0,28875,109.68
04/2026,4,SUL,S,41,PARANA,PARANÁ,PR,410165,ARAPUA,ARAPUÃ,3,2025,DOU,3573,2,0,0,0,0,0,0,0,0,0,0,0,7000,195.91
04/2026,4,SUL,S,41,PARANA,PARANÁ,PR,410170,ARARUNA,ARARUNA,3,2025,DOU,14894,5,1,0,0,0,0,0,0,0,0,0,0,20125,135.12
04/2026,4,SUL,S,41,PARANA,PARANÁ,PR,410180,ARAUCARIA,ARAUCÁRIA,1,2025,DOU,162247,36,4,8,0,0,1,113,0,0,0,0,113,150613,92.82
04/2026,4,SUL,S,41,PARANA,PARANÁ,PR,410185,ARIRANHA DO IVAI,ARIRANHA DO IVAÍ,3,2025,DOU,2351,1,0,0,0,0,0,0,0,0,0,0,0,3500,148.87
04/2026,4,SUL,S,41,PARANA,PARANÁ,PR,410190,ASSAI,ASSAÍ,1,2025,DOU,13477,5,1,0,0,0,0,0,0,0,0,0,0,20125,149.32
04/2026,4,SUL,S,41,PARANA,PARANÁ,PR,410200,ASSIS CHATEAUBRIAND,ASSIS CHATEAUBRIAND,2,2025,DOU,38357,9,2,0,0,0,0,0,0,0,0,0,0,36750,95.81
04/2026,4,SUL,S,41,PARANA,PARANÁ,PR,410210,ASTORGA,ASTORGA,1,2025,DOU,26203,7,1,3,0,0,0,0,0,0,0,0,0,32375,123.55
04/2026,4,SUL,S,41,PARANA,PARANÁ,PR,410220,ATALAIA,ATALAIA,2,2025,DOU,4046,2,0,0,0,0,0,0,0,0,0,0,0,7000,173.01
04/2026,4,SUL,S,41,PARANA,PARANÁ,PR,410230,BALSA NOVA,BALSA NOVA,1,2025,DOU,13867,5,0,0,0,0,0,0,0,0,0,0,0,17500,126.19
04/2026,4,SUL,S,41,PARANA,PARANÁ,PR,410240,BANDEIRANTES,BANDEIRANTES,1,2025,DOU,31747,8,1,1,0,0,0,0,0,0,0,0,0,32375,101.97
04/2026,4,SUL,S,41,PARANA,PARANÁ,PR,410250,BARBOSA FERRAZ,BARBOSA FERRAZ,3,2025,DOU,10580,6,0,0,0,0,0,0,0,0,0,0,0,21000,198.48
04/2026,4,SUL,S,41,PARANA,PARANÁ,PR,410270,BARRA DO JACARE,BARRA DO JACARÉ,3,2025,DOU,2872,1,0,0,0,0,0,0,0,0,0,0,0,3500,121.86
04/2026,4,SUL,S,41,PARANA,PARANÁ,PR,410260,BARRACAO,BARRACÃO,2,2025,DOU,9903,4,0,0,0,0,0,0,0,0,0,0,0,14000,141.37
04/2026,4,SUL,S,41,PARANA,PARANÁ,PR,410275,BELA VISTA DA CAROBA,BELA VISTA DA CAROBA,3,2025,DOU,4122,2,0,0,0,0,0,0,0,0,0,0,0,7000,169.82
04/2026,4,SUL,S,41,PARANA,PARANÁ,PR,410280,BELA VISTA DO PARAISO,BELA VISTA DO PARAÍSO,1,2025,DOU,14982,5,0,1,0,0,0,0,0,0,0,0,0,19250,128.48
04/2026,4,SUL,S,41,PARANA,PARANÁ,PR,410290,BITURUNA,BITURUNA,3,2025,DOU,15650,5,1,0,0,0,0,0,0,0,0,0,0,20125,128.59
04/2026,4,SUL,S,41,PARANA,PARANÁ,PR,410300,BOA ESPERANCA,BOA ESPERANÇA,3,2025,DOU,4595,2,0,0,0,0,0,0,0,0,0,0,0,7000,152.33
04/2026,4,SUL,S,41,PARANA,PARANÁ,PR,410302,BOA ESPERANCA DO IGUACU,BOA ESPERANÇA DO IGUAÇU,3,2025,DOU,2421,1,0,0,0,0,0,0,0,0,0,0,0,3500,144.56
04/2026,4,SUL,S,41,PARANA,PARANÁ,PR,410304,BOA VENTURA DE SAO ROQUE,BOA VENTURA DE SÃO ROQUE,3,2025,DOU,6241,3,0,0,0,0,0,0,0,0,0,0,0,10500,168.24
04/2026,4,SUL,S,41,PARANA,PARANÁ,PR,410305,BOA VISTA DA APARECIDA,BOA VISTA DA APARECIDA,3,2025,DOU,8023,4,0,0,0,0,0,0,0,0,0,0,0,14000,174.49
04/2026,4,SUL,S,41,PARANA,PARANÁ,PR,410310,BOCAIUVA DO SUL,BOCAIÚVA DO SUL,1,2025,DOU,13405,3,0,0,0,0,0,0,0,0,0,0,0,10500,78.32
04/2026,4,SUL,S,41,PARANA,PARANÁ,PR,410315,BOM JESUS DO SUL,BOM JESUS DO SUL,3,2025,DOU,4072,2,0,0,0,0,0,0,0,0,0,0,0,7000,171.9
04/2026,4,SUL,S,41,PARANA,PARANÁ,PR,410320,BOM SUCESSO,BOM SUCESSO,2,2025,DOU,6674,4,0,0,0,0,0,0,0,0,0,0,0,14000,209.76
04/2026,4,SUL,S,41,PARANA,PARANÁ,PR,410322,BOM SUCESSO DO SUL,BOM SUCESSO DO SUL,3,2025,DOU,3244,1,0,0,0,0,0,0,0,0,0,0,0,3500,107.89
04/2026,4,SUL,S,41,PARANA,PARANÁ,PR,410330,BORRAZOPOLIS,BORRAZÓPOLIS,2,2025,DOU,7818,3,0,0,0,0,0,0,0,0,0,0,0,10500,134.3
04/2026,4,SUL,S,41,PARANA,PARANÁ,PR,410335,BRAGANEY,BRAGANEY,3,2025,DOU,4745,3,0,0,0,0,0,0,0,0,0,0,0,10500,221.28
04/2026,4,SUL,S,41,PARANA,PARANÁ,PR,410337,BRASILANDIA DO SUL,BRASILÂNDIA DO SUL,3,2025,DOU,3861,2,0,0,0,0,0,0,0,0,0,0,0,7000,181.3
04/2026,4,SUL,S,41,PARANA,PARANÁ,PR,410340,CAFEARA,CAFEARA,3,2025,DOU,2648,1,0,0,0,0,0,0,0,0,0,0,0,3500,132.17
04/2026,4,SUL,S,41,PARANA,PARANÁ,PR,410345,CAFELANDIA,CAFELÂNDIA,1,2025,DOU,20145,5,1,0,0,0,0,0,0,0,0,0,0,20125,99.9
04/2026,4,SUL,S,41,PARANA,PARANÁ,PR,410347,CAFEZAL DO SUL,CAFEZAL DO SUL,3,2025,DOU,4580,2,0,0,0,0,0,0,0,0,0,0,0,7000,152.83
04/2026,4,SUL,S,41,PARANA,PARANÁ,PR,410350,CALIFORNIA,CALIFÓRNIA,2,2025,DOU,8963,3,2,0,0,0,0,0,0,0,0,0,0,15750,175.72
04/2026,4,SUL,S,41,PARANA,PARANÁ,PR,410360,CAMBARA,CAMBARÁ,1,2025,DOU,23393,6,0,2,0,0,0,0,1,0,0,0,0,24500,104.73
04/2026,4,SUL,S,41,PARANA,PARANÁ,PR,410370,CAMBE,CAMBÉ,1,2025,DOU,110923,26,0,0,0,0,0,0,0,0,0,0,0,91000,82.03
04/2026,4,SUL,S,41,PARANA,PARANÁ,PR,410380,CAMBIRA,CAMBIRA,1,2025,DOU,10045,3,0,0,0,0,0,0,0,0,0,0,0,10500,104.52
04/2026,4,SUL,S,41,PARANA,PARANÁ,PR,410390,CAMPINA DA LAGOA,CAMPINA DA LAGOA,2,2025,DOU,16014,7,0,0,0,0,0,0,0,0,0,0,0,24500,152.99
04/2026,4,SUL,S,41,PARANA,PARANÁ,PR,410395,CAMPINA DO SIMAO,CAMPINA DO SIMÃO,3,2025,DOU,3954,2,0,0,0,0,0,0,0,0,0,0,0,7000,177.03
04/2026,4,SUL,S,41,PARANA,PARANÁ,PR,410400,CAMPINA GRANDE DO SUL,CAMPINA GRANDE DO SUL,1,2025,DOU,50600,7,0,0,0,0,0,0,0,0,0,0,0,24500,48.41
04/2026,4,SUL,S,41,PARANA,PARANÁ,PR,410405,CAMPO BONITO,CAMPO BONITO,3,2025,DOU,3997,2,0,0,0,0,0,0,0,0,0,0,0,7000,175.13
04/2026,4,SUL,S,41,PARANA,PARANÁ,PR,410410,CAMPO DO TENENTE,CAMPO DO TENENTE,3,2025,DOU,7693,4,0,0,0,0,0,0,0,0,0,0,0,14000,181.98
04/2026,4,SUL,S,41,PARANA,PARANÁ,PR,410420,CAMPO LARGO,CAMPO LARGO,1,2025,DOU,144504,43,0,0,0,0,0,0,1,369,0,0,369,150869,104.4
04/2026,4,SUL,S,41,PARANA,PARANÁ,PR,410425,CAMPO MAGRO,CAMPO MAGRO,1,2025,DOU,31888,8,2,0,0,0,0,0,0,0,0,0,0,33250,104.27
04/2026,4,SUL,S,41,PARANA,PARANÁ,PR,410430,CAMPO MOURAO,CAMPO MOURÃO,1,2025,DOU,104122,22,0,0,0,0,0,0,1,1019,0,0,1019,78019,74.93
04/2026,4,SUL,S,41,PARANA,PARANÁ,PR,410440,CANDIDO DE ABREU,CÂNDIDO DE ABREU,3,2025,DOU,15081,7,0,0,0,0,0,0,0,0,0,0,0,24500,162.45
04/2026,4,SUL,S,41,PARANA,PARANÁ,PR,410442,CANDOI,CANDÓI,3,2025,DOU,15174,6,0,0,0,0,0,0,0,0,0,0,0,21000,138.39
04/2026,4,SUL,S,41,PARANA,PARANÁ,PR,410445,CANTAGALO,CANTAGALO,3,2025,DOU,10672,5,0,0,0,0,0,0,0,0,0,0,0,17500,163.98
04/2026,4,SUL,S,41,PARANA,PARANÁ,PR,410450,CAPANEMA,CAPANEMA,3,2025,DOU,21088,8,0,0,0,0,0,0,0,0,0,0,0,28000,132.77
04/2026,4,SUL,S,41,PARANA,PARANÁ,PR,410460,CAPITAO LEONIDAS MARQUES,CAPITÃO LEÔNIDAS MARQUES,2,2025,DOU,14776,8,0,0,0,0,0,0,0,0,0,0,0,28000,189.49
04/2026,4,SUL,S,41,PARANA,PARANÁ,PR,410465,CARAMBEI,CARAMBEÍ,1,2025,DOU,24469,3,3,0,0,0,0,0,0,0,0,0,0,18375,75.09
04/2026,4,SUL,S,41,PARANA,PARANÁ,PR,410470,CARLOPOLIS,CARLÓPOLIS,3,2025,DOU,17788,8,0,0,0,0,0,0,0,0,0,0,0,28000,157.4
04/2026,4,SUL,S,41,PARANA,PARANÁ,PR,410480,CASCAVEL,CASCAVEL,1,2025,DOU,368195,69,25,7,0,0,1,189,0,0,1,3350,3539,322914,87.7
04/2026,4,SUL,S,41,PARANA,PARANÁ,PR,410490,CASTRO,CASTRO,1,2025,DOU,75644,19,3,0,0,0,0,0,0,0,0,0,0,74375,98.32
04/2026,4,SUL,S,41,PARANA,PARANÁ,PR,410500,CATANDUVAS,CATANDUVAS,3,2025,DOU,10621,4,0,0,0,0,0,0,1,113,0,0,113,14113,132.87
04/2026,4,SUL,S,41,PARANA,PARANÁ,PR,410510,CENTENARIO DO SUL,CENTENÁRIO DO SUL,2,2025,DOU,10903,5,0,0,0,0,0,0,0,0,0,0,0,17500,160.5
04/2026,4,SUL,S,41,PARANA,PARANÁ,PR,410520,CERRO AZUL,CERRO AZUL,3,2025,DOU,16287,5,0,0,0,0,0,0,0,0,0,0,0,17500,107.44
04/2026,4,SUL,S,41,PARANA,PARANÁ,PR,410530,CEU AZUL,CÉU AZUL,3,2025,DOU,11255,4,0,0,0,0,0,0,0,0,0,0,0,14000,124.38
04/2026,4,SUL,S,41,PARANA,PARANÁ,PR,410540,CHOPINZINHO,CHOPINZINHO,2,2025,DOU,21604,11,0,0,0,0,0,0,0,0,0,0,0,38500,178.2
04/2026,4,SUL,S,41,PARANA,PARANÁ,PR,410550,CIANORTE,CIANORTE,1,2025,DOU,82988,20,4,0,0,0,0,0,2,19,0,0,19,80519,97.02
04/2026,4,SUL,S,41,PARANA,PARANÁ,PR,410560,CIDADE GAUCHA,CIDADE GAÚCHA,2,2025,DOU,11705,4,0,0,0,0,0,0,0,0,0,0,0,14000,119.6
04/2026,4,SUL,S,41,PARANA,PARANÁ,PR,410570,CLEVELANDIA,CLEVELÂNDIA,1,2025,DOU,14833,6,0,0,0,0,0,0,0,0,0,0,0,21000,141.57
04/2026,4,SUL,S,41,PARANA,PARANÁ,PR,410580,COLOMBO,COLOMBO,1,2025,DOU,241672,78,0,0,0,0,0,0,0,0,0,0,0,273000,112.96
04/2026,4,SUL,S,41,PARANA,PARANÁ,PR,410590,COLORADO,COLORADO,1,2025,DOU,23313,6,0,0,0,0,0,0,0,0,0,0,0,21000,90.07
04/2026,4,SUL,S,41,PARANA,PARANÁ,PR,410600,CONGONHINHAS,CONGONHINHAS,3,2025,DOU,8445,3,2,0,0,0,0,0,0,0,0,0,0,15750,186.5
04/2026,4,SUL,S,41,PARANA,PARANÁ,PR,410610,CONSELHEIRO MAIRINCK,CONSELHEIRO MAIRINCK,3,2025,DOU,3474,2,0,0,0,0,0,0,0,0,0,0,0,7000,201.49
04/2026,4,SUL,S,41,PARANA,PARANÁ,PR,410620,CONTENDA,CONTENDA,1,2025,DOU,20006,4,1,0,0,0,0,0,0,0,0,0,0,16625,83.1
04/2026,4,SUL,S,41,PARANA,PARANÁ,PR,410630,CORBELIA,CORBÉLIA,2,2025,DOU,17933,9,0,0,0,0,0,0,0,0,0,0,0,31500,175.65
04/2026,4,SUL,S,41,PARANA,PARANÁ,PR,410640,CORNELIO PROCOPIO,CORNÉLIO PROCÓPIO,1,2025,DOU,45720,12,0,0,0,0,0,0,0,0,0,0,0,42000,91.86
04/2026,4,SUL,S,41,PARANA,PARANÁ,PR,410645,CORONEL DOMINGOS SOARES,CORONEL DOMINGOS SOARES,3,2025,DOU,5427,4,0,0,0,0,0,0,0,0,0,0,0,14000,257.96
04/2026,4,SUL,S,41,PARANA,PARANÁ,PR,410650,CORONEL VIVIDA,CORONEL VIVIDA,2,2025,DOU,24010,9,1,0,0,0,0,0,0,0,0,0,0,34125,142.12
04/2026,4,SUL,S,41,PARANA,PARANÁ,PR,410655,CORUMBATAI DO SUL,CORUMBATAÍ DO SUL,3,2025,DOU,3770,2,0,0,0,0,0,0,0,0,0,0,0,7000,185.67
04/2026,4,SUL,S,41,PARANA,PARANÁ,PR,410680,CRUZ MACHADO,CRUZ MACHADO,3,2025,DOU,15759,5,0,0,0,0,0,0,0,0,0,0,0,17500,111.04
04/2026,4,SUL,S,41,PARANA,PARANÁ,PR,410657,CRUZEIRO DO IGUACU,CRUZEIRO DO IGUAÇU,3,2025,DOU,4129,2,0,0,0,0,0,0,0,0,0,0,0,7000,169.53
04/2026,4,SUL,S,41,PARANA,PARANÁ,PR,410660,CRUZEIRO DO OESTE,CRUZEIRO DO OESTE,1,2025,DOU,24859,9,0,0,0,0,0,0,0,0,1,1107,1107,32607,131.16
04/2026,4,SUL,S,41,PARANA,PARANÁ,PR,410670,CRUZEIRO DO SUL,CRUZEIRO DO SUL,1,2025,DOU,4543,2,0,0,0,0,0,0,0,0,0,0,0,7000,154.08
04/2026,4,SUL,S,41,PARANA,PARANÁ,PR,410685,CRUZMALTINA,CRUZMALTINA,3,2025,DOU,2870,1,0,1,0,0,0,0,0,0,0,0,0,5250,182.92
04/2026,4,SUL,S,41,PARANA,PARANÁ,PR,410690,CURITIBA,CURITIBA,1,2025,DOU,1830795,184,54,190,0,0,3,1210,0,0,0,0,1210,1119460,61.14
04/2026,4,SUL,S,41,PARANA,PARANÁ,PR,410700,CURIUVA,CURIÚVA,3,2025,DOU,13784,7,0,0,0,0,0,0,0,0,0,0,0,24500,177.74
04/2026,4,SUL,S,41,PARANA,PARANÁ,PR,410715,DIAMANTE D'OESTE,DIAMANTE D'OESTE,3,2025,DOU,4513,2,0,0,0,0,0,0,0,0,0,0,0,7000,155.1
04/2026,4,SUL,S,41,PARANA,PARANÁ,PR,410710,DIAMANTE DO NORTE,DIAMANTE DO NORTE,2,2025,DOU,5139,2,0,0,0,0,0,0,0,0,0,0,0,7000,136.21
04/2026,4,SUL,S,41,PARANA,PARANÁ,PR,410712,DIAMANTE DO SUL,DIAMANTE DO SUL,3,2025,DOU,3147,2,0,0,0,0,0,0,0,0,0,0,0,7000,222.43
04/2026,4,SUL,S,41,PARANA,PARANÁ,PR,410720,DOIS VIZINHOS,DOIS VIZINHOS,1,2025,DOU,47589,14,1,2,0,0,0,0,0,0,0,0,0,55125,115.83
04/2026,4,SUL,S,41,PARANA,PARANÁ,PR,410725,DOURADINA,DOURADINA,3,2025,DOU,9631,3,0,0,0,0,0,0,0,0,0,0,0,10500,109.02
04/2026,4,SUL,S,41,PARANA,PARANÁ,PR,410730,DOUTOR CAMARGO,DOUTOR CAMARGO,2,2025,DOU,6517,2,2,0,0,0,0,0,0,0,0,0,0,12250,187.96
04/2026,4,SUL,S,41,PARANA,PARANÁ,PR,412863,DOUTOR ULYSSES,DOUTOR ULYSSES,3,2025,DOU,5744,3,0,0,0,0,0,0,0,0,0,0,0,10500,182.79
04/2026,4,SUL,S,41,PARANA,PARANÁ,PR,410740,ENEAS MARQUES,ENÉAS MARQUES,3,2025,DOU,6146,2,0,0,0,0,0,0,0,0,0,0,0,7000,113.89
04/2026,4,SUL,S,41,PARANA,PARANÁ,PR,410750,ENGENHEIRO BELTRAO,ENGENHEIRO BELTRÃO,3,2025,DOU,12347,5,0,0,0,0,0,0,0,0,0,0,0,17500,141.73
04/2026,4,SUL,S,41,PARANA,PARANÁ,PR,410753,ENTRE RIOS DO OESTE,ENTRE RIOS DO OESTE,3,2025,DOU,4770,1,0,1,0,0,0,0,0,0,0,0,0,5250,110.06
04/2026,4,SUL,S,41,PARANA,PARANÁ,PR,410752,ESPERANCA NOVA,ESPERANÇA NOVA,3,2025,DOU,1852,1,0,0,0,0,0,0,0,0,0,0,0,3500,188.98
04/2026,4,SUL,S,41,PARANA,PARANÁ,PR,410754,ESPIGAO ALTO DO IGUACU,ESPIGÃO ALTO DO IGUAÇU,3,2025,DOU,4880,2,0,0,0,0,0,0,0,0,0,0,0,7000,143.44
04/2026,4,SUL,S,41,PARANA,PARANÁ,PR,410755,FAROL,FAROL,3,2025,DOU,2994,2,0,0,0,0,0,0,0,0,0,0,0,7000,233.8
04/2026,4,SUL,S,41,PARANA,PARANÁ,PR,410760,FAXINAL,FAXINAL,1,2025,DOU,16596,5,0,0,0,0,0,0,0,0,0,0,0,17500,105.44
04/2026,4,SUL,S,41,PARANA,PARANÁ,PR,410765,FAZENDA RIO GRANDE,FAZENDA RIO GRANDE,1,2025,DOU,165943,29,0,0,0,0,0,0,0,0,0,0,0,101500,61.16
04/2026,4,SUL,S,41,PARANA,PARANÁ,PR,410770,FENIX,FÊNIX,2,2025,DOU,4488,2,0,0,0,0,0,0,0,0,0,0,0,7000,155.97
04/2026,4,SUL,S,41,PARANA,PARANÁ,PR,410773,FERNANDES PINHEIRO,FERNANDES PINHEIRO,3,2025,DOU,6400,2,0,0,0,0,0,0,0,0,0,0,0,7000,109.37
04/2026,4,SUL,S,41,PARANA,PARANÁ,PR,410775,FIGUEIRA,FIGUEIRA,3,2025,DOU,8129,3,0,0,0,0,0,0,0,0,0,0,0,10500,129.16
04/2026,4,SUL,S,41,PARANA,PARANÁ,PR,410785,FLOR DA SERRA DO SUL,FLOR DA SERRA DO SUL,3,2025,DOU,4342,2,0,0,0,0,0,0,0,0,0,0,0,7000,161.21
04/2026,4,SUL,S,41,PARANA,PARANÁ,PR,410780,FLORAI,FLORAÍ,2,2025,DOU,4805,2,0,0,0,0,0,0,0,0,0,0,0,7000,145.68
04/2026,4,SUL,S,41,PARANA,PARANÁ,PR,410790,FLORESTA,FLORESTA,1,2025,DOU,11522,3,1,0,0,0,0,0,0,0,0,0,0,13125,113.91
04/2026,4,SUL,S,41,PARANA,PARANÁ,PR,410800,FLORESTOPOLIS,FLORESTÓPOLIS,2,2025,DOU,11653,4,0,0,0,0,0,0,0,0,0,0,0,14000,120.14
04/2026,4,SUL,S,41,PARANA,PARANÁ,PR,410810,FLORIDA,FLÓRIDA,3,2025,DOU,2711,1,0,0,0,0,0,0,0,0,0,0,0,3500,129.1
04/2026,4,SUL,S,41,PARANA,PARANÁ,PR,410820,FORMOSA DO OESTE,FORMOSA DO OESTE,3,2025,DOU,7763,3,0,0,0,0,0,0,0,0,0,0,0,10500,135.25
04/2026,4,SUL,S,41,PARANA,PARANÁ,PR,410830,FOZ DO IGUACU,FOZ DO IGUAÇU,1,2025,DOU,297352,89,6,0,0,0,1,404,0,0,1,4225,4629,331879,111.61
04/2026,4,SUL,S,41,PARANA,PARANÁ,PR,410845,FOZ DO JORDAO,FOZ DO JORDÃO,3,2025,DOU,4893,3,0,0,0,0,0,0,0,0,0,0,0,10500,214.59
04/2026,4,SUL,S,41,PARANA,PARANÁ,PR,410832,FRANCISCO ALVES,FRANCISCO ALVES,3,2025,DOU,8573,3,0,0,0,0,0,0,0,0,0,0,0,10500,122.47
04/2026,4,SUL,S,41,PARANA,PARANÁ,PR,410840,FRANCISCO BELTRAO,FRANCISCO BELTRÃO,1,2025,DOU,102312,22,6,0,0,0,0,0,1,0,0,0,0,92750,90.65
04/2026,4,SUL,S,41,PARANA,PARANÁ,PR,410850,GENERAL CARNEIRO,GENERAL CARNEIRO,3,2025,DOU,10691,3,0,0,0,0,0,0,0,0,0,0,0,10500,98.21
04/2026,4,SUL,S,41,PARANA,PARANÁ,PR,410855,GODOY MOREIRA,GODOY MOREIRA,3,2025,DOU,2911,1,0,0,0,0,0,0,0,0,0,0,0,3500,120.23
04/2026,4,SUL,S,41,PARANA,PARANÁ,PR,410860,GOIOERE,GOIOERÊ,1,2025,DOU,30025,9,0,0,0,0,0,0,0,0,0,0,0,31500,104.91
04/2026,4,SUL,S,41,PARANA,PARANÁ,PR,410865,GOIOXIM,GOIOXIM,3,2025,DOU,6469,3,0,0,0,0,0,0,0,0,0,0,0,10500,162.31
04/2026,4,SUL,S,41,PARANA,PARANÁ,PR,410870,GRANDES RIOS,GRANDES RIOS,3,2025,DOU,5527,3,0,0,0,0,0,0,0,0,0,0,0,10500,189.97
04/2026,4,SUL,S,41,PARANA,PARANÁ,PR,410880,GUAIRA,GUAÍRA,1,2025,DOU,33058,11,0,1,0,0,0,0,1,525,0,0,525,40775,123.34
04/2026,4,SUL,S,41,PARANA,PARANÁ,PR,410890,GUAIRACA,GUAIRAÇÁ,2,2025,DOU,6762,3,0,0,0,0,0,0,0,0,0,0,0,10500,155.27
04/2026,4,SUL,S,41,PARANA,PARANÁ,PR,410895,GUAMIRANGA,GUAMIRANGA,3,2025,DOU,7916,4,0,0,0,0,0,0,0,0,0,0,0,14000,176.85
04/2026,4,SUL,S,41,PARANA,PARANÁ,PR,410900,GUAPIRAMA,GUAPIRAMA,3,2025,DOU,4857,3,0,0,0,0,0,0,0,0,0,0,0,10500,216.18
04/2026,4,SUL,S,41,PARANA,PARANÁ,PR,410910,GUAPOREMA,GUAPOREMA,3,2025,DOU,2210,1,0,0,0,0,0,0,0,0,0,0,0,3500,158.37
04/2026,4,SUL,S,41,PARANA,PARANÁ,PR,410920,GUARACI,GUARACI,3,2025,DOU,4743,2,2,0,0,0,0,0,0,0,0,0,0,12250,258.27
04/2026,4,SUL,S,41,PARANA,PARANÁ,PR,410930,GUARANIACU,GUARANIAÇU,3,2025,DOU,13770,5,0,0,0,0,0,0,0,0,0,0,0,17500,127.08
04/2026,4,SUL,S,41,PARANA,PARANÁ,PR,410940,GUARAPUAVA,GUARAPUAVA,1,2025,DOU,189630,35,0,0,0,0,0,0,0,0,0,0,0,122500,64.59
04/2026,4,SUL,S,41,PARANA,PARANÁ,PR,410950,GUARAQUECABA,GUARAQUEÇABA,3,2025,DOU,7446,3,0,0,0,0,0,0,0,0,0,0,0,10500,141.01
04/2026,4,SUL,S,41,PARANA,PARANÁ,PR,410960,GUARATUBA,GUARATUBA,2,2025,DOU,44913,14,0,0,0,0,0,0,0,0,0,0,0,49000,109.09
04/2026,4,SUL,S,41,PARANA,PARANÁ,PR,410965,HONORIO SERPA,HONÓRIO SERPA,3,2025,DOU,4803,3,0,0,0,0,0,0,0,0,0,0,0,10500,218.61
04/2026,4,SUL,S,41,PARANA,PARANÁ,PR,410970,IBAITI,IBAITI,2,2025,DOU,29464,15,0,0,0,0,0,0,0,0,0,0,0,52500,178.18
04/2026,4,SUL,S,41,PARANA,PARANÁ,PR,410975,IBEMA,IBEMA,3,2025,DOU,6343,1,0,2,0,0,0,0,0,0,0,0,0,7000,110.35
04/2026,4,SUL,S,41,PARANA,PARANÁ,PR,410980,IBIPORA,IBIPORÃ,1,2025,DOU,53276,14,0,0,0,0,0,0,0,0,0,0,0,49000,91.97
04/2026,4,SUL,S,41,PARANA,PARANÁ,PR,410990,ICARAIMA,ICARAÍMA,3,2025,DOU,9149,4,0,0,0,0,0,0,0,0,0,0,0,14000,153.02
04/2026,4,SUL,S,41,PARANA,PARANÁ,PR,411000,IGUARACU,IGUARAÇU,1,2025,DOU,5693,1,2,0,0,0,0,0,0,0,0,0,0,8750,153.69
04/2026,4,SUL,S,41,PARANA,PARANÁ,PR,411005,IGUATU,IGUATU,3,2025,DOU,2156,1,0,0,0,0,0,0,0,0,0,0,0,3500,162.33
04/2026,4,SUL,S,41,PARANA,PARANÁ,PR,411007,IMBAU,IMBAÚ,3,2025,DOU,15068,4,0,0,0,0,0,0,0,0,0,0,0,14000,92.91
04/2026,4,SUL,S,41,PARANA,PARANÁ,PR,411010,IMBITUVA,IMBITUVA,2,2025,DOU,30849,9,1,0,0,0,0,0,0,0,0,0,0,34125,110.61
04/2026,4,SUL,S,41,PARANA,PARANÁ,PR,411020,INACIO MARTINS,INÁCIO MARTINS,3,2025,DOU,9555,4,0,1,0,0,0,0,0,0,0,0,0,15750,164.83
04/2026,4,SUL,S,41,PARANA,PARANÁ,PR,411040,INDIANOPOLIS,INDIANÓPOLIS,3,2025,DOU,4544,2,0,0,0,0,0,0,0,0,0,0,0,7000,154.04
04/2026,4,SUL,S,41,PARANA,PARANÁ,PR,411050,IPIRANGA,IPIRANGA,3,2025,DOU,14317,6,0,1,0,0,0,0,0,0,0,0,0,22750,158.9
04/2026,4,SUL,S,41,PARANA,PARANÁ,PR,411060,IPORA,IPORÃ,2,2025,DOU,16102,6,0,0,0,0,0,0,0,0,0,0,0,21000,130.41
04/2026,4,SUL,S,41,PARANA,PARANÁ,PR,411065,IRACEMA DO OESTE,IRACEMA DO OESTE,3,2025,DOU,2328,1,0,0,0,0,0,0,0,0,0,0,0,3500,150.34
04/2026,4,SUL,S,41,PARANA,PARANÁ,PR,411070,IRATI,IRATI,1,2025,DOU,61004,11,1,0,0,0,0,0,0,0,0,0,0,41125,67.41
04/2026,4,SUL,S,41,PARANA,PARANÁ,PR,411080,IRETAMA,IRETAMA,3,2025,DOU,10832,5,0,0,0,0,0,0,0,0,0,0,0,17500,161.55
04/2026,4,SUL,S,41,PARANA,PARANÁ,PR,411090,ITAGUAJE,ITAGUAJÉ,2,2025,DOU,4530,2,0,0,0,0,0,0,0,0,0,0,0,7000,154.52
04/2026,4,SUL,S,41,PARANA,PARANÁ,PR,411095,ITAIPULANDIA,ITAIPULÂNDIA,3,2025,DOU,12116,4,0,0,0,0,0,0,0,0,0,0,0,14000,115.54
04/2026,4,SUL,S,41,PARANA,PARANÁ,PR,411100,ITAMBARACA,ITAMBARACÁ,3,2025,DOU,5819,3,0,0,0,0,0,0,0,0,0,0,0,10500,180.44
04/2026,4,SUL,S,41,PARANA,PARANÁ,PR,411110,ITAMBE,ITAMBÉ,1,2025,DOU,6228,2,0,0,0,0,0,0,0,0,0,0,0,7000,112.39
04/2026,4,SUL,S,41,PARANA,PARANÁ,PR,411120,ITAPEJARA D'OESTE,ITAPEJARA D'OESTE,3,2025,DOU,12869,5,0,0,0,0,0,0,0,0,0,0,0,17500,135.98
04/2026,4,SUL,S,41,PARANA,PARANÁ,PR,411125,ITAPERUCU,ITAPERUÇU,1,2025,DOU,33310,6,1,0,0,0,0,0,0,0,0,0,0,23625,70.92
04/2026,4,SUL,S,41,PARANA,PARANÁ,PR,411130,ITAUNA DO SUL,ITAÚNA DO SUL,3,2025,DOU,3607,2,0,0,0,0,0,0,0,0,0,0,0,7000,194.06
04/2026,4,SUL,S,41,PARANA,PARANÁ,PR,411140,IVAI,IVAÍ,3,2025,DOU,13476,4,3,0,0,0,0,0,0,0,0,0,0,21875,162.32
04/2026,4,SUL,S,41,PARANA,PARANÁ,PR,411150,IVAIPORA,IVAIPORÃ,1,2025,DOU,33566,10,0,2,0,0,0,0,0,0,0,0,0,38500,114.69
04/2026,4,SUL,S,41,PARANA,PARANÁ,PR,411155,IVATE,IVATÉ,3,2025,DOU,6788,3,0,0,0,0,0,0,0,0,0,0,0,10500,154.68
04/2026,4,SUL,S,41,PARANA,PARANÁ,PR,411160,IVATUBA,IVATUBA,3,2025,DOU,2685,1,0,0,0,0,0,0,0,0,0,0,0,3500,130.35
04/2026,4,SUL,S,41,PARANA,PARANÁ,PR,411170,JABOTI,JABOTI,3,2025,DOU,5655,2,0,0,0,0,0,0,0,0,0,0,0,7000,123.78
04/2026,4,SUL,S,41,PARANA,PARANÁ,PR,411180,JACAREZINHO,JACAREZINHO,1,2025,DOU,41493,13,3,0,0,0,0,0,0,0,0,0,0,53375,128.63
04/2026,4,SUL,S,41,PARANA,PARANÁ,PR,411190,JAGUAPITA,JAGUAPITÃ,1,2025,DOU,15908,5,0,0,0,0,0,0,0,0,0,0,0,17500,110.0
04/2026,4,SUL,S,41,PARANA,PARANÁ,PR,411200,JAGUARIAIVA,JAGUARIAÍVA,1,2025,DOU,36384,4,7,0,0,0,0,0,0,0,0,0,0,32375,88.98
04/2026,4,SUL,S,41,PARANA,PARANÁ,PR,411210,JANDAIA DO SUL,JANDAIA DO SUL,1,2025,DOU,21930,6,0,0,0,0,0,0,0,0,0,0,0,21000,95.75
04/2026,4,SUL,S,41,PARANA,PARANÁ,PR,411220,JANIOPOLIS,JANIÓPOLIS,3,2025,DOU,5807,2,1,0,0,0,0,0,0,0,0,0,0,9625,165.74
04/2026,4,SUL,S,41,PARANA,PARANÁ,PR,411230,JAPIRA,JAPIRA,3,2025,DOU,5054,2,0,0,0,0,0,0,0,0,0,0,0,7000,138.5
04/2026,4,SUL,S,41,PARANA,PARANÁ,PR,411240,JAPURA,JAPURÁ,2,2025,DOU,9393,3,0,0,0,0,0,0,0,0,0,0,0,10500,111.78
04/2026,4,SUL,S,41,PARANA,PARANÁ,PR,411250,JARDIM ALEGRE,JARDIM ALEGRE,3,2025,DOU,12138,5,0,0,0,0,0,0,0,0,0,0,0,17500,144.17
04/2026,4,SUL,S,41,PARANA,PARANÁ,PR,411260,JARDIM OLINDA,JARDIM OLINDA,3,2025,DOU,1349,1,0,0,0,0,0,0,0,0,0,0,0,3500,259.45
04/2026,4,SUL,S,41,PARANA,PARANÁ,PR,411270,JATAIZINHO,JATAIZINHO,1,2025,DOU,11996,4,0,0,0,0,0,0,0,0,0,0,0,14000,116.7
04/2026,4,SUL,S,41,PARANA,PARANÁ,PR,411275,JESUITAS,JESUÍTAS,3,2025,DOU,10954,3,0,0,0,0,0,0,0,0,0,0,0,10500,95.85
04/2026,4,SUL,S,41,PARANA,PARANÁ,PR,411280,JOAQUIM TAVORA,JOAQUIM TÁVORA,2,2025,DOU,12341,4,0,0,0,0,0,0,0,0,0,0,0,14000,113.44
04/2026,4,SUL,S,41,PARANA,PARANÁ,PR,411290,JUNDIAI DO SUL,JUNDIAÍ DO SUL,3,2025,DOU,3372,2,0,0,0,0,0,0,0,0,0,0,0,7000,207.59
04/2026,4,SUL,S,41,PARANA,PARANÁ,PR,411295,JURANDA,JURANDA,3,2025,DOU,7899,4,0,0,0,0,0,0,0,0,0,0,0,14000,177.23
04/2026,4,SUL,S,41,PARANA,PARANÁ,PR,411300,JUSSARA,JUSSARA,2,2025,DOU,6786,3,0,0,0,0,0,0,0,0,0,0,0,10500,154.73
04/2026,4,SUL,S,41,PARANA,PARANÁ,PR,411310,KALORE,KALORÉ,3,2025,DOU,4666,2,0,0,0,0,0,0,0,0,0,0,0,7000,150.02
04/2026,4,SUL,S,41,PARANA,PARANÁ,PR,411320,LAPA,LAPA,1,2025,DOU,45878,11,2,0,0,0,0,0,0,0,0,0,0,43750,95.36
04/2026,4,SUL,S,41,PARANA,PARANÁ,PR,411325,LARANJAL,LARANJAL,3,2025,DOU,5525,3,0,0,0,0,0,0,0,0,0,0,0,10500,190.04
04/2026,4,SUL,S,41,PARANA,PARANÁ,PR,411330,LARANJEIRAS DO SUL,LARANJEIRAS DO SUL,2,2025,DOU,33179,12,0,0,0,0,0,0,0,0,0,0,0,42000,126.58
04/2026,4,SUL,S,41,PARANA,PARANÁ,PR,411340,LEOPOLIS,LEÓPOLIS,3,2025,DOU,3725,2,0,0,0,0,0,0,0,0,0,0,0,7000,187.91
04/2026,4,SUL,S,41,PARANA,PARANÁ,PR,411342,LIDIANOPOLIS,LIDIANÓPOLIS,3,2025,DOU,3987,2,0,0,0,0,0,0,0,0,0,0,0,7000,175.57
04/2026,4,SUL,S,41,PARANA,PARANÁ,PR,411345,LINDOESTE,LINDOESTE,3,2025,DOU,5217,2,0,0,0,0,0,0,0,0,0,0,0,7000,134.17
04/2026,4,SUL,S,41,PARANA,PARANÁ,PR,411350,LOANDA,LOANDA,1,2025,DOU,23966,6,0,0,0,0,0,0,1,0,0,0,0,21000,87.62
04/2026,4,SUL,S,41,PARANA,PARANÁ,PR,411360,LOBATO,LOBATO,2,2025,DOU,4707,1,0,0,0,0,0,0,0,0,0,0,0,3500,74.35
04/2026,4,SUL,S,41,PARANA,PARANÁ,PR,411370,LONDRINA,LONDRINA,1,2025,DOU,581382,95,4,4,0,0,1,855,0,0,0,0,855,350855,60.34
04/2026,4,SUL,S,41,PARANA,PARANÁ,PR,411373,LUIZIANA,LUIZIANA,3,2025,DOU,6659,3,1,0,0,0,0,0,0,0,0,0,0,13125,197.1
04/2026,4,SUL,S,41,PARANA,PARANÁ,PR,411375,LUNARDELLI,LUNARDELLI,3,2025,DOU,4864,2,0,0,0,0,0,0,0,0,0,0,0,7000,143.91
04/2026,4,SUL,S,41,PARANA,PARANÁ,PR,411380,LUPIONOPOLIS,LUPIONÓPOLIS,3,2025,DOU,4929,2,0,0,0,0,0,0,0,0,0,0,0,7000,142.01
04/2026,4,SUL,S,41,PARANA,PARANÁ,PR,411390,MALLET,MALLET,3,2025,DOU,13681,6,0,0,0,0,0,0,0,0,0,0,0,21000,153.49
04/2026,4,SUL,S,41,PARANA,PARANÁ,PR,411400,MAMBORE,MAMBORÊ,3,2025,DOU,13551,4,0,0,0,0,0,0,0,0,0,0,0,14000,103.31
04/2026,4,SUL,S,41,PARANA,PARANÁ,PR,411410,MANDAGUACU,MANDAGUAÇU,1,2025,DOU,34521,5,3,1,0,0,0,0,0,0,0,0,0,27125,78.57
04/2026,4,SUL,S,41,PARANA,PARANÁ,PR,411420,MANDAGUARI,MANDAGUARI,1,2025,DOU,38313,12,0,0,0,0,0,0,0,0,0,0,0,42000,109.62
04/2026,4,SUL,S,41,PARANA,PARANÁ,PR,411430,MANDIRITUBA,MANDIRITUBA,1,2025,DOU,29104,7,0,0,0,0,0,0,0,0,0,0,0,24500,84.18
04/2026,4,SUL,S,41,PARANA,PARANÁ,PR,411435,MANFRINOPOLIS,MANFRINÓPOLIS,3,2025,DOU,2790,2,0,0,0,0,0,0,0,0,0,0,0,7000,250.89
04/2026,4,SUL,S,41,PARANA,PARANÁ,PR,411440,MANGUEIRINHA,MANGUEIRINHA,3,2025,DOU,16737,8,0,0,0,0,0,0,0,0,0,0,0,28000,167.29
04/2026,4,SUL,S,41,PARANA,PARANÁ,PR,411450,MANOEL RIBAS,MANOEL RIBAS,3,2025,DOU,14675,6,0,0,0,0,0,0,0,0,0,0,0,21000,143.1
04/2026,4,SUL,S,41,PARANA,PARANÁ,PR,411460,MARECHAL CANDIDO RONDON,MARECHAL CÂNDIDO RONDON,1,2025,DOU,58734,15,3,2,0,0,0,0,0,0,0,0,0,63875,108.75
04/2026,4,SUL,S,41,PARANA,PARANÁ,PR,411470,MARIA HELENA,MARIA HELENA,1,2025,DOU,5926,2,0,0,0,0,0,0,0,0,0,0,0,7000,118.12
04/2026,4,SUL,S,41,PARANA,PARANÁ,PR,411480,MARIALVA,MARIALVA,1,2025,DOU,44749,11,0,0,0,0,0,0,0,0,0,0,0,38500,86.03
04/2026,4,SUL,S,41,PARANA,PARANÁ,PR,411490,MARILANDIA DO SUL,MARILÂNDIA DO SUL,3,2025,DOU,8761,4,0,0,0,0,0,0,0,0,0,0,0,14000,159.79
04/2026,4,SUL,S,41,PARANA,PARANÁ,PR,411500,MARILENA,MARILENA,2,2025,DOU,7450,3,0,0,0,0,0,0,0,0,0,0,0,10500,140.93
04/2026,4,SUL,S,41,PARANA,PARANÁ,PR,411510,MARILUZ,MARILUZ,2,2025,DOU,9910,4,0,0,0,0,0,0,0,0,0,0,0,14000,141.27
04/2026,4,SUL,S,41,PARANA,PARANÁ,PR,411520,MARINGA,MARINGÁ,1,2025,DOU,429660,101,3,11,0,0,1,716,2,54,0,0,770,381395,88.76
04/2026,4,SUL,S,41,PARANA,PARANÁ,PR,411530,MARIOPOLIS,MARIÓPOLIS,3,2025,DOU,6506,2,0,0,0,0,0,0,0,0,0,0,0,7000,107.59
04/2026,4,SUL,S,41,PARANA,PARANÁ,PR,411535,MARIPA,MARIPÁ,3,2025,DOU,6824,2,0,1,0,0,0,0,0,0,0,0,0,8750,128.22
04/2026,4,SUL,S,41,PARANA,PARANÁ,PR,411540,MARMELEIRO,MARMELEIRO,3,2025,DOU,16605,7,0,2,0,0,0,0,0,0,0,0,0,28000,168.62
04/2026,4,SUL,S,41,PARANA,PARANÁ,PR,411545,MARQUINHO,MARQUINHO,3,2025,DOU,4491,2,0,0,0,0,0,0,0,0,0,0,0,7000,155.86
04/2026,4,SUL,S,41,PARANA,PARANÁ,PR,411550,MARUMBI,MARUMBI,3,2025,DOU,4780,2,0,0,0,0,0,0,0,0,0,0,0,7000,146.44
04/2026,4,SUL,S,41,PARANA,PARANÁ,PR,411560,MATELANDIA,MATELÂNDIA,3,2025,DOU,19223,8,0,0,0,0,0,0,0,0,0,0,0,28000,145.65
04/2026,4,SUL,S,41,PARANA,PARANÁ,PR,411570,MATINHOS,MATINHOS,1,2025,DOU,42063,9,0,0,0,0,0,0,0,0,0,0,0,31500,74.88
04/2026,4,SUL,S,41,PARANA,PARANÁ,PR,411573,MATO RICO,MATO RICO,3,2025,DOU,3249,1,0,0,0,0,0,0,0,0,0,0,0,3500,107.72
04/2026,4,SUL,S,41,PARANA,PARANÁ,PR,411575,MAUA DA SERRA,MAUÁ DA SERRA,2,2025,DOU,9689,3,0,0,0,0,0,0,0,0,0,0,0,10500,108.37
04/2026,4,SUL,S,41,PARANA,PARANÁ,PR,411580,MEDIANEIRA,MEDIANEIRA,1,2025,DOU,57910,10,5,1,0,0,0,0,1,27,0,0,27,49902,86.17
04/2026,4,SUL,S,41,PARANA,PARANÁ,PR,411585,MERCEDES,MERCEDES,3,2025,DOU,6194,2,0,1,0,0,0,0,0,0,0,0,0,8750,141.26
04/2026,4,SUL,S,41,PARANA,PARANÁ,PR,411590,MIRADOR,MIRADOR,3,2025,DOU,2248,1,0,0,0,0,0,0,0,0,0,0,0,3500,155.69
04/2026,4,SUL,S,41,PARANA,PARANÁ,PR,411600,MIRASELVA,MIRASELVA,3,2025,DOU,2017,1,0,0,0,0,0,0,0,0,0,0,0,3500,173.52
04/2026,4,SUL,S,41,PARANA,PARANÁ,PR,411605,MISSAL,MISSAL,3,2025,DOU,11423,5,0,0,0,0,0,0,0,0,0,0,0,17500,153.19
04/2026,4,SUL,S,41,PARANA,PARANÁ,PR,411610,MOREIRA SALES,MOREIRA SALES,3,2025,DOU,9949,3,1,0,0,0,0,0,0,0,0,0,0,13125,131.92
04/2026,4,SUL,S,41,PARANA,PARANÁ,PR,411620,MORRETES,MORRETES,3,2025,DOU,19089,8,0,0,0,0,0,0,0,0,0,0,0,28000,146.68
04/2026,4,SUL,S,41,PARANA,PARANÁ,PR,411630,MUNHOZ DE MELO,MUNHOZ DE MELO,3,2025,DOU,4057,1,1,0,0,0,0,0,0,0,0,0,0,6125,150.97
04/2026,4,SUL,S,41,PARANA,PARANÁ,PR,411640,NOSSA SENHORA DAS GRACAS,NOSSA SENHORA DAS GRAÇAS,3,2025,DOU,3669,1,0,1,0,0,0,0,0,0,0,0,0,5250,143.09
04/2026,4,SUL,S,41,PARANA,PARANÁ,PR,411650,NOVA ALIANCA DO IVAI,NOVA ALIANÇA DO IVAÍ,3,2025,DOU,1322,1,0,0,0,0,0,0,0,0,0,0,0,3500,264.75
04/2026,4,SUL,S,41,PARANA,PARANÁ,PR,411660,NOVA AMERICA DA COLINA,NOVA AMÉRICA DA COLINA,3,2025,DOU,3286,2,0,0,0,0,0,0,0,0,0,0,0,7000,213.02
04/2026,4,SUL,S,41,PARANA,PARANÁ,PR,411670,NOVA AURORA,NOVA AURORA,3,2025,DOU,14331,4,0,0,0,0,0,0,0,0,0,0,0,14000,97.69
04/2026,4,SUL,S,41,PARANA,PARANÁ,PR,411680,NOVA CANTU,NOVA CANTU,3,2025,DOU,6739,2,0,0,0,0,0,0,0,0,0,0,0,7000,103.87
04/2026,4,SUL,S,41,PARANA,PARANÁ,PR,411690,NOVA ESPERANCA,NOVA ESPERANÇA,1,2025,DOU,27142,7,0,0,0,0,0,0,1,152,0,0,152,24652,90.82
04/2026,4,SUL,S,41,PARANA,PARANÁ,PR,411695,NOVA ESPERANCA DO SUDOESTE,NOVA ESPERANÇA DO SUDOESTE,3,2025,DOU,5783,2,0,1,0,0,0,0,0,0,0,0,0,8750,151.3
04/2026,4,SUL,S,41,PARANA,PARANÁ,PR,411700,NOVA FATIMA,NOVA FÁTIMA,2,2025,DOU,7140,2,0,0,0,0,0,0,0,0,0,0,0,7000,98.03
04/2026,4,SUL,S,41,PARANA,PARANÁ,PR,411705,NOVA LARANJEIRAS,NOVA LARANJEIRAS,3,2025,DOU,12298,5,0,0,0,0,0,0,0,0,0,0,0,17500,142.29
04/2026,4,SUL,S,41,PARANA,PARANÁ,PR,411710,NOVA LONDRINA,NOVA LONDRINA,1,2025,DOU,13074,5,0,0,0,0,0,0,0,0,0,0,0,17500,133.85
04/2026,4,SUL,S,41,PARANA,PARANÁ,PR,411720,NOVA OLIMPIA,NOVA OLÍMPIA,3,2025,DOU,5982,2,0,0,0,0,0,0,0,0,0,0,0,7000,117.01
04/2026,4,SUL,S,41,PARANA,PARANÁ,PR,411725,NOVA PRATA DO IGUACU,NOVA PRATA DO IGUAÇU,3,2025,DOU,13340,4,0,0,0,0,0,0,0,0,0,0,0,14000,104.94
04/2026,4,SUL,S,41,PARANA,PARANÁ,PR,411721,NOVA SANTA BARBARA,NOVA SANTA BÁRBARA,3,2025,DOU,4308,2,0,0,0,0,0,0,0,0,0,0,0,7000,162.48
04/2026,4,SUL,S,41,PARANA,PARANÁ,PR,411722,NOVA SANTA ROSA,NOVA SANTA ROSA,3,2025,DOU,8581,3,1,0,0,0,0,0,0,0,0,0,0,13125,152.95
04/2026,4,SUL,S,41,PARANA,PARANÁ,PR,411727,NOVA TEBAS,NOVA TEBAS,3,2025,DOU,6852,4,0,0,0,0,0,0,0,0,0,0,0,14000,204.31
04/2026,4,SUL,S,41,PARANA,PARANÁ,PR,411729,NOVO ITACOLOMI,NOVO ITACOLOMI,3,2025,DOU,3227,1,0,0,0,0,0,0,0,0,0,0,0,3500,108.45
04/2026,4,SUL,S,41,PARANA,PARANÁ,PR,411730,ORTIGUEIRA,ORTIGUEIRA,3,2025,DOU,24706,10,0,0,0,0,0,0,0,0,0,0,0,35000,141.66
04/2026,4,SUL,S,41,PARANA,PARANÁ,PR,411740,OURIZONA,OURIZONA,1,2025,DOU,3193,1,0,0,0,0,0,0,0,0,0,0,0,3500,109.61
04/2026,4,SUL,S,41,PARANA,PARANÁ,PR,411745,OURO VERDE DO OESTE,OURO VERDE DO OESTE,1,2025,DOU,7102,2,0,0,0,0,0,0,0,0,0,0,0,7000,98.56
04/2026,4,SUL,S,41,PARANA,PARANÁ,PR,411750,PAICANDU,PAIÇANDU,1,2025,DOU,48695,9,1,0,0,0,0,0,0,0,0,0,0,34125,70.07
04/2026,4,SUL,S,41,PARANA,PARANÁ,PR,411760,PALMAS,PALMAS,1,2025,DOU,50238,13,1,0,0,0,0,0,0,0,0,0,0,48125,95.79
04/2026,4,SUL,S,41,PARANA,PARANÁ,PR,411770,PALMEIRA,PALMEIRA,2,2025,DOU,34948,15,0,0,0,0,0,0,0,0,0,0,0,52500,150.22
04/2026,4,SUL,S,41,PARANA,PARANÁ,PR,411780,PALMITAL,PALMITAL,3,2025,DOU,12879,5,0,0,0,0,0,0,0,0,0,0,0,17500,135.88
04/2026,4,SUL,S,41,PARANA,PARANÁ,PR,411790,PALOTINA,PALOTINA,1,2025,DOU,37039,11,1,0,0,0,0,0,0,0,0,0,0,41125,111.03
04/2026,4,SUL,S,41,PARANA,PARANÁ,PR,411800,PARAISO DO NORTE,PARAÍSO DO NORTE,2,2025,DOU,13728,6,0,0,0,0,0,0,0,0,0,0,0,21000,152.97
04/2026,4,SUL,S,41,PARANA,PARANÁ,PR,411810,PARANACITY,PARANACITY,1,2025,DOU,9549,4,0,0,0,0,0,0,0,0,0,0,0,14000,146.61
04/2026,4,SUL,S,41,PARANA,PARANÁ,PR,411820,PARANAGUA,PARANAGUÁ,1,2025,DOU,150104,36,1,0,0,0,0,0,1,3,0,0,3,128628,85.69
04/2026,4,SUL,S,41,PARANA,PARANÁ,PR,411830,PARANAPOEMA,PARANAPOEMA,3,2025,DOU,2352,1,0,0,0,0,0,0,0,0,0,0,0,3500,148.8
04/2026,4,SUL,S,41,PARANA,PARANÁ,PR,411840,PARANAVAI,PARANAVAÍ,1,2025,DOU,96209,24,0,0,0,0,0,0,1,333,0,0,333,84333,87.65
04/2026,4,SUL,S,41,PARANA,PARANÁ,PR,411845,PATO BRAGADO,PATO BRAGADO,3,2025,DOU,6004,1,1,2,0,0,0,0,0,0,0,0,0,9625,160.3
04/2026,4,SUL,S,41,PARANA,PARANÁ,PR,411850,PATO BRANCO,PATO BRANCO,1,2025,DOU,97821,25,0,0,0,0,0,0,1,193,0,0,193,87693,89.64
04/2026,4,SUL,S,41,PARANA,PARANÁ,PR,411860,PAULA FREITAS,PAULA FREITAS,3,2025,DOU,5706,2,1,1,0,0,0,0,0,0,0,0,0,11375,199.35
04/2026,4,SUL,S,41,PARANA,PARANÁ,PR,411870,PAULO FRONTIN,PAULO FRONTIN,3,2025,DOU,6414,2,1,0,0,0,0,0,0,0,0,0,0,9625,150.06
04/2026,4,SUL,S,41,PARANA,PARANÁ,PR,411880,PEABIRU,PEABIRU,1,2025,DOU,13494,4,2,0,0,0,0,0,0,0,0,0,0,19250,142.65
04/2026,4,SUL,S,41,PARANA,PARANÁ,PR,411885,PEROBAL,PEROBAL,3,2025,DOU,7599,4,0,0,0,0,0,0,0,0,0,0,0,14000,184.23
04/2026,4,SUL,S,41,PARANA,PARANÁ,PR,411890,PEROLA,PÉROLA,2,2025,DOU,12389,3,0,0,0,0,0,0,0,0,0,0,0,10500,84.75
04/2026,4,SUL,S,41,PARANA,PARANÁ,PR,411900,PEROLA D'OESTE,PÉROLA D'OESTE,3,2025,DOU,6218,3,0,0,0,0,0,0,0,0,0,0,0,10500,168.86
04/2026,4,SUL,S,41,PARANA,PARANÁ,PR,411910,PIEN,PIÊN,3,2025,DOU,14409,6,2,0,0,0,0,0,0,0,0,0,0,26250,182.17
04/2026,4,SUL,S,41,PARANA,PARANÁ,PR,411915,PINHAIS,PINHAIS,1,2025,DOU,131255,31,1,1,0,0,0,0,1,0,0,0,0,112875,85.99
04/2026,4,SUL,S,41,PARANA,PARANÁ,PR,411925,PINHAL DE SAO BENTO,PINHAL DE SÃO BENTO,3,2025,DOU,2805,1,0,0,0,0,0,0,0,0,0,0,0,3500,124.77
04/2026,4,SUL,S,41,PARANA,PARANÁ,PR,411920,PINHALAO,PINHALÃO,3,2025,DOU,6676,3,0,0,0,0,0,0,0,0,0,0,0,10500,157.27
04/2026,4,SUL,S,41,PARANA,PARANÁ,PR,411930,PINHAO,PINHÃO,2,2025,DOU,30451,11,0,0,0,0,0,0,0,0,0,0,0,38500,126.43
04/2026,4,SUL,S,41,PARANA,PARANÁ,PR,411940,PIRAI DO SUL,PIRAÍ DO SUL,2,2025,DOU,23977,10,0,0,0,0,0,0,0,0,0,0,0,35000,145.97
04/2026,4,SUL,S,41,PARANA,PARANÁ,PR,411950,PIRAQUARA,PIRAQUARA,1,2025,DOU,127433,30,0,0,0,0,0,0,0,0,0,0,0,105000,82.39
04/2026,4,SUL,S,41,PARANA,PARANÁ,PR,411960,PITANGA,PITANGA,2,2025,DOU,34527,10,2,0,0,0,0,0,0,0,0,0,0,40250,116.57
04/2026,4,SUL,S,41,PARANA,PARANÁ,PR,411965,PITANGUEIRAS,PITANGUEIRAS,3,2025,DOU,3141,1,0,0,0,0,0,0,0,0,0,0,0,3500,111.42
04/2026,4,SUL,S,41,PARANA,PARANÁ,PR,411970,PLANALTINA DO PARANA,PLANALTINA DO PARANÁ,3,2025,DOU,4125,1,1,0,0,0,0,0,0,0,0,0,0,6125,148.48
04/2026,4,SUL,S,41,PARANA,PARANÁ,PR,411980,PLANALTO,PLANALTO,3,2025,DOU,14722,6,0,0,0,0,0,0,0,0,0,0,0,21000,142.64
04/2026,4,SUL,S,41,PARANA,PARANÁ,PR,411990,PONTA GROSSA,PONTA GROSSA,1,2025,DOU,375632,84,3,1,0,0,1,291,1,1281,0,0,1572,305197,81.24
04/2026,4,SUL,S,41,PARANA,PARANÁ,PR,411995,PONTAL DO PARANA,PONTAL DO PARANÁ,1,2025,DOU,33131,12,0,0,0,0,0,0,0,0,0,0,0,42000,126.76
04/2026,4,SUL,S,41,PARANA,PARANÁ,PR,412000,PORECATU,PORECATU,1,2025,DOU,11271,4,0,0,0,0,0,0,1,22,0,0,22,14022,124.4
04/2026,4,SUL,S,41,PARANA,PARANÁ,PR,412010,PORTO AMAZONAS,PORTO AMAZONAS,3,2025,DOU,4072,1,1,0,0,0,0,0,0,0,0,0,0,6125,150.41
04/2026,4,SUL,S,41,PARANA,PARANÁ,PR,412015,PORTO BARREIRO,PORTO BARREIRO,3,2025,DOU,3057,2,0,0,0,0,0,0,0,0,0,0,0,7000,228.98
04/2026,4,SUL,S,41,PARANA,PARANÁ,PR,412020,PORTO RICO,PORTO RICO,3,2025,DOU,3370,1,0,0,0,0,0,0,0,0,0,0,0,3500,103.85
04/2026,4,SUL,S,41,PARANA,PARANÁ,PR,412030,PORTO VITORIA,PORTO VITÓRIA,3,2025,DOU,3515,1,0,0,0,0,0,0,0,0,0,0,0,3500,99.57
04/2026,4,SUL,S,41,PARANA,PARANÁ,PR,412033,PRADO FERREIRA,PRADO FERREIRA,3,2025,DOU,3816,1,0,0,0,0,0,0,0,0,0,0,0,3500,91.71
04/2026,4,SUL,S,41,PARANA,PARANÁ,PR,412035,PRANCHITA,PRANCHITA,2,2025,DOU,5831,3,0,0,0,0,0,0,0,0,0,0,0,10500,180.07
04/2026,4,SUL,S,41,PARANA,PARANÁ,PR,412040,PRESIDENTE CASTELO BRANCO,PRESIDENTE CASTELO BRANCO,1,2025,DOU,4304,3,0,0,0,0,0,0,0,0,0,0,0,10500,243.95
04/2026,4,SUL,S,41,PARANA,PARANÁ,PR,412050,PRIMEIRO DE MAIO,PRIMEIRO DE MAIO,2,2025,DOU,10064,4,0,0,0,0,0,0,0,0,0,0,0,14000,139.1
04/2026,4,SUL,S,41,PARANA,PARANÁ,PR,412060,PRUDENTOPOLIS,PRUDENTÓPOLIS,3,2025,DOU,50946,17,0,0,0,0,0,0,0,0,0,0,0,59500,116.79
04/2026,4,SUL,S,41,PARANA,PARANÁ,PR,412065,QUARTO CENTENARIO,QUARTO CENTENÁRIO,3,2025,DOU,4127,2,0,0,0,0,0,0,0,0,0,0,0,7000,169.61
04/2026,4,SUL,S,41,PARANA,PARANÁ,PR,412070,QUATIGUA,QUATIGUÁ,2,2025,DOU,8426,3,0,0,0,0,0,0,0,0,0,0,0,10500,124.61
04/2026,4,SUL,S,41,PARANA,PARANÁ,PR,412080,QUATRO BARRAS,QUATRO BARRAS,1,2025,DOU,25397,9,0,0,0,0,0,0,0,0,0,0,0,31500,124.03
04/2026,4,SUL,S,41,PARANA,PARANÁ,PR,412085,QUATRO PONTES,QUATRO PONTES,3,2025,DOU,4672,2,1,0,0,0,0,0,0,0,0,0,0,9625,206.01
04/2026,4,SUL,S,41,PARANA,PARANÁ,PR,412090,QUEDAS DO IGUACU,QUEDAS DO IGUAÇU,2,2025,DOU,31423,14,1,0,0,0,0,0,0,0,0,0,0,51625,164.29
04/2026,4,SUL,S,41,PARANA,PARANÁ,PR,412100,QUERENCIA DO NORTE,QUERÊNCIA DO NORTE,3,2025,DOU,10625,5,0,1,0,0,0,0,0,0,0,0,0,19250,181.17
04/2026,4,SUL,S,41,PARANA,PARANÁ,PR,412110,QUINTA DO SOL,QUINTA DO SOL,3,2025,DOU,5052,2,0,0,0,0,0,0,0,0,0,0,0,7000,138.55
04/2026,4,SUL,S,41,PARANA,PARANÁ,PR,412120,QUITANDINHA,QUITANDINHA,3,2025,DOU,18882,7,0,0,0,0,0,0,0,0,0,0,0,24500,129.75
04/2026,4,SUL,S,41,PARANA,PARANÁ,PR,412125,RAMILANDIA,RAMILÂNDIA,3,2025,DOU,4279,2,0,0,0,0,0,0,0,0,0,0,0,7000,163.58
04/2026,4,SUL,S,41,PARANA,PARANÁ,PR,412130,RANCHO ALEGRE,RANCHO ALEGRE,2,2025,DOU,3472,2,0,0,0,0,0,0,0,0,0,0,0,7000,201.61
04/2026,4,SUL,S,41,PARANA,PARANÁ,PR,412135,RANCHO ALEGRE D'OESTE,RANCHO ALEGRE D'OESTE,3,2025,DOU,2623,1,0,0,0,0,0,0,0,0,0,0,0,3500,133.43
04/2026,4,SUL,S,41,PARANA,PARANÁ,PR,412140,REALEZA,REALEZA,2,2025,DOU,20097,6,0,0,0,0,0,0,0,0,0,0,0,21000,104.49
04/2026,4,SUL,S,41,PARANA,PARANÁ,PR,412150,REBOUCAS,REBOUÇAS,3,2025,DOU,14825,5,0,0,0,0,0,0,0,0,0,0,0,17500,118.04
04/2026,4,SUL,S,41,PARANA,PARANÁ,PR,412160,RENASCENCA,RENASCENÇA,3,2025,DOU,6945,3,0,0,0,0,0,0,0,0,0,0,0,10500,151.18
04/2026,4,SUL,S,41,PARANA,PARANÁ,PR,412170,RESERVA,RESERVA,3,2025,DOU,24878,11,0,0,0,0,0,0,0,0,0,0,0,38500,154.75
04/2026,4,SUL,S,41,PARANA,PARANÁ,PR,412175,RESERVA DO IGUACU,RESERVA DO IGUAÇU,3,2025,DOU,6493,2,0,0,0,0,0,0,0,0,0,0,0,7000,107.8
04/2026,4,SUL,S,41,PARANA,PARANÁ,PR,412180,RIBEIRAO CLARO,RIBEIRÃO CLARO,3,2025,DOU,12856,2,0,2,0,0,0,0,0,0,0,0,0,10500,81.67
04/2026,4,SUL,S,41,PARANA,PARANÁ,PR,412190,RIBEIRAO DO PINHAL,RIBEIRÃO DO PINHAL,1,2025,DOU,13158,4,0,1,0,0,0,0,0,0,0,0,0,15750,119.69
04/2026,4,SUL,S,41,PARANA,PARANÁ,PR,412200,RIO AZUL,RIO AZUL,3,2025,DOU,14174,6,0,0,0,0,0,0,0,0,0,0,0,21000,148.15
04/2026,4,SUL,S,41,PARANA,PARANÁ,PR,412210,RIO BOM,RIO BOM,3,2025,DOU,3214,2,0,0,0,0,0,0,0,0,0,0,0,7000,217.79
04/2026,4,SUL,S,41,PARANA,PARANÁ,PR,412215,RIO BONITO DO IGUACU,RIO BONITO DO IGUAÇU,3,2025,DOU,14297,6,0,0,0,0,0,0,0,0,0,0,0,21000,146.88
04/2026,4,SUL,S,41,PARANA,PARANÁ,PR,412217,RIO BRANCO DO IVAI,RIO BRANCO DO IVAÍ,3,2025,DOU,3841,2,0,0,0,0,0,0,0,0,0,0,0,7000,182.24
04/2026,4,SUL,S,41,PARANA,PARANÁ,PR,412220,RIO BRANCO DO SUL,RIO BRANCO DO SUL,1,2025,DOU,40308,10,4,1,0,0,0,0,0,0,0,0,0,47250,117.22
04/2026,4,SUL,S,41,PARANA,PARANÁ,PR,412230,RIO NEGRO,RIO NEGRO,1,2025,DOU,31951,10,0,1,0,0,0,0,0,0,0,0,0,36750,115.01
04/2026,4,SUL,S,41,PARANA,PARANÁ,PR,412240,ROLANDIA,ROLÂNDIA,1,2025,DOU,75818,17,0,0,0,0,0,0,0,0,0,0,0,59500,78.47
04/2026,4,SUL,S,41,PARANA,PARANÁ,PR,412250,RONCADOR,RONCADOR,3,2025,DOU,11339,4,0,0,0,0,0,0,0,0,0,0,0,14000,123.46
04/2026,4,SUL,S,41,PARANA,PARANÁ,PR,412260,RONDON,RONDON,2,2025,DOU,9255,3,0,0,0,0,0,0,0,0,0,0,0,10500,113.45
04/2026,4,SUL,S,41,PARANA,PARANÁ,PR,412265,ROSARIO DO IVAI,ROSÁRIO DO IVAÍ,3,2025,DOU,5484,2,0,0,0,0,0,0,0,0,0,0,0,7000,127.64
04/2026,4,SUL,S,41,PARANA,PARANÁ,PR,412270,SABAUDIA,SABÁUDIA,2,2025,DOU,9511,2,1,1,0,0,0,0,0,0,0,0,0,11375,119.59
04/2026,4,SUL,S,41,PARANA,PARANÁ,PR,412280,SALGADO FILHO,SALGADO FILHO,3,2025,DOU,4090,2,0,0,0,0,0,0,0,0,0,0,0,7000,171.14
04/2026,4,SUL,S,41,PARANA,PARANÁ,PR,412290,SALTO DO ITARARE,SALTO DO ITARARÉ,3,2025,DOU,5214,2,0,0,0,0,0,0,0,0,0,0,0,7000,134.25
04/2026,4,SUL,S,41,PARANA,PARANÁ,PR,412300,SALTO DO LONTRA,SALTO DO LONTRA,3,2025,DOU,15706,5,0,0,0,0,0,0,0,0,0,0,0,17500,111.42
04/2026,4,SUL,S,41,PARANA,PARANÁ,PR,412310,SANTA AMELIA,SANTA AMÉLIA,3,2025,DOU,3358,1,0,0,0,0,0,0,0,0,0,0,0,3500,104.22
04/2026,4,SUL,S,41,PARANA,PARANÁ,PR,412320,SANTA CECILIA DO PAVAO,SANTA CECÍLIA DO PAVÃO,3,2025,DOU,3357,2,0,0,0,0,0,0,0,0,0,0,0,7000,208.51
04/2026,4,SUL,S,41,PARANA,PARANÁ,PR,412330,SANTA CRUZ DE MONTE CASTELO,SANTA CRUZ DE MONTE CASTELO,3,2025,DOU,8840,3,0,0,0,0,0,0,0,0,0,0,0,10500,118.77
04/2026,4,SUL,S,41,PARANA,PARANÁ,PR,412340,SANTA FE,SANTA FÉ,2,2025,DOU,11730,2,4,0,0,0,0,0,0,0,0,0,0,17500,149.19
04/2026,4,SUL,S,41,PARANA,PARANÁ,PR,412350,SANTA HELENA,SANTA HELENA,3,2025,DOU,26461,6,2,1,0,0,0,0,0,0,0,0,0,28000,105.81
04/2026,4,SUL,S,41,PARANA,PARANÁ,PR,412360,SANTA INES,SANTA INÊS,3,2025,DOU,1745,1,0,0,0,0,0,0,0,0,0,0,0,3500,200.57
04/2026,4,SUL,S,41,PARANA,PARANÁ,PR,412370,SANTA ISABEL DO IVAI,SANTA ISABEL DO IVAÍ,3,2025,DOU,9043,4,0,0,0,0,0,0,0,0,0,0,0,14000,154.81
04/2026,4,SUL,S,41,PARANA,PARANÁ,PR,412380,SANTA IZABEL DO OESTE,SANTA IZABEL DO OESTE,3,2025,DOU,14462,5,0,1,0,0,0,0,0,0,0,0,0,19250,133.1
04/2026,4,SUL,S,41,PARANA,PARANÁ,PR,412382,SANTA LUCIA,SANTA LÚCIA,3,2025,DOU,3638,2,0,0,0,0,0,0,0,0,0,0,0,7000,192.41
04/2026,4,SUL,S,41,PARANA,PARANÁ,PR,412385,SANTA MARIA DO OESTE,SANTA MARIA DO OESTE,3,2025,DOU,9869,4,0,0,0,0,0,0,0,0,0,0,0,14000,141.85
04/2026,4,SUL,S,41,PARANA,PARANÁ,PR,412390,SANTA MARIANA,SANTA MARIANA,3,2025,DOU,10941,5,0,0,0,0,0,0,0,0,0,0,0,17500,159.94
04/2026,4,SUL,S,41,PARANA,PARANÁ,PR,412395,SANTA MONICA,SANTA MÔNICA,3,2025,DOU,3361,2,0,0,0,0,0,0,0,0,0,0,0,7000,208.27
04/2026,4,SUL,S,41,PARANA,PARANÁ,PR,412402,SANTA TEREZA DO OESTE,SANTA TEREZA DO OESTE,1,2025,DOU,13938,4,2,0,0,0,0,0,0,0,0,0,0,19250,138.11
04/2026,4,SUL,S,41,PARANA,PARANÁ,PR,412405,SANTA TEREZINHA DE ITAIPU,SANTA TEREZINHA DE ITAIPU,1,2025,DOU,25300,8,0,0,0,0,0,0,0,0,0,0,0,28000,110.67
04/2026,4,SUL,S,41,PARANA,PARANÁ,PR,412400,SANTANA DO ITARARE,SANTANA DO ITARARÉ,3,2025,DOU,5646,2,0,0,0,0,0,0,0,0,0,0,0,7000,123.98
04/2026,4,SUL,S,41,PARANA,PARANÁ,PR,412410,SANTO ANTONIO DA PLATINA,SANTO ANTÔNIO DA PLATINA,1,2025,DOU,45628,14,0,0,0,0,0,0,1,0,0,0,0,49000,107.39
04/2026,4,SUL,S,41,PARANA,PARANÁ,PR,412420,SANTO ANTONIO DO CAIUA,SANTO ANTÔNIO DO CAIUÁ,3,2025,DOU,2474,1,0,0,0,0,0,0,0,0,0,0,0,3500,141.47
04/2026,4,SUL,S,41,PARANA,PARANÁ,PR,412430,SANTO ANTONIO DO PARAISO,SANTO ANTÔNIO DO PARAÍSO,3,2025,DOU,2088,1,0,0,0,0,0,0,0,0,0,0,0,3500,167.62
04/2026,4,SUL,S,41,PARANA,PARANÁ,PR,412440,SANTO ANTONIO DO SUDOESTE,SANTO ANTÔNIO DO SUDOESTE,2,2025,DOU,24980,10,0,0,0,0,0,0,0,0,0,0,0,35000,140.11
04/2026,4,SUL,S,41,PARANA,PARANÁ,PR,412450,SANTO INACIO,SANTO INÁCIO,2,2025,DOU,6463,3,0,0,0,0,0,0,0,0,0,0,0,10500,162.46
04/2026,4,SUL,S,41,PARANA,PARANÁ,PR,412460,SAO CARLOS DO IVAI,SÃO CARLOS DO IVAÍ,2,2025,DOU,6727,2,0,0,0,0,0,0,0,0,0,0,0,7000,104.05
04/2026,4,SUL,S,41,PARANA,PARANÁ,PR,412470,SAO JERONIMO DA SERRA,SÃO JERÔNIMO DA SERRA,3,2025,DOU,10884,5,0,0,0,0,0,0,0,0,0,0,0,17500,160.78
04/2026,4,SUL,S,41,PARANA,PARANÁ,PR,412480,SAO JOAO,SÃO JOÃO,3,2025,DOU,12297,5,0,0,0,0,0,0,0,0,0,0,0,17500,142.31
04/2026,4,SUL,S,41,PARANA,PARANÁ,PR,412490,SAO JOAO DO CAIUA,SÃO JOÃO DO CAIUÁ,2,2025,DOU,5607,2,0,0,0,0,0,0,0,0,0,0,0,7000,124.84
04/2026,4,SUL,S,41,PARANA,PARANÁ,PR,412500,SAO JOAO DO IVAI,SÃO JOÃO DO IVAÍ,3,2025,DOU,10639,4,0,0,0,0,0,0,0,0,0,0,0,14000,131.59
04/2026,4,SUL,S,41,PARANA,PARANÁ,PR,412510,SAO JOAO DO TRIUNFO,SÃO JOÃO DO TRIUNFO,3,2025,DOU,13899,7,0,0,0,0,0,0,0,0,0,0,0,24500,176.27
04/2026,4,SUL,S,41,PARANA,PARANÁ,PR,412520,SAO JORGE D'OESTE,SÃO JORGE D'OESTE,3,2025,DOU,9587,3,0,0,0,0,0,0,0,0,0,0,0,10500,109.52
04/2026,4,SUL,S,41,PARANA,PARANÁ,PR,412530,SAO JORGE DO IVAI,SÃO JORGE DO IVAÍ,2,2025,DOU,5170,2,0,0,0,0,0,0,0,0,0,0,0,7000,135.39
04/2026,4,SUL,S,41,PARANA,PARANÁ,PR,412535,SAO JORGE DO PATROCINIO,SÃO JORGE DO PATROCÍNIO,3,2025,DOU,6690,2,0,0,0,0,0,0,0,0,0,0,0,7000,104.63
04/2026,4,SUL,S,41,PARANA,PARANÁ,PR,412540,SAO JOSE DA BOA VISTA,SÃO JOSÉ DA BOA VISTA,3,2025,DOU,6023,3,0,0,0,0,0,0,0,0,0,0,0,10500,174.33
04/2026,4,SUL,S,41,PARANA,PARANÁ,PR,412545,SAO JOSE DAS PALMEIRAS,SÃO JOSÉ DAS PALMEIRAS,3,2025,DOU,4031,1,0,0,0,0,0,0,0,0,0,0,0,3500,86.82
04/2026,4,SUL,S,41,PARANA,PARANÁ,PR,412550,SAO JOSE DOS PINHAIS,SÃO JOSÉ DOS PINHAIS,1,2025,DOU,349880,68,3,13,0,0,0,0,0,0,0,0,0,268625,76.77
04/2026,4,SUL,S,41,PARANA,PARANÁ,PR,412555,SAO MANOEL DO PARANA,SÃO MANOEL DO PARANÁ,3,2025,DOU,2176,1,0,0,0,0,0,0,0,0,0,0,0,3500,160.84
04/2026,4,SUL,S,41,PARANA,PARANÁ,PR,412560,SAO MATEUS DO SUL,SÃO MATEUS DO SUL,2,2025,DOU,43490,12,1,0,0,0,0,0,0,0,0,0,0,44625,102.6
04/2026,4,SUL,S,41,PARANA,PARANÁ,PR,412570,SAO MIGUEL DO IGUACU,SÃO MIGUEL DO IGUAÇU,2,2025,DOU,30416,11,0,0,0,0,0,0,0,0,0,0,0,38500,126.57
04/2026,4,SUL,S,41,PARANA,PARANÁ,PR,412575,SAO PEDRO DO IGUACU,SÃO PEDRO DO IGUAÇU,3,2025,DOU,5730,1,1,0,0,0,0,0,0,0,0,0,0,6125,106.89
04/2026,4,SUL,S,41,PARANA,PARANÁ,PR,412580,SAO PEDRO DO IVAI,SÃO PEDRO DO IVAÍ,2,2025,DOU,8514,3,0,0,0,0,0,0,0,0,0,0,0,10500,123.32
04/2026,4,SUL,S,41,PARANA,PARANÁ,PR,412590,SAO PEDRO DO PARANA,SÃO PEDRO DO PARANÁ,3,2025,DOU,2726,1,0,0,0,0,0,0,0,0,0,0,0,3500,128.39
04/2026,4,SUL,S,41,PARANA,PARANÁ,PR,412600,SAO SEBASTIAO DA AMOREIRA,SÃO SEBASTIÃO DA AMOREIRA,2,2025,DOU,8063,4,0,0,0,0,0,0,0,0,0,0,0,14000,173.63
04/2026,4,SUL,S,41,PARANA,PARANÁ,PR,412610,SAO TOME,SÃO TOMÉ,2,2025,DOU,5282,3,0,0,0,0,0,0,0,0,0,0,0,10500,198.78
04/2026,4,SUL,S,41,PARANA,PARANÁ,PR,412620,SAPOPEMA,SAPOPEMA,3,2025,DOU,6778,3,0,0,0,0,0,0,0,0,0,0,0,10500,154.91
04/2026,4,SUL,S,41,PARANA,PARANÁ,PR,412625,SARANDI,SARANDI,1,2025,DOU,128106,19,4,0,0,0,0,0,0,0,0,0,0,77000,60.1
04/2026,4,SUL,S,41,PARANA,PARANÁ,PR,412630,SENGES,SENGÉS,2,2025,DOU,17256,6,0,0,0,0,0,0,0,0,0,0,0,21000,121.69
04/2026,4,SUL,S,41,PARANA,PARANÁ,PR,412635,SERRANOPOLIS DO IGUACU,SERRANÓPOLIS DO IGUAÇU,3,2025,DOU,5161,2,0,0,0,0,0,0,0,0,0,0,0,7000,135.63
04/2026,4,SUL,S,41,PARANA,PARANÁ,PR,412640,SERTANEJA,SERTANEJA,2,2025,DOU,5654,4,0,0,0,0,0,0,0,0,0,0,0,14000,247.61
04/2026,4,SUL,S,41,PARANA,PARANÁ,PR,412650,SERTANOPOLIS,SERTANÓPOLIS,1,2025,DOU,16210,5,0,0,0,0,0,0,0,0,0,0,0,17500,107.95
04/2026,4,SUL,S,41,PARANA,PARANÁ,PR,412660,SIQUEIRA CAMPOS,SIQUEIRA CAMPOS,2,2025,DOU,24031,7,1,0,0,0,0,0,0,0,0,0,0,27125,112.87
04/2026,4,SUL,S,41,PARANA,PARANÁ,PR,412665,SULINA,SULINA,3,2025,DOU,3498,2,0,0,0,0,0,0,0,0,0,0,0,7000,200.11
04/2026,4,SUL,S,41,PARANA,PARANÁ,PR,412667,TAMARANA,TAMARANA,3,2025,DOU,10540,4,1,0,0,0,0,0,0,0,0,0,0,16625,157.73
04/2026,4,SUL,S,41,PARANA,PARANÁ,PR,412670,TAMBOARA,TAMBOARA,3,2025,DOU,4986,2,0,0,0,0,0,0,0,0,0,0,0,7000,140.39
04/2026,4,SUL,S,41,PARANA,PARANÁ,PR,412680,TAPEJARA,TAPEJARA,1,2025,DOU,16326,5,0,0,0,0,0,0,0,0,0,0,0,17500,107.19
04/2026,4,SUL,S,41,PARANA,PARANÁ,PR,412690,TAPIRA,TAPIRA,3,2025,DOU,5807,2,0,0,0,0,0,0,0,0,0,0,0,7000,120.54
04/2026,4,SUL,S,41,PARANA,PARANÁ,PR,412700,TEIXEIRA SOARES,TEIXEIRA SOARES,3,2025,DOU,9540,4,0,0,0,0,0,0,0,0,0,0,0,14000,146.75
04/2026,4,SUL,S,41,PARANA,PARANÁ,PR,412710,TELEMACO BORBA,TELÊMACO BORBA,1,2025,DOU,77479,17,0,0,0,0,0,0,0,0,0,0,0,59500,76.79
04/2026,4,SUL,S,41,PARANA,PARANÁ,PR,412720,TERRA BOA,TERRA BOA,1,2025,DOU,18168,9,0,0,0,0,0,0,0,0,0,0,0,31500,173.38
04/2026,4,SUL,S,41,PARANA,PARANÁ,PR,412730,TERRA RICA,TERRA RICA,2,2025,DOU,14961,5,4,0,0,0,0,0,0,0,0,0,0,28000,187.15
04/2026,4,SUL,S,41,PARANA,PARANÁ,PR,412740,TERRA ROXA,TERRA ROXA,2,2025,DOU,18636,7,0,0,0,0,0,0,0,0,0,0,0,24500,131.46
04/2026,4,SUL,S,41,PARANA,PARANÁ,PR,412750,TIBAGI,TIBAGI,3,2025,DOU,20374,6,2,0,0,0,0,0,0,0,0,0,0,26250,128.84
04/2026,4,SUL,S,41,PARANA,PARANÁ,PR,412760,TIJUCAS DO SUL,TIJUCAS DO SUL,3,2025,DOU,18458,6,0,2,0,0,0,0,0,0,0,0,0,24500,132.73
04/2026,4,SUL,S,41,PARANA,PARANÁ,PR,412770,TOLEDO,TOLEDO,1,2025,DOU,160701,35,10,8,0,0,0,0,1,495,0,0,495,163245,101.58
04/2026,4,SUL,S,41,PARANA,PARANÁ,PR,412780,TOMAZINA,TOMAZINA,3,2025,DOU,8523,4,0,0,0,0,0,0,0,0,0,0,0,14000,164.26
04/2026,4,SUL,S,41,PARANA,PARANÁ,PR,412785,TRES BARRAS DO PARANA,TRÊS BARRAS DO PARANÁ,3,2025,DOU,11157,4,0,0,0,0,0,0,0,0,0,0,0,14000,125.48
04/2026,4,SUL,S,41,PARANA,PARANÁ,PR,412788,TUNAS DO PARANA,TUNAS DO PARANÁ,3,2025,DOU,6304,3,0,0,0,0,0,0,0,0,0,0,0,10500,166.56
04/2026,4,SUL,S,41,PARANA,PARANÁ,PR,412790,TUNEIRAS DO OESTE,TUNEIRAS DO OESTE,3,2025,DOU,8067,4,0,0,0,0,0,0,0,0,0,0,0,14000,173.54
04/2026,4,SUL,S,41,PARANA,PARANÁ,PR,412795,TUPASSI,TUPÃSSI,3,2025,DOU,8208,2,0,0,0,0,0,0,0,0,0,0,0,7000,85.28
04/2026,4,SUL,S,41,PARANA,PARANÁ,PR,412796,TURVO,TURVO,3,2025,DOU,14101,6,0,0,0,0,0,0,0,0,0,0,0,21000,148.92
04/2026,4,SUL,S,41,PARANA,PARANÁ,PR,412800,UBIRATA,UBIRATÃ,1,2025,DOU,25732,8,0,0,0,0,0,0,0,0,0,0,0,28000,108.81
04/2026,4,SUL,S,41,PARANA,PARANÁ,PR,412810,UMUARAMA,UMUARAMA,1,2025,DOU,123059,32,0,0,0,0,0,0,1,0,0,0,0,112000,91.01
04/2026,4,SUL,S,41,PARANA,PARANÁ,PR,412820,UNIAO DA VITORIA,UNIÃO DA VITÓRIA,1,2025,DOU,56560,14,0,1,0,0,0,0,1,165,0,0,165,50915,90.01
04/2026,4,SUL,S,41,PARANA,PARANÁ,PR,412830,UNIFLOR,UNIFLOR,3,2025,DOU,2106,1,0,0,0,0,0,0,0,0,0,0,0,3500,166.19
04/2026,4,SUL,S,41,PARANA,PARANÁ,PR,412840,URAI,URAÍ,3,2025,DOU,10308,3,0,3,0,0,0,0,0,0,0,0,0,15750,152.79
04/2026,4,SUL,S,41,PARANA,PARANÁ,PR,412853,VENTANIA,VENTANIA,3,2025,DOU,9760,5,0,0,0,0,0,0,0,0,0,0,0,17500,179.3
04/2026,4,SUL,S,41,PARANA,PARANÁ,PR,412855,VERA CRUZ DO OESTE,VERA CRUZ DO OESTE,3,2025,DOU,8178,3,1,0,0,0,0,0,0,0,0,0,0,13125,160.49
04/2026,4,SUL,S,41,PARANA,PARANÁ,PR,412860,VERE,VERÊ,3,2025,DOU,8077,3,0,0,0,0,0,0,0,0,0,0,0,10500,129.99
04/2026,4,SUL,S,41,PARANA,PARANÁ,PR,412865,VIRMOND,VIRMOND,3,2025,DOU,3828,2,0,0,0,0,0,0,0,0,0,0,0,7000,182.86
04/2026,4,SUL,S,41,PARANA,PARANÁ,PR,412870,VITORINO,VITORINO,3,2025,DOU,10549,4,0,0,0,0,0,0,0,0,0,0,0,14000,132.71
04/2026,4,SUL,S,41,PARANA,PARANÁ,PR,412850,WENCESLAU BRAZ,WENCESLAU BRAZ,1,2025,DOU,19398,9,1,0,0,0,0,0,0,0,0,0,0,34125,175.92
04/2026,4,SUL,S,41,PARANA,PARANÁ,PR,412880,XAMBRE,XAMBRÊ,3,2025,DOU,5835,2,0,0,0,0,0,0,0,0,0,0,0,7000,119.96
04/2026,3,SUDESTE,SE,33,RIO DE JANEIRO,RIO DE JANEIRO,RJ,330010,ANGRA DOS REIS,ANGRA DOS REIS,1,2025,DOU,179142,57,4,0,0,0,1,111,0,0,0,0,111,210111,117.28
04/2026,3,SUDESTE,SE,33,RIO DE JANEIRO,RIO DE JANEIRO,RJ,330015,APERIBE,APERIBÉ,2,2025,DOU,11426,5,0,1,0,0,0,0,0,0,0,0,0,19250,168.47
04/2026,3,SUDESTE,SE,33,RIO DE JANEIRO,RIO DE JANEIRO,RJ,330020,ARARUAMA,ARARUAMA,1,2025,DOU,137906,26,7,0,0,0,0,0,0,0,0,0,0,109375,79.31
04/2026,3,SUDESTE,SE,33,RIO DE JANEIRO,RIO DE JANEIRO,RJ,330022,AREAL,AREAL,1,2025,DOU,12239,5,0,0,0,0,0,0,0,0,0,0,0,17500,142.98
04/2026,3,SUDESTE,SE,33,RIO DE JANEIRO,RIO DE JANEIRO,RJ,330023,ARMACAO DOS BUZIOS,ARMAÇÃO DOS BÚZIOS,1,2025,DOU,42527,14,0,0,0,0,0,0,0,0,0,0,0,49000,115.22
04/2026,3,SUDESTE,SE,33,RIO DE JANEIRO,RIO DE JANEIRO,RJ,330025,ARRAIAL DO CABO,ARRAIAL DO CABO,1,2025,DOU,32822,8,0,0,0,0,0,0,0,0,0,0,0,28000,85.3
04/2026,3,SUDESTE,SE,33,RIO DE JANEIRO,RIO DE JANEIRO,RJ,330030,BARRA DO PIRAI,BARRA DO PIRAÍ,1,2025,DOU,98506,20,2,0,0,0,1,165,0,0,0,0,165,75415,76.55
04/2026,3,SUDESTE,SE,33,RIO DE JANEIRO,RIO DE JANEIRO,RJ,330040,BARRA MANSA,BARRA MANSA,1,2025,DOU,181679,52,2,1,0,0,1,294,0,0,0,0,294,189294,104.19
04/2026,3,SUDESTE,SE,33,RIO DE JANEIRO,RIO DE JANEIRO,RJ,330045,BELFORD ROXO,BELFORD ROXO,1,2025,DOU,518384,91,52,4,0,0,1,184,0,0,0,0,184,462184,89.15
04/2026,3,SUDESTE,SE,33,RIO DE JANEIRO,RIO DE JANEIRO,RJ,330050,BOM JARDIM,BOM JARDIM,3,2025,DOU,29758,7,0,0,0,0,0,0,0,0,0,0,0,24500,82.33
04/2026,3,SUDESTE,SE,33,RIO DE JANEIRO,RIO DE JANEIRO,RJ,330060,BOM JESUS DO ITABAPOANA,BOM JESUS DO ITABAPOANA,1,2025,DOU,37176,17,0,0,0,0,1,124,0,0,0,0,124,59624,160.38
04/2026,3,SUDESTE,SE,33,RIO DE JANEIRO,RIO DE JANEIRO,RJ,330070,CABO FRIO,CABO FRIO,1,2025,DOU,238438,36,12,0,0,0,1,374,0,0,0,0,374,157874,66.21
04/2026,3,SUDESTE,SE,33,RIO DE JANEIRO,RIO DE JANEIRO,RJ,330080,CACHOEIRAS DE MACACU,CACHOEIRAS DE MACACU,1,2025,DOU,59861,16,1,3,0,0,0,0,0,0,0,0,0,63875,106.7
04/2026,3,SUDESTE,SE,33,RIO DE JANEIRO,RIO DE JANEIRO,RJ,330090,CAMBUCI,CAMBUCI,3,2025,DOU,15069,5,1,0,0,0,0,0,0,0,0,0,0,20125,133.55
04/2026,3,SUDESTE,SE,33,RIO DE JANEIRO,RIO DE JANEIRO,RJ,330100,CAMPOS DOS GOYTACAZES,CAMPOS DOS GOYTACAZES,1,2025,DOU,519259,71,5,15,0,0,1,464,2,1035,1,1080,2579,290454,55.93
04/2026,3,SUDESTE,SE,33,RIO DE JANEIRO,RIO DE JANEIRO,RJ,330110,CANTAGALO,CANTAGALO,1,2025,DOU,19995,8,0,0,0,0,0,0,0,0,0,0,0,28000,140.03
04/2026,3,SUDESTE,SE,33,RIO DE JANEIRO,RIO DE JANEIRO,RJ,330093,CARAPEBUS,CARAPEBUS,1,2025,DOU,14329,6,0,0,0,0,0,0,0,0,0,0,0,21000,146.55
04/2026,3,SUDESTE,SE,33,RIO DE JANEIRO,RIO DE JANEIRO,RJ,330115,CARDOSO MOREIRA,CARDOSO MOREIRA,3,2025,DOU,13407,6,0,0,0,0,0,0,0,0,0,0,0,21000,156.63
04/2026,3,SUDESTE,SE,33,RIO DE JANEIRO,RIO DE JANEIRO,RJ,330120,CARMO,CARMO,1,2025,DOU,17741,7,0,0,0,0,0,0,0,0,0,0,0,24500,138.09
04/2026,3,SUDESTE,SE,33,RIO DE JANEIRO,RIO DE JANEIRO,RJ,330130,CASIMIRO DE ABREU,CASIMIRO DE ABREU,1,2025,DOU,48636,15,0,0,0,0,0,0,0,0,0,0,0,52500,107.94
04/2026,3,SUDESTE,SE,33,RIO DE JANEIRO,RIO DE JANEIRO,RJ,330095,COMENDADOR LEVY GASPARIAN,COMENDADOR LEVY GASPARIAN,1,2025,DOU,9048,4,0,0,0,0,0,0,0,0,0,0,0,14000,154.73
04/2026,3,SUDESTE,SE,33,RIO DE JANEIRO,RIO DE JANEIRO,RJ,330140,CONCEICAO DE MACABU,CONCEIÇÃO DE MACABU,1,2025,DOU,21770,8,0,0,0,0,0,0,0,0,0,0,0,28000,128.61
04/2026,3,SUDESTE,SE,33,RIO DE JANEIRO,RIO DE JANEIRO,RJ,330150,CORDEIRO,CORDEIRO,1,2025,DOU,21448,6,0,0,0,0,0,0,0,0,0,0,0,21000,97.91
04/2026,3,SUDESTE,SE,33,RIO DE JANEIRO,RIO DE JANEIRO,RJ,330160,DUAS BARRAS,DUAS BARRAS,3,2025,DOU,11355,4,0,0,0,0,0,0,0,0,0,0,0,14000,123.29
04/2026,3,SUDESTE,SE,33,RIO DE JANEIRO,RIO DE JANEIRO,RJ,330170,DUQUE DE CAXIAS,DUQUE DE CAXIAS,1,2025,DOU,866225,108,32,17,0,0,1,129,0,0,0,0,129,491879,56.78
04/2026,3,SUDESTE,SE,33,RIO DE JANEIRO,RIO DE JANEIRO,RJ,330180,ENGENHEIRO PAULO DE FRONTIN,ENGENHEIRO PAULO DE FRONTIN,2,2025,DOU,12644,6,0,0,0,0,0,0,0,0,0,0,0,21000,166.08
04/2026,3,SUDESTE,SE,33,RIO DE JANEIRO,RIO DE JANEIRO,RJ,330185,GUAPIMIRIM,GUAPIMIRIM,1,2025,DOU,54311,12,0,0,0,0,0,0,0,0,0,0,0,42000,77.33
04/2026,3,SUDESTE,SE,33,RIO DE JANEIRO,RIO DE JANEIRO,RJ,330187,IGUABA GRANDE,IGUABA GRANDE,1,2025,DOU,29616,12,0,0,0,0,0,0,0,0,0,0,0,42000,141.81
04/2026,3,SUDESTE,SE,33,RIO DE JANEIRO,RIO DE JANEIRO,RJ,330190,ITABORAI,ITABORAÍ,1,2025,DOU,240127,45,10,0,0,0,0,0,0,0,0,0,0,183750,76.52
04/2026,3,SUDESTE,SE,33,RIO DE JANEIRO,RIO DE JANEIRO,RJ,330200,ITAGUAI,ITAGUAÍ,1,2025,DOU,124021,37,0,0,0,0,0,0,0,0,0,0,0,129500,104.41
04/2026,3,SUDESTE,SE,33,RIO DE JANEIRO,RIO DE JANEIRO,RJ,330205,ITALVA,ITALVA,3,2025,DOU,14518,8,0,0,0,0,0,0,0,0,0,0,0,28000,192.86
04/2026,3,SUDESTE,SE,33,RIO DE JANEIRO,RIO DE JANEIRO,RJ,330210,ITAOCARA,ITAOCARA,2,2025,DOU,23645,8,3,0,0,0,0,0,0,0,0,0,0,35875,151.72
04/2026,3,SUDESTE,SE,33,RIO DE JANEIRO,RIO DE JANEIRO,RJ,330220,ITAPERUNA,ITAPERUNA,1,2025,DOU,107297,21,13,0,0,0,1,102,0,0,1,1043,1145,108770,101.37
04/2026,3,SUDESTE,SE,33,RIO DE JANEIRO,RIO DE JANEIRO,RJ,330225,ITATIAIA,ITATIAIA,1,2025,DOU,32713,12,0,0,0,0,0,0,0,0,0,0,0,42000,128.38
04/2026,3,SUDESTE,SE,33,RIO DE JANEIRO,RIO DE JANEIRO,RJ,330227,JAPERI,JAPERI,1,2025,DOU,102171,18,0,0,0,0,1,42,0,0,3,6353,6395,69395,67.92
04/2026,3,SUDESTE,SE,33,RIO DE JANEIRO,RIO DE JANEIRO,RJ,330230,LAJE DO MURIAE,LAJE DO MURIAÉ,3,2025,DOU,7584,4,0,0,0,0,0,0,0,0,0,0,0,14000,184.59
04/2026,3,SUDESTE,SE,33,RIO DE JANEIRO,RIO DE JANEIRO,RJ,330240,MACAE,MACAÉ,1,2025,DOU,264439,42,0,10,0,0,0,0,0,0,0,0,0,164500,62.2
04/2026,3,SUDESTE,SE,33,RIO DE JANEIRO,RIO DE JANEIRO,RJ,330245,MACUCO,MACUCO,2,2025,DOU,5602,3,0,0,0,0,0,0,0,0,0,0,0,10500,187.43
04/2026,3,SUDESTE,SE,33,RIO DE JANEIRO,RIO DE JANEIRO,RJ,330250,MAGE,MAGÉ,1,2025,DOU,244142,61,0,0,0,0,2,416,2,3269,0,0,3685,217185,88.95
04/2026,3,SUDESTE,SE,33,RIO DE JANEIRO,RIO DE JANEIRO,RJ,330260,MANGARATIBA,MANGARATIBA,1,2025,DOU,43660,14,0,0,0,0,0,0,0,0,0,0,0,49000,112.23
04/2026,3,SUDESTE,SE,33,RIO DE JANEIRO,RIO DE JANEIRO,RJ,330270,MARICA,MARICÁ,1,2025,DOU,212470,59,0,0,0,0,1,543,0,0,0,0,543,207043,97.44
04/2026,3,SUDESTE,SE,33,RIO DE JANEIRO,RIO DE JANEIRO,RJ,330280,MENDES,MENDES,2,2025,DOU,18048,9,0,0,0,0,0,0,0,0,0,0,0,31500,174.53
04/2026,3,SUDESTE,SE,33,RIO DE JANEIRO,RIO DE JANEIRO,RJ,330285,MESQUITA,MESQUITA,1,2025,DOU,178830,51,0,0,0,0,1,303,0,0,0,0,303,178803,99.98
04/2026,3,SUDESTE,SE,33,RIO DE JANEIRO,RIO DE JANEIRO,RJ,330290,MIGUEL PEREIRA,MIGUEL PEREIRA,1,2025,DOU,28142,12,0,0,0,0,0,0,0,0,0,0,0,42000,149.24
04/2026,3,SUDESTE,SE,33,RIO DE JANEIRO,RIO DE JANEIRO,RJ,330300,MIRACEMA,MIRACEMA,1,2025,DOU,28416,9,0,0,0,0,0,0,0,0,0,0,0,31500,110.85
04/2026,3,SUDESTE,SE,33,RIO DE JANEIRO,RIO DE JANEIRO,RJ,330310,NATIVIDADE,NATIVIDADE,3,2025,DOU,15551,7,0,0,0,0,0,0,0,0,0,0,0,24500,157.54
04/2026,3,SUDESTE,SE,33,RIO DE JANEIRO,RIO DE JANEIRO,RJ,330320,NILOPOLIS,NILÓPOLIS,1,2025,DOU,155500,39,0,22,0,0,0,0,0,0,0,0,0,175000,112.54
04/2026,3,SUDESTE,SE,33,RIO DE JANEIRO,RIO DE JANEIRO,RJ,330330,NITEROI,NITERÓI,1,2025,DOU,516787,112,20,5,0,0,2,837,0,0,0,0,837,454087,87.86
04/2026,3,SUDESTE,SE,33,RIO DE JANEIRO,RIO DE JANEIRO,RJ,330340,NOVA FRIBURGO,NOVA FRIBURGO,1,2025,DOU,203417,24,1,3,0,0,1,838,0,0,0,0,838,92713,45.57
04/2026,3,SUDESTE,SE,33,RIO DE JANEIRO,RIO DE JANEIRO,RJ,330350,NOVA IGUACU,NOVA IGUAÇU,1,2025,DOU,843220,120,23,0,0,0,2,821,0,0,0,0,821,481196,57.06
04/2026,3,SUDESTE,SE,33,RIO DE JANEIRO,RIO DE JANEIRO,RJ,330360,PARACAMBI,PARACAMBI,1,2025,DOU,43627,9,0,2,0,0,0,0,0,0,0,0,0,35000,80.22
04/2026,3,SUDESTE,SE,33,RIO DE JANEIRO,RIO DE JANEIRO,RJ,330370,PARAIBA DO SUL,PARAÍBA DO SUL,1,2025,DOU,44479,22,0,0,0,0,0,0,0,0,0,0,0,77000,173.11
04/2026,3,SUDESTE,SE,33,RIO DE JANEIRO,RIO DE JANEIRO,RJ,330380,PARATY,PARATY,2,2025,DOU,47668,12,0,0,0,0,0,0,0,0,0,0,0,42000,88.1
04/2026,3,SUDESTE,SE,33,RIO DE JANEIRO,RIO DE JANEIRO,RJ,330385,PATY DO ALFERES,PATY DO ALFERES,1,2025,DOU,31370,14,0,0,0,0,0,0,0,0,0,0,0,49000,156.2
04/2026,3,SUDESTE,SE,33,RIO DE JANEIRO,RIO DE JANEIRO,RJ,330390,PETROPOLIS,PETRÓPOLIS,1,2025,DOU,294926,55,8,2,0,0,1,474,0,0,0,0,474,217474,73.73
04/2026,3,SUDESTE,SE,33,RIO DE JANEIRO,RIO DE JANEIRO,RJ,330395,PINHEIRAL,PINHEIRAL,1,2025,DOU,25096,12,0,0,0,0,0,0,0,0,0,0,0,42000,167.35
04/2026,3,SUDESTE,SE,33,RIO DE JANEIRO,RIO DE JANEIRO,RJ,330400,PIRAI,PIRAÍ,2,2025,DOU,29066,13,0,0,0,0,0,0,0,0,0,0,0,45500,156.54
04/2026,3,SUDESTE,SE,33,RIO DE JANEIRO,RIO DE JANEIRO,RJ,330410,PORCIUNCULA,PORCIÚNCULA,2,2025,DOU,17832,9,0,2,0,0,0,0,0,0,0,0,0,35000,196.27
04/2026,3,SUDESTE,SE,33,RIO DE JANEIRO,RIO DE JANEIRO,RJ,330411,PORTO REAL,PORTO REAL,1,2025,DOU,21089,8,0,0,0,0,0,0,0,0,0,0,0,28000,132.77
04/2026,3,SUDESTE,SE,33,RIO DE JANEIRO,RIO DE JANEIRO,RJ,330412,QUATIS,QUATIS,1,2025,DOU,14165,5,0,0,0,0,0,0,0,0,0,0,0,17500,123.54
04/2026,3,SUDESTE,SE,33,RIO DE JANEIRO,RIO DE JANEIRO,RJ,330414,QUEIMADOS,QUEIMADOS,1,2025,DOU,149135,13,7,4,0,0,0,0,0,0,0,0,0,70875,47.52
04/2026,3,SUDESTE,SE,33,RIO DE JANEIRO,RIO DE JANEIRO,RJ,330415,QUISSAMA,QUISSAMÃ,2,2025,DOU,23142,9,0,0,0,0,0,0,0,0,0,0,0,31500,136.11
04/2026,3,SUDESTE,SE,33,RIO DE JANEIRO,RIO DE JANEIRO,RJ,330420,RESENDE,RESENDE,1,2025,DOU,137697,38,0,0,0,0,1,185,1,1181,0,0,1366,134366,97.58
04/2026,3,SUDESTE,SE,33,RIO DE JANEIRO,RIO DE JANEIRO,RJ,330430,RIO BONITO,RIO BONITO,1,2025,DOU,59126,22,0,0,0,0,0,0,0,0,0,0,0,77000,130.23
04/2026,3,SUDESTE,SE,33,RIO DE JANEIRO,RIO DE JANEIRO,RJ,330440,RIO CLARO,RIO CLARO,3,2025,DOU,17951,9,0,0,0,0,0,0,0,0,0,0,0,31500,175.47
04/2026,3,SUDESTE,SE,33,RIO DE JANEIRO,RIO DE JANEIRO,RJ,330450,RIO DAS FLORES,RIO DAS FLORES,3,2025,DOU,9267,4,0,0,0,0,0,0,0,0,0,0,0,14000,151.07
04/2026,3,SUDESTE,SE,33,RIO DE JANEIRO,RIO DE JANEIRO,RJ,330452,RIO DAS OSTRAS,RIO DAS OSTRAS,1,2025,DOU,168455,30,0,3,0,0,0,0,0,0,0,0,0,110250,65.44
04/2026,3,SUDESTE,SE,33,RIO DE JANEIRO,RIO DE JANEIRO,RJ,330455,RIO DE JANEIRO,RIO DE JANEIRO,1,2025,DOU,6730729,1377,23,28,0,0,15,21162,10,1148,22,40170,62480,4991355,74.15
04/2026,3,SUDESTE,SE,33,RIO DE JANEIRO,RIO DE JANEIRO,RJ,330460,SANTA MARIA MADALENA,SANTA MARIA MADALENA,3,2025,DOU,10580,3,0,0,0,0,0,0,0,0,0,0,0,10500,99.24
04/2026,3,SUDESTE,SE,33,RIO DE JANEIRO,RIO DE JANEIRO,RJ,330470,SANTO ANTONIO DE PADUA,SANTO ANTÔNIO DE PÁDUA,1,2025,DOU,43697,12,0,0,0,0,0,0,0,0,0,0,0,42000,96.11
04/2026,3,SUDESTE,SE,33,RIO DE JANEIRO,RIO DE JANEIRO,RJ,330480,SAO FIDELIS,SÃO FIDÉLIS,2,2025,DOU,41212,15,2,0,0,0,0,0,0,0,0,0,0,57750,140.12
04/2026,3,SUDESTE,SE,33,RIO DE JANEIRO,RIO DE JANEIRO,RJ,330475,SAO FRANCISCO DE ITABAPOANA,SÃO FRANCISCO DE ITABAPOANA,3,2025,DOU,47397,18,0,0,0,0,0,0,0,0,0,0,0,63000,132.91
04/2026,3,SUDESTE,SE,33,RIO DE JANEIRO,RIO DE JANEIRO,RJ,330490,SAO GONCALO,SÃO GONÇALO,1,2025,DOU,960196,208,8,11,0,0,1,288,0,0,4,9,297,768547,80.04
04/2026,3,SUDESTE,SE,33,RIO DE JANEIRO,RIO DE JANEIRO,RJ,330500,SAO JOAO DA BARRA,SÃO JOÃO DA BARRA,1,2025,DOU,38740,12,0,2,0,0,0,0,0,0,0,0,0,45500,117.44
04/2026,3,SUDESTE,SE,33,RIO DE JANEIRO,RIO DE JANEIRO,RJ,330510,SAO JOAO DE MERITI,SÃO JOÃO DE MERITI,1,2025,DOU,466503,87,0,0,0,0,1,349,0,0,0,0,349,304849,65.34
04/2026,3,SUDESTE,SE,33,RIO DE JANEIRO,RIO DE JANEIRO,RJ,330513,SAO JOSE DE UBA,SÃO JOSÉ DE UBÁ,3,2025,DOU,7318,4,0,0,0,0,0,0,0,0,0,0,0,14000,191.3
04/2026,3,SUDESTE,SE,33,RIO DE JANEIRO,RIO DE JANEIRO,RJ,330515,SAO JOSE DO VALE DO RIO PRETO,SÃO JOSÉ DO VALE DO RIO PRETO,3,2025,DOU,22813,8,0,0,0,0,0,0,0,0,0,0,0,28000,122.73
04/2026,3,SUDESTE,SE,33,RIO DE JANEIRO,RIO DE JANEIRO,RJ,330520,SAO PEDRO DA ALDEIA,SÃO PEDRO DA ALDEIA,1,2025,DOU,110677,16,4,3,0,0,0,0,0,0,0,0,0,71750,64.82
04/2026,3,SUDESTE,SE,33,RIO DE JANEIRO,RIO DE JANEIRO,RJ,330530,SAO SEBASTIAO DO ALTO,SÃO SEBASTIÃO DO ALTO,3,2025,DOU,7993,4,0,0,0,0,0,0,0,0,0,0,0,14000,175.15
04/2026,3,SUDESTE,SE,33,RIO DE JANEIRO,RIO DE JANEIRO,RJ,330540,SAPUCAIA,SAPUCAIA,3,2025,DOU,18291,7,0,0,0,0,0,0,0,0,0,0,0,24500,133.94
04/2026,3,SUDESTE,SE,33,RIO DE JANEIRO,RIO DE JANEIRO,RJ,330550,SAQUAREMA,SAQUAREMA,1,2025,DOU,95315,20,1,0,0,0,0,0,0,0,0,0,0,72625,76.19
04/2026,3,SUDESTE,SE,33,RIO DE JANEIRO,RIO DE JANEIRO,RJ,330555,SEROPEDICA,SEROPÉDICA,1,2025,DOU,84794,22,0,0,0,0,0,0,0,0,0,0,0,77000,90.8
04/2026,3,SUDESTE,SE,33,RIO DE JANEIRO,RIO DE JANEIRO,RJ,330560,SILVA JARDIM,SILVA JARDIM,3,2025,DOU,22028,11,0,0,0,0,0,0,0,0,0,0,0,38500,174.77
04/2026,3,SUDESTE,SE,33,RIO DE JANEIRO,RIO DE JANEIRO,RJ,330570,SUMIDOURO,SUMIDOURO,3,2025,DOU,15693,6,0,0,0,0,0,0,0,0,0,0,0,21000,133.81
04/2026,3,SUDESTE,SE,33,RIO DE JANEIRO,RIO DE JANEIRO,RJ,330575,TANGUA,TANGUÁ,1,2025,DOU,32865,13,0,0,0,0,0,0,0,0,0,0,0,45500,138.44
04/2026,3,SUDESTE,SE,33,RIO DE JANEIRO,RIO DE JANEIRO,RJ,330580,TERESOPOLIS,TERESÓPOLIS,1,2025,DOU,176735,21,8,4,0,0,1,154,0,0,0,0,154,101654,57.51
04/2026,3,SUDESTE,SE,33,RIO DE JANEIRO,RIO DE JANEIRO,RJ,330590,TRAJANO DE MORAES,TRAJANO DE MORAES,3,2025,DOU,10654,5,0,0,0,0,0,0,0,0,0,0,0,17500,164.25
04/2026,3,SUDESTE,SE,33,RIO DE JANEIRO,RIO DE JANEIRO,RJ,330600,TRES RIOS,TRÊS RIOS,1,2025,DOU,82319,29,4,0,0,0,1,109,0,0,0,0,109,112109,136.18
04/2026,3,SUDESTE,SE,33,RIO DE JANEIRO,RIO DE JANEIRO,RJ,330610,VALENCA,VALENÇA,1,2025,DOU,71449,23,0,5,0,0,0,0,0,0,0,0,0,89250,124.91
04/2026,3,SUDESTE,SE,33,RIO DE JANEIRO,RIO DE JANEIRO,RJ,330615,VARRE-SAI,VARRE-SAI,3,2025,DOU,10563,5,0,0,0,0,0,0,0,0,0,0,0,17500,165.67
04/2026,3,SUDESTE,SE,33,RIO DE JANEIRO,RIO DE JANEIRO,RJ,330620,VASSOURAS,VASSOURAS,2,2025,DOU,35907,14,0,0,0,0,0,0,0,0,0,0,0,49000,136.46
04/2026,3,SUDESTE,SE,33,RIO DE JANEIRO,RIO DE JANEIRO,RJ,330630,VOLTA REDONDA,VOLTA REDONDA,1,2025,DOU,279971,65,8,0,0,0,1,275,1,1203,0,0,1478,249978,89.28
04/2026,2,NORDESTE,NE,24,RIO GRANDE DO NORTE,RIO GRANDE DO NORTE,RN,240010,ACARI,ACARI,2,2025,DOU,10855,5,0,0,0,0,0,0,0,0,0,0,0,17500,161.21
04/2026,2,NORDESTE,NE,24,RIO GRANDE DO NORTE,RIO GRANDE DO NORTE,RN,240030,AFONSO BEZERRA,AFONSO BEZERRA,3,2025,DOU,11158,5,0,0,0,0,0,0,0,0,0,0,0,17500,156.83
04/2026,2,NORDESTE,NE,24,RIO GRANDE DO NORTE,RIO GRANDE DO NORTE,RN,240040,AGUA NOVA,ÁGUA NOVA,3,2025,DOU,3029,2,0,0,0,0,0,0,0,0,0,0,0,7000,231.09
04/2026,2,NORDESTE,NE,24,RIO GRANDE DO NORTE,RIO GRANDE DO NORTE,RN,240050,ALEXANDRIA,ALEXANDRIA,3,2025,DOU,14058,7,0,2,0,0,0,0,0,0,0,0,0,28000,199.17
04/2026,2,NORDESTE,NE,24,RIO GRANDE DO NORTE,RIO GRANDE DO NORTE,RN,240060,ALMINO AFONSO,ALMINO AFONSO,3,2025,DOU,4802,2,0,0,0,0,0,0,0,0,0,0,0,7000,145.77
04/2026,2,NORDESTE,NE,24,RIO GRANDE DO NORTE,RIO GRANDE DO NORTE,RN,240070,ALTO DO RODRIGUES,ALTO DO RODRIGUES,3,2025,DOU,12874,7,0,0,0,0,0,0,0,0,0,0,0,24500,190.3
04/2026,2,NORDESTE,NE,24,RIO GRANDE DO NORTE,RIO GRANDE DO NORTE,RN,240080,ANGICOS,ANGICOS,2,2025,DOU,11985,6,0,0,0,0,0,0,0,0,0,0,0,21000,175.21
04/2026,2,NORDESTE,NE,24,RIO GRANDE DO NORTE,RIO GRANDE DO NORTE,RN,240090,ANTONIO MARTINS,ANTÔNIO MARTINS,3,2025,DOU,6730,4,0,0,0,0,0,0,0,0,0,0,0,14000,208.02
04/2026,2,NORDESTE,NE,24,RIO GRANDE DO NORTE,RIO GRANDE DO NORTE,RN,240100,APODI,APODI,2,2025,DOU,37486,16,0,0,0,0,0,0,1,41,0,0,41,56041,149.49
04/2026,2,NORDESTE,NE,24,RIO GRANDE DO NORTE,RIO GRANDE DO NORTE,RN,240110,AREIA BRANCA,AREIA BRANCA,1,2025,DOU,24607,9,0,0,0,0,0,0,0,0,0,0,0,31500,128.01
04/2026,2,NORDESTE,NE,24,RIO GRANDE DO NORTE,RIO GRANDE DO NORTE,RN,240120,AREZ,ARÊS,3,2025,DOU,13681,6,0,0,0,0,0,0,0,0,0,0,0,21000,153.49
04/2026,2,NORDESTE,NE,24,RIO GRANDE DO NORTE,RIO GRANDE DO NORTE,RN,240020,ASSU,AÇU,1,2025,DOU,59099,19,0,1,0,0,0,0,0,0,0,0,0,68250,115.48
04/2026,2,NORDESTE,NE,24,RIO GRANDE DO NORTE,RIO GRANDE DO NORTE,RN,240140,BAIA FORMOSA,BAÍA FORMOSA,2,2025,DOU,9115,5,0,0,0,0,0,0,0,0,0,0,0,17500,191.99
04/2026,2,NORDESTE,NE,24,RIO GRANDE DO NORTE,RIO GRANDE DO NORTE,RN,240145,BARAUNA,BARAÚNA,2,2025,DOU,28415,13,0,4,0,0,0,0,0,0,0,0,0,52500,184.76
04/2026,2,NORDESTE,NE,24,RIO GRANDE DO NORTE,RIO GRANDE DO NORTE,RN,240150,BARCELONA,BARCELONA,3,2025,DOU,4108,2,0,0,0,0,0,0,0,0,0,0,0,7000,170.39
04/2026,2,NORDESTE,NE,24,RIO GRANDE DO NORTE,RIO GRANDE DO NORTE,RN,240160,BENTO FERNANDES,BENTO FERNANDES,3,2025,DOU,4911,2,0,0,0,0,0,0,0,0,0,0,0,7000,142.53
04/2026,2,NORDESTE,NE,24,RIO GRANDE DO NORTE,RIO GRANDE DO NORTE,RN,240165,BODO,BODÓ,3,2025,DOU,2360,1,0,0,0,0,0,0,0,0,0,0,0,3500,148.3
04/2026,2,NORDESTE,NE,24,RIO GRANDE DO NORTE,RIO GRANDE DO NORTE,RN,240170,BOM JESUS,BOM JESUS,2,2025,DOU,10308,5,0,0,0,0,0,0,0,0,0,0,0,17500,169.77
04/2026,2,NORDESTE,NE,24,RIO GRANDE DO NORTE,RIO GRANDE DO NORTE,RN,240180,BREJINHO,BREJINHO,2,2025,DOU,12638,6,0,0,0,0,0,0,0,0,0,0,0,21000,166.16
04/2026,2,NORDESTE,NE,24,RIO GRANDE DO NORTE,RIO GRANDE DO NORTE,RN,240185,CAICARA DO NORTE,CAIÇARA DO NORTE,2,2025,DOU,6479,3,0,0,0,0,0,0,0,0,0,0,0,10500,162.06
04/2026,2,NORDESTE,NE,24,RIO GRANDE DO NORTE,RIO GRANDE DO NORTE,RN,240190,CAICARA DO RIO DO VENTO,CAIÇARA DO RIO DO VENTO,3,2025,DOU,3360,2,0,0,0,0,0,0,0,0,0,0,0,7000,208.33
04/2026,2,NORDESTE,NE,24,RIO GRANDE DO NORTE,RIO GRANDE DO NORTE,RN,240200,CAICO,CAICÓ,1,2025,DOU,63338,28,1,0,0,0,0,0,0,0,1,726,726,101351,160.01
04/2026,2,NORDESTE,NE,24,RIO GRANDE DO NORTE,RIO GRANDE DO NORTE,RN,240130,CAMPO GRANDE,AUGUSTO SEVERO,3,2025,DOU,10071,2,0,0,0,0,0,0,0,0,0,0,0,7000,69.5
04/2026,2,NORDESTE,NE,24,RIO GRANDE DO NORTE,RIO GRANDE DO NORTE,RN,240210,CAMPO REDONDO,CAMPO REDONDO,3,2025,DOU,10510,6,0,0,0,0,0,0,0,0,0,0,0,21000,199.8
04/2026,2,NORDESTE,NE,24,RIO GRANDE DO NORTE,RIO GRANDE DO NORTE,RN,240220,CANGUARETAMA,CANGUARETAMA,1,2025,DOU,30789,17,0,0,0,0,0,0,0,0,0,0,0,59500,193.25
04/2026,2,NORDESTE,NE,24,RIO GRANDE DO NORTE,RIO GRANDE DO NORTE,RN,240230,CARAUBAS,CARAÚBAS,2,2025,DOU,20182,10,0,0,0,0,0,0,1,320,0,0,320,35320,175.0
04/2026,2,NORDESTE,NE,24,RIO GRANDE DO NORTE,RIO GRANDE DO NORTE,RN,240240,CARNAUBA DOS DANTAS,CARNAÚBA DOS DANTAS,2,2025,DOU,8296,3,0,0,0,0,0,0,0,0,0,0,0,10500,126.56
04/2026,2,NORDESTE,NE,24,RIO GRANDE DO NORTE,RIO GRANDE DO NORTE,RN,240250,CARNAUBAIS,CARNAUBAIS,3,2025,DOU,10026,5,0,0,0,0,0,0,0,0,0,0,0,17500,174.54
04/2026,2,NORDESTE,NE,24,RIO GRANDE DO NORTE,RIO GRANDE DO NORTE,RN,240260,CEARA-MIRIM,CEARÁ-MIRIM,1,2025,DOU,83543,27,0,0,0,0,0,0,0,0,1,277,277,94777,113.44
04/2026,2,NORDESTE,NE,24,RIO GRANDE DO NORTE,RIO GRANDE DO NORTE,RN,240270,CERRO CORA,CERRO CORÁ,3,2025,DOU,11334,6,0,0,0,0,0,0,0,0,0,0,0,21000,185.28
04/2026,2,NORDESTE,NE,24,RIO GRANDE DO NORTE,RIO GRANDE DO NORTE,RN,240280,CORONEL EZEQUIEL,CORONEL EZEQUIEL,3,2025,DOU,5233,3,0,0,0,0,0,0,0,0,0,0,0,10500,200.64
04/2026,2,NORDESTE,NE,24,RIO GRANDE DO NORTE,RIO GRANDE DO NORTE,RN,240290,CORONEL JOAO PESSOA,CORONEL JOÃO PESSOA,3,2025,DOU,4297,2,0,0,0,0,0,0,0,0,0,0,0,7000,162.9
04/2026,2,NORDESTE,NE,24,RIO GRANDE DO NORTE,RIO GRANDE DO NORTE,RN,240300,CRUZETA,CRUZETA,2,2025,DOU,8245,3,0,0,0,0,0,0,0,0,0,0,0,10500,127.34
04/2026,2,NORDESTE,NE,24,RIO GRANDE DO NORTE,RIO GRANDE DO NORTE,RN,240310,CURRAIS NOVOS,CURRAIS NOVOS,1,2025,DOU,42922,19,0,0,0,0,0,0,0,0,0,0,0,66500,154.93
04/2026,2,NORDESTE,NE,24,RIO GRANDE DO NORTE,RIO GRANDE DO NORTE,RN,240320,DOUTOR SEVERIANO,DOUTOR SEVERIANO,3,2025,DOU,7262,4,0,0,0,0,0,0,0,0,0,0,0,14000,192.78
04/2026,2,NORDESTE,NE,24,RIO GRANDE DO NORTE,RIO GRANDE DO NORTE,RN,240330,ENCANTO,ENCANTO,3,2025,DOU,6289,3,0,0,0,0,0,0,0,0,0,0,0,10500,166.95
04/2026,2,NORDESTE,NE,24,RIO GRANDE DO NORTE,RIO GRANDE DO NORTE,RN,240340,EQUADOR,EQUADOR,2,2025,DOU,5461,3,0,0,0,0,0,0,0,0,0,0,0,10500,192.27
04/2026,2,NORDESTE,NE,24,RIO GRANDE DO NORTE,RIO GRANDE DO NORTE,RN,240350,ESPIRITO SANTO,ESPÍRITO SANTO,3,2025,DOU,10951,5,0,0,0,0,0,0,0,0,0,0,0,17500,159.8
04/2026,2,NORDESTE,NE,24,RIO GRANDE DO NORTE,RIO GRANDE DO NORTE,RN,240360,EXTREMOZ,EXTREMOZ,1,2025,DOU,68584,14,0,0,0,0,0,0,0,0,0,0,0,49000,71.44
04/2026,2,NORDESTE,NE,24,RIO GRANDE DO NORTE,RIO GRANDE DO NORTE,RN,240370,FELIPE GUERRA,FELIPE GUERRA,3,2025,DOU,6472,3,0,0,0,0,0,0,0,0,0,0,0,10500,162.23
04/2026,2,NORDESTE,NE,24,RIO GRANDE DO NORTE,RIO GRANDE DO NORTE,RN,240375,FERNANDO PEDROZA,FERNANDO PEDROZA,3,2025,DOU,3035,2,0,0,0,0,0,0,0,0,0,0,0,7000,230.64
04/2026,2,NORDESTE,NE,24,RIO GRANDE DO NORTE,RIO GRANDE DO NORTE,RN,240380,FLORANIA,FLORÂNIA,3,2025,DOU,10556,4,0,0,0,0,0,0,0,0,0,0,0,14000,132.62
04/2026,2,NORDESTE,NE,24,RIO GRANDE DO NORTE,RIO GRANDE DO NORTE,RN,240390,FRANCISCO DANTAS,FRANCISCO DANTAS,3,2025,DOU,2758,1,0,0,0,0,0,0,0,0,0,0,0,3500,126.9
04/2026,2,NORDESTE,NE,24,RIO GRANDE DO NORTE,RIO GRANDE DO NORTE,RN,240400,FRUTUOSO GOMES,FRUTUOSO GOMES,3,2025,DOU,4230,2,0,0,0,0,0,0,0,0,0,0,0,7000,165.48
04/2026,2,NORDESTE,NE,24,RIO GRANDE DO NORTE,RIO GRANDE DO NORTE,RN,240410,GALINHOS,GALINHOS,3,2025,DOU,2159,1,0,0,0,0,0,0,0,0,0,0,0,3500,162.11
04/2026,2,NORDESTE,NE,24,RIO GRANDE DO NORTE,RIO GRANDE DO NORTE,RN,240420,GOIANINHA,GOIANINHA,1,2025,DOU,28422,14,0,0,0,0,0,0,0,0,0,0,0,49000,172.4
04/2026,2,NORDESTE,NE,24,RIO GRANDE DO NORTE,RIO GRANDE DO NORTE,RN,240430,GOVERNADOR DIX-SEPT ROSADO,GOVERNADOR DIX-SEPT ROSADO,3,2025,DOU,12231,5,0,0,0,0,0,0,0,0,0,0,0,17500,143.07
04/2026,2,NORDESTE,NE,24,RIO GRANDE DO NORTE,RIO GRANDE DO NORTE,RN,240440,GROSSOS,GROSSOS,3,2025,DOU,10281,5,0,0,0,0,0,0,0,0,0,0,0,17500,170.21
04/2026,2,NORDESTE,NE,24,RIO GRANDE DO NORTE,RIO GRANDE DO NORTE,RN,240450,GUAMARE,GUAMARÉ,3,2025,DOU,16076,8,0,0,0,0,0,0,0,0,0,0,0,28000,174.17
04/2026,2,NORDESTE,NE,24,RIO GRANDE DO NORTE,RIO GRANDE DO NORTE,RN,240460,IELMO MARINHO,IELMO MARINHO,3,2025,DOU,11889,7,0,0,0,0,0,0,0,0,0,0,0,24500,206.07
04/2026,2,NORDESTE,NE,24,RIO GRANDE DO NORTE,RIO GRANDE DO NORTE,RN,240470,IPANGUACU,IPANGUAÇU,3,2025,DOU,14560,8,0,0,0,0,0,0,0,0,0,0,0,28000,192.3
04/2026,2,NORDESTE,NE,24,RIO GRANDE DO NORTE,RIO GRANDE DO NORTE,RN,240480,IPUEIRA,IPUEIRA,3,2025,DOU,2090,1,0,0,0,0,0,0,0,0,0,0,0,3500,167.46
04/2026,2,NORDESTE,NE,24,RIO GRANDE DO NORTE,RIO GRANDE DO NORTE,RN,240485,ITAJA,ITAJÁ,2,2025,DOU,7551,4,0,0,0,0,0,0,0,0,0,0,0,14000,185.4
04/2026,2,NORDESTE,NE,24,RIO GRANDE DO NORTE,RIO GRANDE DO NORTE,RN,240490,ITAU,ITAÚ,2,2025,DOU,5447,3,0,0,0,0,0,0,0,0,0,0,0,10500,192.76
04/2026,2,NORDESTE,NE,24,RIO GRANDE DO NORTE,RIO GRANDE DO NORTE,RN,240500,JACANA,JAÇANÃ,2,2025,DOU,8053,4,0,0,0,0,0,0,0,0,0,0,0,14000,173.84
04/2026,2,NORDESTE,NE,24,RIO GRANDE DO NORTE,RIO GRANDE DO NORTE,RN,240510,JANDAIRA,JANDAÍRA,3,2025,DOU,6752,3,0,0,0,0,0,0,0,0,0,0,0,10500,155.5
04/2026,2,NORDESTE,NE,24,RIO GRANDE DO NORTE,RIO GRANDE DO NORTE,RN,240520,JANDUIS,JANDUÍS,3,2025,DOU,4813,3,0,0,0,0,0,0,0,0,0,0,0,10500,218.15
04/2026,2,NORDESTE,NE,24,RIO GRANDE DO NORTE,RIO GRANDE DO NORTE,RN,240530,JANUARIO CICCO,JANUÁRIO CICCO,3,2025,DOU,8843,5,0,0,0,0,0,0,0,0,0,0,0,17500,197.89
04/2026,2,NORDESTE,NE,24,RIO GRANDE DO NORTE,RIO GRANDE DO NORTE,RN,240540,JAPI,JAPI,2,2025,DOU,5219,3,0,0,0,0,0,0,0,0,0,0,0,10500,201.18
04/2026,2,NORDESTE,NE,24,RIO GRANDE DO NORTE,RIO GRANDE DO NORTE,RN,240550,JARDIM DE ANGICOS,JARDIM DE ANGICOS,3,2025,DOU,2488,1,0,0,0,0,0,0,0,0,0,0,0,3500,140.67
04/2026,2,NORDESTE,NE,24,RIO GRANDE DO NORTE,RIO GRANDE DO NORTE,RN,240560,JARDIM DE PIRANHAS,JARDIM DE PIRANHAS,1,2025,DOU,14446,7,0,0,0,0,0,0,0,0,0,0,0,24500,169.59
04/2026,2,NORDESTE,NE,24,RIO GRANDE DO NORTE,RIO GRANDE DO NORTE,RN,240570,JARDIM DO SERIDO,JARDIM DO SERIDÓ,2,2025,DOU,11942,5,0,0,0,0,0,0,0,0,0,0,0,17500,146.54
04/2026,2,NORDESTE,NE,24,RIO GRANDE DO NORTE,RIO GRANDE DO NORTE,RN,240580,JOAO CAMARA,JOÃO CÂMARA,2,2025,DOU,34849,17,0,0,0,0,1,3,0,0,0,0,3,59503,170.74
04/2026,2,NORDESTE,NE,24,RIO GRANDE DO NORTE,RIO GRANDE DO NORTE,RN,240590,JOAO DIAS,JOÃO DIAS,3,2025,DOU,2073,1,0,0,0,0,0,0,0,0,0,0,0,3500,168.83
04/2026,2,NORDESTE,NE,24,RIO GRANDE DO NORTE,RIO GRANDE DO NORTE,RN,240600,JOSE DA PENHA,JOSÉ DA PENHA,3,2025,DOU,5966,3,0,0,0,0,0,0,0,0,0,0,0,10500,175.99
04/2026,2,NORDESTE,NE,24,RIO GRANDE DO NORTE,RIO GRANDE DO NORTE,RN,240610,JUCURUTU,JUCURUTU,3,2025,DOU,18304,9,0,0,0,0,0,0,0,0,0,0,0,31500,172.09
04/2026,2,NORDESTE,NE,24,RIO GRANDE DO NORTE,RIO GRANDE DO NORTE,RN,240615,JUNDIA,JUNDIÁ,3,2025,DOU,3868,2,0,0,0,0,0,0,0,0,0,0,0,7000,180.97
04/2026,2,NORDESTE,NE,24,RIO GRANDE DO NORTE,RIO GRANDE DO NORTE,RN,240620,LAGOA D'ANTA,LAGOA D'ANTA,3,2025,DOU,6756,3,0,0,0,0,0,0,0,0,0,0,0,10500,155.41
04/2026,2,NORDESTE,NE,24,RIO GRANDE DO NORTE,RIO GRANDE DO NORTE,RN,240630,LAGOA DE PEDRAS,LAGOA DE PEDRAS,3,2025,DOU,7597,4,0,0,0,0,0,0,0,0,0,0,0,14000,184.28
04/2026,2,NORDESTE,NE,24,RIO GRANDE DO NORTE,RIO GRANDE DO NORTE,RN,240640,LAGOA DE VELHOS,LAGOA DE VELHOS,3,2025,DOU,2631,1,0,0,0,0,0,0,0,0,0,0,0,3500,133.02
04/2026,2,NORDESTE,NE,24,RIO GRANDE DO NORTE,RIO GRANDE DO NORTE,RN,240650,LAGOA NOVA,LAGOA NOVA,3,2025,DOU,16203,6,0,0,0,0,0,0,0,0,0,0,0,21000,129.6
04/2026,2,NORDESTE,NE,24,RIO GRANDE DO NORTE,RIO GRANDE DO NORTE,RN,240660,LAGOA SALGADA,LAGOA SALGADA,3,2025,DOU,8657,4,0,0,0,0,0,0,0,0,0,0,0,14000,161.71
04/2026,2,NORDESTE,NE,24,RIO GRANDE DO NORTE,RIO GRANDE DO NORTE,RN,240670,LAJES,LAJES,2,2025,DOU,10094,6,0,0,0,0,0,0,0,0,0,0,0,21000,208.04
04/2026,2,NORDESTE,NE,24,RIO GRANDE DO NORTE,RIO GRANDE DO NORTE,RN,240680,LAJES PINTADAS,LAJES PINTADAS,3,2025,DOU,4950,2,0,0,0,0,0,0,0,0,0,0,0,7000,141.41
04/2026,2,NORDESTE,NE,24,RIO GRANDE DO NORTE,RIO GRANDE DO NORTE,RN,240690,LUCRECIA,LUCRÉCIA,3,2025,DOU,3576,2,0,0,0,0,0,0,0,0,0,0,0,7000,195.74
04/2026,2,NORDESTE,NE,24,RIO GRANDE DO NORTE,RIO GRANDE DO NORTE,RN,240700,LUIS GOMES,LUÍS GOMES,3,2025,DOU,9271,5,0,0,0,0,0,0,0,0,0,0,0,17500,188.76
04/2026,2,NORDESTE,NE,24,RIO GRANDE DO NORTE,RIO GRANDE DO NORTE,RN,240710,MACAIBA,MACAÍBA,1,2025,DOU,87056,29,0,3,0,0,0,0,0,0,0,0,0,106750,122.62
04/2026,2,NORDESTE,NE,24,RIO GRANDE DO NORTE,RIO GRANDE DO NORTE,RN,240720,MACAU,MACAU,2,2025,DOU,28350,11,0,0,0,0,0,0,0,0,0,0,0,38500,135.8
04/2026,2,NORDESTE,NE,24,RIO GRANDE DO NORTE,RIO GRANDE DO NORTE,RN,240725,MAJOR SALES,MAJOR SALES,3,2025,DOU,4086,2,0,0,0,0,0,0,0,0,0,0,0,7000,171.31
04/2026,2,NORDESTE,NE,24,RIO GRANDE DO NORTE,RIO GRANDE DO NORTE,RN,240730,MARCELINO VIEIRA,MARCELINO VIEIRA,3,2025,DOU,8083,5,0,0,0,0,0,0,0,0,0,0,0,17500,216.5
04/2026,2,NORDESTE,NE,24,RIO GRANDE DO NORTE,RIO GRANDE DO NORTE,RN,240740,MARTINS,MARTINS,3,2025,DOU,8415,4,0,0,0,0,0,0,0,0,0,0,0,14000,166.36
04/2026,2,NORDESTE,NE,24,RIO GRANDE DO NORTE,RIO GRANDE DO NORTE,RN,240750,MAXARANGUAPE,MAXARANGUAPE,3,2025,DOU,10534,6,0,0,0,0,0,0,0,0,0,0,0,21000,199.35
04/2026,2,NORDESTE,NE,24,RIO GRANDE DO NORTE,RIO GRANDE DO NORTE,RN,240760,MESSIAS TARGINO,MESSIAS TARGINO,2,2025,DOU,4410,2,0,0,0,0,0,0,0,0,0,0,0,7000,158.73
04/2026,2,NORDESTE,NE,24,RIO GRANDE DO NORTE,RIO GRANDE DO NORTE,RN,240770,MONTANHAS,MONTANHAS,2,2025,DOU,11785,6,0,0,0,0,0,0,0,0,0,0,0,21000,178.19
04/2026,2,NORDESTE,NE,24,RIO GRANDE DO NORTE,RIO GRANDE DO NORTE,RN,240780,MONTE ALEGRE,MONTE ALEGRE,3,2025,DOU,23953,11,0,0,0,0,0,0,0,0,0,0,0,38500,160.73
04/2026,2,NORDESTE,NE,24,RIO GRANDE DO NORTE,RIO GRANDE DO NORTE,RN,240790,MONTE DAS GAMELEIRAS,MONTE DAS GAMELEIRAS,3,2025,DOU,2345,1,0,0,0,0,0,0,0,0,0,0,0,3500,149.25
04/2026,2,NORDESTE,NE,24,RIO GRANDE DO NORTE,RIO GRANDE DO NORTE,RN,240800,MOSSORO,MOSSORÓ,1,2025,DOU,278587,73,0,0,0,0,1,4,3,422,0,0,426,255926,91.86
04/2026,2,NORDESTE,NE,24,RIO GRANDE DO NORTE,RIO GRANDE DO NORTE,RN,240810,NATAL,NATAL,1,2025,DOU,784249,152,22,8,0,0,1,317,1,245,0,0,562,604312,77.05
04/2026,2,NORDESTE,NE,24,RIO GRANDE DO NORTE,RIO GRANDE DO NORTE,RN,240820,NISIA FLORESTA,NÍSIA FLORESTA,2,2025,DOU,34325,14,0,0,0,0,0,0,1,568,1,1195,1763,50763,147.88
04/2026,2,NORDESTE,NE,24,RIO GRANDE DO NORTE,RIO GRANDE DO NORTE,RN,240830,NOVA CRUZ,NOVA CRUZ,2,2025,DOU,35523,19,0,0,0,0,0,0,1,344,0,0,344,66844,188.17
04/2026,2,NORDESTE,NE,24,RIO GRANDE DO NORTE,RIO GRANDE DO NORTE,RN,240840,OLHO-D'AGUA DO BORGES,OLHO-D'ÁGUA DO BORGES,3,2025,DOU,3736,2,0,0,0,0,0,0,0,0,0,0,0,7000,187.36
04/2026,2,NORDESTE,NE,24,RIO GRANDE DO NORTE,RIO GRANDE DO NORTE,RN,240850,OURO BRANCO,OURO BRANCO,3,2025,DOU,5084,2,0,0,0,0,0,0,0,0,0,0,0,7000,137.68
04/2026,2,NORDESTE,NE,24,RIO GRANDE DO NORTE,RIO GRANDE DO NORTE,RN,240860,PARANA,PARANÁ,3,2025,DOU,4048,2,0,0,0,0,0,0,0,0,0,0,0,7000,172.92
04/2026,2,NORDESTE,NE,24,RIO GRANDE DO NORTE,RIO GRANDE DO NORTE,RN,240870,PARAU,PARAÚ,3,2025,DOU,3650,2,0,0,0,0,0,0,0,0,0,0,0,7000,191.78
04/2026,2,NORDESTE,NE,24,RIO GRANDE DO NORTE,RIO GRANDE DO NORTE,RN,240880,PARAZINHO,PARAZINHO,3,2025,DOU,4945,3,0,0,0,0,0,0,0,0,0,0,0,10500,212.33
04/2026,2,NORDESTE,NE,24,RIO GRANDE DO NORTE,RIO GRANDE DO NORTE,RN,240890,PARELHAS,PARELHAS,1,2025,DOU,22242,8,0,0,0,0,0,0,0,0,0,0,0,28000,125.88
04/2026,2,NORDESTE,NE,24,RIO GRANDE DO NORTE,RIO GRANDE DO NORTE,RN,240325,PARNAMIRIM,PARNAMIRIM,1,2025,DOU,271713,66,0,0,0,0,1,111,1,981,1,726,1818,232818,85.68
04/2026,2,NORDESTE,NE,24,RIO GRANDE DO NORTE,RIO GRANDE DO NORTE,RN,240910,PASSA E FICA,PASSA E FICA,3,2025,DOU,11407,7,0,0,0,0,0,0,0,0,0,0,0,24500,214.78
04/2026,2,NORDESTE,NE,24,RIO GRANDE DO NORTE,RIO GRANDE DO NORTE,RN,240920,PASSAGEM,PASSAGEM,3,2025,DOU,3233,2,0,0,0,0,0,0,0,0,0,0,0,7000,216.51
04/2026,2,NORDESTE,NE,24,RIO GRANDE DO NORTE,RIO GRANDE DO NORTE,RN,240930,PATU,PATU,2,2025,DOU,11215,6,0,0,0,0,0,0,0,0,0,0,0,21000,187.24
04/2026,2,NORDESTE,NE,24,RIO GRANDE DO NORTE,RIO GRANDE DO NORTE,RN,240940,PAU DOS FERROS,PAU DOS FERROS,1,2025,DOU,32123,13,2,0,0,0,0,0,0,0,1,446,446,51196,159.37
04/2026,2,NORDESTE,NE,24,RIO GRANDE DO NORTE,RIO GRANDE DO NORTE,RN,240950,PEDRA GRANDE,PEDRA GRANDE,3,2025,DOU,3736,2,0,0,0,0,0,0,0,0,0,0,0,7000,187.36
04/2026,2,NORDESTE,NE,24,RIO GRANDE DO NORTE,RIO GRANDE DO NORTE,RN,240960,PEDRA PRETA,PEDRA PRETA,3,2025,DOU,2495,2,0,0,0,0,0,0,0,0,0,0,0,7000,280.56
04/2026,2,NORDESTE,NE,24,RIO GRANDE DO NORTE,RIO GRANDE DO NORTE,RN,240970,PEDRO AVELINO,PEDRO AVELINO,3,2025,DOU,6312,4,0,0,0,0,0,0,0,0,0,0,0,14000,221.79
04/2026,2,NORDESTE,NE,24,RIO GRANDE DO NORTE,RIO GRANDE DO NORTE,RN,240980,PEDRO VELHO,PEDRO VELHO,3,2025,DOU,14197,7,0,0,0,0,0,0,0,0,0,0,0,24500,172.57
04/2026,2,NORDESTE,NE,24,RIO GRANDE DO NORTE,RIO GRANDE DO NORTE,RN,240990,PENDENCIAS,PENDÊNCIAS,3,2025,DOU,12499,8,0,0,0,0,0,0,0,0,0,0,0,28000,224.01
04/2026,2,NORDESTE,NE,24,RIO GRANDE DO NORTE,RIO GRANDE DO NORTE,RN,241000,PILOES,PILÕES,3,2025,DOU,2992,2,0,0,0,0,0,0,0,0,0,0,0,7000,233.95
04/2026,2,NORDESTE,NE,24,RIO GRANDE DO NORTE,RIO GRANDE DO NORTE,RN,241010,POCO BRANCO,POÇO BRANCO,3,2025,DOU,12565,8,0,0,0,0,0,0,0,0,0,0,0,28000,222.84
04/2026,2,NORDESTE,NE,24,RIO GRANDE DO NORTE,RIO GRANDE DO NORTE,RN,241020,PORTALEGRE,PORTALEGRE,3,2025,DOU,7859,4,0,0,0,0,0,0,0,0,0,0,0,14000,178.13
04/2026,2,NORDESTE,NE,24,RIO GRANDE DO NORTE,RIO GRANDE DO NORTE,RN,241025,PORTO DO MANGUE,PORTO DO MANGUE,3,2025,DOU,5351,3,0,0,0,0,0,0,0,0,0,0,0,10500,196.22
04/2026,2,NORDESTE,NE,24,RIO GRANDE DO NORTE,RIO GRANDE DO NORTE,RN,241040,PUREZA,PUREZA,3,2025,DOU,9752,5,0,0,0,0,0,0,0,0,0,0,0,17500,179.45
04/2026,2,NORDESTE,NE,24,RIO GRANDE DO NORTE,RIO GRANDE DO NORTE,RN,241050,RAFAEL FERNANDES,RAFAEL FERNANDES,3,2025,DOU,5682,3,0,0,0,0,0,0,0,0,0,0,0,10500,184.79
04/2026,2,NORDESTE,NE,24,RIO GRANDE DO NORTE,RIO GRANDE DO NORTE,RN,241060,RAFAEL GODEIRO,RAFAEL GODEIRO,3,2025,DOU,3005,2,0,0,0,0,0,0,0,0,0,0,0,7000,232.94
04/2026,2,NORDESTE,NE,24,RIO GRANDE DO NORTE,RIO GRANDE DO NORTE,RN,241070,RIACHO DA CRUZ,RIACHO DA CRUZ,3,2025,DOU,2724,2,0,0,0,0,0,0,0,0,0,0,0,7000,256.97
04/2026,2,NORDESTE,NE,24,RIO GRANDE DO NORTE,RIO GRANDE DO NORTE,RN,241080,RIACHO DE SANTANA,RIACHO DE SANTANA,3,2025,DOU,4245,2,0,0,0,0,0,0,0,0,0,0,0,7000,164.89
04/2026,2,NORDESTE,NE,24,RIO GRANDE DO NORTE,RIO GRANDE DO NORTE,RN,241090,RIACHUELO,RIACHUELO,3,2025,DOU,7646,4,0,0,0,0,0,0,0,0,0,0,0,14000,183.1
04/2026,2,NORDESTE,NE,24,RIO GRANDE DO NORTE,RIO GRANDE DO NORTE,RN,240895,RIO DO FOGO,RIO DO FOGO,3,2025,DOU,10692,5,0,0,0,0,0,0,0,0,0,0,0,17500,163.67
04/2026,2,NORDESTE,NE,24,RIO GRANDE DO NORTE,RIO GRANDE DO NORTE,RN,241100,RODOLFO FERNANDES,RODOLFO FERNANDES,2,2025,DOU,4345,2,0,0,0,0,0,0,0,0,0,0,0,7000,161.1
04/2026,2,NORDESTE,NE,24,RIO GRANDE DO NORTE,RIO GRANDE DO NORTE,RN,241110,RUY BARBOSA,RUY BARBOSA,3,2025,DOU,3253,2,0,0,0,0,0,0,0,0,0,0,0,7000,215.18
04/2026,2,NORDESTE,NE,24,RIO GRANDE DO NORTE,RIO GRANDE DO NORTE,RN,241120,SANTA CRUZ,SANTA CRUZ,1,2025,DOU,39101,12,0,0,0,0,0,0,0,0,0,0,0,42000,107.41
04/2026,2,NORDESTE,NE,24,RIO GRANDE DO NORTE,RIO GRANDE DO NORTE,RN,240933,SANTA MARIA,SANTA MARIA,3,2025,DOU,5000,3,0,0,0,0,0,0,0,0,0,0,0,10500,210.0
04/2026,2,NORDESTE,NE,24,RIO GRANDE DO NORTE,RIO GRANDE DO NORTE,RN,241140,SANTANA DO MATOS,SANTANA DO MATOS,3,2025,DOU,12722,7,0,0,0,0,0,0,0,0,0,0,0,24500,192.57
04/2026,2,NORDESTE,NE,24,RIO GRANDE DO NORTE,RIO GRANDE DO NORTE,RN,241142,SANTANA DO SERIDO,SANTANA DO SERIDÓ,3,2025,DOU,2796,1,0,0,0,0,0,0,0,0,0,0,0,3500,125.17
04/2026,2,NORDESTE,NE,24,RIO GRANDE DO NORTE,RIO GRANDE DO NORTE,RN,241150,SANTO ANTONIO,SANTO ANTÔNIO,3,2025,DOU,22793,12,0,0,0,0,0,0,0,0,0,0,0,42000,184.26
04/2026,2,NORDESTE,NE,24,RIO GRANDE DO NORTE,RIO GRANDE DO NORTE,RN,241160,SAO BENTO DO NORTE,SÃO BENTO DO NORTE,2,2025,DOU,3442,2,0,0,0,0,0,0,0,0,0,0,0,7000,203.37
04/2026,2,NORDESTE,NE,24,RIO GRANDE DO NORTE,RIO GRANDE DO NORTE,RN,241170,SAO BENTO DO TRAIRI,SÃO BENTO DO TRAIRÍ,3,2025,DOU,3890,2,0,0,0,0,0,0,0,0,0,0,0,7000,179.94
04/2026,2,NORDESTE,NE,24,RIO GRANDE DO NORTE,RIO GRANDE DO NORTE,RN,241180,SAO FERNANDO,SÃO FERNANDO,3,2025,DOU,3606,2,0,0,0,0,0,0,0,0,0,0,0,7000,194.12
04/2026,2,NORDESTE,NE,24,RIO GRANDE DO NORTE,RIO GRANDE DO NORTE,RN,241190,SAO FRANCISCO DO OESTE,SÃO FRANCISCO DO OESTE,2,2025,DOU,4319,2,0,0,0,0,0,0,0,0,0,0,0,7000,162.07
04/2026,2,NORDESTE,NE,24,RIO GRANDE DO NORTE,RIO GRANDE DO NORTE,RN,241200,SAO GONCALO DO AMARANTE,SÃO GONÇALO DO AMARANTE,1,2025,DOU,124495,38,0,0,0,0,0,0,0,0,0,0,0,133000,106.83
04/2026,2,NORDESTE,NE,24,RIO GRANDE DO NORTE,RIO GRANDE DO NORTE,RN,241210,SAO JOAO DO SABUGI,SÃO JOÃO DO SABUGI,2,2025,DOU,6136,3,0,0,0,0,0,0,0,0,0,0,0,10500,171.12
04/2026,2,NORDESTE,NE,24,RIO GRANDE DO NORTE,RIO GRANDE DO NORTE,RN,241220,SAO JOSE DE MIPIBU,SÃO JOSÉ DE MIPIBU,2,2025,DOU,50053,22,0,0,0,0,0,0,0,0,0,0,0,77000,153.83
04/2026,2,NORDESTE,NE,24,RIO GRANDE DO NORTE,RIO GRANDE DO NORTE,RN,241230,SAO JOSE DO CAMPESTRE,SÃO JOSÉ DO CAMPESTRE,1,2025,DOU,11298,6,0,0,0,0,0,0,0,0,0,0,0,21000,185.87
04/2026,2,NORDESTE,NE,24,RIO GRANDE DO NORTE,RIO GRANDE DO NORTE,RN,241240,SAO JOSE DO SERIDO,SÃO JOSÉ DO SERIDÓ,2,2025,DOU,4733,2,0,0,0,0,0,0,0,0,0,0,0,7000,147.89
04/2026,2,NORDESTE,NE,24,RIO GRANDE DO NORTE,RIO GRANDE DO NORTE,RN,241250,SAO MIGUEL,SÃO MIGUEL,2,2025,DOU,24422,8,0,0,0,0,0,0,0,0,0,0,0,28000,114.65
04/2026,2,NORDESTE,NE,24,RIO GRANDE DO NORTE,RIO GRANDE DO NORTE,RN,241255,SAO MIGUEL DO GOSTOSO,SÃO MIGUEL DO GOSTOSO,3,2025,DOU,10636,5,0,0,0,0,0,0,0,0,0,0,0,17500,164.53
04/2026,2,NORDESTE,NE,24,RIO GRANDE DO NORTE,RIO GRANDE DO NORTE,RN,241260,SAO PAULO DO POTENGI,SÃO PAULO DO POTENGI,2,2025,DOU,17371,8,0,2,0,0,0,0,0,0,0,0,0,31500,181.33
04/2026,2,NORDESTE,NE,24,RIO GRANDE DO NORTE,RIO GRANDE DO NORTE,RN,241270,SAO PEDRO,SÃO PEDRO,3,2025,DOU,5890,3,0,0,0,0,0,0,0,0,0,0,0,10500,178.26
04/2026,2,NORDESTE,NE,24,RIO GRANDE DO NORTE,RIO GRANDE DO NORTE,RN,241280,SAO RAFAEL,SÃO RAFAEL,3,2025,DOU,7889,4,0,0,0,0,0,0,0,0,0,0,0,14000,177.46
04/2026,2,NORDESTE,NE,24,RIO GRANDE DO NORTE,RIO GRANDE DO NORTE,RN,241290,SAO TOME,SÃO TOMÉ,3,2025,DOU,10161,5,0,0,0,0,0,0,0,0,0,0,0,17500,172.22
04/2026,2,NORDESTE,NE,24,RIO GRANDE DO NORTE,RIO GRANDE DO NORTE,RN,241300,SAO VICENTE,SÃO VICENTE,3,2025,DOU,6530,3,0,0,0,0,0,0,0,0,0,0,0,10500,160.79
04/2026,2,NORDESTE,NE,24,RIO GRANDE DO NORTE,RIO GRANDE DO NORTE,RN,241310,SENADOR ELOI DE SOUZA,SENADOR ELÓI DE SOUZA,3,2025,DOU,6027,3,0,0,0,0,0,0,0,0,0,0,0,10500,174.21
04/2026,2,NORDESTE,NE,24,RIO GRANDE DO NORTE,RIO GRANDE DO NORTE,RN,241320,SENADOR GEORGINO AVELINO,SENADOR GEORGINO AVELINO,3,2025,DOU,4202,2,0,0,0,0,0,0,0,0,0,0,0,7000,166.58
04/2026,2,NORDESTE,NE,24,RIO GRANDE DO NORTE,RIO GRANDE DO NORTE,RN,241030,SERRA CAIADA,SERRA CAIADA,3,2025,DOU,11203,5,0,0,0,0,0,0,0,0,0,0,0,17500,156.2
04/2026,2,NORDESTE,NE,24,RIO GRANDE DO NORTE,RIO GRANDE DO NORTE,RN,241330,SERRA DE SAO BENTO,SERRA DE SÃO BENTO,3,2025,DOU,5866,3,0,0,0,0,0,0,0,0,0,0,0,10500,178.99
04/2026,2,NORDESTE,NE,24,RIO GRANDE DO NORTE,RIO GRANDE DO NORTE,RN,241335,SERRA DO MEL,SERRA DO MEL,3,2025,DOU,13819,6,0,0,0,0,0,0,0,0,0,0,0,21000,151.96
04/2026,2,NORDESTE,NE,24,RIO GRANDE DO NORTE,RIO GRANDE DO NORTE,RN,241340,SERRA NEGRA DO NORTE,SERRA NEGRA DO NORTE,3,2025,DOU,7800,4,0,0,0,0,0,0,0,0,0,0,0,14000,179.48
04/2026,2,NORDESTE,NE,24,RIO GRANDE DO NORTE,RIO GRANDE DO NORTE,RN,241350,SERRINHA,SERRINHA,3,2025,DOU,6608,3,0,0,0,0,0,0,0,0,0,0,0,10500,158.89
04/2026,2,NORDESTE,NE,24,RIO GRANDE DO NORTE,RIO GRANDE DO NORTE,RN,241355,SERRINHA DOS PINTOS,SERRINHA DOS PINTOS,3,2025,DOU,4810,2,0,0,0,0,0,0,0,0,0,0,0,7000,145.53
04/2026,2,NORDESTE,NE,24,RIO GRANDE DO NORTE,RIO GRANDE DO NORTE,RN,241360,SEVERIANO MELO,SEVERIANO MELO,3,2025,DOU,5616,4,0,0,0,0,0,0,0,0,0,0,0,14000,249.28
04/2026,2,NORDESTE,NE,24,RIO GRANDE DO NORTE,RIO GRANDE DO NORTE,RN,241370,SITIO NOVO,SÍTIO NOVO,3,2025,DOU,4746,3,0,0,0,0,0,0,0,0,0,0,0,10500,221.23
04/2026,2,NORDESTE,NE,24,RIO GRANDE DO NORTE,RIO GRANDE DO NORTE,RN,241380,TABOLEIRO GRANDE,TABOLEIRO GRANDE,3,2025,DOU,2409,1,0,0,0,0,0,0,0,0,0,0,0,3500,145.28
04/2026,2,NORDESTE,NE,24,RIO GRANDE DO NORTE,RIO GRANDE DO NORTE,RN,241390,TAIPU,TAIPU,3,2025,DOU,11708,6,0,0,0,0,0,0,0,0,0,0,0,21000,179.36
04/2026,2,NORDESTE,NE,24,RIO GRANDE DO NORTE,RIO GRANDE DO NORTE,RN,241400,TANGARA,TANGARÁ,3,2025,DOU,13583,8,0,0,0,0,0,0,0,0,0,0,0,28000,206.14
04/2026,2,NORDESTE,NE,24,RIO GRANDE DO NORTE,RIO GRANDE DO NORTE,RN,241410,TENENTE ANANIAS,TENENTE ANANIAS,3,2025,DOU,10610,5,0,0,0,0,0,0,0,0,0,0,0,17500,164.93
04/2026,2,NORDESTE,NE,24,RIO GRANDE DO NORTE,RIO GRANDE DO NORTE,RN,241415,TENENTE LAURENTINO CRUZ,TENENTE LAURENTINO CRUZ,3,2025,DOU,6152,3,0,0,0,0,0,0,0,0,0,0,0,10500,170.67
04/2026,2,NORDESTE,NE,24,RIO GRANDE DO NORTE,RIO GRANDE DO NORTE,RN,241105,TIBAU,TIBAU,3,2025,DOU,5748,2,0,1,0,0,0,0,0,0,0,0,0,8750,152.22
04/2026,2,NORDESTE,NE,24,RIO GRANDE DO NORTE,RIO GRANDE DO NORTE,RN,241420,TIBAU DO SUL,TIBAU DO SUL,3,2025,DOU,18080,8,0,0,0,0,0,0,0,0,0,0,0,28000,154.86
04/2026,2,NORDESTE,NE,24,RIO GRANDE DO NORTE,RIO GRANDE DO NORTE,RN,241430,TIMBAUBA DOS BATISTAS,TIMBAÚBA DOS BATISTAS,3,2025,DOU,2424,1,0,0,0,0,0,0,0,0,0,0,0,3500,144.38
04/2026,2,NORDESTE,NE,24,RIO GRANDE DO NORTE,RIO GRANDE DO NORTE,RN,241440,TOUROS,TOUROS,3,2025,DOU,34767,17,0,0,0,0,0,0,0,0,0,0,0,59500,171.13
04/2026,2,NORDESTE,NE,24,RIO GRANDE DO NORTE,RIO GRANDE DO NORTE,RN,241445,TRIUNFO POTIGUAR,TRIUNFO POTIGUAR,3,2025,DOU,3477,2,0,0,0,0,0,0,0,0,0,0,0,7000,201.32
04/2026,2,NORDESTE,NE,24,RIO GRANDE DO NORTE,RIO GRANDE DO NORTE,RN,241450,UMARIZAL,UMARIZAL,2,2025,DOU,10655,5,0,0,0,0,0,0,0,0,0,0,0,17500,164.24
04/2026,2,NORDESTE,NE,24,RIO GRANDE DO NORTE,RIO GRANDE DO NORTE,RN,241460,UPANEMA,UPANEMA,3,2025,DOU,14048,7,0,0,0,0,0,0,0,0,0,0,0,24500,174.4
04/2026,2,NORDESTE,NE,24,RIO GRANDE DO NORTE,RIO GRANDE DO NORTE,RN,241470,VARZEA,VÁRZEA,2,2025,DOU,5387,3,0,0,0,0,0,0,0,0,0,0,0,10500,194.91
04/2026,2,NORDESTE,NE,24,RIO GRANDE DO NORTE,RIO GRANDE DO NORTE,RN,241475,VENHA-VER,VENHA-VER,3,2025,DOU,3005,2,0,0,0,0,0,0,0,0,0,0,0,7000,232.94
04/2026,2,NORDESTE,NE,24,RIO GRANDE DO NORTE,RIO GRANDE DO NORTE,RN,241480,VERA CRUZ,VERA CRUZ,3,2025,DOU,11053,6,0,0,0,0,0,0,0,0,0,0,0,21000,189.99
04/2026,2,NORDESTE,NE,24,RIO GRANDE DO NORTE,RIO GRANDE DO NORTE,RN,241490,VICOSA,VIÇOSA,3,2025,DOU,1900,1,0,0,0,0,0,0,0,0,0,0,0,3500,184.21
04/2026,2,NORDESTE,NE,24,RIO GRANDE DO NORTE,RIO GRANDE DO NORTE,RN,241500,VILA FLOR,VILA FLOR,3,2025,DOU,3304,2,0,0,0,0,0,0,0,0,0,0,0,7000,211.86
04/2026,1,NORTE,N,11,RONDONIA,RONDÔNIA,RO,110001,ALTA FLORESTA D'OESTE,ALTA FLORESTA D'OESTE,2,2025,DOU,22787,7,0,0,0,0,0,0,1,96,0,0,96,24596,107.93
04/2026,1,NORTE,N,11,RONDONIA,RONDÔNIA,RO,110037,ALTO ALEGRE DOS PARECIS,ALTO ALEGRE DOS PARECIS,3,2025,DOU,12237,6,0,0,0,0,0,0,0,0,0,0,0,21000,171.61
04/2026,1,NORTE,N,11,RONDONIA,RONDÔNIA,RO,110040,ALTO PARAISO,ALTO PARAÍSO,3,2025,DOU,17467,6,1,0,0,0,0,0,0,0,0,0,0,23625,135.25
04/2026,1,NORTE,N,11,RONDONIA,RONDÔNIA,RO,110034,ALVORADA D'OESTE,ALVORADA D'OESTE,3,2025,DOU,13720,5,0,0,0,0,0,0,0,0,0,0,0,17500,127.55
04/2026,1,NORTE,N,11,RONDONIA,RONDÔNIA,RO,110002,ARIQUEMES,ARIQUEMES,1,2025,DOU,109170,25,0,0,0,0,0,0,0,0,0,0,0,87500,80.15
04/2026,1,NORTE,N,11,RONDONIA,RONDÔNIA,RO,110045,BURITIS,BURITIS,4,2025,DOU,30649,10,0,0,0,0,0,0,1,209,0,0,209,35209,114.87
04/2026,1,NORTE,N,11,RONDONIA,RONDÔNIA,RO,110003,CABIXI,CABIXI,3,2025,DOU,5664,3,0,0,0,0,0,0,0,0,0,0,0,10500,185.38
04/2026,1,NORTE,N,11,RONDONIA,RONDÔNIA,RO,110060,CACAULANDIA,CACAULÂNDIA,3,2025,DOU,4292,3,0,0,0,0,0,0,0,0,0,0,0,10500,244.64
04/2026,1,NORTE,N,11,RONDONIA,RONDÔNIA,RO,110004,CACOAL,CACOAL,1,2025,DOU,98280,22,0,0,0,0,0,0,1,848,0,0,848,77848,79.21
04/2026,1,NORTE,N,11,RONDONIA,RONDÔNIA,RO,110070,CAMPO NOVO DE RONDONIA,CAMPO NOVO DE RONDÔNIA,3,2025,DOU,9095,5,0,0,0,0,0,0,0,0,0,0,0,17500,192.41
04/2026,1,NORTE,N,11,RONDONIA,RONDÔNIA,RO,110080,CANDEIAS DO JAMARI,CANDEIAS DO JAMARI,1,2025,DOU,24313,8,1,0,0,0,0,0,0,0,0,0,0,30625,125.96
04/2026,1,NORTE,N,11,RONDONIA,RONDÔNIA,RO,110090,CASTANHEIRAS,CASTANHEIRAS,3,2025,DOU,3450,2,0,0,0,0,0,0,0,0,0,0,0,7000,202.89
04/2026,1,NORTE,N,11,RONDONIA,RONDÔNIA,RO,110005,CEREJEIRAS,CEREJEIRAS,1,2025,DOU,16966,6,0,0,0,0,0,0,0,0,0,0,0,21000,123.77
04/2026,1,NORTE,N,11,RONDONIA,RONDÔNIA,RO,110092,CHUPINGUAIA,CHUPINGUAIA,5,2025,DOU,10191,5,0,0,0,0,0,0,0,0,0,0,0,17500,171.72
04/2026,1,NORTE,N,11,RONDONIA,RONDÔNIA,RO,110006,COLORADO DO OESTE,COLORADO DO OESTE,2,2025,DOU,16508,5,0,0,0,0,0,0,0,0,0,0,0,17500,106.0
04/2026,1,NORTE,N,11,RONDONIA,RONDÔNIA,RO,110007,CORUMBIARA,CORUMBIARA,5,2025,DOU,7968,5,0,0,0,0,0,0,0,0,0,0,0,17500,219.62
04/2026,1,NORTE,N,11,RONDONIA,RONDÔNIA,RO,110008,COSTA MARQUES,COSTA MARQUES,5,2025,DOU,13510,5,0,0,0,0,0,0,1,0,0,0,0,17500,129.53
04/2026,1,NORTE,N,11,RONDONIA,RONDÔNIA,RO,110094,CUJUBIM,CUJUBIM,2,2025,DOU,15877,4,0,0,0,0,0,0,0,0,0,0,0,14000,88.17
04/2026,1,NORTE,N,11,RONDONIA,RONDÔNIA,RO,110009,ESPIGAO D'OESTE,ESPIGÃO D'OESTE,2,2025,DOU,32842,7,0,0,0,0,0,0,0,0,0,0,0,24500,74.59
04/2026,1,NORTE,N,11,RONDONIA,RONDÔNIA,RO,110100,GOVERNADOR JORGE TEIXEIRA,GOVERNADOR JORGE TEIXEIRA,3,2025,DOU,8340,4,0,0,0,0,0,0,0,0,0,0,0,14000,167.86
04/2026,1,NORTE,N,11,RONDONIA,RONDÔNIA,RO,110010,GUAJARA-MIRIM,GUAJARÁ-MIRIM,1,2025,DOU,43594,15,0,0,0,0,0,0,1,729,0,0,729,53229,122.1
04/2026,1,NORTE,N,11,RONDONIA,RONDÔNIA,RO,110110,ITAPUA DO OESTE,ITAPUÃ DO OESTE,3,2025,DOU,9228,3,0,0,0,0,0,0,0,0,0,0,0,10500,113.78
04/2026,1,NORTE,N,11,RONDONIA,RONDÔNIA,RO,110011,JARU,JARU,1,2025,DOU,55682,18,0,0,0,0,0,0,1,415,0,0,415,63415,113.88
04/2026,1,NORTE,N,11,RONDONIA,RONDÔNIA,RO,110012,JI-PARANA,JI-PARANÁ,1,2025,DOU,140101,31,6,0,0,0,0,0,2,851,0,0,851,125101,89.29
04/2026,1,NORTE,N,11,RONDONIA,RONDÔNIA,RO,110013,MACHADINHO D'OESTE,MACHADINHO D'OESTE,5,2025,DOU,34149,9,0,0,0,0,0,0,0,0,0,0,0,31500,92.24
04/2026,1,NORTE,N,11,RONDONIA,RONDÔNIA,RO,110120,MINISTRO ANDREAZZA,MINISTRO ANDREAZZA,3,2025,DOU,6519,3,0,0,0,0,0,0,0,0,0,0,0,10500,161.06
04/2026,1,NORTE,N,11,RONDONIA,RONDÔNIA,RO,110130,MIRANTE DA SERRA,MIRANTE DA SERRA,3,2025,DOU,9657,5,0,0,0,0,0,0,0,0,0,0,0,17500,181.21
04/2026,1,NORTE,N,11,RONDONIA,RONDÔNIA,RO,110140,MONTE NEGRO,MONTE NEGRO,3,2025,DOU,12168,6,0,2,0,0,0,0,0,0,0,0,0,24500,201.34
04/2026,1,NORTE,N,11,RONDONIA,RONDÔNIA,RO,110014,NOVA BRASILANDIA D'OESTE,NOVA BRASILÂNDIA D'OESTE,3,2025,DOU,16374,5,0,0,0,0,0,0,0,0,0,0,0,17500,106.87
04/2026,1,NORTE,N,11,RONDONIA,RONDÔNIA,RO,110033,NOVA MAMORE,NOVA MAMORÉ,5,2025,DOU,28701,10,1,0,0,0,0,0,0,0,0,0,0,37625,131.09
04/2026,1,NORTE,N,11,RONDONIA,RONDÔNIA,RO,110143,NOVA UNIAO,NOVA UNIÃO,3,2025,DOU,6541,4,0,0,0,0,0,0,0,0,0,0,0,14000,214.03
04/2026,1,NORTE,N,11,RONDONIA,RONDÔNIA,RO,110050,NOVO HORIZONTE DO OESTE,NOVO HORIZONTE DO OESTE,3,2025,DOU,7972,4,0,0,0,0,0,0,0,0,0,0,0,14000,175.61
04/2026,1,NORTE,N,11,RONDONIA,RONDÔNIA,RO,110015,OURO PRETO DO OESTE,OURO PRETO DO OESTE,1,2025,DOU,38684,12,0,0,0,0,0,0,1,278,0,0,278,42278,109.29
04/2026,1,NORTE,N,11,RONDONIA,RONDÔNIA,RO,110145,PARECIS,PARECIS,3,2025,DOU,4372,2,0,0,0,0,0,0,0,0,0,0,0,7000,160.1
04/2026,1,NORTE,N,11,RONDONIA,RONDÔNIA,RO,110018,PIMENTA BUENO,PIMENTA BUENO,1,2025,DOU,39220,17,0,0,0,0,0,0,1,730,0,0,730,60230,153.56
04/2026,1,NORTE,N,11,RONDONIA,RONDÔNIA,RO,110146,PIMENTEIRAS DO OESTE,PIMENTEIRAS DO OESTE,5,2025,DOU,2309,1,0,0,0,0,0,0,0,0,0,0,0,3500,151.58
04/2026,1,NORTE,N,11,RONDONIA,RONDÔNIA,RO,110020,PORTO VELHO,PORTO VELHO,1,2025,DOU,517709,89,5,2,6,9698,1,375,1,9,1,4973,15055,343180,66.28
04/2026,1,NORTE,N,11,RONDONIA,RONDÔNIA,RO,110025,PRESIDENTE MEDICI,PRESIDENTE MÉDICI,2,2025,DOU,20443,8,0,0,0,0,0,0,0,0,0,0,0,28000,136.96
04/2026,1,NORTE,N,11,RONDONIA,RONDÔNIA,RO,110147,PRIMAVERA DE RONDONIA,PRIMAVERA DE RONDÔNIA,3,2025,DOU,3268,2,0,0,0,0,0,0,0,0,0,0,0,7000,214.19
04/2026,1,NORTE,N,11,RONDONIA,RONDÔNIA,RO,110026,RIO CRESPO,RIO CRESPO,3,2025,DOU,3767,2,0,0,0,0,0,0,0,0,0,0,0,7000,185.82
04/2026,1,NORTE,N,11,RONDONIA,RONDÔNIA,RO,110028,ROLIM DE MOURA,ROLIM DE MOURA,1,2025,DOU,62959,16,0,0,0,0,0,0,3,603,0,0,603,56603,89.9
04/2026,1,NORTE,N,11,RONDONIA,RONDÔNIA,RO,110029,SANTA LUZIA D'OESTE,SANTA LUZIA D'OESTE,3,2025,DOU,7837,4,0,0,0,0,0,0,0,0,0,0,0,14000,178.63
04/2026,1,NORTE,N,11,RONDONIA,RONDÔNIA,RO,110148,SAO FELIPE D'OESTE,SÃO FELIPE D'OESTE,3,2025,DOU,5588,2,0,0,0,0,0,0,0,0,0,0,0,7000,125.26
04/2026,1,NORTE,N,11,RONDONIA,RONDÔNIA,RO,110149,SAO FRANCISCO DO GUAPORE,SÃO FRANCISCO DO GUAPORÉ,5,2025,DOU,17557,8,0,0,0,0,0,0,0,0,0,0,0,28000,159.48
04/2026,1,NORTE,N,11,RONDONIA,RONDÔNIA,RO,110032,SAO MIGUEL DO GUAPORE,SÃO MIGUEL DO GUAPORÉ,5,2025,DOU,22305,5,0,0,0,0,0,0,0,0,0,0,0,17500,78.45
04/2026,1,NORTE,N,11,RONDONIA,RONDÔNIA,RO,110150,SERINGUEIRAS,SERINGUEIRAS,5,2025,DOU,12965,4,0,0,0,0,0,0,0,0,0,0,0,14000,107.98
04/2026,1,NORTE,N,11,RONDONIA,RONDÔNIA,RO,110155,TEIXEIROPOLIS,TEIXEIRÓPOLIS,3,2025,DOU,4521,2,0,0,0,0,0,0,0,0,0,0,0,7000,154.83
04/2026,1,NORTE,N,11,RONDONIA,RONDÔNIA,RO,110160,THEOBROMA,THEOBROMA,3,2025,DOU,8459,5,0,0,0,0,0,0,0,0,0,0,0,17500,206.88
04/2026,1,NORTE,N,11,RONDONIA,RONDÔNIA,RO,110170,URUPA,URUPÁ,3,2025,DOU,11314,4,0,0,0,0,0,0,0,0,0,0,0,14000,123.74
04/2026,1,NORTE,N,11,RONDONIA,RONDÔNIA,RO,110175,VALE DO ANARI,VALE DO ANARI,5,2025,DOU,8220,3,0,0,0,0,0,0,0,0,0,0,0,10500,127.73
04/2026,1,NORTE,N,11,RONDONIA,RONDÔNIA,RO,110180,VALE DO PARAISO,VALE DO PARAÍSO,3,2025,DOU,6790,3,0,0,0,0,0,0,0,0,0,0,0,10500,154.63
04/2026,1,NORTE,N,11,RONDONIA,RONDÔNIA,RO,110030,VILHENA,VILHENA,1,2025,DOU,109651,31,1,0,0,0,0,0,3,1,0,0,1,111126,101.34
04/2026,1,NORTE,N,14,RORAIMA,RORAIMA,RR,140005,ALTO ALEGRE,ALTO ALEGRE,3,2025,DOU,23589,7,3,0,0,0,0,0,0,0,0,0,0,32375,137.24
04/2026,1,NORTE,N,14,RORAIMA,RORAIMA,RR,140002,AMAJARI,AMAJARI,3,2025,DOU,16112,5,0,0,0,0,0,0,0,0,0,0,0,17500,108.61
04/2026,1,NORTE,N,14,RORAIMA,RORAIMA,RR,140010,BOA VISTA,BOA VISTA,1,2025,DOU,485477,150,0,0,0,0,2,705,5,3605,1,1456,5766,530766,109.32
04/2026,1,NORTE,N,14,RORAIMA,RORAIMA,RR,140015,BONFIM,BONFIM,3,2025,DOU,15570,7,0,0,0,0,0,0,0,0,0,0,0,24500,157.35
04/2026,1,NORTE,N,14,RORAIMA,RORAIMA,RR,140017,CANTA,CANTÁ,3,2025,DOU,21102,10,0,0,0,0,0,0,0,0,0,0,0,35000,165.86
04/2026,1,NORTE,N,14,RORAIMA,RORAIMA,RR,140020,CARACARAI,CARACARAÍ,3,2025,DOU,22750,9,0,0,1,1597,0,0,0,0,0,0,1597,33097,145.48
04/2026,1,NORTE,N,14,RORAIMA,RORAIMA,RR,140023,CAROEBE,CAROEBE,5,2025,DOU,12004,5,0,0,0,0,0,0,0,0,0,0,0,17500,145.78
04/2026,1,NORTE,N,14,RORAIMA,RORAIMA,RR,140028,IRACEMA,IRACEMA,3,2025,DOU,10937,5,0,0,0,0,0,0,0,0,0,0,0,17500,160.0
04/2026,1,NORTE,N,14,RORAIMA,RORAIMA,RR,140030,MUCAJAI,MUCAJAÍ,3,2025,DOU,20006,9,0,0,0,0,0,0,0,0,0,0,0,31500,157.45
04/2026,1,NORTE,N,14,RORAIMA,RORAIMA,RR,140040,NORMANDIA,NORMANDIA,3,2025,DOU,16323,5,0,0,0,0,0,0,0,0,0,0,0,17500,107.21
04/2026,1,NORTE,N,14,RORAIMA,RORAIMA,RR,140045,PACARAIMA,PACARAIMA,5,2025,DOU,23112,11,0,0,0,0,0,0,0,0,0,0,0,38500,166.58
04/2026,1,NORTE,N,14,RORAIMA,RORAIMA,RR,140047,RORAINOPOLIS,RORAINÓPOLIS,5,2025,DOU,37787,14,0,0,2,1099,0,0,0,0,0,0,1099,50099,132.58
04/2026,1,NORTE,N,14,RORAIMA,RORAIMA,RR,140050,SAO JOAO DA BALIZA,SÃO JOÃO DA BALIZA,5,2025,DOU,9969,3,0,0,0,0,0,0,0,0,0,0,0,10500,105.32
04/2026,1,NORTE,N,14,RORAIMA,RORAIMA,RR,140060,SAO LUIZ DO ANAUA,SÃO LUIZ,5,2025,DOU,7848,4,0,0,0,0,0,0,0,0,0,0,0,14000,178.38
04/2026,1,NORTE,N,14,RORAIMA,RORAIMA,RR,140070,UIRAMUTA,UIRAMUTÃ,5,2025,DOU,16186,5,0,0,0,0,0,0,0,0,0,0,0,17500,108.11
04/2026,4,SUL,S,43,RIO GRANDE DO SUL,RIO GRANDE DO SUL,RS,430003,ACEGUA,ACEGUÁ,1,2025,DOU,4251,1,2,0,0,0,0,0,0,0,0,0,0,8750,205.83
04/2026,4,SUL,S,43,RIO GRANDE DO SUL,RIO GRANDE DO SUL,RS,430005,AGUA SANTA,ÁGUA SANTA,3,2025,DOU,4003,1,0,0,0,0,0,0,0,0,0,0,0,3500,87.43
04/2026,4,SUL,S,43,RIO GRANDE DO SUL,RIO GRANDE DO SUL,RS,430010,AGUDO,AGUDO,3,2025,DOU,16341,3,1,0,0,0,0,0,0,0,0,0,0,13125,80.31
04/2026,4,SUL,S,43,RIO GRANDE DO SUL,RIO GRANDE DO SUL,RS,430020,AJURICABA,AJURICABA,3,2025,DOU,6843,3,0,0,0,0,0,0,0,0,0,0,0,10500,153.44
04/2026,4,SUL,S,43,RIO GRANDE DO SUL,RIO GRANDE DO SUL,RS,430030,ALECRIM,ALECRIM,3,2025,DOU,6219,3,0,0,0,0,0,0,0,0,0,0,0,10500,168.83
04/2026,4,SUL,S,43,RIO GRANDE DO SUL,RIO GRANDE DO SUL,RS,430040,ALEGRETE,ALEGRETE,1,2025,DOU,74285,19,0,0,0,0,0,0,0,0,0,0,0,66500,89.52
04/2026,4,SUL,S,43,RIO GRANDE DO SUL,RIO GRANDE DO SUL,RS,430045,ALEGRIA,ALEGRIA,3,2025,DOU,3705,1,0,2,0,0,0,0,0,0,0,0,0,7000,188.93
04/2026,4,SUL,S,43,RIO GRANDE DO SUL,RIO GRANDE DO SUL,RS,430047,ALMIRANTE TAMANDARE DO SUL,ALMIRANTE TAMANDARÉ DO SUL,3,2025,DOU,2007,1,0,0,0,0,0,0,0,0,0,0,0,3500,174.38
04/2026,4,SUL,S,43,RIO GRANDE DO SUL,RIO GRANDE DO SUL,RS,430050,ALPESTRE,ALPESTRE,3,2025,DOU,7235,4,0,0,0,0,0,0,0,0,0,0,0,14000,193.5
04/2026,4,SUL,S,43,RIO GRANDE DO SUL,RIO GRANDE DO SUL,RS,430055,ALTO ALEGRE,ALTO ALEGRE,3,2025,DOU,1837,1,0,0,0,0,0,0,0,0,0,0,0,3500,190.52
04/2026,4,SUL,S,43,RIO GRANDE DO SUL,RIO GRANDE DO SUL,RS,430057,ALTO FELIZ,ALTO FELIZ,3,2025,DOU,3145,1,1,0,0,0,0,0,0,0,0,0,0,6125,194.75
04/2026,4,SUL,S,43,RIO GRANDE DO SUL,RIO GRANDE DO SUL,RS,430060,ALVORADA,ALVORADA,1,2025,DOU,194062,41,0,0,0,0,0,0,0,0,0,0,0,143500,73.94
04/2026,4,SUL,S,43,RIO GRANDE DO SUL,RIO GRANDE DO SUL,RS,430063,AMARAL FERRADOR,AMARAL FERRADOR,3,2025,DOU,5384,2,0,0,0,0,0,0,0,0,0,0,0,7000,130.01
04/2026,4,SUL,S,43,RIO GRANDE DO SUL,RIO GRANDE DO SUL,RS,430064,AMETISTA DO SUL,AMETISTA DO SUL,3,2025,DOU,7826,4,0,0,0,0,0,0,0,0,0,0,0,14000,178.89
04/2026,4,SUL,S,43,RIO GRANDE DO SUL,RIO GRANDE DO SUL,RS,430066,ANDRE DA ROCHA,ANDRÉ DA ROCHA,3,2025,DOU,1156,1,0,0,0,0,0,0,0,0,0,0,0,3500,302.76
04/2026,4,SUL,S,43,RIO GRANDE DO SUL,RIO GRANDE DO SUL,RS,430070,ANTA GORDA,ANTA GORDA,3,2025,DOU,6080,2,0,0,0,0,0,0,0,0,0,0,0,7000,115.13
04/2026,4,SUL,S,43,RIO GRANDE DO SUL,RIO GRANDE DO SUL,RS,430080,ANTONIO PRADO,ANTÔNIO PRADO,3,2025,DOU,13332,6,0,0,0,0,0,0,0,0,0,0,0,21000,157.51
04/2026,4,SUL,S,43,RIO GRANDE DO SUL,RIO GRANDE DO SUL,RS,430085,ARAMBARE,ARAMBARÉ,3,2025,DOU,4215,2,0,0,0,0,0,0,0,0,0,0,0,7000,166.07
04/2026,4,SUL,S,43,RIO GRANDE DO SUL,RIO GRANDE DO SUL,RS,430087,ARARICA,ARARICÁ,1,2025,DOU,8831,3,1,0,0,0,0,0,0,0,0,0,0,13125,148.62
04/2026,4,SUL,S,43,RIO GRANDE DO SUL,RIO GRANDE DO SUL,RS,430090,ARATIBA,ARATIBA,3,2025,DOU,6618,2,0,0,0,0,0,0,0,0,0,0,0,7000,105.77
04/2026,4,SUL,S,43,RIO GRANDE DO SUL,RIO GRANDE DO SUL,RS,430100,ARROIO DO MEIO,ARROIO DO MEIO,1,2025,DOU,22523,6,0,0,0,0,0,0,0,0,0,0,0,21000,93.23
04/2026,4,SUL,S,43,RIO GRANDE DO SUL,RIO GRANDE DO SUL,RS,430107,ARROIO DO PADRE,ARROIO DO PADRE,1,2025,DOU,2650,1,0,0,0,0,0,0,0,0,0,0,0,3500,132.07
04/2026,4,SUL,S,43,RIO GRANDE DO SUL,RIO GRANDE DO SUL,RS,430105,ARROIO DO SAL,ARROIO DO SAL,3,2025,DOU,11418,4,0,1,0,0,0,0,0,0,0,0,0,15750,137.94
04/2026,4,SUL,S,43,RIO GRANDE DO SUL,RIO GRANDE DO SUL,RS,430120,ARROIO DO TIGRE,ARROIO DO TIGRE,3,2025,DOU,12291,3,1,1,0,0,0,0,0,0,0,0,0,14875,121.02
04/2026,4,SUL,S,43,RIO GRANDE DO SUL,RIO GRANDE DO SUL,RS,430110,ARROIO DOS RATOS,ARROIO DOS RATOS,1,2025,DOU,14934,5,0,0,0,0,0,0,1,53,0,0,53,17553,117.53
04/2026,4,SUL,S,43,RIO GRANDE DO SUL,RIO GRANDE DO SUL,RS,430130,ARROIO GRANDE,ARROIO GRANDE,1,2025,DOU,17879,7,2,0,0,0,0,0,0,0,0,0,0,29750,166.39
04/2026,4,SUL,S,43,RIO GRANDE DO SUL,RIO GRANDE DO SUL,RS,430140,ARVOREZINHA,ARVOREZINHA,3,2025,DOU,10547,4,0,0,0,0,0,0,0,0,0,0,0,14000,132.73
04/2026,4,SUL,S,43,RIO GRANDE DO SUL,RIO GRANDE DO SUL,RS,430150,AUGUSTO PESTANA,AUGUSTO PESTANA,3,2025,DOU,7303,3,0,0,0,0,0,0,0,0,0,0,0,10500,143.77
04/2026,4,SUL,S,43,RIO GRANDE DO SUL,RIO GRANDE DO SUL,RS,430155,AUREA,ÁUREA,3,2025,DOU,3458,2,0,0,0,0,0,0,0,0,0,0,0,7000,202.42
04/2026,4,SUL,S,43,RIO GRANDE DO SUL,RIO GRANDE DO SUL,RS,430160,BAGE,BAGÉ,1,2025,DOU,121928,27,0,1,0,0,0,0,1,708,0,0,708,96958,79.52
04/2026,4,SUL,S,43,RIO GRANDE DO SUL,RIO GRANDE DO SUL,RS,430163,BALNEARIO PINHAL,BALNEÁRIO PINHAL,2,2025,DOU,15413,7,0,0,0,0,0,0,0,0,0,0,0,24500,158.95
04/2026,4,SUL,S,43,RIO GRANDE DO SUL,RIO GRANDE DO SUL,RS,430165,BARAO,BARÃO,3,2025,DOU,6496,2,1,1,0,0,0,0,0,0,0,0,0,11375,175.1
04/2026,4,SUL,S,43,RIO GRANDE DO SUL,RIO GRANDE DO SUL,RS,430170,BARAO DE COTEGIPE,BARÃO DE COTEGIPE,3,2025,DOU,7320,3,0,0,0,0,0,0,0,0,0,0,0,10500,143.44
04/2026,4,SUL,S,43,RIO GRANDE DO SUL,RIO GRANDE DO SUL,RS,430175,BARAO DO TRIUNFO,BARÃO DO TRIUNFO,3,2025,DOU,5972,1,0,1,0,0,0,0,0,0,0,0,0,5250,87.91
04/2026,4,SUL,S,43,RIO GRANDE DO SUL,RIO GRANDE DO SUL,RS,430185,BARRA DO GUARITA,BARRA DO GUARITA,3,2025,DOU,3231,1,0,1,0,0,0,0,0,0,0,0,0,5250,162.48
04/2026,4,SUL,S,43,RIO GRANDE DO SUL,RIO GRANDE DO SUL,RS,430187,BARRA DO QUARAI,BARRA DO QUARAÍ,3,2025,DOU,4340,2,0,0,0,0,0,0,0,0,0,0,0,7000,161.29
04/2026,4,SUL,S,43,RIO GRANDE DO SUL,RIO GRANDE DO SUL,RS,430190,BARRA DO RIBEIRO,BARRA DO RIBEIRO,3,2025,DOU,12473,3,0,0,0,0,0,0,0,0,0,0,0,10500,84.18
04/2026,4,SUL,S,43,RIO GRANDE DO SUL,RIO GRANDE DO SUL,RS,430192,BARRA DO RIO AZUL,BARRA DO RIO AZUL,3,2025,DOU,1721,1,0,0,0,0,0,0,0,0,0,0,0,3500,203.37
04/2026,4,SUL,S,43,RIO GRANDE DO SUL,RIO GRANDE DO SUL,RS,430195,BARRA FUNDA,BARRA FUNDA,3,2025,DOU,2557,1,0,0,0,0,0,0,0,0,0,0,0,3500,136.87
04/2026,4,SUL,S,43,RIO GRANDE DO SUL,RIO GRANDE DO SUL,RS,430180,BARRACAO,BARRACÃO,3,2025,DOU,4915,2,0,0,0,0,0,0,0,0,0,0,0,7000,142.42
04/2026,4,SUL,S,43,RIO GRANDE DO SUL,RIO GRANDE DO SUL,RS,430200,BARROS CASSAL,BARROS CASSAL,3,2025,DOU,9425,4,0,1,0,0,0,0,0,0,0,0,0,15750,167.1
04/2026,4,SUL,S,43,RIO GRANDE DO SUL,RIO GRANDE DO SUL,RS,430205,BENJAMIN CONSTANT DO SUL,BENJAMIN CONSTANT DO SUL,3,2025,DOU,2118,1,0,0,0,0,0,0,0,0,0,0,0,3500,165.25
04/2026,4,SUL,S,43,RIO GRANDE DO SUL,RIO GRANDE DO SUL,RS,430210,BENTO GONCALVES,BENTO GONÇALVES,1,2025,DOU,127977,18,4,3,0,0,0,0,1,15,0,0,15,78765,61.54
04/2026,4,SUL,S,43,RIO GRANDE DO SUL,RIO GRANDE DO SUL,RS,430215,BOA VISTA DAS MISSOES,BOA VISTA DAS MISSÕES,3,2025,DOU,1968,1,0,0,0,0,0,0,0,0,0,0,0,3500,177.84
04/2026,4,SUL,S,43,RIO GRANDE DO SUL,RIO GRANDE DO SUL,RS,430220,BOA VISTA DO BURICA,BOA VISTA DO BURICÁ,3,2025,DOU,7129,3,0,0,0,0,0,0,0,0,0,0,0,10500,147.28
04/2026,4,SUL,S,43,RIO GRANDE DO SUL,RIO GRANDE DO SUL,RS,430222,BOA VISTA DO CADEADO,BOA VISTA DO CADEADO,3,2025,DOU,2269,1,1,0,0,0,0,0,0,0,0,0,0,6125,269.94
04/2026,4,SUL,S,43,RIO GRANDE DO SUL,RIO GRANDE DO SUL,RS,430225,BOA VISTA DO SUL,BOA VISTA DO SUL,3,2025,DOU,2815,0,0,0,0,0,0,0,0,0,0,0,0,0,0.0
04/2026,4,SUL,S,43,RIO GRANDE DO SUL,RIO GRANDE DO SUL,RS,430230,BOM JESUS,BOM JESUS,3,2025,DOU,11429,4,0,0,0,0,0,0,0,0,0,0,0,14000,122.49
04/2026,4,SUL,S,43,RIO GRANDE DO SUL,RIO GRANDE DO SUL,RS,430235,BOM PRINCIPIO,BOM PRINCÍPIO,3,2025,DOU,13665,4,0,0,0,0,0,0,0,0,0,0,0,14000,102.45
04/2026,4,SUL,S,43,RIO GRANDE DO SUL,RIO GRANDE DO SUL,RS,430237,BOM PROGRESSO,BOM PROGRESSO,3,2025,DOU,2132,1,0,0,0,0,0,0,0,0,0,0,0,3500,164.16
04/2026,4,SUL,S,43,RIO GRANDE DO SUL,RIO GRANDE DO SUL,RS,430240,BOM RETIRO DO SUL,BOM RETIRO DO SUL,1,2025,DOU,12587,4,2,1,0,0,0,0,0,0,0,0,0,21000,166.83
04/2026,4,SUL,S,43,RIO GRANDE DO SUL,RIO GRANDE DO SUL,RS,430245,BOQUEIRAO DO LEAO,BOQUEIRÃO DO LEÃO,3,2025,DOU,6202,3,0,0,0,0,0,0,0,0,0,0,0,10500,169.3
04/2026,4,SUL,S,43,RIO GRANDE DO SUL,RIO GRANDE DO SUL,RS,430250,BOSSOROCA,BOSSOROCA,3,2025,DOU,5978,3,0,0,0,0,0,0,0,0,0,0,0,10500,175.64
04/2026,4,SUL,S,43,RIO GRANDE DO SUL,RIO GRANDE DO SUL,RS,430258,BOZANO,BOZANO,3,2025,DOU,2195,1,0,0,0,0,0,0,0,0,0,0,0,3500,159.45
04/2026,4,SUL,S,43,RIO GRANDE DO SUL,RIO GRANDE DO SUL,RS,430260,BRAGA,BRAGA,3,2025,DOU,3322,2,0,0,0,0,0,0,0,0,0,0,0,7000,210.71
04/2026,4,SUL,S,43,RIO GRANDE DO SUL,RIO GRANDE DO SUL,RS,430265,BROCHIER,BROCHIER,3,2025,DOU,5083,1,1,0,0,0,0,0,0,0,0,0,0,6125,120.49
04/2026,4,SUL,S,43,RIO GRANDE DO SUL,RIO GRANDE DO SUL,RS,430270,BUTIA,BUTIÁ,1,2025,DOU,19421,7,0,1,0,0,0,0,0,0,0,0,0,26250,135.16
04/2026,4,SUL,S,43,RIO GRANDE DO SUL,RIO GRANDE DO SUL,RS,430280,CACAPAVA DO SUL,CAÇAPAVA DO SUL,2,2025,DOU,33501,5,1,0,0,0,0,0,0,0,0,0,0,20125,60.07
04/2026,4,SUL,S,43,RIO GRANDE DO SUL,RIO GRANDE DO SUL,RS,430290,CACEQUI,CACEQUI,3,2025,DOU,11300,6,0,0,0,0,0,0,0,0,0,0,0,21000,185.84
04/2026,4,SUL,S,43,RIO GRANDE DO SUL,RIO GRANDE DO SUL,RS,430300,CACHOEIRA DO SUL,CACHOEIRA DO SUL,1,2025,DOU,82222,11,9,0,0,0,0,0,0,0,0,0,0,62125,75.55
04/2026,4,SUL,S,43,RIO GRANDE DO SUL,RIO GRANDE DO SUL,RS,430310,CACHOEIRINHA,CACHOEIRINHA,1,2025,DOU,141503,15,2,22,0,0,0,0,0,0,0,0,0,96250,68.01
04/2026,4,SUL,S,43,RIO GRANDE DO SUL,RIO GRANDE DO SUL,RS,430320,CACIQUE DOBLE,CACIQUE DOBLE,3,2025,DOU,4692,2,0,0,0,0,0,0,0,0,0,0,0,7000,149.19
04/2026,4,SUL,S,43,RIO GRANDE DO SUL,RIO GRANDE DO SUL,RS,430330,CAIBATE,CAIBATÉ,3,2025,DOU,4795,2,0,0,0,0,0,0,0,0,0,0,0,7000,145.98
04/2026,4,SUL,S,43,RIO GRANDE DO SUL,RIO GRANDE DO SUL,RS,430340,CAICARA,CAIÇARA,3,2025,DOU,4931,2,0,0,0,0,0,0,0,0,0,0,0,7000,141.95
04/2026,4,SUL,S,43,RIO GRANDE DO SUL,RIO GRANDE DO SUL,RS,430350,CAMAQUA,CAMAQUÃ,1,2025,DOU,63961,19,5,0,0,0,0,0,1,736,0,0,736,80361,125.64
04/2026,4,SUL,S,43,RIO GRANDE DO SUL,RIO GRANDE DO SUL,RS,430355,CAMARGO,CAMARGO,3,2025,DOU,3060,1,0,0,0,0,0,0,0,0,0,0,0,3500,114.37
04/2026,4,SUL,S,43,RIO GRANDE DO SUL,RIO GRANDE DO SUL,RS,430360,CAMBARA DO SUL,CAMBARÁ DO SUL,3,2025,DOU,6490,3,0,0,0,0,0,0,0,0,0,0,0,10500,161.78
04/2026,4,SUL,S,43,RIO GRANDE DO SUL,RIO GRANDE DO SUL,RS,430367,CAMPESTRE DA SERRA,CAMPESTRE DA SERRA,3,2025,DOU,3311,1,0,0,0,0,0,0,0,0,0,0,0,3500,105.7
04/2026,4,SUL,S,43,RIO GRANDE DO SUL,RIO GRANDE DO SUL,RS,430370,CAMPINA DAS MISSOES,CAMPINA DAS MISSÕES,3,2025,DOU,5999,2,0,0,0,0,0,0,0,0,0,0,0,7000,116.68
04/2026,4,SUL,S,43,RIO GRANDE DO SUL,RIO GRANDE DO SUL,RS,430380,CAMPINAS DO SUL,CAMPINAS DO SUL,3,2025,DOU,5388,3,0,0,0,0,0,0,0,0,0,0,0,10500,194.87
04/2026,4,SUL,S,43,RIO GRANDE DO SUL,RIO GRANDE DO SUL,RS,430390,CAMPO BOM,CAMPO BOM,1,2025,DOU,64719,15,3,2,0,0,0,0,0,0,0,0,0,63875,98.69
04/2026,4,SUL,S,43,RIO GRANDE DO SUL,RIO GRANDE DO SUL,RS,430400,CAMPO NOVO,CAMPO NOVO,3,2025,DOU,5063,2,0,0,0,0,0,0,0,0,0,0,0,7000,138.25
04/2026,4,SUL,S,43,RIO GRANDE DO SUL,RIO GRANDE DO SUL,RS,430410,CAMPOS BORGES,CAMPOS BORGES,3,2025,DOU,3695,2,0,0,0,0,0,0,0,0,0,0,0,7000,189.44
04/2026,4,SUL,S,43,RIO GRANDE DO SUL,RIO GRANDE DO SUL,RS,430420,CANDELARIA,CANDELÁRIA,3,2025,DOU,29775,3,1,12,0,0,0,0,0,0,0,0,0,34125,114.6
04/2026,4,SUL,S,43,RIO GRANDE DO SUL,RIO GRANDE DO SUL,RS,430430,CANDIDO GODOI,CÂNDIDO GODÓI,3,2025,DOU,6419,2,0,0,0,0,0,0,0,0,0,0,0,7000,109.05
04/2026,4,SUL,S,43,RIO GRANDE DO SUL,RIO GRANDE DO SUL,RS,430435,CANDIOTA,CANDIOTA,1,2025,DOU,11012,4,0,1,0,0,0,0,0,0,0,0,0,15750,143.02
04/2026,4,SUL,S,43,RIO GRANDE DO SUL,RIO GRANDE DO SUL,RS,430440,CANELA,CANELA,1,2025,DOU,50715,6,0,2,0,0,0,0,0,0,0,0,0,24500,48.3
04/2026,4,SUL,S,43,RIO GRANDE DO SUL,RIO GRANDE DO SUL,RS,430450,CANGUCU,CANGUÇU,3,2025,DOU,50968,7,0,7,0,0,0,0,0,0,0,0,0,36750,72.1
04/2026,4,SUL,S,43,RIO GRANDE DO SUL,RIO GRANDE DO SUL,RS,430460,CANOAS,CANOAS,1,2025,DOU,359840,83,9,3,0,0,1,665,3,3506,0,0,4171,323546,89.91
04/2026,4,SUL,S,43,RIO GRANDE DO SUL,RIO GRANDE DO SUL,RS,430461,CANUDOS DO VALE,CANUDOS DO VALE,3,2025,DOU,1686,1,0,0,0,0,0,0,0,0,0,0,0,3500,207.59
04/2026,4,SUL,S,43,RIO GRANDE DO SUL,RIO GRANDE DO SUL,RS,430462,CAPAO BONITO DO SUL,CAPÃO BONITO DO SUL,3,2025,DOU,1769,1,0,0,0,0,0,0,0,0,0,0,0,3500,197.85
04/2026,4,SUL,S,43,RIO GRANDE DO SUL,RIO GRANDE DO SUL,RS,430463,CAPAO DA CANOA,CAPÃO DA CANOA,1,2025,DOU,66234,10,4,0,0,0,0,0,0,0,0,0,0,45500,68.69
04/2026,4,SUL,S,43,RIO GRANDE DO SUL,RIO GRANDE DO SUL,RS,430465,CAPAO DO CIPO,CAPÃO DO CIPÓ,3,2025,DOU,3187,2,0,0,0,0,0,0,0,0,0,0,0,7000,219.64
04/2026,4,SUL,S,43,RIO GRANDE DO SUL,RIO GRANDE DO SUL,RS,430466,CAPAO DO LEAO,CAPÃO DO LEÃO,1,2025,DOU,27416,6,3,0,0,0,0,0,0,0,0,0,0,28875,105.32
04/2026,4,SUL,S,43,RIO GRANDE DO SUL,RIO GRANDE DO SUL,RS,430468,CAPELA DE SANTANA,CAPELA DE SANTANA,1,2025,DOU,11424,4,4,0,0,0,0,0,0,0,0,0,0,24500,214.46
04/2026,4,SUL,S,43,RIO GRANDE DO SUL,RIO GRANDE DO SUL,RS,430469,CAPITAO,CAPITÃO,3,2025,DOU,2994,1,0,0,0,0,0,0,0,0,0,0,0,3500,116.9
04/2026,4,SUL,S,43,RIO GRANDE DO SUL,RIO GRANDE DO SUL,RS,430467,CAPIVARI DO SUL,CAPIVARI DO SUL,3,2025,DOU,4080,1,1,0,0,0,0,0,0,0,0,0,0,6125,150.12
04/2026,4,SUL,S,43,RIO GRANDE DO SUL,RIO GRANDE DO SUL,RS,430471,CARAA,CARAÁ,3,2025,DOU,7555,3,0,0,0,0,0,0,0,0,0,0,0,10500,138.98
04/2026,4,SUL,S,43,RIO GRANDE DO SUL,RIO GRANDE DO SUL,RS,430470,CARAZINHO,CARAZINHO,1,2025,DOU,63670,14,0,2,0,0,0,0,1,151,0,0,151,52651,82.69
04/2026,4,SUL,S,43,RIO GRANDE DO SUL,RIO GRANDE DO SUL,RS,430480,CARLOS BARBOSA,CARLOS BARBOSA,1,2025,DOU,31585,2,0,4,0,0,0,0,0,0,0,0,0,14000,44.32
04/2026,4,SUL,S,43,RIO GRANDE DO SUL,RIO GRANDE DO SUL,RS,430485,CARLOS GOMES,CARLOS GOMES,3,2025,DOU,1384,1,0,0,0,0,0,0,0,0,0,0,0,3500,252.89
04/2026,4,SUL,S,43,RIO GRANDE DO SUL,RIO GRANDE DO SUL,RS,430490,CASCA,CASCA,3,2025,DOU,9698,3,0,0,0,0,0,0,0,0,0,0,0,10500,108.26
04/2026,4,SUL,S,43,RIO GRANDE DO SUL,RIO GRANDE DO SUL,RS,430495,CASEIROS,CASEIROS,3,2025,DOU,3064,1,0,0,0,0,0,0,0,0,0,0,0,3500,114.22
04/2026,4,SUL,S,43,RIO GRANDE DO SUL,RIO GRANDE DO SUL,RS,430500,CATUIPE,CATUÍPE,3,2025,DOU,8834,4,0,0,0,0,0,0,0,0,0,0,0,14000,158.47
04/2026,4,SUL,S,43,RIO GRANDE DO SUL,RIO GRANDE DO SUL,RS,430510,CAXIAS DO SUL,CAXIAS DO SUL,1,2025,DOU,479599,53,6,28,0,0,2,1173,2,2678,0,0,3851,254101,52.98
04/2026,4,SUL,S,43,RIO GRANDE DO SUL,RIO GRANDE DO SUL,RS,430511,CENTENARIO,CENTENÁRIO,3,2025,DOU,2777,1,0,0,0,0,0,0,0,0,0,0,0,3500,126.03
04/2026,4,SUL,S,43,RIO GRANDE DO SUL,RIO GRANDE DO SUL,RS,430512,CERRITO,CERRITO,3,2025,DOU,5910,3,0,0,0,0,0,0,0,0,0,0,0,10500,177.66
04/2026,4,SUL,S,43,RIO GRANDE DO SUL,RIO GRANDE DO SUL,RS,430513,CERRO BRANCO,CERRO BRANCO,3,2025,DOU,3859,2,0,0,0,0,0,0,0,0,0,0,0,7000,181.39
04/2026,4,SUL,S,43,RIO GRANDE DO SUL,RIO GRANDE DO SUL,RS,430515,CERRO GRANDE,CERRO GRANDE,3,2025,DOU,2428,1,0,0,0,0,0,0,0,0,0,0,0,3500,144.15
04/2026,4,SUL,S,43,RIO GRANDE DO SUL,RIO GRANDE DO SUL,RS,430517,CERRO GRANDE DO SUL,CERRO GRANDE DO SUL,3,2025,DOU,9333,3,0,0,0,0,0,0,0,0,0,0,0,10500,112.5
04/2026,4,SUL,S,43,RIO GRANDE DO SUL,RIO GRANDE DO SUL,RS,430520,CERRO LARGO,CERRO LARGO,2,2025,DOU,14014,4,0,0,0,0,0,0,0,0,0,0,0,14000,99.9
04/2026,4,SUL,S,43,RIO GRANDE DO SUL,RIO GRANDE DO SUL,RS,430530,CHAPADA,CHAPADA,3,2025,DOU,9751,4,0,0,0,0,0,0,0,0,0,0,0,14000,143.57
04/2026,4,SUL,S,43,RIO GRANDE DO SUL,RIO GRANDE DO SUL,RS,430535,CHARQUEADAS,CHARQUEADAS,1,2025,DOU,36110,12,0,0,0,0,0,0,9,4155,1,850,5005,47005,130.17
04/2026,4,SUL,S,43,RIO GRANDE DO SUL,RIO GRANDE DO SUL,RS,430537,CHARRUA,CHARRUA,3,2025,DOU,2800,1,0,0,0,0,0,0,0,0,0,0,0,3500,125.0
04/2026,4,SUL,S,43,RIO GRANDE DO SUL,RIO GRANDE DO SUL,RS,430540,CHIAPETTA,CHIAPETTA,3,2025,DOU,3991,2,0,0,0,0,0,0,0,0,0,0,0,7000,175.39
04/2026,4,SUL,S,43,RIO GRANDE DO SUL,RIO GRANDE DO SUL,RS,430543,CHUI,CHUÍ,4,2025,DOU,6409,1,0,0,0,0,0,0,0,0,0,0,0,3500,54.61
04/2026,4,SUL,S,43,RIO GRANDE DO SUL,RIO GRANDE DO SUL,RS,430544,CHUVISCA,CHUVISCA,3,2025,DOU,4682,2,2,0,0,0,0,0,0,0,0,0,0,12250,261.64
04/2026,4,SUL,S,43,RIO GRANDE DO SUL,RIO GRANDE DO SUL,RS,430545,CIDREIRA,CIDREIRA,2,2025,DOU,17583,4,0,0,0,0,0,0,0,0,0,0,0,14000,79.62
04/2026,4,SUL,S,43,RIO GRANDE DO SUL,RIO GRANDE DO SUL,RS,430550,CIRIACO,CIRÍACO,3,2025,DOU,4208,2,0,0,0,0,0,0,0,0,0,0,0,7000,166.34
04/2026,4,SUL,S,43,RIO GRANDE DO SUL,RIO GRANDE DO SUL,RS,430558,COLINAS,COLINAS,3,2025,DOU,2474,1,0,0,0,0,0,0,0,0,0,0,0,3500,141.47
04/2026,4,SUL,S,43,RIO GRANDE DO SUL,RIO GRANDE DO SUL,RS,430560,COLORADO,COLORADO,3,2025,DOU,3316,2,0,0,0,0,0,0,0,0,0,0,0,7000,211.09
04/2026,4,SUL,S,43,RIO GRANDE DO SUL,RIO GRANDE DO SUL,RS,430570,CONDOR,CONDOR,3,2025,DOU,6538,3,0,0,0,0,0,0,0,0,0,0,0,10500,160.59
04/2026,4,SUL,S,43,RIO GRANDE DO SUL,RIO GRANDE DO SUL,RS,430580,CONSTANTINA,CONSTANTINA,3,2025,DOU,10631,4,0,0,0,0,0,0,0,0,0,0,0,14000,131.69
04/2026,4,SUL,S,43,RIO GRANDE DO SUL,RIO GRANDE DO SUL,RS,430583,COQUEIRO BAIXO,COQUEIRO BAIXO,3,2025,DOU,1308,1,0,0,0,0,0,0,0,0,0,0,0,3500,267.58
04/2026,4,SUL,S,43,RIO GRANDE DO SUL,RIO GRANDE DO SUL,RS,430585,COQUEIROS DO SUL,COQUEIROS DO SUL,3,2025,DOU,2248,1,0,0,0,0,0,0,0,0,0,0,0,3500,155.69
04/2026,4,SUL,S,43,RIO GRANDE DO SUL,RIO GRANDE DO SUL,RS,430587,CORONEL BARROS,CORONEL BARROS,3,2025,DOU,2896,1,0,0,0,0,0,0,0,0,0,0,0,3500,120.85
04/2026,4,SUL,S,43,RIO GRANDE DO SUL,RIO GRANDE DO SUL,RS,430590,CORONEL BICACO,CORONEL BICACO,3,2025,DOU,6214,4,0,0,0,0,0,0,0,0,0,0,0,14000,225.29
04/2026,4,SUL,S,43,RIO GRANDE DO SUL,RIO GRANDE DO SUL,RS,430593,CORONEL PILAR,CORONEL PILAR,3,2025,DOU,1637,1,0,0,0,0,0,0,0,0,0,0,0,3500,213.8
04/2026,4,SUL,S,43,RIO GRANDE DO SUL,RIO GRANDE DO SUL,RS,430595,COTIPORA,COTIPORÃ,3,2025,DOU,3926,2,0,0,0,0,0,0,0,0,0,0,0,7000,178.29
04/2026,4,SUL,S,43,RIO GRANDE DO SUL,RIO GRANDE DO SUL,RS,430597,COXILHA,COXILHA,3,2025,DOU,2718,1,0,0,0,0,0,0,0,0,0,0,0,3500,128.77
04/2026,4,SUL,S,43,RIO GRANDE DO SUL,RIO GRANDE DO SUL,RS,430600,CRISSIUMAL,CRISSIUMAL,3,2025,DOU,13116,5,0,0,0,0,0,0,0,0,0,0,0,17500,133.42
04/2026,4,SUL,S,43,RIO GRANDE DO SUL,RIO GRANDE DO SUL,RS,430605,CRISTAL,CRISTAL,3,2025,DOU,7455,4,0,0,0,0,0,0,0,0,0,0,0,14000,187.79
04/2026,4,SUL,S,43,RIO GRANDE DO SUL,RIO GRANDE DO SUL,RS,430607,CRISTAL DO SUL,CRISTAL DO SUL,3,2025,DOU,2745,1,0,0,0,0,0,0,0,0,0,0,0,3500,127.5
04/2026,4,SUL,S,43,RIO GRANDE DO SUL,RIO GRANDE DO SUL,RS,430610,CRUZ ALTA,CRUZ ALTA,1,2025,DOU,60454,21,0,1,0,0,0,0,0,0,0,0,0,75250,124.47
04/2026,4,SUL,S,43,RIO GRANDE DO SUL,RIO GRANDE DO SUL,RS,430613,CRUZALTENSE,CRUZALTENSE,3,2025,DOU,1650,1,0,0,0,0,0,0,0,0,0,0,0,3500,212.12
04/2026,4,SUL,S,43,RIO GRANDE DO SUL,RIO GRANDE DO SUL,RS,430620,CRUZEIRO DO SUL,CRUZEIRO DO SUL,1,2025,DOU,12574,2,3,0,0,0,0,0,0,0,0,0,0,14875,118.29
04/2026,4,SUL,S,43,RIO GRANDE DO SUL,RIO GRANDE DO SUL,RS,430630,DAVID CANABARRO,DAVID CANABARRO,3,2025,DOU,4400,2,0,0,0,0,0,0,0,0,0,0,0,7000,159.09
04/2026,4,SUL,S,43,RIO GRANDE DO SUL,RIO GRANDE DO SUL,RS,430632,DERRUBADAS,DERRUBADAS,3,2025,DOU,2793,1,0,0,0,0,0,0,0,0,0,0,0,3500,125.31
04/2026,4,SUL,S,43,RIO GRANDE DO SUL,RIO GRANDE DO SUL,RS,430635,DEZESSEIS DE NOVEMBRO,DEZESSEIS DE NOVEMBRO,3,2025,DOU,2540,1,0,0,0,0,0,0,0,0,0,0,0,3500,137.79
04/2026,4,SUL,S,43,RIO GRANDE DO SUL,RIO GRANDE DO SUL,RS,430637,DILERMANDO DE AGUIAR,DILERMANDO DE AGUIAR,3,2025,DOU,2856,1,0,0,0,0,0,0,0,0,0,0,0,3500,122.54
04/2026,4,SUL,S,43,RIO GRANDE DO SUL,RIO GRANDE DO SUL,RS,430640,DOIS IRMAOS,DOIS IRMÃOS,1,2025,DOU,31804,9,2,0,0,0,0,0,0,0,0,0,0,36750,115.55
04/2026,4,SUL,S,43,RIO GRANDE DO SUL,RIO GRANDE DO SUL,RS,430642,DOIS IRMAOS DAS MISSOES,DOIS IRMÃOS DAS MISSÕES,3,2025,DOU,2132,1,0,0,0,0,0,0,0,0,0,0,0,3500,164.16
04/2026,4,SUL,S,43,RIO GRANDE DO SUL,RIO GRANDE DO SUL,RS,430645,DOIS LAJEADOS,DOIS LAJEADOS,3,2025,DOU,3156,1,0,0,0,0,0,0,0,0,0,0,0,3500,110.89
04/2026,4,SUL,S,43,RIO GRANDE DO SUL,RIO GRANDE DO SUL,RS,430650,DOM FELICIANO,DOM FELICIANO,3,2025,DOU,13280,4,0,1,0,0,0,0,0,0,0,0,0,15750,118.59
04/2026,4,SUL,S,43,RIO GRANDE DO SUL,RIO GRANDE DO SUL,RS,430660,DOM PEDRITO,DOM PEDRITO,1,2025,DOU,38080,8,1,0,0,0,0,0,1,329,0,0,329,30954,81.28
04/2026,4,SUL,S,43,RIO GRANDE DO SUL,RIO GRANDE DO SUL,RS,430655,DOM PEDRO DE ALCANTARA,DOM PEDRO DE ALCÂNTARA,3,2025,DOU,2617,1,0,0,0,0,0,0,0,0,0,0,0,3500,133.74
04/2026,4,SUL,S,43,RIO GRANDE DO SUL,RIO GRANDE DO SUL,RS,430670,DONA FRANCISCA,DONA FRANCISCA,3,2025,DOU,3133,1,0,0,0,0,0,0,0,0,0,0,0,3500,111.71
04/2026,4,SUL,S,43,RIO GRANDE DO SUL,RIO GRANDE DO SUL,RS,430673,DOUTOR MAURICIO CARDOSO,DOUTOR MAURÍCIO CARDOSO,3,2025,DOU,4534,3,0,0,0,0,0,0,0,0,0,0,0,10500,231.58
04/2026,4,SUL,S,43,RIO GRANDE DO SUL,RIO GRANDE DO SUL,RS,430675,DOUTOR RICARDO,DOUTOR RICARDO,3,2025,DOU,1924,1,0,0,0,0,0,0,0,0,0,0,0,3500,181.91
04/2026,4,SUL,S,43,RIO GRANDE DO SUL,RIO GRANDE DO SUL,RS,430676,ELDORADO DO SUL,ELDORADO DO SUL,1,2025,DOU,41012,14,0,0,0,0,0,0,0,0,0,0,0,49000,119.47
04/2026,4,SUL,S,43,RIO GRANDE DO SUL,RIO GRANDE DO SUL,RS,430680,ENCANTADO,ENCANTADO,1,2025,DOU,23520,7,0,0,0,0,0,0,1,1,0,0,1,24501,104.17
04/2026,4,SUL,S,43,RIO GRANDE DO SUL,RIO GRANDE DO SUL,RS,430690,ENCRUZILHADA DO SUL,ENCRUZILHADA DO SUL,2,2025,DOU,24275,4,1,0,0,0,0,0,0,0,0,0,0,16625,68.48
04/2026,4,SUL,S,43,RIO GRANDE DO SUL,RIO GRANDE DO SUL,RS,430692,ENGENHO VELHO,ENGENHO VELHO,3,2025,DOU,1315,1,0,0,0,0,0,0,0,0,0,0,0,3500,266.15
04/2026,4,SUL,S,43,RIO GRANDE DO SUL,RIO GRANDE DO SUL,RS,430695,ENTRE RIOS DO SUL,ENTRE RIOS DO SUL,3,2025,DOU,2727,1,0,0,0,0,0,0,0,0,0,0,0,3500,128.34
04/2026,4,SUL,S,43,RIO GRANDE DO SUL,RIO GRANDE DO SUL,RS,430693,ENTRE-IJUIS,ENTRE-IJUÍS,1,2025,DOU,9367,3,0,0,0,0,0,0,0,0,0,0,0,10500,112.09
04/2026,4,SUL,S,43,RIO GRANDE DO SUL,RIO GRANDE DO SUL,RS,430697,EREBANGO,EREBANGO,3,2025,DOU,3122,1,0,0,0,0,0,0,0,0,0,0,0,3500,112.1
04/2026,4,SUL,S,43,RIO GRANDE DO SUL,RIO GRANDE DO SUL,RS,430700,ERECHIM,ERECHIM,1,2025,DOU,109609,30,0,10,0,0,0,0,0,0,1,874,874,123374,112.55
04/2026,4,SUL,S,43,RIO GRANDE DO SUL,RIO GRANDE DO SUL,RS,430705,ERNESTINA,ERNESTINA,3,2025,DOU,3097,1,0,0,0,0,0,0,0,0,0,0,0,3500,113.01
04/2026,4,SUL,S,43,RIO GRANDE DO SUL,RIO GRANDE DO SUL,RS,430720,ERVAL GRANDE,ERVAL GRANDE,3,2025,DOU,5027,3,0,0,0,0,0,0,0,0,0,0,0,10500,208.87
04/2026,4,SUL,S,43,RIO GRANDE DO SUL,RIO GRANDE DO SUL,RS,430730,ERVAL SECO,ERVAL SECO,3,2025,DOU,6892,3,1,0,0,0,0,0,0,0,0,0,0,13125,190.43
04/2026,4,SUL,S,43,RIO GRANDE DO SUL,RIO GRANDE DO SUL,RS,430740,ESMERALDA,ESMERALDA,3,2025,DOU,3264,1,0,0,0,0,0,0,0,0,0,0,0,3500,107.23
04/2026,4,SUL,S,43,RIO GRANDE DO SUL,RIO GRANDE DO SUL,RS,430745,ESPERANCA DO SUL,ESPERANÇA DO SUL,3,2025,DOU,3293,2,0,0,0,0,0,0,0,0,0,0,0,7000,212.57
04/2026,4,SUL,S,43,RIO GRANDE DO SUL,RIO GRANDE DO SUL,RS,430750,ESPUMOSO,ESPUMOSO,2,2025,DOU,15478,4,0,2,0,0,0,0,0,0,0,0,0,17500,113.06
04/2026,4,SUL,S,43,RIO GRANDE DO SUL,RIO GRANDE DO SUL,RS,430755,ESTACAO,ESTAÇÃO,1,2025,DOU,5685,3,0,0,0,0,0,0,0,0,0,0,0,10500,184.69
04/2026,4,SUL,S,43,RIO GRANDE DO SUL,RIO GRANDE DO SUL,RS,430760,ESTANCIA VELHA,ESTÂNCIA VELHA,1,2025,DOU,49499,11,0,0,0,0,0,0,0,0,0,0,0,38500,77.77
04/2026,4,SUL,S,43,RIO GRANDE DO SUL,RIO GRANDE DO SUL,RS,430770,ESTEIO,ESTEIO,1,2025,DOU,78144,15,5,3,0,0,0,0,0,0,0,0,0,70875,90.69
04/2026,4,SUL,S,43,RIO GRANDE DO SUL,RIO GRANDE DO SUL,RS,430780,ESTRELA,ESTRELA,1,2025,DOU,33263,5,2,2,0,0,0,0,0,0,0,0,0,26250,78.91
04/2026,4,SUL,S,43,RIO GRANDE DO SUL,RIO GRANDE DO SUL,RS,430781,ESTRELA VELHA,ESTRELA VELHA,3,2025,DOU,3115,2,0,0,0,0,0,0,0,0,0,0,0,7000,224.71
04/2026,4,SUL,S,43,RIO GRANDE DO SUL,RIO GRANDE DO SUL,RS,430783,EUGENIO DE CASTRO,EUGÊNIO DE CASTRO,3,2025,DOU,2683,1,0,0,0,0,0,0,0,0,0,0,0,3500,130.45
04/2026,4,SUL,S,43,RIO GRANDE DO SUL,RIO GRANDE DO SUL,RS,430786,FAGUNDES VARELA,FAGUNDES VARELA,3,2025,DOU,2620,1,0,0,0,0,0,0,0,0,0,0,0,3500,133.58
04/2026,4,SUL,S,43,RIO GRANDE DO SUL,RIO GRANDE DO SUL,RS,430790,FARROUPILHA,FARROUPILHA,1,2025,DOU,72552,10,0,5,0,0,0,0,0,0,0,0,0,43750,60.3
04/2026,4,SUL,S,43,RIO GRANDE DO SUL,RIO GRANDE DO SUL,RS,430800,FAXINAL DO SOTURNO,FAXINAL DO SOTURNO,3,2025,DOU,6846,3,0,0,0,0,0,0,0,0,0,0,0,10500,153.37
04/2026,4,SUL,S,43,RIO GRANDE DO SUL,RIO GRANDE DO SUL,RS,430805,FAXINALZINHO,FAXINALZINHO,3,2025,DOU,2572,1,0,0,0,0,0,0,0,0,0,0,0,3500,136.08
04/2026,4,SUL,S,43,RIO GRANDE DO SUL,RIO GRANDE DO SUL,RS,430807,FAZENDA VILANOVA,FAZENDA VILANOVA,1,2025,DOU,4405,2,0,0,0,0,0,0,0,0,0,0,0,7000,158.91
04/2026,4,SUL,S,43,RIO GRANDE DO SUL,RIO GRANDE DO SUL,RS,430810,FELIZ,FELIZ,3,2025,DOU,13994,7,0,0,0,0,0,0,0,0,0,0,0,24500,175.07
04/2026,4,SUL,S,43,RIO GRANDE DO SUL,RIO GRANDE DO SUL,RS,430820,FLORES DA CUNHA,FLORES DA CUNHA,2,2025,DOU,32015,5,3,5,0,0,0,0,0,0,0,0,0,34125,106.59
04/2026,4,SUL,S,43,RIO GRANDE DO SUL,RIO GRANDE DO SUL,RS,430825,FLORIANO PEIXOTO,FLORIANO PEIXOTO,3,2025,DOU,1690,1,0,0,0,0,0,0,0,0,0,0,0,3500,207.1
04/2026,4,SUL,S,43,RIO GRANDE DO SUL,RIO GRANDE DO SUL,RS,430830,FONTOURA XAVIER,FONTOURA XAVIER,3,2025,DOU,9710,5,0,0,0,0,0,0,0,0,0,0,0,17500,180.22
04/2026,4,SUL,S,43,RIO GRANDE DO SUL,RIO GRANDE DO SUL,RS,430840,FORMIGUEIRO,FORMIGUEIRO,3,2025,DOU,6527,3,0,0,0,0,0,0,0,0,0,0,0,10500,160.87
04/2026,4,SUL,S,43,RIO GRANDE DO SUL,RIO GRANDE DO SUL,RS,430843,FORQUETINHA,FORQUETINHA,1,2025,DOU,2441,1,0,0,0,0,0,0,0,0,0,0,0,3500,143.38
04/2026,4,SUL,S,43,RIO GRANDE DO SUL,RIO GRANDE DO SUL,RS,430845,FORTALEZA DOS VALOS,FORTALEZA DOS VALOS,3,2025,DOU,4569,2,0,0,0,0,0,0,0,0,0,0,0,7000,153.2
04/2026,4,SUL,S,43,RIO GRANDE DO SUL,RIO GRANDE DO SUL,RS,430850,FREDERICO WESTPHALEN,FREDERICO WESTPHALEN,1,2025,DOU,33726,7,3,0,0,0,0,0,1,263,0,0,263,32638,96.77
04/2026,4,SUL,S,43,RIO GRANDE DO SUL,RIO GRANDE DO SUL,RS,430860,GARIBALDI,GARIBALDI,1,2025,DOU,35563,3,3,0,0,0,0,0,0,0,0,0,0,18375,51.66
04/2026,4,SUL,S,43,RIO GRANDE DO SUL,RIO GRANDE DO SUL,RS,430865,GARRUCHOS,GARRUCHOS,5,2025,DOU,2724,2,0,0,0,0,0,0,0,0,0,0,0,7000,256.97
04/2026,4,SUL,S,43,RIO GRANDE DO SUL,RIO GRANDE DO SUL,RS,430870,GAURAMA,GAURAMA,3,2025,DOU,5779,3,0,0,0,0,0,0,0,0,0,0,0,10500,181.69
04/2026,4,SUL,S,43,RIO GRANDE DO SUL,RIO GRANDE DO SUL,RS,430880,GENERAL CAMARA,GENERAL CÂMARA,3,2025,DOU,7743,3,0,0,0,0,0,0,0,0,0,0,0,10500,135.6
04/2026,4,SUL,S,43,RIO GRANDE DO SUL,RIO GRANDE DO SUL,RS,430885,GENTIL,GENTIL,3,2025,DOU,1784,1,0,0,0,0,0,0,0,0,0,0,0,3500,196.18
04/2026,4,SUL,S,43,RIO GRANDE DO SUL,RIO GRANDE DO SUL,RS,430890,GETULIO VARGAS,GETÚLIO VARGAS,1,2025,DOU,16955,7,0,0,0,0,0,0,0,0,0,0,0,24500,144.5
04/2026,4,SUL,S,43,RIO GRANDE DO SUL,RIO GRANDE DO SUL,RS,430900,GIRUA,GIRUÁ,2,2025,DOU,16273,6,0,0,0,0,0,0,0,0,0,0,0,21000,129.04
04/2026,4,SUL,S,43,RIO GRANDE DO SUL,RIO GRANDE DO SUL,RS,430905,GLORINHA,GLORINHA,1,2025,DOU,7851,2,0,0,0,0,0,0,0,0,0,0,0,7000,89.16
04/2026,4,SUL,S,43,RIO GRANDE DO SUL,RIO GRANDE DO SUL,RS,430910,GRAMADO,GRAMADO,1,2025,DOU,41705,6,7,2,0,0,0,0,0,0,0,0,0,42875,102.8
04/2026,4,SUL,S,43,RIO GRANDE DO SUL,RIO GRANDE DO SUL,RS,430912,GRAMADO DOS LOUREIROS,GRAMADO DOS LOUREIROS,3,2025,DOU,2047,1,0,0,0,0,0,0,0,0,0,0,0,3500,170.98
04/2026,4,SUL,S,43,RIO GRANDE DO SUL,RIO GRANDE DO SUL,RS,430915,GRAMADO XAVIER,GRAMADO XAVIER,3,2025,DOU,3350,1,2,0,0,0,0,0,0,0,0,0,0,8750,261.19
04/2026,4,SUL,S,43,RIO GRANDE DO SUL,RIO GRANDE DO SUL,RS,430920,GRAVATAI,GRAVATAÍ,1,2025,DOU,275430,58,6,17,0,0,0,0,0,0,0,0,0,248500,90.22
04/2026,4,SUL,S,43,RIO GRANDE DO SUL,RIO GRANDE DO SUL,RS,430925,GUABIJU,GUABIJU,3,2025,DOU,1441,1,0,0,0,0,0,0,0,0,0,0,0,3500,242.88
04/2026,4,SUL,S,43,RIO GRANDE DO SUL,RIO GRANDE DO SUL,RS,430930,GUAIBA,GUAÍBA,1,2025,DOU,95946,11,16,0,0,0,0,0,1,723,0,0,723,81223,84.65
04/2026,4,SUL,S,43,RIO GRANDE DO SUL,RIO GRANDE DO SUL,RS,430940,GUAPORE,GUAPORÉ,1,2025,DOU,26168,7,0,0,0,0,0,0,0,0,1,353,353,24853,94.97
04/2026,4,SUL,S,43,RIO GRANDE DO SUL,RIO GRANDE DO SUL,RS,430950,GUARANI DAS MISSOES,GUARANI DAS MISSÕES,3,2025,DOU,7547,3,0,0,0,0,0,0,0,0,0,0,0,10500,139.12
04/2026,4,SUL,S,43,RIO GRANDE DO SUL,RIO GRANDE DO SUL,RS,430955,HARMONIA,HARMONIA,3,2025,DOU,5535,2,0,0,0,0,0,0,0,0,0,0,0,7000,126.46
04/2026,4,SUL,S,43,RIO GRANDE DO SUL,RIO GRANDE DO SUL,RS,430710,HERVAL,HERVAL,3,2025,DOU,6302,3,0,0,0,0,0,0,0,0,0,0,0,10500,166.61
04/2026,4,SUL,S,43,RIO GRANDE DO SUL,RIO GRANDE DO SUL,RS,430957,HERVEIRAS,HERVEIRAS,3,2025,DOU,2604,1,0,0,0,0,0,0,0,0,0,0,0,3500,134.4
04/2026,4,SUL,S,43,RIO GRANDE DO SUL,RIO GRANDE DO SUL,RS,430960,HORIZONTINA,HORIZONTINA,1,2025,DOU,19252,6,0,0,0,0,0,0,0,0,0,0,0,21000,109.07
04/2026,4,SUL,S,43,RIO GRANDE DO SUL,RIO GRANDE DO SUL,RS,430965,HULHA NEGRA,HULHA NEGRA,1,2025,DOU,6102,2,1,0,0,0,0,0,0,0,0,0,0,9625,157.73
04/2026,4,SUL,S,43,RIO GRANDE DO SUL,RIO GRANDE DO SUL,RS,430970,HUMAITA,HUMAITÁ,3,2025,DOU,4772,2,0,0,0,0,0,0,0,0,0,0,0,7000,146.68
04/2026,4,SUL,S,43,RIO GRANDE DO SUL,RIO GRANDE DO SUL,RS,430975,IBARAMA,IBARAMA,3,2025,DOU,3787,2,0,0,0,0,0,0,0,0,0,0,0,7000,184.84
04/2026,4,SUL,S,43,RIO GRANDE DO SUL,RIO GRANDE DO SUL,RS,430980,IBIACA,IBIAÇÁ,3,2025,DOU,4617,1,0,0,0,0,0,0,0,0,0,0,0,3500,75.8
04/2026,4,SUL,S,43,RIO GRANDE DO SUL,RIO GRANDE DO SUL,RS,430990,IBIRAIARAS,IBIRAIARAS,3,2025,DOU,6827,3,0,0,0,0,0,0,0,0,0,0,0,10500,153.8
04/2026,4,SUL,S,43,RIO GRANDE DO SUL,RIO GRANDE DO SUL,RS,430995,IBIRAPUITA,IBIRAPUITÃ,3,2025,DOU,3789,2,0,0,0,0,0,0,0,0,0,0,0,7000,184.74
04/2026,4,SUL,S,43,RIO GRANDE DO SUL,RIO GRANDE DO SUL,RS,431000,IBIRUBA,IBIRUBÁ,2,2025,DOU,22106,6,0,0,0,0,0,0,0,0,0,0,0,21000,94.99
04/2026,4,SUL,S,43,RIO GRANDE DO SUL,RIO GRANDE DO SUL,RS,431010,IGREJINHA,IGREJINHA,1,2025,DOU,34776,11,2,0,0,0,0,0,0,0,0,0,0,43750,125.8
04/2026,4,SUL,S,43,RIO GRANDE DO SUL,RIO GRANDE DO SUL,RS,431020,IJUI,IJUÍ,1,2025,DOU,87848,19,4,0,0,0,0,0,1,916,0,0,916,77916,88.69
04/2026,4,SUL,S,43,RIO GRANDE DO SUL,RIO GRANDE DO SUL,RS,431030,ILOPOLIS,ILÓPOLIS,3,2025,DOU,4245,2,0,0,0,0,0,0,0,0,0,0,0,7000,164.89
04/2026,4,SUL,S,43,RIO GRANDE DO SUL,RIO GRANDE DO SUL,RS,431033,IMBE,IMBÉ,1,2025,DOU,28027,7,0,6,0,0,0,0,0,0,0,0,0,35000,124.87
04/2026,4,SUL,S,43,RIO GRANDE DO SUL,RIO GRANDE DO SUL,RS,431036,IMIGRANTE,IMIGRANTE,3,2025,DOU,3149,1,0,1,0,0,0,0,0,0,0,0,0,5250,166.71
04/2026,4,SUL,S,43,RIO GRANDE DO SUL,RIO GRANDE DO SUL,RS,431040,INDEPENDENCIA,INDEPENDÊNCIA,3,2025,DOU,6557,2,0,0,0,0,0,0,0,0,0,0,0,7000,106.75
04/2026,4,SUL,S,43,RIO GRANDE DO SUL,RIO GRANDE DO SUL,RS,431041,INHACORA,INHACORÁ,3,2025,DOU,2047,1,0,0,0,0,0,0,0,0,0,0,0,3500,170.98
04/2026,4,SUL,S,43,RIO GRANDE DO SUL,RIO GRANDE DO SUL,RS,431043,IPE,IPÊ,3,2025,DOU,5490,3,0,0,0,0,0,0,0,0,0,0,0,10500,191.25
04/2026,4,SUL,S,43,RIO GRANDE DO SUL,RIO GRANDE DO SUL,RS,431046,IPIRANGA DO SUL,IPIRANGA DO SUL,3,2025,DOU,1748,1,0,0,0,0,0,0,0,0,0,0,0,3500,200.22
04/2026,4,SUL,S,43,RIO GRANDE DO SUL,RIO GRANDE DO SUL,RS,431050,IRAI,IRAÍ,3,2025,DOU,7619,3,0,0,0,0,0,0,1,100,0,0,100,10600,139.12
04/2026,4,SUL,S,43,RIO GRANDE DO SUL,RIO GRANDE DO SUL,RS,431053,ITAARA,ITAARA,1,2025,DOU,5712,2,0,0,0,0,0,0,0,0,0,0,0,7000,122.54
04/2026,4,SUL,S,43,RIO GRANDE DO SUL,RIO GRANDE DO SUL,RS,431055,ITACURUBI,ITACURUBI,3,2025,DOU,3038,2,0,0,0,0,0,0,0,0,0,0,0,7000,230.41
04/2026,4,SUL,S,43,RIO GRANDE DO SUL,RIO GRANDE DO SUL,RS,431057,ITAPUCA,ITAPUCA,3,2025,DOU,1963,1,0,0,0,0,0,0,0,0,0,0,0,3500,178.29
04/2026,4,SUL,S,43,RIO GRANDE DO SUL,RIO GRANDE DO SUL,RS,431060,ITAQUI,ITAQUI,1,2025,DOU,36811,9,1,0,0,0,0,0,0,0,0,0,0,34125,92.7
04/2026,4,SUL,S,43,RIO GRANDE DO SUL,RIO GRANDE DO SUL,RS,431065,ITATI,ITATI,3,2025,DOU,2696,1,0,0,0,0,0,0,0,0,0,0,0,3500,129.82
04/2026,4,SUL,S,43,RIO GRANDE DO SUL,RIO GRANDE DO SUL,RS,431070,ITATIBA DO SUL,ITATIBA DO SUL,3,2025,DOU,3240,2,0,0,0,0,0,0,0,0,0,0,0,7000,216.04
04/2026,4,SUL,S,43,RIO GRANDE DO SUL,RIO GRANDE DO SUL,RS,431075,IVORA,IVORÁ,3,2025,DOU,1962,1,0,0,0,0,0,0,0,0,0,0,0,3500,178.38
04/2026,4,SUL,S,43,RIO GRANDE DO SUL,RIO GRANDE DO SUL,RS,431080,IVOTI,IVOTI,1,2025,DOU,23566,1,4,1,0,0,0,0,0,0,0,0,0,15750,66.83
04/2026,4,SUL,S,43,RIO GRANDE DO SUL,RIO GRANDE DO SUL,RS,431085,JABOTICABA,JABOTICABA,3,2025,DOU,3847,2,0,0,0,0,0,0,0,0,0,0,0,7000,181.95
04/2026,4,SUL,S,43,RIO GRANDE DO SUL,RIO GRANDE DO SUL,RS,431087,JACUIZINHO,JACUIZINHO,3,2025,DOU,2066,1,0,0,0,0,0,0,0,0,0,0,0,3500,169.4
04/2026,4,SUL,S,43,RIO GRANDE DO SUL,RIO GRANDE DO SUL,RS,431090,JACUTINGA,JACUTINGA,3,2025,DOU,3398,2,0,0,0,0,0,0,0,0,0,0,0,7000,206.0
04/2026,4,SUL,S,43,RIO GRANDE DO SUL,RIO GRANDE DO SUL,RS,431100,JAGUARAO,JAGUARÃO,1,2025,DOU,27396,8,0,0,0,0,0,0,1,20,0,0,20,28020,102.27
04/2026,4,SUL,S,43,RIO GRANDE DO SUL,RIO GRANDE DO SUL,RS,431110,JAGUARI,JAGUARI,3,2025,DOU,10771,4,0,1,0,0,0,0,0,0,0,0,0,15750,146.22
04/2026,4,SUL,S,43,RIO GRANDE DO SUL,RIO GRANDE DO SUL,RS,431112,JAQUIRANA,JAQUIRANA,3,2025,DOU,3751,2,0,0,0,0,0,0,0,0,0,0,0,7000,186.61
04/2026,4,SUL,S,43,RIO GRANDE DO SUL,RIO GRANDE DO SUL,RS,431113,JARI,JARI,3,2025,DOU,3412,1,0,0,0,0,0,0,0,0,0,0,0,3500,102.57
04/2026,4,SUL,S,43,RIO GRANDE DO SUL,RIO GRANDE DO SUL,RS,431115,JOIA,JÓIA,3,2025,DOU,7294,3,0,0,0,0,0,0,0,0,0,0,0,10500,143.95
04/2026,4,SUL,S,43,RIO GRANDE DO SUL,RIO GRANDE DO SUL,RS,431120,JULIO DE CASTILHOS,JÚLIO DE CASTILHOS,1,2025,DOU,18545,6,0,1,0,0,0,0,1,111,0,0,111,22861,123.27
04/2026,4,SUL,S,43,RIO GRANDE DO SUL,RIO GRANDE DO SUL,RS,431123,LAGOA BONITA DO SUL,LAGOA BONITA DO SUL,3,2025,DOU,2283,1,0,0,0,0,0,0,0,0,0,0,0,3500,153.3
04/2026,4,SUL,S,43,RIO GRANDE DO SUL,RIO GRANDE DO SUL,RS,431127,LAGOA DOS TRES CANTOS,LAGOA DOS TRÊS CANTOS,3,2025,DOU,1781,1,0,0,0,0,0,0,0,0,0,0,0,3500,196.51
04/2026,4,SUL,S,43,RIO GRANDE DO SUL,RIO GRANDE DO SUL,RS,431130,LAGOA VERMELHA,LAGOA VERMELHA,1,2025,DOU,28622,8,2,0,0,0,0,0,1,499,0,0,499,33749,117.91
04/2026,4,SUL,S,43,RIO GRANDE DO SUL,RIO GRANDE DO SUL,RS,431125,LAGOAO,LAGOÃO,3,2025,DOU,5421,2,0,0,0,0,0,0,0,0,0,0,0,7000,129.12
04/2026,4,SUL,S,43,RIO GRANDE DO SUL,RIO GRANDE DO SUL,RS,431140,LAJEADO,LAJEADO,1,2025,DOU,96879,22,0,0,0,0,0,0,1,1347,0,0,1347,78347,80.87
04/2026,4,SUL,S,43,RIO GRANDE DO SUL,RIO GRANDE DO SUL,RS,431142,LAJEADO DO BUGRE,LAJEADO DO BUGRE,3,2025,DOU,2661,1,0,0,0,0,0,0,0,0,0,0,0,3500,131.52
04/2026,4,SUL,S,43,RIO GRANDE DO SUL,RIO GRANDE DO SUL,RS,431150,LAVRAS DO SUL,LAVRAS DO SUL,2,2025,DOU,7290,4,0,0,0,0,0,0,1,24,0,0,24,14024,192.37
04/2026,4,SUL,S,43,RIO GRANDE DO SUL,RIO GRANDE DO SUL,RS,431160,LIBERATO SALZANO,LIBERATO SALZANO,3,2025,DOU,4845,2,0,0,0,0,0,0,0,0,0,0,0,7000,144.47
04/2026,4,SUL,S,43,RIO GRANDE DO SUL,RIO GRANDE DO SUL,RS,431162,LINDOLFO COLLOR,LINDOLFO COLLOR,1,2025,DOU,6420,2,0,0,0,0,0,0,0,0,0,0,0,7000,109.03
04/2026,4,SUL,S,43,RIO GRANDE DO SUL,RIO GRANDE DO SUL,RS,431164,LINHA NOVA,LINHA NOVA,3,2025,DOU,1721,1,0,0,0,0,0,0,0,0,0,0,0,3500,203.37
04/2026,4,SUL,S,43,RIO GRANDE DO SUL,RIO GRANDE DO SUL,RS,431171,MACAMBARA,MAÇAMBARÁ,5,2025,DOU,4485,2,1,0,0,0,0,0,0,0,0,0,0,9625,214.6
04/2026,4,SUL,S,43,RIO GRANDE DO SUL,RIO GRANDE DO SUL,RS,431170,MACHADINHO,MACHADINHO,3,2025,DOU,5867,2,0,0,0,0,0,0,0,0,0,0,0,7000,119.31
04/2026,4,SUL,S,43,RIO GRANDE DO SUL,RIO GRANDE DO SUL,RS,431173,MAMPITUBA,MAMPITUBA,3,2025,DOU,3203,1,0,0,0,0,0,0,0,0,0,0,0,3500,109.27
04/2026,4,SUL,S,43,RIO GRANDE DO SUL,RIO GRANDE DO SUL,RS,431175,MANOEL VIANA,MANOEL VIANA,2,2025,DOU,6915,2,2,1,0,0,0,0,0,0,0,0,0,14000,202.45
04/2026,4,SUL,S,43,RIO GRANDE DO SUL,RIO GRANDE DO SUL,RS,431177,MAQUINE,MAQUINÉ,3,2025,DOU,7593,4,0,0,0,0,0,0,0,0,0,0,0,14000,184.38
04/2026,4,SUL,S,43,RIO GRANDE DO SUL,RIO GRANDE DO SUL,RS,431179,MARATA,MARATÁ,3,2025,DOU,2521,1,0,0,0,0,0,0,0,0,0,0,0,3500,138.83
04/2026,4,SUL,S,43,RIO GRANDE DO SUL,RIO GRANDE DO SUL,RS,431180,MARAU,MARAU,1,2025,DOU,46748,12,0,0,0,0,0,0,0,0,0,0,0,42000,89.84
04/2026,4,SUL,S,43,RIO GRANDE DO SUL,RIO GRANDE DO SUL,RS,431190,MARCELINO RAMOS,MARCELINO RAMOS,3,2025,DOU,4382,2,0,0,0,0,0,0,0,0,0,0,0,7000,159.74
04/2026,4,SUL,S,43,RIO GRANDE DO SUL,RIO GRANDE DO SUL,RS,431198,MARIANA PIMENTEL,MARIANA PIMENTEL,3,2025,DOU,4005,1,1,1,0,0,0,0,0,0,0,0,0,7875,196.62
04/2026,4,SUL,S,43,RIO GRANDE DO SUL,RIO GRANDE DO SUL,RS,431200,MARIANO MORO,MARIANO MORO,3,2025,DOU,1884,1,0,0,0,0,0,0,0,0,0,0,0,3500,185.77
04/2026,4,SUL,S,43,RIO GRANDE DO SUL,RIO GRANDE DO SUL,RS,431205,MARQUES DE SOUZA,MARQUES DE SOUZA,3,2025,DOU,4050,2,0,0,0,0,0,0,0,0,0,0,0,7000,172.83
04/2026,4,SUL,S,43,RIO GRANDE DO SUL,RIO GRANDE DO SUL,RS,431210,MATA,MATA,3,2025,DOU,4782,2,0,0,0,0,0,0,0,0,0,0,0,7000,146.38
04/2026,4,SUL,S,43,RIO GRANDE DO SUL,RIO GRANDE DO SUL,RS,431213,MATO CASTELHANO,MATO CASTELHANO,3,2025,DOU,2611,1,0,0,0,0,0,0,0,0,0,0,0,3500,134.04
04/2026,4,SUL,S,43,RIO GRANDE DO SUL,RIO GRANDE DO SUL,RS,431215,MATO LEITAO,MATO LEITÃO,3,2025,DOU,5001,2,0,0,0,0,0,0,0,0,0,0,0,7000,139.97
04/2026,4,SUL,S,43,RIO GRANDE DO SUL,RIO GRANDE DO SUL,RS,431217,MATO QUEIMADO,MATO QUEIMADO,3,2025,DOU,1833,1,0,0,0,0,0,0,0,0,0,0,0,3500,190.94
04/2026,4,SUL,S,43,RIO GRANDE DO SUL,RIO GRANDE DO SUL,RS,431220,MAXIMILIANO DE ALMEIDA,MAXIMILIANO DE ALMEIDA,3,2025,DOU,4251,2,0,0,0,0,0,0,0,0,0,0,0,7000,164.66
04/2026,4,SUL,S,43,RIO GRANDE DO SUL,RIO GRANDE DO SUL,RS,431225,MINAS DO LEAO,MINAS DO LEÃO,3,2025,DOU,7661,3,0,0,0,0,0,0,0,0,0,0,0,10500,137.05
04/2026,4,SUL,S,43,RIO GRANDE DO SUL,RIO GRANDE DO SUL,RS,431230,MIRAGUAI,MIRAGUAÍ,3,2025,DOU,4501,2,0,0,0,0,0,0,0,0,0,0,0,7000,155.52
04/2026,4,SUL,S,43,RIO GRANDE DO SUL,RIO GRANDE DO SUL,RS,431235,MONTAURI,MONTAURI,3,2025,DOU,1530,1,0,0,0,0,0,0,0,0,0,0,0,3500,228.75
04/2026,4,SUL,S,43,RIO GRANDE DO SUL,RIO GRANDE DO SUL,RS,431237,MONTE ALEGRE DOS CAMPOS,MONTE ALEGRE DOS CAMPOS,3,2025,DOU,3251,2,0,0,0,0,0,0,0,0,0,0,0,7000,215.31
04/2026,4,SUL,S,43,RIO GRANDE DO SUL,RIO GRANDE DO SUL,RS,431238,MONTE BELO DO SUL,MONTE BELO DO SUL,1,2025,DOU,2608,1,0,0,0,0,0,0,0,0,0,0,0,3500,134.2
04/2026,4,SUL,S,43,RIO GRANDE DO SUL,RIO GRANDE DO SUL,RS,431240,MONTENEGRO,MONTENEGRO,1,2025,DOU,66352,12,3,10,0,0,0,0,4,1754,0,0,1754,69129,104.18
04/2026,4,SUL,S,43,RIO GRANDE DO SUL,RIO GRANDE DO SUL,RS,431242,MORMACO,MORMAÇO,3,2025,DOU,2815,1,0,0,0,0,0,0,0,0,0,0,0,3500,124.33
04/2026,4,SUL,S,43,RIO GRANDE DO SUL,RIO GRANDE DO SUL,RS,431244,MORRINHOS DO SUL,MORRINHOS DO SUL,3,2025,DOU,3133,1,0,0,0,0,0,0,0,0,0,0,0,3500,111.71
04/2026,4,SUL,S,43,RIO GRANDE DO SUL,RIO GRANDE DO SUL,RS,431245,MORRO REDONDO,MORRO REDONDO,3,2025,DOU,6168,3,0,0,0,0,0,0,0,0,0,0,0,10500,170.23
04/2026,4,SUL,S,43,RIO GRANDE DO SUL,RIO GRANDE DO SUL,RS,431247,MORRO REUTER,MORRO REUTER,1,2025,DOU,6167,2,0,0,0,0,0,0,0,0,0,0,0,7000,113.5
04/2026,4,SUL,S,43,RIO GRANDE DO SUL,RIO GRANDE DO SUL,RS,431250,MOSTARDAS,MOSTARDAS,3,2025,DOU,12347,3,1,0,0,0,0,0,0,0,0,0,0,13125,106.3
04/2026,4,SUL,S,43,RIO GRANDE DO SUL,RIO GRANDE DO SUL,RS,431260,MUCUM,MUÇUM,3,2025,DOU,4692,2,0,0,0,0,0,0,0,0,0,0,0,7000,149.19
04/2026,4,SUL,S,43,RIO GRANDE DO SUL,RIO GRANDE DO SUL,RS,431261,MUITOS CAPOES,MUITOS CAPÕES,3,2025,DOU,2937,1,0,0,0,0,0,0,0,0,0,0,0,3500,119.16
04/2026,4,SUL,S,43,RIO GRANDE DO SUL,RIO GRANDE DO SUL,RS,431262,MULITERNO,MULITERNO,3,2025,DOU,1754,1,0,0,0,0,0,0,0,0,0,0,0,3500,199.54
04/2026,4,SUL,S,43,RIO GRANDE DO SUL,RIO GRANDE DO SUL,RS,431265,NAO-ME-TOQUE,NÃO-ME-TOQUE,1,2025,DOU,18335,5,1,1,0,0,0,0,0,0,0,0,0,21875,119.3
04/2026,4,SUL,S,43,RIO GRANDE DO SUL,RIO GRANDE DO SUL,RS,431267,NICOLAU VERGUEIRO,NICOLAU VERGUEIRO,3,2025,DOU,1982,1,0,0,0,0,0,0,0,0,0,0,0,3500,176.58
04/2026,4,SUL,S,43,RIO GRANDE DO SUL,RIO GRANDE DO SUL,RS,431270,NONOAI,NONOAI,2,2025,DOU,14074,5,0,0,0,0,0,0,0,0,0,0,0,17500,124.34
04/2026,4,SUL,S,43,RIO GRANDE DO SUL,RIO GRANDE DO SUL,RS,431275,NOVA ALVORADA,NOVA ALVORADA,3,2025,DOU,3229,2,0,0,0,0,0,0,0,0,0,0,0,7000,216.78
04/2026,4,SUL,S,43,RIO GRANDE DO SUL,RIO GRANDE DO SUL,RS,431280,NOVA ARACA,NOVA ARAÇÁ,3,2025,DOU,5098,1,1,0,0,0,0,0,0,0,0,0,0,6125,120.14
04/2026,4,SUL,S,43,RIO GRANDE DO SUL,RIO GRANDE DO SUL,RS,431290,NOVA BASSANO,NOVA BASSANO,3,2025,DOU,9867,3,0,0,0,0,0,0,0,0,0,0,0,10500,106.41
04/2026,4,SUL,S,43,RIO GRANDE DO SUL,RIO GRANDE DO SUL,RS,431295,NOVA BOA VISTA,NOVA BOA VISTA,3,2025,DOU,2089,1,0,0,0,0,0,0,0,0,0,0,0,3500,167.54
04/2026,4,SUL,S,43,RIO GRANDE DO SUL,RIO GRANDE DO SUL,RS,431300,NOVA BRESCIA,NOVA BRÉSCIA,3,2025,DOU,3104,1,0,0,0,0,0,0,0,0,0,0,0,3500,112.75
04/2026,4,SUL,S,43,RIO GRANDE DO SUL,RIO GRANDE DO SUL,RS,431301,NOVA CANDELARIA,NOVA CANDELÁRIA,3,2025,DOU,3138,1,0,0,0,0,0,0,0,0,0,0,0,3500,111.53
04/2026,4,SUL,S,43,RIO GRANDE DO SUL,RIO GRANDE DO SUL,RS,431303,NOVA ESPERANCA DO SUL,NOVA ESPERANÇA DO SUL,2,2025,DOU,4976,3,0,0,0,0,0,0,0,0,0,0,0,10500,211.01
04/2026,4,SUL,S,43,RIO GRANDE DO SUL,RIO GRANDE DO SUL,RS,431306,NOVA HARTZ,NOVA HARTZ,1,2025,DOU,20558,7,0,0,0,0,0,0,0,0,0,0,0,24500,119.17
04/2026,4,SUL,S,43,RIO GRANDE DO SUL,RIO GRANDE DO SUL,RS,431308,NOVA PADUA,NOVA PÁDUA,3,2025,DOU,2389,0,0,1,0,0,0,0,0,0,0,0,0,1750,73.25
04/2026,4,SUL,S,43,RIO GRANDE DO SUL,RIO GRANDE DO SUL,RS,431310,NOVA PALMA,NOVA PALMA,3,2025,DOU,5676,3,0,0,0,0,0,0,0,0,0,0,0,10500,184.98
04/2026,4,SUL,S,43,RIO GRANDE DO SUL,RIO GRANDE DO SUL,RS,431320,NOVA PETROPOLIS,NOVA PETRÓPOLIS,3,2025,DOU,23934,9,0,0,0,0,0,0,0,0,0,0,0,31500,131.61
04/2026,4,SUL,S,43,RIO GRANDE DO SUL,RIO GRANDE DO SUL,RS,431330,NOVA PRATA,NOVA PRATA,1,2025,DOU,26637,6,0,3,0,0,0,0,1,254,0,0,254,26504,99.5
04/2026,4,SUL,S,43,RIO GRANDE DO SUL,RIO GRANDE DO SUL,RS,431333,NOVA RAMADA,NOVA RAMADA,3,2025,DOU,2198,1,0,0,0,0,0,0,0,0,0,0,0,3500,159.23
04/2026,4,SUL,S,43,RIO GRANDE DO SUL,RIO GRANDE DO SUL,RS,431335,NOVA ROMA DO SUL,NOVA ROMA DO SUL,3,2025,DOU,3545,1,0,1,0,0,0,0,0,0,0,0,0,5250,148.09
04/2026,4,SUL,S,43,RIO GRANDE DO SUL,RIO GRANDE DO SUL,RS,431337,NOVA SANTA RITA,NOVA SANTA RITA,1,2025,DOU,30189,8,2,0,0,0,0,0,0,0,0,0,0,33250,110.13
04/2026,4,SUL,S,43,RIO GRANDE DO SUL,RIO GRANDE DO SUL,RS,431349,NOVO BARREIRO,NOVO BARREIRO,3,2025,DOU,4375,2,0,0,0,0,0,0,0,0,0,0,0,7000,160.0
04/2026,4,SUL,S,43,RIO GRANDE DO SUL,RIO GRANDE DO SUL,RS,431339,NOVO CABRAIS,NOVO CABRAIS,3,2025,DOU,3633,2,0,0,0,0,0,0,0,0,0,0,0,7000,192.67
04/2026,4,SUL,S,43,RIO GRANDE DO SUL,RIO GRANDE DO SUL,RS,431340,NOVO HAMBURGO,NOVO HAMBURGO,1,2025,DOU,235802,48,11,3,0,0,1,219,1,2,0,0,221,202346,85.81
04/2026,4,SUL,S,43,RIO GRANDE DO SUL,RIO GRANDE DO SUL,RS,431342,NOVO MACHADO,NOVO MACHADO,3,2025,DOU,3239,2,0,0,0,0,0,0,0,0,0,0,0,7000,216.11
04/2026,4,SUL,S,43,RIO GRANDE DO SUL,RIO GRANDE DO SUL,RS,431344,NOVO TIRADENTES,NOVO TIRADENTES,3,2025,DOU,2187,1,0,0,0,0,0,0,0,0,0,0,0,3500,160.03
04/2026,4,SUL,S,43,RIO GRANDE DO SUL,RIO GRANDE DO SUL,RS,431346,NOVO XINGU,NOVO XINGU,3,2025,DOU,1677,1,0,0,0,0,0,0,0,0,0,0,0,3500,208.7
04/2026,4,SUL,S,43,RIO GRANDE DO SUL,RIO GRANDE DO SUL,RS,431350,OSORIO,OSÓRIO,1,2025,DOU,48999,10,0,4,0,0,0,0,2,1550,0,0,1550,43550,88.87
04/2026,4,SUL,S,43,RIO GRANDE DO SUL,RIO GRANDE DO SUL,RS,431360,PAIM FILHO,PAIM FILHO,3,2025,DOU,3685,2,0,0,0,0,0,0,0,0,0,0,0,7000,189.95
04/2026,4,SUL,S,43,RIO GRANDE DO SUL,RIO GRANDE DO SUL,RS,431365,PALMARES DO SUL,PALMARES DO SUL,3,2025,DOU,13189,3,1,1,0,0,0,0,0,0,0,0,0,14875,112.78
04/2026,4,SUL,S,43,RIO GRANDE DO SUL,RIO GRANDE DO SUL,RS,431370,PALMEIRA DAS MISSOES,PALMEIRA DAS MISSÕES,1,2025,DOU,34227,11,0,0,0,0,0,0,1,119,0,0,119,38619,112.83
04/2026,4,SUL,S,43,RIO GRANDE DO SUL,RIO GRANDE DO SUL,RS,431380,PALMITINHO,PALMITINHO,3,2025,DOU,8042,3,0,0,0,0,0,0,0,0,0,0,0,10500,130.56
04/2026,4,SUL,S,43,RIO GRANDE DO SUL,RIO GRANDE DO SUL,RS,431390,PANAMBI,PANAMBI,1,2025,DOU,45102,12,1,0,0,0,0,0,0,0,0,0,0,44625,98.94
04/2026,4,SUL,S,43,RIO GRANDE DO SUL,RIO GRANDE DO SUL,RS,431395,PANTANO GRANDE,PANTANO GRANDE,3,2025,DOU,10443,3,1,0,0,0,0,0,0,0,0,0,0,13125,125.68
04/2026,4,SUL,S,43,RIO GRANDE DO SUL,RIO GRANDE DO SUL,RS,431400,PARAI,PARAÍ,3,2025,DOU,7362,2,0,0,0,0,0,0,0,0,0,0,0,7000,95.08
04/2026,4,SUL,S,43,RIO GRANDE DO SUL,RIO GRANDE DO SUL,RS,431402,PARAISO DO SUL,PARAÍSO DO SUL,3,2025,DOU,6627,1,3,0,0,0,0,0,0,0,0,0,0,11375,171.64
04/2026,4,SUL,S,43,RIO GRANDE DO SUL,RIO GRANDE DO SUL,RS,431403,PARECI NOVO,PARECI NOVO,3,2025,DOU,4441,2,0,0,0,0,0,0,0,0,0,0,0,7000,157.62
04/2026,4,SUL,S,43,RIO GRANDE DO SUL,RIO GRANDE DO SUL,RS,431405,PAROBE,PAROBÉ,1,2025,DOU,53569,20,0,0,0,0,0,0,0,0,0,0,0,70000,130.67
04/2026,4,SUL,S,43,RIO GRANDE DO SUL,RIO GRANDE DO SUL,RS,431406,PASSA SETE,PASSA SETE,3,2025,DOU,4024,2,0,1,0,0,0,0,0,0,0,0,0,8750,217.44
04/2026,4,SUL,S,43,RIO GRANDE DO SUL,RIO GRANDE DO SUL,RS,431407,PASSO DO SOBRADO,PASSO DO SOBRADO,3,2025,DOU,6155,2,2,0,0,0,0,0,0,0,0,0,0,12250,199.02
04/2026,4,SUL,S,43,RIO GRANDE DO SUL,RIO GRANDE DO SUL,RS,431410,PASSO FUNDO,PASSO FUNDO,1,2025,DOU,214811,25,17,6,0,0,0,0,1,1110,0,0,1110,143735,66.91
04/2026,4,SUL,S,43,RIO GRANDE DO SUL,RIO GRANDE DO SUL,RS,431413,PAULO BENTO,PAULO BENTO,3,2025,DOU,2188,1,0,0,0,0,0,0,0,0,0,0,0,3500,159.96
04/2026,4,SUL,S,43,RIO GRANDE DO SUL,RIO GRANDE DO SUL,RS,431415,PAVERAMA,PAVERAMA,3,2025,DOU,8146,3,1,0,0,0,0,0,0,0,0,0,0,13125,161.12
04/2026,4,SUL,S,43,RIO GRANDE DO SUL,RIO GRANDE DO SUL,RS,431417,PEDRAS ALTAS,PEDRAS ALTAS,3,2025,DOU,2099,1,0,0,0,0,0,0,0,0,0,0,0,3500,166.74
04/2026,4,SUL,S,43,RIO GRANDE DO SUL,RIO GRANDE DO SUL,RS,431420,PEDRO OSORIO,PEDRO OSÓRIO,3,2025,DOU,7631,2,0,0,0,0,0,0,0,0,0,0,0,7000,91.73
04/2026,4,SUL,S,43,RIO GRANDE DO SUL,RIO GRANDE DO SUL,RS,431430,PEJUCARA,PEJUÇARA,3,2025,DOU,3817,2,0,0,0,0,0,0,0,0,0,0,0,7000,183.39
04/2026,4,SUL,S,43,RIO GRANDE DO SUL,RIO GRANDE DO SUL,RS,431440,PELOTAS,PELOTAS,1,2025,DOU,336150,79,14,3,0,0,1,765,0,0,1,1947,2712,321212,95.55
04/2026,4,SUL,S,43,RIO GRANDE DO SUL,RIO GRANDE DO SUL,RS,431442,PICADA CAFE,PICADA CAFÉ,1,2025,DOU,5473,3,0,0,0,0,0,0,0,0,0,0,0,10500,191.85
04/2026,4,SUL,S,43,RIO GRANDE DO SUL,RIO GRANDE DO SUL,RS,431445,PINHAL,PINHAL,3,2025,DOU,3039,1,0,0,0,0,0,0,0,0,0,0,0,3500,115.16
04/2026,4,SUL,S,43,RIO GRANDE DO SUL,RIO GRANDE DO SUL,RS,431446,PINHAL DA SERRA,PINHAL DA SERRA,3,2025,DOU,2300,1,0,0,0,0,0,0,0,0,0,0,0,3500,152.17
04/2026,4,SUL,S,43,RIO GRANDE DO SUL,RIO GRANDE DO SUL,RS,431447,PINHAL GRANDE,PINHAL GRANDE,3,2025,DOU,3861,2,0,0,0,0,0,0,0,0,0,0,0,7000,181.3
04/2026,4,SUL,S,43,RIO GRANDE DO SUL,RIO GRANDE DO SUL,RS,431449,PINHEIRINHO DO VALE,PINHEIRINHO DO VALE,3,2025,DOU,4638,2,0,0,0,0,0,0,0,0,0,0,0,7000,150.92
04/2026,4,SUL,S,43,RIO GRANDE DO SUL,RIO GRANDE DO SUL,RS,431450,PINHEIRO MACHADO,PINHEIRO MACHADO,3,2025,DOU,11395,5,0,0,0,0,0,0,0,0,0,0,0,17500,153.57
04/2026,4,SUL,S,43,RIO GRANDE DO SUL,RIO GRANDE DO SUL,RS,431454,PINTO BANDEIRA,PINTO BANDEIRA,3,2025,DOU,2785,1,0,0,0,0,0,0,0,0,0,0,0,3500,125.67
04/2026,4,SUL,S,43,RIO GRANDE DO SUL,RIO GRANDE DO SUL,RS,431455,PIRAPO,PIRAPÓ,3,2025,DOU,2255,1,0,0,0,0,0,0,0,0,0,0,0,3500,155.21
04/2026,4,SUL,S,43,RIO GRANDE DO SUL,RIO GRANDE DO SUL,RS,431460,PIRATINI,PIRATINI,3,2025,DOU,17770,4,0,2,0,0,0,0,0,0,0,0,0,17500,98.48
04/2026,4,SUL,S,43,RIO GRANDE DO SUL,RIO GRANDE DO SUL,RS,431470,PLANALTO,PLANALTO,3,2025,DOU,10624,5,0,0,0,0,0,0,0,0,0,0,0,17500,164.72
04/2026,4,SUL,S,43,RIO GRANDE DO SUL,RIO GRANDE DO SUL,RS,431475,POCO DAS ANTAS,POÇO DAS ANTAS,3,2025,DOU,2224,1,0,0,0,0,0,0,0,0,0,0,0,3500,157.37
04/2026,4,SUL,S,43,RIO GRANDE DO SUL,RIO GRANDE DO SUL,RS,431477,PONTAO,PONTÃO,3,2025,DOU,3345,2,0,0,0,0,0,0,0,0,0,0,0,7000,209.26
04/2026,4,SUL,S,43,RIO GRANDE DO SUL,RIO GRANDE DO SUL,RS,431478,PONTE PRETA,PONTE PRETA,3,2025,DOU,1602,1,0,0,0,0,0,0,0,0,0,0,0,3500,218.47
04/2026,4,SUL,S,43,RIO GRANDE DO SUL,RIO GRANDE DO SUL,RS,431480,PORTAO,PORTÃO,1,2025,DOU,35273,5,1,0,0,0,0,0,0,0,0,0,0,20125,57.05
04/2026,4,SUL,S,43,RIO GRANDE DO SUL,RIO GRANDE DO SUL,RS,431490,PORTO ALEGRE,PORTO ALEGRE,1,2025,DOU,1388794,340,37,12,0,0,9,4018,3,1923,3,3085,9026,1317151,94.84
04/2026,4,SUL,S,43,RIO GRANDE DO SUL,RIO GRANDE DO SUL,RS,431500,PORTO LUCENA,PORTO LUCENA,3,2025,DOU,4414,2,0,0,0,0,0,0,0,0,0,0,0,7000,158.58
04/2026,4,SUL,S,43,RIO GRANDE DO SUL,RIO GRANDE DO SUL,RS,431505,PORTO MAUA,PORTO MAUÁ,3,2025,DOU,2173,1,0,0,0,0,0,0,0,0,0,0,0,3500,161.06
04/2026,4,SUL,S,43,RIO GRANDE DO SUL,RIO GRANDE DO SUL,RS,431507,PORTO VERA CRUZ,PORTO VERA CRUZ,3,2025,DOU,1582,1,0,0,0,0,0,0,0,0,0,0,0,3500,221.23
04/2026,4,SUL,S,43,RIO GRANDE DO SUL,RIO GRANDE DO SUL,RS,431510,PORTO XAVIER,PORTO XAVIER,3,2025,DOU,10127,3,0,0,0,0,0,0,0,0,0,0,0,10500,103.68
04/2026,4,SUL,S,43,RIO GRANDE DO SUL,RIO GRANDE DO SUL,RS,431513,POUSO NOVO,POUSO NOVO,3,2025,DOU,1771,1,0,0,0,0,0,0,0,0,0,0,0,3500,197.62
04/2026,4,SUL,S,43,RIO GRANDE DO SUL,RIO GRANDE DO SUL,RS,431514,PRESIDENTE LUCENA,PRESIDENTE LUCENA,1,2025,DOU,3166,1,0,0,0,0,0,0,0,0,0,0,0,3500,110.54
04/2026,4,SUL,S,43,RIO GRANDE DO SUL,RIO GRANDE DO SUL,RS,431515,PROGRESSO,PROGRESSO,3,2025,DOU,5423,2,0,0,0,0,0,0,0,0,0,0,0,7000,129.07
04/2026,4,SUL,S,43,RIO GRANDE DO SUL,RIO GRANDE DO SUL,RS,431517,PROTASIO ALVES,PROTÁSIO ALVES,3,2025,DOU,2070,1,0,0,0,0,0,0,0,0,0,0,0,3500,169.08
04/2026,4,SUL,S,43,RIO GRANDE DO SUL,RIO GRANDE DO SUL,RS,431520,PUTINGA,PUTINGA,3,2025,DOU,3809,2,0,0,0,0,0,0,0,0,0,0,0,7000,183.77
04/2026,4,SUL,S,43,RIO GRANDE DO SUL,RIO GRANDE DO SUL,RS,431530,QUARAI,QUARAÍ,1,2025,DOU,23995,8,0,0,0,0,0,0,0,0,0,0,0,28000,116.69
04/2026,4,SUL,S,43,RIO GRANDE DO SUL,RIO GRANDE DO SUL,RS,431531,QUATRO IRMAOS,QUATRO IRMÃOS,3,2025,DOU,1577,1,0,0,0,0,0,0,0,0,0,0,0,3500,221.94
04/2026,4,SUL,S,43,RIO GRANDE DO SUL,RIO GRANDE DO SUL,RS,431532,QUEVEDOS,QUEVEDOS,3,2025,DOU,2553,1,0,0,0,0,0,0,0,0,0,0,0,3500,137.09
04/2026,4,SUL,S,43,RIO GRANDE DO SUL,RIO GRANDE DO SUL,RS,431535,QUINZE DE NOVEMBRO,QUINZE DE NOVEMBRO,3,2025,DOU,4003,2,0,0,0,0,0,0,0,0,0,0,0,7000,174.86
04/2026,4,SUL,S,43,RIO GRANDE DO SUL,RIO GRANDE DO SUL,RS,431540,REDENTORA,REDENTORA,3,2025,DOU,9931,4,0,0,0,0,0,0,0,0,0,0,0,14000,140.97
04/2026,4,SUL,S,43,RIO GRANDE DO SUL,RIO GRANDE DO SUL,RS,431545,RELVADO,RELVADO,3,2025,DOU,1826,1,0,0,0,0,0,0,0,0,0,0,0,3500,191.67
04/2026,4,SUL,S,43,RIO GRANDE DO SUL,RIO GRANDE DO SUL,RS,431550,RESTINGA SECA,RESTINGA SECA,3,2025,DOU,15205,7,2,0,0,0,0,0,0,0,0,0,0,29750,195.65
04/2026,4,SUL,S,43,RIO GRANDE DO SUL,RIO GRANDE DO SUL,RS,431555,RIO DOS INDIOS,RIO DOS ÍNDIOS,3,2025,DOU,2866,1,0,0,0,0,0,0,0,0,0,0,0,3500,122.12
04/2026,4,SUL,S,43,RIO GRANDE DO SUL,RIO GRANDE DO SUL,RS,431560,RIO GRANDE,RIO GRANDE,1,2025,DOU,198935,53,10,0,0,0,1,232,0,0,1,1211,1443,213193,107.16
04/2026,4,SUL,S,43,RIO GRANDE DO SUL,RIO GRANDE DO SUL,RS,431570,RIO PARDO,RIO PARDO,2,2025,DOU,35641,6,1,6,0,0,0,0,1,125,0,0,125,34250,96.09
04/2026,4,SUL,S,43,RIO GRANDE DO SUL,RIO GRANDE DO SUL,RS,431575,RIOZINHO,RIOZINHO,3,2025,DOU,4574,2,0,0,0,0,0,0,0,0,0,0,0,7000,153.03
04/2026,4,SUL,S,43,RIO GRANDE DO SUL,RIO GRANDE DO SUL,RS,431580,ROCA SALES,ROCA SALES,3,2025,DOU,10646,3,3,3,0,0,0,0,0,0,0,0,0,23625,221.91
04/2026,4,SUL,S,43,RIO GRANDE DO SUL,RIO GRANDE DO SUL,RS,431590,RODEIO BONITO,RODEIO BONITO,3,2025,DOU,6831,3,0,0,0,0,0,0,0,0,0,0,0,10500,153.71
04/2026,4,SUL,S,43,RIO GRANDE DO SUL,RIO GRANDE DO SUL,RS,431595,ROLADOR,ROLADOR,3,2025,DOU,2330,1,0,0,0,0,0,0,0,0,0,0,0,3500,150.21
04/2026,4,SUL,S,43,RIO GRANDE DO SUL,RIO GRANDE DO SUL,RS,431600,ROLANTE,ROLANTE,2,2025,DOU,21752,7,0,0,0,0,0,0,0,0,0,0,0,24500,112.63
04/2026,4,SUL,S,43,RIO GRANDE DO SUL,RIO GRANDE DO SUL,RS,431610,RONDA ALTA,RONDA ALTA,3,2025,DOU,9969,5,0,0,0,0,0,0,0,0,0,0,0,17500,175.54
04/2026,4,SUL,S,43,RIO GRANDE DO SUL,RIO GRANDE DO SUL,RS,431620,RONDINHA,RONDINHA,3,2025,DOU,5078,2,0,2,0,0,0,0,0,0,0,0,0,10500,206.77
04/2026,4,SUL,S,43,RIO GRANDE DO SUL,RIO GRANDE DO SUL,RS,431630,ROQUE GONZALES,ROQUE GONZALES,3,2025,DOU,6693,2,0,0,0,0,0,0,0,0,0,0,0,7000,104.58
04/2026,4,SUL,S,43,RIO GRANDE DO SUL,RIO GRANDE DO SUL,RS,431640,ROSARIO DO SUL,ROSÁRIO DO SUL,1,2025,DOU,37674,7,3,0,0,0,0,0,0,0,0,0,0,32375,85.93
04/2026,4,SUL,S,43,RIO GRANDE DO SUL,RIO GRANDE DO SUL,RS,431642,SAGRADA FAMILIA,SAGRADA FAMÍLIA,3,2025,DOU,2528,1,0,0,0,0,0,0,0,0,0,0,0,3500,138.44
04/2026,4,SUL,S,43,RIO GRANDE DO SUL,RIO GRANDE DO SUL,RS,431643,SALDANHA MARINHO,SALDANHA MARINHO,3,2025,DOU,2619,1,0,0,0,0,0,0,0,0,0,0,0,3500,133.63
04/2026,4,SUL,S,43,RIO GRANDE DO SUL,RIO GRANDE DO SUL,RS,431645,SALTO DO JACUI,SALTO DO JACUÍ,2,2025,DOU,10357,4,1,0,0,0,0,0,0,0,0,0,0,16625,160.51
04/2026,4,SUL,S,43,RIO GRANDE DO SUL,RIO GRANDE DO SUL,RS,431647,SALVADOR DAS MISSOES,SALVADOR DAS MISSÕES,3,2025,DOU,2955,1,0,0,0,0,0,0,0,0,0,0,0,3500,118.44
04/2026,4,SUL,S,43,RIO GRANDE DO SUL,RIO GRANDE DO SUL,RS,431650,SALVADOR DO SUL,SALVADOR DO SUL,3,2025,DOU,7184,2,0,0,0,0,0,0,0,0,0,0,0,7000,97.43
04/2026,4,SUL,S,43,RIO GRANDE DO SUL,RIO GRANDE DO SUL,RS,431660,SANANDUVA,SANANDUVA,2,2025,DOU,16770,4,0,1,0,0,0,0,0,0,0,0,0,15750,93.91
04/2026,4,SUL,S,43,RIO GRANDE DO SUL,RIO GRANDE DO SUL,RS,431710,SANT'ANA DO LIVRAMENTO,SANT'ANA DO LIVRAMENTO,1,2025,DOU,87329,15,3,0,0,0,0,0,0,0,0,0,0,60375,69.13
04/2026,4,SUL,S,43,RIO GRANDE DO SUL,RIO GRANDE DO SUL,RS,431670,SANTA BARBARA DO SUL,SANTA BÁRBARA DO SUL,3,2025,DOU,8269,3,0,0,0,0,0,0,0,0,0,0,0,10500,126.98
04/2026,4,SUL,S,43,RIO GRANDE DO SUL,RIO GRANDE DO SUL,RS,431673,SANTA CECILIA DO SUL,SANTA CECÍLIA DO SUL,3,2025,DOU,1710,1,0,0,0,0,0,0,0,0,0,0,0,3500,204.67
04/2026,4,SUL,S,43,RIO GRANDE DO SUL,RIO GRANDE DO SUL,RS,431675,SANTA CLARA DO SUL,SANTA CLARA DO SUL,1,2025,DOU,7079,2,2,0,0,0,0,0,0,0,0,0,0,12250,173.04
04/2026,4,SUL,S,43,RIO GRANDE DO SUL,RIO GRANDE DO SUL,RS,431680,SANTA CRUZ DO SUL,SANTA CRUZ DO SUL,1,2025,DOU,138270,29,7,0,0,0,0,0,0,0,1,1068,1068,120943,87.46
04/2026,4,SUL,S,43,RIO GRANDE DO SUL,RIO GRANDE DO SUL,RS,431697,SANTA MARGARIDA DO SUL,SANTA MARGARIDA DO SUL,3,2025,DOU,2661,1,0,0,0,0,0,0,0,0,0,0,0,3500,131.52
04/2026,4,SUL,S,43,RIO GRANDE DO SUL,RIO GRANDE DO SUL,RS,431690,SANTA MARIA,SANTA MARIA,1,2025,DOU,282395,30,20,1,0,0,1,0,1,1899,0,0,1899,161149,57.06
04/2026,4,SUL,S,43,RIO GRANDE DO SUL,RIO GRANDE DO SUL,RS,431695,SANTA MARIA DO HERVAL,SANTA MARIA DO HERVAL,3,2025,DOU,6486,2,0,0,0,0,0,0,0,0,0,0,0,7000,107.92
04/2026,4,SUL,S,43,RIO GRANDE DO SUL,RIO GRANDE DO SUL,RS,431720,SANTA ROSA,SANTA ROSA,1,2025,DOU,79488,21,0,1,0,0,0,0,0,0,1,729,729,75979,95.58
04/2026,4,SUL,S,43,RIO GRANDE DO SUL,RIO GRANDE DO SUL,RS,431725,SANTA TEREZA,SANTA TEREZA,3,2025,DOU,1529,1,0,0,0,0,0,0,0,0,0,0,0,3500,228.9
04/2026,4,SUL,S,43,RIO GRANDE DO SUL,RIO GRANDE DO SUL,RS,431730,SANTA VITORIA DO PALMAR,SANTA VITÓRIA DO PALMAR,1,2025,DOU,31965,14,0,0,0,0,0,0,1,152,0,0,152,49152,153.76
04/2026,4,SUL,S,43,RIO GRANDE DO SUL,RIO GRANDE DO SUL,RS,431700,SANTANA DA BOA VISTA,SANTANA DA BOA VISTA,3,2025,DOU,7128,2,0,0,0,0,0,0,0,0,0,0,0,7000,98.2
04/2026,4,SUL,S,43,RIO GRANDE DO SUL,RIO GRANDE DO SUL,RS,431740,SANTIAGO,SANTIAGO,1,2025,DOU,50336,11,0,0,0,0,0,0,1,0,0,0,0,38500,76.48
04/2026,4,SUL,S,43,RIO GRANDE DO SUL,RIO GRANDE DO SUL,RS,431750,SANTO ANGELO,SANTO ÂNGELO,1,2025,DOU,79146,14,7,0,0,0,0,0,1,869,0,0,869,68244,86.22
04/2026,4,SUL,S,43,RIO GRANDE DO SUL,RIO GRANDE DO SUL,RS,431760,SANTO ANTONIO DA PATRULHA,SANTO ANTÔNIO DA PATRULHA,3,2025,DOU,44431,9,1,2,0,0,0,0,0,0,0,0,0,37625,84.68
04/2026,4,SUL,S,43,RIO GRANDE DO SUL,RIO GRANDE DO SUL,RS,431770,SANTO ANTONIO DAS MISSOES,SANTO ANTÔNIO DAS MISSÕES,3,2025,DOU,10485,4,0,0,0,0,0,0,0,0,0,0,0,14000,133.52
04/2026,4,SUL,S,43,RIO GRANDE DO SUL,RIO GRANDE DO SUL,RS,431755,SANTO ANTONIO DO PALMA,SANTO ANTÔNIO DO PALMA,3,2025,DOU,2134,1,0,0,0,0,0,0,0,0,0,0,0,3500,164.01
04/2026,4,SUL,S,43,RIO GRANDE DO SUL,RIO GRANDE DO SUL,RS,431775,SANTO ANTONIO DO PLANALTO,SANTO ANTÔNIO DO PLANALTO,3,2025,DOU,2138,1,0,0,0,0,0,0,0,0,0,0,0,3500,163.7
04/2026,4,SUL,S,43,RIO GRANDE DO SUL,RIO GRANDE DO SUL,RS,431780,SANTO AUGUSTO,SANTO AUGUSTO,1,2025,DOU,14196,6,0,0,0,0,0,0,0,0,0,0,0,21000,147.92
04/2026,4,SUL,S,43,RIO GRANDE DO SUL,RIO GRANDE DO SUL,RS,431790,SANTO CRISTO,SANTO CRISTO,3,2025,DOU,15667,5,0,0,0,0,0,0,0,0,0,0,0,17500,111.69
04/2026,4,SUL,S,43,RIO GRANDE DO SUL,RIO GRANDE DO SUL,RS,431795,SANTO EXPEDITO DO SUL,SANTO EXPEDITO DO SUL,3,2025,DOU,2395,1,0,0,0,0,0,0,0,0,0,0,0,3500,146.13
04/2026,4,SUL,S,43,RIO GRANDE DO SUL,RIO GRANDE DO SUL,RS,431800,SAO BORJA,SÃO BORJA,1,2025,DOU,61311,19,0,0,0,0,0,0,1,480,0,0,480,66980,109.24
04/2026,4,SUL,S,43,RIO GRANDE DO SUL,RIO GRANDE DO SUL,RS,431805,SAO DOMINGOS DO SUL,SÃO DOMINGOS DO SUL,3,2025,DOU,2806,1,0,0,0,0,0,0,0,0,0,0,0,3500,124.73
04/2026,4,SUL,S,43,RIO GRANDE DO SUL,RIO GRANDE DO SUL,RS,431810,SAO FRANCISCO DE ASSIS,SÃO FRANCISCO DE ASSIS,2,2025,DOU,17934,5,0,0,0,0,0,0,0,0,0,0,0,17500,97.58
04/2026,4,SUL,S,43,RIO GRANDE DO SUL,RIO GRANDE DO SUL,RS,431820,SAO FRANCISCO DE PAULA,SÃO FRANCISCO DE PAULA,2,2025,DOU,22388,7,0,0,0,0,0,0,0,0,0,0,0,24500,109.43
04/2026,4,SUL,S,43,RIO GRANDE DO SUL,RIO GRANDE DO SUL,RS,431830,SAO GABRIEL,SÃO GABRIEL,1,2025,DOU,60090,19,1,0,0,0,0,0,1,466,0,0,466,69591,115.81
04/2026,4,SUL,S,43,RIO GRANDE DO SUL,RIO GRANDE DO SUL,RS,431840,SAO JERONIMO,SÃO JERÔNIMO,1,2025,DOU,21412,6,0,0,0,0,0,0,0,0,0,0,0,21000,98.07
04/2026,4,SUL,S,43,RIO GRANDE DO SUL,RIO GRANDE DO SUL,RS,431842,SAO JOAO DA URTIGA,SÃO JOÃO DA URTIGA,3,2025,DOU,4547,2,0,0,0,0,0,0,0,0,0,0,0,7000,153.94
04/2026,4,SUL,S,43,RIO GRANDE DO SUL,RIO GRANDE DO SUL,RS,431843,SAO JOAO DO POLESINE,SÃO JOÃO DO POLÊSINE,3,2025,DOU,2708,1,0,0,0,0,0,0,0,0,0,0,0,3500,129.24
04/2026,4,SUL,S,43,RIO GRANDE DO SUL,RIO GRANDE DO SUL,RS,431844,SAO JORGE,SÃO JORGE,3,2025,DOU,2976,1,0,0,0,0,0,0,0,0,0,0,0,3500,117.6
04/2026,4,SUL,S,43,RIO GRANDE DO SUL,RIO GRANDE DO SUL,RS,431845,SAO JOSE DAS MISSOES,SÃO JOSÉ DAS MISSÕES,3,2025,DOU,2399,1,0,0,0,0,0,0,0,0,0,0,0,3500,145.89
04/2026,4,SUL,S,43,RIO GRANDE DO SUL,RIO GRANDE DO SUL,RS,431846,SAO JOSE DO HERVAL,SÃO JOSÉ DO HERVAL,3,2025,DOU,1931,1,0,0,0,0,0,0,0,0,0,0,0,3500,181.25
04/2026,4,SUL,S,43,RIO GRANDE DO SUL,RIO GRANDE DO SUL,RS,431848,SAO JOSE DO HORTENCIO,SÃO JOSÉ DO HORTÊNCIO,1,2025,DOU,4555,1,0,0,0,0,0,0,0,0,0,0,0,3500,76.83
04/2026,4,SUL,S,43,RIO GRANDE DO SUL,RIO GRANDE DO SUL,RS,431849,SAO JOSE DO INHACORA,SÃO JOSÉ DO INHACORÁ,3,2025,DOU,2466,1,0,0,0,0,0,0,0,0,0,0,0,3500,141.93
04/2026,4,SUL,S,43,RIO GRANDE DO SUL,RIO GRANDE DO SUL,RS,431850,SAO JOSE DO NORTE,SÃO JOSÉ DO NORTE,2,2025,DOU,26248,9,1,0,0,0,0,0,0,0,0,0,0,34125,130.0
04/2026,4,SUL,S,43,RIO GRANDE DO SUL,RIO GRANDE DO SUL,RS,431860,SAO JOSE DO OURO,SÃO JOSÉ DO OURO,3,2025,DOU,6978,3,0,0,0,0,0,0,0,0,0,0,0,10500,150.47
04/2026,4,SUL,S,43,RIO GRANDE DO SUL,RIO GRANDE DO SUL,RS,431861,SAO JOSE DO SUL,SÃO JOSÉ DO SUL,3,2025,DOU,2443,1,0,0,0,0,0,0,0,0,0,0,0,3500,143.26
04/2026,4,SUL,S,43,RIO GRANDE DO SUL,RIO GRANDE DO SUL,RS,431862,SAO JOSE DOS AUSENTES,SÃO JOSÉ DOS AUSENTES,3,2025,DOU,4295,2,0,0,0,0,0,0,0,0,0,0,0,7000,162.98
04/2026,4,SUL,S,43,RIO GRANDE DO SUL,RIO GRANDE DO SUL,RS,431870,SAO LEOPOLDO,SÃO LEOPOLDO,1,2025,DOU,225737,19,7,40,0,0,1,117,1,589,0,0,706,155581,68.92
04/2026,4,SUL,S,43,RIO GRANDE DO SUL,RIO GRANDE DO SUL,RS,431880,SAO LOURENCO DO SUL,SÃO LOURENÇO DO SUL,2,2025,DOU,43278,14,0,0,0,0,0,0,0,0,0,0,0,49000,113.22
04/2026,4,SUL,S,43,RIO GRANDE DO SUL,RIO GRANDE DO SUL,RS,431890,SAO LUIZ GONZAGA,SÃO LUIZ GONZAGA,1,2025,DOU,35865,10,0,1,0,0,0,0,1,310,0,0,310,37060,103.33
04/2026,4,SUL,S,43,RIO GRANDE DO SUL,RIO GRANDE DO SUL,RS,431900,SAO MARCOS,SÃO MARCOS,1,2025,DOU,21549,3,6,0,0,0,0,0,0,0,0,0,0,26250,121.81
04/2026,4,SUL,S,43,RIO GRANDE DO SUL,RIO GRANDE DO SUL,RS,431910,SAO MARTINHO,SÃO MARTINHO,3,2025,DOU,5587,2,0,0,0,0,0,0,0,0,0,0,0,7000,125.29
04/2026,4,SUL,S,43,RIO GRANDE DO SUL,RIO GRANDE DO SUL,RS,431912,SAO MARTINHO DA SERRA,SÃO MARTINHO DA SERRA,3,2025,DOU,2908,1,1,0,0,0,0,0,0,0,0,0,0,6125,210.62
04/2026,4,SUL,S,43,RIO GRANDE DO SUL,RIO GRANDE DO SUL,RS,431915,SAO MIGUEL DAS MISSOES,SÃO MIGUEL DAS MISSÕES,3,2025,DOU,7193,3,0,0,0,0,0,0,0,0,0,0,0,10500,145.97
04/2026,4,SUL,S,43,RIO GRANDE DO SUL,RIO GRANDE DO SUL,RS,431920,SAO NICOLAU,SÃO NICOLAU,3,2025,DOU,5243,2,0,0,0,0,0,0,0,0,0,0,0,7000,133.51
04/2026,4,SUL,S,43,RIO GRANDE DO SUL,RIO GRANDE DO SUL,RS,431930,SAO PAULO DAS MISSOES,SÃO PAULO DAS MISSÕES,3,2025,DOU,5943,2,0,2,0,0,0,0,0,0,0,0,0,10500,176.67
04/2026,4,SUL,S,43,RIO GRANDE DO SUL,RIO GRANDE DO SUL,RS,431935,SAO PEDRO DA SERRA,SÃO PEDRO DA SERRA,3,2025,DOU,3618,1,1,0,0,0,0,0,0,0,0,0,0,6125,169.29
04/2026,4,SUL,S,43,RIO GRANDE DO SUL,RIO GRANDE DO SUL,RS,431936,SAO PEDRO DAS MISSOES,SÃO PEDRO DAS MISSÕES,3,2025,DOU,1790,1,0,0,0,0,0,0,0,0,0,0,0,3500,195.53
04/2026,4,SUL,S,43,RIO GRANDE DO SUL,RIO GRANDE DO SUL,RS,431937,SAO PEDRO DO BUTIA,SÃO PEDRO DO BUTIÁ,3,2025,DOU,3142,1,0,0,0,0,0,0,0,0,0,0,0,3500,111.39
04/2026,4,SUL,S,43,RIO GRANDE DO SUL,RIO GRANDE DO SUL,RS,431940,SAO PEDRO DO SUL,SÃO PEDRO DO SUL,2,2025,DOU,15863,5,0,0,0,0,0,0,0,0,0,0,0,17500,110.31
04/2026,4,SUL,S,43,RIO GRANDE DO SUL,RIO GRANDE DO SUL,RS,431950,SAO SEBASTIAO DO CAI,SÃO SEBASTIÃO DO CAÍ,1,2025,DOU,24898,6,1,0,0,0,0,0,0,0,0,0,0,23625,94.88
04/2026,4,SUL,S,43,RIO GRANDE DO SUL,RIO GRANDE DO SUL,RS,431960,SAO SEPE,SÃO SEPÉ,2,2025,DOU,21551,6,1,0,0,0,0,0,1,68,0,0,68,23693,109.93
04/2026,4,SUL,S,43,RIO GRANDE DO SUL,RIO GRANDE DO SUL,RS,431970,SAO VALENTIM,SÃO VALENTIM,3,2025,DOU,3320,2,0,0,0,0,0,0,0,0,0,0,0,7000,210.84
04/2026,4,SUL,S,43,RIO GRANDE DO SUL,RIO GRANDE DO SUL,RS,431971,SAO VALENTIM DO SUL,SÃO VALENTIM DO SUL,3,2025,DOU,2255,1,0,0,0,0,0,0,0,0,0,0,0,3500,155.21
04/2026,4,SUL,S,43,RIO GRANDE DO SUL,RIO GRANDE DO SUL,RS,431973,SAO VALERIO DO SUL,SÃO VALÉRIO DO SUL,3,2025,DOU,2593,1,0,0,0,0,0,0,0,0,0,0,0,3500,134.97
04/2026,4,SUL,S,43,RIO GRANDE DO SUL,RIO GRANDE DO SUL,RS,431975,SAO VENDELINO,SÃO VENDELINO,3,2025,DOU,2309,1,0,0,0,0,0,0,0,0,0,0,0,3500,151.58
04/2026,4,SUL,S,43,RIO GRANDE DO SUL,RIO GRANDE DO SUL,RS,431980,SAO VICENTE DO SUL,SÃO VICENTE DO SUL,3,2025,DOU,8257,4,0,0,0,0,0,0,1,53,0,0,53,14053,170.19
04/2026,4,SUL,S,43,RIO GRANDE DO SUL,RIO GRANDE DO SUL,RS,431990,SAPIRANGA,SAPIRANGA,1,2025,DOU,77935,11,12,0,0,0,0,0,0,0,0,0,0,70000,89.81
04/2026,4,SUL,S,43,RIO GRANDE DO SUL,RIO GRANDE DO SUL,RS,432000,SAPUCAIA DO SUL,SAPUCAIA DO SUL,1,2025,DOU,136572,24,11,6,0,0,0,0,1,1345,0,0,1345,124720,91.32
04/2026,4,SUL,S,43,RIO GRANDE DO SUL,RIO GRANDE DO SUL,RS,432010,SARANDI,SARANDI,1,2025,DOU,23374,8,0,1,0,0,0,0,0,0,0,0,0,29750,127.27
04/2026,4,SUL,S,43,RIO GRANDE DO SUL,RIO GRANDE DO SUL,RS,432020,SEBERI,SEBERI,3,2025,DOU,12325,4,0,0,0,0,0,0,0,0,0,0,0,14000,113.59
04/2026,4,SUL,S,43,RIO GRANDE DO SUL,RIO GRANDE DO SUL,RS,432023,SEDE NOVA,SEDE NOVA,3,2025,DOU,2750,1,0,0,0,0,0,0,0,0,0,0,0,3500,127.27
04/2026,4,SUL,S,43,RIO GRANDE DO SUL,RIO GRANDE DO SUL,RS,432026,SEGREDO,SEGREDO,3,2025,DOU,6098,3,0,0,0,0,0,0,0,0,0,0,0,10500,172.18
04/2026,4,SUL,S,43,RIO GRANDE DO SUL,RIO GRANDE DO SUL,RS,432030,SELBACH,SELBACH,3,2025,DOU,5222,2,0,0,0,0,0,0,0,0,0,0,0,7000,134.04
04/2026,4,SUL,S,43,RIO GRANDE DO SUL,RIO GRANDE DO SUL,RS,432032,SENADOR SALGADO FILHO,SENADOR SALGADO FILHO,3,2025,DOU,2725,1,0,0,0,0,0,0,0,0,0,0,0,3500,128.44
04/2026,4,SUL,S,43,RIO GRANDE DO SUL,RIO GRANDE DO SUL,RS,432035,SENTINELA DO SUL,SENTINELA DO SUL,3,2025,DOU,5424,1,0,2,0,0,0,0,0,0,0,0,0,7000,129.05
04/2026,4,SUL,S,43,RIO GRANDE DO SUL,RIO GRANDE DO SUL,RS,432040,SERAFINA CORREA,SERAFINA CORRÊA,1,2025,DOU,17407,6,0,0,0,0,0,0,0,0,0,0,0,21000,120.64
04/2026,4,SUL,S,43,RIO GRANDE DO SUL,RIO GRANDE DO SUL,RS,432045,SERIO,SÉRIO,3,2025,DOU,2089,1,0,0,0,0,0,0,0,0,0,0,0,3500,167.54
04/2026,4,SUL,S,43,RIO GRANDE DO SUL,RIO GRANDE DO SUL,RS,432050,SERTAO,SERTÃO,3,2025,DOU,5630,2,0,0,0,0,0,0,0,0,0,0,0,7000,124.33
04/2026,4,SUL,S,43,RIO GRANDE DO SUL,RIO GRANDE DO SUL,RS,432055,SERTAO SANTANA,SERTÃO SANTANA,3,2025,DOU,5989,2,2,0,0,0,0,0,0,0,0,0,0,12250,204.54
04/2026,4,SUL,S,43,RIO GRANDE DO SUL,RIO GRANDE DO SUL,RS,432057,SETE DE SETEMBRO,SETE DE SETEMBRO,3,2025,DOU,1881,1,0,0,0,0,0,0,0,0,0,0,0,3500,186.07
04/2026,4,SUL,S,43,RIO GRANDE DO SUL,RIO GRANDE DO SUL,RS,432060,SEVERIANO DE ALMEIDA,SEVERIANO DE ALMEIDA,3,2025,DOU,3463,2,0,0,0,0,0,0,0,0,0,0,0,7000,202.13
04/2026,4,SUL,S,43,RIO GRANDE DO SUL,RIO GRANDE DO SUL,RS,432065,SILVEIRA MARTINS,SILVEIRA MARTINS,3,2025,DOU,2056,1,0,0,0,0,0,0,0,0,0,0,0,3500,170.23
04/2026,4,SUL,S,43,RIO GRANDE DO SUL,RIO GRANDE DO SUL,RS,432067,SINIMBU,SINIMBU,3,2025,DOU,8685,3,0,2,0,0,0,0,0,0,0,0,0,14000,161.19
04/2026,4,SUL,S,43,RIO GRANDE DO SUL,RIO GRANDE DO SUL,RS,432070,SOBRADINHO,SOBRADINHO,1,2025,DOU,14512,4,0,2,0,0,0,0,0,0,0,0,0,17500,120.58
04/2026,4,SUL,S,43,RIO GRANDE DO SUL,RIO GRANDE DO SUL,RS,432080,SOLEDADE,SOLEDADE,1,2025,DOU,30939,8,2,1,0,0,0,0,1,82,0,0,82,35082,113.39
04/2026,4,SUL,S,43,RIO GRANDE DO SUL,RIO GRANDE DO SUL,RS,432085,TABAI,TABAÍ,3,2025,DOU,4569,2,0,0,0,0,0,0,0,0,0,0,0,7000,153.2
04/2026,4,SUL,S,43,RIO GRANDE DO SUL,RIO GRANDE DO SUL,RS,432090,TAPEJARA,TAPEJARA,1,2025,DOU,25256,6,2,0,0,0,0,0,0,0,0,0,0,26250,103.93
04/2026,4,SUL,S,43,RIO GRANDE DO SUL,RIO GRANDE DO SUL,RS,432100,TAPERA,TAPERA,2,2025,DOU,10824,4,0,0,0,0,0,0,0,0,0,0,0,14000,129.34
04/2026,4,SUL,S,43,RIO GRANDE DO SUL,RIO GRANDE DO SUL,RS,432110,TAPES,TAPES,1,2025,DOU,14920,4,0,0,0,0,0,0,0,0,0,0,0,14000,93.83
04/2026,4,SUL,S,43,RIO GRANDE DO SUL,RIO GRANDE DO SUL,RS,432120,TAQUARA,TAQUARA,1,2025,DOU,54353,18,0,0,0,0,1,35,1,149,0,0,184,63184,116.24
04/2026,4,SUL,S,43,RIO GRANDE DO SUL,RIO GRANDE DO SUL,RS,432130,TAQUARI,TAQUARI,1,2025,DOU,25963,6,0,0,0,0,0,0,0,0,0,0,0,21000,80.88
04/2026,4,SUL,S,43,RIO GRANDE DO SUL,RIO GRANDE DO SUL,RS,432132,TAQUARUCU DO SUL,TAQUARUÇU DO SUL,3,2025,DOU,3192,1,0,0,0,0,0,0,0,0,0,0,0,3500,109.64
04/2026,4,SUL,S,43,RIO GRANDE DO SUL,RIO GRANDE DO SUL,RS,432135,TAVARES,TAVARES,3,2025,DOU,5319,2,2,0,0,0,0,0,0,0,0,0,0,12250,230.3
04/2026,4,SUL,S,43,RIO GRANDE DO SUL,RIO GRANDE DO SUL,RS,432140,TENENTE PORTELA,TENENTE PORTELA,3,2025,DOU,14820,5,0,0,0,0,0,0,0,0,0,0,0,17500,118.08
04/2026,4,SUL,S,43,RIO GRANDE DO SUL,RIO GRANDE DO SUL,RS,432143,TERRA DE AREIA,TERRA DE AREIA,1,2025,DOU,10575,2,0,2,0,0,0,0,0,0,0,0,0,10500,99.29
04/2026,4,SUL,S,43,RIO GRANDE DO SUL,RIO GRANDE DO SUL,RS,432145,TEUTONIA,TEUTÔNIA,2,2025,DOU,34023,3,6,0,0,0,0,0,0,0,0,0,0,26250,77.15
04/2026,4,SUL,S,43,RIO GRANDE DO SUL,RIO GRANDE DO SUL,RS,432146,TIO HUGO,TIO HUGO,3,2025,DOU,3358,1,0,0,0,0,0,0,0,0,0,0,0,3500,104.22
04/2026,4,SUL,S,43,RIO GRANDE DO SUL,RIO GRANDE DO SUL,RS,432147,TIRADENTES DO SUL,TIRADENTES DO SUL,3,2025,DOU,5188,2,0,0,0,0,0,0,0,0,0,0,0,7000,134.92
04/2026,4,SUL,S,43,RIO GRANDE DO SUL,RIO GRANDE DO SUL,RS,432149,TOROPI,TOROPI,3,2025,DOU,2594,1,0,0,0,0,0,0,0,0,0,0,0,3500,134.92
04/2026,4,SUL,S,43,RIO GRANDE DO SUL,RIO GRANDE DO SUL,RS,432150,TORRES,TORRES,1,2025,DOU,43344,9,1,0,0,0,1,21,0,0,0,0,21,34146,78.77
04/2026,4,SUL,S,43,RIO GRANDE DO SUL,RIO GRANDE DO SUL,RS,432160,TRAMANDAI,TRAMANDAÍ,1,2025,DOU,56430,11,0,0,0,0,0,0,0,0,0,0,0,38500,68.22
04/2026,4,SUL,S,43,RIO GRANDE DO SUL,RIO GRANDE DO SUL,RS,432162,TRAVESSEIRO,TRAVESSEIRO,3,2025,DOU,2192,1,0,0,0,0,0,0,0,0,0,0,0,3500,159.67
04/2026,4,SUL,S,43,RIO GRANDE DO SUL,RIO GRANDE DO SUL,RS,432163,TRES ARROIOS,TRÊS ARROIOS,3,2025,DOU,2636,1,0,0,0,0,0,0,0,0,0,0,0,3500,132.77
04/2026,4,SUL,S,43,RIO GRANDE DO SUL,RIO GRANDE DO SUL,RS,432166,TRES CACHOEIRAS,TRÊS CACHOEIRAS,3,2025,DOU,11224,4,0,4,0,0,0,0,0,0,0,0,0,21000,187.09
04/2026,4,SUL,S,43,RIO GRANDE DO SUL,RIO GRANDE DO SUL,RS,432170,TRES COROAS,TRÊS COROAS,1,2025,DOU,24428,6,1,0,0,0,0,0,0,0,0,0,0,23625,96.71
04/2026,4,SUL,S,43,RIO GRANDE DO SUL,RIO GRANDE DO SUL,RS,432180,TRES DE MAIO,TRÊS DE MAIO,1,2025,DOU,25466,8,0,4,0,0,0,0,0,0,0,0,0,35000,137.43
04/2026,4,SUL,S,43,RIO GRANDE DO SUL,RIO GRANDE DO SUL,RS,432183,TRES FORQUILHAS,TRÊS FORQUILHAS,3,2025,DOU,2813,1,0,0,0,0,0,0,0,0,0,0,0,3500,124.42
04/2026,4,SUL,S,43,RIO GRANDE DO SUL,RIO GRANDE DO SUL,RS,432185,TRES PALMEIRAS,TRÊS PALMEIRAS,3,2025,DOU,4829,2,0,0,0,0,0,0,0,0,0,0,0,7000,144.95
04/2026,4,SUL,S,43,RIO GRANDE DO SUL,RIO GRANDE DO SUL,RS,432190,TRES PASSOS,TRÊS PASSOS,2,2025,DOU,26304,8,0,0,0,0,0,0,1,419,0,0,419,28419,108.04
04/2026,4,SUL,S,43,RIO GRANDE DO SUL,RIO GRANDE DO SUL,RS,432195,TRINDADE DO SUL,TRINDADE DO SUL,3,2025,DOU,7785,3,0,0,0,0,0,0,0,0,0,0,0,10500,134.87
04/2026,4,SUL,S,43,RIO GRANDE DO SUL,RIO GRANDE DO SUL,RS,432200,TRIUNFO,TRIUNFO,1,2025,DOU,28435,9,0,0,0,0,0,0,0,0,0,0,0,31500,110.77
04/2026,4,SUL,S,43,RIO GRANDE DO SUL,RIO GRANDE DO SUL,RS,432210,TUCUNDUVA,TUCUNDUVA,3,2025,DOU,5646,2,0,0,0,0,0,0,0,0,0,0,0,7000,123.98
04/2026,4,SUL,S,43,RIO GRANDE DO SUL,RIO GRANDE DO SUL,RS,432215,TUNAS,TUNAS,3,2025,DOU,3732,2,0,0,0,0,0,0,0,0,0,0,0,7000,187.56
04/2026,4,SUL,S,43,RIO GRANDE DO SUL,RIO GRANDE DO SUL,RS,432218,TUPANCI DO SUL,TUPANCI DO SUL,3,2025,DOU,1396,1,0,0,0,0,0,0,0,0,0,0,0,3500,250.71
04/2026,4,SUL,S,43,RIO GRANDE DO SUL,RIO GRANDE DO SUL,RS,432220,TUPANCIRETA,TUPANCIRETÃ,1,2025,DOU,20324,4,2,0,0,0,0,0,0,0,0,0,0,19250,94.71
04/2026,4,SUL,S,43,RIO GRANDE DO SUL,RIO GRANDE DO SUL,RS,432225,TUPANDI,TUPANDI,3,2025,DOU,5172,1,1,0,0,0,0,0,0,0,0,0,0,6125,118.42
04/2026,4,SUL,S,43,RIO GRANDE DO SUL,RIO GRANDE DO SUL,RS,432230,TUPARENDI,TUPARENDI,3,2025,DOU,8535,3,0,0,0,0,0,0,0,0,0,0,0,10500,123.02
04/2026,4,SUL,S,43,RIO GRANDE DO SUL,RIO GRANDE DO SUL,RS,432232,TURUCU,TURUÇU,3,2025,DOU,3488,2,0,0,0,0,0,0,0,0,0,0,0,7000,200.68
04/2026,4,SUL,S,43,RIO GRANDE DO SUL,RIO GRANDE DO SUL,RS,432234,UBIRETAMA,UBIRETAMA,3,2025,DOU,2025,1,0,0,0,0,0,0,0,0,0,0,0,3500,172.83
04/2026,4,SUL,S,43,RIO GRANDE DO SUL,RIO GRANDE DO SUL,RS,432235,UNIAO DA SERRA,UNIÃO DA SERRA,3,2025,DOU,1183,1,0,0,0,0,0,0,0,0,0,0,0,3500,295.85
04/2026,4,SUL,S,43,RIO GRANDE DO SUL,RIO GRANDE DO SUL,RS,432237,UNISTALDA,UNISTALDA,3,2025,DOU,2047,1,0,0,0,0,0,0,0,0,0,0,0,3500,170.98
04/2026,4,SUL,S,43,RIO GRANDE DO SUL,RIO GRANDE DO SUL,RS,432240,URUGUAIANA,URUGUAIANA,1,2025,DOU,120819,23,0,0,0,0,1,144,1,826,0,0,970,81470,67.43
04/2026,4,SUL,S,43,RIO GRANDE DO SUL,RIO GRANDE DO SUL,RS,432250,VACARIA,VACARIA,1,2025,DOU,66146,13,2,0,0,0,0,0,0,0,0,0,0,50750,76.72
04/2026,4,SUL,S,43,RIO GRANDE DO SUL,RIO GRANDE DO SUL,RS,432253,VALE DO SOL,VALE DO SOL,3,2025,DOU,10069,4,0,0,0,0,0,0,0,0,0,0,0,14000,139.04
04/2026,4,SUL,S,43,RIO GRANDE DO SUL,RIO GRANDE DO SUL,RS,432254,VALE REAL,VALE REAL,1,2025,DOU,6223,3,0,0,0,0,0,0,0,0,0,0,0,10500,168.72
04/2026,4,SUL,S,43,RIO GRANDE DO SUL,RIO GRANDE DO SUL,RS,432252,VALE VERDE,VALE VERDE,3,2025,DOU,3213,1,0,0,0,0,0,0,0,0,0,0,0,3500,108.93
04/2026,4,SUL,S,43,RIO GRANDE DO SUL,RIO GRANDE DO SUL,RS,432255,VANINI,VANINI,3,2025,DOU,2047,1,0,0,0,0,0,0,0,0,0,0,0,3500,170.98
04/2026,4,SUL,S,43,RIO GRANDE DO SUL,RIO GRANDE DO SUL,RS,432260,VENANCIO AIRES,VENÂNCIO AIRES,1,2025,DOU,70842,7,1,16,0,0,0,0,1,426,0,0,426,55551,78.41
04/2026,4,SUL,S,43,RIO GRANDE DO SUL,RIO GRANDE DO SUL,RS,432270,VERA CRUZ,VERA CRUZ,1,2025,DOU,27670,8,1,1,0,0,0,0,0,0,0,0,0,32375,117.0
04/2026,4,SUL,S,43,RIO GRANDE DO SUL,RIO GRANDE DO SUL,RS,432280,VERANOPOLIS,VERANÓPOLIS,1,2025,DOU,24554,5,1,0,0,0,0,0,0,0,0,0,0,20125,81.96
04/2026,4,SUL,S,43,RIO GRANDE DO SUL,RIO GRANDE DO SUL,RS,432285,VESPASIANO CORREA,VESPASIANO CORREA,3,2025,DOU,1851,1,0,0,0,0,0,0,0,0,0,0,0,3500,189.08
04/2026,4,SUL,S,43,RIO GRANDE DO SUL,RIO GRANDE DO SUL,RS,432290,VIADUTOS,VIADUTOS,3,2025,DOU,4847,2,0,0,0,0,0,0,0,0,0,0,0,7000,144.41
04/2026,4,SUL,S,43,RIO GRANDE DO SUL,RIO GRANDE DO SUL,RS,432300,VIAMAO,VIAMÃO,1,2025,DOU,231996,46,2,7,0,0,1,68,0,0,0,0,68,178568,76.97
04/2026,4,SUL,S,43,RIO GRANDE DO SUL,RIO GRANDE DO SUL,RS,432310,VICENTE DUTRA,VICENTE DUTRA,3,2025,DOU,4741,2,0,0,0,0,0,0,0,0,0,0,0,7000,147.64
04/2026,4,SUL,S,43,RIO GRANDE DO SUL,RIO GRANDE DO SUL,RS,432320,VICTOR GRAEFF,VICTOR GRAEFF,3,2025,DOU,2829,1,0,0,0,0,0,0,0,0,0,0,0,3500,123.71
04/2026,4,SUL,S,43,RIO GRANDE DO SUL,RIO GRANDE DO SUL,RS,432330,VILA FLORES,VILA FLORES,3,2025,DOU,3741,1,0,1,0,0,0,0,0,0,0,0,0,5250,140.33
04/2026,4,SUL,S,43,RIO GRANDE DO SUL,RIO GRANDE DO SUL,RS,432335,VILA LANGARO,VILA LÂNGARO,3,2025,DOU,2121,1,0,0,0,0,0,0,0,0,0,0,0,3500,165.01
04/2026,4,SUL,S,43,RIO GRANDE DO SUL,RIO GRANDE DO SUL,RS,432340,VILA MARIA,VILA MARIA,3,2025,DOU,4515,2,0,0,0,0,0,0,0,0,0,0,0,7000,155.03
04/2026,4,SUL,S,43,RIO GRANDE DO SUL,RIO GRANDE DO SUL,RS,432345,VILA NOVA DO SUL,VILA NOVA DO SUL,3,2025,DOU,3932,1,0,1,0,0,0,0,0,0,0,0,0,5250,133.51
04/2026,4,SUL,S,43,RIO GRANDE DO SUL,RIO GRANDE DO SUL,RS,432350,VISTA ALEGRE,VISTA ALEGRE,3,2025,DOU,2710,1,0,0,0,0,0,0,0,0,0,0,0,3500,129.15
04/2026,4,SUL,S,43,RIO GRANDE DO SUL,RIO GRANDE DO SUL,RS,432360,VISTA ALEGRE DO PRATA,VISTA ALEGRE DO PRATA,3,2025,DOU,1624,1,0,0,0,0,0,0,0,0,0,0,0,3500,215.51
04/2026,4,SUL,S,43,RIO GRANDE DO SUL,RIO GRANDE DO SUL,RS,432370,VISTA GAUCHA,VISTA GAÚCHA,3,2025,DOU,2843,1,0,0,0,0,0,0,0,0,0,0,0,3500,123.1
04/2026,4,SUL,S,43,RIO GRANDE DO SUL,RIO GRANDE DO SUL,RS,432375,VITORIA DAS MISSOES,VITÓRIA DAS MISSÕES,3,2025,DOU,3316,2,0,0,0,0,0,0,0,0,0,0,0,7000,211.09
04/2026,4,SUL,S,43,RIO GRANDE DO SUL,RIO GRANDE DO SUL,RS,432377,WESTFALIA,WESTFALIA,3,2025,DOU,3223,1,1,0,0,0,0,0,0,0,0,0,0,6125,190.04
04/2026,4,SUL,S,43,RIO GRANDE DO SUL,RIO GRANDE DO SUL,RS,432380,XANGRI-LA,XANGRI-LÁ,1,2025,DOU,16949,5,0,0,0,0,0,0,0,0,0,0,0,17500,103.25
04/2026,4,SUL,S,42,SANTA CATARINA,SANTA CATARINA,SC,420005,ABDON BATISTA,ABDON BATISTA,3,2025,DOU,2629,1,0,0,0,0,0,0,0,0,0,0,0,3500,133.13
04/2026,4,SUL,S,42,SANTA CATARINA,SANTA CATARINA,SC,420010,ABELARDO LUZ,ABELARDO LUZ,3,2025,DOU,17767,8,0,0,0,0,0,0,0,0,0,0,0,28000,157.59
04/2026,4,SUL,S,42,SANTA CATARINA,SANTA CATARINA,SC,420020,AGROLANDIA,AGROLÂNDIA,3,2025,DOU,11646,5,0,0,0,0,0,0,0,0,0,0,0,17500,150.26
04/2026,4,SUL,S,42,SANTA CATARINA,SANTA CATARINA,SC,420030,AGRONOMICA,AGRONÔMICA,1,2025,DOU,6511,2,0,0,0,0,0,0,0,0,0,0,0,7000,107.51
04/2026,4,SUL,S,42,SANTA CATARINA,SANTA CATARINA,SC,420040,AGUA DOCE,ÁGUA DOCE,3,2025,DOU,6587,3,0,0,0,0,0,0,0,0,0,0,0,10500,159.4
04/2026,4,SUL,S,42,SANTA CATARINA,SANTA CATARINA,SC,420050,AGUAS DE CHAPECO,ÁGUAS DE CHAPECÓ,3,2025,DOU,6123,3,0,0,0,0,0,0,0,0,0,0,0,10500,171.48
04/2026,4,SUL,S,42,SANTA CATARINA,SANTA CATARINA,SC,420055,AGUAS FRIAS,ÁGUAS FRIAS,3,2025,DOU,3000,1,0,0,0,0,0,0,0,0,0,0,0,3500,116.66
04/2026,4,SUL,S,42,SANTA CATARINA,SANTA CATARINA,SC,420060,AGUAS MORNAS,ÁGUAS MORNAS,1,2025,DOU,7193,3,0,0,0,0,0,0,0,0,0,0,0,10500,145.97
04/2026,4,SUL,S,42,SANTA CATARINA,SANTA CATARINA,SC,420070,ALFREDO WAGNER,ALFREDO WAGNER,3,2025,DOU,10963,3,0,0,0,0,0,0,0,0,0,0,0,10500,95.77
04/2026,4,SUL,S,42,SANTA CATARINA,SANTA CATARINA,SC,420075,ALTO BELA VISTA,ALTO BELA VISTA,3,2025,DOU,1847,1,0,0,0,0,0,0,0,0,0,0,0,3500,189.49
04/2026,4,SUL,S,42,SANTA CATARINA,SANTA CATARINA,SC,420080,ANCHIETA,ANCHIETA,3,2025,DOU,5955,3,0,0,0,0,0,0,0,0,0,0,0,10500,176.32
04/2026,4,SUL,S,42,SANTA CATARINA,SANTA CATARINA,SC,420090,ANGELINA,ANGELINA,3,2025,DOU,5484,2,0,0,0,0,0,0,0,0,0,0,0,7000,127.64
04/2026,4,SUL,S,42,SANTA CATARINA,SANTA CATARINA,SC,420100,ANITA GARIBALDI,ANITA GARIBALDI,3,2025,DOU,8339,3,0,0,0,0,0,0,0,0,0,0,0,10500,125.91
04/2026,4,SUL,S,42,SANTA CATARINA,SANTA CATARINA,SC,420110,ANITAPOLIS,ANITÁPOLIS,3,2025,DOU,3761,1,1,0,0,0,0,0,0,0,0,0,0,6125,162.85
04/2026,4,SUL,S,42,SANTA CATARINA,SANTA CATARINA,SC,420120,ANTONIO CARLOS,ANTÔNIO CARLOS,1,2025,DOU,12464,4,0,2,0,0,0,0,0,0,0,0,0,17500,140.4
04/2026,4,SUL,S,42,SANTA CATARINA,SANTA CATARINA,SC,420125,APIUNA,APIÚNA,3,2025,DOU,10041,5,1,0,0,0,0,0,0,0,0,0,0,20125,200.42
04/2026,4,SUL,S,42,SANTA CATARINA,SANTA CATARINA,SC,420127,ARABUTA,ARABUTÃ,3,2025,DOU,4505,2,0,0,0,0,0,0,0,0,0,0,0,7000,155.38
04/2026,4,SUL,S,42,SANTA CATARINA,SANTA CATARINA,SC,420130,ARAQUARI,ARAQUARI,1,2025,DOU,52079,18,0,1,0,0,0,0,0,0,0,0,0,64750,124.33
04/2026,4,SUL,S,42,SANTA CATARINA,SANTA CATARINA,SC,420140,ARARANGUA,ARARANGUÁ,1,2025,DOU,76611,15,0,0,0,0,0,0,0,0,0,0,0,52500,68.52
04/2026,4,SUL,S,42,SANTA CATARINA,SANTA CATARINA,SC,420150,ARMAZEM,ARMAZÉM,3,2025,DOU,9289,4,0,0,0,0,0,0,0,0,0,0,0,14000,150.71
04/2026,4,SUL,S,42,SANTA CATARINA,SANTA CATARINA,SC,420160,ARROIO TRINTA,ARROIO TRINTA,3,2025,DOU,3634,1,1,0,0,0,0,0,0,0,0,0,0,6125,168.54
04/2026,4,SUL,S,42,SANTA CATARINA,SANTA CATARINA,SC,420165,ARVOREDO,ARVOREDO,3,2025,DOU,2623,1,0,0,0,0,0,0,0,0,0,0,0,3500,133.43
04/2026,4,SUL,S,42,SANTA CATARINA,SANTA CATARINA,SC,420170,ASCURRA,ASCURRA,3,2025,DOU,8720,4,0,0,0,0,0,0,0,0,0,0,0,14000,160.55
04/2026,4,SUL,S,42,SANTA CATARINA,SANTA CATARINA,SC,420180,ATALANTA,ATALANTA,3,2025,DOU,3265,2,0,0,0,0,0,0,0,0,0,0,0,7000,214.39
04/2026,4,SUL,S,42,SANTA CATARINA,SANTA CATARINA,SC,420190,AURORA,AURORA,3,2025,DOU,7241,3,0,0,0,0,0,0,0,0,0,0,0,10500,145.0
04/2026,4,SUL,S,42,SANTA CATARINA,SANTA CATARINA,SC,420195,BALNEARIO ARROIO DO SILVA,BALNEÁRIO ARROIO DO SILVA,3,2025,DOU,17786,6,0,0,0,0,0,0,0,0,0,0,0,21000,118.07
04/2026,4,SUL,S,42,SANTA CATARINA,SANTA CATARINA,SC,420205,BALNEARIO BARRA DO SUL,BALNEÁRIO BARRA DO SUL,3,2025,DOU,16953,5,0,0,0,0,0,0,0,0,0,0,0,17500,103.22
04/2026,4,SUL,S,42,SANTA CATARINA,SANTA CATARINA,SC,420200,BALNEARIO CAMBORIU,BALNEÁRIO CAMBORIÚ,1,2025,DOU,151674,22,16,0,0,0,0,0,0,0,0,0,0,119000,78.45
04/2026,4,SUL,S,42,SANTA CATARINA,SANTA CATARINA,SC,420207,BALNEARIO GAIVOTA,BALNEÁRIO GAIVOTA,2,2025,DOU,17986,6,0,2,0,0,0,0,0,0,0,0,0,24500,136.21
04/2026,4,SUL,S,42,SANTA CATARINA,SANTA CATARINA,SC,421280,BALNEARIO PICARRAS,BALNEÁRIO PIÇARRAS,1,2025,DOU,30593,12,1,0,0,0,0,0,0,0,0,0,0,44625,145.86
04/2026,4,SUL,S,42,SANTA CATARINA,SANTA CATARINA,SC,422000,BALNEARIO RINCAO,BALNEÁRIO RINCÃO,1,2025,DOU,17697,6,1,0,0,0,0,0,0,0,0,0,0,23625,133.49
04/2026,4,SUL,S,42,SANTA CATARINA,SANTA CATARINA,SC,420208,BANDEIRANTE,BANDEIRANTE,3,2025,DOU,3265,1,0,0,0,0,0,0,0,0,0,0,0,3500,107.19
04/2026,4,SUL,S,42,SANTA CATARINA,SANTA CATARINA,SC,420209,BARRA BONITA,BARRA BONITA,3,2025,DOU,1642,1,0,0,0,0,0,0,0,0,0,0,0,3500,213.15
04/2026,4,SUL,S,42,SANTA CATARINA,SANTA CATARINA,SC,420210,BARRA VELHA,BARRA VELHA,1,2025,DOU,52860,11,0,0,0,0,0,0,1,387,0,0,387,38887,73.56
04/2026,4,SUL,S,42,SANTA CATARINA,SANTA CATARINA,SC,420213,BELA VISTA DO TOLDO,BELA VISTA DO TOLDO,3,2025,DOU,5939,3,0,0,0,0,0,0,0,0,0,0,0,10500,176.79
04/2026,4,SUL,S,42,SANTA CATARINA,SANTA CATARINA,SC,420215,BELMONTE,BELMONTE,3,2025,DOU,2712,1,0,0,0,0,0,0,0,0,0,0,0,3500,129.05
04/2026,4,SUL,S,42,SANTA CATARINA,SANTA CATARINA,SC,420220,BENEDITO NOVO,BENEDITO NOVO,3,2025,DOU,10757,6,0,0,0,0,0,0,0,0,0,0,0,21000,195.22
04/2026,4,SUL,S,42,SANTA CATARINA,SANTA CATARINA,SC,420230,BIGUACU,BIGUAÇU,1,2025,DOU,83756,36,0,0,0,0,1,43,1,143,0,0,186,126186,150.65
04/2026,4,SUL,S,42,SANTA CATARINA,SANTA CATARINA,SC,420240,BLUMENAU,BLUMENAU,1,2025,DOU,385558,117,6,8,0,0,1,193,0,0,1,3259,3452,442702,114.82
04/2026,4,SUL,S,42,SANTA CATARINA,SANTA CATARINA,SC,420243,BOCAINA DO SUL,BOCAINA DO SUL,3,2025,DOU,3639,1,1,0,0,0,0,0,0,0,0,0,0,6125,168.31
04/2026,4,SUL,S,42,SANTA CATARINA,SANTA CATARINA,SC,420250,BOM JARDIM DA SERRA,BOM JARDIM DA SERRA,3,2025,DOU,3995,2,0,0,0,0,0,0,0,0,0,0,0,7000,175.21
04/2026,4,SUL,S,42,SANTA CATARINA,SANTA CATARINA,SC,420253,BOM JESUS,BOM JESUS,3,2025,DOU,2896,1,0,0,0,0,0,0,0,0,0,0,0,3500,120.85
04/2026,4,SUL,S,42,SANTA CATARINA,SANTA CATARINA,SC,420257,BOM JESUS DO OESTE,BOM JESUS DO OESTE,3,2025,DOU,2240,1,0,0,0,0,0,0,0,0,0,0,0,3500,156.25
04/2026,4,SUL,S,42,SANTA CATARINA,SANTA CATARINA,SC,420260,BOM RETIRO,BOM RETIRO,3,2025,DOU,8422,4,0,0,0,0,0,0,0,0,0,0,0,14000,166.23
04/2026,4,SUL,S,42,SANTA CATARINA,SANTA CATARINA,SC,420245,BOMBINHAS,BOMBINHAS,1,2025,DOU,28738,9,0,0,0,0,0,0,0,0,0,0,0,31500,109.61
04/2026,4,SUL,S,42,SANTA CATARINA,SANTA CATARINA,SC,420270,BOTUVERA,BOTUVERÁ,1,2025,DOU,5705,4,0,0,0,0,0,0,0,0,0,0,0,14000,245.39
04/2026,4,SUL,S,42,SANTA CATARINA,SANTA CATARINA,SC,420280,BRACO DO NORTE,BRAÇO DO NORTE,1,2025,DOU,35985,12,0,2,0,0,0,0,0,0,0,0,0,45500,126.44
04/2026,4,SUL,S,42,SANTA CATARINA,SANTA CATARINA,SC,420285,BRACO DO TROMBUDO,BRAÇO DO TROMBUDO,3,2025,DOU,4256,2,0,0,0,0,0,0,0,0,0,0,0,7000,164.47
04/2026,4,SUL,S,42,SANTA CATARINA,SANTA CATARINA,SC,420287,BRUNOPOLIS,BRUNÓPOLIS,3,2025,DOU,2433,1,0,0,0,0,0,0,0,0,0,0,0,3500,143.85
04/2026,4,SUL,S,42,SANTA CATARINA,SANTA CATARINA,SC,420290,BRUSQUE,BRUSQUE,1,2025,DOU,155307,62,0,0,0,0,0,0,0,0,1,20,20,217020,139.73
04/2026,4,SUL,S,42,SANTA CATARINA,SANTA CATARINA,SC,420300,CACADOR,CAÇADOR,1,2025,DOU,76298,24,1,2,0,0,0,0,0,0,0,0,0,90125,118.12
04/2026,4,SUL,S,42,SANTA CATARINA,SANTA CATARINA,SC,420310,CAIBI,CAIBI,3,2025,DOU,6441,3,0,0,0,0,0,0,0,0,0,0,0,10500,163.01
04/2026,4,SUL,S,42,SANTA CATARINA,SANTA CATARINA,SC,420315,CALMON,CALMON,3,2025,DOU,3519,2,0,0,0,0,0,0,0,0,0,0,0,7000,198.92
04/2026,4,SUL,S,42,SANTA CATARINA,SANTA CATARINA,SC,420320,CAMBORIU,CAMBORIÚ,1,2025,DOU,117324,26,2,0,0,0,0,0,0,0,0,0,0,96250,82.03
04/2026,4,SUL,S,42,SANTA CATARINA,SANTA CATARINA,SC,420330,CAMPO ALEGRE,CAMPO ALEGRE,3,2025,DOU,12886,3,1,0,0,0,0,0,0,0,0,0,0,13125,101.85
04/2026,4,SUL,S,42,SANTA CATARINA,SANTA CATARINA,SC,420340,CAMPO BELO DO SUL,CAMPO BELO DO SUL,3,2025,DOU,7324,4,0,0,0,0,0,0,0,0,0,0,0,14000,191.15
04/2026,4,SUL,S,42,SANTA CATARINA,SANTA CATARINA,SC,420350,CAMPO ERE,CAMPO ERÊ,3,2025,DOU,9864,4,0,0,0,0,0,0,0,0,0,0,0,14000,141.93
04/2026,4,SUL,S,42,SANTA CATARINA,SANTA CATARINA,SC,420360,CAMPOS NOVOS,CAMPOS NOVOS,1,2025,DOU,39049,11,0,1,0,0,0,0,1,397,0,0,397,40647,104.09
04/2026,4,SUL,S,42,SANTA CATARINA,SANTA CATARINA,SC,420370,CANELINHA,CANELINHA,3,2025,DOU,13618,6,0,0,0,0,0,0,0,0,0,0,0,21000,154.2
04/2026,4,SUL,S,42,SANTA CATARINA,SANTA CATARINA,SC,420380,CANOINHAS,CANOINHAS,1,2025,DOU,56948,21,1,0,0,0,0,0,0,0,0,0,0,76125,133.67
04/2026,4,SUL,S,42,SANTA CATARINA,SANTA CATARINA,SC,420325,CAPAO ALTO,CAPÃO ALTO,3,2025,DOU,2636,1,0,0,0,0,0,0,0,0,0,0,0,3500,132.77
04/2026,4,SUL,S,42,SANTA CATARINA,SANTA CATARINA,SC,420390,CAPINZAL,CAPINZAL,2,2025,DOU,24414,6,0,0,0,0,0,0,0,0,0,0,0,21000,86.01
04/2026,4,SUL,S,42,SANTA CATARINA,SANTA CATARINA,SC,420395,CAPIVARI DE BAIXO,CAPIVARI DE BAIXO,1,2025,DOU,25015,9,1,1,0,0,0,0,0,0,0,0,0,35875,143.41
04/2026,4,SUL,S,42,SANTA CATARINA,SANTA CATARINA,SC,420400,CATANDUVAS,CATANDUVAS,3,2025,DOU,11033,4,0,0,0,0,0,0,0,0,0,0,0,14000,126.89
04/2026,4,SUL,S,42,SANTA CATARINA,SANTA CATARINA,SC,420410,CAXAMBU DO SUL,CAXAMBU DO SUL,3,2025,DOU,4752,2,0,0,0,0,0,0,0,0,0,0,0,7000,147.3
04/2026,4,SUL,S,42,SANTA CATARINA,SANTA CATARINA,SC,420415,CELSO RAMOS,CELSO RAMOS,3,2025,DOU,2864,1,0,0,0,0,0,0,0,0,0,0,0,3500,122.2
04/2026,4,SUL,S,42,SANTA CATARINA,SANTA CATARINA,SC,420417,CERRO NEGRO,CERRO NEGRO,3,2025,DOU,3303,2,0,0,0,0,0,0,0,0,0,0,0,7000,211.92
04/2026,4,SUL,S,42,SANTA CATARINA,SANTA CATARINA,SC,420419,CHAPADAO DO LAGEADO,CHAPADÃO DO LAGEADO,3,2025,DOU,3053,2,0,0,0,0,0,0,0,0,0,0,0,7000,229.28
04/2026,4,SUL,S,42,SANTA CATARINA,SANTA CATARINA,SC,420420,CHAPECO,CHAPECÓ,1,2025,DOU,282648,76,0,0,0,0,0,0,0,0,1,2564,2564,268564,95.01
04/2026,4,SUL,S,42,SANTA CATARINA,SANTA CATARINA,SC,420425,COCAL DO SUL,COCAL DO SUL,1,2025,DOU,18106,7,0,0,0,0,0,0,0,0,0,0,0,24500,135.31
04/2026,4,SUL,S,42,SANTA CATARINA,SANTA CATARINA,SC,420430,CONCORDIA,CONCÓRDIA,1,2025,DOU,87206,16,5,11,0,0,0,0,1,315,0,0,315,88690,101.7
04/2026,4,SUL,S,42,SANTA CATARINA,SANTA CATARINA,SC,420435,CORDILHEIRA ALTA,CORDILHEIRA ALTA,1,2025,DOU,5192,2,0,0,0,0,0,0,0,0,0,0,0,7000,134.82
04/2026,4,SUL,S,42,SANTA CATARINA,SANTA CATARINA,SC,420440,CORONEL FREITAS,CORONEL FREITAS,3,2025,DOU,10604,3,0,0,0,0,0,0,0,0,0,0,0,10500,99.01
04/2026,4,SUL,S,42,SANTA CATARINA,SANTA CATARINA,SC,420445,CORONEL MARTINS,CORONEL MARTINS,3,2025,DOU,1993,1,0,0,0,0,0,0,0,0,0,0,0,3500,175.61
04/2026,4,SUL,S,42,SANTA CATARINA,SANTA CATARINA,SC,420455,CORREIA PINTO,CORREIA PINTO,1,2025,DOU,16253,5,0,0,0,0,0,0,0,0,0,0,0,17500,107.67
04/2026,4,SUL,S,42,SANTA CATARINA,SANTA CATARINA,SC,420450,CORUPA,CORUPÁ,1,2025,DOU,15912,5,0,0,0,0,0,0,0,0,0,0,0,17500,109.97
04/2026,4,SUL,S,42,SANTA CATARINA,SANTA CATARINA,SC,420460,CRICIUMA,CRICIÚMA,1,2025,DOU,227438,62,0,0,0,0,1,263,3,1214,0,0,1477,218477,96.06
04/2026,4,SUL,S,42,SANTA CATARINA,SANTA CATARINA,SC,420470,CUNHA PORA,CUNHA PORÃ,3,2025,DOU,11242,4,0,0,0,0,0,0,0,0,0,0,0,14000,124.53
04/2026,4,SUL,S,42,SANTA CATARINA,SANTA CATARINA,SC,420475,CUNHATAI,CUNHATAÍ,3,2025,DOU,2026,1,0,0,0,0,0,0,0,0,0,0,0,3500,172.75
04/2026,4,SUL,S,42,SANTA CATARINA,SANTA CATARINA,SC,420480,CURITIBANOS,CURITIBANOS,1,2025,DOU,41741,8,1,0,0,0,0,0,0,0,0,0,0,30625,73.36
04/2026,4,SUL,S,42,SANTA CATARINA,SANTA CATARINA,SC,420490,DESCANSO,DESCANSO,3,2025,DOU,8652,3,0,0,0,0,0,0,0,0,0,0,0,10500,121.35
04/2026,4,SUL,S,42,SANTA CATARINA,SANTA CATARINA,SC,420500,DIONISIO CERQUEIRA,DIONÍSIO CERQUEIRA,2,2025,DOU,15316,6,0,0,0,0,0,0,0,0,0,0,0,21000,137.11
04/2026,4,SUL,S,42,SANTA CATARINA,SANTA CATARINA,SC,420510,DONA EMMA,DONA EMMA,3,2025,DOU,4435,2,0,0,0,0,0,0,0,0,0,0,0,7000,157.83
04/2026,4,SUL,S,42,SANTA CATARINA,SANTA CATARINA,SC,420515,DOUTOR PEDRINHO,DOUTOR PEDRINHO,3,2025,DOU,3729,2,0,0,0,0,0,0,0,0,0,0,0,7000,187.71
04/2026,4,SUL,S,42,SANTA CATARINA,SANTA CATARINA,SC,420517,ENTRE RIOS,ENTRE RIOS,3,2025,DOU,3561,1,1,0,0,0,0,0,0,0,0,0,0,6125,172.0
04/2026,4,SUL,S,42,SANTA CATARINA,SANTA CATARINA,SC,420519,ERMO,ERMO,3,2025,DOU,2354,1,0,0,0,0,0,0,0,0,0,0,0,3500,148.68
04/2026,4,SUL,S,42,SANTA CATARINA,SANTA CATARINA,SC,420520,ERVAL VELHO,ERVAL VELHO,3,2025,DOU,5137,2,0,0,0,0,0,0,0,0,0,0,0,7000,136.26
04/2026,4,SUL,S,42,SANTA CATARINA,SANTA CATARINA,SC,420530,FAXINAL DOS GUEDES,FAXINAL DOS GUEDES,3,2025,DOU,11537,5,0,0,0,0,0,0,0,0,0,0,0,17500,151.68
04/2026,4,SUL,S,42,SANTA CATARINA,SANTA CATARINA,SC,420535,FLOR DO SERTAO,FLOR DO SERTÃO,3,2025,DOU,1868,1,0,0,0,0,0,0,0,0,0,0,0,3500,187.36
04/2026,4,SUL,S,42,SANTA CATARINA,SANTA CATARINA,SC,420540,FLORIANOPOLIS,FLORIANÓPOLIS,1,2025,DOU,587486,164,11,0,0,0,2,1302,0,0,0,0,1302,604177,102.84
04/2026,4,SUL,S,42,SANTA CATARINA,SANTA CATARINA,SC,420543,FORMOSA DO SUL,FORMOSA DO SUL,3,2025,DOU,2752,1,0,0,0,0,0,0,0,0,0,0,0,3500,127.18
04/2026,4,SUL,S,42,SANTA CATARINA,SANTA CATARINA,SC,420545,FORQUILHINHA,FORQUILHINHA,1,2025,DOU,34771,12,0,0,0,0,0,0,0,0,0,0,0,42000,120.79
04/2026,4,SUL,S,42,SANTA CATARINA,SANTA CATARINA,SC,420550,FRAIBURGO,FRAIBURGO,2,2025,DOU,34065,11,2,1,0,0,0,0,0,0,0,0,0,45500,133.56
04/2026,4,SUL,S,42,SANTA CATARINA,SANTA CATARINA,SC,420555,FREI ROGERIO,FREI ROGÉRIO,3,2025,DOU,2437,1,0,0,0,0,0,0,0,0,0,0,0,3500,143.61
04/2026,4,SUL,S,42,SANTA CATARINA,SANTA CATARINA,SC,420560,GALVAO,GALVÃO,3,2025,DOU,3168,2,0,0,0,0,0,0,0,0,0,0,0,7000,220.95
04/2026,4,SUL,S,42,SANTA CATARINA,SANTA CATARINA,SC,420570,GAROPABA,GAROPABA,1,2025,DOU,34070,15,0,0,0,0,0,0,0,0,0,0,0,52500,154.09
04/2026,4,SUL,S,42,SANTA CATARINA,SANTA CATARINA,SC,420580,GARUVA,GARUVA,3,2025,DOU,19970,8,0,0,0,0,0,0,0,0,0,0,0,28000,140.21
04/2026,4,SUL,S,42,SANTA CATARINA,SANTA CATARINA,SC,420590,GASPAR,GASPAR,1,2025,DOU,78344,26,0,0,0,0,0,0,0,0,0,0,0,91000,116.15
04/2026,4,SUL,S,42,SANTA CATARINA,SANTA CATARINA,SC,420600,GOVERNADOR CELSO RAMOS,GOVERNADOR CELSO RAMOS,1,2025,DOU,18280,7,0,0,0,0,0,0,0,0,0,0,0,24500,134.02
04/2026,4,SUL,S,42,SANTA CATARINA,SANTA CATARINA,SC,420610,GRAO-PARA,GRÃO-PARÁ,3,2025,DOU,6403,3,0,0,0,0,0,0,0,0,0,0,0,10500,163.98
04/2026,4,SUL,S,42,SANTA CATARINA,SANTA CATARINA,SC,420620,GRAVATAL,GRAVATAL,1,2025,DOU,13158,4,1,0,0,0,0,0,0,0,0,0,0,16625,126.34
04/2026,4,SUL,S,42,SANTA CATARINA,SANTA CATARINA,SC,420630,GUABIRUBA,GUABIRUBA,1,2025,DOU,26645,8,0,0,0,0,0,0,0,0,0,0,0,28000,105.08
04/2026,4,SUL,S,42,SANTA CATARINA,SANTA CATARINA,SC,420640,GUARACIABA,GUARACIABA,3,2025,DOU,11071,5,0,0,0,0,0,0,0,0,0,0,0,17500,158.07
04/2026,4,SUL,S,42,SANTA CATARINA,SANTA CATARINA,SC,420650,GUARAMIRIM,GUARAMIRIM,1,2025,DOU,51009,18,0,0,0,0,0,0,0,0,0,0,0,63000,123.5
04/2026,4,SUL,S,42,SANTA CATARINA,SANTA CATARINA,SC,420660,GUARUJA DO SUL,GUARUJÁ DO SUL,3,2025,DOU,4893,2,0,0,0,0,0,0,0,0,0,0,0,7000,143.06
04/2026,4,SUL,S,42,SANTA CATARINA,SANTA CATARINA,SC,420665,GUATAMBU,GUATAMBÚ,1,2025,DOU,9611,2,0,0,0,0,0,0,0,0,0,0,0,7000,72.83
04/2026,4,SUL,S,42,SANTA CATARINA,SANTA CATARINA,SC,420670,HERVAL D'OESTE,HERVAL D'OESTE,1,2025,DOU,22222,9,0,0,0,0,0,0,0,0,0,0,0,31500,141.75
04/2026,4,SUL,S,42,SANTA CATARINA,SANTA CATARINA,SC,420675,IBIAM,IBIAM,3,2025,DOU,2061,1,0,0,0,0,0,0,0,0,0,0,0,3500,169.82
04/2026,4,SUL,S,42,SANTA CATARINA,SANTA CATARINA,SC,420680,IBICARE,IBICARÉ,3,2025,DOU,3295,2,1,0,0,0,0,0,0,0,0,0,0,9625,292.1
04/2026,4,SUL,S,42,SANTA CATARINA,SANTA CATARINA,SC,420690,IBIRAMA,IBIRAMA,3,2025,DOU,20900,7,0,2,0,0,0,0,0,0,0,0,0,28000,133.97
04/2026,4,SUL,S,42,SANTA CATARINA,SANTA CATARINA,SC,420700,ICARA,IÇARA,1,2025,DOU,63489,20,3,3,0,0,0,0,0,0,0,0,0,83125,130.92
04/2026,4,SUL,S,42,SANTA CATARINA,SANTA CATARINA,SC,420710,ILHOTA,ILHOTA,1,2025,DOU,18627,7,0,0,0,0,0,0,0,0,0,0,0,24500,131.52
04/2026,4,SUL,S,42,SANTA CATARINA,SANTA CATARINA,SC,420720,IMARUI,IMARUÍ,3,2025,DOU,12150,5,0,0,0,0,0,0,0,0,0,0,0,17500,144.03
04/2026,4,SUL,S,42,SANTA CATARINA,SANTA CATARINA,SC,420730,IMBITUBA,IMBITUBA,1,2025,DOU,57256,19,4,0,0,0,0,0,1,29,0,0,29,77029,134.53
04/2026,4,SUL,S,42,SANTA CATARINA,SANTA CATARINA,SC,420740,IMBUIA,IMBUIA,3,2025,DOU,6166,3,0,0,0,0,0,0,0,0,0,0,0,10500,170.28
04/2026,4,SUL,S,42,SANTA CATARINA,SANTA CATARINA,SC,420750,INDAIAL,INDAIAL,1,2025,DOU,77888,30,0,4,0,0,0,0,0,0,0,0,0,112000,143.79
04/2026,4,SUL,S,42,SANTA CATARINA,SANTA CATARINA,SC,420757,IOMERE,IOMERÊ,3,2025,DOU,2967,1,0,0,0,0,0,0,0,0,0,0,0,3500,117.96
04/2026,4,SUL,S,42,SANTA CATARINA,SANTA CATARINA,SC,420760,IPIRA,IPIRA,3,2025,DOU,4622,2,0,0,0,0,0,0,0,0,0,0,0,7000,151.44
04/2026,4,SUL,S,42,SANTA CATARINA,SANTA CATARINA,SC,420765,IPORA DO OESTE,IPORÃ DO OESTE,3,2025,DOU,9759,4,0,0,0,0,0,0,0,0,0,0,0,14000,143.45
04/2026,4,SUL,S,42,SANTA CATARINA,SANTA CATARINA,SC,420768,IPUACU,IPUAÇU,3,2025,DOU,8133,4,0,0,0,0,0,0,0,0,0,0,0,14000,172.13
04/2026,4,SUL,S,42,SANTA CATARINA,SANTA CATARINA,SC,420770,IPUMIRIM,IPUMIRIM,3,2025,DOU,8121,3,0,0,0,0,0,0,0,0,0,0,0,10500,129.29
04/2026,4,SUL,S,42,SANTA CATARINA,SANTA CATARINA,SC,420775,IRACEMINHA,IRACEMINHA,3,2025,DOU,3981,2,0,0,0,0,0,0,0,0,0,0,0,7000,175.83
04/2026,4,SUL,S,42,SANTA CATARINA,SANTA CATARINA,SC,420780,IRANI,IRANI,3,2025,DOU,10560,5,0,0,0,0,0,0,0,0,0,0,0,17500,165.71
04/2026,4,SUL,S,42,SANTA CATARINA,SANTA CATARINA,SC,420785,IRATI,IRATI,3,2025,DOU,2098,1,0,0,0,0,0,0,0,0,0,0,0,3500,166.82
04/2026,4,SUL,S,42,SANTA CATARINA,SANTA CATARINA,SC,420790,IRINEOPOLIS,IRINEÓPOLIS,3,2025,DOU,10427,5,0,0,0,0,0,0,0,0,0,0,0,17500,167.83
04/2026,4,SUL,S,42,SANTA CATARINA,SANTA CATARINA,SC,420800,ITA,ITÁ,3,2025,DOU,7370,3,0,0,0,0,0,0,0,0,0,0,0,10500,142.46
04/2026,4,SUL,S,42,SANTA CATARINA,SANTA CATARINA,SC,420810,ITAIOPOLIS,ITAIÓPOLIS,3,2025,DOU,22906,9,1,0,0,0,0,0,0,0,0,0,0,34125,148.97
04/2026,4,SUL,S,42,SANTA CATARINA,SANTA CATARINA,SC,420820,ITAJAI,ITAJAÍ,1,2025,DOU,294850,78,0,0,0,0,1,207,0,0,1,14,221,273221,92.66
04/2026,4,SUL,S,42,SANTA CATARINA,SANTA CATARINA,SC,420830,ITAPEMA,ITAPEMA,1,2025,DOU,86116,29,3,0,0,0,0,0,1,190,0,0,190,109565,127.22
04/2026,4,SUL,S,42,SANTA CATARINA,SANTA CATARINA,SC,420840,ITAPIRANGA,ITAPIRANGA,3,2025,DOU,17268,6,0,0,0,0,0,0,0,0,0,0,0,21000,121.61
04/2026,4,SUL,S,42,SANTA CATARINA,SANTA CATARINA,SC,420845,ITAPOA,ITAPOÁ,3,2025,DOU,36033,13,0,0,0,0,0,0,0,0,0,0,0,45500,126.27
04/2026,4,SUL,S,42,SANTA CATARINA,SANTA CATARINA,SC,420850,ITUPORANGA,ITUPORANGA,3,2025,DOU,28461,8,0,0,0,0,0,0,0,0,0,0,0,28000,98.38
04/2026,4,SUL,S,42,SANTA CATARINA,SANTA CATARINA,SC,420860,JABORA,JABORÁ,3,2025,DOU,4461,2,0,0,0,0,0,0,0,0,0,0,0,7000,156.91
04/2026,4,SUL,S,42,SANTA CATARINA,SANTA CATARINA,SC,420870,JACINTO MACHADO,JACINTO MACHADO,3,2025,DOU,10818,3,1,0,0,0,0,0,0,0,0,0,0,13125,121.32
04/2026,4,SUL,S,42,SANTA CATARINA,SANTA CATARINA,SC,420880,JAGUARUNA,JAGUARUNA,3,2025,DOU,21570,9,0,3,0,0,0,0,0,0,0,0,0,36750,170.37
04/2026,4,SUL,S,42,SANTA CATARINA,SANTA CATARINA,SC,420890,JARAGUA DO SUL,JARAGUÁ DO SUL,1,2025,DOU,199519,37,0,0,0,0,0,0,1,1255,0,0,1255,130755,65.53
04/2026,4,SUL,S,42,SANTA CATARINA,SANTA CATARINA,SC,420895,JARDINOPOLIS,JARDINÓPOLIS,3,2025,DOU,1810,1,0,0,0,0,0,0,0,0,0,0,0,3500,193.37
04/2026,4,SUL,S,42,SANTA CATARINA,SANTA CATARINA,SC,420900,JOACABA,JOAÇABA,1,2025,DOU,31809,11,2,0,0,0,0,0,0,0,0,0,0,43750,137.53
04/2026,4,SUL,S,42,SANTA CATARINA,SANTA CATARINA,SC,420910,JOINVILLE,JOINVILLE,1,2025,DOU,664541,178,0,0,0,0,1,944,3,2293,1,2788,6025,629025,94.65
04/2026,4,SUL,S,42,SANTA CATARINA,SANTA CATARINA,SC,420915,JOSE BOITEUX,JOSÉ BOITEUX,3,2025,DOU,6415,3,0,0,0,0,0,0,0,0,0,0,0,10500,163.67
04/2026,4,SUL,S,42,SANTA CATARINA,SANTA CATARINA,SC,420917,JUPIA,JUPIÁ,3,2025,DOU,2713,1,0,0,0,0,0,0,0,0,0,0,0,3500,129.0
04/2026,4,SUL,S,42,SANTA CATARINA,SANTA CATARINA,SC,420920,LACERDOPOLIS,LACERDÓPOLIS,3,2025,DOU,2302,1,0,0,0,0,0,0,0,0,0,0,0,3500,152.04
04/2026,4,SUL,S,42,SANTA CATARINA,SANTA CATARINA,SC,420930,LAGES,LAGES,1,2025,DOU,172458,51,0,0,0,0,0,0,2,1233,0,0,1233,179733,104.21
04/2026,4,SUL,S,42,SANTA CATARINA,SANTA CATARINA,SC,420940,LAGUNA,LAGUNA,1,2025,DOU,44060,20,0,0,0,0,0,0,1,273,0,0,273,70273,159.49
04/2026,4,SUL,S,42,SANTA CATARINA,SANTA CATARINA,SC,420945,LAJEADO GRANDE,LAJEADO GRANDE,3,2025,DOU,1791,1,0,0,0,0,0,0,0,0,0,0,0,3500,195.42
04/2026,4,SUL,S,42,SANTA CATARINA,SANTA CATARINA,SC,420950,LAURENTINO,LAURENTINO,3,2025,DOU,8605,4,0,0,0,0,0,0,0,0,0,0,0,14000,162.69
04/2026,4,SUL,S,42,SANTA CATARINA,SANTA CATARINA,SC,420960,LAURO MULLER,LAURO MULLER,3,2025,DOU,14628,7,0,0,0,0,0,0,0,0,0,0,0,24500,167.48
04/2026,4,SUL,S,42,SANTA CATARINA,SANTA CATARINA,SC,420970,LEBON REGIS,LEBON RÉGIS,3,2025,DOU,11575,4,0,1,0,0,0,0,0,0,0,0,0,15750,136.06
04/2026,4,SUL,S,42,SANTA CATARINA,SANTA CATARINA,SC,420980,LEOBERTO LEAL,LEOBERTO LEAL,3,2025,DOU,3379,2,0,0,0,0,0,0,0,0,0,0,0,7000,207.16
04/2026,4,SUL,S,42,SANTA CATARINA,SANTA CATARINA,SC,420985,LINDOIA DO SUL,LINDÓIA DO SUL,3,2025,DOU,4604,2,0,0,0,0,0,0,0,0,0,0,0,7000,152.04
04/2026,4,SUL,S,42,SANTA CATARINA,SANTA CATARINA,SC,420990,LONTRAS,LONTRAS,1,2025,DOU,13829,6,0,0,0,0,0,0,0,0,0,0,0,21000,151.85
04/2026,4,SUL,S,42,SANTA CATARINA,SANTA CATARINA,SC,421000,LUIZ ALVES,LUIZ ALVES,3,2025,DOU,12246,5,1,0,0,0,0,0,0,0,0,0,0,20125,164.33
04/2026,4,SUL,S,42,SANTA CATARINA,SANTA CATARINA,SC,421003,LUZERNA,LUZERNA,1,2025,DOU,5951,3,0,0,0,0,0,0,0,0,0,0,0,10500,176.44
04/2026,4,SUL,S,42,SANTA CATARINA,SANTA CATARINA,SC,421005,MACIEIRA,MACIEIRA,3,2025,DOU,1796,1,0,0,0,0,0,0,0,0,0,0,0,3500,194.87
04/2026,4,SUL,S,42,SANTA CATARINA,SANTA CATARINA,SC,421010,MAFRA,MAFRA,1,2025,DOU,57262,26,0,1,0,0,0,0,1,801,0,0,801,93551,163.37
04/2026,4,SUL,S,42,SANTA CATARINA,SANTA CATARINA,SC,421020,MAJOR GERCINO,MAJOR GERCINO,3,2025,DOU,3253,2,0,0,0,0,0,0,0,0,0,0,0,7000,215.18
04/2026,4,SUL,S,42,SANTA CATARINA,SANTA CATARINA,SC,421030,MAJOR VIEIRA,MAJOR VIEIRA,3,2025,DOU,7543,4,0,0,0,0,0,0,0,0,0,0,0,14000,185.6
04/2026,4,SUL,S,42,SANTA CATARINA,SANTA CATARINA,SC,421040,MARACAJA,MARACAJÁ,3,2025,DOU,8344,3,0,0,0,0,0,0,0,0,0,0,0,10500,125.83
04/2026,4,SUL,S,42,SANTA CATARINA,SANTA CATARINA,SC,421050,MARAVILHA,MARAVILHA,1,2025,DOU,30743,10,0,0,0,0,0,0,1,210,0,0,210,35210,114.53
04/2026,4,SUL,S,42,SANTA CATARINA,SANTA CATARINA,SC,421055,MAREMA,MAREMA,3,2025,DOU,2218,1,0,0,0,0,0,0,0,0,0,0,0,3500,157.79
04/2026,4,SUL,S,42,SANTA CATARINA,SANTA CATARINA,SC,421060,MASSARANDUBA,MASSARANDUBA,3,2025,DOU,18122,7,0,0,0,0,0,0,0,0,0,0,0,24500,135.19
04/2026,4,SUL,S,42,SANTA CATARINA,SANTA CATARINA,SC,421070,MATOS COSTA,MATOS COSTA,3,2025,DOU,2789,2,0,0,0,0,0,0,0,0,0,0,0,7000,250.98
04/2026,4,SUL,S,42,SANTA CATARINA,SANTA CATARINA,SC,421080,MELEIRO,MELEIRO,3,2025,DOU,7128,3,0,0,0,0,0,0,0,0,0,0,0,10500,147.3
04/2026,4,SUL,S,42,SANTA CATARINA,SANTA CATARINA,SC,421085,MIRIM DOCE,MIRIM DOCE,3,2025,DOU,2554,1,0,0,0,0,0,0,0,0,0,0,0,3500,137.03
04/2026,4,SUL,S,42,SANTA CATARINA,SANTA CATARINA,SC,421090,MODELO,MODELO,3,2025,DOU,4159,2,0,0,0,0,0,0,0,0,0,0,0,7000,168.3
04/2026,4,SUL,S,42,SANTA CATARINA,SANTA CATARINA,SC,421100,MONDAI,MONDAÍ,3,2025,DOU,10206,4,0,0,0,0,0,0,0,0,0,0,0,14000,137.17
04/2026,4,SUL,S,42,SANTA CATARINA,SANTA CATARINA,SC,421105,MONTE CARLO,MONTE CARLO,2,2025,DOU,9218,4,0,0,0,0,0,0,0,0,0,0,0,14000,151.87
04/2026,4,SUL,S,42,SANTA CATARINA,SANTA CATARINA,SC,421110,MONTE CASTELO,MONTE CASTELO,3,2025,DOU,7747,4,0,0,0,0,0,0,0,0,0,0,0,14000,180.71
04/2026,4,SUL,S,42,SANTA CATARINA,SANTA CATARINA,SC,421120,MORRO DA FUMACA,MORRO DA FUMAÇA,1,2025,DOU,19490,7,0,4,0,0,0,0,0,0,0,0,0,31500,161.62
04/2026,4,SUL,S,42,SANTA CATARINA,SANTA CATARINA,SC,421125,MORRO GRANDE,MORRO GRANDE,1,2025,DOU,3097,1,0,0,0,0,0,0,0,0,0,0,0,3500,113.01
04/2026,4,SUL,S,42,SANTA CATARINA,SANTA CATARINA,SC,421130,NAVEGANTES,NAVEGANTES,1,2025,DOU,96046,29,4,1,0,0,0,0,0,0,0,0,0,113750,118.43
04/2026,4,SUL,S,42,SANTA CATARINA,SANTA CATARINA,SC,421140,NOVA ERECHIM,NOVA ERECHIM,3,2025,DOU,5490,2,0,0,0,0,0,0,0,0,0,0,0,7000,127.5
04/2026,4,SUL,S,42,SANTA CATARINA,SANTA CATARINA,SC,421145,NOVA ITABERABA,NOVA ITABERABA,3,2025,DOU,4672,2,0,0,0,0,0,0,0,0,0,0,0,7000,149.82
04/2026,4,SUL,S,42,SANTA CATARINA,SANTA CATARINA,SC,421150,NOVA TRENTO,NOVA TRENTO,3,2025,DOU,14395,7,2,0,0,0,0,0,0,0,0,0,0,29750,206.66
04/2026,4,SUL,S,42,SANTA CATARINA,SANTA CATARINA,SC,421160,NOVA VENEZA,NOVA VENEZA,1,2025,DOU,14004,6,0,0,0,0,0,0,0,0,0,0,0,21000,149.95
04/2026,4,SUL,S,42,SANTA CATARINA,SANTA CATARINA,SC,421165,NOVO HORIZONTE,NOVO HORIZONTE,3,2025,DOU,2661,1,0,0,0,0,0,0,0,0,0,0,0,3500,131.52
04/2026,4,SUL,S,42,SANTA CATARINA,SANTA CATARINA,SC,421170,ORLEANS,ORLEANS,2,2025,DOU,24686,9,0,0,0,0,0,0,0,0,0,0,0,31500,127.6
04/2026,4,SUL,S,42,SANTA CATARINA,SANTA CATARINA,SC,421175,OTACILIO COSTA,OTACÍLIO COSTA,1,2025,DOU,17873,6,0,0,0,0,0,0,0,0,0,0,0,21000,117.49
04/2026,4,SUL,S,42,SANTA CATARINA,SANTA CATARINA,SC,421180,OURO,OURO,2,2025,DOU,7062,3,0,0,0,0,0,0,0,0,0,0,0,10500,148.68
04/2026,4,SUL,S,42,SANTA CATARINA,SANTA CATARINA,SC,421185,OURO VERDE,OURO VERDE,3,2025,DOU,2195,1,0,0,0,0,0,0,0,0,0,0,0,3500,159.45
04/2026,4,SUL,S,42,SANTA CATARINA,SANTA CATARINA,SC,421187,PAIAL,PAIAL,3,2025,DOU,2007,1,0,0,0,0,0,0,0,0,0,0,0,3500,174.38
04/2026,4,SUL,S,42,SANTA CATARINA,SANTA CATARINA,SC,421189,PAINEL,PAINEL,3,2025,DOU,2216,1,0,0,0,0,0,0,0,0,0,0,0,3500,157.94
04/2026,4,SUL,S,42,SANTA CATARINA,SANTA CATARINA,SC,421190,PALHOCA,PALHOÇA,1,2025,DOU,253469,48,0,0,0,0,1,415,0,0,0,0,415,168415,66.44
04/2026,4,SUL,S,42,SANTA CATARINA,SANTA CATARINA,SC,421200,PALMA SOLA,PALMA SOLA,3,2025,DOU,7696,4,0,0,0,0,0,0,0,0,0,0,0,14000,181.91
04/2026,4,SUL,S,42,SANTA CATARINA,SANTA CATARINA,SC,421205,PALMEIRA,PALMEIRA,3,2025,DOU,2658,1,0,0,0,0,0,0,0,0,0,0,0,3500,131.67
04/2026,4,SUL,S,42,SANTA CATARINA,SANTA CATARINA,SC,421210,PALMITOS,PALMITOS,3,2025,DOU,15781,5,0,0,0,0,0,0,0,0,0,0,0,17500,110.89
04/2026,4,SUL,S,42,SANTA CATARINA,SANTA CATARINA,SC,421220,PAPANDUVA,PAPANDUVA,3,2025,DOU,19769,6,1,0,0,0,0,0,0,0,0,0,0,23625,119.5
04/2026,4,SUL,S,42,SANTA CATARINA,SANTA CATARINA,SC,421223,PARAISO,PARAÍSO,3,2025,DOU,4394,2,0,0,0,0,0,0,0,0,0,0,0,7000,159.3
04/2026,4,SUL,S,42,SANTA CATARINA,SANTA CATARINA,SC,421225,PASSO DE TORRES,PASSO DE TORRES,1,2025,DOU,14859,3,2,0,0,0,0,0,0,0,0,0,0,15750,105.99
04/2026,4,SUL,S,42,SANTA CATARINA,SANTA CATARINA,SC,421227,PASSOS MAIA,PASSOS MAIA,3,2025,DOU,3997,2,0,0,0,0,0,0,0,0,0,0,0,7000,175.13
04/2026,4,SUL,S,42,SANTA CATARINA,SANTA CATARINA,SC,421230,PAULO LOPES,PAULO LOPES,1,2025,DOU,9879,3,1,0,0,0,0,0,0,0,0,0,0,13125,132.85
04/2026,4,SUL,S,42,SANTA CATARINA,SANTA CATARINA,SC,421240,PEDRAS GRANDES,PEDRAS GRANDES,3,2025,DOU,4355,2,0,0,0,0,0,0,0,0,0,0,0,7000,160.73
04/2026,4,SUL,S,42,SANTA CATARINA,SANTA CATARINA,SC,421250,PENHA,PENHA,1,2025,DOU,36995,14,1,0,0,0,0,0,0,0,0,0,0,51625,139.54
04/2026,4,SUL,S,42,SANTA CATARINA,SANTA CATARINA,SC,421260,PERITIBA,PERITIBA,3,2025,DOU,3040,1,0,0,0,0,0,0,0,0,0,0,0,3500,115.13
04/2026,4,SUL,S,42,SANTA CATARINA,SANTA CATARINA,SC,421265,PESCARIA BRAVA,PESCARIA BRAVA,2,2025,DOU,10615,5,0,0,0,0,0,0,0,0,0,0,0,17500,164.86
04/2026,4,SUL,S,42,SANTA CATARINA,SANTA CATARINA,SC,421270,PETROLANDIA,PETROLÂNDIA,3,2025,DOU,6996,3,0,0,0,0,0,0,0,0,0,0,0,10500,150.08
04/2026,4,SUL,S,42,SANTA CATARINA,SANTA CATARINA,SC,421290,PINHALZINHO,PINHALZINHO,1,2025,DOU,23897,7,0,0,0,0,0,0,0,0,0,0,0,24500,102.52
04/2026,4,SUL,S,42,SANTA CATARINA,SANTA CATARINA,SC,421300,PINHEIRO PRETO,PINHEIRO PRETO,3,2025,DOU,3631,2,0,0,0,0,0,0,0,0,0,0,0,7000,192.78
04/2026,4,SUL,S,42,SANTA CATARINA,SANTA CATARINA,SC,421310,PIRATUBA,PIRATUBA,3,2025,DOU,6144,2,0,0,0,0,0,0,0,0,0,0,0,7000,113.93
04/2026,4,SUL,S,42,SANTA CATARINA,SANTA CATARINA,SC,421315,PLANALTO ALEGRE,PLANALTO ALEGRE,3,2025,DOU,3081,1,0,0,0,0,0,0,0,0,0,0,0,3500,113.59
04/2026,4,SUL,S,42,SANTA CATARINA,SANTA CATARINA,SC,421320,POMERODE,POMERODE,2,2025,DOU,37003,14,0,0,0,0,0,0,0,0,0,0,0,49000,132.42
04/2026,4,SUL,S,42,SANTA CATARINA,SANTA CATARINA,SC,421330,PONTE ALTA,PONTE ALTA,3,2025,DOU,4390,2,0,0,0,0,0,0,0,0,0,0,0,7000,159.45
04/2026,4,SUL,S,42,SANTA CATARINA,SANTA CATARINA,SC,421335,PONTE ALTA DO NORTE,PONTE ALTA DO NORTE,3,2025,DOU,3241,2,0,0,0,0,0,0,0,0,0,0,0,7000,215.98
04/2026,4,SUL,S,42,SANTA CATARINA,SANTA CATARINA,SC,421340,PONTE SERRADA,PONTE SERRADA,3,2025,DOU,10732,4,0,0,0,0,0,0,0,0,0,0,0,14000,130.45
04/2026,4,SUL,S,42,SANTA CATARINA,SANTA CATARINA,SC,421350,PORTO BELO,PORTO BELO,1,2025,DOU,31557,16,0,0,0,0,0,0,0,0,0,0,0,56000,177.45
04/2026,4,SUL,S,42,SANTA CATARINA,SANTA CATARINA,SC,421360,PORTO UNIAO,PORTO UNIÃO,1,2025,DOU,33694,12,0,0,0,0,0,0,0,0,0,0,0,42000,124.65
04/2026,4,SUL,S,42,SANTA CATARINA,SANTA CATARINA,SC,421370,POUSO REDONDO,POUSO REDONDO,3,2025,DOU,18051,8,0,0,0,0,0,0,0,0,0,0,0,28000,155.11
04/2026,4,SUL,S,42,SANTA CATARINA,SANTA CATARINA,SC,421380,PRAIA GRANDE,PRAIA GRANDE,3,2025,DOU,8696,3,0,0,0,0,0,0,0,0,0,0,0,10500,120.74
04/2026,4,SUL,S,42,SANTA CATARINA,SANTA CATARINA,SC,421390,PRESIDENTE CASTELLO BRANCO,PRESIDENTE CASTELLO BRANCO,3,2025,DOU,1707,1,0,0,0,0,0,0,0,0,0,0,0,3500,205.03
04/2026,4,SUL,S,42,SANTA CATARINA,SANTA CATARINA,SC,421400,PRESIDENTE GETULIO,PRESIDENTE GETÚLIO,3,2025,DOU,21764,11,0,0,0,0,0,0,0,0,0,0,0,38500,176.89
04/2026,4,SUL,S,42,SANTA CATARINA,SANTA CATARINA,SC,421410,PRESIDENTE NEREU,PRESIDENTE NEREU,3,2025,DOU,2347,1,0,0,0,0,0,0,0,0,0,0,0,3500,149.12
04/2026,4,SUL,S,42,SANTA CATARINA,SANTA CATARINA,SC,421415,PRINCESA,PRINCESA,3,2025,DOU,3073,1,0,0,0,0,0,0,0,0,0,0,0,3500,113.89
04/2026,4,SUL,S,42,SANTA CATARINA,SANTA CATARINA,SC,421420,QUILOMBO,QUILOMBO,3,2025,DOU,11433,4,0,0,0,0,0,0,0,0,0,0,0,14000,122.45
04/2026,4,SUL,S,42,SANTA CATARINA,SANTA CATARINA,SC,421430,RANCHO QUEIMADO,RANCHO QUEIMADO,3,2025,DOU,3484,1,0,0,0,0,0,0,0,0,0,0,0,3500,100.45
04/2026,4,SUL,S,42,SANTA CATARINA,SANTA CATARINA,SC,421440,RIO DAS ANTAS,RIO DAS ANTAS,3,2025,DOU,6399,2,0,0,0,0,0,0,0,0,0,0,0,7000,109.39
04/2026,4,SUL,S,42,SANTA CATARINA,SANTA CATARINA,SC,421450,RIO DO CAMPO,RIO DO CAMPO,3,2025,DOU,6638,3,0,0,0,0,0,0,0,0,0,0,0,10500,158.18
04/2026,4,SUL,S,42,SANTA CATARINA,SANTA CATARINA,SC,421460,RIO DO OESTE,RIO DO OESTE,3,2025,DOU,8071,3,0,0,0,0,0,0,0,0,0,0,0,10500,130.09
04/2026,4,SUL,S,42,SANTA CATARINA,SANTA CATARINA,SC,421480,RIO DO SUL,RIO DO SUL,1,2025,DOU,77451,17,0,1,0,0,0,0,1,631,0,0,631,61881,79.89
04/2026,4,SUL,S,42,SANTA CATARINA,SANTA CATARINA,SC,421470,RIO DOS CEDROS,RIO DOS CEDROS,3,2025,DOU,11218,4,0,2,0,0,0,0,0,0,0,0,0,17500,155.99
04/2026,4,SUL,S,42,SANTA CATARINA,SANTA CATARINA,SC,421490,RIO FORTUNA,RIO FORTUNA,3,2025,DOU,5044,2,0,0,0,0,0,0,0,0,0,0,0,7000,138.77
04/2026,4,SUL,S,42,SANTA CATARINA,SANTA CATARINA,SC,421500,RIO NEGRINHO,RIO NEGRINHO,1,2025,DOU,40132,10,1,0,0,0,0,0,0,0,0,0,0,37625,93.75
04/2026,4,SUL,S,42,SANTA CATARINA,SANTA CATARINA,SC,421505,RIO RUFINO,RIO RUFINO,3,2025,DOU,2429,1,0,0,0,0,0,0,0,0,0,0,0,3500,144.09
04/2026,4,SUL,S,42,SANTA CATARINA,SANTA CATARINA,SC,421507,RIQUEZA,RIQUEZA,3,2025,DOU,4828,2,0,0,0,0,0,0,0,0,0,0,0,7000,144.98
04/2026,4,SUL,S,42,SANTA CATARINA,SANTA CATARINA,SC,421510,RODEIO,RODEIO,3,2025,DOU,13491,5,0,0,0,0,0,0,0,0,0,0,0,17500,129.71
04/2026,4,SUL,S,42,SANTA CATARINA,SANTA CATARINA,SC,421520,ROMELANDIA,ROMELÂNDIA,3,2025,DOU,4684,2,0,0,0,0,0,0,0,0,0,0,0,7000,149.44
04/2026,4,SUL,S,42,SANTA CATARINA,SANTA CATARINA,SC,421530,SALETE,SALETE,3,2025,DOU,7656,4,0,0,0,0,0,0,0,0,0,0,0,14000,182.86
04/2026,4,SUL,S,42,SANTA CATARINA,SANTA CATARINA,SC,421535,SALTINHO,SALTINHO,3,2025,DOU,3604,2,0,0,0,0,0,0,0,0,0,0,0,7000,194.22
04/2026,4,SUL,S,42,SANTA CATARINA,SANTA CATARINA,SC,421540,SALTO VELOSO,SALTO VELOSO,2,2025,DOU,4495,2,0,0,0,0,0,0,0,0,0,0,0,7000,155.72
04/2026,4,SUL,S,42,SANTA CATARINA,SANTA CATARINA,SC,421545,SANGAO,SANGÃO,3,2025,DOU,13797,6,0,0,0,0,0,0,0,0,0,0,0,21000,152.2
04/2026,4,SUL,S,42,SANTA CATARINA,SANTA CATARINA,SC,421550,SANTA CECILIA,SANTA CECÍLIA,1,2025,DOU,15749,4,0,0,0,0,0,0,0,0,0,0,0,14000,88.89
04/2026,4,SUL,S,42,SANTA CATARINA,SANTA CATARINA,SC,421555,SANTA HELENA,SANTA HELENA,3,2025,DOU,2476,1,0,0,0,0,0,0,0,0,0,0,0,3500,141.35
04/2026,4,SUL,S,42,SANTA CATARINA,SANTA CATARINA,SC,421560,SANTA ROSA DE LIMA,SANTA ROSA DE LIMA,3,2025,DOU,2131,1,0,0,0,0,0,0,0,0,0,0,0,3500,164.24
04/2026,4,SUL,S,42,SANTA CATARINA,SANTA CATARINA,SC,421565,SANTA ROSA DO SUL,SANTA ROSA DO SUL,3,2025,DOU,10450,5,0,0,0,0,0,0,0,0,0,0,0,17500,167.46
04/2026,4,SUL,S,42,SANTA CATARINA,SANTA CATARINA,SC,421567,SANTA TEREZINHA,SANTA TEREZINHA,3,2025,DOU,8015,3,0,0,0,0,0,0,0,0,0,0,0,10500,131.0
04/2026,4,SUL,S,42,SANTA CATARINA,SANTA CATARINA,SC,421568,SANTA TEREZINHA DO PROGRESSO,SANTA TEREZINHA DO PROGRESSO,3,2025,DOU,2534,1,0,0,0,0,0,0,0,0,0,0,0,3500,138.12
04/2026,4,SUL,S,42,SANTA CATARINA,SANTA CATARINA,SC,421569,SANTIAGO DO SUL,SANTIAGO DO SUL,3,2025,DOU,1732,1,0,0,0,0,0,0,0,0,0,0,0,3500,202.07
04/2026,4,SUL,S,42,SANTA CATARINA,SANTA CATARINA,SC,421570,SANTO AMARO DA IMPERATRIZ,SANTO AMARO DA IMPERATRIZ,1,2025,DOU,30099,10,6,0,0,0,0,0,0,0,0,0,0,50750,168.61
04/2026,4,SUL,S,42,SANTA CATARINA,SANTA CATARINA,SC,421580,SAO BENTO DO SUL,SÃO BENTO DO SUL,1,2025,DOU,87661,18,3,0,0,0,0,0,1,35,0,0,35,70910,80.89
04/2026,4,SUL,S,42,SANTA CATARINA,SANTA CATARINA,SC,421575,SAO BERNARDINO,SÃO BERNARDINO,3,2025,DOU,2715,1,0,0,0,0,0,0,0,0,0,0,0,3500,128.91
04/2026,4,SUL,S,42,SANTA CATARINA,SANTA CATARINA,SC,421590,SAO BONIFACIO,SÃO BONIFÁCIO,3,2025,DOU,2982,1,0,0,0,0,0,0,0,0,0,0,0,3500,117.37
04/2026,4,SUL,S,42,SANTA CATARINA,SANTA CATARINA,SC,421600,SAO CARLOS,SÃO CARLOS,3,2025,DOU,10462,5,0,0,0,0,0,0,0,0,0,0,0,17500,167.27
04/2026,4,SUL,S,42,SANTA CATARINA,SANTA CATARINA,SC,421605,SAO CRISTOVAO DO SUL,SÃO CRISTOVÃO DO SUL,2,2025,DOU,6489,2,0,0,0,0,0,0,1,400,1,1026,1426,8426,129.85
04/2026,4,SUL,S,42,SANTA CATARINA,SANTA CATARINA,SC,421610,SAO DOMINGOS,SÃO DOMINGOS,3,2025,DOU,9343,4,0,0,0,0,0,0,0,0,0,0,0,14000,149.84
04/2026,4,SUL,S,42,SANTA CATARINA,SANTA CATARINA,SC,421620,SAO FRANCISCO DO SUL,SÃO FRANCISCO DO SUL,1,2025,DOU,56726,14,0,0,0,0,0,0,1,844,0,0,844,49844,87.86
04/2026,4,SUL,S,42,SANTA CATARINA,SANTA CATARINA,SC,421630,SAO JOAO BATISTA,SÃO JOÃO BATISTA,1,2025,DOU,35336,13,0,0,0,0,1,0,0,0,0,0,0,45500,128.76
04/2026,4,SUL,S,42,SANTA CATARINA,SANTA CATARINA,SC,421635,SAO JOAO DO ITAPERIU,SÃO JOÃO DO ITAPERIÚ,3,2025,DOU,4827,2,2,0,0,0,0,0,0,0,0,0,0,12250,253.78
04/2026,4,SUL,S,42,SANTA CATARINA,SANTA CATARINA,SC,421625,SAO JOAO DO OESTE,SÃO JOÃO DO OESTE,3,2025,DOU,6467,2,0,0,0,0,0,0,0,0,0,0,0,7000,108.24
04/2026,4,SUL,S,42,SANTA CATARINA,SANTA CATARINA,SC,421640,SAO JOAO DO SUL,SÃO JOÃO DO SUL,3,2025,DOU,9278,3,0,0,0,0,0,0,0,0,0,0,0,10500,113.17
04/2026,4,SUL,S,42,SANTA CATARINA,SANTA CATARINA,SC,421650,SAO JOAQUIM,SÃO JOAQUIM,2,2025,DOU,26982,9,0,0,0,0,0,0,0,0,0,0,0,31500,116.74
04/2026,4,SUL,S,42,SANTA CATARINA,SANTA CATARINA,SC,421660,SAO JOSE,SÃO JOSÉ,1,2025,DOU,295658,64,0,1,0,0,0,0,0,0,0,0,0,225750,76.35
04/2026,4,SUL,S,42,SANTA CATARINA,SANTA CATARINA,SC,421670,SAO JOSE DO CEDRO,SÃO JOSÉ DO CEDRO,3,2025,DOU,14538,5,0,0,0,0,0,0,0,0,1,237,237,17737,122.0
04/2026,4,SUL,S,42,SANTA CATARINA,SANTA CATARINA,SC,421680,SAO JOSE DO CERRITO,SÃO JOSÉ DO CERRITO,3,2025,DOU,8706,3,0,0,0,0,0,0,0,0,0,0,0,10500,120.6
04/2026,4,SUL,S,42,SANTA CATARINA,SANTA CATARINA,SC,421690,SAO LOURENCO DO OESTE,SÃO LOURENÇO DO OESTE,2,2025,DOU,26056,10,0,0,0,0,0,0,0,0,0,0,0,35000,134.32
04/2026,4,SUL,S,42,SANTA CATARINA,SANTA CATARINA,SC,421700,SAO LUDGERO,SÃO LUDGERO,2,2025,DOU,14444,5,1,0,0,0,0,0,0,0,0,0,0,20125,139.33
04/2026,4,SUL,S,42,SANTA CATARINA,SANTA CATARINA,SC,421710,SAO MARTINHO,SÃO MARTINHO,3,2025,DOU,3520,1,0,0,0,0,0,0,0,0,0,0,0,3500,99.43
04/2026,4,SUL,S,42,SANTA CATARINA,SANTA CATARINA,SC,421715,SAO MIGUEL DA BOA VISTA,SÃO MIGUEL DA BOA VISTA,3,2025,DOU,1777,1,0,0,0,0,0,0,0,0,0,0,0,3500,196.96
04/2026,4,SUL,S,42,SANTA CATARINA,SANTA CATARINA,SC,421720,SAO MIGUEL DO OESTE,SÃO MIGUEL DO OESTE,1,2025,DOU,47724,18,0,0,0,0,0,0,0,0,1,254,254,63254,132.54
04/2026,4,SUL,S,42,SANTA CATARINA,SANTA CATARINA,SC,421725,SAO PEDRO DE ALCANTARA,SÃO PEDRO DE ALCÂNTARA,1,2025,DOU,6175,2,0,0,0,0,0,0,0,0,1,793,793,7793,126.2
04/2026,4,SUL,S,42,SANTA CATARINA,SANTA CATARINA,SC,421730,SAUDADES,SAUDADES,3,2025,DOU,10799,4,0,0,0,0,0,0,0,0,0,0,0,14000,129.64
04/2026,4,SUL,S,42,SANTA CATARINA,SANTA CATARINA,SC,421740,SCHROEDER,SCHROEDER,1,2025,DOU,21710,8,0,0,0,0,0,0,0,0,0,0,0,28000,128.97
04/2026,4,SUL,S,42,SANTA CATARINA,SANTA CATARINA,SC,421750,SEARA,SEARA,2,2025,DOU,19399,7,0,0,0,0,0,0,0,0,0,0,0,24500,126.29
04/2026,4,SUL,S,42,SANTA CATARINA,SANTA CATARINA,SC,421755,SERRA ALTA,SERRA ALTA,3,2025,DOU,3370,2,0,0,0,0,0,0,0,0,0,0,0,7000,207.71
04/2026,4,SUL,S,42,SANTA CATARINA,SANTA CATARINA,SC,421760,SIDEROPOLIS,SIDERÓPOLIS,1,2025,DOU,14156,6,0,1,0,0,0,0,0,0,0,0,0,22750,160.7
04/2026,4,SUL,S,42,SANTA CATARINA,SANTA CATARINA,SC,421770,SOMBRIO,SOMBRIO,2,2025,DOU,31722,10,0,0,0,0,0,0,0,0,0,0,0,35000,110.33
04/2026,4,SUL,S,42,SANTA CATARINA,SANTA CATARINA,SC,421775,SUL BRASIL,SUL BRASIL,3,2025,DOU,2900,1,0,0,0,0,0,0,0,0,0,0,0,3500,120.68
04/2026,4,SUL,S,42,SANTA CATARINA,SANTA CATARINA,SC,421780,TAIO,TAIÓ,3,2025,DOU,18909,8,0,0,0,0,0,0,0,0,0,0,0,28000,148.07
04/2026,4,SUL,S,42,SANTA CATARINA,SANTA CATARINA,SC,421790,TANGARA,TANGARÁ,3,2025,DOU,8144,4,0,0,0,0,0,0,0,0,0,0,0,14000,171.9
04/2026,4,SUL,S,42,SANTA CATARINA,SANTA CATARINA,SC,421795,TIGRINHOS,TIGRINHOS,3,2025,DOU,2535,1,0,0,0,0,0,0,0,0,0,0,0,3500,138.06
04/2026,4,SUL,S,42,SANTA CATARINA,SANTA CATARINA,SC,421800,TIJUCAS,TIJUCAS,1,2025,DOU,58695,18,1,0,0,0,0,0,1,609,0,0,609,66234,112.84
04/2026,4,SUL,S,42,SANTA CATARINA,SANTA CATARINA,SC,421810,TIMBE DO SUL,TIMBÉ DO SUL,3,2025,DOU,5503,2,0,0,0,0,0,0,0,0,0,0,0,7000,127.2
04/2026,4,SUL,S,42,SANTA CATARINA,SANTA CATARINA,SC,421820,TIMBO,TIMBÓ,1,2025,DOU,49768,17,0,0,0,0,0,0,0,0,0,0,0,59500,119.55
04/2026,4,SUL,S,42,SANTA CATARINA,SANTA CATARINA,SC,421825,TIMBO GRANDE,TIMBÓ GRANDE,3,2025,DOU,7521,4,0,0,0,0,0,0,0,0,0,0,0,14000,186.14
04/2026,4,SUL,S,42,SANTA CATARINA,SANTA CATARINA,SC,421830,TRES BARRAS,TRÊS BARRAS,2,2025,DOU,20525,10,0,0,0,0,0,0,0,0,0,0,0,35000,170.52
04/2026,4,SUL,S,42,SANTA CATARINA,SANTA CATARINA,SC,421835,TREVISO,TREVISO,1,2025,DOU,3920,2,0,0,0,0,0,0,0,0,0,0,0,7000,178.57
04/2026,4,SUL,S,42,SANTA CATARINA,SANTA CATARINA,SC,421840,TREZE DE MAIO,TREZE DE MAIO,3,2025,DOU,7633,4,0,0,0,0,0,0,0,0,0,0,0,14000,183.41
04/2026,4,SUL,S,42,SANTA CATARINA,SANTA CATARINA,SC,421850,TREZE TILIAS,TREZE TÍLIAS,3,2025,DOU,9531,3,0,0,0,0,0,0,0,0,0,0,0,10500,110.16
04/2026,4,SUL,S,42,SANTA CATARINA,SANTA CATARINA,SC,421860,TROMBUDO CENTRAL,TROMBUDO CENTRAL,3,2025,DOU,7599,4,0,0,0,0,0,0,0,0,0,0,0,14000,184.23
04/2026,4,SUL,S,42,SANTA CATARINA,SANTA CATARINA,SC,421870,TUBARAO,TUBARÃO,1,2025,DOU,116725,32,3,0,0,0,0,0,0,0,0,0,0,119875,102.69
04/2026,4,SUL,S,42,SANTA CATARINA,SANTA CATARINA,SC,421875,TUNAPOLIS,TUNÁPOLIS,3,2025,DOU,5081,2,0,0,0,0,0,0,0,0,0,0,0,7000,137.76
04/2026,4,SUL,S,42,SANTA CATARINA,SANTA CATARINA,SC,421880,TURVO,TURVO,3,2025,DOU,13604,4,2,0,0,0,0,0,0,0,0,0,0,19250,141.5
04/2026,4,SUL,S,42,SANTA CATARINA,SANTA CATARINA,SC,421885,UNIAO DO OESTE,UNIÃO DO OESTE,3,2025,DOU,2791,1,0,0,0,0,0,0,0,0,0,0,0,3500,125.4
04/2026,4,SUL,S,42,SANTA CATARINA,SANTA CATARINA,SC,421890,URUBICI,URUBICI,3,2025,DOU,11064,5,1,0,0,0,0,0,0,0,0,0,0,20125,181.89
04/2026,4,SUL,S,42,SANTA CATARINA,SANTA CATARINA,SC,421895,URUPEMA,URUPEMA,3,2025,DOU,2751,1,0,0,0,0,0,0,0,0,0,0,0,3500,127.22
04/2026,4,SUL,S,42,SANTA CATARINA,SANTA CATARINA,SC,421900,URUSSANGA,URUSSANGA,1,2025,DOU,21464,9,0,0,0,0,0,0,0,0,0,0,0,31500,146.75
04/2026,4,SUL,S,42,SANTA CATARINA,SANTA CATARINA,SC,421910,VARGEAO,VARGEÃO,3,2025,DOU,3726,2,0,0,0,0,0,0,0,0,0,0,0,7000,187.86
04/2026,4,SUL,S,42,SANTA CATARINA,SANTA CATARINA,SC,421915,VARGEM,VARGEM,3,2025,DOU,2613,1,0,0,0,0,0,0,0,0,0,0,0,3500,133.94
04/2026,4,SUL,S,42,SANTA CATARINA,SANTA CATARINA,SC,421917,VARGEM BONITA,VARGEM BONITA,3,2025,DOU,4597,2,0,0,0,0,0,0,0,0,0,0,0,7000,152.27
04/2026,4,SUL,S,42,SANTA CATARINA,SANTA CATARINA,SC,421920,VIDAL RAMOS,VIDAL RAMOS,3,2025,DOU,6266,3,0,0,0,0,0,0,0,0,0,0,0,10500,167.57
04/2026,4,SUL,S,42,SANTA CATARINA,SANTA CATARINA,SC,421930,VIDEIRA,VIDEIRA,1,2025,DOU,59074,13,3,1,0,0,0,0,1,202,0,0,202,55327,93.65
04/2026,4,SUL,S,42,SANTA CATARINA,SANTA CATARINA,SC,421935,VITOR MEIRELES,VITOR MEIRELES,3,2025,DOU,5507,3,0,0,0,0,0,0,0,0,0,0,0,10500,190.66
04/2026,4,SUL,S,42,SANTA CATARINA,SANTA CATARINA,SC,421940,WITMARSUM,WITMARSUM,3,2025,DOU,4513,2,0,0,0,0,0,0,0,0,0,0,0,7000,155.1
04/2026,4,SUL,S,42,SANTA CATARINA,SANTA CATARINA,SC,421950,XANXERE,XANXERÊ,1,2025,DOU,54891,15,0,0,0,0,0,0,0,0,0,0,0,52500,95.64
04/2026,4,SUL,S,42,SANTA CATARINA,SANTA CATARINA,SC,421960,XAVANTINA,XAVANTINA,3,2025,DOU,3583,2,0,0,0,0,0,0,0,0,0,0,0,7000,195.36
04/2026,4,SUL,S,42,SANTA CATARINA,SANTA CATARINA,SC,421970,XAXIM,XAXIM,1,2025,DOU,34485,9,0,0,0,0,0,0,0,0,0,0,0,31500,91.34
04/2026,4,SUL,S,42,SANTA CATARINA,SANTA CATARINA,SC,421985,ZORTEA,ZORTÉA,2,2025,DOU,4257,1,0,0,0,0,0,0,0,0,0,0,0,3500,82.21
04/2026,2,NORDESTE,NE,28,SERGIPE,SERGIPE,SE,280010,AMPARO DE SAO FRANCISCO,AMPARO DE SÃO FRANCISCO,3,2025,DOU,2202,1,0,0,0,0,0,0,0,0,0,0,0,3500,158.94
04/2026,2,NORDESTE,NE,28,SERGIPE,SERGIPE,SE,280020,AQUIDABA,AQUIDABÃ,2,2025,DOU,20556,10,0,0,0,0,0,0,0,0,0,0,0,35000,170.26
04/2026,2,NORDESTE,NE,28,SERGIPE,SERGIPE,SE,280030,ARACAJU,ARACAJU,1,2025,DOU,630932,150,4,5,0,0,2,962,2,0,0,0,962,545212,86.41
04/2026,2,NORDESTE,NE,28,SERGIPE,SERGIPE,SE,280040,ARAUA,ARAUÁ,3,2025,DOU,10464,5,0,0,0,0,0,0,0,0,0,0,0,17500,167.24
04/2026,2,NORDESTE,NE,28,SERGIPE,SERGIPE,SE,280050,AREIA BRANCA,AREIA BRANCA,3,2025,DOU,18626,7,0,0,0,0,0,0,0,0,1,303,303,24803,133.16
04/2026,2,NORDESTE,NE,28,SERGIPE,SERGIPE,SE,280060,BARRA DOS COQUEIROS,BARRA DOS COQUEIROS,1,2025,DOU,45175,11,0,0,0,0,0,0,0,0,0,0,0,38500,85.22
04/2026,2,NORDESTE,NE,28,SERGIPE,SERGIPE,SE,280067,BOQUIM,BOQUIM,2,2025,DOU,25007,11,0,0,0,0,0,0,0,0,0,0,0,38500,153.95
04/2026,2,NORDESTE,NE,28,SERGIPE,SERGIPE,SE,280070,BREJO GRANDE,BREJO GRANDE,3,2025,DOU,8025,4,0,0,0,0,0,0,0,0,0,0,0,14000,174.45
04/2026,2,NORDESTE,NE,28,SERGIPE,SERGIPE,SE,280100,CAMPO DO BRITO,CAMPO DO BRITO,3,2025,DOU,18719,7,0,0,0,0,0,0,0,0,0,0,0,24500,130.88
04/2026,2,NORDESTE,NE,28,SERGIPE,SERGIPE,SE,280110,CANHOBA,CANHOBA,3,2025,DOU,3850,2,0,0,0,0,0,0,0,0,0,0,0,7000,181.81
04/2026,2,NORDESTE,NE,28,SERGIPE,SERGIPE,SE,280120,CANINDE DE SAO FRANCISCO,CANINDÉ DE SÃO FRANCISCO,2,2025,DOU,33641,12,0,0,0,0,0,0,0,0,0,0,0,42000,124.84
04/2026,2,NORDESTE,NE,28,SERGIPE,SERGIPE,SE,280130,CAPELA,CAPELA,2,2025,DOU,32783,12,3,0,0,0,0,0,0,0,0,0,0,49875,152.13
04/2026,2,NORDESTE,NE,28,SERGIPE,SERGIPE,SE,280140,CARIRA,CARIRA,3,2025,DOU,20314,10,0,0,0,0,0,0,0,0,0,0,0,35000,172.29
04/2026,2,NORDESTE,NE,28,SERGIPE,SERGIPE,SE,280150,CARMOPOLIS,CARMÓPOLIS,1,2025,DOU,14203,6,0,0,0,0,0,0,0,0,0,0,0,21000,147.85
04/2026,2,NORDESTE,NE,28,SERGIPE,SERGIPE,SE,280160,CEDRO DE SAO JOAO,CEDRO DE SÃO JOÃO,2,2025,DOU,5474,3,0,0,0,0,0,0,0,0,0,0,0,10500,191.81
04/2026,2,NORDESTE,NE,28,SERGIPE,SERGIPE,SE,280170,CRISTINAPOLIS,CRISTINÁPOLIS,3,2025,DOU,17594,8,1,0,0,0,0,0,0,0,0,0,0,30625,174.06
04/2026,2,NORDESTE,NE,28,SERGIPE,SERGIPE,SE,280190,CUMBE,CUMBE,3,2025,DOU,3872,2,0,0,0,0,0,0,0,0,0,0,0,7000,180.78
04/2026,2,NORDESTE,NE,28,SERGIPE,SERGIPE,SE,280200,DIVINA PASTORA,DIVINA PASTORA,1,2025,DOU,4436,3,0,0,0,0,0,0,0,0,0,0,0,10500,236.69
04/2026,2,NORDESTE,NE,28,SERGIPE,SERGIPE,SE,280210,ESTANCIA,ESTÂNCIA,1,2025,DOU,67060,19,0,1,0,0,0,0,0,0,0,0,0,68250,101.77
04/2026,2,NORDESTE,NE,28,SERGIPE,SERGIPE,SE,280220,FEIRA NOVA,FEIRA NOVA,3,2025,DOU,6358,3,0,0,0,0,0,0,0,0,0,0,0,10500,165.14
04/2026,2,NORDESTE,NE,28,SERGIPE,SERGIPE,SE,280230,FREI PAULO,FREI PAULO,3,2025,DOU,14921,7,0,0,0,0,0,0,0,0,0,0,0,24500,164.19
04/2026,2,NORDESTE,NE,28,SERGIPE,SERGIPE,SE,280240,GARARU,GARARU,3,2025,DOU,11294,5,0,0,0,0,0,0,0,0,0,0,0,17500,154.94
04/2026,2,NORDESTE,NE,28,SERGIPE,SERGIPE,SE,280250,GENERAL MAYNARD,GENERAL MAYNARD,1,2025,DOU,3118,1,2,0,0,0,0,0,0,0,0,0,0,8750,280.62
04/2026,2,NORDESTE,NE,28,SERGIPE,SERGIPE,SE,280260,GRACHO CARDOSO,GRACHO CARDOSO,3,2025,DOU,5910,3,0,0,0,0,0,0,0,0,0,0,0,10500,177.66
04/2026,2,NORDESTE,NE,28,SERGIPE,SERGIPE,SE,280270,ILHA DAS FLORES,ILHA DAS FLORES,3,2025,DOU,8499,4,0,0,0,0,0,0,0,0,0,0,0,14000,164.72
04/2026,2,NORDESTE,NE,28,SERGIPE,SERGIPE,SE,280280,INDIAROBA,INDIAROBA,3,2025,DOU,16991,6,0,0,0,0,0,0,0,0,0,0,0,21000,123.59
04/2026,2,NORDESTE,NE,28,SERGIPE,SERGIPE,SE,280290,ITABAIANA,ITABAIANA,1,2025,DOU,109250,28,2,0,0,0,0,0,0,0,0,0,0,103250,94.5
04/2026,2,NORDESTE,NE,28,SERGIPE,SERGIPE,SE,280300,ITABAIANINHA,ITABAIANINHA,3,2025,DOU,42230,13,0,0,0,0,0,0,0,0,0,0,0,45500,107.74
04/2026,2,NORDESTE,NE,28,SERGIPE,SERGIPE,SE,280310,ITABI,ITABI,3,2025,DOU,4816,2,0,0,0,0,0,0,0,0,0,0,0,7000,145.34
04/2026,2,NORDESTE,NE,28,SERGIPE,SERGIPE,SE,280320,ITAPORANGA D'AJUDA,ITAPORANGA D'AJUDA,3,2025,DOU,36074,16,0,0,0,0,0,0,0,0,0,0,0,56000,155.23
04/2026,2,NORDESTE,NE,28,SERGIPE,SERGIPE,SE,280330,JAPARATUBA,JAPARATUBA,3,2025,DOU,16451,10,0,0,0,0,0,0,0,0,0,0,0,35000,212.75
04/2026,2,NORDESTE,NE,28,SERGIPE,SERGIPE,SE,280340,JAPOATA,JAPOATÃ,3,2025,DOU,13723,6,0,0,0,0,0,0,0,0,0,0,0,21000,153.02
04/2026,2,NORDESTE,NE,28,SERGIPE,SERGIPE,SE,280350,LAGARTO,LAGARTO,1,2025,DOU,105957,31,0,0,0,0,0,0,0,0,0,0,0,108500,102.4
04/2026,2,NORDESTE,NE,28,SERGIPE,SERGIPE,SE,280360,LARANJEIRAS,LARANJEIRAS,1,2025,DOU,24047,12,0,0,0,0,0,0,0,0,0,0,0,42000,174.65
04/2026,2,NORDESTE,NE,28,SERGIPE,SERGIPE,SE,280370,MACAMBIRA,MACAMBIRA,3,2025,DOU,7048,3,0,0,0,0,0,0,0,0,0,0,0,10500,148.97
04/2026,2,NORDESTE,NE,28,SERGIPE,SERGIPE,SE,280380,MALHADA DOS BOIS,MALHADA DOS BOIS,3,2025,DOU,3674,2,0,0,0,0,0,0,0,0,0,0,0,7000,190.52
04/2026,2,NORDESTE,NE,28,SERGIPE,SERGIPE,SE,280390,MALHADOR,MALHADOR,3,2025,DOU,11712,6,0,0,0,0,0,0,0,0,0,0,0,21000,179.3
04/2026,2,NORDESTE,NE,28,SERGIPE,SERGIPE,SE,280400,MARUIM,MARUIM,1,2025,DOU,15956,7,0,0,0,0,0,0,0,0,0,0,0,24500,153.54
04/2026,2,NORDESTE,NE,28,SERGIPE,SERGIPE,SE,280410,MOITA BONITA,MOITA BONITA,3,2025,DOU,11297,6,0,0,0,0,0,0,0,0,0,0,0,21000,185.89
04/2026,2,NORDESTE,NE,28,SERGIPE,SERGIPE,SE,280420,MONTE ALEGRE DE SERGIPE,MONTE ALEGRE DE SERGIPE,3,2025,DOU,14781,6,0,0,0,0,0,0,0,0,0,0,0,21000,142.07
04/2026,2,NORDESTE,NE,28,SERGIPE,SERGIPE,SE,280430,MURIBECA,MURIBECA,3,2025,DOU,8059,4,0,0,0,0,0,0,0,0,0,0,0,14000,173.71
04/2026,2,NORDESTE,NE,28,SERGIPE,SERGIPE,SE,280440,NEOPOLIS,NEÓPOLIS,1,2025,DOU,16473,8,0,0,0,0,0,0,0,0,0,0,0,28000,169.97
04/2026,2,NORDESTE,NE,28,SERGIPE,SERGIPE,SE,280445,NOSSA SENHORA APARECIDA,NOSSA SENHORA APARECIDA,3,2025,DOU,9534,4,0,0,0,0,0,0,0,0,0,0,0,14000,146.84
04/2026,2,NORDESTE,NE,28,SERGIPE,SERGIPE,SE,280450,NOSSA SENHORA DA GLORIA,NOSSA SENHORA DA GLÓRIA,2,2025,DOU,43686,16,0,0,0,0,0,0,0,0,0,0,0,56000,128.18
04/2026,2,NORDESTE,NE,28,SERGIPE,SERGIPE,SE,280460,NOSSA SENHORA DAS DORES,NOSSA SENHORA DAS DORES,2,2025,DOU,25569,10,0,0,0,0,0,0,0,0,0,0,0,35000,136.88
04/2026,2,NORDESTE,NE,28,SERGIPE,SERGIPE,SE,280470,NOSSA SENHORA DE LOURDES,NOSSA SENHORA DE LOURDES,3,2025,DOU,6409,3,0,0,0,0,0,0,0,0,0,0,0,10500,163.83
04/2026,2,NORDESTE,NE,28,SERGIPE,SERGIPE,SE,280480,NOSSA SENHORA DO SOCORRO,NOSSA SENHORA DO SOCORRO,1,2025,DOU,204081,69,0,0,0,0,0,0,2,252,0,0,252,241752,118.45
04/2026,2,NORDESTE,NE,28,SERGIPE,SERGIPE,SE,280490,PACATUBA,PACATUBA,3,2025,DOU,12690,6,0,0,0,0,0,0,0,0,0,0,0,21000,165.48
04/2026,2,NORDESTE,NE,28,SERGIPE,SERGIPE,SE,280500,PEDRA MOLE,PEDRA MOLE,3,2025,DOU,2811,2,0,0,0,0,0,0,0,0,0,0,0,7000,249.02
04/2026,2,NORDESTE,NE,28,SERGIPE,SERGIPE,SE,280510,PEDRINHAS,PEDRINHAS,3,2025,DOU,7355,4,0,0,0,0,0,0,0,0,0,0,0,14000,190.34
04/2026,2,NORDESTE,NE,28,SERGIPE,SERGIPE,SE,280520,PINHAO,PINHÃO,3,2025,DOU,5759,3,0,0,0,0,0,0,0,0,0,0,0,10500,182.32
04/2026,2,NORDESTE,NE,28,SERGIPE,SERGIPE,SE,280530,PIRAMBU,PIRAMBU,3,2025,DOU,8021,4,0,0,0,0,0,0,0,0,0,0,0,14000,174.54
04/2026,2,NORDESTE,NE,28,SERGIPE,SERGIPE,SE,280540,POCO REDONDO,POÇO REDONDO,3,2025,DOU,29238,10,4,0,0,0,0,0,0,0,0,0,0,45500,155.61
04/2026,2,NORDESTE,NE,28,SERGIPE,SERGIPE,SE,280550,POCO VERDE,POÇO VERDE,2,2025,DOU,22217,8,0,0,0,0,0,0,0,0,0,0,0,28000,126.02
04/2026,2,NORDESTE,NE,28,SERGIPE,SERGIPE,SE,280560,PORTO DA FOLHA,PORTO DA FOLHA,3,2025,DOU,27348,11,0,0,0,0,0,0,0,0,0,0,0,38500,140.77
04/2026,2,NORDESTE,NE,28,SERGIPE,SERGIPE,SE,280570,PROPRIA,PROPRIÁ,1,2025,DOU,27213,10,0,1,0,0,0,0,0,0,0,0,0,36750,135.04
04/2026,2,NORDESTE,NE,28,SERGIPE,SERGIPE,SE,280580,RIACHAO DO DANTAS,RIACHÃO DO DANTAS,3,2025,DOU,18541,6,0,0,0,0,0,0,0,0,0,0,0,21000,113.26
04/2026,2,NORDESTE,NE,28,SERGIPE,SERGIPE,SE,280590,RIACHUELO,RIACHUELO,1,2025,DOU,8853,5,0,0,0,0,0,0,0,0,0,0,0,17500,197.67
04/2026,2,NORDESTE,NE,28,SERGIPE,SERGIPE,SE,280600,RIBEIROPOLIS,RIBEIRÓPOLIS,2,2025,DOU,17365,7,0,0,0,0,0,0,0,0,0,0,0,24500,141.08
04/2026,2,NORDESTE,NE,28,SERGIPE,SERGIPE,SE,280610,ROSARIO DO CATETE,ROSÁRIO DO CATETE,1,2025,DOU,9507,4,0,0,0,0,0,0,0,0,0,0,0,14000,147.25
04/2026,2,NORDESTE,NE,28,SERGIPE,SERGIPE,SE,280620,SALGADO,SALGADO,3,2025,DOU,20825,7,1,0,0,0,0,0,0,0,0,0,0,27125,130.25
04/2026,2,NORDESTE,NE,28,SERGIPE,SERGIPE,SE,280630,SANTA LUZIA DO ITANHY,SANTA LUZIA DO ITANHY,3,2025,DOU,14003,7,0,0,0,0,0,0,0,0,0,0,0,24500,174.96
04/2026,2,NORDESTE,NE,28,SERGIPE,SERGIPE,SE,280650,SANTA ROSA DE LIMA,SANTA ROSA DE LIMA,3,2025,DOU,4049,2,0,0,0,0,0,0,0,0,0,0,0,7000,172.88
04/2026,2,NORDESTE,NE,28,SERGIPE,SERGIPE,SE,280640,SANTANA DO SAO FRANCISCO,SANTANA DO SÃO FRANCISCO,3,2025,DOU,7549,4,0,0,0,0,0,0,0,0,0,0,0,14000,185.45
04/2026,2,NORDESTE,NE,28,SERGIPE,SERGIPE,SE,280660,SANTO AMARO DAS BROTAS,SANTO AMARO DAS BROTAS,3,2025,DOU,11289,5,0,0,0,0,0,0,0,0,0,0,0,17500,155.01
04/2026,2,NORDESTE,NE,28,SERGIPE,SERGIPE,SE,280670,SAO CRISTOVAO,SÃO CRISTÓVÃO,1,2025,DOU,101213,28,1,0,0,0,0,0,1,869,1,1343,2212,102837,101.6
04/2026,2,NORDESTE,NE,28,SERGIPE,SERGIPE,SE,280680,SAO DOMINGOS,SÃO DOMINGOS,3,2025,DOU,10559,5,0,1,0,0,0,0,0,0,0,0,0,19250,182.3
04/2026,2,NORDESTE,NE,28,SERGIPE,SERGIPE,SE,280690,SAO FRANCISCO,SÃO FRANCISCO,3,2025,DOU,3330,2,0,0,0,0,0,0,0,0,0,0,0,7000,210.21
04/2026,2,NORDESTE,NE,28,SERGIPE,SERGIPE,SE,280700,SAO MIGUEL DO ALEIXO,SÃO MIGUEL DO ALEIXO,3,2025,DOU,3471,2,0,0,0,0,0,0,0,0,0,0,0,7000,201.67
04/2026,2,NORDESTE,NE,28,SERGIPE,SERGIPE,SE,280710,SIMAO DIAS,SIMÃO DIAS,2,2025,DOU,44503,13,0,0,0,0,0,0,0,0,0,0,0,45500,102.24
04/2026,2,NORDESTE,NE,28,SERGIPE,SERGIPE,SE,280720,SIRIRI,SIRIRI,1,2025,DOU,7981,4,0,0,0,0,0,0,0,0,0,0,0,14000,175.41
04/2026,2,NORDESTE,NE,28,SERGIPE,SERGIPE,SE,280730,TELHA,TELHA,3,2025,DOU,3389,1,0,0,0,0,0,0,0,0,0,0,0,3500,103.27
04/2026,2,NORDESTE,NE,28,SERGIPE,SERGIPE,SE,280740,TOBIAS BARRETO,TOBIAS BARRETO,1,2025,DOU,52783,18,0,0,0,0,0,0,1,339,0,0,339,63339,119.99
04/2026,2,NORDESTE,NE,28,SERGIPE,SERGIPE,SE,280750,TOMAR DO GERU,TOMAR DO GERU,3,2025,DOU,12094,5,0,0,0,0,0,0,0,0,0,0,0,17500,144.69
04/2026,2,NORDESTE,NE,28,SERGIPE,SERGIPE,SE,280760,UMBAUBA,UMBAÚBA,2,2025,DOU,24618,9,0,0,0,0,0,0,0,0,0,0,0,31500,127.95
04/2026,3,SUDESTE,SE,35,SAO PAULO,SÃO PAULO,SP,350010,ADAMANTINA,ADAMANTINA,1,2025,DOU,35673,11,0,0,0,0,0,0,0,0,0,0,0,38500,107.92
04/2026,3,SUDESTE,SE,35,SAO PAULO,SÃO PAULO,SP,350020,ADOLFO,ADOLFO,3,2025,DOU,4505,2,0,0,0,0,0,0,0,0,0,0,0,7000,155.38
04/2026,3,SUDESTE,SE,35,SAO PAULO,SÃO PAULO,SP,350030,AGUAI,AGUAÍ,1,2025,DOU,32886,9,0,0,0,0,0,0,0,0,0,0,0,31500,95.78
04/2026,3,SUDESTE,SE,35,SAO PAULO,SÃO PAULO,SP,350040,AGUAS DA PRATA,ÁGUAS DA PRATA,1,2025,DOU,7463,3,0,0,0,0,0,0,0,0,0,0,0,10500,140.69
04/2026,3,SUDESTE,SE,35,SAO PAULO,SÃO PAULO,SP,350050,AGUAS DE LINDOIA,ÁGUAS DE LINDÓIA,2,2025,DOU,18257,3,4,0,0,0,0,0,0,0,0,0,0,21000,115.02
04/2026,3,SUDESTE,SE,35,SAO PAULO,SÃO PAULO,SP,350055,AGUAS DE SANTA BARBARA,ÁGUAS DE SANTA BÁRBARA,3,2025,DOU,7460,2,1,0,0,0,0,0,0,0,0,0,0,9625,129.02
04/2026,3,SUDESTE,SE,35,SAO PAULO,SÃO PAULO,SP,350060,AGUAS DE SAO PEDRO,ÁGUAS DE SÃO PEDRO,2,2025,DOU,2928,1,1,0,0,0,0,0,0,0,0,0,0,6125,209.18
04/2026,3,SUDESTE,SE,35,SAO PAULO,SÃO PAULO,SP,350070,AGUDOS,AGUDOS,1,2025,DOU,38988,8,0,0,0,0,0,0,0,0,0,0,0,28000,71.81
04/2026,3,SUDESTE,SE,35,SAO PAULO,SÃO PAULO,SP,350075,ALAMBARI,ALAMBARI,1,2025,DOU,6373,1,3,0,0,0,0,0,0,0,0,0,0,11375,178.48
04/2026,3,SUDESTE,SE,35,SAO PAULO,SÃO PAULO,SP,350080,ALFREDO MARCONDES,ALFREDO MARCONDES,1,2025,DOU,4574,2,0,1,0,0,0,0,0,0,0,0,0,8750,191.29
04/2026,3,SUDESTE,SE,35,SAO PAULO,SÃO PAULO,SP,350090,ALTAIR,ALTAIR,3,2025,DOU,3467,1,0,0,0,0,0,0,0,0,0,0,0,3500,100.95
04/2026,3,SUDESTE,SE,35,SAO PAULO,SÃO PAULO,SP,350100,ALTINOPOLIS,ALTINÓPOLIS,1,2025,DOU,17197,6,0,0,0,0,0,0,0,0,0,0,0,21000,122.11
04/2026,3,SUDESTE,SE,35,SAO PAULO,SÃO PAULO,SP,350110,ALTO ALEGRE,ALTO ALEGRE,3,2025,DOU,3874,2,0,0,0,0,0,0,0,0,0,0,0,7000,180.69
04/2026,3,SUDESTE,SE,35,SAO PAULO,SÃO PAULO,SP,350115,ALUMINIO,ALUMÍNIO,1,2025,DOU,17607,0,2,1,0,0,0,0,0,0,0,0,0,7000,39.75
04/2026,3,SUDESTE,SE,35,SAO PAULO,SÃO PAULO,SP,350120,ALVARES FLORENCE,ÁLVARES FLORENCE,3,2025,DOU,3979,1,2,0,0,0,0,0,0,0,0,0,0,8750,219.9
04/2026,3,SUDESTE,SE,35,SAO PAULO,SÃO PAULO,SP,350130,ALVARES MACHADO,ÁLVARES MACHADO,1,2025,DOU,28386,7,4,2,0,0,0,0,0,0,0,0,0,38500,135.63
04/2026,3,SUDESTE,SE,35,SAO PAULO,SÃO PAULO,SP,350140,ALVARO DE CARVALHO,ÁLVARO DE CARVALHO,3,2025,DOU,4901,2,0,0,0,0,0,0,2,3688,0,0,3688,10688,218.07
04/2026,3,SUDESTE,SE,35,SAO PAULO,SÃO PAULO,SP,350150,ALVINLANDIA,ALVINLÂNDIA,3,2025,DOU,2919,2,0,0,0,0,0,0,0,0,0,0,0,7000,239.8
04/2026,3,SUDESTE,SE,35,SAO PAULO,SÃO PAULO,SP,350160,AMERICANA,AMERICANA,1,2025,DOU,247571,13,13,13,0,0,0,0,1,4069,0,0,4069,106444,42.99
04/2026,3,SUDESTE,SE,35,SAO PAULO,SÃO PAULO,SP,350170,AMERICO BRASILIENSE,AMÉRICO BRASILIENSE,1,2025,DOU,33708,2,1,5,0,0,0,0,0,0,0,0,0,18375,54.51
04/2026,3,SUDESTE,SE,35,SAO PAULO,SÃO PAULO,SP,350180,AMERICO DE CAMPOS,AMÉRICO DE CAMPOS,3,2025,DOU,5981,2,0,0,0,0,0,0,0,0,0,0,0,7000,117.03
04/2026,3,SUDESTE,SE,35,SAO PAULO,SÃO PAULO,SP,350190,AMPARO,AMPARO,1,2025,DOU,69792,30,0,0,0,0,0,0,0,0,0,0,0,105000,150.44
04/2026,3,SUDESTE,SE,35,SAO PAULO,SÃO PAULO,SP,350200,ANALANDIA,ANALÂNDIA,3,2025,DOU,4694,1,0,2,0,0,0,0,0,0,0,0,0,7000,149.12
04/2026,3,SUDESTE,SE,35,SAO PAULO,SÃO PAULO,SP,350210,ANDRADINA,ANDRADINA,1,2025,DOU,61625,16,3,0,0,0,0,0,0,0,0,0,0,63875,103.65
04/2026,3,SUDESTE,SE,35,SAO PAULO,SÃO PAULO,SP,350220,ANGATUBA,ANGATUBA,2,2025,DOU,24573,6,0,0,0,0,0,0,0,0,0,0,0,21000,85.45
04/2026,3,SUDESTE,SE,35,SAO PAULO,SÃO PAULO,SP,350230,ANHEMBI,ANHEMBI,3,2025,DOU,5766,3,0,0,0,0,0,0,0,0,0,0,0,10500,182.1
04/2026,3,SUDESTE,SE,35,SAO PAULO,SÃO PAULO,SP,350240,ANHUMAS,ANHUMAS,1,2025,DOU,4118,2,0,0,0,0,0,0,0,0,0,0,0,7000,169.98
04/2026,3,SUDESTE,SE,35,SAO PAULO,SÃO PAULO,SP,350250,APARECIDA,APARECIDA,1,2025,DOU,33141,8,2,0,0,0,0,0,0,0,0,0,0,33250,100.32
04/2026,3,SUDESTE,SE,35,SAO PAULO,SÃO PAULO,SP,350260,APARECIDA D'OESTE,APARECIDA D'OESTE,2,2025,DOU,4112,2,0,0,0,0,0,0,0,0,0,0,0,7000,170.23
04/2026,3,SUDESTE,SE,35,SAO PAULO,SÃO PAULO,SP,350270,APIAI,APIAÍ,2,2025,DOU,24857,9,0,4,0,0,0,0,0,0,0,0,0,38500,154.88
04/2026,3,SUDESTE,SE,35,SAO PAULO,SÃO PAULO,SP,350275,ARACARIGUAMA,ARAÇARIGUAMA,2,2025,DOU,22314,3,4,0,0,0,0,0,0,0,0,0,0,21000,94.11
04/2026,3,SUDESTE,SE,35,SAO PAULO,SÃO PAULO,SP,350280,ARACATUBA,ARAÇATUBA,1,2025,DOU,208415,46,0,3,0,0,1,576,0,0,0,0,576,166826,80.04
04/2026,3,SUDESTE,SE,35,SAO PAULO,SÃO PAULO,SP,350290,ARACOIABA DA SERRA,ARAÇOIABA DA SERRA,1,2025,DOU,33832,8,2,1,0,0,0,0,0,0,0,0,0,35000,103.45
04/2026,3,SUDESTE,SE,35,SAO PAULO,SÃO PAULO,SP,350300,ARAMINA,ARAMINA,2,2025,DOU,5535,2,1,0,0,0,0,0,0,0,0,0,0,9625,173.89
04/2026,3,SUDESTE,SE,35,SAO PAULO,SÃO PAULO,SP,350310,ARANDU,ARANDU,2,2025,DOU,7076,2,1,0,0,0,0,0,0,0,0,0,0,9625,136.02
04/2026,3,SUDESTE,SE,35,SAO PAULO,SÃO PAULO,SP,350315,ARAPEI,ARAPEÍ,3,2025,DOU,2355,1,0,0,0,0,0,0,0,0,0,0,0,3500,148.61
04/2026,3,SUDESTE,SE,35,SAO PAULO,SÃO PAULO,SP,350320,ARARAQUARA,ARARAQUARA,1,2025,DOU,253474,38,9,5,0,0,0,0,1,11,0,0,11,165386,65.24
04/2026,3,SUDESTE,SE,35,SAO PAULO,SÃO PAULO,SP,350330,ARARAS,ARARAS,1,2025,DOU,135744,15,8,3,0,0,0,0,0,0,0,0,0,78750,58.01
04/2026,3,SUDESTE,SE,35,SAO PAULO,SÃO PAULO,SP,350335,ARCO-IRIS,ARCO-ÍRIS,3,2025,DOU,2089,1,0,0,0,0,0,0,0,0,0,0,0,3500,167.54
04/2026,3,SUDESTE,SE,35,SAO PAULO,SÃO PAULO,SP,350340,AREALVA,AREALVA,3,2025,DOU,8290,3,0,0,0,0,0,0,0,0,0,0,0,10500,126.65
04/2026,3,SUDESTE,SE,35,SAO PAULO,SÃO PAULO,SP,350350,AREIAS,AREIAS,3,2025,DOU,3617,1,0,0,0,0,0,0,0,0,0,0,0,3500,96.76
04/2026,3,SUDESTE,SE,35,SAO PAULO,SÃO PAULO,SP,350360,AREIOPOLIS,AREIÓPOLIS,2,2025,DOU,10242,3,0,0,0,0,0,0,0,0,0,0,0,10500,102.51
04/2026,3,SUDESTE,SE,35,SAO PAULO,SÃO PAULO,SP,350370,ARIRANHA,ARIRANHA,2,2025,DOU,7621,3,0,0,0,0,0,0,0,0,0,0,0,10500,137.77
04/2026,3,SUDESTE,SE,35,SAO PAULO,SÃO PAULO,SP,350380,ARTUR NOGUEIRA,ARTUR NOGUEIRA,1,2025,DOU,53467,12,0,0,0,0,0,0,0,0,0,0,0,42000,78.55
04/2026,3,SUDESTE,SE,35,SAO PAULO,SÃO PAULO,SP,350390,ARUJA,ARUJÁ,1,2025,DOU,90273,9,4,0,0,0,0,0,0,0,0,0,0,42000,46.52
04/2026,3,SUDESTE,SE,35,SAO PAULO,SÃO PAULO,SP,350395,ASPASIA,ASPÁSIA,3,2025,DOU,1875,1,0,0,0,0,0,0,0,0,0,0,0,3500,186.66
04/2026,3,SUDESTE,SE,35,SAO PAULO,SÃO PAULO,SP,350400,ASSIS,ASSIS,1,2025,DOU,104858,18,3,3,0,0,1,169,1,114,0,0,283,76408,72.86
04/2026,3,SUDESTE,SE,35,SAO PAULO,SÃO PAULO,SP,350410,ATIBAIA,ATIBAIA,1,2025,DOU,167161,29,4,8,0,0,1,321,0,0,0,0,321,126321,75.56
04/2026,3,SUDESTE,SE,35,SAO PAULO,SÃO PAULO,SP,350420,AURIFLAMA,AURIFLAMA,1,2025,DOU,13856,3,2,0,0,0,0,0,0,0,0,0,0,15750,113.66
04/2026,3,SUDESTE,SE,35,SAO PAULO,SÃO PAULO,SP,350430,AVAI,AVAÍ,3,2025,DOU,4503,2,2,0,0,0,0,0,0,0,0,0,0,12250,272.04
04/2026,3,SUDESTE,SE,35,SAO PAULO,SÃO PAULO,SP,350440,AVANHANDAVA,AVANHANDAVA,2,2025,DOU,11436,3,4,0,0,0,0,0,1,2109,0,0,2109,23109,202.07
04/2026,3,SUDESTE,SE,35,SAO PAULO,SÃO PAULO,SP,350450,AVARE,AVARÉ,1,2025,DOU,96450,11,6,1,0,0,0,0,2,1370,0,0,1370,57370,59.48
04/2026,3,SUDESTE,SE,35,SAO PAULO,SÃO PAULO,SP,350460,BADY BASSITT,BADY BASSITT,1,2025,DOU,29346,9,2,0,0,0,0,0,0,0,0,0,0,36750,125.23
04/2026,3,SUDESTE,SE,35,SAO PAULO,SÃO PAULO,SP,350470,BALBINOS,BALBINOS,2,2025,DOU,3969,2,1,0,0,0,0,0,4,5196,0,0,5196,14821,373.41
04/2026,3,SUDESTE,SE,35,SAO PAULO,SÃO PAULO,SP,350480,BALSAMO,BÁLSAMO,1,2025,DOU,9902,3,0,2,0,0,0,0,0,0,0,0,0,14000,141.38
04/2026,3,SUDESTE,SE,35,SAO PAULO,SÃO PAULO,SP,350490,BANANAL,BANANAL,3,2025,DOU,10097,5,0,0,0,0,0,0,0,0,0,0,0,17500,173.31
04/2026,3,SUDESTE,SE,35,SAO PAULO,SÃO PAULO,SP,350500,BARAO DE ANTONINA,BARÃO DE ANTONINA,3,2025,DOU,3632,1,1,0,0,0,0,0,0,0,0,0,0,6125,168.63
04/2026,3,SUDESTE,SE,35,SAO PAULO,SÃO PAULO,SP,350510,BARBOSA,BARBOSA,2,2025,DOU,5627,2,2,0,0,0,0,0,0,0,0,0,0,12250,217.7
04/2026,3,SUDESTE,SE,35,SAO PAULO,SÃO PAULO,SP,350520,BARIRI,BARIRI,1,2025,DOU,32406,4,0,0,0,0,0,0,0,0,0,0,0,14000,43.2
04/2026,3,SUDESTE,SE,35,SAO PAULO,SÃO PAULO,SP,350530,BARRA BONITA,BARRA BONITA,1,2025,DOU,35129,2,5,1,0,0,0,0,0,0,0,0,0,21875,62.27
04/2026,3,SUDESTE,SE,35,SAO PAULO,SÃO PAULO,SP,350535,BARRA DO CHAPEU,BARRA DO CHAPÉU,3,2025,DOU,5254,3,0,0,0,0,0,0,0,0,0,0,0,10500,199.84
04/2026,3,SUDESTE,SE,35,SAO PAULO,SÃO PAULO,SP,350540,BARRA DO TURVO,BARRA DO TURVO,3,2025,DOU,6894,4,0,0,0,0,0,0,0,0,0,0,0,14000,203.07
04/2026,3,SUDESTE,SE,35,SAO PAULO,SÃO PAULO,SP,350550,BARRETOS,BARRETOS,1,2025,DOU,126957,21,5,3,0,0,0,0,0,0,0,0,0,91875,72.36
04/2026,3,SUDESTE,SE,35,SAO PAULO,SÃO PAULO,SP,350560,BARRINHA,BARRINHA,1,2025,DOU,33304,5,2,1,0,0,0,0,0,0,0,0,0,24500,73.56
04/2026,3,SUDESTE,SE,35,SAO PAULO,SÃO PAULO,SP,350570,BARUERI,BARUERI,1,2025,DOU,333737,0,55,38,0,0,1,65,0,0,0,0,65,210940,63.2
04/2026,3,SUDESTE,SE,35,SAO PAULO,SÃO PAULO,SP,350580,BASTOS,BASTOS,1,2025,DOU,21936,7,0,0,0,0,0,0,0,0,0,0,0,24500,111.68
04/2026,3,SUDESTE,SE,35,SAO PAULO,SÃO PAULO,SP,350590,BATATAIS,BATATAIS,1,2025,DOU,59939,11,2,3,0,0,0,0,0,0,0,0,0,49000,81.74
04/2026,3,SUDESTE,SE,35,SAO PAULO,SÃO PAULO,SP,350600,BAURU,BAURU,1,2025,DOU,392947,19,38,10,0,0,1,911,4,0,0,0,911,184661,46.99
04/2026,3,SUDESTE,SE,35,SAO PAULO,SÃO PAULO,SP,350610,BEBEDOURO,BEBEDOURO,1,2025,DOU,78257,16,2,1,0,0,0,0,0,0,0,0,0,63000,80.5
04/2026,3,SUDESTE,SE,35,SAO PAULO,SÃO PAULO,SP,350620,BENTO DE ABREU,BENTO DE ABREU,3,2025,DOU,2640,1,1,0,0,0,0,0,0,0,0,0,0,6125,232.0
04/2026,3,SUDESTE,SE,35,SAO PAULO,SÃO PAULO,SP,350630,BERNARDINO DE CAMPOS,BERNARDINO DE CAMPOS,2,2025,DOU,11881,3,0,1,0,0,0,0,1,1043,1,775,1818,14068,118.4
04/2026,3,SUDESTE,SE,35,SAO PAULO,SÃO PAULO,SP,350635,BERTIOGA,BERTIOGA,1,2025,DOU,67436,16,0,0,0,0,0,0,0,0,0,0,0,56000,83.04
04/2026,3,SUDESTE,SE,35,SAO PAULO,SÃO PAULO,SP,350640,BILAC,BILAC,2,2025,DOU,7464,3,0,0,0,0,0,0,0,0,0,0,0,10500,140.67
04/2026,3,SUDESTE,SE,35,SAO PAULO,SÃO PAULO,SP,350650,BIRIGUI,BIRIGUI,1,2025,DOU,123340,28,0,4,0,0,0,0,0,0,0,0,0,105000,85.13
04/2026,3,SUDESTE,SE,35,SAO PAULO,SÃO PAULO,SP,350660,BIRITIBA MIRIM,BIRITIBA MIRIM,1,2025,DOU,30564,5,2,0,0,0,0,0,0,0,0,0,0,22750,74.43
04/2026,3,SUDESTE,SE,35,SAO PAULO,SÃO PAULO,SP,350670,BOA ESPERANCA DO SUL,BOA ESPERANÇA DO SUL,1,2025,DOU,13113,3,1,0,0,0,0,0,0,0,0,0,0,13125,100.09
04/2026,3,SUDESTE,SE,35,SAO PAULO,SÃO PAULO,SP,350680,BOCAINA,BOCAINA,2,2025,DOU,11480,3,1,0,0,0,0,0,0,0,0,0,0,13125,114.32
04/2026,3,SUDESTE,SE,35,SAO PAULO,SÃO PAULO,SP,350690,BOFETE,BOFETE,3,2025,DOU,10710,3,1,3,0,0,0,0,0,0,0,0,0,18375,171.56
04/2026,3,SUDESTE,SE,35,SAO PAULO,SÃO PAULO,SP,350700,BOITUVA,BOITUVA,1,2025,DOU,63850,3,4,11,0,0,0,0,0,0,0,0,0,40250,63.03
04/2026,3,SUDESTE,SE,35,SAO PAULO,SÃO PAULO,SP,350710,BOM JESUS DOS PERDOES,BOM JESUS DOS PERDÕES,1,2025,DOU,22579,5,1,0,0,0,0,0,0,0,0,0,0,20125,89.13
04/2026,3,SUDESTE,SE,35,SAO PAULO,SÃO PAULO,SP,350715,BOM SUCESSO DE ITARARE,BOM SUCESSO DE ITARARÉ,3,2025,DOU,3609,2,0,0,0,0,0,0,0,0,0,0,0,7000,193.95
04/2026,3,SUDESTE,SE,35,SAO PAULO,SÃO PAULO,SP,350720,BORA,BORÁ,3,2025,DOU,932,0,0,1,0,0,0,0,0,0,0,0,0,1750,187.76
04/2026,3,SUDESTE,SE,35,SAO PAULO,SÃO PAULO,SP,350730,BORACEIA,BORACÉIA,2,2025,DOU,4838,2,0,0,0,0,0,0,0,0,0,0,0,7000,144.68
04/2026,3,SUDESTE,SE,35,SAO PAULO,SÃO PAULO,SP,350740,BORBOREMA,BORBOREMA,1,2025,DOU,14405,3,1,0,0,0,0,0,0,0,0,0,0,13125,91.11
04/2026,3,SUDESTE,SE,35,SAO PAULO,SÃO PAULO,SP,350745,BOREBI,BOREBI,3,2025,DOU,2801,1,0,0,0,0,0,0,0,0,0,0,0,3500,124.95
04/2026,3,SUDESTE,SE,35,SAO PAULO,SÃO PAULO,SP,350750,BOTUCATU,BOTUCATU,1,2025,DOU,151053,23,7,0,0,0,1,171,0,0,0,0,171,99046,65.57
04/2026,3,SUDESTE,SE,35,SAO PAULO,SÃO PAULO,SP,350760,BRAGANCA PAULISTA,BRAGANÇA PAULISTA,1,2025,DOU,185688,29,11,1,0,0,0,0,0,0,0,0,0,132125,71.15
04/2026,3,SUDESTE,SE,35,SAO PAULO,SÃO PAULO,SP,350770,BRAUNA,BRAÚNA,1,2025,DOU,5477,2,0,0,0,0,0,0,0,0,0,0,0,7000,127.8
04/2026,3,SUDESTE,SE,35,SAO PAULO,SÃO PAULO,SP,350775,BREJO ALEGRE,BREJO ALEGRE,1,2025,DOU,2605,1,0,0,0,0,0,0,0,0,0,0,0,3500,134.35
04/2026,3,SUDESTE,SE,35,SAO PAULO,SÃO PAULO,SP,350780,BRODOWSKI,BRODOWSKI,1,2025,DOU,26314,8,0,0,0,0,0,0,0,0,0,0,0,28000,106.4
04/2026,3,SUDESTE,SE,35,SAO PAULO,SÃO PAULO,SP,350790,BROTAS,BROTAS,1,2025,DOU,24501,2,3,1,0,0,0,0,0,0,0,0,0,16625,67.85
04/2026,3,SUDESTE,SE,35,SAO PAULO,SÃO PAULO,SP,350800,BURI,BURI,1,2025,DOU,20731,5,1,0,0,0,0,0,0,0,0,0,0,20125,97.07
04/2026,3,SUDESTE,SE,35,SAO PAULO,SÃO PAULO,SP,350810,BURITAMA,BURITAMA,1,2025,DOU,17658,6,0,0,0,0,0,0,0,0,0,0,0,21000,118.92
04/2026,3,SUDESTE,SE,35,SAO PAULO,SÃO PAULO,SP,350820,BURITIZAL,BURITIZAL,2,2025,DOU,4458,1,0,0,0,0,0,0,0,0,0,0,0,3500,78.51
04/2026,3,SUDESTE,SE,35,SAO PAULO,SÃO PAULO,SP,350830,CABRALIA PAULISTA,CABRÁLIA PAULISTA,2,2025,DOU,4360,1,0,2,0,0,0,0,0,0,0,0,0,7000,160.55
04/2026,3,SUDESTE,SE,35,SAO PAULO,SÃO PAULO,SP,350840,CABREUVA,CABREÚVA,1,2025,DOU,48654,7,4,1,0,0,0,0,0,0,0,0,0,36750,75.53
04/2026,3,SUDESTE,SE,35,SAO PAULO,SÃO PAULO,SP,350850,CACAPAVA,CAÇAPAVA,1,2025,DOU,100071,19,1,2,0,0,0,0,0,0,0,0,0,72625,72.57
04/2026,3,SUDESTE,SE,35,SAO PAULO,SÃO PAULO,SP,350860,CACHOEIRA PAULISTA,CACHOEIRA PAULISTA,1,2025,DOU,32534,9,0,0,0,0,0,0,0,0,0,0,0,31500,96.82
04/2026,3,SUDESTE,SE,35,SAO PAULO,SÃO PAULO,SP,350870,CACONDE,CACONDE,2,2025,DOU,17228,5,0,1,0,0,0,0,0,0,0,0,0,19250,111.73
04/2026,3,SUDESTE,SE,35,SAO PAULO,SÃO PAULO,SP,350880,CAFELANDIA,CAFELÂNDIA,1,2025,DOU,16907,6,2,0,0,0,0,0,0,0,0,0,0,26250,155.26
04/2026,3,SUDESTE,SE,35,SAO PAULO,SÃO PAULO,SP,350890,CAIABU,CAIABU,1,2025,DOU,3726,2,0,0,0,0,0,0,0,0,0,0,0,7000,187.86
04/2026,3,SUDESTE,SE,35,SAO PAULO,SÃO PAULO,SP,350900,CAIEIRAS,CAIEIRAS,1,2025,DOU,98549,21,9,1,0,0,0,0,0,0,0,0,0,98875,100.33
04/2026,3,SUDESTE,SE,35,SAO PAULO,SÃO PAULO,SP,350910,CAIUA,CAIUÁ,3,2025,DOU,5599,3,0,0,0,0,0,0,1,131,0,0,131,10631,189.87
04/2026,3,SUDESTE,SE,35,SAO PAULO,SÃO PAULO,SP,350920,CAJAMAR,CAJAMAR,1,2025,DOU,98365,22,0,1,0,0,1,0,0,0,0,0,0,78750,80.05
04/2026,3,SUDESTE,SE,35,SAO PAULO,SÃO PAULO,SP,350925,CAJATI,CAJATI,2,2025,DOU,29262,12,0,0,0,0,0,0,0,0,0,0,0,42000,143.53
04/2026,3,SUDESTE,SE,35,SAO PAULO,SÃO PAULO,SP,350930,CAJOBI,CAJOBI,2,2025,DOU,9210,2,1,0,0,0,0,0,0,0,0,0,0,9625,104.5
04/2026,3,SUDESTE,SE,35,SAO PAULO,SÃO PAULO,SP,350940,CAJURU,CAJURU,1,2025,DOU,24233,7,0,0,0,0,0,0,0,0,0,0,0,24500,101.1
04/2026,3,SUDESTE,SE,35,SAO PAULO,SÃO PAULO,SP,350945,CAMPINA DO MONTE ALEGRE,CAMPINA DO MONTE ALEGRE,3,2025,DOU,6090,2,0,0,0,0,0,0,0,0,0,0,0,7000,114.94
04/2026,3,SUDESTE,SE,35,SAO PAULO,SÃO PAULO,SP,350950,CAMPINAS,CAMPINAS,1,2025,DOU,1187974,244,0,0,0,0,3,1038,0,0,0,0,1038,855038,71.97
04/2026,3,SUDESTE,SE,35,SAO PAULO,SÃO PAULO,SP,350960,CAMPO LIMPO PAULISTA,CAMPO LIMPO PAULISTA,1,2025,DOU,79781,10,4,5,0,0,0,0,0,0,0,0,0,54250,67.99
04/2026,3,SUDESTE,SE,35,SAO PAULO,SÃO PAULO,SP,350970,CAMPOS DO JORDAO,CAMPOS DO JORDÃO,1,2025,DOU,47956,13,6,0,0,0,0,0,0,0,0,0,0,61250,127.72
04/2026,3,SUDESTE,SE,35,SAO PAULO,SÃO PAULO,SP,350980,CAMPOS NOVOS PAULISTA,CAMPOS NOVOS PAULISTA,2,2025,DOU,5003,2,0,0,0,0,0,0,0,0,0,0,0,7000,139.91
04/2026,3,SUDESTE,SE,35,SAO PAULO,SÃO PAULO,SP,350990,CANANEIA,CANANÉIA,3,2025,DOU,12491,5,0,0,0,0,0,0,0,0,0,0,0,17500,140.1
04/2026,3,SUDESTE,SE,35,SAO PAULO,SÃO PAULO,SP,350995,CANAS,CANAS,1,2025,DOU,5068,1,0,0,0,0,0,0,0,0,0,0,0,3500,69.06
04/2026,3,SUDESTE,SE,35,SAO PAULO,SÃO PAULO,SP,351000,CANDIDO MOTA,CÂNDIDO MOTA,1,2025,DOU,30157,2,4,0,0,0,0,0,0,0,0,0,0,17500,58.02
04/2026,3,SUDESTE,SE,35,SAO PAULO,SÃO PAULO,SP,351010,CANDIDO RODRIGUES,CÂNDIDO RODRIGUES,3,2025,DOU,2959,1,0,0,0,0,0,0,0,0,0,0,0,3500,118.28
04/2026,3,SUDESTE,SE,35,SAO PAULO,SÃO PAULO,SP,351015,CANITAR,CANITAR,1,2025,DOU,6589,2,0,1,0,0,0,0,0,0,0,0,0,8750,132.79
04/2026,3,SUDESTE,SE,35,SAO PAULO,SÃO PAULO,SP,351020,CAPAO BONITO,CAPÃO BONITO,1,2025,DOU,47409,17,0,0,0,0,0,0,0,0,0,0,0,59500,125.5
04/2026,3,SUDESTE,SE,35,SAO PAULO,SÃO PAULO,SP,351030,CAPELA DO ALTO,CAPELA DO ALTO,3,2025,DOU,23777,5,0,1,0,0,0,0,3,1564,1,501,2065,21315,89.64
04/2026,3,SUDESTE,SE,35,SAO PAULO,SÃO PAULO,SP,351040,CAPIVARI,CAPIVARI,1,2025,DOU,51369,5,0,1,0,0,0,0,0,0,0,0,0,19250,37.47
04/2026,3,SUDESTE,SE,35,SAO PAULO,SÃO PAULO,SP,351050,CARAGUATATUBA,CARAGUATATUBA,1,2025,DOU,142248,31,0,0,0,0,0,0,0,0,0,0,0,108500,76.27
04/2026,3,SUDESTE,SE,35,SAO PAULO,SÃO PAULO,SP,351060,CARAPICUIBA,CARAPICUÍBA,1,2025,DOU,398236,49,4,7,0,0,1,80,0,0,0,0,80,194330,48.79
04/2026,3,SUDESTE,SE,35,SAO PAULO,SÃO PAULO,SP,351070,CARDOSO,CARDOSO,3,2025,DOU,11476,4,4,0,0,0,0,0,0,0,0,0,0,24500,213.48
04/2026,3,SUDESTE,SE,35,SAO PAULO,SÃO PAULO,SP,351080,CASA BRANCA,CASA BRANCA,2,2025,DOU,28779,5,4,0,0,0,0,0,1,411,0,0,411,28411,98.72
04/2026,3,SUDESTE,SE,35,SAO PAULO,SÃO PAULO,SP,351090,CASSIA DOS COQUEIROS,CÁSSIA DOS COQUEIROS,3,2025,DOU,2861,1,0,1,0,0,0,0,0,0,0,0,0,5250,183.5
04/2026,3,SUDESTE,SE,35,SAO PAULO,SÃO PAULO,SP,351100,CASTILHO,CASTILHO,2,2025,DOU,20485,6,4,2,0,0,0,0,0,0,0,0,0,35000,170.85
04/2026,3,SUDESTE,SE,35,SAO PAULO,SÃO PAULO,SP,351110,CATANDUVA,CATANDUVA,1,2025,DOU,119275,26,10,0,0,0,1,422,0,0,0,0,422,117672,98.65
04/2026,3,SUDESTE,SE,35,SAO PAULO,SÃO PAULO,SP,351120,CATIGUA,CATIGUÁ,1,2025,DOU,7101,1,2,0,0,0,0,0,0,0,0,0,0,8750,123.22
04/2026,3,SUDESTE,SE,35,SAO PAULO,SÃO PAULO,SP,351130,CEDRAL,CEDRAL,1,2025,DOU,13314,3,2,0,0,0,0,0,0,0,0,0,0,15750,118.29
04/2026,3,SUDESTE,SE,35,SAO PAULO,SÃO PAULO,SP,351140,CERQUEIRA CESAR,CERQUEIRA CÉSAR,1,2025,DOU,22210,6,0,0,0,0,0,0,1,1553,0,0,1553,22553,101.54
04/2026,3,SUDESTE,SE,35,SAO PAULO,SÃO PAULO,SP,351150,CERQUILHO,CERQUILHO,1,2025,DOU,46391,2,15,0,0,0,0,0,0,0,0,0,0,46375,99.96
04/2026,3,SUDESTE,SE,35,SAO PAULO,SÃO PAULO,SP,351160,CESARIO LANGE,CESÁRIO LANGE,3,2025,DOU,19707,7,1,1,0,0,0,0,0,0,0,0,0,28875,146.52
04/2026,3,SUDESTE,SE,35,SAO PAULO,SÃO PAULO,SP,351170,CHARQUEADA,CHARQUEADA,1,2025,DOU,15814,1,5,0,0,0,0,0,0,0,0,0,0,16625,105.12
04/2026,3,SUDESTE,SE,35,SAO PAULO,SÃO PAULO,SP,355720,CHAVANTES,CHAVANTES,2,2025,DOU,12415,3,2,0,0,0,0,0,0,0,0,0,0,15750,126.86
04/2026,3,SUDESTE,SE,35,SAO PAULO,SÃO PAULO,SP,351190,CLEMENTINA,CLEMENTINA,2,2025,DOU,7084,2,0,0,0,0,0,0,0,0,0,0,0,7000,98.81
04/2026,3,SUDESTE,SE,35,SAO PAULO,SÃO PAULO,SP,351200,COLINA,COLINA,1,2025,DOU,18880,5,0,0,0,0,0,0,0,0,0,0,0,17500,92.69
04/2026,3,SUDESTE,SE,35,SAO PAULO,SÃO PAULO,SP,351210,COLOMBIA,COLÔMBIA,1,2025,DOU,6802,3,0,0,0,0,0,0,0,0,0,0,0,10500,154.36
04/2026,3,SUDESTE,SE,35,SAO PAULO,SÃO PAULO,SP,351220,CONCHAL,CONCHAL,1,2025,DOU,29132,5,2,0,0,0,0,0,0,0,0,0,0,22750,78.09
04/2026,3,SUDESTE,SE,35,SAO PAULO,SÃO PAULO,SP,351230,CONCHAS,CONCHAS,2,2025,DOU,15345,4,2,0,0,0,0,0,0,0,0,0,0,19250,125.44
04/2026,3,SUDESTE,SE,35,SAO PAULO,SÃO PAULO,SP,351240,CORDEIROPOLIS,CORDEIRÓPOLIS,1,2025,DOU,25286,8,0,0,0,0,0,0,0,0,0,0,0,28000,110.73
04/2026,3,SUDESTE,SE,35,SAO PAULO,SÃO PAULO,SP,351250,COROADOS,COROADOS,1,2025,DOU,5504,2,0,0,0,0,0,0,0,0,0,0,0,7000,127.18
04/2026,3,SUDESTE,SE,35,SAO PAULO,SÃO PAULO,SP,351260,CORONEL MACEDO,CORONEL MACEDO,2,2025,DOU,4271,2,0,0,0,0,0,0,0,0,0,0,0,7000,163.89
04/2026,3,SUDESTE,SE,35,SAO PAULO,SÃO PAULO,SP,351270,CORUMBATAI,CORUMBATAÍ,3,2025,DOU,4296,1,2,0,0,0,0,0,0,0,0,0,0,8750,203.67
04/2026,3,SUDESTE,SE,35,SAO PAULO,SÃO PAULO,SP,351280,COSMOPOLIS,COSMÓPOLIS,1,2025,DOU,61167,9,4,0,0,0,0,0,0,0,0,0,0,42000,68.66
04/2026,3,SUDESTE,SE,35,SAO PAULO,SÃO PAULO,SP,351290,COSMORAMA,COSMORAMA,3,2025,DOU,9019,4,0,0,0,0,0,0,0,0,0,0,0,14000,155.22
04/2026,3,SUDESTE,SE,35,SAO PAULO,SÃO PAULO,SP,351300,COTIA,COTIA,1,2025,DOU,289493,9,4,12,0,0,0,0,0,0,0,0,0,63000,21.76
04/2026,3,SUDESTE,SE,35,SAO PAULO,SÃO PAULO,SP,351310,CRAVINHOS,CRAVINHOS,1,2025,DOU,34307,7,2,0,0,0,0,0,0,0,0,0,0,29750,86.71
04/2026,3,SUDESTE,SE,35,SAO PAULO,SÃO PAULO,SP,351320,CRISTAIS PAULISTA,CRISTAIS PAULISTA,1,2025,DOU,9600,3,0,0,0,0,0,0,0,0,0,0,0,10500,109.37
04/2026,3,SUDESTE,SE,35,SAO PAULO,SÃO PAULO,SP,351330,CRUZALIA,CRUZÁLIA,3,2025,DOU,2123,1,0,0,0,0,0,0,0,0,0,0,0,3500,164.86
04/2026,3,SUDESTE,SE,35,SAO PAULO,SÃO PAULO,SP,351340,CRUZEIRO,CRUZEIRO,1,2025,DOU,76444,11,3,1,0,0,0,0,0,0,0,0,0,48125,62.95
04/2026,3,SUDESTE,SE,35,SAO PAULO,SÃO PAULO,SP,351350,CUBATAO,CUBATÃO,1,2025,DOU,114870,33,3,0,0,0,0,0,0,0,0,0,0,123375,107.4
04/2026,3,SUDESTE,SE,35,SAO PAULO,SÃO PAULO,SP,351360,CUNHA,CUNHA,2,2025,DOU,22460,5,1,0,0,0,0,0,0,0,0,0,0,20125,89.6
04/2026,3,SUDESTE,SE,35,SAO PAULO,SÃO PAULO,SP,351370,DESCALVADO,DESCALVADO,1,2025,DOU,32663,8,1,0,0,0,0,0,0,0,0,0,0,30625,93.76
04/2026,3,SUDESTE,SE,35,SAO PAULO,SÃO PAULO,SP,351380,DIADEMA,DIADEMA,1,2025,DOU,403579,94,0,0,0,0,1,315,0,0,0,0,315,329315,81.59
04/2026,3,SUDESTE,SE,35,SAO PAULO,SÃO PAULO,SP,351385,DIRCE REIS,DIRCE REIS,3,2025,DOU,1639,1,0,0,0,0,0,0,0,0,0,0,0,3500,213.54
04/2026,3,SUDESTE,SE,35,SAO PAULO,SÃO PAULO,SP,351390,DIVINOLANDIA,DIVINOLÂNDIA,3,2025,DOU,11305,4,0,1,0,0,0,0,0,0,0,0,0,15750,139.31
04/2026,3,SUDESTE,SE,35,SAO PAULO,SÃO PAULO,SP,351400,DOBRADA,DOBRADA,2,2025,DOU,8986,4,1,0,0,0,0,0,0,0,0,0,0,16625,185.01
04/2026,3,SUDESTE,SE,35,SAO PAULO,SÃO PAULO,SP,351410,DOIS CORREGOS,DOIS CÓRREGOS,1,2025,DOU,24847,5,0,3,0,0,0,0,0,0,0,0,0,22750,91.56
04/2026,3,SUDESTE,SE,35,SAO PAULO,SÃO PAULO,SP,351420,DOLCINOPOLIS,DOLCINÓPOLIS,3,2025,DOU,2254,1,0,0,0,0,0,0,0,0,0,0,0,3500,155.27
04/2026,3,SUDESTE,SE,35,SAO PAULO,SÃO PAULO,SP,351430,DOURADO,DOURADO,2,2025,DOU,8169,3,0,0,0,0,0,0,0,0,0,0,0,10500,128.53
04/2026,3,SUDESTE,SE,35,SAO PAULO,SÃO PAULO,SP,351440,DRACENA,DRACENA,1,2025,DOU,46735,14,3,1,0,0,0,0,1,984,0,0,984,59609,127.54
04/2026,3,SUDESTE,SE,35,SAO PAULO,SÃO PAULO,SP,351450,DUARTINA,DUARTINA,1,2025,DOU,12532,3,1,0,0,0,0,0,0,0,0,0,0,13125,104.73
04/2026,3,SUDESTE,SE,35,SAO PAULO,SÃO PAULO,SP,351460,DUMONT,DUMONT,2,2025,DOU,9764,1,1,0,0,0,0,0,0,0,0,0,0,6125,62.73
04/2026,3,SUDESTE,SE,35,SAO PAULO,SÃO PAULO,SP,351470,ECHAPORA,ECHAPORÃ,2,2025,DOU,6291,3,0,0,0,0,0,0,0,0,0,0,0,10500,166.9
04/2026,3,SUDESTE,SE,35,SAO PAULO,SÃO PAULO,SP,351480,ELDORADO,ELDORADO,3,2025,DOU,13109,7,0,0,0,0,0,0,0,0,0,0,0,24500,186.89
04/2026,3,SUDESTE,SE,35,SAO PAULO,SÃO PAULO,SP,351490,ELIAS FAUSTO,ELIAS FAUSTO,3,2025,DOU,18168,4,0,0,0,0,0,0,0,0,0,0,0,14000,77.05
04/2026,3,SUDESTE,SE,35,SAO PAULO,SÃO PAULO,SP,351492,ELISIARIO,ELISIÁRIO,1,2025,DOU,3190,2,0,0,0,0,0,0,0,0,0,0,0,7000,219.43
04/2026,3,SUDESTE,SE,35,SAO PAULO,SÃO PAULO,SP,351495,EMBAUBA,EMBAÚBA,1,2025,DOU,2349,1,0,0,0,0,0,0,0,0,0,0,0,3500,148.99
04/2026,3,SUDESTE,SE,35,SAO PAULO,SÃO PAULO,SP,351500,EMBU DAS ARTES,EMBU DAS ARTES,1,2025,DOU,259788,44,5,32,0,0,1,271,0,0,0,0,271,223396,85.99
04/2026,3,SUDESTE,SE,35,SAO PAULO,SÃO PAULO,SP,351510,EMBU-GUACU,EMBU-GUAÇU,1,2025,DOU,68913,19,0,0,0,0,0,0,0,0,0,0,0,66500,96.49
04/2026,3,SUDESTE,SE,35,SAO PAULO,SÃO PAULO,SP,351512,EMILIANOPOLIS,EMILIANÓPOLIS,1,2025,DOU,3061,1,1,0,0,0,0,0,0,0,0,0,0,6125,200.09
04/2026,3,SUDESTE,SE,35,SAO PAULO,SÃO PAULO,SP,351515,ENGENHEIRO COELHO,ENGENHEIRO COELHO,1,2025,DOU,20261,4,1,0,0,0,0,0,0,0,0,0,0,16625,82.05
04/2026,3,SUDESTE,SE,35,SAO PAULO,SÃO PAULO,SP,351518,ESPIRITO SANTO DO PINHAL,ESPÍRITO SANTO DO PINHAL,1,2025,DOU,40610,11,0,0,0,0,0,0,0,0,0,0,0,38500,94.8
04/2026,3,SUDESTE,SE,35,SAO PAULO,SÃO PAULO,SP,351519,ESPIRITO SANTO DO TURVO,ESPÍRITO SANTO DO TURVO,2,2025,DOU,4214,1,2,0,0,0,0,0,0,0,0,0,0,8750,207.64
04/2026,3,SUDESTE,SE,35,SAO PAULO,SÃO PAULO,SP,355730,ESTIVA GERBI,ESTIVA GERBI,1,2025,DOU,11609,4,0,0,0,0,0,0,0,0,0,0,0,14000,120.59
04/2026,3,SUDESTE,SE,35,SAO PAULO,SÃO PAULO,SP,351520,ESTRELA D'OESTE,ESTRELA D'OESTE,2,2025,DOU,9696,4,0,0,0,0,0,0,0,0,0,0,0,14000,144.38
04/2026,3,SUDESTE,SE,35,SAO PAULO,SÃO PAULO,SP,351530,ESTRELA DO NORTE,ESTRELA DO NORTE,1,2025,DOU,2751,1,0,0,0,0,0,0,0,0,0,0,0,3500,127.22
04/2026,3,SUDESTE,SE,35,SAO PAULO,SÃO PAULO,SP,351535,EUCLIDES DA CUNHA PAULISTA,EUCLIDES DA CUNHA PAULISTA,3,2025,DOU,7883,5,0,0,0,0,0,0,0,0,0,0,0,17500,221.99
04/2026,3,SUDESTE,SE,35,SAO PAULO,SÃO PAULO,SP,351540,FARTURA,FARTURA,1,2025,DOU,17029,3,0,1,0,0,0,0,0,0,0,0,0,12250,71.93
04/2026,3,SUDESTE,SE,35,SAO PAULO,SÃO PAULO,SP,351560,FERNANDO PRESTES,FERNANDO PRESTES,3,2025,DOU,6080,3,0,0,0,0,0,0,0,0,0,0,0,10500,172.69
04/2026,3,SUDESTE,SE,35,SAO PAULO,SÃO PAULO,SP,351550,FERNANDOPOLIS,FERNANDÓPOLIS,1,2025,DOU,73508,27,0,0,0,0,0,0,0,0,0,0,0,94500,128.55
04/2026,3,SUDESTE,SE,35,SAO PAULO,SÃO PAULO,SP,351565,FERNAO,FERNÃO,3,2025,DOU,1692,1,0,0,0,0,0,0,0,0,0,0,0,3500,206.85
04/2026,3,SUDESTE,SE,35,SAO PAULO,SÃO PAULO,SP,351570,FERRAZ DE VASCONCELOS,FERRAZ DE VASCONCELOS,1,2025,DOU,186479,39,13,0,0,0,0,0,0,0,0,0,0,170625,91.49
04/2026,3,SUDESTE,SE,35,SAO PAULO,SÃO PAULO,SP,351580,FLORA RICA,FLORA RICA,3,2025,DOU,1483,1,0,0,0,0,0,0,0,0,0,0,0,3500,236.0
04/2026,3,SUDESTE,SE,35,SAO PAULO,SÃO PAULO,SP,351590,FLOREAL,FLOREAL,3,2025,DOU,2747,1,1,0,0,0,0,0,0,0,0,0,0,6125,222.97
04/2026,3,SUDESTE,SE,35,SAO PAULO,SÃO PAULO,SP,351600,FLORIDA PAULISTA,FLÓRIDA PAULISTA,3,2025,DOU,13175,4,0,1,0,0,0,0,1,1333,0,0,1333,17083,129.66
04/2026,3,SUDESTE,SE,35,SAO PAULO,SÃO PAULO,SP,351610,FLORINEA,FLORÍNEA,3,2025,DOU,4022,1,0,0,0,0,0,0,1,1303,0,0,1303,4803,119.41
04/2026,3,SUDESTE,SE,35,SAO PAULO,SÃO PAULO,SP,351620,FRANCA,FRANCA,1,2025,DOU,365494,14,6,41,0,0,1,1038,1,85,0,0,1123,137623,37.65
04/2026,3,SUDESTE,SE,35,SAO PAULO,SÃO PAULO,SP,351630,FRANCISCO MORATO,FRANCISCO MORATO,1,2025,DOU,171476,30,1,1,0,0,0,0,0,0,0,0,0,109375,63.78
04/2026,3,SUDESTE,SE,35,SAO PAULO,SÃO PAULO,SP,351640,FRANCO DA ROCHA,FRANCO DA ROCHA,1,2025,DOU,150241,53,0,0,0,0,0,0,6,5481,4,5957,11438,196938,131.08
04/2026,3,SUDESTE,SE,35,SAO PAULO,SÃO PAULO,SP,351650,GABRIEL MONTEIRO,GABRIEL MONTEIRO,3,2025,DOU,2813,1,0,0,0,0,0,0,0,0,0,0,0,3500,124.42
04/2026,3,SUDESTE,SE,35,SAO PAULO,SÃO PAULO,SP,351660,GALIA,GÁLIA,3,2025,DOU,6413,3,0,0,0,0,0,0,2,1940,1,1578,3518,14018,218.58
04/2026,3,SUDESTE,SE,35,SAO PAULO,SÃO PAULO,SP,351670,GARCA,GARÇA,1,2025,DOU,43081,14,0,0,0,0,0,0,0,0,0,0,0,49000,113.73
04/2026,3,SUDESTE,SE,35,SAO PAULO,SÃO PAULO,SP,351680,GASTAO VIDIGAL,GASTÃO VIDIGAL,2,2025,DOU,3203,2,0,0,0,0,0,0,0,0,0,0,0,7000,218.54
04/2026,3,SUDESTE,SE,35,SAO PAULO,SÃO PAULO,SP,351685,GAVIAO PEIXOTO,GAVIÃO PEIXOTO,1,2025,DOU,4806,2,0,0,0,0,0,0,0,0,0,0,0,7000,145.65
04/2026,3,SUDESTE,SE,35,SAO PAULO,SÃO PAULO,SP,351690,GENERAL SALGADO,GENERAL SALGADO,2,2025,DOU,10437,4,0,2,0,0,0,0,0,0,0,0,0,17500,167.67
04/2026,3,SUDESTE,SE,35,SAO PAULO,SÃO PAULO,SP,351700,GETULINA,GETULINA,3,2025,DOU,10337,3,1,0,0,0,0,0,2,2,0,0,2,13127,126.99
04/2026,3,SUDESTE,SE,35,SAO PAULO,SÃO PAULO,SP,351710,GLICERIO,GLICÉRIO,3,2025,DOU,4158,2,0,0,0,0,0,0,0,0,0,0,0,7000,168.35
04/2026,3,SUDESTE,SE,35,SAO PAULO,SÃO PAULO,SP,351720,GUAICARA,GUAIÇARA,3,2025,DOU,11478,2,1,1,0,0,0,0,0,0,0,0,0,11375,99.1
04/2026,3,SUDESTE,SE,35,SAO PAULO,SÃO PAULO,SP,351730,GUAIMBE,GUAIMBÊ,2,2025,DOU,5609,2,0,0,0,0,0,0,0,0,0,0,0,7000,124.79
04/2026,3,SUDESTE,SE,35,SAO PAULO,SÃO PAULO,SP,351740,GUAIRA,GUAÍRA,1,2025,DOU,40489,10,1,0,0,0,0,0,0,0,0,0,0,37625,92.92
04/2026,3,SUDESTE,SE,35,SAO PAULO,SÃO PAULO,SP,351750,GUAPIACU,GUAPIAÇU,1,2025,DOU,22445,7,0,2,0,0,0,0,0,0,0,0,0,28000,124.74
04/2026,3,SUDESTE,SE,35,SAO PAULO,SÃO PAULO,SP,351760,GUAPIARA,GUAPIARA,3,2025,DOU,17225,7,0,0,0,0,0,0,0,0,0,0,0,24500,142.23
04/2026,3,SUDESTE,SE,35,SAO PAULO,SÃO PAULO,SP,351770,GUARA,GUARÁ,1,2025,DOU,18748,4,0,6,0,0,0,0,0,0,0,0,0,24500,130.68
04/2026,3,SUDESTE,SE,35,SAO PAULO,SÃO PAULO,SP,351780,GUARACAI,GUARAÇAÍ,2,2025,DOU,7453,3,0,0,0,0,0,0,0,0,0,0,0,10500,140.88
04/2026,3,SUDESTE,SE,35,SAO PAULO,SÃO PAULO,SP,351790,GUARACI,GUARACI,2,2025,DOU,10554,3,0,0,0,0,0,0,0,0,0,0,0,10500,99.48
04/2026,3,SUDESTE,SE,35,SAO PAULO,SÃO PAULO,SP,351800,GUARANI D'OESTE,GUARANI D'OESTE,3,2025,DOU,1999,1,0,0,0,0,0,0,0,0,0,0,0,3500,175.08
04/2026,3,SUDESTE,SE,35,SAO PAULO,SÃO PAULO,SP,351810,GUARANTA,GUARANTÃ,2,2025,DOU,6532,3,0,0,0,0,0,0,0,0,0,0,0,10500,160.74
04/2026,3,SUDESTE,SE,35,SAO PAULO,SÃO PAULO,SP,351820,GUARARAPES,GUARARAPES,1,2025,DOU,31888,5,0,4,0,0,0,0,0,0,0,0,0,24500,76.83
04/2026,3,SUDESTE,SE,35,SAO PAULO,SÃO PAULO,SP,351830,GUARAREMA,GUARAREMA,3,2025,DOU,32620,0,0,1,0,0,0,0,0,0,0,0,0,1750,5.36
04/2026,3,SUDESTE,SE,35,SAO PAULO,SÃO PAULO,SP,351840,GUARATINGUETA,GUARATINGUETÁ,1,2025,DOU,121916,10,3,5,0,0,0,0,0,0,0,0,0,51625,42.34
04/2026,3,SUDESTE,SE,35,SAO PAULO,SÃO PAULO,SP,351850,GUAREI,GUAREÍ,3,2025,DOU,15285,6,0,0,0,0,0,0,3,1804,0,0,1804,22804,149.19
04/2026,3,SUDESTE,SE,35,SAO PAULO,SÃO PAULO,SP,351860,GUARIBA,GUARIBA,1,2025,DOU,38678,2,0,4,0,0,0,0,1,194,0,0,194,14194,36.69
04/2026,3,SUDESTE,SE,35,SAO PAULO,SÃO PAULO,SP,351870,GUARUJA,GUARUJÁ,1,2025,DOU,294871,45,4,7,0,0,1,252,0,0,0,0,252,180502,61.21
04/2026,3,SUDESTE,SE,35,SAO PAULO,SÃO PAULO,SP,351880,GUARULHOS,GUARULHOS,1,2025,DOU,1349100,155,30,31,0,0,1,177,3,2204,1,1332,3713,679213,50.34
04/2026,3,SUDESTE,SE,35,SAO PAULO,SÃO PAULO,SP,351885,GUATAPARA,GUATAPARÁ,2,2025,DOU,7474,3,0,0,0,0,0,0,0,0,0,0,0,10500,140.48
04/2026,3,SUDESTE,SE,35,SAO PAULO,SÃO PAULO,SP,351890,GUZOLANDIA,GUZOLÂNDIA,2,2025,DOU,4259,1,2,0,0,0,0,0,0,0,0,0,0,8750,205.44
04/2026,3,SUDESTE,SE,35,SAO PAULO,SÃO PAULO,SP,351900,HERCULANDIA,HERCULÂNDIA,2,2025,DOU,9316,3,0,0,0,0,0,0,0,0,0,0,0,10500,112.7
04/2026,3,SUDESTE,SE,35,SAO PAULO,SÃO PAULO,SP,351905,HOLAMBRA,HOLAMBRA,3,2025,DOU,15718,4,0,0,0,0,0,0,0,0,0,0,0,14000,89.06
04/2026,3,SUDESTE,SE,35,SAO PAULO,SÃO PAULO,SP,351907,HORTOLANDIA,HORTOLÂNDIA,1,2025,DOU,248842,38,0,0,0,0,0,0,3,0,0,0,0,133000,53.44
04/2026,3,SUDESTE,SE,35,SAO PAULO,SÃO PAULO,SP,351910,IACANGA,IACANGA,2,2025,DOU,10648,4,0,0,0,0,0,0,0,0,0,0,0,14000,131.48
04/2026,3,SUDESTE,SE,35,SAO PAULO,SÃO PAULO,SP,351920,IACRI,IACRI,2,2025,DOU,6197,2,0,0,0,0,0,0,0,0,0,0,0,7000,112.95
04/2026,3,SUDESTE,SE,35,SAO PAULO,SÃO PAULO,SP,351925,IARAS,IARAS,3,2025,DOU,8313,3,1,0,0,0,0,0,1,0,0,0,0,13125,157.88
04/2026,3,SUDESTE,SE,35,SAO PAULO,SÃO PAULO,SP,351930,IBATE,IBATÉ,1,2025,DOU,33160,6,0,0,0,0,0,0,0,0,0,0,0,21000,63.32
04/2026,3,SUDESTE,SE,35,SAO PAULO,SÃO PAULO,SP,351940,IBIRA,IBIRÁ,2,2025,DOU,11952,4,2,0,0,0,0,0,0,0,0,0,0,19250,161.06
04/2026,3,SUDESTE,SE,35,SAO PAULO,SÃO PAULO,SP,351950,IBIRAREMA,IBIRAREMA,2,2025,DOU,6450,2,0,0,0,0,0,0,0,0,0,0,0,7000,108.52
04/2026,3,SUDESTE,SE,35,SAO PAULO,SÃO PAULO,SP,351960,IBITINGA,IBITINGA,1,2025,DOU,62143,4,6,0,0,0,0,0,0,0,0,0,0,29750,47.87
04/2026,3,SUDESTE,SE,35,SAO PAULO,SÃO PAULO,SP,351970,IBIUNA,IBIÚNA,3,2025,DOU,77801,16,12,0,0,0,0,0,0,0,0,0,0,87500,112.46
04/2026,3,SUDESTE,SE,35,SAO PAULO,SÃO PAULO,SP,351980,ICEM,ICÉM,2,2025,DOU,7982,3,1,0,0,0,0,0,1,1654,0,0,1654,14779,185.15
04/2026,3,SUDESTE,SE,35,SAO PAULO,SÃO PAULO,SP,351990,IEPE,IEPÊ,2,2025,DOU,7739,3,0,0,0,0,0,0,0,0,0,0,0,10500,135.67
04/2026,3,SUDESTE,SE,35,SAO PAULO,SÃO PAULO,SP,352000,IGARACU DO TIETE,IGARAÇU DO TIETÊ,1,2025,DOU,23421,5,1,0,0,0,0,0,0,0,0,0,0,20125,85.92
04/2026,3,SUDESTE,SE,35,SAO PAULO,SÃO PAULO,SP,352010,IGARAPAVA,IGARAPAVA,1,2025,DOU,26696,6,0,0,0,0,0,0,0,0,0,0,0,21000,78.66
04/2026,3,SUDESTE,SE,35,SAO PAULO,SÃO PAULO,SP,352020,IGARATA,IGARATÁ,3,2025,DOU,10984,3,1,3,0,0,0,0,0,0,0,0,0,18375,167.28
04/2026,3,SUDESTE,SE,35,SAO PAULO,SÃO PAULO,SP,352030,IGUAPE,IGUAPE,2,2025,DOU,29891,10,1,0,0,0,0,0,0,0,0,0,0,37625,125.87
04/2026,3,SUDESTE,SE,35,SAO PAULO,SÃO PAULO,SP,352042,ILHA COMPRIDA,ILHA COMPRIDA,2,2025,DOU,14104,5,3,0,0,0,0,0,0,0,0,0,0,25375,179.91
04/2026,3,SUDESTE,SE,35,SAO PAULO,SÃO PAULO,SP,352044,ILHA SOLTEIRA,ILHA SOLTEIRA,1,2025,DOU,26257,10,0,0,0,0,0,0,0,0,0,0,0,35000,133.29
04/2026,3,SUDESTE,SE,35,SAO PAULO,SÃO PAULO,SP,352040,ILHABELA,ILHABELA,1,2025,DOU,36559,16,3,0,0,0,0,0,0,0,0,0,0,63875,174.71
04/2026,3,SUDESTE,SE,35,SAO PAULO,SÃO PAULO,SP,352050,INDAIATUBA,INDAIATUBA,1,2025,DOU,269657,34,9,0,0,0,0,0,0,0,0,0,0,142625,52.89
04/2026,3,SUDESTE,SE,35,SAO PAULO,SÃO PAULO,SP,352060,INDIANA,INDIANA,1,2025,DOU,5200,2,0,0,0,0,0,0,0,0,0,0,0,7000,134.61
04/2026,3,SUDESTE,SE,35,SAO PAULO,SÃO PAULO,SP,352070,INDIAPORA,INDIAPORÃ,3,2025,DOU,4113,2,0,0,0,0,0,0,0,0,0,0,0,7000,170.19
04/2026,3,SUDESTE,SE,35,SAO PAULO,SÃO PAULO,SP,352080,INUBIA PAULISTA,INÚBIA PAULISTA,1,2025,DOU,3671,2,0,0,0,0,0,0,0,0,0,0,0,7000,190.68
04/2026,3,SUDESTE,SE,35,SAO PAULO,SÃO PAULO,SP,352090,IPAUSSU,IPAUSSU,1,2025,DOU,13935,2,1,0,0,0,0,0,0,0,0,0,0,9625,69.07
04/2026,3,SUDESTE,SE,35,SAO PAULO,SÃO PAULO,SP,352100,IPERO,IPERÓ,1,2025,DOU,38277,5,2,4,0,0,0,0,1,2794,0,0,2794,32544,85.02
04/2026,3,SUDESTE,SE,35,SAO PAULO,SÃO PAULO,SP,352110,IPEUNA,IPEÚNA,1,2025,DOU,7027,2,0,0,0,0,0,0,0,0,0,0,0,7000,99.61
04/2026,3,SUDESTE,SE,35,SAO PAULO,SÃO PAULO,SP,352115,IPIGUA,IPIGUÁ,1,2025,DOU,7115,3,0,0,0,0,0,0,0,0,0,0,0,10500,147.57
04/2026,3,SUDESTE,SE,35,SAO PAULO,SÃO PAULO,SP,352120,IPORANGA,IPORANGA,3,2025,DOU,4083,2,0,0,0,0,0,0,0,0,0,0,0,7000,171.44
04/2026,3,SUDESTE,SE,35,SAO PAULO,SÃO PAULO,SP,352130,IPUA,IPUÃ,1,2025,DOU,14701,5,2,0,0,0,0,0,0,0,0,0,0,22750,154.75
04/2026,3,SUDESTE,SE,35,SAO PAULO,SÃO PAULO,SP,352140,IRACEMAPOLIS,IRACEMÁPOLIS,1,2025,DOU,22500,4,0,1,0,0,0,0,0,0,0,0,0,15750,70.0
04/2026,3,SUDESTE,SE,35,SAO PAULO,SÃO PAULO,SP,352150,IRAPUA,IRAPUÃ,2,2025,DOU,6932,2,0,0,0,0,0,0,0,0,0,0,0,7000,100.98
04/2026,3,SUDESTE,SE,35,SAO PAULO,SÃO PAULO,SP,352160,IRAPURU,IRAPURU,3,2025,DOU,7120,3,0,0,0,0,0,0,2,1809,0,0,1809,12309,172.87
04/2026,3,SUDESTE,SE,35,SAO PAULO,SÃO PAULO,SP,352170,ITABERA,ITABERÁ,2,2025,DOU,18263,7,2,0,0,0,0,0,0,0,0,0,0,29750,162.89
04/2026,3,SUDESTE,SE,35,SAO PAULO,SÃO PAULO,SP,352180,ITAI,ITAÍ,1,2025,DOU,25979,6,0,0,0,0,0,0,1,1735,0,0,1735,22735,87.51
04/2026,3,SUDESTE,SE,35,SAO PAULO,SÃO PAULO,SP,352190,ITAJOBI,ITAJOBI,1,2025,DOU,17502,6,0,0,0,0,0,0,0,0,0,0,0,21000,119.98
04/2026,3,SUDESTE,SE,35,SAO PAULO,SÃO PAULO,SP,352200,ITAJU,ITAJU,3,2025,DOU,3715,1,0,0,0,0,0,0,0,0,0,0,0,3500,94.21
04/2026,3,SUDESTE,SE,35,SAO PAULO,SÃO PAULO,SP,352210,ITANHAEM,ITANHAÉM,1,2025,DOU,118495,26,0,0,0,0,0,0,0,0,0,0,0,91000,76.79
04/2026,3,SUDESTE,SE,35,SAO PAULO,SÃO PAULO,SP,352215,ITAOCA,ITAÓCA,3,2025,DOU,3497,1,1,0,0,0,0,0,0,0,0,0,0,6125,175.15
04/2026,3,SUDESTE,SE,35,SAO PAULO,SÃO PAULO,SP,352220,ITAPECERICA DA SERRA,ITAPECERICA DA SERRA,1,2025,DOU,163003,30,3,1,0,0,0,0,0,0,0,0,0,114625,70.32
04/2026,3,SUDESTE,SE,35,SAO PAULO,SÃO PAULO,SP,352230,ITAPETININGA,ITAPETININGA,1,2025,DOU,164256,17,2,12,0,0,1,759,2,179,0,0,938,86688,52.77
04/2026,3,SUDESTE,SE,35,SAO PAULO,SÃO PAULO,SP,352240,ITAPEVA,ITAPEVA,1,2025,DOU,92393,23,0,0,0,0,0,0,0,0,0,0,0,80500,87.12
04/2026,3,SUDESTE,SE,35,SAO PAULO,SÃO PAULO,SP,352250,ITAPEVI,ITAPEVI,1,2025,DOU,242995,22,5,1,0,0,0,0,0,0,0,0,0,91875,37.8
04/2026,3,SUDESTE,SE,35,SAO PAULO,SÃO PAULO,SP,352260,ITAPIRA,ITAPIRA,1,2025,DOU,74038,16,0,1,0,0,0,0,0,0,0,0,0,57750,78.0
04/2026,3,SUDESTE,SE,35,SAO PAULO,SÃO PAULO,SP,352265,ITAPIRAPUA PAULISTA,ITAPIRAPUÃ PAULISTA,3,2025,DOU,4420,2,0,0,0,0,0,0,0,0,0,0,0,7000,158.37
04/2026,3,SUDESTE,SE,35,SAO PAULO,SÃO PAULO,SP,352270,ITAPOLIS,ITÁPOLIS,1,2025,DOU,40445,1,3,3,0,0,0,0,0,0,0,0,0,16625,41.1
04/2026,3,SUDESTE,SE,35,SAO PAULO,SÃO PAULO,SP,352280,ITAPORANGA,ITAPORANGA,3,2025,DOU,14245,4,1,0,0,0,0,0,0,0,0,0,0,16625,116.7
04/2026,3,SUDESTE,SE,35,SAO PAULO,SÃO PAULO,SP,352290,ITAPUI,ITAPUÍ,1,2025,DOU,14035,3,0,0,0,0,0,0,0,0,0,0,0,10500,74.81
04/2026,3,SUDESTE,SE,35,SAO PAULO,SÃO PAULO,SP,352300,ITAPURA,ITAPURA,2,2025,DOU,4002,2,0,0,0,0,0,0,0,0,0,0,0,7000,174.91
04/2026,3,SUDESTE,SE,35,SAO PAULO,SÃO PAULO,SP,352310,ITAQUAQUECETUBA,ITAQUAQUECETUBA,1,2025,DOU,382983,20,8,13,0,0,0,0,0,0,0,0,0,113750,29.7
04/2026,3,SUDESTE,SE,35,SAO PAULO,SÃO PAULO,SP,352320,ITARARE,ITARARÉ,1,2025,DOU,45213,12,0,0,0,0,0,0,0,0,0,0,0,42000,92.89
04/2026,3,SUDESTE,SE,35,SAO PAULO,SÃO PAULO,SP,352330,ITARIRI,ITARIRI,3,2025,DOU,15916,6,0,0,0,0,0,0,0,0,0,0,0,21000,131.94
04/2026,3,SUDESTE,SE,35,SAO PAULO,SÃO PAULO,SP,352340,ITATIBA,ITATIBA,1,2025,DOU,127112,22,9,3,0,0,0,0,0,0,0,0,0,105875,83.29
04/2026,3,SUDESTE,SE,35,SAO PAULO,SÃO PAULO,SP,352350,ITATINGA,ITATINGA,1,2025,DOU,19462,0,0,6,0,0,0,0,0,0,0,0,0,10500,53.95
04/2026,3,SUDESTE,SE,35,SAO PAULO,SÃO PAULO,SP,352360,ITIRAPINA,ITIRAPINA,1,2025,DOU,16454,3,3,0,0,0,0,0,1,436,1,2104,2540,20915,127.11
04/2026,3,SUDESTE,SE,35,SAO PAULO,SÃO PAULO,SP,352370,ITIRAPUA,ITIRAPUÃ,1,2025,DOU,5857,2,1,0,0,0,0,0,0,0,0,0,0,9625,164.33
04/2026,3,SUDESTE,SE,35,SAO PAULO,SÃO PAULO,SP,352380,ITOBI,ITOBI,2,2025,DOU,8227,1,5,0,0,0,0,0,0,0,0,0,0,16625,202.07
04/2026,3,SUDESTE,SE,35,SAO PAULO,SÃO PAULO,SP,352390,ITU,ITU,1,2025,DOU,175047,0,15,20,0,0,0,0,0,0,0,0,0,74375,42.48
04/2026,3,SUDESTE,SE,35,SAO PAULO,SÃO PAULO,SP,352400,ITUPEVA,ITUPEVA,1,2025,DOU,74994,12,3,6,0,0,0,0,0,0,0,0,0,60375,80.5
04/2026,3,SUDESTE,SE,35,SAO PAULO,SÃO PAULO,SP,352410,ITUVERAVA,ITUVERAVA,1,2025,DOU,38413,11,0,1,0,0,0,0,0,0,0,0,0,40250,104.78
04/2026,3,SUDESTE,SE,35,SAO PAULO,SÃO PAULO,SP,352420,JABORANDI,JABORANDI,2,2025,DOU,6280,3,0,0,0,0,0,0,0,0,0,0,0,10500,167.19
04/2026,3,SUDESTE,SE,35,SAO PAULO,SÃO PAULO,SP,352430,JABOTICABAL,JABOTICABAL,1,2025,DOU,73473,10,1,4,0,0,0,0,0,0,0,0,0,44625,60.73
04/2026,3,SUDESTE,SE,35,SAO PAULO,SÃO PAULO,SP,352440,JACAREI,JACAREÍ,1,2025,DOU,250952,56,4,1,0,0,1,219,0,0,0,0,219,208469,83.07
04/2026,3,SUDESTE,SE,35,SAO PAULO,SÃO PAULO,SP,352450,JACI,JACI,1,2025,DOU,7944,3,1,0,0,0,0,0,0,0,0,0,0,13125,165.21
04/2026,3,SUDESTE,SE,35,SAO PAULO,SÃO PAULO,SP,352460,JACUPIRANGA,JACUPIRANGA,2,2025,DOU,16216,6,0,2,0,0,0,0,0,0,0,0,0,24500,151.08
04/2026,3,SUDESTE,SE,35,SAO PAULO,SÃO PAULO,SP,352470,JAGUARIUNA,JAGUARIÚNA,1,2025,DOU,62309,17,1,0,0,0,0,0,0,0,0,0,0,62125,99.7
04/2026,3,SUDESTE,SE,35,SAO PAULO,SÃO PAULO,SP,352480,JALES,JALES,1,2025,DOU,50078,14,0,0,0,0,0,0,0,0,0,0,0,49000,97.84
04/2026,3,SUDESTE,SE,35,SAO PAULO,SÃO PAULO,SP,352490,JAMBEIRO,JAMBEIRO,1,2025,DOU,6611,2,0,0,0,0,0,0,0,0,0,0,0,7000,105.88
04/2026,3,SUDESTE,SE,35,SAO PAULO,SÃO PAULO,SP,352500,JANDIRA,JANDIRA,1,2025,DOU,121550,29,0,0,0,0,0,0,0,0,0,0,0,101500,83.5
04/2026,3,SUDESTE,SE,35,SAO PAULO,SÃO PAULO,SP,352510,JARDINOPOLIS,JARDINÓPOLIS,1,2025,DOU,47125,8,0,11,0,0,0,0,2,894,0,0,894,48144,102.16
04/2026,3,SUDESTE,SE,35,SAO PAULO,SÃO PAULO,SP,352520,JARINU,JARINU,1,2025,DOU,40007,7,1,0,0,0,0,0,0,0,0,0,0,27125,67.8
04/2026,3,SUDESTE,SE,35,SAO PAULO,SÃO PAULO,SP,352530,JAU,JAÚ,1,2025,DOU,137409,12,10,0,0,0,0,0,0,0,0,0,0,68250,49.66
04/2026,3,SUDESTE,SE,35,SAO PAULO,SÃO PAULO,SP,352540,JERIQUARA,JERIQUARA,3,2025,DOU,4000,1,0,0,0,0,0,0,0,0,0,0,0,3500,87.5
04/2026,3,SUDESTE,SE,35,SAO PAULO,SÃO PAULO,SP,352550,JOANOPOLIS,JOANÓPOLIS,3,2025,DOU,13131,3,1,0,0,0,0,0,0,0,0,0,0,13125,99.95
04/2026,3,SUDESTE,SE,35,SAO PAULO,SÃO PAULO,SP,352560,JOAO RAMALHO,JOÃO RAMALHO,3,2025,DOU,4464,2,0,0,0,0,0,0,0,0,0,0,0,7000,156.81
04/2026,3,SUDESTE,SE,35,SAO PAULO,SÃO PAULO,SP,352570,JOSE BONIFACIO,JOSÉ BONIFÁCIO,1,2025,DOU,37992,8,0,4,0,0,0,0,0,0,0,0,0,35000,92.12
04/2026,3,SUDESTE,SE,35,SAO PAULO,SÃO PAULO,SP,352580,JULIO MESQUITA,JÚLIO MESQUITA,2,2025,DOU,4302,2,0,0,0,0,0,0,0,0,0,0,0,7000,162.71
04/2026,3,SUDESTE,SE,35,SAO PAULO,SÃO PAULO,SP,352585,JUMIRIM,JUMIRIM,3,2025,DOU,3132,0,1,1,0,0,0,0,0,0,0,0,0,4375,139.68
04/2026,3,SUDESTE,SE,35,SAO PAULO,SÃO PAULO,SP,352590,JUNDIAI,JUNDIAÍ,1,2025,DOU,463039,53,2,78,0,0,1,43,0,0,0,0,43,327293,70.68
04/2026,3,SUDESTE,SE,35,SAO PAULO,SÃO PAULO,SP,352600,JUNQUEIROPOLIS,JUNQUEIRÓPOLIS,1,2025,DOU,20939,8,1,0,0,0,0,0,1,2872,0,0,2872,33497,159.97
04/2026,3,SUDESTE,SE,35,SAO PAULO,SÃO PAULO,SP,352610,JUQUIA,JUQUIÁ,3,2025,DOU,17184,7,0,0,0,0,0,0,0,0,0,0,0,24500,142.57
04/2026,3,SUDESTE,SE,35,SAO PAULO,SÃO PAULO,SP,352620,JUQUITIBA,JUQUITIBA,3,2025,DOU,27969,9,2,1,0,0,0,0,0,0,0,0,0,38500,137.65
04/2026,3,SUDESTE,SE,35,SAO PAULO,SÃO PAULO,SP,352630,LAGOINHA,LAGOINHA,3,2025,DOU,5183,2,0,0,0,0,0,0,0,0,0,0,0,7000,135.05
04/2026,3,SUDESTE,SE,35,SAO PAULO,SÃO PAULO,SP,352640,LARANJAL PAULISTA,LARANJAL PAULISTA,1,2025,DOU,27044,5,5,0,0,0,0,0,0,0,0,0,0,30625,113.24
04/2026,3,SUDESTE,SE,35,SAO PAULO,SÃO PAULO,SP,352650,LAVINIA,LAVÍNIA,2,2025,DOU,9940,3,0,1,0,0,0,0,3,357,0,0,357,12607,126.83
04/2026,3,SUDESTE,SE,35,SAO PAULO,SÃO PAULO,SP,352660,LAVRINHAS,LAVRINHAS,1,2025,DOU,7348,4,0,0,0,0,0,0,0,0,0,0,0,14000,190.52
04/2026,3,SUDESTE,SE,35,SAO PAULO,SÃO PAULO,SP,352670,LEME,LEME,1,2025,DOU,101537,9,4,8,0,0,0,0,0,0,0,0,0,56000,55.15
04/2026,3,SUDESTE,SE,35,SAO PAULO,SÃO PAULO,SP,352680,LENCOIS PAULISTA,LENÇÓIS PAULISTA,1,2025,DOU,68568,21,0,1,0,0,0,0,0,0,0,0,0,75250,109.74
04/2026,3,SUDESTE,SE,35,SAO PAULO,SÃO PAULO,SP,352690,LIMEIRA,LIMEIRA,1,2025,DOU,301292,40,1,1,0,0,0,0,0,0,1,1315,1315,145690,48.35
04/2026,3,SUDESTE,SE,35,SAO PAULO,SÃO PAULO,SP,352700,LINDOIA,LINDÓIA,2,2025,DOU,7158,2,2,0,0,0,0,0,0,0,0,0,0,12250,171.13
04/2026,3,SUDESTE,SE,35,SAO PAULO,SÃO PAULO,SP,352710,LINS,LINS,1,2025,DOU,76844,13,2,4,0,0,0,0,0,0,0,0,0,57750,75.15
04/2026,3,SUDESTE,SE,35,SAO PAULO,SÃO PAULO,SP,352720,LORENA,LORENA,1,2025,DOU,87468,12,3,3,0,0,0,0,0,0,0,0,0,55125,63.02
04/2026,3,SUDESTE,SE,35,SAO PAULO,SÃO PAULO,SP,352725,LOURDES,LOURDES,3,2025,DOU,1962,1,0,0,0,0,0,0,0,0,0,0,0,3500,178.38
04/2026,3,SUDESTE,SE,35,SAO PAULO,SÃO PAULO,SP,352730,LOUVEIRA,LOUVEIRA,1,2025,DOU,54865,0,0,10,0,0,0,0,0,0,0,0,0,17500,31.89
04/2026,3,SUDESTE,SE,35,SAO PAULO,SÃO PAULO,SP,352740,LUCELIA,LUCÉLIA,1,2025,DOU,20378,3,1,0,0,0,0,0,1,16,0,0,16,13141,64.48
04/2026,3,SUDESTE,SE,35,SAO PAULO,SÃO PAULO,SP,352750,LUCIANOPOLIS,LUCIANÓPOLIS,3,2025,DOU,2423,1,0,0,0,0,0,0,0,0,0,0,0,3500,144.44
04/2026,3,SUDESTE,SE,35,SAO PAULO,SÃO PAULO,SP,352760,LUIS ANTONIO,LUÍS ANTÔNIO,1,2025,DOU,12564,0,0,5,0,0,0,0,0,0,0,0,0,8750,69.64
04/2026,3,SUDESTE,SE,35,SAO PAULO,SÃO PAULO,SP,352770,LUIZIANIA,LUIZIÂNIA,2,2025,DOU,4740,2,0,0,0,0,0,0,0,0,0,0,0,7000,147.67
04/2026,3,SUDESTE,SE,35,SAO PAULO,SÃO PAULO,SP,352780,LUPERCIO,LUPÉRCIO,3,2025,DOU,4004,2,0,0,0,0,0,0,0,0,0,0,0,7000,174.82
04/2026,3,SUDESTE,SE,35,SAO PAULO,SÃO PAULO,SP,352790,LUTECIA,LUTÉCIA,3,2025,DOU,2697,1,0,0,0,0,0,0,0,0,0,0,0,3500,129.77
04/2026,3,SUDESTE,SE,35,SAO PAULO,SÃO PAULO,SP,352800,MACATUBA,MACATUBA,1,2025,DOU,17140,4,1,0,0,0,0,0,0,0,0,0,0,16625,96.99
04/2026,3,SUDESTE,SE,35,SAO PAULO,SÃO PAULO,SP,352810,MACAUBAL,MACAUBAL,2,2025,DOU,7581,4,0,0,0,0,0,0,0,0,0,0,0,14000,184.67
04/2026,3,SUDESTE,SE,35,SAO PAULO,SÃO PAULO,SP,352820,MACEDONIA,MACEDÔNIA,3,2025,DOU,4058,2,0,0,0,0,0,0,0,0,0,0,0,7000,172.49
04/2026,3,SUDESTE,SE,35,SAO PAULO,SÃO PAULO,SP,352830,MAGDA,MAGDA,3,2025,DOU,3211,1,1,0,0,0,0,0,0,0,0,0,0,6125,190.75
04/2026,3,SUDESTE,SE,35,SAO PAULO,SÃO PAULO,SP,352840,MAIRINQUE,MAIRINQUE,1,2025,DOU,51888,5,6,1,0,0,0,0,2,628,0,0,628,35628,68.66
04/2026,3,SUDESTE,SE,35,SAO PAULO,SÃO PAULO,SP,352850,MAIRIPORA,MAIRIPORÃ,1,2025,DOU,97835,16,5,1,0,0,0,0,0,0,0,0,0,70875,72.44
04/2026,3,SUDESTE,SE,35,SAO PAULO,SÃO PAULO,SP,352860,MANDURI,MANDURI,2,2025,DOU,10122,2,1,1,0,0,0,0,0,0,0,0,0,11375,112.37
04/2026,3,SUDESTE,SE,35,SAO PAULO,SÃO PAULO,SP,352870,MARABA PAULISTA,MARABÁ PAULISTA,3,2025,DOU,4619,3,0,0,0,0,0,0,1,1861,0,0,1861,12361,267.61
04/2026,3,SUDESTE,SE,35,SAO PAULO,SÃO PAULO,SP,352880,MARACAI,MARACAÍ,2,2025,DOU,12804,4,1,0,0,0,0,0,0,0,0,0,0,16625,129.84
04/2026,3,SUDESTE,SE,35,SAO PAULO,SÃO PAULO,SP,352885,MARAPOAMA,MARAPOAMA,1,2025,DOU,3415,1,0,0,0,0,0,0,0,0,0,0,0,3500,102.48
04/2026,3,SUDESTE,SE,35,SAO PAULO,SÃO PAULO,SP,352890,MARIAPOLIS,MARIÁPOLIS,1,2025,DOU,3526,1,1,0,0,0,0,0,0,0,0,0,0,6125,173.7
04/2026,3,SUDESTE,SE,35,SAO PAULO,SÃO PAULO,SP,352900,MARILIA,MARÍLIA,1,2025,DOU,247348,51,4,0,0,0,1,178,1,1088,0,0,1266,190266,76.92
04/2026,3,SUDESTE,SE,35,SAO PAULO,SÃO PAULO,SP,352910,MARINOPOLIS,MARINÓPOLIS,3,2025,DOU,1862,1,0,0,0,0,0,0,0,0,0,0,0,3500,187.96
04/2026,3,SUDESTE,SE,35,SAO PAULO,SÃO PAULO,SP,352920,MARTINOPOLIS,MARTINÓPOLIS,1,2025,DOU,25240,9,0,1,0,0,0,0,1,41,0,0,41,33291,131.89
04/2026,3,SUDESTE,SE,35,SAO PAULO,SÃO PAULO,SP,352930,MATAO,MATÃO,1,2025,DOU,81075,20,3,5,0,0,0,0,0,0,0,0,0,86625,106.84
04/2026,3,SUDESTE,SE,35,SAO PAULO,SÃO PAULO,SP,352940,MAUA,MAUÁ,1,2025,DOU,429014,73,4,19,0,0,1,459,0,0,0,0,459,299709,69.85
04/2026,3,SUDESTE,SE,35,SAO PAULO,SÃO PAULO,SP,352950,MENDONCA,MENDONÇA,2,2025,DOU,6420,2,0,0,0,0,0,0,0,0,0,0,0,7000,109.03
04/2026,3,SUDESTE,SE,35,SAO PAULO,SÃO PAULO,SP,352960,MERIDIANO,MERIDIANO,3,2025,DOU,4721,2,0,0,0,0,0,0,0,0,0,0,0,7000,148.27
04/2026,3,SUDESTE,SE,35,SAO PAULO,SÃO PAULO,SP,352965,MESOPOLIS,MESÓPOLIS,3,2025,DOU,1990,1,0,0,0,0,0,0,0,0,0,0,0,3500,175.87
04/2026,3,SUDESTE,SE,35,SAO PAULO,SÃO PAULO,SP,352970,MIGUELOPOLIS,MIGUELÓPOLIS,1,2025,DOU,19621,6,2,0,0,0,0,0,0,0,0,0,0,26250,133.78
04/2026,3,SUDESTE,SE,35,SAO PAULO,SÃO PAULO,SP,352980,MINEIROS DO TIETE,MINEIROS DO TIETÊ,1,2025,DOU,11322,3,0,0,0,0,0,0,0,0,0,0,0,10500,92.73
04/2026,3,SUDESTE,SE,35,SAO PAULO,SÃO PAULO,SP,353000,MIRA ESTRELA,MIRA ESTRELA,3,2025,DOU,3209,1,2,0,0,0,0,0,0,0,0,0,0,8750,272.67
04/2026,3,SUDESTE,SE,35,SAO PAULO,SÃO PAULO,SP,352990,MIRACATU,MIRACATU,3,2025,DOU,18610,7,0,1,0,0,0,0,0,0,0,0,0,26250,141.05
04/2026,3,SUDESTE,SE,35,SAO PAULO,SÃO PAULO,SP,353010,MIRANDOPOLIS,MIRANDÓPOLIS,1,2025,DOU,28754,8,0,0,0,0,0,0,2,1128,0,0,1128,29128,101.3
04/2026,3,SUDESTE,SE,35,SAO PAULO,SÃO PAULO,SP,353020,MIRANTE DO PARANAPANEMA,MIRANTE DO PARANAPANEMA,3,2025,DOU,16031,9,0,0,0,0,0,0,0,0,0,0,0,31500,196.49
04/2026,3,SUDESTE,SE,35,SAO PAULO,SÃO PAULO,SP,353030,MIRASSOL,MIRASSOL,1,2025,DOU,65811,0,4,3,0,0,0,0,0,0,0,0,0,15750,23.93
04/2026,3,SUDESTE,SE,35,SAO PAULO,SÃO PAULO,SP,353040,MIRASSOLANDIA,MIRASSOLÂNDIA,1,2025,DOU,4783,1,0,0,0,0,0,0,0,0,0,0,0,3500,73.17
04/2026,3,SUDESTE,SE,35,SAO PAULO,SÃO PAULO,SP,353050,MOCOCA,MOCOCA,1,2025,DOU,69372,8,5,2,0,0,0,0,0,0,0,0,0,44625,64.32
04/2026,3,SUDESTE,SE,35,SAO PAULO,SÃO PAULO,SP,353060,MOGI DAS CRUZES,MOGI DAS CRUZES,1,2025,DOU,470302,26,26,17,0,0,1,733,0,0,0,0,733,189733,40.34
04/2026,3,SUDESTE,SE,35,SAO PAULO,SÃO PAULO,SP,353070,MOGI GUACU,MOGI GUAÇU,1,2025,DOU,160318,21,4,3,0,0,0,0,0,0,0,0,0,89250,55.67
04/2026,3,SUDESTE,SE,35,SAO PAULO,SÃO PAULO,SP,353080,MOGI MIRIM,MOGI MIRIM,1,2025,DOU,95742,16,0,7,0,0,0,0,0,0,0,0,0,68250,71.28
04/2026,3,SUDESTE,SE,35,SAO PAULO,SÃO PAULO,SP,353090,MOMBUCA,MOMBUCA,3,2025,DOU,3830,1,1,0,0,0,0,0,0,0,0,0,0,6125,159.92
04/2026,3,SUDESTE,SE,35,SAO PAULO,SÃO PAULO,SP,353100,MONCOES,MONÇÕES,3,2025,DOU,1947,1,0,0,0,0,0,0,0,0,0,0,0,3500,179.76
04/2026,3,SUDESTE,SE,35,SAO PAULO,SÃO PAULO,SP,353110,MONGAGUA,MONGAGUÁ,1,2025,DOU,64845,13,0,0,0,0,0,0,0,0,0,0,0,45500,70.16
04/2026,3,SUDESTE,SE,35,SAO PAULO,SÃO PAULO,SP,353120,MONTE ALEGRE DO SUL,MONTE ALEGRE DO SUL,1,2025,DOU,8923,3,2,0,0,0,0,0,0,0,0,0,0,15750,176.51
04/2026,3,SUDESTE,SE,35,SAO PAULO,SÃO PAULO,SP,353130,MONTE ALTO,MONTE ALTO,1,2025,DOU,48758,4,2,1,0,0,0,0,0,0,0,0,0,21000,43.06
04/2026,3,SUDESTE,SE,35,SAO PAULO,SÃO PAULO,SP,353140,MONTE APRAZIVEL,MONTE APRAZÍVEL,1,2025,DOU,22668,5,3,2,0,0,0,0,0,0,0,0,0,28875,127.38
04/2026,3,SUDESTE,SE,35,SAO PAULO,SÃO PAULO,SP,353150,MONTE AZUL PAULISTA,MONTE AZUL PAULISTA,1,2025,DOU,18337,7,0,1,0,0,0,0,0,0,0,0,0,26250,143.15
04/2026,3,SUDESTE,SE,35,SAO PAULO,SÃO PAULO,SP,353160,MONTE CASTELO,MONTE CASTELO,2,2025,DOU,4306,2,0,0,0,0,0,0,0,0,0,0,0,7000,162.56
04/2026,3,SUDESTE,SE,35,SAO PAULO,SÃO PAULO,SP,353180,MONTE MOR,MONTE MOR,1,2025,DOU,67832,15,0,0,0,0,0,0,0,0,0,0,0,52500,77.39
04/2026,3,SUDESTE,SE,35,SAO PAULO,SÃO PAULO,SP,353170,MONTEIRO LOBATO,MONTEIRO LOBATO,1,2025,DOU,4205,2,0,0,0,0,0,0,0,0,0,0,0,7000,166.46
04/2026,3,SUDESTE,SE,35,SAO PAULO,SÃO PAULO,SP,353190,MORRO AGUDO,MORRO AGUDO,1,2025,DOU,28521,9,0,0,0,0,0,0,0,0,0,0,0,31500,110.44
04/2026,3,SUDESTE,SE,35,SAO PAULO,SÃO PAULO,SP,353200,MORUNGABA,MORUNGABA,3,2025,DOU,14147,2,1,0,0,0,0,0,0,0,0,0,0,9625,68.03
04/2026,3,SUDESTE,SE,35,SAO PAULO,SÃO PAULO,SP,353205,MOTUCA,MOTUCA,2,2025,DOU,4071,2,0,0,0,0,0,0,0,0,0,0,0,7000,171.94
04/2026,3,SUDESTE,SE,35,SAO PAULO,SÃO PAULO,SP,353210,MURUTINGA DO SUL,MURUTINGA DO SUL,3,2025,DOU,3748,2,0,0,0,0,0,0,0,0,0,0,0,7000,186.76
04/2026,3,SUDESTE,SE,35,SAO PAULO,SÃO PAULO,SP,353215,NANTES,NANTES,3,2025,DOU,2697,1,0,0,0,0,0,0,0,0,0,0,0,3500,129.77
04/2026,3,SUDESTE,SE,35,SAO PAULO,SÃO PAULO,SP,353220,NARANDIBA,NARANDIBA,1,2025,DOU,5956,2,0,0,0,0,0,0,0,0,0,0,0,7000,117.52
04/2026,3,SUDESTE,SE,35,SAO PAULO,SÃO PAULO,SP,353230,NATIVIDADE DA SERRA,NATIVIDADE DA SERRA,3,2025,DOU,7155,2,0,0,0,0,0,0,0,0,0,0,0,7000,97.83
04/2026,3,SUDESTE,SE,35,SAO PAULO,SÃO PAULO,SP,353240,NAZARE PAULISTA,NAZARÉ PAULISTA,3,2025,DOU,18675,3,3,0,0,0,0,0,0,0,0,0,0,18375,98.39
04/2026,3,SUDESTE,SE,35,SAO PAULO,SÃO PAULO,SP,353250,NEVES PAULISTA,NEVES PAULISTA,1,2025,DOU,9953,2,1,0,0,0,0,0,0,0,0,0,0,9625,96.7
04/2026,3,SUDESTE,SE,35,SAO PAULO,SÃO PAULO,SP,353260,NHANDEARA,NHANDEARA,3,2025,DOU,9915,4,0,2,0,0,0,0,0,0,0,0,0,17500,176.5
04/2026,3,SUDESTE,SE,35,SAO PAULO,SÃO PAULO,SP,353270,NIPOA,NIPOÃ,2,2025,DOU,4876,2,0,0,0,0,0,0,0,0,0,0,0,7000,143.56
04/2026,3,SUDESTE,SE,35,SAO PAULO,SÃO PAULO,SP,353280,NOVA ALIANCA,NOVA ALIANÇA,1,2025,DOU,6885,3,0,0,0,0,0,0,0,0,0,0,0,10500,152.5
04/2026,3,SUDESTE,SE,35,SAO PAULO,SÃO PAULO,SP,353282,NOVA CAMPINA,NOVA CAMPINA,3,2025,DOU,8630,5,1,0,0,0,0,0,0,0,0,0,0,20125,233.19
04/2026,3,SUDESTE,SE,35,SAO PAULO,SÃO PAULO,SP,353284,NOVA CANAA PAULISTA,NOVA CANAÃ PAULISTA,3,2025,DOU,2055,1,0,0,0,0,0,0,0,0,0,0,0,3500,170.31
04/2026,3,SUDESTE,SE,35,SAO PAULO,SÃO PAULO,SP,353286,NOVA CASTILHO,NOVA CASTILHO,3,2025,DOU,1072,1,0,0,0,0,0,0,0,0,0,0,0,3500,326.49
04/2026,3,SUDESTE,SE,35,SAO PAULO,SÃO PAULO,SP,353290,NOVA EUROPA,NOVA EUROPA,2,2025,DOU,9459,4,0,0,0,0,0,0,0,0,0,0,0,14000,148.0
04/2026,3,SUDESTE,SE,35,SAO PAULO,SÃO PAULO,SP,353300,NOVA GRANADA,NOVA GRANADA,1,2025,DOU,19733,3,1,1,0,0,0,0,0,0,0,0,0,14875,75.38
04/2026,3,SUDESTE,SE,35,SAO PAULO,SÃO PAULO,SP,353310,NOVA GUATAPORANGA,NOVA GUATAPORANGA,3,2025,DOU,2188,1,0,0,0,0,0,0,0,0,0,0,0,3500,159.96
04/2026,3,SUDESTE,SE,35,SAO PAULO,SÃO PAULO,SP,353320,NOVA INDEPENDENCIA,NOVA INDEPENDÊNCIA,3,2025,DOU,4847,2,0,0,0,0,0,0,0,0,0,0,0,7000,144.41
04/2026,3,SUDESTE,SE,35,SAO PAULO,SÃO PAULO,SP,353330,NOVA LUZITANIA,NOVA LUZITÂNIA,2,2025,DOU,2817,1,1,0,0,0,0,0,0,0,0,0,0,6125,217.42
04/2026,3,SUDESTE,SE,35,SAO PAULO,SÃO PAULO,SP,353340,NOVA ODESSA,NOVA ODESSA,1,2025,DOU,64596,8,4,1,0,0,0,0,0,0,0,0,0,40250,62.31
04/2026,3,SUDESTE,SE,35,SAO PAULO,SÃO PAULO,SP,353325,NOVAIS,NOVAIS,1,2025,DOU,4463,2,1,1,0,0,0,0,0,0,0,0,0,11375,254.87
04/2026,3,SUDESTE,SE,35,SAO PAULO,SÃO PAULO,SP,353350,NOVO HORIZONTE,NOVO HORIZONTE,1,2025,DOU,39494,11,1,0,0,0,0,0,0,0,0,0,0,41125,104.12
04/2026,3,SUDESTE,SE,35,SAO PAULO,SÃO PAULO,SP,353360,NUPORANGA,NUPORANGA,2,2025,DOU,7570,4,0,0,0,0,0,0,0,0,0,0,0,14000,184.94
04/2026,3,SUDESTE,SE,35,SAO PAULO,SÃO PAULO,SP,353370,OCAUCU,OCAUÇU,3,2025,DOU,4418,1,0,0,0,0,0,0,0,0,0,0,0,3500,79.22
04/2026,3,SUDESTE,SE,35,SAO PAULO,SÃO PAULO,SP,353380,OLEO,ÓLEO,3,2025,DOU,2535,1,0,0,0,0,0,0,0,0,0,0,0,3500,138.06
04/2026,3,SUDESTE,SE,35,SAO PAULO,SÃO PAULO,SP,353390,OLIMPIA,OLÍMPIA,1,2025,DOU,56874,7,2,6,0,0,0,0,0,0,0,0,0,40250,70.77
04/2026,3,SUDESTE,SE,35,SAO PAULO,SÃO PAULO,SP,353400,ONDA VERDE,ONDA VERDE,3,2025,DOU,4942,2,0,0,0,0,0,0,0,0,0,0,0,7000,141.64
04/2026,3,SUDESTE,SE,35,SAO PAULO,SÃO PAULO,SP,353410,ORIENTE,ORIENTE,1,2025,DOU,6180,3,0,0,0,0,0,0,0,0,0,0,0,10500,169.9
04/2026,3,SUDESTE,SE,35,SAO PAULO,SÃO PAULO,SP,353420,ORINDIUVA,ORINDIÚVA,2,2025,DOU,6157,3,0,0,0,0,0,0,0,0,0,0,0,10500,170.53
04/2026,3,SUDESTE,SE,35,SAO PAULO,SÃO PAULO,SP,353430,ORLANDIA,ORLÂNDIA,1,2025,DOU,39144,5,0,0,0,0,0,0,0,0,0,0,0,17500,44.7
04/2026,3,SUDESTE,SE,35,SAO PAULO,SÃO PAULO,SP,353440,OSASCO,OSASCO,1,2025,DOU,759524,73,87,12,0,0,0,0,0,0,0,0,0,504875,66.47
04/2026,3,SUDESTE,SE,35,SAO PAULO,SÃO PAULO,SP,353450,OSCAR BRESSANE,OSCAR BRESSANE,3,2025,DOU,2502,1,0,0,0,0,0,0,0,0,0,0,0,3500,139.88
04/2026,3,SUDESTE,SE,35,SAO PAULO,SÃO PAULO,SP,353460,OSVALDO CRUZ,OSVALDO CRUZ,1,2025,DOU,32112,9,1,0,0,0,0,0,1,1141,0,0,1141,35266,109.82
04/2026,3,SUDESTE,SE,35,SAO PAULO,SÃO PAULO,SP,353470,OURINHOS,OURINHOS,1,2025,DOU,106911,12,15,0,0,0,0,0,0,0,0,0,0,81375,76.11
04/2026,3,SUDESTE,SE,35,SAO PAULO,SÃO PAULO,SP,353480,OURO VERDE,OURO VERDE,2,2025,DOU,7900,3,1,0,0,0,0,0,0,0,0,0,0,13125,166.13
04/2026,3,SUDESTE,SE,35,SAO PAULO,SÃO PAULO,SP,353475,OUROESTE,OUROESTE,2,2025,DOU,10660,4,0,0,0,0,0,0,0,0,0,0,0,14000,131.33
04/2026,3,SUDESTE,SE,35,SAO PAULO,SÃO PAULO,SP,353490,PACAEMBU,PACAEMBU,1,2025,DOU,15273,3,0,0,0,0,0,0,3,4944,1,1622,6566,17066,111.73
04/2026,3,SUDESTE,SE,35,SAO PAULO,SÃO PAULO,SP,353500,PALESTINA,PALESTINA,3,2025,DOU,11704,4,1,1,0,0,0,0,0,0,0,0,0,18375,156.99
04/2026,3,SUDESTE,SE,35,SAO PAULO,SÃO PAULO,SP,353510,PALMARES PAULISTA,PALMARES PAULISTA,1,2025,DOU,9666,3,0,0,0,0,0,0,0,0,0,0,0,10500,108.62
04/2026,3,SUDESTE,SE,35,SAO PAULO,SÃO PAULO,SP,353520,PALMEIRA D'OESTE,PALMEIRA D'OESTE,3,2025,DOU,8971,3,0,0,0,0,0,0,0,0,0,0,0,10500,117.04
04/2026,3,SUDESTE,SE,35,SAO PAULO,SÃO PAULO,SP,353530,PALMITAL,PALMITAL,1,2025,DOU,19714,5,1,0,0,0,0,0,0,0,0,0,0,20125,102.08
04/2026,3,SUDESTE,SE,35,SAO PAULO,SÃO PAULO,SP,353540,PANORAMA,PANORAMA,1,2025,DOU,15227,5,0,0,0,0,0,0,0,0,0,0,0,17500,114.92
04/2026,3,SUDESTE,SE,35,SAO PAULO,SÃO PAULO,SP,353550,PARAGUACU PAULISTA,PARAGUAÇU PAULISTA,1,2025,DOU,42049,9,1,2,0,0,0,0,1,1639,0,0,1639,39264,93.37
04/2026,3,SUDESTE,SE,35,SAO PAULO,SÃO PAULO,SP,353560,PARAIBUNA,PARAIBUNA,3,2025,DOU,17959,6,0,0,0,0,0,0,0,0,0,0,0,21000,116.93
04/2026,3,SUDESTE,SE,35,SAO PAULO,SÃO PAULO,SP,353570,PARAISO,PARAÍSO,2,2025,DOU,6218,2,0,0,0,0,0,0,0,0,0,0,0,7000,112.57
04/2026,3,SUDESTE,SE,35,SAO PAULO,SÃO PAULO,SP,353580,PARANAPANEMA,PARANAPANEMA,2,2025,DOU,19853,7,0,0,0,0,0,0,0,0,0,0,0,24500,123.4
04/2026,3,SUDESTE,SE,35,SAO PAULO,SÃO PAULO,SP,353590,PARANAPUA,PARANAPUÃ,2,2025,DOU,4118,1,1,0,0,0,0,0,0,0,0,0,0,6125,148.73
04/2026,3,SUDESTE,SE,35,SAO PAULO,SÃO PAULO,SP,353600,PARAPUA,PARAPUÃ,2,2025,DOU,10720,3,1,0,0,0,0,0,0,0,0,0,0,13125,122.43
04/2026,3,SUDESTE,SE,35,SAO PAULO,SÃO PAULO,SP,353610,PARDINHO,PARDINHO,3,2025,DOU,7435,0,2,1,0,0,0,0,0,0,0,0,0,7000,94.14
04/2026,3,SUDESTE,SE,35,SAO PAULO,SÃO PAULO,SP,353620,PARIQUERA-ACU,PARIQUERA-AÇU,2,2025,DOU,19603,7,0,1,0,0,0,0,0,0,0,0,0,26250,133.9
04/2026,3,SUDESTE,SE,35,SAO PAULO,SÃO PAULO,SP,353625,PARISI,PARISI,3,2025,DOU,3030,1,0,0,0,0,0,0,0,0,0,0,0,3500,115.51
04/2026,3,SUDESTE,SE,35,SAO PAULO,SÃO PAULO,SP,353630,PATROCINIO PAULISTA,PATROCÍNIO PAULISTA,1,2025,DOU,14888,6,0,0,0,0,0,0,0,0,0,0,0,21000,141.05
04/2026,3,SUDESTE,SE,35,SAO PAULO,SÃO PAULO,SP,353640,PAULICEIA,PAULICÉIA,3,2025,DOU,8255,3,0,0,0,0,0,0,0,0,0,0,0,10500,127.19
04/2026,3,SUDESTE,SE,35,SAO PAULO,SÃO PAULO,SP,353650,PAULINIA,PAULÍNIA,1,2025,DOU,116674,0,38,2,0,0,0,0,0,0,0,0,0,103250,88.49
04/2026,3,SUDESTE,SE,35,SAO PAULO,SÃO PAULO,SP,353657,PAULISTANIA,PAULISTÂNIA,3,2025,DOU,2156,1,0,0,0,0,0,0,0,0,0,0,0,3500,162.33
04/2026,3,SUDESTE,SE,35,SAO PAULO,SÃO PAULO,SP,353660,PAULO DE FARIA,PAULO DE FARIA,2,2025,DOU,7390,3,0,1,0,0,0,0,1,1075,0,0,1075,13325,180.31
04/2026,3,SUDESTE,SE,35,SAO PAULO,SÃO PAULO,SP,353670,PEDERNEIRAS,PEDERNEIRAS,1,2025,DOU,46337,11,2,3,0,0,0,0,0,0,0,0,0,49000,105.74
04/2026,3,SUDESTE,SE,35,SAO PAULO,SÃO PAULO,SP,353680,PEDRA BELA,PEDRA BELA,3,2025,DOU,6745,2,0,0,0,0,0,0,0,0,0,0,0,7000,103.78
04/2026,3,SUDESTE,SE,35,SAO PAULO,SÃO PAULO,SP,353690,PEDRANOPOLIS,PEDRANÓPOLIS,3,2025,DOU,2856,1,0,2,0,0,0,0,0,0,0,0,0,7000,245.09
04/2026,3,SUDESTE,SE,35,SAO PAULO,SÃO PAULO,SP,353700,PEDREGULHO,PEDREGULHO,2,2025,DOU,15737,7,0,0,0,0,0,0,0,0,0,0,0,24500,155.68
04/2026,3,SUDESTE,SE,35,SAO PAULO,SÃO PAULO,SP,353710,PEDREIRA,PEDREIRA,1,2025,DOU,44385,12,0,0,0,0,0,0,0,0,0,0,0,42000,94.62
04/2026,3,SUDESTE,SE,35,SAO PAULO,SÃO PAULO,SP,353715,PEDRINHAS PAULISTA,PEDRINHAS PAULISTA,3,2025,DOU,2833,1,0,0,0,0,0,0,0,0,0,0,0,3500,123.54
04/2026,3,SUDESTE,SE,35,SAO PAULO,SÃO PAULO,SP,353720,PEDRO DE TOLEDO,PEDRO DE TOLEDO,3,2025,DOU,11617,4,2,0,0,0,0,0,0,0,0,0,0,19250,165.7
04/2026,3,SUDESTE,SE,35,SAO PAULO,SÃO PAULO,SP,353730,PENAPOLIS,PENÁPOLIS,1,2025,DOU,63426,15,0,4,0,0,0,0,0,0,0,0,0,59500,93.81
04/2026,3,SUDESTE,SE,35,SAO PAULO,SÃO PAULO,SP,353740,PEREIRA BARRETO,PEREIRA BARRETO,1,2025,DOU,24360,8,0,0,0,0,0,0,0,0,0,0,0,28000,114.94
04/2026,3,SUDESTE,SE,35,SAO PAULO,SÃO PAULO,SP,353750,PEREIRAS,PEREIRAS,3,2025,DOU,9013,4,0,0,0,0,0,0,0,0,0,0,0,14000,155.33
04/2026,3,SUDESTE,SE,35,SAO PAULO,SÃO PAULO,SP,353760,PERUIBE,PERUÍBE,1,2025,DOU,70629,20,0,0,0,0,0,0,0,0,0,0,0,70000,99.1
04/2026,3,SUDESTE,SE,35,SAO PAULO,SÃO PAULO,SP,353770,PIACATU,PIACATU,2,2025,DOU,5631,2,1,0,0,0,0,0,0,0,0,0,0,9625,170.92
04/2026,3,SUDESTE,SE,35,SAO PAULO,SÃO PAULO,SP,353780,PIEDADE,PIEDADE,3,2025,DOU,54266,6,1,1,0,0,0,0,0,0,0,0,0,25375,46.76
04/2026,3,SUDESTE,SE,35,SAO PAULO,SÃO PAULO,SP,353790,PILAR DO SUL,PILAR DO SUL,2,2025,DOU,28459,8,0,0,0,0,0,0,0,0,0,0,0,28000,98.38
04/2026,3,SUDESTE,SE,35,SAO PAULO,SÃO PAULO,SP,353800,PINDAMONHANGABA,PINDAMONHANGABA,1,2025,DOU,172681,22,5,5,0,0,0,0,0,0,0,0,0,98875,57.25
04/2026,3,SUDESTE,SE,35,SAO PAULO,SÃO PAULO,SP,353810,PINDORAMA,PINDORAMA,1,2025,DOU,14704,3,3,2,0,0,0,0,0,0,0,0,0,21875,148.76
04/2026,3,SUDESTE,SE,35,SAO PAULO,SÃO PAULO,SP,353820,PINHALZINHO,PINHALZINHO,3,2025,DOU,15676,0,4,0,0,0,0,0,0,0,0,0,0,10500,66.98
04/2026,3,SUDESTE,SE,35,SAO PAULO,SÃO PAULO,SP,353830,PIQUEROBI,PIQUEROBI,3,2025,DOU,3287,2,1,0,0,0,0,0,0,0,0,0,0,9625,292.82
04/2026,3,SUDESTE,SE,35,SAO PAULO,SÃO PAULO,SP,353850,PIQUETE,PIQUETE,1,2025,DOU,12516,4,0,0,0,0,0,0,0,0,0,0,0,14000,111.85
04/2026,3,SUDESTE,SE,35,SAO PAULO,SÃO PAULO,SP,353860,PIRACAIA,PIRACAIA,2,2025,DOU,26795,4,3,2,0,0,0,0,0,0,0,0,0,25375,94.7
04/2026,3,SUDESTE,SE,35,SAO PAULO,SÃO PAULO,SP,353870,PIRACICABA,PIRACICABA,1,2025,DOU,440835,60,11,33,0,0,1,192,3,3461,0,0,3653,300278,68.11
04/2026,3,SUDESTE,SE,35,SAO PAULO,SÃO PAULO,SP,353880,PIRAJU,PIRAJU,1,2025,DOU,30294,10,0,0,0,0,0,0,0,0,0,0,0,35000,115.53
04/2026,3,SUDESTE,SE,35,SAO PAULO,SÃO PAULO,SP,353890,PIRAJUI,PIRAJUÍ,1,2025,DOU,22734,6,1,1,0,0,0,0,3,4354,0,0,4354,29729,130.76
04/2026,3,SUDESTE,SE,35,SAO PAULO,SÃO PAULO,SP,353900,PIRANGI,PIRANGI,2,2025,DOU,11085,3,0,3,0,0,0,0,0,0,0,0,0,15750,142.08
04/2026,3,SUDESTE,SE,35,SAO PAULO,SÃO PAULO,SP,353910,PIRAPORA DO BOM JESUS,PIRAPORA DO BOM JESUS,1,2025,DOU,18925,5,0,0,0,0,0,0,0,0,0,0,0,17500,92.47
04/2026,3,SUDESTE,SE,35,SAO PAULO,SÃO PAULO,SP,353920,PIRAPOZINHO,PIRAPOZINHO,1,2025,DOU,26097,9,2,0,0,0,0,0,0,0,0,0,0,36750,140.82
04/2026,3,SUDESTE,SE,35,SAO PAULO,SÃO PAULO,SP,353930,PIRASSUNUNGA,PIRASSUNUNGA,1,2025,DOU,75594,15,0,1,0,0,0,0,0,0,0,0,0,54250,71.76
04/2026,3,SUDESTE,SE,35,SAO PAULO,SÃO PAULO,SP,353940,PIRATININGA,PIRATININGA,1,2025,DOU,15657,3,0,1,0,0,0,0,0,0,0,0,0,12250,78.23
04/2026,3,SUDESTE,SE,35,SAO PAULO,SÃO PAULO,SP,353950,PITANGUEIRAS,PITANGUEIRAS,1,2025,DOU,34361,7,1,2,0,0,0,0,0,0,0,0,0,30625,89.12
04/2026,3,SUDESTE,SE,35,SAO PAULO,SÃO PAULO,SP,353960,PLANALTO,PLANALTO,2,2025,DOU,4451,2,0,0,0,0,0,0,0,0,0,0,0,7000,157.26
04/2026,3,SUDESTE,SE,35,SAO PAULO,SÃO PAULO,SP,353970,PLATINA,PLATINA,3,2025,DOU,3055,1,2,0,0,0,0,0,0,0,0,0,0,8750,286.41
04/2026,3,SUDESTE,SE,35,SAO PAULO,SÃO PAULO,SP,353980,POA,POÁ,1,2025,DOU,106355,0,14,1,0,0,0,0,0,0,0,0,0,38500,36.19
04/2026,3,SUDESTE,SE,35,SAO PAULO,SÃO PAULO,SP,353990,POLONI,POLONI,2,2025,DOU,5702,2,0,0,0,0,0,0,0,0,0,0,0,7000,122.76
04/2026,3,SUDESTE,SE,35,SAO PAULO,SÃO PAULO,SP,354000,POMPEIA,POMPÉIA,1,2025,DOU,20520,8,2,0,0,0,0,0,0,0,0,0,0,33250,162.03
04/2026,3,SUDESTE,SE,35,SAO PAULO,SÃO PAULO,SP,354010,PONGAI,PONGAÍ,3,2025,DOU,3440,1,1,0,0,0,0,0,0,0,0,0,0,6125,178.05
04/2026,3,SUDESTE,SE,35,SAO PAULO,SÃO PAULO,SP,354020,PONTAL,PONTAL,1,2025,DOU,38286,10,1,0,0,0,0,0,1,1458,0,0,1458,39083,102.08
04/2026,3,SUDESTE,SE,35,SAO PAULO,SÃO PAULO,SP,354025,PONTALINDA,PONTALINDA,3,2025,DOU,4198,1,0,0,0,0,0,0,0,0,0,0,0,3500,83.37
04/2026,3,SUDESTE,SE,35,SAO PAULO,SÃO PAULO,SP,354030,PONTES GESTAL,PONTES GESTAL,3,2025,DOU,2411,1,0,0,0,0,0,0,0,0,0,0,0,3500,145.16
04/2026,3,SUDESTE,SE,35,SAO PAULO,SÃO PAULO,SP,354040,POPULINA,POPULINA,2,2025,DOU,4182,2,0,0,0,0,0,0,0,0,0,0,0,7000,167.38
04/2026,3,SUDESTE,SE,35,SAO PAULO,SÃO PAULO,SP,354050,PORANGABA,PORANGABA,3,2025,DOU,10850,3,0,0,0,0,0,0,0,0,0,0,0,10500,96.77
04/2026,3,SUDESTE,SE,35,SAO PAULO,SÃO PAULO,SP,354060,PORTO FELIZ,PORTO FELIZ,1,2025,DOU,58605,12,1,0,0,0,0,0,1,376,0,0,376,45001,76.78
04/2026,3,SUDESTE,SE,35,SAO PAULO,SÃO PAULO,SP,354070,PORTO FERREIRA,PORTO FERREIRA,1,2025,DOU,53966,11,0,0,0,0,0,0,0,0,0,0,0,38500,71.34
04/2026,3,SUDESTE,SE,35,SAO PAULO,SÃO PAULO,SP,354075,POTIM,POTIM,1,2025,DOU,20801,6,0,0,0,0,0,0,0,0,0,0,0,21000,100.95
04/2026,3,SUDESTE,SE,35,SAO PAULO,SÃO PAULO,SP,354080,POTIRENDABA,POTIRENDABA,1,2025,DOU,19097,6,0,0,0,0,0,0,0,0,0,0,0,21000,109.96
04/2026,3,SUDESTE,SE,35,SAO PAULO,SÃO PAULO,SP,354085,PRACINHA,PRACINHA,1,2025,DOU,2589,1,0,0,0,0,0,0,1,974,0,0,974,4474,172.8
04/2026,3,SUDESTE,SE,35,SAO PAULO,SÃO PAULO,SP,354090,PRADOPOLIS,PRADÓPOLIS,1,2025,DOU,17299,2,2,0,0,0,0,0,0,0,0,0,0,12250,70.81
04/2026,3,SUDESTE,SE,35,SAO PAULO,SÃO PAULO,SP,354100,PRAIA GRANDE,PRAIA GRANDE,1,2025,DOU,368539,110,0,0,0,0,1,43,0,0,0,0,43,385043,104.47
04/2026,3,SUDESTE,SE,35,SAO PAULO,SÃO PAULO,SP,354105,PRATANIA,PRATÂNIA,3,2025,DOU,5264,1,1,0,0,0,0,0,0,0,0,0,0,6125,116.35
04/2026,3,SUDESTE,SE,35,SAO PAULO,SÃO PAULO,SP,354110,PRESIDENTE ALVES,PRESIDENTE ALVES,3,2025,DOU,3830,2,0,0,0,0,0,0,0,0,0,0,0,7000,182.76
04/2026,3,SUDESTE,SE,35,SAO PAULO,SÃO PAULO,SP,354120,PRESIDENTE BERNARDES,PRESIDENTE BERNARDES,1,2025,DOU,14803,6,0,0,0,0,0,0,2,0,0,0,0,21000,141.86
04/2026,3,SUDESTE,SE,35,SAO PAULO,SÃO PAULO,SP,354130,PRESIDENTE EPITACIO,PRESIDENTE EPITÁCIO,1,2025,DOU,40322,12,2,0,0,0,0,0,0,0,0,0,0,47250,117.18
04/2026,3,SUDESTE,SE,35,SAO PAULO,SÃO PAULO,SP,354140,PRESIDENTE PRUDENTE,PRESIDENTE PRUDENTE,1,2025,DOU,234706,26,0,31,0,0,0,0,1,706,0,0,706,145956,62.18
04/2026,3,SUDESTE,SE,35,SAO PAULO,SÃO PAULO,SP,354150,PRESIDENTE VENCESLAU,PRESIDENTE VENCESLAU,1,2025,DOU,35810,9,2,0,0,0,0,0,2,571,0,0,571,37321,104.21
04/2026,3,SUDESTE,SE,35,SAO PAULO,SÃO PAULO,SP,354160,PROMISSAO,PROMISSÃO,1,2025,DOU,35973,11,2,0,0,0,0,0,0,0,0,0,0,43750,121.61
04/2026,3,SUDESTE,SE,35,SAO PAULO,SÃO PAULO,SP,354165,QUADRA,QUADRA,3,2025,DOU,3477,1,0,0,0,0,0,0,0,0,0,0,0,3500,100.66
04/2026,3,SUDESTE,SE,35,SAO PAULO,SÃO PAULO,SP,354170,QUATA,QUATÁ,1,2025,DOU,13412,4,0,0,0,0,0,0,0,0,0,0,0,14000,104.38
04/2026,3,SUDESTE,SE,35,SAO PAULO,SÃO PAULO,SP,354180,QUEIROZ,QUEIROZ,3,2025,DOU,3366,1,0,1,0,0,0,0,0,0,0,0,0,5250,155.97
04/2026,3,SUDESTE,SE,35,SAO PAULO,SÃO PAULO,SP,354190,QUELUZ,QUELUZ,3,2025,DOU,9074,3,0,0,0,0,0,0,0,0,0,0,0,10500,115.71
04/2026,3,SUDESTE,SE,35,SAO PAULO,SÃO PAULO,SP,354200,QUINTANA,QUINTANA,2,2025,DOU,7260,3,0,0,0,0,0,0,0,0,0,0,0,10500,144.62
04/2026,3,SUDESTE,SE,35,SAO PAULO,SÃO PAULO,SP,354210,RAFARD,RAFARD,1,2025,DOU,9145,1,4,0,0,0,0,0,0,0,0,0,0,14000,153.08
04/2026,3,SUDESTE,SE,35,SAO PAULO,SÃO PAULO,SP,354220,RANCHARIA,RANCHARIA,1,2025,DOU,29387,11,1,0,0,0,0,0,0,0,0,0,0,41125,139.94
04/2026,3,SUDESTE,SE,35,SAO PAULO,SÃO PAULO,SP,354230,REDENCAO DA SERRA,REDENÇÃO DA SERRA,1,2025,DOU,4637,1,1,0,0,0,0,0,0,0,0,0,0,6125,132.08
04/2026,3,SUDESTE,SE,35,SAO PAULO,SÃO PAULO,SP,354240,REGENTE FEIJO,REGENTE FEIJÓ,1,2025,DOU,20620,7,1,2,0,0,0,0,0,0,0,0,0,30625,148.52
04/2026,3,SUDESTE,SE,35,SAO PAULO,SÃO PAULO,SP,354250,REGINOPOLIS,REGINÓPOLIS,3,2025,DOU,7820,2,1,0,0,0,0,0,2,5133,0,0,5133,14758,188.72
04/2026,3,SUDESTE,SE,35,SAO PAULO,SÃO PAULO,SP,354260,REGISTRO,REGISTRO,1,2025,DOU,61927,19,0,0,0,0,0,0,1,977,0,0,977,67477,108.96
04/2026,3,SUDESTE,SE,35,SAO PAULO,SÃO PAULO,SP,354270,RESTINGA,RESTINGA,1,2025,DOU,6486,2,0,0,0,0,0,0,0,0,0,0,0,7000,107.92
04/2026,3,SUDESTE,SE,35,SAO PAULO,SÃO PAULO,SP,354280,RIBEIRA,RIBEIRA,3,2025,DOU,3158,2,0,0,0,0,0,0,0,0,0,0,0,7000,221.65
04/2026,3,SUDESTE,SE,35,SAO PAULO,SÃO PAULO,SP,354290,RIBEIRAO BONITO,RIBEIRÃO BONITO,2,2025,DOU,11040,2,1,0,0,0,0,0,0,0,0,0,0,9625,87.18
04/2026,3,SUDESTE,SE,35,SAO PAULO,SÃO PAULO,SP,354300,RIBEIRAO BRANCO,RIBEIRÃO BRANCO,3,2025,DOU,18942,6,1,0,0,0,0,0,0,0,0,0,0,23625,124.72
04/2026,3,SUDESTE,SE,35,SAO PAULO,SÃO PAULO,SP,354310,RIBEIRAO CORRENTE,RIBEIRÃO CORRENTE,1,2025,DOU,4717,2,0,0,0,0,0,0,0,0,0,0,0,7000,148.39
04/2026,3,SUDESTE,SE,35,SAO PAULO,SÃO PAULO,SP,354320,RIBEIRAO DO SUL,RIBEIRÃO DO SUL,3,2025,DOU,4776,2,1,0,0,0,0,0,0,0,0,0,0,9625,201.52
04/2026,3,SUDESTE,SE,35,SAO PAULO,SÃO PAULO,SP,354323,RIBEIRAO DOS INDIOS,RIBEIRÃO DOS ÍNDIOS,3,2025,DOU,2040,1,0,0,0,0,0,0,0,0,0,0,0,3500,171.56
04/2026,3,SUDESTE,SE,35,SAO PAULO,SÃO PAULO,SP,354325,RIBEIRAO GRANDE,RIBEIRÃO GRANDE,3,2025,DOU,7571,3,0,0,0,0,0,0,0,0,0,0,0,10500,138.68
04/2026,3,SUDESTE,SE,35,SAO PAULO,SÃO PAULO,SP,354330,RIBEIRAO PIRES,RIBEIRÃO PIRES,1,2025,DOU,118954,14,3,0,0,0,0,0,0,0,0,0,0,56875,47.81
04/2026,3,SUDESTE,SE,35,SAO PAULO,SÃO PAULO,SP,354340,RIBEIRAO PRETO,RIBEIRÃO PRETO,1,2025,DOU,731639,56,7,99,0,0,2,681,2,35,0,0,716,388341,53.07
04/2026,3,SUDESTE,SE,35,SAO PAULO,SÃO PAULO,SP,354360,RIFAINA,RIFAINA,3,2025,DOU,4179,1,0,0,0,0,0,0,0,0,0,0,0,3500,83.75
04/2026,3,SUDESTE,SE,35,SAO PAULO,SÃO PAULO,SP,354370,RINCAO,RINCÃO,1,2025,DOU,9101,3,0,1,0,0,0,0,0,0,0,0,0,12250,134.6
04/2026,3,SUDESTE,SE,35,SAO PAULO,SÃO PAULO,SP,354380,RINOPOLIS,RINÓPOLIS,2,2025,DOU,9334,3,0,0,0,0,0,0,0,0,0,0,0,10500,112.49
04/2026,3,SUDESTE,SE,35,SAO PAULO,SÃO PAULO,SP,354390,RIO CLARO,RIO CLARO,1,2025,DOU,210323,26,1,3,0,0,0,0,0,0,0,0,0,98875,47.01
04/2026,3,SUDESTE,SE,35,SAO PAULO,SÃO PAULO,SP,354400,RIO DAS PEDRAS,RIO DAS PEDRAS,1,2025,DOU,32329,2,2,0,0,0,0,0,0,0,0,0,0,12250,37.89
04/2026,3,SUDESTE,SE,35,SAO PAULO,SÃO PAULO,SP,354410,RIO GRANDE DA SERRA,RIO GRANDE DA SERRA,1,2025,DOU,45324,12,1,0,0,0,0,0,0,0,0,0,0,44625,98.45
04/2026,3,SUDESTE,SE,35,SAO PAULO,SÃO PAULO,SP,354420,RIOLANDIA,RIOLÂNDIA,2,2025,DOU,10444,4,2,0,0,0,0,0,2,1748,0,0,1748,20998,201.05
04/2026,3,SUDESTE,SE,35,SAO PAULO,SÃO PAULO,SP,354350,RIVERSUL,RIVERSUL,3,2025,DOU,5628,2,0,0,0,0,0,0,0,0,0,0,0,7000,124.37
04/2026,3,SUDESTE,SE,35,SAO PAULO,SÃO PAULO,SP,354425,ROSANA,ROSANA,1,2025,DOU,17434,7,1,0,0,0,0,0,0,0,0,0,0,27125,155.58
04/2026,3,SUDESTE,SE,35,SAO PAULO,SÃO PAULO,SP,354430,ROSEIRA,ROSEIRA,1,2025,DOU,11137,4,0,0,0,0,0,0,0,0,0,0,0,14000,125.7
04/2026,3,SUDESTE,SE,35,SAO PAULO,SÃO PAULO,SP,354440,RUBIACEA,RUBIÁCEA,3,2025,DOU,2740,1,2,0,0,0,0,0,0,0,0,0,0,8750,319.34
04/2026,3,SUDESTE,SE,35,SAO PAULO,SÃO PAULO,SP,354450,RUBINEIA,RUBINÉIA,1,2025,DOU,3998,1,0,0,0,0,0,0,0,0,0,0,0,3500,87.54
04/2026,3,SUDESTE,SE,35,SAO PAULO,SÃO PAULO,SP,354460,SABINO,SABINO,2,2025,DOU,5182,2,3,0,0,0,0,0,0,0,0,0,0,14875,287.05
04/2026,3,SUDESTE,SE,35,SAO PAULO,SÃO PAULO,SP,354470,SAGRES,SAGRES,3,2025,DOU,2522,1,0,0,0,0,0,0,0,0,0,0,0,3500,138.77
04/2026,3,SUDESTE,SE,35,SAO PAULO,SÃO PAULO,SP,354480,SALES,SALES,2,2025,DOU,6645,3,0,0,0,0,0,0,0,0,0,0,0,10500,158.01
04/2026,3,SUDESTE,SE,35,SAO PAULO,SÃO PAULO,SP,354490,SALES OLIVEIRA,SALES OLIVEIRA,2,2025,DOU,11683,4,0,0,0,0,0,0,0,0,0,0,0,14000,119.83
04/2026,3,SUDESTE,SE,35,SAO PAULO,SÃO PAULO,SP,354500,SALESOPOLIS,SALESÓPOLIS,1,2025,DOU,15381,4,0,0,0,0,0,0,0,0,0,0,0,14000,91.02
04/2026,3,SUDESTE,SE,35,SAO PAULO,SÃO PAULO,SP,354510,SALMOURAO,SALMOURÃO,2,2025,DOU,4883,2,1,0,0,0,0,0,0,0,0,0,0,9625,197.11
04/2026,3,SUDESTE,SE,35,SAO PAULO,SÃO PAULO,SP,354515,SALTINHO,SALTINHO,1,2025,DOU,8407,2,2,0,0,0,0,0,0,0,0,0,0,12250,145.71
04/2026,3,SUDESTE,SE,35,SAO PAULO,SÃO PAULO,SP,354520,SALTO,SALTO,1,2025,DOU,141111,14,6,4,0,0,0,0,0,0,0,0,0,71750,50.84
04/2026,3,SUDESTE,SE,35,SAO PAULO,SÃO PAULO,SP,354530,SALTO DE PIRAPORA,SALTO DE PIRAPORA,1,2025,DOU,45262,13,0,0,0,0,0,0,0,0,0,0,0,45500,100.52
04/2026,3,SUDESTE,SE,35,SAO PAULO,SÃO PAULO,SP,354540,SALTO GRANDE,SALTO GRANDE,2,2025,DOU,9221,3,0,0,0,0,0,0,0,0,0,0,0,10500,113.87
04/2026,3,SUDESTE,SE,35,SAO PAULO,SÃO PAULO,SP,354550,SANDOVALINA,SANDOVALINA,3,2025,DOU,3697,2,0,0,0,0,0,0,0,0,0,0,0,7000,189.34
04/2026,3,SUDESTE,SE,35,SAO PAULO,SÃO PAULO,SP,354560,SANTA ADELIA,SANTA ADÉLIA,1,2025,DOU,14193,4,1,0,0,0,0,0,0,0,0,0,0,16625,117.13
04/2026,3,SUDESTE,SE,35,SAO PAULO,SÃO PAULO,SP,354570,SANTA ALBERTINA,SANTA ALBERTINA,2,2025,DOU,6566,2,0,2,0,0,0,0,0,0,0,0,0,10500,159.91
04/2026,3,SUDESTE,SE,35,SAO PAULO,SÃO PAULO,SP,354580,SANTA BARBARA D'OESTE,SANTA BÁRBARA D'OESTE,1,2025,DOU,189456,13,2,26,0,0,0,0,0,0,0,0,0,96250,50.8
04/2026,3,SUDESTE,SE,35,SAO PAULO,SÃO PAULO,SP,354600,SANTA BRANCA,SANTA BRANCA,1,2025,DOU,14219,4,0,3,0,0,0,0,0,0,0,0,0,19250,135.38
04/2026,3,SUDESTE,SE,35,SAO PAULO,SÃO PAULO,SP,354610,SANTA CLARA D'OESTE,SANTA CLARA D'OESTE,1,2025,DOU,2694,1,0,0,0,0,0,0,0,0,0,0,0,3500,129.91
04/2026,3,SUDESTE,SE,35,SAO PAULO,SÃO PAULO,SP,354620,SANTA CRUZ DA CONCEICAO,SANTA CRUZ DA CONCEIÇÃO,3,2025,DOU,4375,2,1,0,0,0,0,0,0,0,0,0,0,9625,220.0
04/2026,3,SUDESTE,SE,35,SAO PAULO,SÃO PAULO,SP,354625,SANTA CRUZ DA ESPERANCA,SANTA CRUZ DA ESPERANÇA,1,2025,DOU,2168,1,0,0,0,0,0,0,0,0,0,0,0,3500,161.43
04/2026,3,SUDESTE,SE,35,SAO PAULO,SÃO PAULO,SP,354630,SANTA CRUZ DAS PALMEIRAS,SANTA CRUZ DAS PALMEIRAS,1,2025,DOU,29489,5,0,0,0,0,0,0,0,0,0,0,0,17500,59.34
04/2026,3,SUDESTE,SE,35,SAO PAULO,SÃO PAULO,SP,354640,SANTA CRUZ DO RIO PARDO,SANTA CRUZ DO RIO PARDO,1,2025,DOU,47759,11,6,0,0,0,0,0,0,0,0,0,0,54250,113.59
04/2026,3,SUDESTE,SE,35,SAO PAULO,SÃO PAULO,SP,354650,SANTA ERNESTINA,SANTA ERNESTINA,2,2025,DOU,6274,1,3,0,0,0,0,0,0,0,0,0,0,11375,181.3
04/2026,3,SUDESTE,SE,35,SAO PAULO,SÃO PAULO,SP,354660,SANTA FE DO SUL,SANTA FÉ DO SUL,1,2025,DOU,36288,9,0,0,0,0,0,0,0,0,0,0,0,31500,86.8
04/2026,3,SUDESTE,SE,35,SAO PAULO,SÃO PAULO,SP,354670,SANTA GERTRUDES,SANTA GERTRUDES,1,2025,DOU,23192,5,0,0,0,0,0,0,0,0,0,0,0,17500,75.45
04/2026,3,SUDESTE,SE,35,SAO PAULO,SÃO PAULO,SP,354680,SANTA ISABEL,SANTA ISABEL,1,2025,DOU,54691,8,4,4,0,0,0,0,0,0,0,0,0,45500,83.19
04/2026,3,SUDESTE,SE,35,SAO PAULO,SÃO PAULO,SP,354690,SANTA LUCIA,SANTA LÚCIA,1,2025,DOU,7144,1,1,0,0,0,0,0,0,0,0,0,0,6125,85.73
04/2026,3,SUDESTE,SE,35,SAO PAULO,SÃO PAULO,SP,354700,SANTA MARIA DA SERRA,SANTA MARIA DA SERRA,2,2025,DOU,5308,0,3,0,0,0,0,0,0,0,0,0,0,7875,148.36
04/2026,3,SUDESTE,SE,35,SAO PAULO,SÃO PAULO,SP,354710,SANTA MERCEDES,SANTA MERCEDES,3,2025,DOU,3017,1,2,0,0,0,0,0,0,0,0,0,0,8750,290.02
04/2026,3,SUDESTE,SE,35,SAO PAULO,SÃO PAULO,SP,354740,SANTA RITA D'OESTE,SANTA RITA D'OESTE,1,2025,DOU,2796,1,0,0,0,0,0,0,0,0,0,0,0,3500,125.17
04/2026,3,SUDESTE,SE,35,SAO PAULO,SÃO PAULO,SP,354750,SANTA RITA DO PASSA QUATRO,SANTA RITA DO PASSA QUATRO,1,2025,DOU,24996,3,0,4,0,0,0,0,0,0,0,0,0,17500,70.01
04/2026,3,SUDESTE,SE,35,SAO PAULO,SÃO PAULO,SP,354760,SANTA ROSA DE VITERBO,SANTA ROSA DE VITERBO,1,2025,DOU,23710,2,2,0,0,0,0,0,0,0,0,0,0,12250,51.66
04/2026,3,SUDESTE,SE,35,SAO PAULO,SÃO PAULO,SP,354765,SANTA SALETE,SANTA SALETE,3,2025,DOU,1692,1,0,0,0,0,0,0,0,0,0,0,0,3500,206.85
04/2026,3,SUDESTE,SE,35,SAO PAULO,SÃO PAULO,SP,354720,SANTANA DA PONTE PENSA,SANTANA DA PONTE PENSA,1,2025,DOU,1699,1,0,0,0,0,0,0,0,0,0,0,0,3500,206.0
04/2026,3,SUDESTE,SE,35,SAO PAULO,SÃO PAULO,SP,354730,SANTANA DE PARNAIBA,SANTANA DE PARNAÍBA,1,2025,DOU,163787,0,7,27,0,0,0,0,0,0,0,0,0,65625,40.06
04/2026,3,SUDESTE,SE,35,SAO PAULO,SÃO PAULO,SP,354770,SANTO ANASTACIO,SANTO ANASTÁCIO,1,2025,DOU,17960,5,1,0,0,0,0,0,0,0,0,0,0,20125,112.05
04/2026,3,SUDESTE,SE,35,SAO PAULO,SÃO PAULO,SP,354780,SANTO ANDRE,SANTO ANDRÉ,1,2025,DOU,782048,102,30,26,0,0,1,1053,1,123,0,0,1176,482426,61.68
04/2026,3,SUDESTE,SE,35,SAO PAULO,SÃO PAULO,SP,354790,SANTO ANTONIO DA ALEGRIA,SANTO ANTÔNIO DA ALEGRIA,3,2025,DOU,6933,2,2,0,0,0,0,0,0,0,0,0,0,12250,176.69
04/2026,3,SUDESTE,SE,35,SAO PAULO,SÃO PAULO,SP,354800,SANTO ANTONIO DE POSSE,SANTO ANTÔNIO DE POSSE,1,2025,DOU,23867,6,1,1,0,0,0,0,0,0,0,0,0,25375,106.31
04/2026,3,SUDESTE,SE,35,SAO PAULO,SÃO PAULO,SP,354805,SANTO ANTONIO DO ARACANGUA,SANTO ANTÔNIO DO ARACANGUÁ,3,2025,DOU,8593,3,1,0,0,0,0,0,0,0,0,0,0,13125,152.74
04/2026,3,SUDESTE,SE,35,SAO PAULO,SÃO PAULO,SP,354810,SANTO ANTONIO DO JARDIM,SANTO ANTÔNIO DO JARDIM,3,2025,DOU,6243,1,1,0,0,0,0,0,0,0,0,0,0,6125,98.1
04/2026,3,SUDESTE,SE,35,SAO PAULO,SÃO PAULO,SP,354820,SANTO ANTONIO DO PINHAL,SANTO ANTÔNIO DO PINHAL,3,2025,DOU,7314,3,0,0,0,0,0,0,0,0,0,0,0,10500,143.56
04/2026,3,SUDESTE,SE,35,SAO PAULO,SÃO PAULO,SP,354830,SANTO EXPEDITO,SANTO EXPEDITO,1,2025,DOU,3069,1,1,1,0,0,0,0,0,0,0,0,0,7875,256.59
04/2026,3,SUDESTE,SE,35,SAO PAULO,SÃO PAULO,SP,354840,SANTOPOLIS DO AGUAPEI,SANTÓPOLIS DO AGUAPEÍ,2,2025,DOU,3921,2,0,0,0,0,0,0,0,0,0,0,0,7000,178.52
04/2026,3,SUDESTE,SE,35,SAO PAULO,SÃO PAULO,SP,354850,SANTOS,SANTOS,1,2025,DOU,429547,68,6,21,0,0,1,610,0,0,0,0,610,291110,67.77
04/2026,3,SUDESTE,SE,35,SAO PAULO,SÃO PAULO,SP,354860,SAO BENTO DO SAPUCAI,SÃO BENTO DO SAPUCAÍ,3,2025,DOU,11989,3,1,1,0,0,0,0,0,0,0,0,0,14875,124.07
04/2026,3,SUDESTE,SE,35,SAO PAULO,SÃO PAULO,SP,354870,SAO BERNARDO DO CAMPO,SÃO BERNARDO DO CAMPO,1,2025,DOU,841154,180,2,8,0,0,1,569,0,0,0,0,569,649819,77.25
04/2026,3,SUDESTE,SE,35,SAO PAULO,SÃO PAULO,SP,354880,SAO CAETANO DO SUL,SÃO CAETANO DO SUL,1,2025,DOU,172693,36,0,5,0,0,0,0,0,0,0,0,0,134750,78.02
04/2026,3,SUDESTE,SE,35,SAO PAULO,SÃO PAULO,SP,354890,SAO CARLOS,SÃO CARLOS,1,2025,DOU,266427,23,24,0,0,0,0,0,0,0,0,0,0,143500,53.86
04/2026,3,SUDESTE,SE,35,SAO PAULO,SÃO PAULO,SP,354900,SAO FRANCISCO,SÃO FRANCISCO,3,2025,DOU,2623,1,0,0,0,0,0,0,0,0,0,0,0,3500,133.43
04/2026,3,SUDESTE,SE,35,SAO PAULO,SÃO PAULO,SP,354910,SAO JOAO DA BOA VISTA,SÃO JOÃO DA BOA VISTA,1,2025,DOU,96080,18,8,0,0,0,0,0,0,0,0,0,0,84000,87.42
04/2026,3,SUDESTE,SE,35,SAO PAULO,SÃO PAULO,SP,354920,SAO JOAO DAS DUAS PONTES,SÃO JOÃO DAS DUAS PONTES,3,2025,DOU,2623,0,2,0,0,0,0,0,0,0,0,0,0,5250,200.15
04/2026,3,SUDESTE,SE,35,SAO PAULO,SÃO PAULO,SP,354925,SAO JOAO DE IRACEMA,SÃO JOÃO DE IRACEMA,3,2025,DOU,1882,1,0,0,0,0,0,0,0,0,0,0,0,3500,185.97
04/2026,3,SUDESTE,SE,35,SAO PAULO,SÃO PAULO,SP,354930,SAO JOAO DO PAU D'ALHO,SÃO JOÃO DO PAU D'ALHO,3,2025,DOU,2293,1,0,0,0,0,0,0,0,0,0,0,0,3500,152.63
04/2026,3,SUDESTE,SE,35,SAO PAULO,SÃO PAULO,SP,354940,SAO JOAQUIM DA BARRA,SÃO JOAQUIM DA BARRA,1,2025,DOU,49885,10,0,0,0,0,0,0,0,0,0,0,0,35000,70.16
04/2026,3,SUDESTE,SE,35,SAO PAULO,SÃO PAULO,SP,354950,SAO JOSE DA BELA VISTA,SÃO JOSÉ DA BELA VISTA,2,2025,DOU,7664,4,0,0,0,0,0,0,0,0,0,0,0,14000,182.67
04/2026,3,SUDESTE,SE,35,SAO PAULO,SÃO PAULO,SP,354960,SAO JOSE DO BARREIRO,SÃO JOSÉ DO BARREIRO,3,2025,DOU,3888,2,0,0,0,0,0,0,0,0,0,0,0,7000,180.04
04/2026,3,SUDESTE,SE,35,SAO PAULO,SÃO PAULO,SP,354970,SAO JOSE DO RIO PARDO,SÃO JOSÉ DO RIO PARDO,1,2025,DOU,53427,8,3,0,0,0,0,0,0,0,0,0,0,35875,67.14
04/2026,3,SUDESTE,SE,35,SAO PAULO,SÃO PAULO,SP,354980,SAO JOSE DO RIO PRETO,SÃO JOSÉ DO RIO PRETO,1,2025,DOU,504166,87,0,0,0,0,2,1282,1,12,0,0,1294,305794,60.65
04/2026,3,SUDESTE,SE,35,SAO PAULO,SÃO PAULO,SP,354990,SAO JOSE DOS CAMPOS,SÃO JOSÉ DOS CAMPOS,1,2025,DOU,727078,87,20,41,0,0,0,0,0,0,0,0,0,428750,58.96
04/2026,3,SUDESTE,SE,35,SAO PAULO,SÃO PAULO,SP,354995,SAO LOURENCO DA SERRA,SÃO LOURENÇO DA SERRA,1,2025,DOU,16479,4,0,2,0,0,0,0,0,0,0,0,0,17500,106.19
04/2026,3,SUDESTE,SE,35,SAO PAULO,SÃO PAULO,SP,355000,SAO LUIS DO PARAITINGA,SÃO LUÍS DO PARAITINGA,3,2025,DOU,10487,4,0,0,0,0,0,0,0,0,0,0,0,14000,133.49
04/2026,3,SUDESTE,SE,35,SAO PAULO,SÃO PAULO,SP,355010,SAO MANUEL,SÃO MANUEL,1,2025,DOU,38131,7,4,0,0,0,0,0,0,0,0,0,0,35000,91.78
04/2026,3,SUDESTE,SE,35,SAO PAULO,SÃO PAULO,SP,355020,SAO MIGUEL ARCANJO,SÃO MIGUEL ARCANJO,2,2025,DOU,32924,13,0,0,0,0,0,0,0,0,0,0,0,45500,138.19
04/2026,3,SUDESTE,SE,35,SAO PAULO,SÃO PAULO,SP,355030,SAO PAULO,SÃO PAULO,1,2025,DOU,11904961,1726,165,329,0,0,40,28782,2,170,0,0,28952,7078827,59.46
04/2026,3,SUDESTE,SE,35,SAO PAULO,SÃO PAULO,SP,355040,SAO PEDRO,SÃO PEDRO,2,2025,DOU,39855,10,2,0,0,0,0,0,0,0,0,0,0,40250,100.99
04/2026,3,SUDESTE,SE,35,SAO PAULO,SÃO PAULO,SP,355050,SAO PEDRO DO TURVO,SÃO PEDRO DO TURVO,3,2025,DOU,7333,3,0,0,0,0,0,0,0,0,0,0,0,10500,143.18
04/2026,3,SUDESTE,SE,35,SAO PAULO,SÃO PAULO,SP,355060,SAO ROQUE,SÃO ROQUE,1,2025,DOU,81366,17,1,0,0,0,0,0,0,0,0,0,0,62125,76.35
04/2026,3,SUDESTE,SE,35,SAO PAULO,SÃO PAULO,SP,355070,SAO SEBASTIAO,SÃO SEBASTIÃO,1,2025,DOU,84280,26,0,0,0,0,0,0,0,0,0,0,0,91000,107.97
04/2026,3,SUDESTE,SE,35,SAO PAULO,SÃO PAULO,SP,355080,SAO SEBASTIAO DA GRAMA,SÃO SEBASTIÃO DA GRAMA,3,2025,DOU,10428,4,0,1,0,0,0,0,0,0,0,0,0,15750,151.03
04/2026,3,SUDESTE,SE,35,SAO PAULO,SÃO PAULO,SP,355090,SAO SIMAO,SÃO SIMÃO,1,2025,DOU,13560,0,3,3,0,0,0,0,0,0,0,0,0,13125,96.79
04/2026,3,SUDESTE,SE,35,SAO PAULO,SÃO PAULO,SP,355100,SAO VICENTE,SÃO VICENTE,1,2025,DOU,338326,42,1,10,0,0,1,311,0,0,0,0,311,167436,49.48
04/2026,3,SUDESTE,SE,35,SAO PAULO,SÃO PAULO,SP,355110,SARAPUI,SARAPUÍ,3,2025,DOU,10677,1,0,6,0,0,0,0,0,0,0,0,0,14000,131.12
04/2026,3,SUDESTE,SE,35,SAO PAULO,SÃO PAULO,SP,355120,SARUTAIA,SARUTAIÁ,3,2025,DOU,3772,1,0,0,0,0,0,0,0,0,0,0,0,3500,92.78
04/2026,3,SUDESTE,SE,35,SAO PAULO,SÃO PAULO,SP,355130,SEBASTIANOPOLIS DO SUL,SEBASTIANÓPOLIS DO SUL,3,2025,DOU,3191,2,0,0,0,0,0,0,0,0,0,0,0,7000,219.36
04/2026,3,SUDESTE,SE,35,SAO PAULO,SÃO PAULO,SP,355140,SERRA AZUL,SERRA AZUL,1,2025,DOU,13108,3,0,1,0,0,0,0,3,3735,0,0,3735,15985,121.94
04/2026,3,SUDESTE,SE,35,SAO PAULO,SÃO PAULO,SP,355160,SERRA NEGRA,SERRA NEGRA,2,2025,DOU,31047,13,0,0,0,0,0,0,0,0,0,0,0,45500,146.55
04/2026,3,SUDESTE,SE,35,SAO PAULO,SÃO PAULO,SP,355150,SERRANA,SERRANA,1,2025,DOU,45580,5,1,1,0,0,0,0,0,0,0,0,0,21875,47.99
04/2026,3,SUDESTE,SE,35,SAO PAULO,SÃO PAULO,SP,355170,SERTAOZINHO,SERTÃOZINHO,1,2025,DOU,132176,2,8,5,0,0,0,0,0,0,0,0,0,36750,27.8
04/2026,3,SUDESTE,SE,35,SAO PAULO,SÃO PAULO,SP,355180,SETE BARRAS,SETE BARRAS,3,2025,DOU,12903,7,0,0,0,0,0,0,0,0,0,0,0,24500,189.87
04/2026,3,SUDESTE,SE,35,SAO PAULO,SÃO PAULO,SP,355190,SEVERINIA,SEVERÍNIA,1,2025,DOU,14693,4,0,0,0,0,0,0,0,0,0,0,0,14000,95.28
04/2026,3,SUDESTE,SE,35,SAO PAULO,SÃO PAULO,SP,355200,SILVEIRAS,SILVEIRAS,3,2025,DOU,6329,3,0,0,0,0,0,0,0,0,0,0,0,10500,165.9
04/2026,3,SUDESTE,SE,35,SAO PAULO,SÃO PAULO,SP,355210,SOCORRO,SOCORRO,2,2025,DOU,41527,11,2,0,0,0,0,0,0,0,0,0,0,43750,105.35
04/2026,3,SUDESTE,SE,35,SAO PAULO,SÃO PAULO,SP,355220,SOROCABA,SOROCABA,1,2025,DOU,762172,45,19,24,0,0,0,0,1,134,0,0,134,249509,32.73
04/2026,3,SUDESTE,SE,35,SAO PAULO,SÃO PAULO,SP,355230,SUD MENNUCCI,SUD MENNUCCI,3,2025,DOU,7464,4,0,0,0,0,0,0,0,0,0,0,0,14000,187.56
04/2026,3,SUDESTE,SE,35,SAO PAULO,SÃO PAULO,SP,355240,SUMARE,SUMARÉ,1,2025,DOU,291116,48,2,0,0,0,0,0,0,0,0,0,0,173250,59.51
04/2026,3,SUDESTE,SE,35,SAO PAULO,SÃO PAULO,SP,355255,SUZANAPOLIS,SUZANÁPOLIS,3,2025,DOU,3465,2,0,0,0,0,0,0,0,0,0,0,0,7000,202.02
04/2026,3,SUDESTE,SE,35,SAO PAULO,SÃO PAULO,SP,355250,SUZANO,SUZANO,1,2025,DOU,320261,29,17,18,0,0,1,487,1,1,0,0,488,178113,55.61
04/2026,3,SUDESTE,SE,35,SAO PAULO,SÃO PAULO,SP,355260,TABAPUA,TABAPUÃ,1,2025,DOU,11498,4,0,0,0,0,0,0,0,0,0,0,0,14000,121.76
04/2026,3,SUDESTE,SE,35,SAO PAULO,SÃO PAULO,SP,355270,TABATINGA,TABATINGA,1,2025,DOU,14997,4,1,0,0,0,0,0,0,0,0,0,0,16625,110.85
04/2026,3,SUDESTE,SE,35,SAO PAULO,SÃO PAULO,SP,355280,TABOAO DA SERRA,TABOÃO DA SERRA,1,2025,DOU,285307,55,26,15,0,0,0,0,0,0,0,0,0,287000,100.59
04/2026,3,SUDESTE,SE,35,SAO PAULO,SÃO PAULO,SP,355290,TACIBA,TACIBA,1,2025,DOU,6418,3,0,0,0,0,0,0,0,0,0,0,0,10500,163.6
04/2026,3,SUDESTE,SE,35,SAO PAULO,SÃO PAULO,SP,355300,TAGUAI,TAGUAÍ,2,2025,DOU,13068,4,1,1,0,0,0,0,0,0,0,0,0,18375,140.61
04/2026,3,SUDESTE,SE,35,SAO PAULO,SÃO PAULO,SP,355310,TAIACU,TAIAÇU,2,2025,DOU,5744,2,0,2,0,0,0,0,0,0,0,0,0,10500,182.79
04/2026,3,SUDESTE,SE,35,SAO PAULO,SÃO PAULO,SP,355320,TAIUVA,TAIÚVA,2,2025,DOU,6770,2,0,2,0,0,0,0,2,1293,0,0,1293,11793,174.19
04/2026,3,SUDESTE,SE,35,SAO PAULO,SÃO PAULO,SP,355330,TAMBAU,TAMBAÚ,1,2025,DOU,21650,6,1,0,0,0,0,0,0,0,0,0,0,23625,109.12
04/2026,3,SUDESTE,SE,35,SAO PAULO,SÃO PAULO,SP,355340,TANABI,TANABI,1,2025,DOU,26071,8,3,0,0,0,0,0,0,0,0,0,0,35875,137.6
04/2026,3,SUDESTE,SE,35,SAO PAULO,SÃO PAULO,SP,355350,TAPIRAI,TAPIRAÍ,3,2025,DOU,8122,2,0,0,0,0,0,0,0,0,0,0,0,7000,86.18
04/2026,3,SUDESTE,SE,35,SAO PAULO,SÃO PAULO,SP,355360,TAPIRATIBA,TAPIRATIBA,1,2025,DOU,11903,5,0,0,0,0,0,0,0,0,0,0,0,17500,147.02
04/2026,3,SUDESTE,SE,35,SAO PAULO,SÃO PAULO,SP,355365,TAQUARAL,TAQUARAL,3,2025,DOU,2649,1,0,0,0,0,0,0,0,0,0,0,0,3500,132.12
04/2026,3,SUDESTE,SE,35,SAO PAULO,SÃO PAULO,SP,355370,TAQUARITINGA,TAQUARITINGA,1,2025,DOU,53264,6,6,2,0,0,0,0,0,0,0,0,0,40250,75.56
04/2026,3,SUDESTE,SE,35,SAO PAULO,SÃO PAULO,SP,355380,TAQUARITUBA,TAQUARITUBA,1,2025,DOU,24932,5,1,0,0,0,0,0,0,0,0,0,0,20125,80.71
04/2026,3,SUDESTE,SE,35,SAO PAULO,SÃO PAULO,SP,355385,TAQUARIVAI,TAQUARIVAÍ,3,2025,DOU,7170,4,0,0,0,0,0,0,0,0,0,0,0,14000,195.25
04/2026,3,SUDESTE,SE,35,SAO PAULO,SÃO PAULO,SP,355390,TARABAI,TARABAI,1,2025,DOU,6633,3,0,0,0,0,0,0,0,0,0,0,0,10500,158.29
04/2026,3,SUDESTE,SE,35,SAO PAULO,SÃO PAULO,SP,355395,TARUMA,TARUMÃ,1,2025,DOU,15315,4,0,0,0,0,0,0,0,0,0,0,0,14000,91.41
04/2026,3,SUDESTE,SE,35,SAO PAULO,SÃO PAULO,SP,355400,TATUI,TATUÍ,1,2025,DOU,129130,25,3,4,0,0,1,126,0,0,0,0,126,102501,79.37
04/2026,3,SUDESTE,SE,35,SAO PAULO,SÃO PAULO,SP,355410,TAUBATE,TAUBATÉ,1,2025,DOU,322397,35,3,27,0,0,1,495,4,29,0,0,524,178149,55.25
04/2026,3,SUDESTE,SE,35,SAO PAULO,SÃO PAULO,SP,355420,TEJUPA,TEJUPÁ,3,2025,DOU,4119,1,2,0,0,0,0,0,0,0,0,0,0,8750,212.43
04/2026,3,SUDESTE,SE,35,SAO PAULO,SÃO PAULO,SP,355430,TEODORO SAMPAIO,TEODORO SAMPAIO,1,2025,DOU,22598,10,0,0,0,0,0,0,0,0,0,0,0,35000,154.88
04/2026,3,SUDESTE,SE,35,SAO PAULO,SÃO PAULO,SP,355440,TERRA ROXA,TERRA ROXA,2,2025,DOU,7965,3,0,1,0,0,0,0,0,0,0,0,0,12250,153.79
04/2026,3,SUDESTE,SE,35,SAO PAULO,SÃO PAULO,SP,355450,TIETE,TIETÊ,1,2025,DOU,38723,7,2,0,0,0,0,0,0,0,0,0,0,29750,76.82
04/2026,3,SUDESTE,SE,35,SAO PAULO,SÃO PAULO,SP,355460,TIMBURI,TIMBURI,3,2025,DOU,2484,1,0,0,0,0,0,0,0,0,0,0,0,3500,140.9
04/2026,3,SUDESTE,SE,35,SAO PAULO,SÃO PAULO,SP,355465,TORRE DE PEDRA,TORRE DE PEDRA,3,2025,DOU,2056,0,2,0,0,0,0,0,0,0,0,0,0,5250,255.35
04/2026,3,SUDESTE,SE,35,SAO PAULO,SÃO PAULO,SP,355470,TORRINHA,TORRINHA,2,2025,DOU,9484,3,0,0,0,0,0,0,0,0,0,0,0,10500,110.71
04/2026,3,SUDESTE,SE,35,SAO PAULO,SÃO PAULO,SP,355475,TRABIJU,TRABIJU,3,2025,DOU,1724,1,0,0,0,0,0,0,0,0,0,0,0,3500,203.01
04/2026,3,SUDESTE,SE,35,SAO PAULO,SÃO PAULO,SP,355480,TREMEMBE,TREMEMBÉ,1,2025,DOU,53426,6,0,2,0,0,0,0,5,129,0,0,129,24629,46.09
04/2026,3,SUDESTE,SE,35,SAO PAULO,SÃO PAULO,SP,355490,TRES FRONTEIRAS,TRÊS FRONTEIRAS,1,2025,DOU,7060,2,0,0,0,0,0,0,0,0,0,0,0,7000,99.15
04/2026,3,SUDESTE,SE,35,SAO PAULO,SÃO PAULO,SP,355495,TUIUTI,TUIUTI,3,2025,DOU,6976,1,0,1,0,0,0,0,0,0,0,0,0,5250,75.25
04/2026,3,SUDESTE,SE,35,SAO PAULO,SÃO PAULO,SP,355500,TUPA,TUPÃ,1,2025,DOU,65433,11,2,7,0,0,0,0,0,0,0,0,0,56000,85.58
04/2026,3,SUDESTE,SE,35,SAO PAULO,SÃO PAULO,SP,355510,TUPI PAULISTA,TUPI PAULISTA,1,2025,DOU,16259,4,0,1,0,0,0,0,3,2715,0,0,2715,18465,113.56
04/2026,3,SUDESTE,SE,35,SAO PAULO,SÃO PAULO,SP,355520,TURIUBA,TURIÚBA,3,2025,DOU,1835,1,0,0,0,0,0,0,0,0,0,0,0,3500,190.73
04/2026,3,SUDESTE,SE,35,SAO PAULO,SÃO PAULO,SP,355530,TURMALINA,TURMALINA,3,2025,DOU,1662,1,0,0,0,0,0,0,0,0,0,0,0,3500,210.58
04/2026,3,SUDESTE,SE,35,SAO PAULO,SÃO PAULO,SP,355535,UBARANA,UBARANA,2,2025,DOU,5458,2,0,1,0,0,0,0,0,0,0,0,0,8750,160.31
04/2026,3,SUDESTE,SE,35,SAO PAULO,SÃO PAULO,SP,355540,UBATUBA,UBATUBA,1,2025,DOU,97096,27,0,0,0,0,0,0,0,0,0,0,0,94500,97.32
04/2026,3,SUDESTE,SE,35,SAO PAULO,SÃO PAULO,SP,355550,UBIRAJARA,UBIRAJARA,3,2025,DOU,5289,2,0,0,0,0,0,0,0,0,0,0,0,7000,132.35
04/2026,3,SUDESTE,SE,35,SAO PAULO,SÃO PAULO,SP,355560,UCHOA,UCHOA,1,2025,DOU,10670,4,0,0,0,0,0,0,0,0,0,0,0,14000,131.2
04/2026,3,SUDESTE,SE,35,SAO PAULO,SÃO PAULO,SP,355570,UNIAO PAULISTA,UNIÃO PAULISTA,3,2025,DOU,1628,1,0,0,0,0,0,0,0,0,0,0,0,3500,214.98
04/2026,3,SUDESTE,SE,35,SAO PAULO,SÃO PAULO,SP,355580,URANIA,URÂNIA,2,2025,DOU,8973,3,0,0,0,0,0,0,0,0,0,0,0,10500,117.01
04/2026,3,SUDESTE,SE,35,SAO PAULO,SÃO PAULO,SP,355590,URU,URU,3,2025,DOU,1424,1,0,0,0,0,0,0,0,0,0,0,0,3500,245.78
04/2026,3,SUDESTE,SE,35,SAO PAULO,SÃO PAULO,SP,355600,URUPES,URUPÊS,1,2025,DOU,14073,7,0,0,0,0,0,0,0,0,0,0,0,24500,174.09
04/2026,3,SUDESTE,SE,35,SAO PAULO,SÃO PAULO,SP,355610,VALENTIM GENTIL,VALENTIM GENTIL,2,2025,DOU,14634,5,0,0,0,0,0,0,0,0,0,0,0,17500,119.58
04/2026,3,SUDESTE,SE,35,SAO PAULO,SÃO PAULO,SP,355620,VALINHOS,VALINHOS,1,2025,DOU,132258,5,2,13,0,0,0,0,0,0,0,0,0,45500,34.4
04/2026,3,SUDESTE,SE,35,SAO PAULO,SÃO PAULO,SP,355630,VALPARAISO,VALPARAÍSO,1,2025,DOU,24779,6,0,2,0,0,0,0,2,1760,0,0,1760,26260,105.97
04/2026,3,SUDESTE,SE,35,SAO PAULO,SÃO PAULO,SP,355635,VARGEM,VARGEM,3,2025,DOU,10863,1,3,0,0,0,0,0,0,0,0,0,0,11375,104.71
04/2026,3,SUDESTE,SE,35,SAO PAULO,SÃO PAULO,SP,355640,VARGEM GRANDE DO SUL,VARGEM GRANDE DO SUL,1,2025,DOU,41256,11,0,2,0,0,0,0,0,0,0,0,0,42000,101.8
04/2026,3,SUDESTE,SE,35,SAO PAULO,SÃO PAULO,SP,355645,VARGEM GRANDE PAULISTA,VARGEM GRANDE PAULISTA,1,2025,DOU,52352,10,7,3,0,0,0,0,0,0,0,0,0,58625,111.98
04/2026,3,SUDESTE,SE,35,SAO PAULO,SÃO PAULO,SP,355650,VARZEA PAULISTA,VÁRZEA PAULISTA,1,2025,DOU,119655,13,4,4,0,0,0,0,0,0,0,0,0,63000,52.65
04/2026,3,SUDESTE,SE,35,SAO PAULO,SÃO PAULO,SP,355660,VERA CRUZ,VERA CRUZ,1,2025,DOU,10274,3,1,0,0,0,0,0,0,0,0,0,0,13125,127.74
04/2026,3,SUDESTE,SE,35,SAO PAULO,SÃO PAULO,SP,355670,VINHEDO,VINHEDO,1,2025,DOU,79089,1,0,10,0,0,0,0,0,0,0,0,0,21000,26.55
04/2026,3,SUDESTE,SE,35,SAO PAULO,SÃO PAULO,SP,355680,VIRADOURO,VIRADOURO,1,2025,DOU,17685,5,0,0,0,0,0,0,0,0,0,0,0,17500,98.95
04/2026,3,SUDESTE,SE,35,SAO PAULO,SÃO PAULO,SP,355690,VISTA ALEGRE DO ALTO,VISTA ALEGRE DO ALTO,2,2025,DOU,8368,1,0,6,0,0,0,0,0,0,0,0,0,14000,167.3
04/2026,3,SUDESTE,SE,35,SAO PAULO,SÃO PAULO,SP,355695,VITORIA BRASIL,VITÓRIA BRASIL,3,2025,DOU,1828,1,0,0,0,0,0,0,0,0,0,0,0,3500,191.46
04/2026,3,SUDESTE,SE,35,SAO PAULO,SÃO PAULO,SP,355700,VOTORANTIM,VOTORANTIM,1,2025,DOU,133510,8,9,0,0,0,0,0,1,1644,0,0,1644,53269,39.89
04/2026,3,SUDESTE,SE,35,SAO PAULO,SÃO PAULO,SP,355710,VOTUPORANGA,VOTUPORANGA,1,2025,DOU,100568,35,0,1,0,0,1,18,0,0,0,0,18,124268,123.56
04/2026,3,SUDESTE,SE,35,SAO PAULO,SÃO PAULO,SP,355715,ZACARIAS,ZACARIAS,3,2025,DOU,2773,1,0,0,0,0,0,0,0,0,0,0,0,3500,126.21
04/2026,1,NORTE,N,17,TOCANTINS,TOCANTINS,TO,170025,ABREULANDIA,ABREULÂNDIA,3,2025,DOU,2682,1,0,0,0,0,0,0,0,0,0,0,0,3500,130.49
04/2026,1,NORTE,N,17,TOCANTINS,TOCANTINS,TO,170030,AGUIARNOPOLIS,AGUIARNÓPOLIS,1,2025,DOU,4502,3,0,0,0,0,0,0,0,0,0,0,0,10500,233.22
04/2026,1,NORTE,N,17,TOCANTINS,TOCANTINS,TO,170035,ALIANCA DO TOCANTINS,ALIANÇA DO TOCANTINS,2,2025,DOU,5196,2,0,0,0,0,0,0,0,0,0,0,0,7000,134.71
04/2026,1,NORTE,N,17,TOCANTINS,TOCANTINS,TO,170040,ALMAS,ALMAS,4,2025,DOU,6483,3,0,0,0,0,0,0,0,0,0,0,0,10500,161.96
04/2026,1,NORTE,N,17,TOCANTINS,TOCANTINS,TO,170070,ALVORADA,ALVORADA,2,2025,DOU,9128,4,0,0,0,0,0,0,0,0,0,0,0,14000,153.37
04/2026,1,NORTE,N,17,TOCANTINS,TOCANTINS,TO,170100,ANANAS,ANANÁS,2,2025,DOU,10700,5,0,0,0,0,0,0,0,0,0,0,0,17500,163.55
04/2026,1,NORTE,N,17,TOCANTINS,TOCANTINS,TO,170105,ANGICO,ANGICO,3,2025,DOU,2903,2,0,0,0,0,0,0,0,0,0,0,0,7000,241.12
04/2026,1,NORTE,N,17,TOCANTINS,TOCANTINS,TO,170110,APARECIDA DO RIO NEGRO,APARECIDA DO RIO NEGRO,2,2025,DOU,5110,2,0,0,0,0,0,0,0,0,0,0,0,7000,136.98
04/2026,1,NORTE,N,17,TOCANTINS,TOCANTINS,TO,170130,ARAGOMINAS,ARAGOMINAS,3,2025,DOU,5330,3,0,0,0,0,0,0,0,0,0,0,0,10500,196.99
04/2026,1,NORTE,N,17,TOCANTINS,TOCANTINS,TO,170190,ARAGUACEMA,ARAGUACEMA,5,2025,DOU,6022,3,0,0,0,0,0,0,0,0,0,0,0,10500,174.36
04/2026,1,NORTE,N,17,TOCANTINS,TOCANTINS,TO,170200,ARAGUACU,ARAGUAÇU,5,2025,DOU,8242,4,0,0,0,0,0,0,0,0,0,0,0,14000,169.86
04/2026,1,NORTE,N,17,TOCANTINS,TOCANTINS,TO,170210,ARAGUAINA,ARAGUAÍNA,1,2025,DOU,183024,57,3,0,0,0,1,313,1,1221,0,0,1534,208909,114.14
04/2026,1,NORTE,N,17,TOCANTINS,TOCANTINS,TO,170215,ARAGUANA,ARAGUANÃ,3,2025,DOU,4300,2,3,0,0,0,0,0,0,0,0,0,0,14875,345.93
04/2026,1,NORTE,N,17,TOCANTINS,TOCANTINS,TO,170220,ARAGUATINS,ARAGUATINS,2,2025,DOU,33286,17,0,0,0,0,0,0,0,0,0,0,0,59500,178.75
04/2026,1,NORTE,N,17,TOCANTINS,TOCANTINS,TO,170230,ARAPOEMA,ARAPOEMA,2,2025,DOU,5488,3,0,0,0,0,0,0,0,0,0,0,0,10500,191.32
04/2026,1,NORTE,N,17,TOCANTINS,TOCANTINS,TO,170240,ARRAIAS,ARRAIAS,3,2025,DOU,10511,4,0,0,0,0,0,0,0,0,0,0,0,14000,133.19
04/2026,1,NORTE,N,17,TOCANTINS,TOCANTINS,TO,170255,AUGUSTINOPOLIS,AUGUSTINÓPOLIS,1,2025,DOU,18237,6,0,0,0,0,0,0,0,0,0,0,0,21000,115.15
04/2026,1,NORTE,N,17,TOCANTINS,TOCANTINS,TO,170270,AURORA DO TOCANTINS,AURORA DO TOCANTINS,5,2025,DOU,3418,2,0,0,0,0,0,0,0,0,0,0,0,7000,204.79
04/2026,1,NORTE,N,17,TOCANTINS,TOCANTINS,TO,170290,AXIXA DO TOCANTINS,AXIXÁ DO TOCANTINS,2,2025,DOU,10732,5,0,0,0,0,0,0,0,0,0,0,0,17500,163.06
04/2026,1,NORTE,N,17,TOCANTINS,TOCANTINS,TO,170300,BABACULANDIA,BABAÇULÂNDIA,3,2025,DOU,7636,4,0,0,0,0,0,0,0,0,0,0,0,14000,183.34
04/2026,1,NORTE,N,17,TOCANTINS,TOCANTINS,TO,170305,BANDEIRANTES DO TOCANTINS,BANDEIRANTES DO TOCANTINS,3,2025,DOU,3555,2,0,0,0,0,0,0,0,0,0,0,0,7000,196.9
04/2026,1,NORTE,N,17,TOCANTINS,TOCANTINS,TO,170307,BARRA DO OURO,BARRA DO OURO,3,2025,DOU,4667,2,0,0,0,0,0,0,0,0,0,0,0,7000,149.98
04/2026,1,NORTE,N,17,TOCANTINS,TOCANTINS,TO,170310,BARROLANDIA,BARROLÂNDIA,2,2025,DOU,4890,3,0,0,0,0,0,0,0,0,0,0,0,10500,214.72
04/2026,1,NORTE,N,17,TOCANTINS,TOCANTINS,TO,170320,BERNARDO SAYAO,BERNARDO SAYÃO,3,2025,DOU,4307,2,0,0,0,0,0,0,0,0,0,0,0,7000,162.52
04/2026,1,NORTE,N,17,TOCANTINS,TOCANTINS,TO,170330,BOM JESUS DO TOCANTINS,BOM JESUS DO TOCANTINS,4,2025,DOU,4201,3,0,0,0,0,0,0,0,0,0,0,0,10500,249.94
04/2026,1,NORTE,N,17,TOCANTINS,TOCANTINS,TO,170360,BRASILANDIA DO TOCANTINS,BRASILÂNDIA DO TOCANTINS,3,2025,DOU,2013,1,0,0,0,0,0,0,0,0,0,0,0,3500,173.86
04/2026,1,NORTE,N,17,TOCANTINS,TOCANTINS,TO,170370,BREJINHO DE NAZARE,BREJINHO DE NAZARÉ,3,2025,DOU,4774,3,0,0,0,0,0,0,0,0,0,0,0,10500,219.94
04/2026,1,NORTE,N,17,TOCANTINS,TOCANTINS,TO,170380,BURITI DO TOCANTINS,BURITI DO TOCANTINS,2,2025,DOU,10696,6,0,0,0,0,0,0,0,0,0,0,0,21000,196.33
04/2026,1,NORTE,N,17,TOCANTINS,TOCANTINS,TO,170382,CACHOEIRINHA,CACHOEIRINHA,3,2025,DOU,1982,1,0,0,0,0,0,0,0,0,0,0,0,3500,176.58
04/2026,1,NORTE,N,17,TOCANTINS,TOCANTINS,TO,170384,CAMPOS LINDOS,CAMPOS LINDOS,5,2025,DOU,8990,3,1,1,0,0,0,0,0,0,0,0,0,14875,165.46
04/2026,1,NORTE,N,17,TOCANTINS,TOCANTINS,TO,170386,CARIRI DO TOCANTINS,CARIRI DO TOCANTINS,3,2025,DOU,4166,2,0,0,0,0,0,0,1,288,0,0,288,7288,174.93
04/2026,1,NORTE,N,17,TOCANTINS,TOCANTINS,TO,170388,CARMOLANDIA,CARMOLÂNDIA,3,2025,DOU,2242,1,0,0,0,0,0,0,0,0,0,0,0,3500,156.11
04/2026,1,NORTE,N,17,TOCANTINS,TOCANTINS,TO,170389,CARRASCO BONITO,CARRASCO BONITO,5,2025,DOU,3344,2,0,0,0,0,0,0,0,0,0,0,0,7000,209.33
04/2026,1,NORTE,N,17,TOCANTINS,TOCANTINS,TO,170390,CASEARA,CASEARA,5,2025,DOU,5028,3,0,0,0,0,0,0,0,0,0,0,0,10500,208.83
04/2026,1,NORTE,N,17,TOCANTINS,TOCANTINS,TO,170410,CENTENARIO,CENTENÁRIO,5,2025,DOU,2111,1,0,0,0,0,0,0,0,0,0,0,0,3500,165.79
04/2026,1,NORTE,N,17,TOCANTINS,TOCANTINS,TO,170510,CHAPADA DA NATIVIDADE,CHAPADA DA NATIVIDADE,5,2025,DOU,3176,2,0,0,0,0,0,0,0,0,0,0,0,7000,220.4
04/2026,1,NORTE,N,17,TOCANTINS,TOCANTINS,TO,170460,CHAPADA DE AREIA,CHAPADA DE AREIA,3,2025,DOU,1574,1,0,0,0,0,0,0,0,0,0,0,0,3500,222.36
04/2026,1,NORTE,N,17,TOCANTINS,TOCANTINS,TO,170550,COLINAS DO TOCANTINS,COLINAS DO TOCANTINS,1,2025,DOU,36209,17,0,0,0,0,0,0,0,0,0,0,0,59500,164.32
04/2026,1,NORTE,N,17,TOCANTINS,TOCANTINS,TO,171670,COLMEIA,COLMÉIA,5,2025,DOU,9155,4,0,0,0,0,0,0,0,0,0,0,0,14000,152.92
04/2026,1,NORTE,N,17,TOCANTINS,TOCANTINS,TO,170555,COMBINADO,COMBINADO,4,2025,DOU,4906,2,0,0,0,0,0,0,0,0,0,0,0,7000,142.68
04/2026,1,NORTE,N,17,TOCANTINS,TOCANTINS,TO,170560,CONCEICAO DO TOCANTINS,CONCEIÇÃO DO TOCANTINS,5,2025,DOU,3942,2,0,0,0,0,0,0,0,0,0,0,0,7000,177.57
04/2026,1,NORTE,N,17,TOCANTINS,TOCANTINS,TO,170600,COUTO MAGALHAES,COUTO MAGALHÃES,5,2025,DOU,5540,2,0,2,0,0,0,0,0,0,0,0,0,10500,189.53
04/2026,1,NORTE,N,17,TOCANTINS,TOCANTINS,TO,170610,CRISTALANDIA,CRISTALÂNDIA,3,2025,DOU,6392,3,0,0,0,0,0,0,0,0,0,0,0,10500,164.26
04/2026,1,NORTE,N,17,TOCANTINS,TOCANTINS,TO,170625,CRIXAS DO TOCANTINS,CRIXÁS DO TOCANTINS,3,2025,DOU,1494,1,0,0,0,0,0,0,0,0,0,0,0,3500,234.27
04/2026,1,NORTE,N,17,TOCANTINS,TOCANTINS,TO,170650,DARCINOPOLIS,DARCINÓPOLIS,3,2025,DOU,6093,3,0,0,0,0,0,0,0,0,0,0,0,10500,172.32
04/2026,1,NORTE,N,17,TOCANTINS,TOCANTINS,TO,170700,DIANOPOLIS,DIANÓPOLIS,1,2025,DOU,17966,7,0,2,0,0,0,0,1,12,0,0,12,28012,155.91
04/2026,1,NORTE,N,17,TOCANTINS,TOCANTINS,TO,170710,DIVINOPOLIS DO TOCANTINS,DIVINÓPOLIS DO TOCANTINS,5,2025,DOU,7343,3,0,0,0,0,0,0,0,0,0,0,0,10500,142.99
04/2026,1,NORTE,N,17,TOCANTINS,TOCANTINS,TO,170720,DOIS IRMAOS DO TOCANTINS,DOIS IRMÃOS DO TOCANTINS,5,2025,DOU,6352,4,0,0,0,0,0,0,0,0,0,0,0,14000,220.4
04/2026,1,NORTE,N,17,TOCANTINS,TOCANTINS,TO,170730,DUERE,DUERÉ,3,2025,DOU,4304,2,0,0,0,0,0,0,0,0,0,0,0,7000,162.63
04/2026,1,NORTE,N,17,TOCANTINS,TOCANTINS,TO,170740,ESPERANTINA,ESPERANTINA,3,2025,DOU,7385,5,0,0,0,0,0,0,0,0,0,0,0,17500,236.96
04/2026,1,NORTE,N,17,TOCANTINS,TOCANTINS,TO,170755,FATIMA,FÁTIMA,3,2025,DOU,3503,2,0,0,0,0,0,0,0,0,0,0,0,7000,199.82
04/2026,1,NORTE,N,17,TOCANTINS,TOCANTINS,TO,170765,FIGUEIROPOLIS,FIGUEIRÓPOLIS,3,2025,DOU,5334,2,0,0,0,0,0,0,0,0,0,0,0,7000,131.23
04/2026,1,NORTE,N,17,TOCANTINS,TOCANTINS,TO,170770,FILADELFIA,FILADÉLFIA,2,2025,DOU,7784,4,0,0,0,0,0,0,0,0,0,0,0,14000,179.85
04/2026,1,NORTE,N,17,TOCANTINS,TOCANTINS,TO,170820,FORMOSO DO ARAGUAIA,FORMOSO DO ARAGUAIA,2,2025,DOU,19473,8,0,0,0,0,0,0,0,0,0,0,0,28000,143.78
04/2026,1,NORTE,N,17,TOCANTINS,TOCANTINS,TO,170830,GOIANORTE,GOIANORTE,5,2025,DOU,4832,3,0,0,0,0,0,0,0,0,0,0,0,10500,217.3
04/2026,1,NORTE,N,17,TOCANTINS,TOCANTINS,TO,170900,GOIATINS,GOIATINS,3,2025,DOU,12851,6,0,0,0,0,0,0,0,0,0,0,0,21000,163.41
04/2026,1,NORTE,N,17,TOCANTINS,TOCANTINS,TO,170930,GUARAI,GUARAÍ,1,2025,DOU,25831,10,0,0,0,0,0,0,0,0,0,0,0,35000,135.49
04/2026,1,NORTE,N,17,TOCANTINS,TOCANTINS,TO,170950,GURUPI,GURUPI,1,2025,DOU,90209,35,0,0,0,0,0,0,0,0,0,0,0,122500,135.79
04/2026,1,NORTE,N,17,TOCANTINS,TOCANTINS,TO,170980,IPUEIRAS,IPUEIRAS,3,2025,DOU,1626,1,0,0,0,0,0,0,0,0,0,0,0,3500,215.25
04/2026,1,NORTE,N,17,TOCANTINS,TOCANTINS,TO,171050,ITACAJA,ITACAJÁ,5,2025,DOU,6959,4,0,0,0,0,0,0,0,0,0,0,0,14000,201.17
04/2026,1,NORTE,N,17,TOCANTINS,TOCANTINS,TO,171070,ITAGUATINS,ITAGUATINS,3,2025,DOU,5160,3,0,0,0,0,0,0,0,0,0,0,0,10500,203.48
04/2026,1,NORTE,N,17,TOCANTINS,TOCANTINS,TO,171090,ITAPIRATINS,ITAPIRATINS,3,2025,DOU,3685,2,0,0,0,0,0,0,0,0,0,0,0,7000,189.95
04/2026,1,NORTE,N,17,TOCANTINS,TOCANTINS,TO,171110,ITAPORA DO TOCANTINS,ITAPORÃ DO TOCANTINS,3,2025,DOU,2464,1,0,0,0,0,0,0,0,0,0,0,0,3500,142.04
04/2026,1,NORTE,N,17,TOCANTINS,TOCANTINS,TO,171150,JAU DO TOCANTINS,JAÚ DO TOCANTINS,5,2025,DOU,3396,2,0,0,0,0,0,0,0,0,0,0,0,7000,206.12
04/2026,1,NORTE,N,17,TOCANTINS,TOCANTINS,TO,171180,JUARINA,JUARINA,5,2025,DOU,2308,1,0,0,0,0,0,0,0,0,0,0,0,3500,151.64
04/2026,1,NORTE,N,17,TOCANTINS,TOCANTINS,TO,171190,LAGOA DA CONFUSAO,LAGOA DA CONFUSÃO,5,2025,DOU,16629,5,0,0,0,0,0,0,0,0,0,0,0,17500,105.23
04/2026,1,NORTE,N,17,TOCANTINS,TOCANTINS,TO,171195,LAGOA DO TOCANTINS,LAGOA DO TOCANTINS,3,2025,DOU,3613,2,0,0,0,0,0,0,0,0,0,0,0,7000,193.74
04/2026,1,NORTE,N,17,TOCANTINS,TOCANTINS,TO,171200,LAJEADO,LAJEADO,3,2025,DOU,3559,2,0,0,0,0,0,0,0,0,0,0,0,7000,196.68
04/2026,1,NORTE,N,17,TOCANTINS,TOCANTINS,TO,171215,LAVANDEIRA,LAVANDEIRA,5,2025,DOU,1676,1,0,0,0,0,0,0,0,0,0,0,0,3500,208.83
04/2026,1,NORTE,N,17,TOCANTINS,TOCANTINS,TO,171240,LIZARDA,LIZARDA,5,2025,DOU,2950,2,0,0,0,0,0,0,0,0,0,0,0,7000,237.28
04/2026,1,NORTE,N,17,TOCANTINS,TOCANTINS,TO,171245,LUZINOPOLIS,LUZINÓPOLIS,3,2025,DOU,2811,2,0,0,0,0,0,0,0,0,0,0,0,7000,249.02
04/2026,1,NORTE,N,17,TOCANTINS,TOCANTINS,TO,171250,MARIANOPOLIS DO TOCANTINS,MARIANÓPOLIS DO TOCANTINS,3,2025,DOU,4793,3,0,0,0,0,0,0,0,0,0,0,0,10500,219.06
04/2026,1,NORTE,N,17,TOCANTINS,TOCANTINS,TO,171270,MATEIROS,MATEIROS,5,2025,DOU,2922,1,0,0,0,0,0,0,0,0,0,0,0,3500,119.78
04/2026,1,NORTE,N,17,TOCANTINS,TOCANTINS,TO,171280,MAURILANDIA DO TOCANTINS,MAURILÂNDIA DO TOCANTINS,3,2025,DOU,3171,2,0,0,0,0,0,0,0,0,0,0,0,7000,220.75
04/2026,1,NORTE,N,17,TOCANTINS,TOCANTINS,TO,171320,MIRACEMA DO TOCANTINS,MIRACEMA DO TOCANTINS,2,2025,DOU,18679,8,0,0,0,0,0,0,0,0,0,0,0,28000,149.9
04/2026,1,NORTE,N,17,TOCANTINS,TOCANTINS,TO,171330,MIRANORTE,MIRANORTE,1,2025,DOU,13073,4,0,0,0,0,0,0,0,0,0,0,0,14000,107.09
04/2026,1,NORTE,N,17,TOCANTINS,TOCANTINS,TO,171360,MONTE DO CARMO,MONTE DO CARMO,3,2025,DOU,5667,4,0,0,0,0,0,0,0,0,0,0,0,14000,247.04
04/2026,1,NORTE,N,17,TOCANTINS,TOCANTINS,TO,171370,MONTE SANTO DO TOCANTINS,MONTE SANTO DO TOCANTINS,3,2025,DOU,2521,1,0,0,0,0,0,0,0,0,0,0,0,3500,138.83
04/2026,1,NORTE,N,17,TOCANTINS,TOCANTINS,TO,171395,MURICILANDIA,MURICILÂNDIA,3,2025,DOU,3501,2,0,0,0,0,0,0,0,0,0,0,0,7000,199.94
04/2026,1,NORTE,N,17,TOCANTINS,TOCANTINS,TO,171420,NATIVIDADE,NATIVIDADE,5,2025,DOU,8956,5,0,0,0,0,0,0,0,0,0,0,0,17500,195.39
04/2026,1,NORTE,N,17,TOCANTINS,TOCANTINS,TO,171430,NAZARE,NAZARÉ,3,2025,DOU,4672,2,0,0,0,0,0,0,0,0,0,0,0,7000,149.82
04/2026,1,NORTE,N,17,TOCANTINS,TOCANTINS,TO,171488,NOVA OLINDA,NOVA OLINDA,3,2025,DOU,10600,4,0,0,0,0,0,0,0,0,0,0,0,14000,132.07
04/2026,1,NORTE,N,17,TOCANTINS,TOCANTINS,TO,171500,NOVA ROSALANDIA,NOVA ROSALÂNDIA,3,2025,DOU,3382,2,0,0,0,0,0,0,0,0,0,0,0,7000,206.97
04/2026,1,NORTE,N,17,TOCANTINS,TOCANTINS,TO,171510,NOVO ACORDO,NOVO ACORDO,3,2025,DOU,4118,2,0,0,0,0,0,0,0,0,0,0,0,7000,169.98
04/2026,1,NORTE,N,17,TOCANTINS,TOCANTINS,TO,171515,NOVO ALEGRE,NOVO ALEGRE,5,2025,DOU,1817,1,0,0,0,0,0,0,0,0,0,0,0,3500,192.62
04/2026,1,NORTE,N,17,TOCANTINS,TOCANTINS,TO,171525,NOVO JARDIM,NOVO JARDIM,5,2025,DOU,2251,1,0,0,0,0,0,0,0,0,0,0,0,3500,155.48
04/2026,1,NORTE,N,17,TOCANTINS,TOCANTINS,TO,171550,OLIVEIRA DE FATIMA,OLIVEIRA DE FÁTIMA,3,2025,DOU,1220,1,0,0,0,0,0,0,0,0,0,0,0,3500,286.88
04/2026,1,NORTE,N,17,TOCANTINS,TOCANTINS,TO,172100,PALMAS,PALMAS,1,2025,DOU,328499,85,1,0,0,0,1,193,1,1124,0,0,1317,301442,91.76
04/2026,1,NORTE,N,17,TOCANTINS,TOCANTINS,TO,171570,PALMEIRANTE,PALMEIRANTE,3,2025,DOU,4905,2,2,0,0,0,0,0,0,0,0,0,0,12250,249.74
04/2026,1,NORTE,N,17,TOCANTINS,TOCANTINS,TO,171380,PALMEIRAS DO TOCANTINS,PALMEIRAS DO TOCANTINS,3,2025,DOU,4850,3,0,0,0,0,0,0,0,0,0,0,0,10500,216.49
04/2026,1,NORTE,N,17,TOCANTINS,TOCANTINS,TO,171575,PALMEIROPOLIS,PALMEIRÓPOLIS,5,2025,DOU,7104,4,0,0,0,0,0,0,0,0,0,0,0,14000,197.07
04/2026,1,NORTE,N,17,TOCANTINS,TOCANTINS,TO,171610,PARAISO DO TOCANTINS,PARAÍSO DO TOCANTINS,1,2025,DOU,55704,17,0,0,0,0,0,0,1,332,0,0,332,59832,107.41
04/2026,1,NORTE,N,17,TOCANTINS,TOCANTINS,TO,171620,PARANA,PARANÃ,5,2025,DOU,10877,4,0,0,0,0,0,0,0,0,0,0,0,14000,128.71
04/2026,1,NORTE,N,17,TOCANTINS,TOCANTINS,TO,171630,PAU D'ARCO,PAU D'ARCO,3,2025,DOU,4057,2,0,0,0,0,0,0,0,0,0,0,0,7000,172.54
04/2026,1,NORTE,N,17,TOCANTINS,TOCANTINS,TO,171650,PEDRO AFONSO,PEDRO AFONSO,4,2025,DOU,14895,7,0,0,0,0,0,0,0,0,0,0,0,24500,164.48
04/2026,1,NORTE,N,17,TOCANTINS,TOCANTINS,TO,171660,PEIXE,PEIXE,3,2025,DOU,9384,6,0,0,0,0,0,0,0,0,0,0,0,21000,223.78
04/2026,1,NORTE,N,17,TOCANTINS,TOCANTINS,TO,171665,PEQUIZEIRO,PEQUIZEIRO,5,2025,DOU,5035,3,0,0,0,0,0,0,0,0,0,0,0,10500,208.54
04/2026,1,NORTE,N,17,TOCANTINS,TOCANTINS,TO,171700,PINDORAMA DO TOCANTINS,PINDORAMA DO TOCANTINS,5,2025,DOU,4599,2,0,0,0,0,0,0,0,0,0,0,0,7000,152.2
04/2026,1,NORTE,N,17,TOCANTINS,TOCANTINS,TO,171720,PIRAQUE,PIRAQUÊ,3,2025,DOU,2229,1,1,0,0,0,0,0,0,0,0,0,0,6125,274.78
04/2026,1,NORTE,N,17,TOCANTINS,TOCANTINS,TO,171750,PIUM,PIUM,3,2025,DOU,7408,4,0,0,0,0,0,0,0,0,0,0,0,14000,188.98
04/2026,1,NORTE,N,17,TOCANTINS,TOCANTINS,TO,171780,PONTE ALTA DO BOM JESUS,PONTE ALTA DO BOM JESUS,5,2025,DOU,4280,2,0,0,0,0,0,0,0,0,0,0,0,7000,163.55
04/2026,1,NORTE,N,17,TOCANTINS,TOCANTINS,TO,171790,PONTE ALTA DO TOCANTINS,PONTE ALTA DO TOCANTINS,3,2025,DOU,7874,4,0,0,0,0,0,0,0,0,0,0,0,14000,177.8
04/2026,1,NORTE,N,17,TOCANTINS,TOCANTINS,TO,171800,PORTO ALEGRE DO TOCANTINS,PORTO ALEGRE DO TOCANTINS,5,2025,DOU,2960,1,0,0,0,0,0,0,0,0,0,0,0,3500,118.24
04/2026,1,NORTE,N,17,TOCANTINS,TOCANTINS,TO,171820,PORTO NACIONAL,PORTO NACIONAL,1,2025,DOU,69551,24,0,0,0,0,0,0,0,0,0,0,0,84000,120.77
04/2026,1,NORTE,N,17,TOCANTINS,TOCANTINS,TO,171830,PRAIA NORTE,PRAIA NORTE,3,2025,DOU,9552,4,0,0,0,0,0,0,0,0,0,0,0,14000,146.56
04/2026,1,NORTE,N,17,TOCANTINS,TOCANTINS,TO,171840,PRESIDENTE KENNEDY,PRESIDENTE KENNEDY,3,2025,DOU,3016,2,0,0,0,0,0,0,0,0,0,0,0,7000,232.09
04/2026,1,NORTE,N,17,TOCANTINS,TOCANTINS,TO,171845,PUGMIL,PUGMIL,3,2025,DOU,2223,1,0,0,0,0,0,0,0,0,0,0,0,3500,157.44
04/2026,1,NORTE,N,17,TOCANTINS,TOCANTINS,TO,171850,RECURSOLANDIA,RECURSOLÂNDIA,5,2025,DOU,3454,2,0,0,0,0,0,0,0,0,0,0,0,7000,202.66
04/2026,1,NORTE,N,17,TOCANTINS,TOCANTINS,TO,171855,RIACHINHO,RIACHINHO,3,2025,DOU,4029,2,0,0,0,0,0,0,0,0,0,0,0,7000,173.74
04/2026,1,NORTE,N,17,TOCANTINS,TOCANTINS,TO,171865,RIO DA CONCEICAO,RIO DA CONCEIÇÃO,5,2025,DOU,1827,1,0,0,0,0,0,0,0,0,0,0,0,3500,191.57
04/2026,1,NORTE,N,17,TOCANTINS,TOCANTINS,TO,171870,RIO DOS BOIS,RIO DOS BOIS,3,2025,DOU,2845,1,0,0,0,0,0,0,0,0,0,0,0,3500,123.02
04/2026,1,NORTE,N,17,TOCANTINS,TOCANTINS,TO,171875,RIO SONO,RIO SONO,3,2025,DOU,4718,3,0,0,0,0,0,0,0,0,0,0,0,10500,222.55
04/2026,1,NORTE,N,17,TOCANTINS,TOCANTINS,TO,171880,SAMPAIO,SAMPAIO,2,2025,DOU,4397,2,0,0,0,0,0,0,0,0,0,0,0,7000,159.19
04/2026,1,NORTE,N,17,TOCANTINS,TOCANTINS,TO,171884,SANDOLANDIA,SANDOLÂNDIA,5,2025,DOU,3900,2,0,0,0,0,0,0,0,0,0,0,0,7000,179.48
04/2026,1,NORTE,N,17,TOCANTINS,TOCANTINS,TO,171886,SANTA FE DO ARAGUAIA,SANTA FÉ DO ARAGUAIA,3,2025,DOU,7533,4,0,0,0,0,0,0,0,0,0,0,0,14000,185.84
04/2026,1,NORTE,N,17,TOCANTINS,TOCANTINS,TO,171889,SANTA RITA DO TOCANTINS,SANTA RITA DO TOCANTINS,3,2025,DOU,2299,1,0,0,0,0,0,0,0,0,0,0,0,3500,152.24
04/2026,1,NORTE,N,17,TOCANTINS,TOCANTINS,TO,171890,SANTA ROSA DO TOCANTINS,SANTA ROSA DO TOCANTINS,3,2025,DOU,4799,2,0,0,0,0,0,0,0,0,0,0,0,7000,145.86
04/2026,1,NORTE,N,17,TOCANTINS,TOCANTINS,TO,171900,SANTA TEREZA DO TOCANTINS,SANTA TEREZA DO TOCANTINS,3,2025,DOU,2907,1,0,0,0,0,0,0,0,0,0,0,0,3500,120.39
04/2026,1,NORTE,N,17,TOCANTINS,TOCANTINS,TO,172000,SANTA TEREZINHA DO TOCANTINS,SANTA TEREZINHA DO TOCANTINS,3,2025,DOU,2461,1,0,0,0,0,0,0,0,0,0,0,0,3500,142.21
04/2026,1,NORTE,N,17,TOCANTINS,TOCANTINS,TO,172010,SAO BENTO DO TOCANTINS,SÃO BENTO DO TOCANTINS,3,2025,DOU,6004,3,0,0,0,0,0,0,0,0,0,0,0,10500,174.88
04/2026,1,NORTE,N,17,TOCANTINS,TOCANTINS,TO,172015,SAO FELIX DO TOCANTINS,SÃO FÉLIX DO TOCANTINS,5,2025,DOU,1897,1,0,0,0,0,0,0,0,0,0,0,0,3500,184.5
04/2026,1,NORTE,N,17,TOCANTINS,TOCANTINS,TO,172020,SAO MIGUEL DO TOCANTINS,SÃO MIGUEL DO TOCANTINS,3,2025,DOU,14116,6,1,0,0,0,0,0,0,0,0,0,0,23625,167.36
04/2026,1,NORTE,N,17,TOCANTINS,TOCANTINS,TO,172025,SAO SALVADOR DO TOCANTINS,SÃO SALVADOR DO TOCANTINS,5,2025,DOU,2356,2,0,0,0,0,0,0,0,0,0,0,0,7000,297.11
04/2026,1,NORTE,N,17,TOCANTINS,TOCANTINS,TO,172030,SAO SEBASTIAO DO TOCANTINS,SÃO SEBASTIÃO DO TOCANTINS,3,2025,DOU,4182,2,0,0,0,0,0,0,0,0,0,0,0,7000,167.38
04/2026,1,NORTE,N,17,TOCANTINS,TOCANTINS,TO,172049,SAO VALERIO,SÃO VALÉRIO,3,2025,DOU,4554,2,0,0,0,0,0,0,0,0,0,0,0,7000,153.71
04/2026,1,NORTE,N,17,TOCANTINS,TOCANTINS,TO,172065,SILVANOPOLIS,SILVANÓPOLIS,3,2025,DOU,5259,3,0,0,0,0,0,0,0,0,0,0,0,10500,199.65
04/2026,1,NORTE,N,17,TOCANTINS,TOCANTINS,TO,172080,SITIO NOVO DO TOCANTINS,SÍTIO NOVO DO TOCANTINS,3,2025,DOU,11446,5,0,0,0,0,0,0,0,0,0,0,0,17500,152.89
04/2026,1,NORTE,N,17,TOCANTINS,TOCANTINS,TO,172085,SUCUPIRA,SUCUPIRA,3,2025,DOU,1591,1,0,0,0,0,0,0,0,0,0,0,0,3500,219.98
04/2026,1,NORTE,N,17,TOCANTINS,TOCANTINS,TO,170825,TABOCAO,TABOCÃO,3,2025,DOU,3741,1,0,0,0,0,0,0,0,0,0,0,0,3500,93.55
04/2026,1,NORTE,N,17,TOCANTINS,TOCANTINS,TO,172090,TAGUATINGA,TAGUATINGA,5,2025,DOU,14199,5,0,0,0,0,0,0,0,0,0,0,0,17500,123.24
04/2026,1,NORTE,N,17,TOCANTINS,TOCANTINS,TO,172093,TAIPAS DO TOCANTINS,TAIPAS DO TOCANTINS,5,2025,DOU,2092,1,0,0,0,0,0,0,0,0,0,0,0,3500,167.3
04/2026,1,NORTE,N,17,TOCANTINS,TOCANTINS,TO,172097,TALISMA,TALISMÃ,3,2025,DOU,2505,1,0,0,0,0,0,0,0,0,0,0,0,3500,139.72
04/2026,1,NORTE,N,17,TOCANTINS,TOCANTINS,TO,172110,TOCANTINIA,TOCANTÍNIA,2,2025,DOU,7802,3,0,0,0,0,0,0,0,0,0,0,0,10500,134.58
04/2026,1,NORTE,N,17,TOCANTINS,TOCANTINS,TO,172120,TOCANTINOPOLIS,TOCANTINÓPOLIS,1,2025,DOU,23225,10,0,0,0,0,0,0,0,0,0,0,0,35000,150.69
04/2026,1,NORTE,N,17,TOCANTINS,TOCANTINS,TO,172125,TUPIRAMA,TUPIRAMA,4,2025,DOU,2024,1,0,0,0,0,0,0,0,0,0,0,0,3500,172.92
04/2026,1,NORTE,N,17,TOCANTINS,TOCANTINS,TO,172130,TUPIRATINS,TUPIRATINS,3,2025,DOU,1886,1,0,0,0,0,0,0,0,0,0,0,0,3500,185.57
04/2026,1,NORTE,N,17,TOCANTINS,TOCANTINS,TO,172208,WANDERLANDIA,WANDERLÂNDIA,3,2025,DOU,10734,5,0,0,0,0,0,0,0,0,0,0,0,17500,163.03
04/2026,1,NORTE,N,17,TOCANTINS,TOCANTINS,TO,172210,XAMBIOA,XAMBIOÁ,2,2025,DOU,10636,5,0,0,0,0,0,0,0,0,0,0,0,17500,164.53
